scenario_id,baseline_target_id,candidate_present,internally_stable,scenario_target_id,total_score,rank,rank_percentile,centroid_shift_m,geometry_coverage,stable_geometry_coverage,geometry_present_25,geometry_present_50,stable_geometry_present_25
baseline,T001,True,False,T001,0.4789502917909561,35.0,0.575,0.0,1.0,0.0,True,True,False
baseline,T002,True,True,T002,0.5332391142534804,6.0,0.9375,0.0,1.0,1.0,True,True,True
baseline,T003,True,True,T003,0.525313392090076,9.0,0.9,0.0,1.0,1.0,True,True,True
baseline,T004,True,False,T004,0.4432701702505778,75.0,0.07499999999999996,0.0,1.0,0.0,True,True,False
baseline,T005,True,False,T005,0.4503711593573635,64.0,0.21250000000000002,0.0,1.0,0.0,True,True,False
baseline,T006,True,False,T006,0.4386850326879995,81.0,0.0,0.0,1.0,0.0,True,True,False
baseline,T007,True,False,T007,0.4632120997826603,47.0,0.42500000000000004,0.0,1.0,0.0,True,True,False
baseline,T008,True,False,T008,0.4574681742039177,57.0,0.30000000000000004,0.0,1.0,0.0,True,True,False
baseline,T009,True,False,T009,0.4558944792691649,59.0,0.275,0.0,1.0,0.0,True,True,False
baseline,T010,True,False,T010,0.4814907554033736,33.0,0.6,0.0,1.0,0.0,True,True,False
baseline,T011,True,False,T011,0.4704675423276167,41.0,0.5,0.0,1.0,0.0,True,True,False
baseline,T012,True,False,T012,0.4612480862652602,52.0,0.36250000000000004,0.0,1.0,0.0,True,True,False
baseline,T013,True,False,T013,0.4690232011740179,42.0,0.48750000000000004,0.0,1.0,0.0,True,True,False
baseline,T014,True,False,T014,0.4458121203915906,71.0,0.125,0.0,1.0,0.0,True,True,False
baseline,T015,True,False,T015,0.473695865723631,40.0,0.5125,0.0,1.0,0.0,True,True,False
baseline,T016,True,False,T016,0.4427419402137525,76.0,0.0625,0.0,1.0,0.0,True,True,False
baseline,T017,True,False,T017,0.44180546879842,78.0,0.03749999999999998,0.0,1.0,0.0,True,True,False
baseline,T018,True,True,T018,0.5037460287574079,18.0,0.7875,0.0,1.0,1.0,True,True,True
baseline,T019,True,False,T019,0.4589598166192085,56.0,0.3125,0.0,1.0,0.0,True,True,False
baseline,T020,True,False,T020,0.4625632816411688,48.0,0.4125,0.0,1.0,0.0,True,True,False
baseline,T021,True,False,T021,0.4657184883575986,45.0,0.44999999999999996,0.0,1.0,0.0,True,True,False
baseline,T022,True,False,T022,0.4434370877585274,74.0,0.08750000000000002,0.0,1.0,0.0,True,True,False
baseline,T023,True,False,T023,0.4854816711913849,28.0,0.6625,0.0,1.0,0.0,True,True,False
baseline,T024,True,False,T024,0.4486708553824126,66.0,0.1875,0.0,1.0,0.0,True,True,False
baseline,T025,True,False,T025,0.4975064127740858,21.0,0.75,0.0,1.0,0.0,True,True,False
baseline,T026,True,False,T026,0.4658482584622155,44.0,0.4625,0.0,1.0,0.0,True,True,False
baseline,T027,True,False,T027,0.4424827631126301,77.0,0.050000000000000044,0.0,1.0,0.0,True,True,False
baseline,T028,True,False,T028,0.4518010785681904,63.0,0.22499999999999998,0.0,1.0,0.0,True,True,False
baseline,T029,True,False,T029,0.4593694302789482,54.0,0.3375,0.0,1.0,0.0,True,True,False
baseline,T030,True,False,T030,0.4796737119263844,34.0,0.5875,0.0,1.0,0.0,True,True,False
baseline,T031,True,False,T031,0.4621566421262938,49.0,0.4,0.0,1.0,0.0,True,True,False
baseline,T032,True,True,T032,0.5376241091289862,5.0,0.95,0.0,1.0,1.0,True,True,True
baseline,T033,True,False,T033,0.5103366945775107,17.0,0.8,0.0,1.0,0.0,True,True,False
baseline,T034,True,False,T034,0.494720620105632,22.0,0.7375,0.0,1.0,0.0,True,True,False
baseline,T035,True,False,T035,0.4880709665243965,27.0,0.675,0.0,1.0,0.0,True,True,False
baseline,T036,True,False,T036,0.4455201239414179,72.0,0.11250000000000004,0.0,1.0,0.0,True,True,False
baseline,T037,True,False,T037,0.4403037419542187,80.0,0.012499999999999956,0.0,1.0,0.0,True,True,False
baseline,T038,True,False,T038,0.4903312544698785,23.0,0.725,0.0,1.0,0.0,True,True,False
baseline,T039,True,True,T039,0.5182661236830615,13.0,0.85,0.0,1.0,1.0,True,True,True
baseline,T040,True,False,T040,0.4887662303159955,26.0,0.6875,0.0,1.0,0.0,True,True,False
baseline,T041,True,False,T041,0.4617116781255723,51.0,0.375,0.0,1.0,0.0,True,True,False
baseline,T042,True,True,T042,0.5304148449409158,8.0,0.9125,0.0,1.0,1.0,True,True,True
baseline,T043,True,False,T043,0.4571475060222483,58.0,0.2875,0.0,1.0,0.0,True,True,False
baseline,T044,True,False,T044,0.4453375699831221,73.0,0.09999999999999998,0.0,1.0,0.0,True,True,False
baseline,T045,True,True,T045,0.514262097832801,15.0,0.825,0.0,1.0,1.0,True,True,True
baseline,T046,True,False,T046,0.4824774251549964,32.0,0.6125,0.0,1.0,0.0,True,True,False
baseline,T047,True,True,T047,0.5106483166330199,16.0,0.8125,0.0,1.0,1.0,True,True,True
baseline,T048,True,False,T048,0.4480758958602744,67.0,0.17500000000000004,0.0,1.0,0.0,True,True,False
baseline,T049,True,True,T049,0.5487129577207815,1.0,1.0,0.0,1.0,1.0,True,True,True
baseline,T050,True,False,T050,0.4591167488160987,55.0,0.32499999999999996,0.0,1.0,0.0,True,True,False
baseline,T051,True,True,T051,0.5226166102948395,10.0,0.8875,0.0,1.0,1.0,True,True,True
baseline,T052,True,True,T052,0.5220964335157148,11.0,0.875,0.0,1.0,1.0,True,True,True
baseline,T053,True,False,T053,0.4497405040881664,65.0,0.19999999999999996,0.0,1.0,0.0,True,True,False
baseline,T054,True,False,T054,0.4461531321279642,70.0,0.13749999999999996,0.0,1.0,0.0,True,True,False
baseline,T055,True,False,T055,0.4828899047501436,30.0,0.6375,0.0,1.0,0.0,True,True,False
baseline,T056,True,False,T056,0.5005330819755696,20.0,0.7625,0.0,1.0,0.0,True,True,False
baseline,T057,True,True,T057,0.5320728798239,7.0,0.925,0.0,1.0,1.0,True,True,True
baseline,T058,True,False,T058,0.4415393056829348,79.0,0.025000000000000022,0.0,1.0,0.0,True,True,False
baseline,T059,True,False,T059,0.4842844538409096,29.0,0.65,0.0,1.0,0.0,True,True,False
baseline,T060,True,True,T060,0.501786179814638,19.0,0.775,0.0,1.0,1.0,True,True,True
baseline,T061,True,False,T061,0.4759674730669871,38.0,0.5375,0.0,1.0,0.0,True,True,False
baseline,T062,True,False,T062,0.4474656807342056,68.0,0.16249999999999998,0.0,1.0,0.0,True,True,False
baseline,T063,True,False,T063,0.4621005564019453,50.0,0.38749999999999996,0.0,1.0,0.0,True,True,False
baseline,T064,True,True,T064,0.5472932900986838,2.0,0.9875,0.0,1.0,1.0,True,True,True
baseline,T065,True,True,T065,0.5461567414472552,3.0,0.975,0.0,1.0,1.0,True,True,True
baseline,T066,True,False,T066,0.4893443669694519,25.0,0.7,0.0,1.0,0.0,True,True,False
baseline,T067,True,False,T067,0.4518850693697288,62.0,0.23750000000000004,0.0,1.0,0.0,True,True,False
baseline,T068,True,False,T068,0.4766652739099764,37.0,0.55,0.0,1.0,0.0,True,True,False
baseline,T069,True,False,T069,0.4552618626310148,60.0,0.26249999999999996,0.0,1.0,0.0,True,True,False
baseline,T070,True,False,T070,0.4531279766547285,61.0,0.25,0.0,1.0,0.0,True,True,False
baseline,T071,True,True,T071,0.519928266066667,12.0,0.8625,0.0,1.0,1.0,True,True,True
baseline,T072,True,False,T072,0.4826944145582071,31.0,0.625,0.0,1.0,0.0,True,True,False
baseline,T073,True,False,T073,0.4784651114013848,36.0,0.5625,0.0,1.0,0.0,True,True,False
baseline,T074,True,False,T074,0.4462633538164318,69.0,0.15000000000000002,0.0,1.0,0.0,True,True,False
baseline,T075,True,True,T075,0.5147922546711318,14.0,0.8375,0.0,1.0,1.0,True,True,True
baseline,T076,True,False,T076,0.460222350558948,53.0,0.35,0.0,1.0,0.0,True,True,False
baseline,T077,True,True,T077,0.5385853577051826,4.0,0.9625,0.0,1.0,1.0,True,True,True
baseline,T078,True,False,T078,0.4759400698537117,39.0,0.525,0.0,1.0,0.0,True,True,False
baseline,T079,True,False,T079,0.489899129886864,24.0,0.7125,0.0,1.0,0.0,True,True,False
baseline,T080,True,False,T080,0.4665648597070382,43.0,0.475,0.0,1.0,0.0,True,True,False
baseline,T081,True,False,T081,0.4634073017706811,46.0,0.4375,0.0,1.0,0.0,True,True,False
adjacency_tight,T001,True,False,T001,0.4789502917909561,35.0,0.575,0.0,1.0,0.0,True,True,False
adjacency_tight,T002,True,True,T002,0.5332391142534804,6.0,0.9375,0.0,1.0,1.0,True,True,True
adjacency_tight,T003,True,True,T003,0.525313392090076,9.0,0.9,0.0,1.0,1.0,True,True,True
adjacency_tight,T004,True,False,T004,0.4432701702505778,75.0,0.07499999999999996,0.0,1.0,0.0,True,True,False
adjacency_tight,T005,True,False,T005,0.4503711593573635,64.0,0.21250000000000002,0.0,1.0,0.0,True,True,False
adjacency_tight,T006,True,False,T006,0.4386850326879995,81.0,0.0,0.0,1.0,0.0,True,True,False
adjacency_tight,T007,True,False,T007,0.4632120997826603,47.0,0.42500000000000004,0.0,1.0,0.0,True,True,False
adjacency_tight,T008,True,False,T008,0.4574681742039177,57.0,0.30000000000000004,0.0,1.0,0.0,True,True,False
adjacency_tight,T009,True,False,T009,0.4558944792691649,59.0,0.275,0.0,1.0,0.0,True,True,False
adjacency_tight,T010,True,False,T010,0.4814907554033736,33.0,0.6,0.0,1.0,0.0,True,True,False
adjacency_tight,T011,True,False,T011,0.4704675423276167,41.0,0.5,0.0,1.0,0.0,True,True,False
adjacency_tight,T012,True,False,T012,0.4612480862652602,52.0,0.36250000000000004,0.0,1.0,0.0,True,True,False
adjacency_tight,T013,True,False,T013,0.4690232011740179,42.0,0.48750000000000004,0.0,1.0,0.0,True,True,False
adjacency_tight,T014,True,False,T014,0.4458121203915906,71.0,0.125,0.0,1.0,0.0,True,True,False
adjacency_tight,T015,True,False,T015,0.473695865723631,40.0,0.5125,0.0,1.0,0.0,True,True,False
adjacency_tight,T016,True,False,T016,0.4427419402137525,76.0,0.0625,0.0,1.0,0.0,True,True,False
adjacency_tight,T017,True,False,T017,0.44180546879842,78.0,0.03749999999999998,0.0,1.0,0.0,True,True,False
adjacency_tight,T018,True,True,T018,0.5037460287574079,18.0,0.7875,0.0,1.0,1.0,True,True,True
adjacency_tight,T019,True,False,T019,0.4589598166192085,56.0,0.3125,0.0,1.0,0.0,True,True,False
adjacency_tight,T020,True,False,T020,0.4625632816411688,48.0,0.4125,0.0,1.0,0.0,True,True,False
adjacency_tight,T021,True,False,T021,0.4657184883575986,45.0,0.44999999999999996,0.0,1.0,0.0,True,True,False
adjacency_tight,T022,True,False,T022,0.4434370877585274,74.0,0.08750000000000002,0.0,1.0,0.0,True,True,False
adjacency_tight,T023,True,False,T023,0.4854816711913849,28.0,0.6625,0.0,1.0,0.0,True,True,False
adjacency_tight,T024,True,False,T024,0.4486708553824126,66.0,0.1875,0.0,1.0,0.0,True,True,False
adjacency_tight,T025,True,False,T025,0.4975064127740858,21.0,0.75,0.0,1.0,0.0,True,True,False
adjacency_tight,T026,True,False,T026,0.4658482584622155,44.0,0.4625,0.0,1.0,0.0,True,True,False
adjacency_tight,T027,True,False,T027,0.4424827631126301,77.0,0.050000000000000044,0.0,1.0,0.0,True,True,False
adjacency_tight,T028,True,False,T028,0.4518010785681904,63.0,0.22499999999999998,0.0,1.0,0.0,True,True,False
adjacency_tight,T029,True,False,T029,0.4593694302789482,54.0,0.3375,0.0,1.0,0.0,True,True,False
adjacency_tight,T030,True,False,T030,0.4796737119263844,34.0,0.5875,0.0,1.0,0.0,True,True,False
adjacency_tight,T031,True,False,T031,0.4621566421262938,49.0,0.4,0.0,1.0,0.0,True,True,False
adjacency_tight,T032,True,True,T032,0.5376241091289862,5.0,0.95,0.0,1.0,1.0,True,True,True
adjacency_tight,T033,True,False,T033,0.5103366945775107,17.0,0.8,0.0,1.0,0.0,True,True,False
adjacency_tight,T034,True,False,T034,0.494720620105632,22.0,0.7375,0.0,1.0,0.0,True,True,False
adjacency_tight,T035,True,False,T035,0.4880709665243965,27.0,0.675,0.0,1.0,0.0,True,True,False
adjacency_tight,T036,True,False,T036,0.4455201239414179,72.0,0.11250000000000004,0.0,1.0,0.0,True,True,False
adjacency_tight,T037,True,False,T037,0.4403037419542187,80.0,0.012499999999999956,0.0,1.0,0.0,True,True,False
adjacency_tight,T038,True,False,T038,0.4903312544698785,23.0,0.725,0.0,1.0,0.0,True,True,False
adjacency_tight,T039,True,True,T039,0.5182661236830615,13.0,0.85,0.0,1.0,1.0,True,True,True
adjacency_tight,T040,True,False,T040,0.4887662303159955,26.0,0.6875,0.0,1.0,0.0,True,True,False
adjacency_tight,T041,True,False,T041,0.4617116781255723,51.0,0.375,0.0,1.0,0.0,True,True,False
adjacency_tight,T042,True,True,T042,0.5304148449409158,8.0,0.9125,0.0,1.0,1.0,True,True,True
adjacency_tight,T043,True,False,T043,0.4571475060222483,58.0,0.2875,0.0,1.0,0.0,True,True,False
adjacency_tight,T044,True,False,T044,0.4453375699831221,73.0,0.09999999999999998,0.0,1.0,0.0,True,True,False
adjacency_tight,T045,True,True,T045,0.514262097832801,15.0,0.825,0.0,1.0,1.0,True,True,True
adjacency_tight,T046,True,False,T046,0.4824774251549964,32.0,0.6125,0.0,1.0,0.0,True,True,False
adjacency_tight,T047,True,True,T047,0.5106483166330199,16.0,0.8125,0.0,1.0,1.0,True,True,True
adjacency_tight,T048,True,False,T048,0.4480758958602744,67.0,0.17500000000000004,0.0,1.0,0.0,True,True,False
adjacency_tight,T049,True,True,T049,0.5487129577207815,1.0,1.0,0.0,1.0,1.0,True,True,True
adjacency_tight,T050,True,False,T050,0.4591167488160987,55.0,0.32499999999999996,0.0,1.0,0.0,True,True,False
adjacency_tight,T051,True,True,T051,0.5226166102948395,10.0,0.8875,0.0,1.0,1.0,True,True,True
adjacency_tight,T052,True,True,T052,0.5220964335157148,11.0,0.875,0.0,1.0,1.0,True,True,True
adjacency_tight,T053,True,False,T053,0.4497405040881664,65.0,0.19999999999999996,0.0,1.0,0.0,True,True,False
adjacency_tight,T054,True,False,T054,0.4461531321279642,70.0,0.13749999999999996,0.0,1.0,0.0,True,True,False
adjacency_tight,T055,True,False,T055,0.4828899047501436,30.0,0.6375,0.0,1.0,0.0,True,True,False
adjacency_tight,T056,True,False,T056,0.5005330819755696,20.0,0.7625,0.0,1.0,0.0,True,True,False
adjacency_tight,T057,True,True,T057,0.5320728798239,7.0,0.925,0.0,1.0,1.0,True,True,True
adjacency_tight,T058,True,False,T058,0.4415393056829348,79.0,0.025000000000000022,0.0,1.0,0.0,True,True,False
adjacency_tight,T059,True,False,T059,0.4842844538409096,29.0,0.65,0.0,1.0,0.0,True,True,False
adjacency_tight,T060,True,True,T060,0.501786179814638,19.0,0.775,0.0,1.0,1.0,True,True,True
adjacency_tight,T061,True,False,T061,0.4759674730669871,38.0,0.5375,0.0,1.0,0.0,True,True,False
adjacency_tight,T062,True,False,T062,0.4474656807342056,68.0,0.16249999999999998,0.0,1.0,0.0,True,True,False
adjacency_tight,T063,True,False,T063,0.4621005564019453,50.0,0.38749999999999996,0.0,1.0,0.0,True,True,False
adjacency_tight,T064,True,True,T064,0.5472932900986838,2.0,0.9875,0.0,1.0,1.0,True,True,True
adjacency_tight,T065,True,True,T065,0.5461567414472552,3.0,0.975,0.0,1.0,1.0,True,True,True
adjacency_tight,T066,True,False,T066,0.4893443669694519,25.0,0.7,0.0,1.0,0.0,True,True,False
adjacency_tight,T067,True,False,T067,0.4518850693697288,62.0,0.23750000000000004,0.0,1.0,0.0,True,True,False
adjacency_tight,T068,True,False,T068,0.4766652739099764,37.0,0.55,0.0,1.0,0.0,True,True,False
adjacency_tight,T069,True,False,T069,0.4552618626310148,60.0,0.26249999999999996,0.0,1.0,0.0,True,True,False
adjacency_tight,T070,True,False,T070,0.4531279766547285,61.0,0.25,0.0,1.0,0.0,True,True,False
adjacency_tight,T071,True,True,T071,0.519928266066667,12.0,0.8625,0.0,1.0,1.0,True,True,True
adjacency_tight,T072,True,False,T072,0.4826944145582071,31.0,0.625,0.0,1.0,0.0,True,True,False
adjacency_tight,T073,True,False,T073,0.4784651114013848,36.0,0.5625,0.0,1.0,0.0,True,True,False
adjacency_tight,T074,True,False,T074,0.4462633538164318,69.0,0.15000000000000002,0.0,1.0,0.0,True,True,False
adjacency_tight,T075,True,True,T075,0.5147922546711318,14.0,0.8375,0.0,1.0,1.0,True,True,True
adjacency_tight,T076,True,False,T076,0.460222350558948,53.0,0.35,0.0,1.0,0.0,True,True,False
adjacency_tight,T077,True,True,T077,0.5385853577051826,4.0,0.9625,0.0,1.0,1.0,True,True,True
adjacency_tight,T078,True,False,T078,0.4759400698537117,39.0,0.525,0.0,1.0,0.0,True,True,False
adjacency_tight,T079,True,False,T079,0.489899129886864,24.0,0.7125,0.0,1.0,0.0,True,True,False
adjacency_tight,T080,True,False,T080,0.4665648597070382,43.0,0.475,0.0,1.0,0.0,True,True,False
adjacency_tight,T081,True,False,T081,0.4634073017706811,46.0,0.4375,0.0,1.0,0.0,True,True,False
adjacency_loose,T001,True,False,T001,0.4789502917909561,35.0,0.575,0.0,1.0,0.0,True,True,False
adjacency_loose,T002,True,True,T002,0.5332391142534804,6.0,0.9375,0.0,1.0,1.0,True,True,True
adjacency_loose,T003,True,True,T003,0.525313392090076,9.0,0.9,0.0,1.0,1.0,True,True,True
adjacency_loose,T004,True,False,T004,0.4432701702505778,75.0,0.07499999999999996,0.0,1.0,0.0,True,True,False
adjacency_loose,T005,True,False,T005,0.4503711593573635,64.0,0.21250000000000002,0.0,1.0,0.0,True,True,False
adjacency_loose,T006,True,False,T006,0.4386850326879995,81.0,0.0,0.0,1.0,0.0,True,True,False
adjacency_loose,T007,True,False,T007,0.4632120997826603,47.0,0.42500000000000004,0.0,1.0,0.0,True,True,False
adjacency_loose,T008,True,False,T008,0.4574681742039177,57.0,0.30000000000000004,0.0,1.0,0.0,True,True,False
adjacency_loose,T009,True,False,T009,0.4558944792691649,59.0,0.275,0.0,1.0,0.0,True,True,False
adjacency_loose,T010,True,False,T010,0.4814907554033736,33.0,0.6,0.0,1.0,0.0,True,True,False
adjacency_loose,T011,True,False,T011,0.4704675423276167,41.0,0.5,0.0,1.0,0.0,True,True,False
adjacency_loose,T012,True,False,T012,0.4612480862652602,52.0,0.36250000000000004,0.0,1.0,0.0,True,True,False
adjacency_loose,T013,True,False,T013,0.4690232011740179,42.0,0.48750000000000004,0.0,1.0,0.0,True,True,False
adjacency_loose,T014,True,False,T014,0.4458121203915906,71.0,0.125,0.0,1.0,0.0,True,True,False
adjacency_loose,T015,True,False,T015,0.473695865723631,40.0,0.5125,0.0,1.0,0.0,True,True,False
adjacency_loose,T016,True,False,T016,0.4427419402137525,76.0,0.0625,0.0,1.0,0.0,True,True,False
adjacency_loose,T017,True,False,T017,0.44180546879842,78.0,0.03749999999999998,0.0,1.0,0.0,True,True,False
adjacency_loose,T018,True,True,T018,0.5037460287574079,18.0,0.7875,0.0,1.0,1.0,True,True,True
adjacency_loose,T019,True,False,T019,0.4589598166192085,56.0,0.3125,0.0,1.0,0.0,True,True,False
adjacency_loose,T020,True,False,T020,0.4625632816411688,48.0,0.4125,0.0,1.0,0.0,True,True,False
adjacency_loose,T021,True,False,T021,0.4657184883575986,45.0,0.44999999999999996,0.0,1.0,0.0,True,True,False
adjacency_loose,T022,True,False,T022,0.4434370877585274,74.0,0.08750000000000002,0.0,1.0,0.0,True,True,False
adjacency_loose,T023,True,False,T023,0.4854816711913849,28.0,0.6625,0.0,1.0,0.0,True,True,False
adjacency_loose,T024,True,False,T024,0.4486708553824126,66.0,0.1875,0.0,1.0,0.0,True,True,False
adjacency_loose,T025,True,False,T025,0.4975064127740858,21.0,0.75,0.0,1.0,0.0,True,True,False
adjacency_loose,T026,True,False,T026,0.4658482584622155,44.0,0.4625,0.0,1.0,0.0,True,True,False
adjacency_loose,T027,True,False,T027,0.4424827631126301,77.0,0.050000000000000044,0.0,1.0,0.0,True,True,False
adjacency_loose,T028,True,False,T028,0.4518010785681904,63.0,0.22499999999999998,0.0,1.0,0.0,True,True,False
adjacency_loose,T029,True,False,T029,0.4593694302789482,54.0,0.3375,0.0,1.0,0.0,True,True,False
adjacency_loose,T030,True,False,T030,0.4796737119263844,34.0,0.5875,0.0,1.0,0.0,True,True,False
adjacency_loose,T031,True,False,T031,0.4621566421262938,49.0,0.4,0.0,1.0,0.0,True,True,False
adjacency_loose,T032,True,True,T032,0.5376241091289862,5.0,0.95,0.0,1.0,1.0,True,True,True
adjacency_loose,T033,True,False,T033,0.5103366945775107,17.0,0.8,0.0,1.0,0.0,True,True,False
adjacency_loose,T034,True,False,T034,0.494720620105632,22.0,0.7375,0.0,1.0,0.0,True,True,False
adjacency_loose,T035,True,False,T035,0.4880709665243965,27.0,0.675,0.0,1.0,0.0,True,True,False
adjacency_loose,T036,True,False,T036,0.4455201239414179,72.0,0.11250000000000004,0.0,1.0,0.0,True,True,False
adjacency_loose,T037,True,False,T037,0.4403037419542187,80.0,0.012499999999999956,0.0,1.0,0.0,True,True,False
adjacency_loose,T038,True,False,T038,0.4903312544698785,23.0,0.725,0.0,1.0,0.0,True,True,False
adjacency_loose,T039,True,True,T039,0.5182661236830615,13.0,0.85,0.0,1.0,1.0,True,True,True
adjacency_loose,T040,True,False,T040,0.4887662303159955,26.0,0.6875,0.0,1.0,0.0,True,True,False
adjacency_loose,T041,True,False,T041,0.4617116781255723,51.0,0.375,0.0,1.0,0.0,True,True,False
adjacency_loose,T042,True,True,T042,0.5304148449409158,8.0,0.9125,0.0,1.0,1.0,True,True,True
adjacency_loose,T043,True,False,T043,0.4571475060222483,58.0,0.2875,0.0,1.0,0.0,True,True,False
adjacency_loose,T044,True,False,T044,0.4453375699831221,73.0,0.09999999999999998,0.0,1.0,0.0,True,True,False
adjacency_loose,T045,True,True,T045,0.514262097832801,15.0,0.825,0.0,1.0,1.0,True,True,True
adjacency_loose,T046,True,False,T046,0.4824774251549964,32.0,0.6125,0.0,1.0,0.0,True,True,False
adjacency_loose,T047,True,True,T047,0.5106483166330199,16.0,0.8125,0.0,1.0,1.0,True,True,True
adjacency_loose,T048,True,False,T048,0.4480758958602744,67.0,0.17500000000000004,0.0,1.0,0.0,True,True,False
adjacency_loose,T049,True,True,T049,0.5487129577207815,1.0,1.0,0.0,1.0,1.0,True,True,True
adjacency_loose,T050,True,False,T050,0.4591167488160987,55.0,0.32499999999999996,0.0,1.0,0.0,True,True,False
adjacency_loose,T051,True,True,T051,0.5226166102948395,10.0,0.8875,0.0,1.0,1.0,True,True,True
adjacency_loose,T052,True,True,T052,0.5220964335157148,11.0,0.875,0.0,1.0,1.0,True,True,True
adjacency_loose,T053,True,False,T053,0.4497405040881664,65.0,0.19999999999999996,0.0,1.0,0.0,True,True,False
adjacency_loose,T054,True,False,T054,0.4461531321279642,70.0,0.13749999999999996,0.0,1.0,0.0,True,True,False
adjacency_loose,T055,True,False,T055,0.4828899047501436,30.0,0.6375,0.0,1.0,0.0,True,True,False
adjacency_loose,T056,True,False,T056,0.5005330819755696,20.0,0.7625,0.0,1.0,0.0,True,True,False
adjacency_loose,T057,True,True,T057,0.5320728798239,7.0,0.925,0.0,1.0,1.0,True,True,True
adjacency_loose,T058,True,False,T058,0.4415393056829348,79.0,0.025000000000000022,0.0,1.0,0.0,True,True,False
adjacency_loose,T059,True,False,T059,0.4842844538409096,29.0,0.65,0.0,1.0,0.0,True,True,False
adjacency_loose,T060,True,True,T060,0.501786179814638,19.0,0.775,0.0,1.0,1.0,True,True,True
adjacency_loose,T061,True,False,T061,0.4759674730669871,38.0,0.5375,0.0,1.0,0.0,True,True,False
adjacency_loose,T062,True,False,T062,0.4474656807342056,68.0,0.16249999999999998,0.0,1.0,0.0,True,True,False
adjacency_loose,T063,True,False,T063,0.4621005564019453,50.0,0.38749999999999996,0.0,1.0,0.0,True,True,False
adjacency_loose,T064,True,True,T064,0.5472932900986838,2.0,0.9875,0.0,1.0,1.0,True,True,True
adjacency_loose,T065,True,True,T065,0.5461567414472552,3.0,0.975,0.0,1.0,1.0,True,True,True
adjacency_loose,T066,True,False,T066,0.4893443669694519,25.0,0.7,0.0,1.0,0.0,True,True,False
adjacency_loose,T067,True,False,T067,0.4518850693697288,62.0,0.23750000000000004,0.0,1.0,0.0,True,True,False
adjacency_loose,T068,True,False,T068,0.4766652739099764,37.0,0.55,0.0,1.0,0.0,True,True,False
adjacency_loose,T069,True,False,T069,0.4552618626310148,60.0,0.26249999999999996,0.0,1.0,0.0,True,True,False
adjacency_loose,T070,True,False,T070,0.4531279766547285,61.0,0.25,0.0,1.0,0.0,True,True,False
adjacency_loose,T071,True,True,T071,0.519928266066667,12.0,0.8625,0.0,1.0,1.0,True,True,True
adjacency_loose,T072,True,False,T072,0.4826944145582071,31.0,0.625,0.0,1.0,0.0,True,True,False
adjacency_loose,T073,True,False,T073,0.4784651114013848,36.0,0.5625,0.0,1.0,0.0,True,True,False
adjacency_loose,T074,True,False,T074,0.4462633538164318,69.0,0.15000000000000002,0.0,1.0,0.0,True,True,False
adjacency_loose,T075,True,True,T075,0.5147922546711318,14.0,0.8375,0.0,1.0,1.0,True,True,True
adjacency_loose,T076,True,False,T076,0.460222350558948,53.0,0.35,0.0,1.0,0.0,True,True,False
adjacency_loose,T077,True,True,T077,0.5385853577051826,4.0,0.9625,0.0,1.0,1.0,True,True,True
adjacency_loose,T078,True,False,T078,0.4759400698537117,39.0,0.525,0.0,1.0,0.0,True,True,False
adjacency_loose,T079,True,False,T079,0.489899129886864,24.0,0.7125,0.0,1.0,0.0,True,True,False
adjacency_loose,T080,True,False,T080,0.4665648597070382,43.0,0.475,0.0,1.0,0.0,True,True,False
adjacency_loose,T081,True,False,T081,0.4634073017706811,46.0,0.4375,0.0,1.0,0.0,True,True,False
matching_tight,T001,False,False,,,,,,0.0,0.0,False,False,False
matching_tight,T002,False,False,,,,,,0.0,0.0,False,False,False
matching_tight,T003,False,False,,,,,,0.0,0.0,False,False,False
matching_tight,T004,True,False,T001,0.448720029616971,67.0,0.014925373134328401,2545.5844122709127,0.5,0.0,True,True,False
matching_tight,T005,True,False,T005,0.4620535541279219,49.0,0.28358208955223885,5460.0824169609,0.6666666666666666,0.0,True,True,False
matching_tight,T006,False,False,,,,,,0.25,0.0,True,False,False
matching_tight,T007,True,False,T002,0.4639813915084321,46.0,0.32835820895522383,300.0000000009313,0.9,0.0,True,True,False
matching_tight,T008,True,False,T003,0.4574681742039177,56.0,0.17910447761194026,0.0,1.0,0.0,True,True,False
matching_tight,T009,True,False,T004,0.4558944792691649,57.0,0.16417910447761197,0.0,1.0,0.0,True,True,False
matching_tight,T010,True,False,T006,0.4830761569417043,32.0,0.5373134328358209,1144.1275181460185,1.0,0.0,True,True,False
matching_tight,T011,True,False,T010,0.4691696850315564,39.0,0.4328358208955224,3138.828586901252,1.0,0.0,True,True,False
matching_tight,T012,False,False,,,,,,1.0,0.0,True,True,False
matching_tight,T013,True,False,T007,0.457483236867523,55.0,0.19402985074626866,4532.937310529773,0.9090909090909091,0.0,True,True,False
matching_tight,T014,True,False,T008,0.4491461612259788,66.0,0.02985074626865669,942.809041584478,0.6666666666666666,0.0,True,True,False
matching_tight,T015,True,False,T009,0.4759155432343013,35.0,0.4925373134328358,2751.54872901489,0.9285714285714286,0.0,True,True,False
matching_tight,T016,False,False,,,,,,0.4444444444444444,0.0,True,False,False
matching_tight,T017,False,False,,,,,,0.0,0.0,False,False,False
matching_tight,T018,True,False,T012,0.498787280614707,19.0,0.7313432835820896,2998.2988374015026,0.9166666666666666,0.0,True,True,False
matching_tight,T019,True,False,T013,0.4582450554526075,53.0,0.22388059701492535,1749.28556845359,1.0,0.0,True,True,False
matching_tight,T020,True,False,T015,0.4617331655757899,50.0,0.26865671641791045,1500.0,1.0,0.0,True,True,False
matching_tight,T021,True,False,T011,0.4669583824570224,42.0,0.3880597014925373,5343.792889790836,1.0,0.0,True,True,False
matching_tight,T022,False,False,,,,,,0.5,0.0,True,True,False
matching_tight,T023,True,False,T020,0.5050653244235206,16.0,0.7761194029850746,4389.262466519859,0.875,0.0,True,True,False
matching_tight,T024,True,False,T019,0.4644219160246638,45.0,0.34328358208955223,3522.7829907627647,0.6,0.0,True,True,False
matching_tight,T025,True,False,T014,0.4942171422002259,23.0,0.6716417910447761,5420.332093148796,0.8,0.0,True,True,False
matching_tight,T026,True,False,T021,0.471686679709833,37.0,0.4626865671641791,948.6832980505138,0.8,0.0,True,True,False
matching_tight,T027,True,False,T016,0.4467678486992697,68.0,0.0,3354.1019662496847,0.5,0.0,True,True,False
matching_tight,T028,True,False,T023,0.4884262455248986,29.0,0.582089552238806,5341.348144429457,1.0,0.0,True,True,False
matching_tight,T029,True,False,T025,0.4823352009039919,33.0,0.5223880597014925,5147.815070489973,0.8333333333333334,0.0,True,True,False
matching_tight,T030,False,False,,,,,,0.8571428571428571,0.42857142857142855,True,True,True
matching_tight,T031,True,False,T017,0.4885305142545165,28.0,0.5970149253731343,6363.961030678927,0.4,0.1,True,False,False
matching_tight,T032,False,False,,,,,,1.0,0.6666666666666666,True,True,True
matching_tight,T033,True,True,T027,0.5407259157549332,4.0,0.9552238805970149,4837.354648979938,1.0,0.5,True,True,True
matching_tight,T034,True,False,T018,0.4727857402838391,36.0,0.4776119402985075,7457.27475325737,0.6923076923076923,0.3076923076923077,True,True,True
matching_tight,T035,True,False,T024,0.4590021397385285,51.0,0.25373134328358204,4609.772228645232,1.0,0.4,True,True,True
matching_tight,T036,True,False,T022,0.4523456909562204,61.0,0.10447761194029848,6388.844624824757,0.7,0.0,True,True,False
matching_tight,T037,False,False,,,,,,0.25,0.0,True,False,False
matching_tight,T038,True,True,T030,0.504996411620419,17.0,0.7611940298507462,1612.4515496579772,0.8,0.8,True,True,True
matching_tight,T039,True,True,T028,0.5462941181795835,3.0,0.9701492537313433,1060.6601717798212,0.75,0.75,True,True,True
matching_tight,T040,True,True,T029,0.5242666739090015,7.0,0.9104477611940298,3612.478373637611,0.8,0.8,True,True,True
matching_tight,T041,True,False,T032,0.4527893495547704,60.0,0.11940298507462688,3097.2770299119984,0.9333333333333333,0.0,True,True,False
matching_tight,T042,True,True,T026,0.5279719681021577,6.0,0.9253731343283582,4162.931659302101,1.0,0.8,True,True,True
matching_tight,T043,False,False,,,,,,0.9090909090909091,0.0,True,True,False
matching_tight,T044,True,False,T031,0.4503585038415711,65.0,0.04477611940298509,4976.507309346912,0.5,0.0,True,True,False
matching_tight,T045,True,False,T035,0.4882657915976381,30.0,0.5671641791044777,4242.640687119285,1.0,0.4,True,True,True
matching_tight,T046,False,False,,,,,,0.42857142857142855,0.42857142857142855,True,False,True
matching_tight,T047,True,False,T036,0.5056512288292278,15.0,0.791044776119403,2280.3508501978677,1.0,0.0,True,True,False
matching_tight,T048,True,False,T038,0.4673707002771934,41.0,0.4029850746268657,3225.871975140985,0.625,0.0,True,True,False
matching_tight,T049,True,True,T034,0.5500668620704303,1.0,1.0,1529.7058540778355,1.0,0.8,True,True,True
matching_tight,T050,True,False,T042,0.4638804969495145,47.0,0.31343283582089554,4242.640687119285,1.0,0.0,True,True,False
matching_tight,T051,True,True,T040,0.5081083983402519,14.0,0.8059701492537313,2121.3203435596424,1.0,1.0,True,True,True
matching_tight,T052,True,True,T039,0.5220964335157148,9.0,0.8805970149253731,0.0,1.0,1.0,True,True,True
matching_tight,T053,True,False,T043,0.4552595045198436,58.0,0.14925373134328357,2500.0,0.7777777777777778,0.0,True,True,False
matching_tight,T054,True,False,T037,0.4586217258031158,52.0,0.23880597014925375,4018.014988080505,0.5555555555555556,0.0,True,True,False
matching_tight,T055,True,True,T044,0.5191692284685039,10.0,0.8656716417910448,4179.978734663291,1.0,0.5555555555555556,True,True,True
matching_tight,T056,True,True,T041,0.5144574176828567,12.0,0.835820895522388,3090.4725218245053,1.0,0.5714285714285714,True,True,True
matching_tight,T057,True,False,T047,0.4978667345983741,20.0,0.7164179104477613,6824.924309959501,1.0,0.5,True,True,True
matching_tight,T058,False,False,,,,,,0.1,0.0,False,False,False
matching_tight,T059,True,False,T045,0.4887298581268398,27.0,0.6119402985074627,958.3148475003859,1.0,0.14285714285714285,True,True,False
matching_tight,T060,True,False,T046,0.4902794816727415,25.0,0.6417910447761195,1552.3412361972557,1.0,0.0,True,True,False
matching_tight,T061,False,False,,,,,,1.0,0.4166666666666667,True,True,True
matching_tight,T062,True,False,T049,0.458207931552044,54.0,0.20895522388059706,4345.417478362235,0.5714285714285714,0.0,True,True,False
matching_tight,T063,True,False,T048,0.4658177666659006,43.0,0.3731343283582089,757.6144084124271,0.875,0.0,True,True,False
matching_tight,T064,True,True,T050,0.5472932900986838,2.0,0.9850746268656716,0.0,1.0,1.0,True,True,True
matching_tight,T065,True,True,T051,0.5175282552611965,11.0,0.8507462686567164,3535.533905928918,1.0,1.0,True,True,True
matching_tight,T066,True,False,T054,0.4960476281005374,22.0,0.6865671641791045,508.2231953815112,0.875,0.0,True,True,False
matching_tight,T067,True,False,T055,0.4521574027455412,62.0,0.08955223880597019,3068.1045135593636,0.9,0.1,True,True,False
matching_tight,T068,True,True,T052,0.5128383300220544,13.0,0.8208955223880597,2640.0757564869473,1.0,0.6666666666666666,True,True,True
matching_tight,T069,True,False,T060,0.5000001316788143,18.0,0.7462686567164178,6746.900114647943,0.9090909090909091,0.0,True,True,False
matching_tight,T070,True,False,T053,0.4511172842149831,64.0,0.05970149253731338,3000.0000000009313,0.75,0.0,True,True,False
matching_tight,T071,True,False,T056,0.4893639625483083,26.0,0.6268656716417911,4949.747468307808,1.0,0.6,True,True,True
matching_tight,T072,True,False,T057,0.4832037048256465,31.0,0.5522388059701493,2863.5642126518883,1.0,0.2,True,True,False
matching_tight,T073,True,False,T063,0.4547704347002543,59.0,0.13432835820895528,3889.890743966982,1.0,0.5,True,True,True
matching_tight,T074,True,False,T058,0.4514933883905527,63.0,0.07462686567164178,2723.674499233884,0.625,0.0,True,True,False
matching_tight,T075,True,True,T061,0.5230602231039533,8.0,0.8955223880597015,4782.5815972846995,0.8571428571428571,0.5714285714285714,True,True,True
matching_tight,T076,True,False,T059,0.4657640671907609,44.0,0.35820895522388063,2429.563289518609,0.875,0.0,True,True,False
matching_tight,T077,True,True,T062,0.5382806150988055,5.0,0.9402985074626866,4061.095911204334,1.0,0.3,True,True,True
matching_tight,T078,True,False,T064,0.4686871006898865,40.0,0.417910447761194,1549.266522377323,0.9285714285714286,0.07142857142857142,True,True,False
matching_tight,T079,True,False,T067,0.4630620989973002,48.0,0.29850746268656714,2713.136766019154,1.0,0.0,True,True,False
matching_tight,T080,True,False,T065,0.4797506437800182,34.0,0.5074626865671642,1520.6906325748612,0.75,0.0,True,True,False
matching_tight,T081,True,False,T066,0.4964956727049632,21.0,0.7014925373134329,3920.62091282067,0.6428571428571429,0.0,True,True,False
matching_loose,T001,False,False,,,,,,0.0,0.0,False,False,False
matching_loose,T002,False,False,,,,,,0.0,0.0,False,False,False
matching_loose,T003,True,False,T001,0.5750293099438765,51.0,0.3902439024390244,3137.6241444397974,0.6,0.0,True,True,False
matching_loose,T004,True,False,T003,0.5892785481571613,36.0,0.5731707317073171,7175.605046659973,0.18989666666674118,0.0,False,False,False
matching_loose,T005,False,False,,,,,,0.3273777777778192,0.0,True,False,False
matching_loose,T006,False,False,,,,,,0.24553333333336438,0.0,False,False,False
matching_loose,T007,True,False,T005,0.6121220636431101,9.0,0.9024390243902439,3048.673317480208,0.8938369231111533,0.0,True,True,False
matching_loose,T008,True,False,T010,0.5675165810347925,64.0,0.23170731707317072,4599.013947101768,0.49106666666672877,0.0,True,False,False
matching_loose,T009,True,False,T006,0.6076605325536452,12.0,0.8658536585365854,1987.5727120354704,0.9821333333334575,0.0,True,True,False
matching_loose,T010,True,False,T009,0.6269835753295017,3.0,0.975609756097561,1989.5338903137715,0.9267187500000776,0.0,True,True,False
matching_loose,T011,True,False,T008,0.5797191822149491,47.0,0.4390243902439024,8701.368227793255,0.7061689742221777,0.0,True,True,False
matching_loose,T012,True,False,T015,0.5558980733129898,75.0,0.09756097560975607,5305.360712113456,0.49352564111115443,0.0,True,False,False
matching_loose,T013,True,False,T012,0.6239683849936906,5.0,0.9512195121951219,5045.2844965690365,0.2752456876767496,0.0,True,False,False
matching_loose,T014,True,False,T011,0.6115374867857206,10.0,0.8902439024390244,4977.81662173492,0.4466301995061561,0.0,True,False,False
matching_loose,T015,True,False,T013,0.5612975757585443,68.0,0.18292682926829273,1553.4400060862035,0.6355115384127534,0.0,True,True,False
matching_loose,T016,True,False,T019,0.594145190552608,32.0,0.6219512195121951,6044.822312161742,0.21010398864206353,0.0,False,False,False
matching_loose,T017,False,False,,,,,,0.0,0.0,False,False,False
matching_loose,T018,True,False,T017,0.5844126621610027,40.0,0.524390243902439,4442.61995174169,0.5389458333333541,0.0,True,True,False
matching_loose,T019,True,False,T014,0.5833319908661655,41.0,0.5121951219512195,6608.035289375894,0.23404192311122776,0.0,False,False,False
matching_loose,T020,False,False,,,,,,0.11036314111121653,0.0,False,False,False
matching_loose,T021,True,False,T020,0.5961788800018872,29.0,0.6585365853658536,4813.403640624275,0.5702813187301657,0.0,True,True,False
matching_loose,T022,True,False,T021,0.5812271890482187,45.0,0.46341463414634143,8619.45430130384,0.24009166666673915,0.0,False,False,False
matching_loose,T023,True,False,T023,0.5991106538448431,23.0,0.7317073170731707,3428.1315723437915,0.6789520833333954,0.0,True,True,False
matching_loose,T024,True,False,T018,0.5959476199211937,30.0,0.6463414634146342,8165.049845874185,0.9101033333332589,0.0,True,True,False
matching_loose,T025,True,False,T022,0.56513699133444,66.0,0.20731707317073167,2814.477071433715,0.44316166666671636,0.0,True,False,False
matching_loose,T026,True,False,T024,0.6009918158149995,20.0,0.7682926829268293,2686.5884777674923,0.8146661537776685,0.0,True,True,False
matching_loose,T027,True,False,T027,0.5716277500539486,59.0,0.29268292682926833,1575.3141863201001,0.7247416666668529,0.0,True,True,False
matching_loose,T028,False,False,,,,,,0.4474756411114959,0.0,True,False,False
matching_loose,T029,True,False,T025,0.6006876698869003,21.0,0.7560975609756098,1845.605587773625,0.9541236111111422,0.0,True,True,False
matching_loose,T030,True,False,T029,0.6108629523699743,11.0,0.8780487804878049,1542.8776750957613,1.0,0.0,True,True,False
matching_loose,T031,True,False,T030,0.5714934648794429,60.0,0.2804878048780488,3425.769167005008,0.31108692311102915,0.0,True,False,False
matching_loose,T032,False,False,,,,,,0.9970222222222429,0.07357542740747769,True,True,False
matching_loose,T033,True,False,T026,0.5830535884171347,42.0,0.5,4295.612465329674,1.0,0.0,True,True,False
matching_loose,T034,True,False,T031,0.5869033882780901,38.0,0.5487804878048781,4953.374865690632,0.6210254437606417,0.0,True,True,False
matching_loose,T035,True,False,T028,0.5407428795836994,83.0,0.0,4528.3635880546135,0.5576194871114242,0.0,True,True,False
matching_loose,T036,False,False,,,,,,0.08989666666674118,0.0,False,False,False
matching_loose,T037,True,False,T038,0.5671002236812602,65.0,0.2195121951219512,3596.9729336803866,0.7247416666668529,0.0,True,True,False
matching_loose,T038,True,False,T036,0.5735337060161133,55.0,0.3414634146341463,2293.4904953560526,0.8057269231110664,0.30652999999995034,True,True,True
matching_loose,T039,False,False,,,,,,0.11437852555563639,0.0,False,False,False
matching_loose,T040,False,False,,,,,,0.7996389742222274,0.0,True,True,False
matching_loose,T041,True,False,T032,0.5964894362807723,28.0,0.6707317073170731,3350.872774708276,0.8898966666667412,0.0,True,True,False
matching_loose,T042,True,True,T034,0.6258954839023194,4.0,0.9634146341463414,2408.9109611946214,0.9017866666666547,0.6447678204444842,True,True,True
matching_loose,T043,False,False,,,,,,0.0,0.0,False,False,False
matching_loose,T044,True,False,T037,0.5998266064555937,22.0,0.7439024390243902,4476.677917222885,0.8075611111112974,0.0,True,True,False
matching_loose,T045,True,False,T039,0.5989658975371205,24.0,0.7195121951219512,1436.9898870960315,1.0,0.044145256444486615,True,True,False
matching_loose,T046,True,False,T035,0.5748119651595857,52.0,0.3780487804878049,5294.1012068452455,0.5083639193650191,0.0,True,True,False
matching_loose,T047,True,False,T042,0.6076231162208686,13.0,0.8536585365853658,3364.3146581326832,0.9986615385185268,0.2657134614813698,True,True,True
matching_loose,T048,True,False,T043,0.5742433976254034,54.0,0.35365853658536583,5127.994652945591,0.7903190705557169,0.0,True,True,False
matching_loose,T049,True,False,T040,0.5951887103327453,31.0,0.6341463414634146,4047.6049429928344,0.9405719231111781,0.0,True,True,False
matching_loose,T050,True,False,T048,0.5746796232331461,53.0,0.36585365853658536,3093.3913620727644,1.0,0.0,True,True,False
matching_loose,T051,True,False,T045,0.5811672928938983,46.0,0.4512195121951219,1438.037499124972,0.8791766666668157,0.0,True,True,False
matching_loose,T052,True,False,T046,0.5975950414286383,26.0,0.6951219512195121,2837.9120908921755,0.472733974444643,0.0,True,False,False
matching_loose,T053,True,False,T044,0.6176499928972409,6.0,0.9390243902439024,4755.8520917843,0.8277203703704118,0.0,True,True,False
matching_loose,T054,True,False,T055,0.5683101732433639,63.0,0.24390243902439024,5279.8756296234205,0.6006354701235312,0.0,True,True,False
matching_loose,T055,True,False,T047,0.5718468202358213,56.0,0.3292682926829268,1502.7445103514422,0.8400391738271108,0.0,True,True,False
matching_loose,T056,True,False,T051,0.5787021456006384,48.0,0.426829268292683,1805.6083207782115,0.9974476190476368,0.0,True,True,False
matching_loose,T057,True,False,T054,0.6028386086757814,19.0,0.7804878048780488,3319.00432264945,0.9586986263492472,0.0,True,True,False
matching_loose,T058,True,False,T058,0.5703641837173704,62.0,0.25609756097560976,1807.7191943486896,0.7898966666667412,0.0,True,True,False
matching_loose,T059,True,False,T052,0.5642493461742739,67.0,0.19512195121951215,5919.170200685204,0.42645952380954155,0.0,True,False,False
matching_loose,T060,True,False,T050,0.5883940735164177,37.0,0.5609756097560976,5705.12280197609,1.0,0.0,True,True,False
matching_loose,T061,True,False,T060,0.557083850229165,71.0,0.14634146341463417,5349.766995998804,0.9991803418518581,0.0,True,True,False
matching_loose,T062,True,False,T069,0.5756498468321833,50.0,0.4024390243902439,7874.7455453481225,0.711991208888903,0.0,True,True,False
matching_loose,T063,True,False,T059,0.55244484860536,80.0,0.03658536585365857,2360.5696068877683,0.7467628205555773,0.0,True,True,False
matching_loose,T064,True,False,T065,0.6167746407524194,7.0,0.926829268292683,3041.9859030892912,0.5846535255558537,0.0,True,True,False
matching_loose,T065,True,False,T062,0.6055302922978433,16.0,0.8170731707317074,3479.560034777821,1.0,0.0,True,True,False
matching_loose,T066,True,False,T064,0.5574803871481591,70.0,0.1585365853658537,2965.7416459637925,0.9448184294443916,0.0,True,True,False
matching_loose,T067,True,False,T063,0.5538695972073912,78.0,0.060975609756097615,2737.1987661869653,1.0,0.0,True,True,False
matching_loose,T068,True,False,T066,0.6121708597479845,8.0,0.9146341463414634,1205.2241917109359,1.0,0.0,True,True,False
matching_loose,T069,True,False,T072,0.5982258243602783,25.0,0.7073170731707317,4298.84254368196,0.9991058274747543,0.0,True,True,False
matching_loose,T070,True,False,T070,0.5827933741484732,43.0,0.4878048780487805,1946.202272534213,0.92128867518515,0.0,True,True,False
matching_loose,T071,False,False,,,,,,1.0,0.28552025644454876,True,True,True
matching_loose,T072,True,False,T071,0.6061315739273075,15.0,0.8292682926829268,4629.390147265971,1.0,0.10813615377771828,True,True,False
matching_loose,T073,True,False,T074,0.6041459278548539,17.0,0.8048780487804879,1480.088632692443,0.7373708333334265,0.0,True,True,False
matching_loose,T074,True,False,T073,0.5709269808180863,61.0,0.2682926829268293,3974.786992484975,0.8818165063888393,0.0,True,True,False
matching_loose,T075,True,False,T076,0.6304268345008917,2.0,0.9878048780487805,1756.6085042114378,0.9960424907936792,0.0,True,True,False
matching_loose,T076,True,False,T075,0.5480757369553574,81.0,0.024390243902439046,1778.0117272612013,0.48982980777785223,0.0,True,False,False
matching_loose,T077,True,True,T077,0.6375544997680253,1.0,1.0,3799.5955555344617,1.0,0.4890935897778572,True,True,True
matching_loose,T078,True,False,T079,0.5912858000076624,33.0,0.6097560975609756,1334.4012759332466,0.9684676739682241,0.22348113555548813,True,True,False
matching_loose,T079,True,False,T080,0.6034219374852402,18.0,0.7926829268292683,487.5759280533697,1.0,0.000669230740736644,True,True,False
matching_loose,T080,True,False,T081,0.5471388731777529,82.0,0.012195121951219523,2698.1273633662513,0.7821657051852555,0.0,True,True,False
matching_loose,T081,True,False,T083,0.5612888355139346,69.0,0.1707317073170732,1944.523388819132,0.9613799450793863,0.002552380952363213,True,True,False
quantile_low,T001,True,False,T001,0.4789502917909561,25.0,0.75,0.0,1.0,0.0,True,True,False
quantile_low,T002,True,False,T003,0.5065244735926007,12.0,0.8854166666666666,1274.7548783981963,1.0,0.0,True,True,False
quantile_low,T003,True,True,T004,0.525313392090076,8.0,0.9270833333333334,0.0,1.0,1.0,True,True,True
quantile_low,T004,True,False,T006,0.440085667245357,81.0,0.16666666666666663,5408.326913195984,1.0,0.0,True,True,False
quantile_low,T005,False,False,,,,,,1.0,0.0,True,True,False
quantile_low,T006,True,False,T008,0.4320090706761346,91.0,0.0625,4500.0,1.0,0.0,True,True,False
quantile_low,T007,True,False,T009,0.453260827072892,61.0,0.375,3624.9137920792195,1.0,0.0,True,True,False
quantile_low,T008,True,False,T010,0.4573513288813866,53.0,0.45833333333333337,3000.0,1.0,0.0,True,True,False
quantile_low,T009,True,False,T011,0.454650703585861,56.0,0.42708333333333337,4500.0,1.0,0.0,True,True,False
quantile_low,T010,True,False,T012,0.4658441165343895,42.0,0.5729166666666667,3321.3325638969914,1.0,0.0,True,True,False
quantile_low,T011,True,False,T018,0.4677136040804128,40.0,0.59375,4011.9348576187085,1.0,0.0,True,True,False
quantile_low,T012,True,False,T016,0.4605031374165709,49.0,0.5,1500.0,1.0,0.0,True,True,False
quantile_low,T013,True,False,T014,0.4510666636026019,64.0,0.34375,4077.715273112757,1.0,0.0,True,True,False
quantile_low,T014,True,False,T017,0.4414270390614149,79.0,0.1875,528.6032853348793,1.0,0.0,True,True,False
quantile_low,T015,True,False,T015,0.478829617045009,26.0,0.7395833333333333,5152.335016517195,1.0,0.0,True,True,False
quantile_low,T016,True,False,T020,0.4330926955405246,89.0,0.08333333333333337,7453.559924999854,1.0,0.0,True,True,False
quantile_low,T017,True,False,T021,0.4358812920394902,85.0,0.125,1631.9513798263208,1.0,0.0,True,True,False
quantile_low,T018,True,False,T023,0.4686019805886435,37.0,0.625,3686.304785989341,1.0,0.0,True,True,False
quantile_low,T019,True,False,T022,0.4489405697900564,66.0,0.32291666666666663,3279.311558467921,1.0,0.0,True,True,False
quantile_low,T020,True,False,T028,0.4625632816411688,46.0,0.53125,0.0,1.0,0.0,True,True,False
quantile_low,T021,True,False,T032,0.4685128753392233,38.0,0.6145833333333333,4370.5881545085185,1.0,0.0,True,True,False
quantile_low,T022,True,False,T029,0.4581558987424103,50.0,0.48958333333333337,4272.00187266258,1.0,0.0,True,True,False
quantile_low,T023,True,False,T027,0.4724316295740741,34.0,0.65625,3448.27855603208,1.0,0.0,True,True,False
quantile_low,T024,True,False,T033,0.5024390731622053,13.0,0.875,5636.488268417177,1.0,0.0,True,True,False
quantile_low,T025,True,False,T025,0.4844325965824536,22.0,0.78125,5717.735565764704,1.0,0.0,True,True,False
quantile_low,T026,True,False,T034,0.4453832365019243,72.0,0.26041666666666663,300.0,1.0,0.0,True,True,False
quantile_low,T027,True,False,T030,0.4414352468678643,78.0,0.19791666666666663,4500.0,1.0,0.0,True,True,False
quantile_low,T028,True,False,T031,0.4338131374328198,87.0,0.10416666666666663,5590.169943749474,1.0,0.0,True,True,False
quantile_low,T029,True,False,T036,0.4669970955800169,41.0,0.5833333333333333,1515.2288168284101,1.0,0.0,True,True,False
quantile_low,T030,True,False,T035,0.4456790855298846,71.0,0.27083333333333337,2307.9277744875008,1.0,0.14285714285714285,True,True,False
quantile_low,T031,True,False,T038,0.4833081559483593,23.0,0.7708333333333334,4800.0,1.0,0.0,True,True,False
quantile_low,T032,True,True,T042,0.5412708295467761,1.0,1.0,4085.096881213035,1.0,0.6666666666666666,True,True,True
quantile_low,T033,False,False,,,,,,1.0,0.5,True,True,True
quantile_low,T034,True,False,T040,0.4887620917394904,19.0,0.8125,5827.455477641702,1.0,0.0,True,True,False
quantile_low,T035,True,False,T044,0.494045250316678,18.0,0.8229166666666666,5762.811813690146,0.6,0.0,True,True,False
quantile_low,T036,True,False,T045,0.4371489652514169,83.0,0.14583333333333337,4834.316109324427,1.0,0.0,True,True,False
quantile_low,T037,True,False,T041,0.4383520728746011,82.0,0.15625,2704.163456597992,1.0,0.0,True,True,False
quantile_low,T038,True,False,T043,0.473284573617985,33.0,0.6666666666666667,1500.0,1.0,0.1,True,True,False
quantile_low,T039,True,False,T053,0.4769517295774863,27.0,0.7291666666666667,5929.2706128157115,1.0,0.0,True,True,False
quantile_low,T040,True,False,T054,0.4657614815959971,43.0,0.5625,5661.271941887824,1.0,0.0,True,True,False
quantile_low,T041,True,False,T049,0.4529906225692043,62.0,0.36458333333333337,2022.3748416194906,1.0,0.0,True,True,False
quantile_low,T042,True,True,T046,0.5245720077188316,9.0,0.9166666666666666,1191.768643655508,1.0,1.0,True,True,True
quantile_low,T043,True,False,T051,0.4547475063779551,55.0,0.4375,2943.0940667883183,1.0,0.0,True,True,False
quantile_low,T044,True,False,T048,0.4452652840248718,73.0,0.25,3905.124837951896,1.0,0.0,True,True,False
quantile_low,T045,True,False,T056,0.4845352637869565,21.0,0.7916666666666666,4301.1626335214,1.0,0.4,True,True,True
quantile_low,T046,True,False,T050,0.4822294809509186,24.0,0.7604166666666666,4071.428571427241,1.0,0.0,True,True,False
quantile_low,T047,True,False,T059,0.4971648415895949,16.0,0.84375,4924.4289008972955,1.0,0.5,True,True,True
quantile_low,T048,True,False,T052,0.4426957575238457,75.0,0.22916666666666663,2948.940487700625,1.0,0.125,True,True,False
quantile_low,T049,True,True,T055,0.5387684785444672,3.0,0.9791666666666666,2121.3203435579303,1.0,0.8,True,True,True
quantile_low,T050,True,False,T047,0.4747816229323656,29.0,0.7083333333333333,7504.165509901879,1.0,0.0,True,True,False
quantile_low,T051,True,False,T064,0.4978445232628668,15.0,0.8541666666666666,3354.101966250601,1.0,0.0,True,True,False
quantile_low,T052,True,False,T062,0.4464975504601552,68.0,0.30208333333333337,7115.124735382682,1.0,0.0,True,True,False
quantile_low,T053,True,False,T060,0.4543721433254573,58.0,0.40625,2915.4759474226503,1.0,0.0,True,True,False
quantile_low,T054,True,False,T065,0.4484673558225736,67.0,0.3125,3291.2307039324623,1.0,0.0,True,True,False
quantile_low,T055,True,True,T070,0.5267582314241657,6.0,0.9479166666666666,5459.44645138767,1.0,0.3333333333333333,True,True,True
quantile_low,T056,True,True,T058,0.5395959836262881,2.0,0.9895833333333334,5187.307901529735,1.0,0.7857142857142857,True,True,True
quantile_low,T057,True,True,T068,0.5147550847032062,10.0,0.90625,5505.357110674346,1.0,0.7142857142857143,True,True,True
quantile_low,T058,True,False,T071,0.4423488641372812,77.0,0.20833333333333337,2140.0934559036614,1.0,0.0,True,True,False
quantile_low,T059,True,False,T066,0.4615179831583218,48.0,0.5104166666666667,6882.468114486731,1.0,0.0,True,True,False
quantile_low,T060,True,True,T067,0.5076223597685516,11.0,0.8958333333333334,958.3148475020519,1.0,1.0,True,True,True
quantile_low,T061,True,False,T072,0.4864995712050339,20.0,0.8020833333333334,1118.0339887492285,1.0,0.08333333333333333,True,True,False
quantile_low,T062,True,False,T069,0.4532955086730441,60.0,0.38541666666666663,3969.3211263476596,1.0,0.0,True,True,False
quantile_low,T063,True,False,T073,0.4545665799501532,57.0,0.41666666666666663,474.3416490255514,1.0,0.0,True,True,False
quantile_low,T064,True,False,T076,0.4733091412835419,32.0,0.6770833333333333,2216.4660821857206,1.0,0.0,True,True,False
quantile_low,T065,True,True,T079,0.5363902299975185,4.0,0.96875,3236.081306491874,1.0,0.875,True,True,True
quantile_low,T066,True,False,T080,0.4648519158702999,44.0,0.5520833333333333,2128.673295738558,1.0,0.125,True,True,False
quantile_low,T067,True,False,T075,0.457380576336646,52.0,0.46875,3424.551214455251,1.0,0.0,True,True,False
quantile_low,T068,True,False,T081,0.4699541687296875,36.0,0.6354166666666667,2469.817807045505,1.0,0.0,True,True,False
quantile_low,T069,True,False,T078,0.4534351125103673,59.0,0.39583333333333337,2364.0733861723916,1.0,0.09090909090909091,True,True,False
quantile_low,T070,True,False,T077,0.4510908412784298,63.0,0.35416666666666663,3000.0,1.0,0.0,True,True,False
quantile_low,T071,True,False,T082,0.5002677826207023,14.0,0.8645833333333334,2441.5386769643883,1.0,0.4,True,True,True
quantile_low,T072,False,False,,,,,,1.0,0.4,True,True,True
quantile_low,T073,True,False,T090,0.4764354118950242,28.0,0.71875,3391.676904162697,1.0,0.0,True,True,False
quantile_low,T074,True,False,T091,0.445715930908126,70.0,0.28125,3916.580727094933,1.0,0.0,True,True,False
quantile_low,T075,True,False,T083,0.4626058566173236,45.0,0.5416666666666667,4580.905355663921,1.0,0.0,True,True,False
quantile_low,T076,True,False,T088,0.4556753613855422,54.0,0.44791666666666663,3453.259329966361,1.0,0.0,True,True,False
quantile_low,T077,True,True,T087,0.5267425391184731,7.0,0.9375,4569.463863520424,1.0,0.8,True,True,True
quantile_low,T078,True,False,T092,0.4581177038409676,51.0,0.47916666666666663,2290.731101545866,1.0,0.2857142857142857,True,True,True
quantile_low,T079,True,False,T094,0.4957059918481951,17.0,0.8333333333333334,750.0000000037253,1.0,0.08333333333333333,True,True,False
quantile_low,T080,True,False,T095,0.4706885993242217,35.0,0.6458333333333333,2144.6888078788597,1.0,0.0,True,True,False
quantile_low,T081,True,False,T096,0.4739342240119502,30.0,0.6979166666666667,2654.4603753074853,1.0,0.0,True,True,False
quantile_high,T001,True,False,T001,0.4874760746320018,29.0,0.5692307692307692,670.8203932516029,0.8333333333333334,0.0,True,True,False
quantile_high,T002,False,False,,,,,,0.0,0.0,False,False,False
quantile_high,T003,True,True,T002,0.5471291815474764,1.0,1.0,1358.3077707224638,0.8,0.8,True,True,True
quantile_high,T004,False,False,,,,,,0.0,0.0,False,False,False
quantile_high,T005,False,False,,,,,,0.3333333333333333,0.0,True,False,False
quantile_high,T006,False,False,,,,,,0.0,0.0,False,False,False
quantile_high,T007,True,False,T003,0.4639813915084321,48.0,0.27692307692307694,300.0000000009313,0.9,0.0,True,True,False
quantile_high,T008,True,False,T004,0.4574681742039177,55.0,0.16923076923076918,0.0,1.0,0.0,True,True,False
quantile_high,T009,True,False,T005,0.4558944792691649,59.0,0.10769230769230764,0.0,1.0,0.0,True,True,False
quantile_high,T010,True,False,T006,0.479306319250474,35.0,0.4769230769230769,2642.9777964731147,0.875,0.125,True,True,False
quantile_high,T011,True,False,T008,0.4725284496668178,40.0,0.4,942.8571428600699,1.0,0.0,True,True,False
quantile_high,T012,True,False,T009,0.4692034454537288,42.0,0.36923076923076925,3000.0,1.0,0.0,True,True,False
quantile_high,T013,True,False,T007,0.4602603234607775,53.0,0.19999999999999996,4472.062034789037,0.9090909090909091,0.0,True,True,False
quantile_high,T014,True,False,T010,0.4520781870973627,64.0,0.03076923076923077,942.8090415831609,0.3333333333333333,0.0,True,False,False
quantile_high,T015,True,False,T011,0.4759155432343013,37.0,0.4461538461538461,2751.54872901489,0.9285714285714286,0.0,True,True,False
quantile_high,T016,True,False,T016,0.4477936179187897,66.0,0.0,6020.797289396148,0.3333333333333333,0.0,True,False,False
quantile_high,T017,False,False,,,,,,0.0,0.0,False,False,False
quantile_high,T018,True,True,T012,0.5073609024877652,19.0,0.7230769230769231,4123.105625617209,0.9166666666666666,0.8333333333333334,True,True,True
quantile_high,T019,True,False,T015,0.4634855921061335,49.0,0.2615384615384615,2100.4372722606577,0.9,0.0,True,True,False
quantile_high,T020,True,False,T013,0.471948337779709,41.0,0.3846153846153846,5848.86174169534,1.0,0.0,True,True,False
quantile_high,T021,True,False,T017,0.4942171422002259,24.0,0.6461538461538461,5208.411564037972,1.0,0.0,True,True,False
quantile_high,T022,True,False,T023,0.4522967257102653,63.0,0.0461538461538461,6264.982043067341,0.3333333333333333,0.0,True,False,False
quantile_high,T023,True,True,T018,0.5054935217663498,20.0,0.7076923076923076,2546.6890269515416,0.875,0.5,True,True,True
quantile_high,T024,True,False,T020,0.4690743434370867,43.0,0.3538461538461538,3522.7829907598566,0.4,0.0,True,False,False
quantile_high,T025,True,False,T019,0.4865077816362941,30.0,0.5538461538461539,3766.46385884712,0.8,0.1,True,True,False
quantile_high,T026,True,False,T022,0.4809250138637322,33.0,0.5076923076923077,1414.213562373095,0.6,0.0,True,True,False
quantile_high,T027,False,False,,,,,,0.125,0.0,False,False,False
quantile_high,T028,True,False,T026,0.4566413454795645,57.0,0.1384615384615384,3000.0,0.75,0.0,True,True,False
quantile_high,T029,True,False,T024,0.4730683013103751,39.0,0.41538461538461535,2915.4759474226503,0.8333333333333334,0.0,True,True,False
quantile_high,T030,False,False,,,,,,0.8571428571428571,0.8571428571428571,True,True,True
quantile_high,T031,False,False,,,,,,0.3,0.1,True,False,False
quantile_high,T032,True,True,T028,0.543322471572095,4.0,0.9538461538461538,2428.5714285746217,1.0,1.0,True,True,True
quantile_high,T033,True,True,T030,0.5270700911187851,10.0,0.8615384615384616,4743.41649025198,1.0,0.5,True,True,True
quantile_high,T034,True,False,T021,0.4900680389933572,27.0,0.6,5902.687182661286,0.6153846153846154,0.3076923076923077,True,True,True
quantile_high,T035,True,False,T025,0.4664068840307214,46.0,0.3076923076923077,4500.0,1.0,0.4,True,True,True
quantile_high,T036,False,False,,,,,,0.4,0.0,True,False,False
quantile_high,T037,False,False,,,,,,0.0,0.0,False,False,False
quantile_high,T038,True,True,T033,0.5223302226692971,14.0,0.8,2418.67732448841,0.7,0.7,True,True,True
quantile_high,T039,True,True,T027,0.5465883458646617,3.0,0.9692307692307692,3824.2646351945887,0.75,0.75,True,True,True
quantile_high,T040,True,True,T032,0.5308961342800056,8.0,0.8923076923076922,4133.870932781291,0.8,0.6,True,True,True
quantile_high,T041,True,False,T031,0.4593252354977468,54.0,0.18461538461538463,2745.9060435498745,0.8666666666666667,0.06666666666666667,True,True,False
quantile_high,T042,True,True,T029,0.5096759396407105,18.0,0.7384615384615385,5939.696961966999,1.0,0.8,True,True,True
quantile_high,T043,True,False,T037,0.4603822016362233,52.0,0.2153846153846154,3545.454545454194,0.7272727272727273,0.0,True,True,False
quantile_high,T044,True,False,T034,0.4489066413138523,65.0,0.01538461538461533,1802.775637730445,0.3333333333333333,0.0,True,False,False
quantile_high,T045,True,False,T038,0.480516361169839,34.0,0.49230769230769234,3689.51216287382,1.0,0.3,True,True,True
quantile_high,T046,False,False,,,,,,0.42857142857142855,0.42857142857142855,True,False,True
quantile_high,T047,True,False,T041,0.5011334883587593,22.0,0.676923076923077,6324.555320336759,1.0,0.3333333333333333,True,True,True
quantile_high,T048,False,False,,,,,,0.125,0.125,False,False,False
quantile_high,T049,True,True,T035,0.538951961123286,5.0,0.9384615384615385,2683.281572999748,1.0,1.0,True,True,True
quantile_high,T050,False,False,,,,,,1.0,0.0,True,True,False
quantile_high,T051,True,True,T043,0.5101737086766189,17.0,0.7538461538461538,3841.8745424620365,1.0,1.0,True,True,True
quantile_high,T052,True,True,T039,0.5226273192880785,13.0,0.8153846153846154,3000.0,1.0,1.0,True,True,True
quantile_high,T053,True,False,T036,0.4551476274611356,61.0,0.07692307692307687,5407.3717665319655,0.6666666666666666,0.0,True,True,False
quantile_high,T054,False,False,,,,,,0.4444444444444444,0.0,True,False,False
quantile_high,T055,True,False,T040,0.4889665576486367,28.0,0.5846153846153845,7174.41441667611,1.0,0.2222222222222222,True,True,False
quantile_high,T056,True,True,T042,0.5256779815767694,11.0,0.8461538461538461,4771.716082960426,1.0,0.42857142857142855,True,True,True
quantile_high,T057,True,True,T045,0.5301610963362838,9.0,0.8769230769230769,3040.139631599496,1.0,0.5,True,True,True
quantile_high,T058,False,False,,,,,,0.0,0.0,False,False,False
quantile_high,T059,True,False,T050,0.4544643381602798,62.0,0.06153846153846154,4862.031415962038,1.0,0.6428571428571429,True,True,True
quantile_high,T060,True,True,T044,0.5346179093886424,6.0,0.9230769230769231,3807.886552930609,1.0,0.5,True,True,True
quantile_high,T061,True,False,T046,0.494056547314382,25.0,0.6307692307692307,2801.7851452213217,1.0,0.0,True,True,False
quantile_high,T062,True,False,T047,0.4553638544936018,60.0,0.09230769230769231,3801.8523949035707,0.5714285714285714,0.0,True,True,False
quantile_high,T063,True,False,T049,0.4658177666659006,47.0,0.29230769230769227,757.6144084124271,0.875,0.0,True,True,False
quantile_high,T064,True,True,T048,0.5469474947266749,2.0,0.9846153846153847,3000.0,1.0,0.75,True,True,True
quantile_high,T065,True,True,T055,0.5180975918540447,16.0,0.7692307692307692,5223.1456039440445,1.0,0.75,True,True,True
quantile_high,T066,True,False,T051,0.4766190519312366,36.0,0.46153846153846156,3876.347828198698,0.875,0.125,True,True,False
quantile_high,T067,True,False,T052,0.4687329291553418,44.0,0.3384615384615385,3000.0,0.8,0.0,True,True,False
quantile_high,T068,True,False,T054,0.4901906213853612,26.0,0.6153846153846154,832.9931278409298,1.0,0.0,True,True,False
quantile_high,T069,True,False,T053,0.4606441020932436,51.0,0.23076923076923073,5035.12456040777,0.8181818181818182,0.2727272727272727,True,True,True
quantile_high,T070,True,False,T056,0.46296273673672,50.0,0.24615384615384617,4621.808207955069,0.6666666666666666,0.0,True,True,False
quantile_high,T071,True,True,T061,0.5335918885153978,7.0,0.9076923076923077,5408.326913195054,1.0,1.0,True,True,True
quantile_high,T072,True,False,T057,0.4560607748532208,58.0,0.12307692307692308,4743.416490252039,1.0,0.4,True,True,True
quantile_high,T073,True,False,T058,0.4946686422920318,23.0,0.6615384615384615,2186.6069605669877,1.0,0.0,True,True,False
quantile_high,T074,False,False,,,,,,0.4375,0.0,True,False,False
quantile_high,T075,True,True,T060,0.5236402803688854,12.0,0.8307692307692307,1923.2731454041523,0.7142857142857143,0.5714285714285714,True,True,True
quantile_high,T076,True,False,T062,0.4572598177160043,56.0,0.15384615384615385,5568.213357981175,0.875,0.0,True,True,False
quantile_high,T077,True,True,T059,0.5184061748247707,15.0,0.7846153846153846,3955.673820208284,1.0,1.0,True,True,True
quantile_high,T078,True,False,T063,0.4732532942177617,38.0,0.4307692307692308,1661.578116349403,0.7857142857142857,0.2857142857142857,True,True,True
quantile_high,T079,True,False,T065,0.4809964071519912,32.0,0.523076923076923,2915.4759474173793,0.9166666666666666,0.25,True,True,True
quantile_high,T080,True,False,T064,0.4821214207973139,31.0,0.5384615384615384,3643.813391634394,0.5833333333333334,0.0,True,True,False
quantile_high,T081,True,True,T066,0.5016521468880129,21.0,0.6923076923076923,3823.9310898059625,0.6428571428571429,0.5,True,True,True
cluster_eps_low,T001,True,False,T001,0.4789502917909561,35.0,0.575,0.0,1.0,0.0,True,True,False
cluster_eps_low,T002,True,True,T002,0.5332391142534804,6.0,0.9375,0.0,1.0,1.0,True,True,True
cluster_eps_low,T003,True,True,T003,0.525313392090076,9.0,0.9,0.0,1.0,1.0,True,True,True
cluster_eps_low,T004,True,False,T004,0.4432701702505778,75.0,0.07499999999999996,0.0,1.0,0.0,True,True,False
cluster_eps_low,T005,True,False,T005,0.4503711593573635,64.0,0.21250000000000002,0.0,1.0,0.0,True,True,False
cluster_eps_low,T006,True,False,T006,0.4386850326879995,81.0,0.0,0.0,1.0,0.0,True,True,False
cluster_eps_low,T007,True,False,T007,0.4632120997826603,47.0,0.42500000000000004,0.0,1.0,0.0,True,True,False
cluster_eps_low,T008,True,False,T008,0.4574681742039177,57.0,0.30000000000000004,0.0,1.0,0.0,True,True,False
cluster_eps_low,T009,True,False,T009,0.4558944792691649,59.0,0.275,0.0,1.0,0.0,True,True,False
cluster_eps_low,T010,True,False,T010,0.4814907554033736,33.0,0.6,0.0,1.0,0.0,True,True,False
cluster_eps_low,T011,True,False,T011,0.4704675423276167,41.0,0.5,0.0,1.0,0.0,True,True,False
cluster_eps_low,T012,True,False,T012,0.4612480862652602,52.0,0.36250000000000004,0.0,1.0,0.0,True,True,False
cluster_eps_low,T013,True,False,T013,0.4690232011740179,42.0,0.48750000000000004,0.0,1.0,0.0,True,True,False
cluster_eps_low,T014,True,False,T014,0.4458121203915906,71.0,0.125,0.0,1.0,0.0,True,True,False
cluster_eps_low,T015,True,False,T015,0.473695865723631,40.0,0.5125,0.0,1.0,0.0,True,True,False
cluster_eps_low,T016,True,False,T016,0.4427419402137525,76.0,0.0625,0.0,1.0,0.0,True,True,False
cluster_eps_low,T017,True,False,T017,0.44180546879842,78.0,0.03749999999999998,0.0,1.0,0.0,True,True,False
cluster_eps_low,T018,True,True,T018,0.5037460287574079,18.0,0.7875,0.0,1.0,1.0,True,True,True
cluster_eps_low,T019,True,False,T019,0.4589598166192085,56.0,0.3125,0.0,1.0,0.0,True,True,False
cluster_eps_low,T020,True,False,T020,0.4625632816411688,48.0,0.4125,0.0,1.0,0.0,True,True,False
cluster_eps_low,T021,True,False,T021,0.4657184883575986,45.0,0.44999999999999996,0.0,1.0,0.0,True,True,False
cluster_eps_low,T022,True,False,T022,0.4434370877585274,74.0,0.08750000000000002,0.0,1.0,0.0,True,True,False
cluster_eps_low,T023,True,False,T023,0.4854816711913849,28.0,0.6625,0.0,1.0,0.0,True,True,False
cluster_eps_low,T024,True,False,T024,0.4486708553824126,66.0,0.1875,0.0,1.0,0.0,True,True,False
cluster_eps_low,T025,True,False,T025,0.4975064127740858,21.0,0.75,0.0,1.0,0.0,True,True,False
cluster_eps_low,T026,True,False,T026,0.4658482584622155,44.0,0.4625,0.0,1.0,0.0,True,True,False
cluster_eps_low,T027,True,False,T027,0.4424827631126301,77.0,0.050000000000000044,0.0,1.0,0.0,True,True,False
cluster_eps_low,T028,True,False,T028,0.4518010785681904,63.0,0.22499999999999998,0.0,1.0,0.0,True,True,False
cluster_eps_low,T029,True,False,T029,0.4593694302789482,54.0,0.3375,0.0,1.0,0.0,True,True,False
cluster_eps_low,T030,True,False,T030,0.4796737119263844,34.0,0.5875,0.0,1.0,0.0,True,True,False
cluster_eps_low,T031,True,False,T031,0.4621566421262938,49.0,0.4,0.0,1.0,0.0,True,True,False
cluster_eps_low,T032,True,True,T032,0.5376241091289862,5.0,0.95,0.0,1.0,1.0,True,True,True
cluster_eps_low,T033,True,False,T033,0.5103366945775107,17.0,0.8,0.0,1.0,0.0,True,True,False
cluster_eps_low,T034,True,False,T034,0.494720620105632,22.0,0.7375,0.0,1.0,0.0,True,True,False
cluster_eps_low,T035,True,False,T035,0.4880709665243965,27.0,0.675,0.0,1.0,0.0,True,True,False
cluster_eps_low,T036,True,False,T036,0.4455201239414179,72.0,0.11250000000000004,0.0,1.0,0.0,True,True,False
cluster_eps_low,T037,True,False,T037,0.4403037419542187,80.0,0.012499999999999956,0.0,1.0,0.0,True,True,False
cluster_eps_low,T038,True,False,T038,0.4903312544698785,23.0,0.725,0.0,1.0,0.0,True,True,False
cluster_eps_low,T039,True,True,T039,0.5182661236830615,13.0,0.85,0.0,1.0,1.0,True,True,True
cluster_eps_low,T040,True,False,T040,0.4887662303159955,26.0,0.6875,0.0,1.0,0.0,True,True,False
cluster_eps_low,T041,True,False,T041,0.4617116781255723,51.0,0.375,0.0,1.0,0.0,True,True,False
cluster_eps_low,T042,True,True,T042,0.5304148449409158,8.0,0.9125,0.0,1.0,1.0,True,True,True
cluster_eps_low,T043,True,False,T043,0.4571475060222483,58.0,0.2875,0.0,1.0,0.0,True,True,False
cluster_eps_low,T044,True,False,T044,0.4453375699831221,73.0,0.09999999999999998,0.0,1.0,0.0,True,True,False
cluster_eps_low,T045,True,True,T045,0.514262097832801,15.0,0.825,0.0,1.0,1.0,True,True,True
cluster_eps_low,T046,True,False,T046,0.4824774251549964,32.0,0.6125,0.0,1.0,0.0,True,True,False
cluster_eps_low,T047,True,True,T047,0.5106483166330199,16.0,0.8125,0.0,1.0,1.0,True,True,True
cluster_eps_low,T048,True,False,T048,0.4480758958602744,67.0,0.17500000000000004,0.0,1.0,0.0,True,True,False
cluster_eps_low,T049,True,True,T049,0.5487129577207815,1.0,1.0,0.0,1.0,1.0,True,True,True
cluster_eps_low,T050,True,False,T050,0.4591167488160987,55.0,0.32499999999999996,0.0,1.0,0.0,True,True,False
cluster_eps_low,T051,True,True,T051,0.5226166102948395,10.0,0.8875,0.0,1.0,1.0,True,True,True
cluster_eps_low,T052,True,True,T052,0.5220964335157148,11.0,0.875,0.0,1.0,1.0,True,True,True
cluster_eps_low,T053,True,False,T053,0.4497405040881664,65.0,0.19999999999999996,0.0,1.0,0.0,True,True,False
cluster_eps_low,T054,True,False,T054,0.4461531321279642,70.0,0.13749999999999996,0.0,1.0,0.0,True,True,False
cluster_eps_low,T055,True,False,T055,0.4828899047501436,30.0,0.6375,0.0,1.0,0.0,True,True,False
cluster_eps_low,T056,True,False,T056,0.5005330819755696,20.0,0.7625,0.0,1.0,0.0,True,True,False
cluster_eps_low,T057,True,True,T057,0.5320728798239,7.0,0.925,0.0,1.0,1.0,True,True,True
cluster_eps_low,T058,True,False,T058,0.4415393056829348,79.0,0.025000000000000022,0.0,1.0,0.0,True,True,False
cluster_eps_low,T059,True,False,T059,0.4842844538409096,29.0,0.65,0.0,1.0,0.0,True,True,False
cluster_eps_low,T060,True,True,T060,0.501786179814638,19.0,0.775,0.0,1.0,1.0,True,True,True
cluster_eps_low,T061,True,False,T061,0.4759674730669871,38.0,0.5375,0.0,1.0,0.0,True,True,False
cluster_eps_low,T062,True,False,T062,0.4474656807342056,68.0,0.16249999999999998,0.0,1.0,0.0,True,True,False
cluster_eps_low,T063,True,False,T063,0.4621005564019453,50.0,0.38749999999999996,0.0,1.0,0.0,True,True,False
cluster_eps_low,T064,True,True,T064,0.5472932900986838,2.0,0.9875,0.0,1.0,1.0,True,True,True
cluster_eps_low,T065,True,True,T065,0.5461567414472552,3.0,0.975,0.0,1.0,1.0,True,True,True
cluster_eps_low,T066,True,False,T066,0.4893443669694519,25.0,0.7,0.0,1.0,0.0,True,True,False
cluster_eps_low,T067,True,False,T067,0.4518850693697288,62.0,0.23750000000000004,0.0,1.0,0.0,True,True,False
cluster_eps_low,T068,True,False,T068,0.4766652739099764,37.0,0.55,0.0,1.0,0.0,True,True,False
cluster_eps_low,T069,True,False,T069,0.4552618626310148,60.0,0.26249999999999996,0.0,1.0,0.0,True,True,False
cluster_eps_low,T070,True,False,T070,0.4531279766547285,61.0,0.25,0.0,1.0,0.0,True,True,False
cluster_eps_low,T071,True,True,T071,0.519928266066667,12.0,0.8625,0.0,1.0,1.0,True,True,True
cluster_eps_low,T072,True,False,T072,0.4826944145582071,31.0,0.625,0.0,1.0,0.0,True,True,False
cluster_eps_low,T073,True,False,T073,0.4784651114013848,36.0,0.5625,0.0,1.0,0.0,True,True,False
cluster_eps_low,T074,True,False,T074,0.4462633538164318,69.0,0.15000000000000002,0.0,1.0,0.0,True,True,False
cluster_eps_low,T075,True,True,T075,0.5147922546711318,14.0,0.8375,0.0,1.0,1.0,True,True,True
cluster_eps_low,T076,True,False,T076,0.460222350558948,53.0,0.35,0.0,1.0,0.0,True,True,False
cluster_eps_low,T077,True,True,T077,0.5385853577051826,4.0,0.9625,0.0,1.0,1.0,True,True,True
cluster_eps_low,T078,True,False,T078,0.4759400698537117,39.0,0.525,0.0,1.0,0.0,True,True,False
cluster_eps_low,T079,True,False,T079,0.489899129886864,24.0,0.7125,0.0,1.0,0.0,True,True,False
cluster_eps_low,T080,True,False,T080,0.4665648597070382,43.0,0.475,0.0,1.0,0.0,True,True,False
cluster_eps_low,T081,True,False,T081,0.4634073017706811,46.0,0.4375,0.0,1.0,0.0,True,True,False
cluster_eps_high,T001,True,False,T001,0.4789502917909561,35.0,0.575,0.0,1.0,0.0,True,True,False
cluster_eps_high,T002,True,True,T002,0.5332391142534804,6.0,0.9375,0.0,1.0,1.0,True,True,True
cluster_eps_high,T003,True,True,T003,0.525313392090076,9.0,0.9,0.0,1.0,1.0,True,True,True
cluster_eps_high,T004,True,False,T004,0.4432701702505778,75.0,0.07499999999999996,0.0,1.0,0.0,True,True,False
cluster_eps_high,T005,True,False,T005,0.4503711593573635,64.0,0.21250000000000002,0.0,1.0,0.0,True,True,False
cluster_eps_high,T006,True,False,T006,0.4386850326879995,81.0,0.0,0.0,1.0,0.0,True,True,False
cluster_eps_high,T007,True,False,T007,0.4632120997826603,47.0,0.42500000000000004,0.0,1.0,0.0,True,True,False
cluster_eps_high,T008,True,False,T008,0.4574681742039177,57.0,0.30000000000000004,0.0,1.0,0.0,True,True,False
cluster_eps_high,T009,True,False,T009,0.4558944792691649,59.0,0.275,0.0,1.0,0.0,True,True,False
cluster_eps_high,T010,True,False,T010,0.4814907554033736,33.0,0.6,0.0,1.0,0.0,True,True,False
cluster_eps_high,T011,True,False,T011,0.4704675423276167,41.0,0.5,0.0,1.0,0.0,True,True,False
cluster_eps_high,T012,True,False,T012,0.4612480862652602,52.0,0.36250000000000004,0.0,1.0,0.0,True,True,False
cluster_eps_high,T013,True,False,T013,0.4690232011740179,42.0,0.48750000000000004,0.0,1.0,0.0,True,True,False
cluster_eps_high,T014,True,False,T014,0.4458121203915906,71.0,0.125,0.0,1.0,0.0,True,True,False
cluster_eps_high,T015,True,False,T015,0.473695865723631,40.0,0.5125,0.0,1.0,0.0,True,True,False
cluster_eps_high,T016,True,False,T016,0.4427419402137525,76.0,0.0625,0.0,1.0,0.0,True,True,False
cluster_eps_high,T017,True,False,T017,0.44180546879842,78.0,0.03749999999999998,0.0,1.0,0.0,True,True,False
cluster_eps_high,T018,True,True,T018,0.5037460287574079,18.0,0.7875,0.0,1.0,1.0,True,True,True
cluster_eps_high,T019,True,False,T019,0.4589598166192085,56.0,0.3125,0.0,1.0,0.0,True,True,False
cluster_eps_high,T020,True,False,T020,0.4625632816411688,48.0,0.4125,0.0,1.0,0.0,True,True,False
cluster_eps_high,T021,True,False,T021,0.4657184883575986,45.0,0.44999999999999996,0.0,1.0,0.0,True,True,False
cluster_eps_high,T022,True,False,T022,0.4434370877585274,74.0,0.08750000000000002,0.0,1.0,0.0,True,True,False
cluster_eps_high,T023,True,False,T023,0.4854816711913849,28.0,0.6625,0.0,1.0,0.0,True,True,False
cluster_eps_high,T024,True,False,T024,0.4486708553824126,66.0,0.1875,0.0,1.0,0.0,True,True,False
cluster_eps_high,T025,True,False,T025,0.4975064127740858,21.0,0.75,0.0,1.0,0.0,True,True,False
cluster_eps_high,T026,True,False,T026,0.4658482584622155,44.0,0.4625,0.0,1.0,0.0,True,True,False
cluster_eps_high,T027,True,False,T027,0.4424827631126301,77.0,0.050000000000000044,0.0,1.0,0.0,True,True,False
cluster_eps_high,T028,True,False,T028,0.4518010785681904,63.0,0.22499999999999998,0.0,1.0,0.0,True,True,False
cluster_eps_high,T029,True,False,T029,0.4593694302789482,54.0,0.3375,0.0,1.0,0.0,True,True,False
cluster_eps_high,T030,True,False,T030,0.4796737119263844,34.0,0.5875,0.0,1.0,0.0,True,True,False
cluster_eps_high,T031,True,False,T031,0.4621566421262938,49.0,0.4,0.0,1.0,0.0,True,True,False
cluster_eps_high,T032,True,True,T032,0.5376241091289862,5.0,0.95,0.0,1.0,1.0,True,True,True
cluster_eps_high,T033,True,False,T033,0.5103366945775107,17.0,0.8,0.0,1.0,0.0,True,True,False
cluster_eps_high,T034,True,False,T034,0.494720620105632,22.0,0.7375,0.0,1.0,0.0,True,True,False
cluster_eps_high,T035,True,False,T035,0.4880709665243965,27.0,0.675,0.0,1.0,0.0,True,True,False
cluster_eps_high,T036,True,False,T036,0.4455201239414179,72.0,0.11250000000000004,0.0,1.0,0.0,True,True,False
cluster_eps_high,T037,True,False,T037,0.4403037419542187,80.0,0.012499999999999956,0.0,1.0,0.0,True,True,False
cluster_eps_high,T038,True,False,T038,0.4903312544698785,23.0,0.725,0.0,1.0,0.0,True,True,False
cluster_eps_high,T039,True,True,T039,0.5182661236830615,13.0,0.85,0.0,1.0,1.0,True,True,True
cluster_eps_high,T040,True,False,T040,0.4887662303159955,26.0,0.6875,0.0,1.0,0.0,True,True,False
cluster_eps_high,T041,True,False,T041,0.4617116781255723,51.0,0.375,0.0,1.0,0.0,True,True,False
cluster_eps_high,T042,True,True,T042,0.5304148449409158,8.0,0.9125,0.0,1.0,1.0,True,True,True
cluster_eps_high,T043,True,False,T043,0.4571475060222483,58.0,0.2875,0.0,1.0,0.0,True,True,False
cluster_eps_high,T044,True,False,T044,0.4453375699831221,73.0,0.09999999999999998,0.0,1.0,0.0,True,True,False
cluster_eps_high,T045,True,True,T045,0.514262097832801,15.0,0.825,0.0,1.0,1.0,True,True,True
cluster_eps_high,T046,True,False,T046,0.4824774251549964,32.0,0.6125,0.0,1.0,0.0,True,True,False
cluster_eps_high,T047,True,True,T047,0.5106483166330199,16.0,0.8125,0.0,1.0,1.0,True,True,True
cluster_eps_high,T048,True,False,T048,0.4480758958602744,67.0,0.17500000000000004,0.0,1.0,0.0,True,True,False
cluster_eps_high,T049,True,True,T049,0.5487129577207815,1.0,1.0,0.0,1.0,1.0,True,True,True
cluster_eps_high,T050,True,False,T050,0.4591167488160987,55.0,0.32499999999999996,0.0,1.0,0.0,True,True,False
cluster_eps_high,T051,True,True,T051,0.5226166102948395,10.0,0.8875,0.0,1.0,1.0,True,True,True
cluster_eps_high,T052,True,True,T052,0.5220964335157148,11.0,0.875,0.0,1.0,1.0,True,True,True
cluster_eps_high,T053,True,False,T053,0.4497405040881664,65.0,0.19999999999999996,0.0,1.0,0.0,True,True,False
cluster_eps_high,T054,True,False,T054,0.4461531321279642,70.0,0.13749999999999996,0.0,1.0,0.0,True,True,False
cluster_eps_high,T055,True,False,T055,0.4828899047501436,30.0,0.6375,0.0,1.0,0.0,True,True,False
cluster_eps_high,T056,True,False,T056,0.5005330819755696,20.0,0.7625,0.0,1.0,0.0,True,True,False
cluster_eps_high,T057,True,True,T057,0.5320728798239,7.0,0.925,0.0,1.0,1.0,True,True,True
cluster_eps_high,T058,True,False,T058,0.4415393056829348,79.0,0.025000000000000022,0.0,1.0,0.0,True,True,False
cluster_eps_high,T059,True,False,T059,0.4842844538409096,29.0,0.65,0.0,1.0,0.0,True,True,False
cluster_eps_high,T060,True,True,T060,0.501786179814638,19.0,0.775,0.0,1.0,1.0,True,True,True
cluster_eps_high,T061,True,False,T061,0.4759674730669871,38.0,0.5375,0.0,1.0,0.0,True,True,False
cluster_eps_high,T062,True,False,T062,0.4474656807342056,68.0,0.16249999999999998,0.0,1.0,0.0,True,True,False
cluster_eps_high,T063,True,False,T063,0.4621005564019453,50.0,0.38749999999999996,0.0,1.0,0.0,True,True,False
cluster_eps_high,T064,True,True,T064,0.5472932900986838,2.0,0.9875,0.0,1.0,1.0,True,True,True
cluster_eps_high,T065,True,True,T065,0.5461567414472552,3.0,0.975,0.0,1.0,1.0,True,True,True
cluster_eps_high,T066,True,False,T066,0.4893443669694519,25.0,0.7,0.0,1.0,0.0,True,True,False
cluster_eps_high,T067,True,False,T067,0.4518850693697288,62.0,0.23750000000000004,0.0,1.0,0.0,True,True,False
cluster_eps_high,T068,True,False,T068,0.4766652739099764,37.0,0.55,0.0,1.0,0.0,True,True,False
cluster_eps_high,T069,True,False,T069,0.4552618626310148,60.0,0.26249999999999996,0.0,1.0,0.0,True,True,False
cluster_eps_high,T070,True,False,T070,0.4531279766547285,61.0,0.25,0.0,1.0,0.0,True,True,False
cluster_eps_high,T071,True,True,T071,0.519928266066667,12.0,0.8625,0.0,1.0,1.0,True,True,True
cluster_eps_high,T072,True,False,T072,0.4826944145582071,31.0,0.625,0.0,1.0,0.0,True,True,False
cluster_eps_high,T073,True,False,T073,0.4784651114013848,36.0,0.5625,0.0,1.0,0.0,True,True,False
cluster_eps_high,T074,True,False,T074,0.4462633538164318,69.0,0.15000000000000002,0.0,1.0,0.0,True,True,False
cluster_eps_high,T075,True,True,T075,0.5147922546711318,14.0,0.8375,0.0,1.0,1.0,True,True,True
cluster_eps_high,T076,True,False,T076,0.460222350558948,53.0,0.35,0.0,1.0,0.0,True,True,False
cluster_eps_high,T077,True,True,T077,0.5385853577051826,4.0,0.9625,0.0,1.0,1.0,True,True,True
cluster_eps_high,T078,True,False,T078,0.4759400698537117,39.0,0.525,0.0,1.0,0.0,True,True,False
cluster_eps_high,T079,True,False,T079,0.489899129886864,24.0,0.7125,0.0,1.0,0.0,True,True,False
cluster_eps_high,T080,True,False,T080,0.4665648597070382,43.0,0.475,0.0,1.0,0.0,True,True,False
cluster_eps_high,T081,True,False,T081,0.4634073017706811,46.0,0.4375,0.0,1.0,0.0,True,True,False
diameter_low,T001,True,False,T001,0.4789502917909561,39.0,0.5957446808510638,0.0,1.0,0.0,True,True,False
diameter_low,T002,True,True,T002,0.5332391142534804,7.0,0.9361702127659575,0.0,1.0,1.0,True,True,True
diameter_low,T003,True,True,T003,0.525313392090076,9.0,0.9148936170212766,0.0,1.0,1.0,True,True,True
diameter_low,T004,True,False,T005,0.4480397529319269,79.0,0.17021276595744683,3498.571136906701,1.0,0.0,True,True,False
diameter_low,T005,True,False,T006,0.4503711593573635,72.0,0.24468085106382975,0.0,1.0,0.0,True,True,False
diameter_low,T006,True,False,T007,0.4386850326879995,94.0,0.010638297872340385,0.0,1.0,0.0,True,True,False
diameter_low,T007,True,False,T008,0.4632120997826603,55.0,0.42553191489361697,0.0,1.0,0.0,True,True,False
diameter_low,T008,True,False,T009,0.4574681742039177,63.0,0.34042553191489366,0.0,1.0,0.0,True,True,False
diameter_low,T009,True,False,T010,0.4558944792691649,65.0,0.3191489361702128,0.0,1.0,0.0,True,True,False
diameter_low,T010,True,False,T011,0.4814907554033736,37.0,0.6170212765957447,0.0,1.0,0.0,True,True,False
diameter_low,T011,True,False,T012,0.4704675423276167,47.0,0.5106382978723405,0.0,1.0,0.0,True,True,False
diameter_low,T012,True,False,T013,0.4612480862652602,59.0,0.3829787234042553,0.0,1.0,0.0,True,True,False
diameter_low,T013,True,False,T015,0.4690232011740179,49.0,0.4893617021276596,0.0,1.0,0.0,True,True,False
diameter_low,T014,True,False,T016,0.4458121203915906,84.0,0.11702127659574468,0.0,1.0,0.0,True,True,False
diameter_low,T015,True,False,T018,0.469952861714581,48.0,0.5,1999.1835068072746,1.0,0.0,True,True,False
diameter_low,T016,True,False,T017,0.4398060391322847,93.0,0.021276595744680882,3162.2776601683795,1.0,0.0,True,True,False
diameter_low,T017,True,False,T019,0.44180546879842,90.0,0.05319148936170215,0.0,1.0,0.0,True,True,False
diameter_low,T018,True,True,T020,0.5037460287574079,20.0,0.7978723404255319,0.0,1.0,1.0,True,True,True
diameter_low,T019,True,False,T022,0.4589598166192085,62.0,0.35106382978723405,0.0,1.0,0.0,True,True,False
diameter_low,T020,True,False,T023,0.4625632816411688,56.0,0.4148936170212766,0.0,1.0,0.0,True,True,False
diameter_low,T021,True,False,T024,0.4657184883575986,52.0,0.45744680851063835,0.0,1.0,0.0,True,True,False
diameter_low,T022,True,False,T025,0.4434370877585274,87.0,0.08510638297872342,0.0,1.0,0.0,True,True,False
diameter_low,T023,True,False,T026,0.4854816711913849,32.0,0.6702127659574468,0.0,1.0,0.0,True,True,False
diameter_low,T024,True,False,T027,0.4486708553824126,76.0,0.2021276595744681,0.0,1.0,0.0,True,True,False
diameter_low,T025,True,False,T028,0.4975064127740858,22.0,0.7765957446808511,0.0,1.0,0.0,True,True,False
diameter_low,T026,True,False,T029,0.4658482584622155,51.0,0.46808510638297873,0.0,1.0,0.0,True,True,False
diameter_low,T027,True,False,T030,0.4424827631126301,88.0,0.07446808510638303,0.0,1.0,0.0,True,True,False
diameter_low,T028,True,False,T031,0.4518010785681904,71.0,0.25531914893617025,0.0,1.0,0.0,True,True,False
diameter_low,T029,True,False,T032,0.4593694302789482,60.0,0.37234042553191493,0.0,1.0,0.0,True,True,False
diameter_low,T030,True,False,T033,0.4796737119263844,38.0,0.6063829787234043,0.0,1.0,0.0,True,True,False
diameter_low,T031,True,False,T034,0.4621566421262938,57.0,0.4042553191489362,0.0,1.0,0.0,True,True,False
diameter_low,T032,True,True,T035,0.5376241091289862,6.0,0.9468085106382979,0.0,1.0,1.0,True,True,True
diameter_low,T033,True,False,T036,0.5103366945775107,19.0,0.8085106382978724,0.0,1.0,0.0,True,True,False
diameter_low,T034,True,False,T037,0.494720620105632,24.0,0.7553191489361702,0.0,1.0,0.0,True,True,False
diameter_low,T035,True,False,T038,0.4880709665243965,30.0,0.6914893617021276,0.0,1.0,0.0,True,True,False
diameter_low,T036,True,False,T039,0.4455201239414179,85.0,0.1063829787234043,0.0,1.0,0.0,True,True,False
diameter_low,T037,True,False,T040,0.4403037419542187,92.0,0.03191489361702127,0.0,1.0,0.0,True,True,False
diameter_low,T038,True,False,T041,0.4903312544698785,26.0,0.7340425531914894,0.0,1.0,0.0,True,True,False
diameter_low,T039,True,True,T042,0.5182661236830615,14.0,0.8617021276595744,0.0,1.0,1.0,True,True,True
diameter_low,T040,True,False,T044,0.4887662303159955,29.0,0.7021276595744681,0.0,1.0,0.0,True,True,False
diameter_low,T041,True,False,T047,0.4523314853386437,69.0,0.276595744680851,2466.666666669016,1.0,0.0,True,True,False
diameter_low,T042,True,True,T045,0.5304148449409158,8.0,0.925531914893617,0.0,1.0,1.0,True,True,True
diameter_low,T043,True,False,T046,0.4501061579460367,73.0,0.23404255319148937,3195.1021401407043,1.0,0.0,True,True,False
diameter_low,T044,True,False,T048,0.4453375699831221,86.0,0.0957446808510638,0.0,1.0,0.0,True,True,False
diameter_low,T045,True,True,T049,0.514262097832801,16.0,0.8404255319148937,0.0,1.0,1.0,True,True,True
diameter_low,T046,True,False,T050,0.4824774251549964,36.0,0.6276595744680851,0.0,1.0,0.0,True,True,False
diameter_low,T047,True,True,T051,0.5106483166330199,18.0,0.8191489361702128,0.0,1.0,1.0,True,True,True
diameter_low,T048,True,False,T053,0.4480758958602744,78.0,0.18085106382978722,0.0,1.0,0.0,True,True,False
diameter_low,T049,True,True,T054,0.5487129577207815,1.0,1.0,0.0,1.0,1.0,True,True,True
diameter_low,T050,True,False,T055,0.4591167488160987,61.0,0.36170212765957444,0.0,1.0,0.0,True,True,False
diameter_low,T051,True,True,T056,0.5226166102948395,10.0,0.9042553191489362,0.0,1.0,1.0,True,True,True
diameter_low,T052,True,True,T057,0.5220964335157148,11.0,0.8936170212765957,0.0,1.0,1.0,True,True,True
diameter_low,T053,True,False,T061,0.4497405040881664,74.0,0.22340425531914898,0.0,1.0,0.0,True,True,False
diameter_low,T054,True,False,T063,0.446263602184121,82.0,0.13829787234042556,3293.0904093954146,1.0,0.0,True,True,False
diameter_low,T055,True,False,T062,0.4828899047501436,34.0,0.648936170212766,0.0,1.0,0.0,True,True,False
diameter_low,T056,True,False,T064,0.4856419648645788,31.0,0.6808510638297872,2804.1969274959033,1.0,0.42857142857142855,True,True,True
diameter_low,T057,True,True,T070,0.5460986493480854,4.0,0.9680851063829787,3242.731275090738,1.0,1.0,True,True,True
diameter_low,T058,True,False,T067,0.4415393056829348,91.0,0.04255319148936165,0.0,1.0,0.0,True,True,False
diameter_low,T059,True,False,T066,0.4941073432835353,25.0,0.7446808510638299,2650.5679021781352,1.0,0.0,True,True,False
diameter_low,T060,True,True,T069,0.501786179814638,21.0,0.7872340425531915,0.0,1.0,1.0,True,True,True
diameter_low,T061,True,False,T065,0.478378940311787,41.0,0.574468085106383,3201.5621187136608,1.0,0.0,True,True,False
diameter_low,T062,True,False,T071,0.4474656807342056,80.0,0.15957446808510634,0.0,1.0,0.0,True,True,False
diameter_low,T063,True,False,T072,0.4621005564019453,58.0,0.3936170212765957,0.0,1.0,0.0,True,True,False
diameter_low,T064,True,True,T074,0.5472932900986838,2.0,0.9893617021276596,0.0,1.0,1.0,True,True,True
diameter_low,T065,True,True,T075,0.5461567414472552,3.0,0.9787234042553191,0.0,1.0,1.0,True,True,True
diameter_low,T066,True,False,T076,0.4893443669694519,28.0,0.7127659574468085,0.0,1.0,0.0,True,True,False
diameter_low,T067,True,False,T077,0.4518850693697288,70.0,0.26595744680851063,0.0,1.0,0.0,True,True,False
diameter_low,T068,True,False,T078,0.4766652739099764,42.0,0.5638297872340425,0.0,1.0,0.0,True,True,False
diameter_low,T069,True,False,T079,0.4552618626310148,66.0,0.3085106382978723,0.0,1.0,0.0,True,True,False
diameter_low,T070,True,False,T080,0.4531279766547285,68.0,0.2872340425531915,0.0,1.0,0.0,True,True,False
diameter_low,T071,True,True,T081,0.519928266066667,13.0,0.8723404255319149,0.0,1.0,1.0,True,True,True
diameter_low,T072,True,False,T082,0.4826944145582071,35.0,0.6382978723404256,0.0,1.0,0.0,True,True,False
diameter_low,T073,True,False,T084,0.4784651114013848,40.0,0.5851063829787234,0.0,1.0,0.0,True,True,False
diameter_low,T074,True,False,T083,0.4485883068674742,77.0,0.19148936170212771,2401.1715890363876,1.0,0.0,True,True,False
diameter_low,T075,True,True,T085,0.5147922546711318,15.0,0.851063829787234,0.0,1.0,1.0,True,True,True
diameter_low,T076,True,False,T086,0.465494614906257,54.0,0.43617021276595747,3824.2646351945887,1.0,0.0,True,True,False
diameter_low,T077,True,True,T088,0.5385853577051826,5.0,0.9574468085106383,0.0,1.0,1.0,True,True,True
diameter_low,T078,True,False,T090,0.4961534769561441,23.0,0.7659574468085106,2818.488522425271,1.0,0.0,True,True,False
diameter_low,T079,True,False,T092,0.489899129886864,27.0,0.7234042553191489,0.0,1.0,0.0,True,True,False
diameter_low,T080,True,False,T093,0.4665648597070382,50.0,0.4787234042553191,0.0,1.0,0.0,True,True,False
diameter_low,T081,True,False,T095,0.4568277017651798,64.0,0.32978723404255317,3057.797827040086,1.0,0.0,True,True,False
diameter_high,T001,True,False,T001,0.4789502917909561,23.0,0.6206896551724138,0.0,1.0,0.0,True,True,False
diameter_high,T002,True,True,T002,0.5332391142534804,3.0,0.9655172413793104,0.0,1.0,1.0,True,True,True
diameter_high,T003,True,True,T003,0.525313392090076,5.0,0.9310344827586207,0.0,1.0,1.0,True,True,True
diameter_high,T004,True,False,T004,0.4432701702505778,56.0,0.051724137931034475,0.0,1.0,0.0,True,True,False
diameter_high,T005,False,False,,,,,,1.0,0.0,True,True,False
diameter_high,T006,False,False,,,,,,1.0,0.0,True,True,False
diameter_high,T007,True,False,T005,0.4632120997826603,34.0,0.43103448275862066,0.0,1.0,0.0,True,True,False
diameter_high,T008,True,False,T006,0.4574681742039177,40.0,0.3275862068965517,0.0,1.0,0.0,True,True,False
diameter_high,T009,True,False,T007,0.4558944792691649,43.0,0.27586206896551724,0.0,1.0,0.0,True,True,False
diameter_high,T010,True,False,T008,0.4681537856693692,27.0,0.5517241379310345,3439.435911275499,1.0,0.0,True,True,False
diameter_high,T011,False,False,,,,,,1.0,0.0,True,True,False
diameter_high,T012,True,False,T010,0.4612480862652602,37.0,0.3793103448275862,0.0,1.0,0.0,True,True,False
diameter_high,T013,True,False,T009,0.4633166527652139,33.0,0.4482758620689655,2708.11452813912,1.0,0.0,True,True,False
diameter_high,T014,True,False,T011,0.4458121203915906,52.0,0.12068965517241381,0.0,1.0,0.0,True,True,False
diameter_high,T015,True,False,T012,0.473695865723631,26.0,0.5689655172413793,0.0,1.0,0.0,True,True,False
diameter_high,T016,True,False,T013,0.4427419402137525,57.0,0.03448275862068961,0.0,1.0,0.0,True,True,False
diameter_high,T017,True,False,T014,0.44180546879842,59.0,0.0,0.0,1.0,0.0,True,True,False
diameter_high,T018,True,True,T015,0.5037460287574079,11.0,0.8275862068965517,0.0,1.0,1.0,True,True,True
diameter_high,T019,True,False,T016,0.4589598166192085,39.0,0.3448275862068966,0.0,1.0,0.0,True,True,False
diameter_high,T020,True,False,T017,0.4625632816411688,35.0,0.4137931034482759,0.0,1.0,0.0,True,True,False
diameter_high,T021,True,False,T018,0.4657184883575986,31.0,0.48275862068965514,0.0,1.0,0.0,True,True,False
diameter_high,T022,True,False,T019,0.4434370877585274,55.0,0.06896551724137934,0.0,1.0,0.0,True,True,False
diameter_high,T023,True,False,T020,0.4827712902010513,20.0,0.6724137931034483,3182.8642760905486,1.0,0.0,True,True,False
diameter_high,T024,False,False,,,,,,1.0,0.0,True,True,False
diameter_high,T025,True,False,T022,0.4798315274501898,22.0,0.6379310344827587,3911.521443120018,1.0,0.0,True,True,False
diameter_high,T026,True,False,T021,0.4658482584622155,30.0,0.5,0.0,1.0,0.0,True,True,False
diameter_high,T027,True,False,T023,0.4424827631126301,58.0,0.017241379310344862,0.0,1.0,0.0,True,True,False
diameter_high,T028,True,False,T024,0.4518010785681904,47.0,0.2068965517241379,0.0,1.0,0.0,True,True,False
diameter_high,T029,True,False,T025,0.4593694302789482,38.0,0.3620689655172413,0.0,1.0,0.0,True,True,False
diameter_high,T030,False,False,,,,,,1.0,0.0,True,True,False
diameter_high,T031,False,False,,,,,,1.0,0.0,True,True,False
diameter_high,T032,False,False,,,,,,1.0,0.0,True,True,False
diameter_high,T033,True,False,T026,0.5027259204371614,12.0,0.8103448275862069,3416.6976329032886,1.0,0.0,True,True,False
diameter_high,T034,True,False,T027,0.4930666229418441,18.0,0.7068965517241379,2713.893927523394,1.0,0.0,True,True,False
diameter_high,T035,True,False,T029,0.4668410889376508,28.0,0.5344827586206897,4714.04520791159,1.0,0.0,True,True,False
diameter_high,T036,True,False,T028,0.4455201239414179,53.0,0.10344827586206895,0.0,1.0,0.0,True,True,False
diameter_high,T037,False,False,,,,,,1.0,0.0,True,True,False
diameter_high,T038,True,False,T030,0.4903312544698785,19.0,0.6896551724137931,0.0,1.0,0.0,True,True,False
diameter_high,T039,False,False,,,,,,1.0,0.0,True,True,False
diameter_high,T040,False,False,,,,,,1.0,0.0,True,True,False
diameter_high,T041,True,False,T031,0.4617116781255723,36.0,0.39655172413793105,0.0,1.0,0.0,True,True,False
diameter_high,T042,True,True,T032,0.5230023968254548,6.0,0.9137931034482758,2765.86333718726,1.0,1.0,True,True,True
diameter_high,T043,True,False,T034,0.4571475060222483,41.0,0.31034482758620685,0.0,1.0,0.0,True,True,False
diameter_high,T044,True,False,T035,0.4453375699831221,54.0,0.08620689655172409,0.0,1.0,0.0,True,True,False
diameter_high,T045,True,True,T036,0.514262097832801,8.0,0.8793103448275862,0.0,1.0,1.0,True,True,True
diameter_high,T046,True,False,T033,0.4954914973470201,16.0,0.7413793103448276,3779.421603986155,1.0,0.0,True,True,False
diameter_high,T047,False,False,,,,,,1.0,1.0,True,True,True
diameter_high,T048,True,False,T037,0.4480758958602744,49.0,0.1724137931034483,0.0,1.0,0.0,True,True,False
diameter_high,T049,True,True,T038,0.5487129577207815,1.0,1.0,0.0,1.0,1.0,True,True,True
diameter_high,T050,False,False,,,,,,1.0,0.0,True,True,False
diameter_high,T051,False,False,,,,,,1.0,0.0,True,True,False
diameter_high,T052,True,True,T039,0.5220964335157148,7.0,0.896551724137931,0.0,1.0,1.0,True,True,True
diameter_high,T053,True,False,T040,0.4534910019793394,44.0,0.2586206896551724,3231.098884284161,1.0,0.0,True,True,False
diameter_high,T054,True,False,T041,0.4461531321279642,51.0,0.13793103448275867,0.0,1.0,0.0,True,True,False
diameter_high,T055,False,False,,,,,,1.0,0.0,True,True,False
diameter_high,T056,True,False,T042,0.5005330819755696,13.0,0.7931034482758621,0.0,1.0,0.0,True,True,False
diameter_high,T057,True,False,T043,0.5128273678385169,9.0,0.8620689655172413,2943.76029968935,1.0,0.0,True,True,False
diameter_high,T058,True,False,T045,0.4506776393358284,48.0,0.18965517241379315,3851.6951535078856,1.0,0.0,True,True,False
diameter_high,T059,True,False,T044,0.4943718634340491,17.0,0.7241379310344828,1944.4668777742406,1.0,0.0,True,True,False
diameter_high,T060,True,False,T047,0.4962564852167774,15.0,0.7586206896551724,3597.8388574854825,1.0,0.0,True,True,False
diameter_high,T061,True,False,T046,0.5040431804190943,10.0,0.8448275862068966,3280.2438933672565,1.0,0.0,True,True,False
diameter_high,T062,False,False,,,,,,1.0,0.0,True,True,False
diameter_high,T063,False,False,,,,,,1.0,0.0,True,True,False
diameter_high,T064,True,True,T048,0.5472932900986838,2.0,0.9827586206896551,0.0,1.0,1.0,True,True,True
diameter_high,T065,False,False,,,,,,1.0,0.0,True,True,False
diameter_high,T066,False,False,,,,,,1.0,0.0,True,True,False
diameter_high,T067,True,False,T050,0.4518850693697288,46.0,0.22413793103448276,0.0,1.0,0.0,True,True,False
diameter_high,T068,False,False,,,,,,1.0,0.0,True,True,False
diameter_high,T069,True,False,T049,0.452230014115589,45.0,0.24137931034482762,3219.331530064297,1.0,0.0,True,True,False
diameter_high,T070,True,False,T052,0.4559657262164163,42.0,0.2931034482758621,3313.6083051546607,1.0,0.0,True,True,False
diameter_high,T071,True,True,T053,0.5292568118859249,4.0,0.9482758620689655,3911.521443120018,1.0,1.0,True,True,True
diameter_high,T072,True,False,T051,0.4804334868151205,21.0,0.6551724137931034,3000.000000000559,1.0,0.0,True,True,False
diameter_high,T073,True,False,T054,0.4784651114013848,24.0,0.603448275862069,0.0,1.0,0.0,True,True,False
diameter_high,T074,True,False,T055,0.4462633538164318,50.0,0.15517241379310343,0.0,1.0,0.0,True,True,False
diameter_high,T075,False,False,,,,,,1.0,0.0,True,True,False
diameter_high,T076,False,False,,,,,,1.0,0.0,True,True,False
diameter_high,T077,False,False,,,,,,1.0,1.0,True,True,True
diameter_high,T078,True,False,T057,0.4759400698537117,25.0,0.5862068965517242,0.0,1.0,0.0,True,True,False
diameter_high,T079,True,False,T056,0.4990702811231732,14.0,0.7758620689655172,3107.1582085544565,1.0,0.0,True,True,False
diameter_high,T080,True,False,T058,0.4665648597070382,29.0,0.5172413793103448,0.0,1.0,0.0,True,True,False
diameter_high,T081,True,False,T059,0.4634073017706811,32.0,0.4655172413793104,0.0,1.0,0.0,True,True,False
weight_topology,T001,True,False,T001,0.5223866388960645,33.0,0.6,0.0,1.0,0.0,True,True,False
weight_topology,T002,True,True,T002,0.5757030370072219,4.0,0.9625,0.0,1.0,1.0,True,True,True
weight_topology,T003,True,True,T003,0.5677106249949329,5.0,0.95,0.0,1.0,1.0,True,True,True
weight_topology,T004,True,False,T004,0.4830671522287118,72.0,0.11250000000000004,805.5363982383792,0.9,0.0,True,True,False
weight_topology,T005,True,False,T005,0.4911365455473793,63.0,0.22499999999999998,0.0,1.0,0.0,True,True,False
weight_topology,T006,True,False,T006,0.4761115255439114,81.0,0.0,0.0,1.0,0.0,True,True,False
weight_topology,T007,True,False,T007,0.5087452271930908,44.0,0.4625,0.0,1.0,0.0,True,True,False
weight_topology,T008,True,False,T008,0.5002612789215205,53.0,0.35,0.0,1.0,0.0,True,True,False
weight_topology,T009,True,False,T009,0.4982379568625526,55.0,0.32499999999999996,0.0,1.0,0.0,True,True,False
weight_topology,T010,True,False,T010,0.5311474547493924,27.0,0.675,0.0,1.0,0.0,True,True,False
weight_topology,T011,True,False,T011,0.5169747522234194,35.0,0.575,0.0,1.0,0.0,True,True,False
weight_topology,T012,True,False,T012,0.5051211658575324,48.0,0.4125,0.0,1.0,0.0,True,True,False
weight_topology,T013,True,False,T013,0.5161167431677932,36.0,0.5625,0.0,1.0,0.0,True,True,False
weight_topology,T014,True,False,T014,0.4852749240199571,69.0,0.15000000000000002,0.0,1.0,0.0,True,True,False
weight_topology,T015,True,False,T015,0.5231219157383092,32.0,0.6125,1423.1449474911003,1.0,0.0,True,True,False
weight_topology,T016,True,False,T016,0.4813275495055939,75.0,0.07499999999999996,0.0,1.0,0.0,True,True,False
weight_topology,T017,True,False,T017,0.4801235148287379,79.0,0.025000000000000022,0.0,1.0,0.0,True,True,False
weight_topology,T018,True,True,T018,0.539623169632653,24.0,0.7125,1581.1388300841897,1.0,0.8333333333333334,True,True,True
weight_topology,T019,True,False,T020,0.503073255984907,52.0,0.36250000000000004,773.1609003154773,1.0,0.0,True,True,False
weight_topology,T020,True,False,T021,0.5068121313408434,46.0,0.4375,0.0,1.0,0.0,True,True,False
weight_topology,T021,True,False,T025,0.5194222180883368,34.0,0.5875,3160.4844773437526,1.0,0.0,True,True,False
weight_topology,T022,True,False,T024,0.4822213106345903,74.0,0.08750000000000002,0.0,1.0,0.0,True,True,False
weight_topology,T023,True,False,T026,0.5261802971419673,30.0,0.6375,2782.5700361226022,1.0,0.125,True,True,False
weight_topology,T024,True,False,T022,0.4860244003434415,67.0,0.17500000000000004,1309.7921802916503,1.0,0.0,True,True,False
weight_topology,T025,True,False,T023,0.5356387219104984,26.0,0.6875,3046.309242344218,1.0,0.0,True,True,False
weight_topology,T026,True,False,T027,0.504442266374497,51.0,0.375,0.0,1.0,0.0,True,True,False
weight_topology,T027,True,False,T028,0.4809943218041508,76.0,0.0625,0.0,1.0,0.0,True,True,False
weight_topology,T028,True,False,T029,0.4929750131041568,58.0,0.2875,0.0,1.0,0.0,True,True,False
weight_topology,T029,True,False,T030,0.4970529222773684,56.0,0.3125,1740.0510848211309,1.0,0.0,True,True,False
weight_topology,T030,True,True,T037,0.5428025224445994,19.0,0.775,8337.889910720854,1.0,0.2857142857142857,True,True,True
weight_topology,T031,True,False,T032,0.4801731761799486,78.0,0.03749999999999998,3649.6575181789317,1.0,0.0,True,True,False
weight_topology,T032,True,True,T035,0.5816552983667073,2.0,0.9875,3807.886552931954,1.0,0.5,True,True,True
weight_topology,T033,True,False,T031,0.53867661031619,25.0,0.7,1749.285568453111,1.0,0.0,True,True,False
weight_topology,T034,True,True,T033,0.5403610360736341,22.0,0.7375,1948.343629707606,1.0,0.6153846153846154,True,True,True
weight_topology,T035,True,False,T034,0.512491395317679,40.0,0.5125,1500.0,1.0,0.2,True,True,False
weight_topology,T036,False,False,,,,,,1.0,0.0,True,True,False
weight_topology,T037,True,False,T040,0.4794502567420692,80.0,0.012499999999999956,2793.943887942523,1.0,0.0,True,True,False
weight_topology,T038,True,True,T042,0.5417034062585327,21.0,0.75,4080.441152618579,1.0,1.0,True,True,True
weight_topology,T039,True,False,T036,0.5287679515987358,29.0,0.65,3181.980515338542,1.0,0.0,True,True,False
weight_topology,T040,True,False,T038,0.5400356254917359,23.0,0.725,1395.3274796661876,1.0,0.0,True,True,False
weight_topology,T041,True,False,T041,0.4922147132114339,62.0,0.23750000000000004,3689.2157025616534,1.0,0.0,True,True,False
weight_topology,T042,True,False,T046,0.5452524303699902,18.0,0.7875,6000.0,1.0,0.6,True,True,True
weight_topology,T043,True,False,T043,0.4998489912593741,54.0,0.3375,0.0,1.0,0.0,True,True,False
weight_topology,T044,True,False,T044,0.4846647877804975,70.0,0.13749999999999996,0.0,1.0,0.0,True,True,False
weight_topology,T045,True,False,T039,0.548955179920786,16.0,0.8125,4318.564576335335,1.0,0.0,True,True,False
weight_topology,T046,True,False,T045,0.5128091874080851,39.0,0.525,1307.845244543638,1.0,0.0,True,True,False
weight_topology,T047,True,True,T047,0.551339076776868,14.0,0.8375,4000.0,1.0,0.6666666666666666,True,True,True
weight_topology,T048,False,False,,,,,,1.0,0.25,True,True,True
weight_topology,T049,True,True,T048,0.5776979814946599,3.0,0.975,1627.8820596136322,1.0,1.0,True,True,True
weight_topology,T050,True,False,T054,0.5070799741208971,45.0,0.44999999999999996,3605.551275467864,1.0,0.0,True,True,False
weight_topology,T051,True,True,T049,0.5576499275219365,8.0,0.9125,0.0,1.0,1.0,True,True,True
weight_topology,T052,True,True,T050,0.5586294804542706,7.0,0.925,0.0,1.0,1.0,True,True,True
weight_topology,T053,True,False,T051,0.4891010516654113,65.0,0.19999999999999996,625.0,1.0,0.0,True,True,False
weight_topology,T054,True,False,T053,0.485713367681009,68.0,0.16249999999999998,0.0,1.0,0.0,True,True,False
weight_topology,T055,True,True,T057,0.5576131838551093,9.0,0.9,4179.978734663291,1.0,0.5555555555555556,True,True,True
weight_topology,T056,True,True,T052,0.5555170497486032,12.0,0.8625,3738.929236653945,1.0,0.42857142857142855,True,True,True
weight_topology,T057,True,False,T055,0.5455399519985641,17.0,0.8,5851.216514009986,1.0,0.6428571428571429,True,True,True
weight_topology,T058,True,False,T056,0.4823971560030823,73.0,0.09999999999999998,1004.9875621133864,1.0,0.0,True,True,False
weight_topology,T059,True,False,T058,0.5247542708423285,31.0,0.625,331.72437028821065,1.0,0.0,True,True,False
weight_topology,T060,True,True,T059,0.5422274259412917,20.0,0.7625,600.925212577676,1.0,0.9,True,True,True
weight_topology,T061,False,False,,,,,,1.0,0.4166666666666667,True,True,True
weight_topology,T062,True,False,T061,0.496879645917783,57.0,0.30000000000000004,3278.252396556878,1.0,0.0,True,True,False
weight_topology,T063,True,False,T060,0.5095583319876396,43.0,0.475,1274.7548783963698,1.0,0.0,True,True,False
weight_topology,T064,True,True,T063,0.5827836806763297,1.0,1.0,0.0,1.0,1.0,True,True,True
weight_topology,T065,True,True,T064,0.5564191120757507,11.0,0.875,3535.533905928918,1.0,1.0,True,True,True
weight_topology,T066,True,False,T066,0.5147398232289554,38.0,0.5375,1466.3054432450756,1.0,0.0,True,True,False
weight_topology,T067,True,False,T062,0.511600988288286,41.0,0.5,4569.463863518345,1.0,0.1,True,True,False
weight_topology,T068,True,True,T065,0.5514326546659557,13.0,0.85,2599.999999998424,1.0,0.6666666666666666,True,True,True
weight_topology,T069,True,False,T068,0.4924768836634392,59.0,0.275,1225.7566393245074,1.0,0.18181818181818182,True,True,False
weight_topology,T070,True,False,T067,0.4924369922827925,60.0,0.26249999999999996,1000.0,1.0,0.0,True,True,False
weight_topology,T071,True,True,T071,0.5565575985271476,10.0,0.8875,1843.9088914577694,1.0,1.0,True,True,True
weight_topology,T072,True,False,T070,0.5061561113683374,47.0,0.42500000000000004,1843.9088914614058,1.0,0.2,True,True,False
weight_topology,T073,True,False,T073,0.5293286948420713,28.0,0.6625,2855.9149146989657,1.0,0.0,True,True,False
weight_topology,T074,True,False,T076,0.4808730390282335,77.0,0.050000000000000044,4001.9526483954724,1.0,0.0,True,True,False
weight_topology,T075,True,True,T074,0.5498415140467207,15.0,0.825,3134.2735433807916,1.0,1.0,True,True,True
weight_topology,T076,True,False,T072,0.5155574960724835,37.0,0.55,2573.9075352483783,1.0,0.0,True,True,False
weight_topology,T077,True,True,T078,0.5635791365853221,6.0,0.9375,5047.771785651651,1.0,1.0,True,True,True
weight_topology,T078,True,False,T077,0.5046973842330499,50.0,0.38749999999999996,1777.9258725127104,1.0,0.2857142857142857,True,True,True
weight_topology,T079,True,False,T080,0.490952675114838,64.0,0.21250000000000002,3515.8371849536097,1.0,0.5,True,True,True
weight_topology,T080,True,False,T079,0.5047539801365615,49.0,0.4,1520.6906325730238,1.0,0.08333333333333333,True,True,False
weight_topology,T081,True,False,T081,0.4839245863460975,71.0,0.125,1673.6249305476783,1.0,0.21428571428571427,True,True,False
weight_persistence,T001,True,False,T001,0.481756919552162,35.0,0.575,0.0,1.0,0.0,True,True,False
weight_persistence,T002,True,True,T002,0.5288072323530163,6.0,0.9375,0.0,1.0,1.0,True,True,True
weight_persistence,T003,True,True,T003,0.5219382731447326,9.0,0.9,0.0,1.0,1.0,True,True,True
weight_persistence,T004,True,False,T004,0.4508341475505008,75.0,0.07499999999999996,0.0,1.0,0.0,True,True,False
weight_persistence,T005,True,False,T005,0.456988338109715,64.0,0.21250000000000002,0.0,1.0,0.0,True,True,False
weight_persistence,T006,True,False,T006,0.4468603616629329,81.0,0.0,0.0,1.0,0.0,True,True,False
weight_persistence,T007,True,False,T007,0.4681171531449721,47.0,0.42500000000000004,0.0,1.0,0.0,True,True,False
weight_persistence,T008,True,False,T008,0.463139084310062,57.0,0.30000000000000004,0.0,1.0,0.0,True,True,False
weight_persistence,T009,True,False,T009,0.4617752153666095,59.0,0.275,0.0,1.0,0.0,True,True,False
weight_persistence,T010,True,False,T010,0.4839586546829238,33.0,0.6,0.0,1.0,0.0,True,True,False
weight_persistence,T011,True,False,T011,0.4744052033506011,41.0,0.5,0.0,1.0,0.0,True,True,False
weight_persistence,T012,True,False,T012,0.4664150080965588,52.0,0.36250000000000004,0.0,1.0,0.0,True,True,False
weight_persistence,T013,True,False,T013,0.473153441017482,42.0,0.48750000000000004,0.0,1.0,0.0,True,True,False
weight_persistence,T014,True,False,T014,0.4530371710060451,71.0,0.125,0.0,1.0,0.0,True,True,False
weight_persistence,T015,True,False,T015,0.477203083627147,40.0,0.5125,0.0,1.0,0.0,True,True,False
weight_persistence,T016,True,False,T016,0.4503763481852521,76.0,0.0625,0.0,1.0,0.0,True,True,False
weight_persistence,T017,True,False,T017,0.4495647396252973,78.0,0.03749999999999998,0.0,1.0,0.0,True,True,False
weight_persistence,T018,True,True,T018,0.5032465582564203,18.0,0.7875,0.0,1.0,1.0,True,True,True
weight_persistence,T019,True,False,T019,0.4644318410699807,56.0,0.3125,0.0,1.0,0.0,True,True,False
weight_persistence,T020,True,False,T020,0.4675548440890129,48.0,0.4125,0.0,1.0,0.0,True,True,False
weight_persistence,T021,True,False,T021,0.4702893565765854,45.0,0.44999999999999996,0.0,1.0,0.0,True,True,False
weight_persistence,T022,True,False,T022,0.4509788093907238,74.0,0.08750000000000002,0.0,1.0,0.0,True,True,False
weight_persistence,T023,True,False,T023,0.4874174483658668,28.0,0.6625,0.0,1.0,0.0,True,True,False
weight_persistence,T024,True,False,T024,0.4555147413314243,66.0,0.1875,0.0,1.0,0.0,True,True,False
weight_persistence,T025,True,False,T025,0.4978388910708743,21.0,0.75,0.0,1.0,0.0,True,True,False
weight_persistence,T026,True,False,T026,0.4704018240005867,44.0,0.4625,0.0,1.0,0.0,True,True,False
weight_persistence,T027,True,False,T027,0.450151728030946,77.0,0.050000000000000044,0.0,1.0,0.0,True,True,False
weight_persistence,T028,True,False,T028,0.4582276014257649,63.0,0.22499999999999998,0.0,1.0,0.0,True,True,False
weight_persistence,T029,True,False,T029,0.4647868395750885,54.0,0.3375,0.0,1.0,0.0,True,True,False
weight_persistence,T030,True,False,T030,0.4823838836695331,34.0,0.5875,0.0,1.0,0.0,True,True,False
weight_persistence,T031,True,False,T031,0.4672024231761212,49.0,0.4,0.0,1.0,0.0,True,True,False
weight_persistence,T032,True,True,T032,0.5326075612451213,5.0,0.95,0.0,1.0,1.0,True,True,True
weight_persistence,T033,True,False,T033,0.5089584686338425,17.0,0.8,0.0,1.0,0.0,True,True,False
weight_persistence,T034,True,False,T034,0.4954245374248811,22.0,0.7375,0.0,1.0,0.0,True,True,False
weight_persistence,T035,True,False,T035,0.4896615043211437,27.0,0.675,0.0,1.0,0.0,True,True,False
weight_persistence,T036,True,False,T036,0.4527841074158954,72.0,0.11250000000000004,0.0,1.0,0.0,True,True,False
weight_persistence,T037,True,False,T037,0.4482632430269895,80.0,0.012499999999999956,0.0,1.0,0.0,True,True,False
weight_persistence,T038,True,False,T038,0.4916204205405613,23.0,0.725,0.0,1.0,0.0,True,True,False
weight_persistence,T039,True,True,T039,0.51583064052532,13.0,0.85,0.0,1.0,1.0,True,True,True
weight_persistence,T040,True,False,T040,0.4902640662738628,26.0,0.6875,0.0,1.0,0.0,True,True,False
weight_persistence,T041,True,False,T041,0.4668167877088293,51.0,0.375,0.0,1.0,0.0,True,True,False
weight_persistence,T042,True,True,T042,0.526359532282127,8.0,0.9125,0.0,1.0,1.0,True,True,True
weight_persistence,T043,True,False,T043,0.4628611718859484,58.0,0.2875,0.0,1.0,0.0,True,True,False
weight_persistence,T044,True,False,T044,0.4526258939853724,73.0,0.09999999999999998,0.0,1.0,0.0,True,True,False
weight_persistence,T045,True,True,T045,0.5123604847884274,15.0,0.825,0.0,1.0,1.0,True,True,True
weight_persistence,T046,True,False,T046,0.4848137684676634,32.0,0.6125,0.0,1.0,0.0,True,True,False
weight_persistence,T047,True,True,T047,0.5092285410819506,16.0,0.8125,0.0,1.0,1.0,True,True,True
weight_persistence,T048,True,False,T048,0.4549991097455712,67.0,0.17500000000000004,0.0,1.0,0.0,True,True,False
weight_persistence,T049,True,True,T049,0.542217896691344,1.0,1.0,0.0,1.0,1.0,True,True,True
weight_persistence,T050,True,False,T050,0.4645678489739522,55.0,0.32499999999999996,0.0,1.0,0.0,True,True,False
weight_persistence,T051,True,True,T051,0.5196010622555276,10.0,0.8875,0.0,1.0,1.0,True,True,True
weight_persistence,T052,True,True,T052,0.5191502423802862,11.0,0.875,0.0,1.0,1.0,True,True,True
weight_persistence,T053,True,False,T053,0.4564417702097441,65.0,0.19999999999999996,0.0,1.0,0.0,True,True,False
weight_persistence,T054,True,False,T054,0.4533327145109024,70.0,0.13749999999999996,0.0,1.0,0.0,True,True,False
weight_persistence,T055,True,False,T055,0.4851712507834578,30.0,0.6375,0.0,1.0,0.0,True,True,False
weight_persistence,T056,True,False,T056,0.5004620043788269,20.0,0.7625,0.0,1.0,0.0,True,True,False
weight_persistence,T057,True,True,T057,0.5277964958473799,7.0,0.925,0.0,1.0,1.0,True,True,True
weight_persistence,T058,True,False,T058,0.4493340649252101,79.0,0.025000000000000022,0.0,1.0,0.0,True,True,False
weight_persistence,T059,True,False,T059,0.4863798599954548,29.0,0.65,0.0,1.0,0.0,True,True,False
weight_persistence,T060,True,True,T060,0.5015480225060196,19.0,0.775,0.0,1.0,1.0,True,True,True
weight_persistence,T061,True,False,T061,0.4791718099913888,38.0,0.5375,0.0,1.0,0.0,True,True,False
weight_persistence,T062,True,False,T062,0.4544702566363115,68.0,0.16249999999999998,0.0,1.0,0.0,True,True,False
weight_persistence,T063,True,False,T063,0.4671538155483526,50.0,0.38749999999999996,0.0,1.0,0.0,True,True,False
weight_persistence,T064,True,True,T064,0.5409875180855259,2.0,0.9875,0.0,1.0,1.0,True,True,True
weight_persistence,T065,True,True,T065,0.5400025092542878,3.0,0.975,0.0,1.0,1.0,True,True,True
weight_persistence,T066,True,False,T066,0.4907651180401916,25.0,0.7,0.0,1.0,0.0,True,True,False
weight_persistence,T067,True,False,T067,0.4583003934537649,62.0,0.23750000000000004,0.0,1.0,0.0,True,True,False
weight_persistence,T068,True,False,T068,0.4797765707219795,37.0,0.55,0.0,1.0,0.0,True,True,False
weight_persistence,T069,True,False,T069,0.4612269476135462,60.0,0.26249999999999996,0.0,1.0,0.0,True,True,False
weight_persistence,T070,True,False,T070,0.4593775797674312,61.0,0.25,0.0,1.0,0.0,True,True,False
weight_persistence,T071,True,True,T071,0.5172711639244447,12.0,0.8625,0.0,1.0,1.0,True,True,True
weight_persistence,T072,True,False,T072,0.4850018259504461,31.0,0.625,0.0,1.0,0.0,True,True,False
weight_persistence,T073,True,False,T073,0.4813364298812001,36.0,0.5625,0.0,1.0,0.0,True,True,False
weight_persistence,T074,True,False,T074,0.4534282399742408,69.0,0.15000000000000002,0.0,1.0,0.0,True,True,False
weight_persistence,T075,True,True,T075,0.5128199540483143,14.0,0.8375,0.0,1.0,1.0,True,True,True
weight_persistence,T076,True,False,T076,0.4655260371510883,53.0,0.35,0.0,1.0,0.0,True,True,False
weight_persistence,T077,True,True,T077,0.5334406433444917,4.0,0.9625,0.0,1.0,1.0,True,True,True
weight_persistence,T078,True,False,T078,0.4791480605398835,39.0,0.525,0.0,1.0,0.0,True,True,False
weight_persistence,T079,True,False,T079,0.4912459125686154,24.0,0.7125,0.0,1.0,0.0,True,True,False
weight_persistence,T080,True,False,T080,0.4710228784127664,43.0,0.475,0.0,1.0,0.0,True,True,False
weight_persistence,T081,True,False,T081,0.468286328201257,46.0,0.4375,0.0,1.0,0.0,True,True,False
distance_inverse_sqrt,T001,True,False,T001,0.4789180521322707,35.0,0.575,0.0,0.0,0.0,False,False,False
distance_inverse_sqrt,T002,True,True,T002,0.5336376726413466,6.0,0.9375,0.0,0.0,0.0,False,False,False
distance_inverse_sqrt,T003,True,True,T003,0.525278656507395,9.0,0.9,0.0,0.0,0.0,False,False,False
distance_inverse_sqrt,T004,True,False,T004,0.44328718886686014,75.0,0.07499999999999996,1.862645149230957e-09,0.0,0.0,False,False,False
distance_inverse_sqrt,T005,True,False,T005,0.4503723749728123,64.0,0.21250000000000002,0.0,0.0,0.0,False,False,False
distance_inverse_sqrt,T006,True,False,T006,0.43866801407171724,81.0,0.0,0.0,0.0,0.0,False,False,False
distance_inverse_sqrt,T007,True,False,T007,0.46320869605940385,47.0,0.42500000000000004,1.862645149230957e-09,0.0,0.0,False,False,False
distance_inverse_sqrt,T008,True,False,T008,0.45747668351205883,57.0,0.30000000000000004,0.0,0.0,0.0,False,False,False
distance_inverse_sqrt,T009,True,False,T009,0.455902988577306,59.0,0.275,0.0,0.0,0.0,False,False,False
distance_inverse_sqrt,T010,True,False,T010,0.48148832417247617,33.0,0.6,0.0,0.0,0.0,False,False,False
distance_inverse_sqrt,T011,True,False,T011,0.47048115722064254,41.0,0.5,0.0,0.0,0.0,False,False,False
distance_inverse_sqrt,T012,True,False,T012,0.4612395769571191,52.0,0.36250000000000004,0.0,0.0,0.0,False,False,False
distance_inverse_sqrt,T013,True,False,T013,0.4690139182924094,42.0,0.48750000000000004,0.0,0.0,0.0,False,False,False
distance_inverse_sqrt,T014,True,False,T014,0.4458234661357787,71.0,0.125,0.0,0.0,0.0,False,False,False
distance_inverse_sqrt,T015,True,False,T015,0.47369100326183616,40.0,0.5125,0.0,0.0,0.0,False,False,False
distance_inverse_sqrt,T016,True,False,T016,0.44272303064010554,76.0,0.0625,1.862645149230957e-09,0.0,0.0,False,False,False
distance_inverse_sqrt,T017,True,False,T017,0.4418139781065612,78.0,0.03749999999999998,0.0,0.0,0.0,False,False,False
distance_inverse_sqrt,T018,True,True,T018,0.5037460287574079,18.0,0.7875,0.0,0.0,0.0,False,False,False
distance_inverse_sqrt,T019,True,False,T019,0.45897343151223435,56.0,0.3125,1.862645149230957e-09,0.0,0.0,False,False,False
distance_inverse_sqrt,T020,True,False,T020,0.4625632816411688,48.0,0.4125,0.0,0.0,0.0,False,False,False
distance_inverse_sqrt,T021,True,False,T021,0.4657282132811886,45.0,0.44999999999999996,0.0,0.0,0.0,False,False,False
distance_inverse_sqrt,T022,True,False,T022,0.4436016010492565,74.0,0.08750000000000002,0.0,0.0,0.0,False,False,False
distance_inverse_sqrt,T023,True,False,T023,0.48549443515359664,28.0,0.6625,0.0,0.0,0.0,False,False,False
distance_inverse_sqrt,T024,True,False,T024,0.44867085538241264,66.0,0.1875,0.0,0.0,0.0,False,False,False
distance_inverse_sqrt,T025,True,False,T025,0.49754045000665037,21.0,0.75,1.862645149230957e-09,0.0,0.0,False,False,False
distance_inverse_sqrt,T026,True,False,T026,0.4658686808017543,44.0,0.4625,0.0,0.0,0.0,False,False,False
distance_inverse_sqrt,T027,True,False,T027,0.4424231979556421,77.0,0.050000000000000044,0.0,0.0,0.0,False,False,False
distance_inverse_sqrt,T028,True,False,T028,0.4518010785681904,63.0,0.22499999999999998,0.0,0.0,0.0,False,False,False
distance_inverse_sqrt,T029,True,False,T029,0.4594601962324539,54.0,0.3375,0.0,0.0,0.0,False,False,False
distance_inverse_sqrt,T030,True,False,T030,0.4797174740825389,34.0,0.5875,1.862645149230957e-09,0.0,0.0,False,False,False
distance_inverse_sqrt,T031,True,False,T031,0.462180468189089,49.0,0.4,1.862645149230957e-09,0.0,0.0,False,False,False
distance_inverse_sqrt,T032,True,True,T032,0.5376468006173626,5.0,0.95,0.0,0.0,0.0,False,False,False
distance_inverse_sqrt,T033,True,False,T033,0.5103707318100752,17.0,0.8,0.0,0.0,0.0,False,False,False
distance_inverse_sqrt,T034,True,False,T034,0.494720620105632,22.0,0.7375,0.0,0.0,0.0,False,False,False
distance_inverse_sqrt,T035,True,False,T035,0.4880709665243965,27.0,0.675,0.0,0.0,0.0,False,False,False
distance_inverse_sqrt,T036,True,False,T036,0.44556096862049543,72.0,0.11250000000000004,1.862645149230957e-09,0.0,0.0,False,False,False
distance_inverse_sqrt,T037,True,False,T037,0.4402271581809484,80.0,0.012499999999999956,0.0,0.0,0.0,False,False,False
distance_inverse_sqrt,T038,True,False,T038,0.49041634755129,23.0,0.725,1.862645149230957e-09,0.0,0.0,False,False,False
distance_inverse_sqrt,T039,True,True,T039,0.518240595758638,13.0,0.85,0.0,0.0,0.0,False,False,False
distance_inverse_sqrt,T040,True,False,T040,0.48876623031599564,26.0,0.6875,0.0,0.0,0.0,False,False,False
distance_inverse_sqrt,T041,True,False,T041,0.4617275621674358,51.0,0.375,1.862645149230957e-09,0.0,0.0,False,False,False
distance_inverse_sqrt,T042,True,True,T042,0.5304659007897626,8.0,0.9125,1.862645149230957e-09,0.0,0.0,False,False,False
distance_inverse_sqrt,T043,True,False,T043,0.4571227516712922,58.0,0.2875,0.0,0.0,0.0,False,False,False
distance_inverse_sqrt,T044,True,False,T044,0.44530353275055745,73.0,0.09999999999999998,0.0,0.0,0.0,False,False,False
distance_inverse_sqrt,T045,True,True,T045,0.5142927313421091,15.0,0.825,1.862645149230957e-09,0.0,0.0,False,False,False
distance_inverse_sqrt,T046,True,False,T046,0.4824871500785863,32.0,0.6125,0.0,0.0,0.0,False,False,False
distance_inverse_sqrt,T047,True,True,T047,0.5106823538655846,16.0,0.8125,0.0,0.0,0.0,False,False,False
distance_inverse_sqrt,T048,True,False,T048,0.44809291447655675,67.0,0.17500000000000004,0.0,0.0,0.0,False,False,False
distance_inverse_sqrt,T049,True,True,T049,0.5487231688905508,1.0,1.0,1.862645149230957e-09,0.0,0.0,False,False,False
distance_inverse_sqrt,T050,True,False,T050,0.4590940573277224,55.0,0.32499999999999996,0.0,0.0,0.0,False,False,False
distance_inverse_sqrt,T051,True,True,T051,0.5226098028483267,10.0,0.8875,0.0,0.0,0.0,False,False,False
distance_inverse_sqrt,T052,True,True,T052,0.5220879242075737,11.0,0.875,0.0,0.0,0.0,False,False,False
distance_inverse_sqrt,T053,True,False,T053,0.44973294025870764,65.0,0.19999999999999996,1.862645149230957e-09,0.0,0.0,False,False,False
distance_inverse_sqrt,T054,True,False,T054,0.4461380044690467,70.0,0.13749999999999996,0.0,0.0,0.0,False,False,False
distance_inverse_sqrt,T055,True,False,T055,0.48287855900595555,30.0,0.6375,0.0,0.0,0.0,False,False,False
distance_inverse_sqrt,T056,True,False,T056,0.5005209258210822,20.0,0.7625,0.0,0.0,0.0,False,False,False
distance_inverse_sqrt,T057,True,True,T057,0.5320874672092847,7.0,0.925,0.0,0.0,0.0,False,False,False
distance_inverse_sqrt,T058,True,False,T058,0.44155292057596063,79.0,0.025000000000000022,1.862645149230957e-09,0.0,0.0,False,False,False
distance_inverse_sqrt,T059,True,False,T059,0.4842893163027045,29.0,0.65,0.0,0.0,0.0,False,False,False
distance_inverse_sqrt,T060,True,True,T060,0.5017861798146379,19.0,0.775,1.862645149230957e-09,0.0,0.0,False,False,False
distance_inverse_sqrt,T061,True,False,T061,0.475958963758846,38.0,0.5375,0.0,0.0,0.0,False,False,False
distance_inverse_sqrt,T062,True,False,T062,0.4474754056577955,68.0,0.16249999999999998,1.862645149230957e-09,0.0,0.0,False,False,False
distance_inverse_sqrt,T063,True,False,T063,0.4621048110560159,50.0,0.38749999999999996,0.0,0.0,0.0,False,False,False
distance_inverse_sqrt,T064,True,True,T064,0.5472847807905425,2.0,0.9875,0.0,0.0,0.0,False,False,False
distance_inverse_sqrt,T065,True,True,T065,0.546169505409467,3.0,0.975,0.0,0.0,0.0,False,False,False
distance_inverse_sqrt,T066,True,False,T066,0.48933585766131077,25.0,0.7,0.0,0.0,0.0,False,False,False
distance_inverse_sqrt,T067,True,False,T067,0.4518748581999595,62.0,0.23750000000000004,1.862645149230957e-09,0.0,0.0,False,False,False
distance_inverse_sqrt,T068,True,False,T068,0.47665960103788224,37.0,0.55,0.0,0.0,0.0,False,False,False
distance_inverse_sqrt,T069,True,False,T069,0.4552494854555368,60.0,0.26249999999999996,0.0,0.0,0.0,False,False,False
distance_inverse_sqrt,T070,True,False,T070,0.4531251402186814,61.0,0.25,0.0,0.0,0.0,False,False,False
distance_inverse_sqrt,T071,True,True,T071,0.5199384772364365,12.0,0.8625,1.862645149230957e-09,0.0,0.0,False,False,False
distance_inverse_sqrt,T072,True,False,T072,0.48270802945123303,31.0,0.625,1.862645149230957e-09,0.0,0.0,False,False,False
distance_inverse_sqrt,T073,True,False,T073,0.47846936605545537,36.0,0.5625,0.0,0.0,0.0,False,False,False
distance_inverse_sqrt,T074,True,False,T074,0.4462527171812554,69.0,0.15000000000000002,0.0,0.0,0.0,False,False,False
distance_inverse_sqrt,T075,True,True,T075,0.5148117045183116,14.0,0.8375,0.0,0.0,0.0,False,False,False
distance_inverse_sqrt,T076,True,False,T076,0.4602351145211598,53.0,0.35,0.0,0.0,0.0,False,False,False
distance_inverse_sqrt,T077,True,True,T077,0.5386057800447214,4.0,0.9625,1.862645149230957e-09,0.0,0.0,False,False,False
distance_inverse_sqrt,T078,True,False,T078,0.47593763862281424,39.0,0.525,0.0,0.0,0.0,False,False,False
distance_inverse_sqrt,T079,True,False,T079,0.48990480275895815,24.0,0.7125,0.0,0.0,0.0,False,False,False
distance_inverse_sqrt,T080,True,False,T080,0.4665648597070382,43.0,0.475,0.0,0.0,0.0,False,False,False
distance_inverse_sqrt,T081,True,False,T081,0.4634024393088863,46.0,0.4375,0.0,0.0,0.0,False,False,False
distance_neglog,T001,True,False,T001,0.4859041955500091,26.0,0.6875,670.8203932516029,0.0,0.0,False,False,False
distance_neglog,T002,False,False,,,,,,0.0,0.0,False,False,False
distance_neglog,T003,True,False,T002,0.51751237296253,11.0,0.875,1403.566884759962,0.0,0.0,False,False,False
distance_neglog,T004,True,False,T003,0.44463883043179553,74.0,0.08750000000000002,399.99999999813735,0.0,0.0,False,False,False
distance_neglog,T005,True,False,T004,0.44978239627502586,63.0,0.22499999999999998,0.0,0.0,0.0,False,False,False
distance_neglog,T006,True,False,T008,0.44583432306105636,73.0,0.09999999999999998,3092.3292192132453,0.0,0.0,False,False,False
distance_neglog,T007,True,False,T005,0.461798753970227,48.0,0.4125,300.0000000009313,0.0,0.0,False,False,False
distance_neglog,T008,True,False,T006,0.45553656125587655,56.0,0.3125,0.0,0.0,0.0,False,False,False
distance_neglog,T009,True,False,T007,0.4539288290885591,57.0,0.30000000000000004,0.0,0.0,0.0,False,False,False
distance_neglog,T010,True,False,T009,0.47655192980367006,36.0,0.5625,1065.9502802682925,0.0,0.0,False,False,False
distance_neglog,T011,True,False,T011,0.4755781399757614,38.0,0.5375,3624.9137920753656,0.0,0.0,False,False,False
distance_neglog,T012,True,False,T010,0.4588580045092819,52.0,0.36250000000000004,1500.0000000018626,0.0,0.0,False,False,False
distance_neglog,T013,False,False,,,,,,0.0,0.0,False,False,False
distance_neglog,T014,True,False,T013,0.44677497177926756,69.0,0.15000000000000002,584.8195353172039,0.0,0.0,False,False,False
distance_neglog,T015,True,False,T012,0.47464490681645305,39.0,0.525,3339.195525475583,0.0,0.0,False,False,False
distance_neglog,T016,True,False,T014,0.44211162596683434,77.0,0.050000000000000044,1264.9110640673518,0.0,0.0,False,False,False
distance_neglog,T017,True,False,T016,0.44045248880397714,80.0,0.012499999999999956,0.0,0.0,0.0,False,False,False
distance_neglog,T018,True,True,T015,0.5057250989466581,15.0,0.825,951.9716382323771,0.0,0.0,False,False,False
distance_neglog,T019,True,False,T017,0.45944129035172226,51.0,0.375,655.6808334663441,0.0,0.0,False,False,False
distance_neglog,T020,True,False,T019,0.462120797617829,47.0,0.42500000000000004,0.0,0.0,0.0,False,False,False
distance_neglog,T021,True,False,T018,0.48294185205999157,31.0,0.625,2580.341695459867,0.0,0.0,False,False,False
distance_neglog,T022,True,False,T021,0.44760437340398784,68.0,0.16249999999999998,5220.153254451974,0.0,0.0,False,False,False
distance_neglog,T023,True,False,T023,0.49024223455450233,24.0,0.7125,838.5254915624212,0.0,0.0,False,False,False
distance_neglog,T024,True,False,T020,0.44606626187934406,71.0,0.125,2580.697580112788,0.0,0.0,False,False,False
distance_neglog,T025,True,False,T026,0.49642154961359114,19.0,0.775,2807.1337695228435,0.0,0.0,False,False,False
distance_neglog,T026,True,False,T025,0.46478629680619993,43.0,0.475,0.0,0.0,0.0,False,False,False
distance_neglog,T027,True,False,T022,0.4433143065359982,75.0,0.07499999999999996,5024.93781056063,0.0,0.0,False,False,False
distance_neglog,T028,True,False,T027,0.45129052007972137,61.0,0.25,0.0,0.0,0.0,False,False,False
distance_neglog,T029,True,False,T028,0.4780024058130878,35.0,0.575,948.6832980499248,0.0,0.0,False,False,False
distance_neglog,T030,True,True,T033,0.5062581773968123,14.0,0.8375,4380.0335475394195,0.0,0.0,False,False,False
distance_neglog,T031,True,False,T036,0.4399531308357956,81.0,0.0,5813.776741497787,0.0,0.0,False,False,False
distance_neglog,T032,True,False,T029,0.5126642589675541,13.0,0.85,4242.6406871146755,0.0,0.0,False,False,False
distance_neglog,T033,False,False,,,,,,0.0,0.0,False,False,False
distance_neglog,T034,True,True,T030,0.5042995963704063,16.0,0.8125,1948.343629707606,0.0,0.0,False,False,False
distance_neglog,T035,True,False,T034,0.4669124124913562,41.0,0.5,1500.0,0.0,0.0,False,False,False
distance_neglog,T036,True,False,T031,0.45199240912784877,59.0,0.275,3000.0,0.0,0.0,False,False,False
distance_neglog,T037,True,False,T032,0.4412719420111824,79.0,0.025000000000000022,3649.1542212701697,0.0,0.0,False,False,False
distance_neglog,T038,True,False,T038,0.48411125823554435,28.0,0.6625,375.00000000055877,0.0,0.0,False,False,False
distance_neglog,T039,True,False,T037,0.4814809147068839,32.0,0.6125,1290.3487900545535,0.0,0.0,False,False,False
distance_neglog,T040,True,False,T040,0.5024285341723299,17.0,0.8,1395.327479664357,0.0,0.0,False,False,False
distance_neglog,T041,True,False,T035,0.45815174310463563,53.0,0.35,4887.739763942833,0.0,0.0,False,False,False
distance_neglog,T042,True,True,T039,0.549760274511183,1.0,1.0,4560.701700392958,0.0,0.0,False,False,False
distance_neglog,T043,True,False,T043,0.45655030730543306,54.0,0.3375,0.0,0.0,0.0,False,False,False
distance_neglog,T044,True,False,T044,0.44614879069257835,70.0,0.13749999999999996,0.0,0.0,0.0,False,False,False
distance_neglog,T045,True,False,T041,0.48558235146888246,27.0,0.675,7409.453421133612,0.0,0.0,False,False,False
distance_neglog,T046,True,False,T045,0.4763282300552019,37.0,0.55,1307.845244543638,0.0,0.0,False,False,False
distance_neglog,T047,True,False,T049,0.4937303242650945,20.0,0.7625,4069.7051490218373,0.0,0.0,False,False,False
distance_neglog,T048,True,False,T047,0.4639123141859465,44.0,0.4625,1629.800601298805,0.0,0.0,False,False,False
distance_neglog,T049,True,True,T042,0.5346959616497481,3.0,0.975,5075.67729470747,0.0,0.0,False,False,False
distance_neglog,T050,True,False,T051,0.4632887743462574,46.0,0.4375,3605.551275467812,0.0,0.0,False,False,False
distance_neglog,T051,True,True,T050,0.5217588720342117,7.0,0.925,0.0,0.0,0.0,False,False,False
distance_neglog,T052,True,True,T052,0.5195351317652286,10.0,0.8875,0.0,0.0,0.0,False,False,False
distance_neglog,T053,True,False,T055,0.4535575600225905,58.0,0.2875,2247.2205054264955,0.0,0.0,False,False,False
distance_neglog,T054,True,False,T053,0.4458590188133574,72.0,0.11250000000000004,878.9592962380602,0.0,0.0,False,False,False
distance_neglog,T055,True,False,T048,0.48944256625401605,25.0,0.7,3847.798793537941,0.0,0.0,False,False,False
distance_neglog,T056,True,True,T054,0.5200614008393215,9.0,0.9,2955.931045316991,0.0,0.0,False,False,False
distance_neglog,T057,True,True,T059,0.5267468856799774,5.0,0.95,5692.8168129075475,0.0,0.0,False,False,False
distance_neglog,T058,True,False,T057,0.4428040185905163,76.0,0.0625,1272.7922061344684,0.0,0.0,False,False,False
distance_neglog,T059,True,False,T058,0.48302507623601926,30.0,0.6375,0.0,0.0,0.0,False,False,False
distance_neglog,T060,True,True,T056,0.5235881790820479,6.0,0.9375,2710.5237087176893,0.0,0.0,False,False,False
distance_neglog,T061,True,False,T063,0.4933861360037353,21.0,0.75,3508.9172119038863,0.0,0.0,False,False,False
distance_neglog,T062,True,False,T062,0.44856257348769896,66.0,0.1875,1986.6309793229839,0.0,0.0,False,False,False
distance_neglog,T063,True,False,T060,0.46048486764052854,49.0,0.4,950.1461875815259,0.0,0.0,False,False,False
distance_neglog,T064,True,True,T064,0.544646895266786,2.0,0.9875,0.0,0.0,0.0,False,False,False
distance_neglog,T065,False,False,,,,,,0.0,0.0,False,False,False
distance_neglog,T066,True,False,T065,0.4681285158736498,40.0,0.5125,2954.4432990106716,0.0,0.0,False,False,False
distance_neglog,T067,True,False,T068,0.44891378836087154,65.0,0.19999999999999996,4569.463863517612,0.0,0.0,False,False,False
distance_neglog,T068,True,False,T067,0.4996618918414081,18.0,0.7875,3266.5147088545473,0.0,0.0,False,False,False
distance_neglog,T069,True,False,T070,0.4814740820746875,33.0,0.6,5547.130894169294,0.0,0.0,False,False,False
distance_neglog,T070,True,False,T066,0.45015856883108024,62.0,0.23750000000000004,3000.0000000009313,0.0,0.0,False,False,False
distance_neglog,T071,True,True,T077,0.5309096404412902,4.0,0.9625,7962.411694956467,0.0,0.0,False,False,False
distance_neglog,T072,True,False,T069,0.4916204527364535,22.0,0.7375,4837.354648977282,0.0,0.0,False,False,False
distance_neglog,T073,True,False,T074,0.48381893789514324,29.0,0.65,3428.467660032912,0.0,0.0,False,False,False
distance_neglog,T074,True,False,T076,0.4417625277158581,78.0,0.03749999999999998,2651.650429449553,0.0,0.0,False,False,False
distance_neglog,T075,True,True,T075,0.5151393977528567,12.0,0.8625,2265.887783845256,0.0,0.0,False,False,False
distance_neglog,T076,True,False,T071,0.45947666898966877,50.0,0.38749999999999996,3041.3812651475787,0.0,0.0,False,False,False
distance_neglog,T077,True,True,T072,0.5210102166247331,8.0,0.9125,3046.3092423440958,0.0,0.0,False,False,False
distance_neglog,T078,True,False,T078,0.4559744935762579,55.0,0.32499999999999996,3242.731275089999,0.0,0.0,False,False,False
distance_neglog,T079,True,False,T079,0.48115436525926286,34.0,0.5875,6216.912416949094,0.0,0.0,False,False,False
distance_neglog,T080,True,False,T080,0.45171351871157,60.0,0.26249999999999996,4391.437375416051,0.0,0.0,False,False,False
distance_neglog,T081,True,False,T081,0.4650279810622231,42.0,0.48750000000000004,5075.9537155473645,0.0,0.0,False,False,False
