vertex1_x,vertex1_y,vertex2_x,vertex2_y,vertex3_x,vertex3_y,vertex4_x,vertex4_y,Area,Areal Frequency B20,Areal Frequency P20,Branch Mean Length,Branch Min Length,Branch Max Length,Connections per Branch,Connections per Trace,Connection Frequency,Dimensionless Intensity B22,Dimensionless Intensity P22,Fracture Density (Mauldon),Fracture Intensity B21,Fracture Intensity (Mauldon),Fracture Intensity P21,Number of Branches,Number of Branches (Real),Number of Traces,Number of Traces (Real),Trace Mean Length,Trace Min Length,Trace Max Length,1(NC/NB)Number of connected nodes per branch,2(NC/NL)Number of connected nodes per fault line,3(NB/NL)Number of branches per fault line,4(NC/A)Number of connected nodes per unit area,5(N_BA)Number of branch faults per unit area,6(N_LA)The number of fault lines per unit area
15332475.39,5121890.548,15335475.39,5121890.548,15335475.39,5118890.548,15332475.39,5118890.548,63515106.93,0,0,0,0,0,0,0,0,0,0,,0,,0,0,0,0,0,0,0,0,0,0,0,0,0,0
15332475.39,5118890.548,15335475.39,5118890.548,15335475.39,5115890.548,15332475.39,5115890.548,63515106.93,0,0,0,0,0,0,0,0,0,0,,0,,0,0,0,0,0,0,0,0,0,0,0,0,0,0
15332475.39,5115890.548,15335475.39,5115890.548,15335475.39,5112890.548,15332475.39,5112890.548,63515106.93,0,0,0,0,0,0,0,0,0,0,,0,,0,0,0,0,0,0,0,0,0,0,0,0,0,0
15332475.39,5112890.548,15335475.39,5112890.548,15335475.39,5109890.548,15332475.39,5109890.548,63515106.93,0,0,0,0,0,0,0,0,0,0,,0,,0,0,0,0,0,0,0,0,0,0,0,0,0,0
15332475.39,5109890.548,15335475.39,5109890.548,15335475.39,5106890.548,15332475.39,5106890.548,63515106.93,0,0,0,0,0,0,0,0,0,0,,0,,0,0,0,0,0,0,0,0,0,0,0,0,0,0
15332475.39,5106890.548,15335475.39,5106890.548,15335475.39,5103890.548,15332475.39,5103890.548,63515106.93,0,0,0,0,0,0,0,0,0,0,,0,,0,0,0,0,0,0,0,0,0,0,0,0,0,0
15332475.39,5103890.548,15335475.39,5103890.548,15335475.39,5100890.548,15332475.39,5100890.548,63515106.93,0,0,0,0,0,0,0,0,0,0,,0,,0,0,0,0,0,0,0,0,0,0,0,0,0,0
15332475.39,5100890.548,15335475.39,5100890.548,15335475.39,5097890.548,15332475.39,5097890.548,63515106.93,0,0,0,0,0,0,0,0,0,0,,0,,0,0,0,0,0,0,0,0,0,0,0,0,0,0
15332475.39,5097890.548,15335475.39,5097890.548,15335475.39,5094890.548,15332475.39,5094890.548,63515106.93,0,0,0,0,0,0,0,0,0,0,,0,,0,0,0,0,0,0,0,0,0,0,0,0,0,0
15332475.39,5094890.548,15335475.39,5094890.548,15335475.39,5091890.548,15332475.39,5091890.548,63515106.93,0,0,0,0,0,0,0,0,0,0,,0,,0,0,0,0,0,0,0,0,0,0,0,0,0,0
15332475.39,5091890.548,15335475.39,5091890.548,15335475.39,5088890.548,15332475.39,5088890.548,63515106.93,0,0,0,0,0,0,0,0,0,0,,0,,0,0,0,0,0,0,0,0,0,0,0,0,0,0
15332475.39,5088890.548,15335475.39,5088890.548,15335475.39,5085890.548,15332475.39,5085890.548,63515106.93,0,0,0,0,0,0,0,0,0,0,,0,,0,0,0,0,0,0,0,0,0,0,0,0,0,0
15332475.39,5085890.548,15335475.39,5085890.548,15335475.39,5082890.548,15332475.39,5082890.548,63515106.93,0,0,0,0,0,0,0,0,0,0,,0,,0,0,0,0,0,0,0,0,0,0,0,0,0,0
15332475.39,5082890.548,15335475.39,5082890.548,15335475.39,5079890.548,15332475.39,5079890.548,63515106.93,0,0,0,0,0,0,0,0,0,0,,0,,0,0,0,0,0,0,0,0,0,0,0,0,0,0
15332475.39,5079890.548,15335475.39,5079890.548,15335475.39,5076890.548,15332475.39,5076890.548,63515106.93,0,0,0,0,0,0,0,0,0,0,,0,,0,0,0,0,0,0,0,0,0,0,0,0,0,0
15332475.39,5076890.548,15335475.39,5076890.548,15335475.39,5073890.548,15332475.39,5073890.548,63515106.93,0,0,0,0,0,0,0,0,0,0,,0,,0,0,0,0,0,0,0,0,0,0,0,0,0,0
15332475.39,5073890.548,15335475.39,5073890.548,15335475.39,5070890.548,15332475.39,5070890.548,63515106.93,0,0,0,0,0,0,0,0,0,0,,0,,0,0,0,0,0,0,0,0,0,0,0,0,0,0
15332475.39,5070890.548,15335475.39,5070890.548,15335475.39,5067890.548,15332475.39,5067890.548,63515106.93,0,0,0,0,0,0,0,0,0,0,,0,,0,0,0,0,0,0,0,0,0,0,0,0,0,0
15332475.39,5067890.548,15335475.39,5067890.548,15335475.39,5064890.548,15332475.39,5064890.548,63515106.93,0,0,0,0,0,0,0,0,0,0,,0,,0,0,0,0,0,0,0,0,0,0,0,0,0,0
15332475.39,5064890.548,15335475.39,5064890.548,15335475.39,5061890.548,15332475.39,5061890.548,63515106.93,0,0,0,0,0,0,0,0,0,0,,0,,0,0,0,0,0,0,0,0,0,0,0,0,0,0
15332475.39,5061890.548,15335475.39,5061890.548,15335475.39,5058890.548,15332475.39,5058890.548,63515106.93,0,0,0,0,0,0,0,0,0,0,,0,,0,0,0,0,0,0,0,0,0,0,0,0,0,0
15332475.39,5058890.548,15335475.39,5058890.548,15335475.39,5055890.548,15332475.39,5055890.548,63515106.93,0,0,0,0,0,0,0,0,0,0,,0,,0,0,0,0,0,0,0,0,0,0,0,0,0,0
15332475.39,5055890.548,15335475.39,5055890.548,15335475.39,5052890.548,15332475.39,5052890.548,63515106.93,0,0,0,0,0,0,0,0,0,0,,0,,0,0,0,0,0,0,0,0,0,0,0,0,0,0
15332475.39,5052890.548,15335475.39,5052890.548,15335475.39,5049890.548,15332475.39,5049890.548,63515106.93,0,0,0,0,0,0,0,0,0,0,,0,,0,0,0,0,0,0,0,0,0,0,0,0,0,0
15332475.39,5049890.548,15335475.39,5049890.548,15335475.39,5046890.548,15332475.39,5046890.548,63515106.93,0,0,0,0,0,0,0,0,0,0,,0,,0,0,0,0,0,0,0,0,0,0,0,0,0,0
15332475.39,5046890.548,15335475.39,5046890.548,15335475.39,5043890.548,15332475.39,5043890.548,63515106.93,0,0,0,355.8624706,355.8624706,0,0,0,0,0.001993826,,5.60E-06,,5.60E-06,0,1,0,1,355.8624706,355.8624706,355.8624706,0,0,0,0,0,0
15332475.39,5043890.548,15335475.39,5043890.548,15335475.39,5040890.548,15332475.39,5040890.548,63515106.93,0,0,0,5504.442444,5504.442444,0,0,0,0,0.477034332,,8.67E-05,,8.67E-05,0,1,0,1,5504.442444,5504.442444,5504.442444,0,0,0,0,0,0
15332475.39,5040890.548,15335475.39,5040890.548,15335475.39,5037890.548,15332475.39,5037890.548,63515106.93,0,0,0,6010.268061,6010.268061,0,0,0,0,0.56873591,,9.46E-05,,9.46E-05,0,1,0,1,6010.268061,6010.268061,6010.268061,0,0,0,0,0,0
15332475.39,5037890.548,15335475.39,5037890.548,15335475.39,5034890.548,15332475.39,5034890.548,63515106.93,0,0,0,1694.876858,1694.876858,0,0,0,0,0.045227155,,2.67E-05,,2.67E-05,0,1,0,1,1694.876858,1694.876858,1694.876858,0,0,0,0,0,0
15332475.39,5034890.548,15335475.39,5034890.548,15335475.39,5031890.548,15332475.39,5031890.548,63515106.93,0,0,0,0,0,0,0,0,0,0,,0,,0,0,0,0,0,0,0,0,0,0,0,0,0,0
15332475.39,5031890.548,15335475.39,5031890.548,15335475.39,5028890.548,15332475.39,5028890.548,63515106.93,0,0,0,0,0,0,0,0,0,0,,0,,0,0,0,0,0,0,0,0,0,0,0,0,0,0
15332475.39,5028890.548,15335475.39,5028890.548,15335475.39,5025890.548,15332475.39,5025890.548,63515106.93,0,0,0,0,0,0,0,0,0,0,,0,,0,0,0,0,0,0,0,0,0,0,0,0,0,0
15332475.39,5025890.548,15335475.39,5025890.548,15335475.39,5022890.548,15332475.39,5022890.548,63515106.93,0,0,0,0,0,0,0,0,0,0,,0,,0,0,0,0,0,0,0,0,0,0,0,0,0,0
15332475.39,5022890.548,15335475.39,5022890.548,15335475.39,5019890.548,15332475.39,5019890.548,63515106.93,0,0,0,0,0,0,0,0,0,0,,0,,0,0,0,0,0,0,0,0,0,0,0,0,0,0
15332475.39,5019890.548,15335475.39,5019890.548,15335475.39,5016890.548,15332475.39,5016890.548,63515106.93,0,0,0,0,0,0,0,0,0,0,,0,,0,0,0,0,0,0,0,0,0,0,0,0,0,0
15332475.39,5016890.548,15335475.39,5016890.548,15335475.39,5013890.548,15332475.39,5013890.548,63515106.93,0,0,0,0,0,0,0,0,0,0,,0,,0,0,0,0,0,0,0,0,0,0,0,0,0,0
15332475.39,5013890.548,15335475.39,5013890.548,15335475.39,5010890.548,15332475.39,5010890.548,63515106.93,0,0,0,0,0,0,0,0,0,0,,0,,0,0,0,0,0,0,0,0,0,0,0,0,0,0
15332475.39,5010890.548,15335475.39,5010890.548,15335475.39,5007890.548,15332475.39,5007890.548,63515106.93,7.87E-09,7.87E-09,1018.003026,509.0015131,509.0015131,0,0,0,0.008158139,0.00407907,,8.01E-06,,8.01E-06,0.5,1,0.5,1,509.0015131,509.0015131,509.0015131,0,0,1,0,7.87E-09,31757553.47
15332475.39,5007890.548,15335475.39,5007890.548,15335475.39,5004890.548,15332475.39,5004890.548,63515106.93,7.87E-09,7.87E-09,2685.682679,1342.841339,1342.841339,0,0,0,0.056780912,0.028390456,,2.11E-05,,2.11E-05,0.5,1,0.5,1,1342.841339,1342.841339,1342.841339,0,0,1,0,7.87E-09,31757553.47
15332475.39,5004890.548,15335475.39,5004890.548,15335475.39,5001890.548,15332475.39,5001890.548,63515106.93,7.87E-09,7.87E-09,876.5522097,438.2761049,438.2761049,0,0,0,0.006048512,0.003024256,,6.90E-06,,6.90E-06,0.5,1,0.5,1,438.2761049,438.2761049,438.2761049,0,0,1,0,7.87E-09,31757553.47
15332475.39,5001890.548,15335475.39,5001890.548,15335475.39,4998890.548,15332475.39,4998890.548,63515106.93,7.87E-09,7.87E-09,2262.113564,1131.056782,1131.056782,0,0,0,0.040282997,0.020141499,,1.78E-05,,1.78E-05,0.5,1,0.5,1,1131.056782,1131.056782,1131.056782,0,0,1,0,7.87E-09,31757553.47
15332475.39,4998890.548,15335475.39,4998890.548,15335475.39,4995890.548,15332475.39,4995890.548,63515106.93,0,0,0,0,0,0,0,0,0,0,,0,,0,0,0,0,0,0,0,0,0,0,0,0,0,0
15332475.39,4995890.548,15335475.39,4995890.548,15335475.39,4992890.548,15332475.39,4992890.548,63515106.93,7.87E-09,7.87E-09,745.2408512,372.6204256,372.6204256,0,0,0,0.004372062,0.002186031,,5.87E-06,,5.87E-06,0.5,1,0.5,1,372.6204256,372.6204256,372.6204256,0,0,1,0,7.87E-09,31757553.47
15332475.39,4992890.548,15335475.39,4992890.548,15335475.39,4989890.548,15332475.39,4989890.548,63515106.93,7.87E-09,7.87E-09,6496.554868,3248.277434,3248.277434,0,0,0,0.332245565,0.166122782,,5.11E-05,,5.11E-05,0.5,1,0.5,1,3248.277434,3248.277434,3248.277434,0,0,1,0,7.87E-09,31757553.47
15332475.39,4989890.548,15335475.39,4989890.548,15335475.39,4986890.548,15332475.39,4986890.548,63515106.93,7.87E-09,7.87E-09,7103.647989,3551.823994,3551.823994,0,0,0,0.397242618,0.198621309,,5.59E-05,,5.59E-05,0.5,1,0.5,1,3551.823994,3551.823994,3551.823994,0,0,1,0,7.87E-09,31757553.47
15332475.39,4986890.548,15335475.39,4986890.548,15335475.39,4983890.548,15332475.39,4983890.548,63515106.93,0,0,0,0,0,0,0,0,0,0,,0,,0,0,0,0,0,0,0,0,0,0,0,0,0,0
15332475.39,4983890.548,15335475.39,4983890.548,15335475.39,4980890.548,15332475.39,4980890.548,63515106.93,0,0,0,0,0,0,0,0,0,0,,0,,0,0,0,0,0,0,0,0,0,0,0,0,0,0
15332475.39,4980890.548,15335475.39,4980890.548,15335475.39,4977890.548,15332475.39,4977890.548,63515106.93,0,0,0,0,0,0,0,0,0,0,,0,,0,0,0,0,0,0,0,0,0,0,0,0,0,0
15332475.39,4977890.548,15335475.39,4977890.548,15335475.39,4974890.548,15332475.39,4974890.548,63515106.93,0,0,0,0,0,0,0,0,0,0,,0,,0,0,0,0,0,0,0,0,0,0,0,0,0,0
15332475.39,4974890.548,15335475.39,4974890.548,15335475.39,4971890.548,15332475.39,4971890.548,63515106.93,0,0,0,0,0,0,0,0,0,0,,0,,0,0,0,0,0,0,0,0,0,0,0,0,0,0
15332475.39,4971890.548,15335475.39,4971890.548,15335475.39,4968890.548,15332475.39,4968890.548,63515106.93,0,0,0,0,0,0,0,0,0,0,,0,,0,0,0,0,0,0,0,0,0,0,0,0,0,0
15332475.39,4968890.548,15335475.39,4968890.548,15335475.39,4965890.548,15332475.39,4965890.548,63515106.93,0,0,0,0,0,0,0,0,0,0,,0,,0,0,0,0,0,0,0,0,0,0,0,0,0,0
15332475.39,4965890.548,15335475.39,4965890.548,15335475.39,4962890.548,15332475.39,4962890.548,63515106.93,0,0,0,0,0,0,0,0,0,0,,0,,0,0,0,0,0,0,0,0,0,0,0,0,0,0
15332475.39,4962890.548,15335475.39,4962890.548,15335475.39,4959890.548,15332475.39,4959890.548,63515106.93,0,0,0,0,0,0,0,0,0,0,,0,,0,0,0,0,0,0,0,0,0,0,0,0,0,0
15332475.39,4959890.548,15335475.39,4959890.548,15335475.39,4956890.548,15332475.39,4956890.548,63515106.93,0,0,0,0,0,0,0,0,0,0,,0,,0,0,0,0,0,0,0,0,0,0,0,0,0,0
15332475.39,4956890.548,15335475.39,4956890.548,15335475.39,4953890.548,15332475.39,4953890.548,63515106.93,7.87E-09,7.87E-09,4727.473522,2363.736761,2363.736761,0,0,0,0.175934569,0.087967284,,3.72E-05,,3.72E-05,0.5,1,0.5,1,2363.736761,2363.736761,2363.736761,0,0,1,0,7.87E-09,31757553.47
15332475.39,4953890.548,15335475.39,4953890.548,15335475.39,4950890.548,15332475.39,4950890.548,63515106.93,7.87E-09,7.87E-09,8934.922248,4467.461124,4467.461124,0,0,0,0.628455492,0.314227746,,7.03E-05,,7.03E-05,0.5,1,0.5,1,4467.461124,4467.461124,4467.461124,0,0,1,0,7.87E-09,31757553.47
15332475.39,4950890.548,15335475.39,4950890.548,15335475.39,4947890.548,15332475.39,4947890.548,63515106.93,0,0,0,4898.662651,4898.662651,0,0,0,0,0.377813987,,7.71E-05,,7.71E-05,0,1,0,1,4898.662651,4898.662651,4898.662651,0,0,0,0,0,0
15332475.39,4947890.548,15335475.39,4947890.548,15335475.39,4944890.548,15332475.39,4944890.548,63515106.93,0,0,0,0,0,0,0,0,0,0,,0,,0,0,0,0,0,0,0,0,0,0,0,0,0,0
15332475.39,4944890.548,15335475.39,4944890.548,15335475.39,4941890.548,15332475.39,4941890.548,63515106.93,0,0,0,0,0,0,0,0,0,0,,0,,0,0,0,0,0,0,0,0,0,0,0,0,0,0
15335475.39,5121890.548,15338475.39,5121890.548,15338475.39,5118890.548,15335475.39,5118890.548,63515106.93,0,0,0,0,0,0,0,0,0,0,,0,,0,0,0,0,0,0,0,0,0,0,0,0,0,0
15335475.39,5118890.548,15338475.39,5118890.548,15338475.39,5115890.548,15335475.39,5115890.548,63515106.93,0,0,0,0,0,0,0,0,0,0,,0,,0,0,0,0,0,0,0,0,0,0,0,0,0,0
15335475.39,5115890.548,15338475.39,5115890.548,15338475.39,5112890.548,15335475.39,5112890.548,63515106.93,0,0,0,0,0,0,0,0,0,0,,0,,0,0,0,0,0,0,0,0,0,0,0,0,0,0
15335475.39,5112890.548,15338475.39,5112890.548,15338475.39,5109890.548,15335475.39,5109890.548,63515106.93,0,0,0,0,0,0,0,0,0,0,,0,,0,0,0,0,0,0,0,0,0,0,0,0,0,0
15335475.39,5109890.548,15338475.39,5109890.548,15338475.39,5106890.548,15335475.39,5106890.548,63515106.93,0,0,0,0,0,0,0,0,0,0,,0,,0,0,0,0,0,0,0,0,0,0,0,0,0,0
15335475.39,5106890.548,15338475.39,5106890.548,15338475.39,5103890.548,15335475.39,5103890.548,63515106.93,0,0,0,0,0,0,0,0,0,0,,0,,0,0,0,0,0,0,0,0,0,0,0,0,0,0
15335475.39,5103890.548,15338475.39,5103890.548,15338475.39,5100890.548,15335475.39,5100890.548,63515106.93,0,0,0,0,0,0,0,0,0,0,,0,,0,0,0,0,0,0,0,0,0,0,0,0,0,0
15335475.39,5100890.548,15338475.39,5100890.548,15338475.39,5097890.548,15335475.39,5097890.548,63515106.93,0,0,0,0,0,0,0,0,0,0,,0,,0,0,0,0,0,0,0,0,0,0,0,0,0,0
15335475.39,5097890.548,15338475.39,5097890.548,15338475.39,5094890.548,15335475.39,5094890.548,63515106.93,0,0,0,0,0,0,0,0,0,0,,0,,0,0,0,0,0,0,0,0,0,0,0,0,0,0
15335475.39,5094890.548,15338475.39,5094890.548,15338475.39,5091890.548,15335475.39,5091890.548,63515106.93,0,0,0,0,0,0,0,0,0,0,,0,,0,0,0,0,0,0,0,0,0,0,0,0,0,0
15335475.39,5091890.548,15338475.39,5091890.548,15338475.39,5088890.548,15335475.39,5088890.548,63515106.93,0,0,0,0,0,0,0,0,0,0,,0,,0,0,0,0,0,0,0,0,0,0,0,0,0,0
15335475.39,5088890.548,15338475.39,5088890.548,15338475.39,5085890.548,15335475.39,5085890.548,63515106.93,0,0,0,0,0,0,0,0,0,0,,0,,0,0,0,0,0,0,0,0,0,0,0,0,0,0
15335475.39,5085890.548,15338475.39,5085890.548,15338475.39,5082890.548,15335475.39,5082890.548,63515106.93,0,0,0,0,0,0,0,0,0,0,,0,,0,0,0,0,0,0,0,0,0,0,0,0,0,0
15335475.39,5082890.548,15338475.39,5082890.548,15338475.39,5079890.548,15335475.39,5079890.548,63515106.93,0,0,0,0,0,0,0,0,0,0,,0,,0,0,0,0,0,0,0,0,0,0,0,0,0,0
15335475.39,5079890.548,15338475.39,5079890.548,15338475.39,5076890.548,15335475.39,5076890.548,63515106.93,0,0,0,0,0,0,0,0,0,0,,0,,0,0,0,0,0,0,0,0,0,0,0,0,0,0
15335475.39,5076890.548,15338475.39,5076890.548,15338475.39,5073890.548,15335475.39,5073890.548,63515106.93,0,0,0,0,0,0,0,0,0,0,,0,,0,0,0,0,0,0,0,0,0,0,0,0,0,0
15335475.39,5073890.548,15338475.39,5073890.548,15338475.39,5070890.548,15335475.39,5070890.548,63515106.93,0,0,0,0,0,0,0,0,0,0,,0,,0,0,0,0,0,0,0,0,0,0,0,0,0,0
15335475.39,5070890.548,15338475.39,5070890.548,15338475.39,5067890.548,15335475.39,5067890.548,63515106.93,0,0,0,0,0,0,0,0,0,0,,0,,0,0,0,0,0,0,0,0,0,0,0,0,0,0
15335475.39,5067890.548,15338475.39,5067890.548,15338475.39,5064890.548,15335475.39,5064890.548,63515106.93,0,0,0,0,0,0,0,0,0,0,,0,,0,0,0,0,0,0,0,0,0,0,0,0,0,0
15335475.39,5064890.548,15338475.39,5064890.548,15338475.39,5061890.548,15335475.39,5061890.548,63515106.93,0,0,0,0,0,0,0,0,0,0,,0,,0,0,0,0,0,0,0,0,0,0,0,0,0,0
15335475.39,5061890.548,15338475.39,5061890.548,15338475.39,5058890.548,15335475.39,5058890.548,63515106.93,0,0,0,0,0,0,0,0,0,0,,0,,0,0,0,0,0,0,0,0,0,0,0,0,0,0
15335475.39,5058890.548,15338475.39,5058890.548,15338475.39,5055890.548,15335475.39,5055890.548,63515106.93,0,0,0,0,0,0,0,0,0,0,,0,,0,0,0,0,0,0,0,0,0,0,0,0,0,0
15335475.39,5055890.548,15338475.39,5055890.548,15338475.39,5052890.548,15335475.39,5052890.548,63515106.93,0,0,0,0,0,0,0,0,0,0,,0,,0,0,0,0,0,0,0,0,0,0,0,0,0,0
15335475.39,5052890.548,15338475.39,5052890.548,15338475.39,5049890.548,15335475.39,5049890.548,63515106.93,0,0,0,0,0,0,0,0,0,0,,0,,0,0,0,0,0,0,0,0,0,0,0,0,0,0
15335475.39,5049890.548,15338475.39,5049890.548,15338475.39,5046890.548,15335475.39,5046890.548,63515106.93,0,0,0,0,0,0,0,0,0,0,,0,,0,0,0,0,0,0,0,0,0,0,0,0,0,0
15335475.39,5046890.548,15338475.39,5046890.548,15338475.39,5043890.548,15335475.39,5043890.548,63515106.93,0,0,0,0,0,0,0,0,0,0,,0,,0,0,0,0,0,0,0,0,0,0,0,0,0,0
15335475.39,5043890.548,15338475.39,5043890.548,15338475.39,5040890.548,15335475.39,5040890.548,63515106.93,0,0,0,8013.133645,8013.133645,0,0,0,0,1.010945489,,0.000126161,,0.000126161,0,1,0,1,8013.133645,8013.133645,8013.133645,0,0,0,0,0,0
15335475.39,5040890.548,15338475.39,5040890.548,15338475.39,5037890.548,15335475.39,5037890.548,63515106.93,7.87E-09,7.87E-09,17784.55204,85.08294833,8807.193071,0,0,0,2.48988238,0.622470595,,0.000140003,,0.000140003,0.5,2,0.5,2,4446.13801,85.08294833,8807.193071,0,0,1,0,7.87E-09,31757553.47
15335475.39,5037890.548,15338475.39,5037890.548,15338475.39,5034890.548,15335475.39,5034890.548,63515106.93,0,0,0,4424.157271,4424.157271,0,0,0,0,0.308165545,,6.97E-05,,6.97E-05,0,1,0,1,4424.157271,4424.157271,4424.157271,0,0,0,0,0,0
15335475.39,5034890.548,15338475.39,5034890.548,15338475.39,5031890.548,15335475.39,5031890.548,63515106.93,0,0,0,0,0,0,0,0,0,0,,0,,0,0,0,0,0,0,0,0,0,0,0,0,0,0
15335475.39,5031890.548,15338475.39,5031890.548,15338475.39,5028890.548,15335475.39,5028890.548,63515106.93,0,0,0,0,0,0,0,0,0,0,,0,,0,0,0,0,0,0,0,0,0,0,0,0,0,0
15335475.39,5028890.548,15338475.39,5028890.548,15338475.39,5025890.548,15335475.39,5025890.548,63515106.93,0,0,0,0,0,0,0,0,0,0,,0,,0,0,0,0,0,0,0,0,0,0,0,0,0,0
15335475.39,5025890.548,15338475.39,5025890.548,15338475.39,5022890.548,15335475.39,5022890.548,63515106.93,7.87E-09,7.87E-09,80.35028905,40.17514452,40.17514452,0,0,0,5.08E-05,2.54E-05,,6.33E-07,,6.33E-07,0.5,1,0.5,1,40.17514452,40.17514452,40.17514452,0,0,1,0,7.87E-09,31757553.47
15335475.39,5022890.548,15338475.39,5022890.548,15338475.39,5019890.548,15335475.39,5019890.548,63515106.93,0,0,0,0,0,0,0,0,0,0,,0,,0,0,0,0,0,0,0,0,0,0,0,0,0,0
15335475.39,5019890.548,15338475.39,5019890.548,15338475.39,5016890.548,15335475.39,5016890.548,63515106.93,7.87E-09,7.87E-09,203.176351,101.5881755,101.5881755,0,0,0,0.000324967,0.000162484,,1.60E-06,,1.60E-06,0.5,1,0.5,1,101.5881755,101.5881755,101.5881755,0,0,1,0,7.87E-09,31757553.47
15335475.39,5016890.548,15338475.39,5016890.548,15338475.39,5013890.548,15335475.39,5013890.548,63515106.93,7.87E-09,7.87E-09,1009.954455,504.9772276,504.9772276,0,0,0,0.008029649,0.004014824,,7.95E-06,,7.95E-06,0.5,1,0.5,1,504.9772276,504.9772276,504.9772276,0,0,1,0,7.87E-09,31757553.47
15335475.39,5013890.548,15338475.39,5013890.548,15338475.39,5010890.548,15335475.39,5010890.548,63515106.93,7.87E-09,7.87E-09,5517.060736,2758.530368,2758.530368,0,0,0,0.239611965,0.119805983,,4.34E-05,,4.34E-05,0.5,1,0.5,1,2758.530368,2758.530368,2758.530368,0,0,1,0,7.87E-09,31757553.47
15335475.39,5010890.548,15338475.39,5010890.548,15338475.39,5007890.548,15335475.39,5007890.548,63515106.93,1.57E-08,1.57E-08,5870.567466,2715.683169,3154.884297,0,0,0,0.542604178,0.271302089,,9.24E-05,,9.24E-05,1,2,1,2,2935.283733,2715.683169,3154.884297,0,0,1,0,1.57E-08,63515106.93
15335475.39,5007890.548,15338475.39,5007890.548,15338475.39,5004890.548,15335475.39,5004890.548,63515106.93,7.87E-09,7.87E-09,8783.388602,4391.694301,4391.694301,0,0,0,0.607319416,0.303659708,,6.91E-05,,6.91E-05,0.5,1,0.5,1,4391.694301,4391.694301,4391.694301,0,0,1,0,7.87E-09,31757553.47
15335475.39,5004890.548,15338475.39,5004890.548,15338475.39,5001890.548,15335475.39,5001890.548,63515106.93,1.57E-08,1.57E-08,6728.802907,3346.055703,3382.747204,0,0,0,0.712850702,0.356425351,,0.00010594,,0.00010594,1,2,1,2,3364.401453,3346.055703,3382.747204,0,0,1,0,1.57E-08,63515106.93
15335475.39,5001890.548,15338475.39,5001890.548,15338475.39,4998890.548,15335475.39,4998890.548,63515106.93,7.87E-09,7.87E-09,8296.056311,4148.028155,4148.028155,0,0,0,0.541796697,0.270898349,,6.53E-05,,6.53E-05,0.5,1,0.5,1,4148.028155,4148.028155,4148.028155,0,0,1,0,7.87E-09,31757553.47
15335475.39,4998890.548,15338475.39,4998890.548,15338475.39,4995890.548,15335475.39,4995890.548,63515106.93,7.87E-09,7.87E-09,5009.939286,2504.969643,2504.969643,0,0,0,0.197586786,0.098793393,,3.94E-05,,3.94E-05,0.5,1,0.5,1,2504.969643,2504.969643,2504.969643,0,0,1,0,7.87E-09,31757553.47
15335475.39,4995890.548,15338475.39,4995890.548,15338475.39,4992890.548,15335475.39,4992890.548,63515106.93,0,0,0,0,0,0,0,0,0,0,,0,,0,0,0,0,0,0,0,0,0,0,0,0,0,0
15335475.39,4992890.548,15338475.39,4992890.548,15338475.39,4989890.548,15335475.39,4989890.548,63515106.93,7.87E-09,7.87E-09,11969.16224,5984.581122,5984.581122,0,0,0,1.127769847,0.563884923,,9.42E-05,,9.42E-05,0.5,1,0.5,1,5984.581122,5984.581122,5984.581122,0,0,1,0,7.87E-09,31757553.47
15335475.39,4989890.548,15338475.39,4989890.548,15338475.39,4986890.548,15335475.39,4986890.548,63515106.93,7.87E-09,7.87E-09,13486.26423,6743.132116,6743.132116,0,0,0,1.431780026,0.715890013,,0.000106166,,0.000106166,0.5,1,0.5,1,6743.132116,6743.132116,6743.132116,0,0,1,0,7.87E-09,31757553.47
15335475.39,4986890.548,15338475.39,4986890.548,15338475.39,4983890.548,15335475.39,4983890.548,63515106.93,0,0,0,3038.457783,3038.457783,0,0,0,0,0.145354801,,4.78E-05,,4.78E-05,0,1,0,1,3038.457783,3038.457783,3038.457783,0,0,0,0,0,0
15335475.39,4983890.548,15338475.39,4983890.548,15338475.39,4980890.548,15335475.39,4980890.548,63515106.93,0,0,0,0,0,0,0,0,0,0,,0,,0,0,0,0,0,0,0,0,0,0,0,0,0,0
15335475.39,4980890.548,15338475.39,4980890.548,15338475.39,4977890.548,15335475.39,4977890.548,63515106.93,7.87E-09,7.87E-09,4311.018354,2155.509177,2155.509177,0,0,0,0.146302826,0.073151413,,3.39E-05,,3.39E-05,0.5,1,0.5,1,2155.509177,2155.509177,2155.509177,0,0,1,0,7.87E-09,31757553.47
15335475.39,4977890.548,15338475.39,4977890.548,15338475.39,4974890.548,15335475.39,4974890.548,63515106.93,7.87E-09,7.87E-09,4476.085806,2238.042903,2238.042903,0,0,0,0.157721093,0.078860546,,3.52E-05,,3.52E-05,0.5,1,0.5,1,2238.042903,2238.042903,2238.042903,0,0,1,0,7.87E-09,31757553.47
15335475.39,4974890.548,15338475.39,4974890.548,15338475.39,4971890.548,15335475.39,4971890.548,63515106.93,0,0,0,0,0,0,0,0,0,0,,0,,0,0,0,0,0,0,0,0,0,0,0,0,0,0
15335475.39,4971890.548,15338475.39,4971890.548,15338475.39,4968890.548,15335475.39,4968890.548,63515106.93,0,0,0,0,0,0,0,0,0,0,,0,,0,0,0,0,0,0,0,0,0,0,0,0,0,0
15335475.39,4968890.548,15338475.39,4968890.548,15338475.39,4965890.548,15335475.39,4965890.548,63515106.93,7.87E-09,7.87E-09,4247.765753,2123.882876,2123.882876,0,0,0,0.14204112,0.07102056,,3.34E-05,,3.34E-05,0.5,1,0.5,1,2123.882876,2123.882876,2123.882876,0,0,1,0,7.87E-09,31757553.47
15335475.39,4965890.548,15338475.39,4965890.548,15338475.39,4962890.548,15335475.39,4962890.548,63515106.93,7.87E-09,7.87E-09,6747.108703,3373.554352,3373.554352,0,0,0,0.358367309,0.179183654,,5.31E-05,,5.31E-05,0.5,1,0.5,1,3373.554352,3373.554352,3373.554352,0,0,1,0,7.87E-09,31757553.47
15335475.39,4962890.548,15338475.39,4962890.548,15338475.39,4959890.548,15335475.39,4959890.548,63515106.93,0,0,0,1784.261946,1784.261946,0,0,0,0,0.050123362,,2.81E-05,,2.81E-05,0,1,0,1,1784.261946,1784.261946,1784.261946,0,0,0,0,0,0
15335475.39,4959890.548,15338475.39,4959890.548,15338475.39,4956890.548,15335475.39,4956890.548,63515106.93,7.87E-09,7.87E-09,76.42919106,38.21459553,38.21459553,0,0,0,4.60E-05,2.30E-05,,6.02E-07,,6.02E-07,0.5,1,0.5,1,38.21459553,38.21459553,38.21459553,0,0,1,0,7.87E-09,31757553.47
15335475.39,4956890.548,15338475.39,4956890.548,15338475.39,4953890.548,15335475.39,4953890.548,63515106.93,7.87E-09,7.87E-09,6981.006296,3490.503148,3490.503148,0,0,0,0.383644547,0.191822274,,5.50E-05,,5.50E-05,0.5,1,0.5,1,3490.503148,3490.503148,3490.503148,0,0,1,0,7.87E-09,31757553.47
15335475.39,4953890.548,15338475.39,4953890.548,15338475.39,4950890.548,15335475.39,4950890.548,63515106.93,7.87E-09,7.87E-09,12993.20373,6496.601863,6496.601863,0,0,0,1.329001487,0.664500743,,0.000102284,,0.000102284,0.5,1,0.5,1,6496.601863,6496.601863,6496.601863,0,0,1,0,7.87E-09,31757553.47
15335475.39,4950890.548,15338475.39,4950890.548,15338475.39,4947890.548,15335475.39,4947890.548,63515106.93,0,0,0,8593.445309,8593.445309,0,0,0,0,1.162673037,,0.000135298,,0.000135298,0,1,0,1,8593.445309,8593.445309,8593.445309,0,0,0,0,0,0
15335475.39,4947890.548,15338475.39,4947890.548,15338475.39,4944890.548,15335475.39,4944890.548,63515106.93,0,0,0,6839.048293,6839.048293,0,0,0,0,0.736400894,,0.000107676,,0.000107676,0,1,0,1,6839.048293,6839.048293,6839.048293,0,0,0,0,0,0
15335475.39,4944890.548,15338475.39,4944890.548,15338475.39,4941890.548,15335475.39,4941890.548,63515106.93,0,0,0,0,0,0,0,0,0,0,,0,,0,0,0,0,0,0,0,0,0,0,0,0,0,0
15338475.39,5121890.548,15341475.39,5121890.548,15341475.39,5118890.548,15338475.39,5118890.548,63515106.93,0,0,0,0,0,0,0,0,0,0,,0,,0,0,0,0,0,0,0,0,0,0,0,0,0,0
15338475.39,5118890.548,15341475.39,5118890.548,15341475.39,5115890.548,15338475.39,5115890.548,63515106.93,0,0,0,0,0,0,0,0,0,0,,0,,0,0,0,0,0,0,0,0,0,0,0,0,0,0
15338475.39,5115890.548,15341475.39,5115890.548,15341475.39,5112890.548,15338475.39,5112890.548,63515106.93,0,0,0,0,0,0,0,0,0,0,,0,,0,0,0,0,0,0,0,0,0,0,0,0,0,0
15338475.39,5112890.548,15341475.39,5112890.548,15341475.39,5109890.548,15338475.39,5109890.548,63515106.93,0,0,0,0,0,0,0,0,0,0,,0,,0,0,0,0,0,0,0,0,0,0,0,0,0,0
15338475.39,5109890.548,15341475.39,5109890.548,15341475.39,5106890.548,15338475.39,5106890.548,63515106.93,0,0,0,0,0,0,0,0,0,0,,0,,0,0,0,0,0,0,0,0,0,0,0,0,0,0
15338475.39,5106890.548,15341475.39,5106890.548,15341475.39,5103890.548,15338475.39,5103890.548,63515106.93,0,0,0,0,0,0,0,0,0,0,,0,,0,0,0,0,0,0,0,0,0,0,0,0,0,0
15338475.39,5103890.548,15341475.39,5103890.548,15341475.39,5100890.548,15338475.39,5100890.548,63515106.93,0,0,0,0,0,0,0,0,0,0,,0,,0,0,0,0,0,0,0,0,0,0,0,0,0,0
15338475.39,5100890.548,15341475.39,5100890.548,15341475.39,5097890.548,15338475.39,5097890.548,63515106.93,0,0,0,0,0,0,0,0,0,0,,0,,0,0,0,0,0,0,0,0,0,0,0,0,0,0
15338475.39,5097890.548,15341475.39,5097890.548,15341475.39,5094890.548,15338475.39,5094890.548,63515106.93,0,0,0,0,0,0,0,0,0,0,,0,,0,0,0,0,0,0,0,0,0,0,0,0,0,0
15338475.39,5094890.548,15341475.39,5094890.548,15341475.39,5091890.548,15338475.39,5091890.548,63515106.93,0,0,0,0,0,0,0,0,0,0,,0,,0,0,0,0,0,0,0,0,0,0,0,0,0,0
15338475.39,5091890.548,15341475.39,5091890.548,15341475.39,5088890.548,15338475.39,5088890.548,63515106.93,0,0,0,0,0,0,0,0,0,0,,0,,0,0,0,0,0,0,0,0,0,0,0,0,0,0
15338475.39,5088890.548,15341475.39,5088890.548,15341475.39,5085890.548,15338475.39,5085890.548,63515106.93,0,0,0,0,0,0,0,0,0,0,,0,,0,0,0,0,0,0,0,0,0,0,0,0,0,0
15338475.39,5085890.548,15341475.39,5085890.548,15341475.39,5082890.548,15338475.39,5082890.548,63515106.93,0,0,0,0,0,0,0,0,0,0,,0,,0,0,0,0,0,0,0,0,0,0,0,0,0,0
15338475.39,5082890.548,15341475.39,5082890.548,15341475.39,5079890.548,15338475.39,5079890.548,63515106.93,0,0,0,0,0,0,0,0,0,0,,0,,0,0,0,0,0,0,0,0,0,0,0,0,0,0
15338475.39,5079890.548,15341475.39,5079890.548,15341475.39,5076890.548,15338475.39,5076890.548,63515106.93,0,0,0,0,0,0,0,0,0,0,,0,,0,0,0,0,0,0,0,0,0,0,0,0,0,0
15338475.39,5076890.548,15341475.39,5076890.548,15341475.39,5073890.548,15338475.39,5073890.548,63515106.93,0,0,0,0,0,0,0,0,0,0,,0,,0,0,0,0,0,0,0,0,0,0,0,0,0,0
15338475.39,5073890.548,15341475.39,5073890.548,15341475.39,5070890.548,15338475.39,5070890.548,63515106.93,0,0,0,0,0,0,0,0,0,0,,0,,0,0,0,0,0,0,0,0,0,0,0,0,0,0
15338475.39,5070890.548,15341475.39,5070890.548,15341475.39,5067890.548,15338475.39,5067890.548,63515106.93,0,0,0,0,0,0,0,0,0,0,,0,,0,0,0,0,0,0,0,0,0,0,0,0,0,0
15338475.39,5067890.548,15341475.39,5067890.548,15341475.39,5064890.548,15338475.39,5064890.548,63515106.93,0,0,0,0,0,0,0,0,0,0,,0,,0,0,0,0,0,0,0,0,0,0,0,0,0,0
15338475.39,5064890.548,15341475.39,5064890.548,15341475.39,5061890.548,15338475.39,5061890.548,63515106.93,0,0,0,0,0,0,0,0,0,0,,0,,0,0,0,0,0,0,0,0,0,0,0,0,0,0
15338475.39,5061890.548,15341475.39,5061890.548,15341475.39,5058890.548,15338475.39,5058890.548,63515106.93,0,0,0,0,0,0,0,0,0,0,,0,,0,0,0,0,0,0,0,0,0,0,0,0,0,0
15338475.39,5058890.548,15341475.39,5058890.548,15341475.39,5055890.548,15338475.39,5055890.548,63515106.93,0,0,0,0,0,0,0,0,0,0,,0,,0,0,0,0,0,0,0,0,0,0,0,0,0,0
15338475.39,5055890.548,15341475.39,5055890.548,15341475.39,5052890.548,15338475.39,5052890.548,63515106.93,0,0,0,0,0,0,0,0,0,0,,0,,0,0,0,0,0,0,0,0,0,0,0,0,0,0
15338475.39,5052890.548,15341475.39,5052890.548,15341475.39,5049890.548,15338475.39,5049890.548,63515106.93,0,0,0,0,0,0,0,0,0,0,,0,,0,0,0,0,0,0,0,0,0,0,0,0,0,0
15338475.39,5049890.548,15341475.39,5049890.548,15341475.39,5046890.548,15338475.39,5046890.548,63515106.93,0,0,0,0,0,0,0,0,0,0,,0,,0,0,0,0,0,0,0,0,0,0,0,0,0,0
15338475.39,5046890.548,15341475.39,5046890.548,15341475.39,5043890.548,15338475.39,5043890.548,63515106.93,0,0,0,0,0,0,0,0,0,0,,0,,0,0,0,0,0,0,0,0,0,0,0,0,0,0
15338475.39,5043890.548,15341475.39,5043890.548,15341475.39,5040890.548,15338475.39,5040890.548,63515106.93,3.94E-08,2.36E-08,4272.975195,121.3260922,6686.549352,1.2,1.333333333,1.57E-08,0.718660406,0.449162754,,0.000168187,,0.000168187,2.5,5,1.5,4,2670.609497,121.3260922,7397.177025,0.4,0.666666667,3.666666667,1,3.000000016,63515107.93
15338475.39,5040890.548,15341475.39,5040890.548,15341475.39,5037890.548,15338475.39,5037890.548,63515106.93,3.94E-08,2.36E-08,6251.156004,1539.617698,6901.833413,1.2,1.333333333,1.57E-08,1.538096733,0.961310458,,0.00024605,,0.00024605,2.5,5,1.5,4,3906.972502,1539.617698,8969.084861,0.4,0.666666667,3.666666667,1,3.000000016,63515107.93
15338475.39,5037890.548,15341475.39,5037890.548,15341475.39,5034890.548,15338475.39,5034890.548,63515106.93,3.94E-08,2.36E-08,3737.019799,785.2526622,4830.952329,1.2,1.333333333,1.57E-08,0.549684856,0.343553035,,0.000147092,,0.000147092,2.5,5,1.5,4,2335.637374,785.2526622,6022.528445,0.4,0.666666667,3.666666667,1,3.000000016,63515107.93
15338475.39,5034890.548,15341475.39,5034890.548,15341475.39,5031890.548,15338475.39,5031890.548,63515106.93,0,0,0,0,0,0,0,0,0,0,,0,,0,0,0,0,0,0,0,0,0,0,0,0,0,0
15338475.39,5031890.548,15341475.39,5031890.548,15341475.39,5028890.548,15338475.39,5028890.548,63515106.93,0,0,0,0,0,0,0,0,0,0,,0,,0,0,0,0,0,0,0,0,0,0,0,0,0,0
15338475.39,5028890.548,15341475.39,5028890.548,15341475.39,5025890.548,15338475.39,5025890.548,63515106.93,7.87E-09,7.87E-09,1547.165956,773.5829779,773.5829779,0,0,0,0.018843726,0.009421863,,1.22E-05,,1.22E-05,0.5,1,0.5,1,773.5829779,773.5829779,773.5829779,0,0,1,0,7.87E-09,31757553.47
15338475.39,5025890.548,15341475.39,5025890.548,15341475.39,5022890.548,15338475.39,5022890.548,63515106.93,7.87E-09,7.87E-09,5920.399991,2960.199995,2960.199995,0,0,0,0.275927553,0.137963776,,4.66E-05,,4.66E-05,0.5,1,0.5,1,2960.199995,2960.199995,2960.199995,0,0,1,0,7.87E-09,31757553.47
15338475.39,5022890.548,15341475.39,5022890.548,15341475.39,5019890.548,15338475.39,5019890.548,63515106.93,1.57E-08,1.57E-08,3910.464996,1081.049521,2829.415475,0,0,0,0.24075747,0.120378735,,6.16E-05,,6.16E-05,1,2,1,2,1955.232498,1081.049521,2829.415475,0,0,1,0,1.57E-08,63515106.93
15338475.39,5019890.548,15341475.39,5019890.548,15341475.39,5016890.548,15338475.39,5016890.548,63515106.93,7.87E-09,7.87E-09,6106.588322,3053.294161,3053.294161,0,0,0,0.293555524,0.146777762,,4.81E-05,,4.81E-05,0.5,1,0.5,1,3053.294161,3053.294161,3053.294161,0,0,1,0,7.87E-09,31757553.47
15338475.39,5016890.548,15341475.39,5016890.548,15341475.39,5013890.548,15338475.39,5013890.548,63515106.93,1.57E-08,1.57E-08,5536.12063,2471.438325,3064.682305,0,0,0,0.482540818,0.241270409,,8.72E-05,,8.72E-05,1,2,1,2,2768.060315,2471.438325,3064.682305,0,0,1,0,1.57E-08,63515106.93
15338475.39,5013890.548,15341475.39,5013890.548,15341475.39,5010890.548,15338475.39,5010890.548,63515106.93,7.87E-09,7.87E-09,11168.14954,5584.074771,5584.074771,0,0,0,0.981873213,0.490936606,,8.79E-05,,8.79E-05,0.5,1,0.5,1,5584.074771,5584.074771,5584.074771,0,0,1,0,7.87E-09,31757553.47
15338475.39,5010890.548,15341475.39,5010890.548,15341475.39,5007890.548,15338475.39,5007890.548,63515106.93,1.57E-08,1.57E-08,11657.48853,5694.102981,5963.385548,0,0,0,2.139601826,1.069800913,,0.000183539,,0.000183539,1,2,1,2,5828.744264,5694.102981,5963.385548,0,0,1,0,1.57E-08,63515106.93
15338475.39,5007890.548,15341475.39,5007890.548,15341475.39,5004890.548,15338475.39,5004890.548,63515106.93,7.87E-09,7.87E-09,14744.93472,7372.46736,7372.46736,0,0,0,1.711506997,0.855753499,,0.000116074,,0.000116074,0.5,1,0.5,1,7372.46736,7372.46736,7372.46736,0,0,1,0,7.87E-09,31757553.47
15338475.39,5004890.548,15341475.39,5004890.548,15341475.39,5001890.548,15338475.39,5001890.548,63515106.93,1.57E-08,1.57E-08,13032.08375,6223.359608,6808.724142,0,0,0,2.673934046,1.336967023,,0.000205181,,0.000205181,1,2,1,2,6516.041875,6223.359608,6808.724142,0,0,1,0,1.57E-08,63515106.93
15338475.39,5001890.548,15341475.39,5001890.548,15341475.39,4998890.548,15338475.39,4998890.548,63515106.93,7.87E-09,7.87E-09,14346.05064,7173.025319,7173.025319,0,0,0,1.620159194,0.810079597,,0.000112934,,0.000112934,0.5,1,0.5,1,7173.025319,7173.025319,7173.025319,0,0,1,0,7.87E-09,31757553.47
15338475.39,4998890.548,15341475.39,4998890.548,15341475.39,4995890.548,15338475.39,4995890.548,63515106.93,7.87E-09,7.87E-09,11500.31928,5750.159639,5750.159639,0,0,0,1.041148712,0.520574356,,9.05E-05,,9.05E-05,0.5,1,0.5,1,5750.159639,5750.159639,5750.159639,0,0,1,0,7.87E-09,31757553.47
15338475.39,4995890.548,15341475.39,4995890.548,15341475.39,4992890.548,15338475.39,4992890.548,63515106.93,0,0,0,0,0,0,0,0,0,0,,0,,0,0,0,0,0,0,0,0,0,0,0,0,0,0
15338475.39,4992890.548,15341475.39,4992890.548,15341475.39,4989890.548,15338475.39,4989890.548,63515106.93,0,0,0,7721.251691,7721.251691,0,0,0,0,0.938638547,,0.000121566,,0.000121566,0,1,0,1,7721.251691,7721.251691,7721.251691,0,0,0,0,0,0
15338475.39,4989890.548,15341475.39,4989890.548,15341475.39,4986890.548,15338475.39,4986890.548,63515106.93,0,0,0,8912.070183,8912.070183,0,0,0,0,1.250489825,,0.000140314,,0.000140314,0,1,0,1,8912.070183,8912.070183,8912.070183,0,0,0,0,0,0
15338475.39,4986890.548,15341475.39,4986890.548,15341475.39,4983890.548,15338475.39,4983890.548,63515106.93,0,0,0,5464.06672,5464.06672,0,0,0,0,0.470061794,,8.60E-05,,8.60E-05,0,1,0,1,5464.06672,5464.06672,5464.06672,0,0,0,0,0,0
15338475.39,4983890.548,15341475.39,4983890.548,15341475.39,4980890.548,15338475.39,4980890.548,63515106.93,0,0,0,0,0,0,0,0,0,0,,0,,0,0,0,0,0,0,0,0,0,0,0,0,0,0
15338475.39,4980890.548,15341475.39,4980890.548,15341475.39,4977890.548,15338475.39,4977890.548,63515106.93,7.87E-09,7.87E-09,10682.18427,5341.092136,5341.092136,0,0,0,0.898282836,0.449141418,,8.41E-05,,8.41E-05,0.5,1,0.5,1,5341.092136,5341.092136,5341.092136,0,0,1,0,7.87E-09,31757553.47
15338475.39,4977890.548,15341475.39,4977890.548,15341475.39,4974890.548,15338475.39,4974890.548,63515106.93,7.87E-09,7.87E-09,10214.61488,5107.307439,5107.307439,0,0,0,0.82136646,0.41068323,,8.04E-05,,8.04E-05,0.5,1,0.5,1,5107.307439,5107.307439,5107.307439,0,0,1,0,7.87E-09,31757553.47
15338475.39,4974890.548,15341475.39,4974890.548,15341475.39,4971890.548,15338475.39,4971890.548,63515106.93,7.87E-09,7.87E-09,4060.950635,2030.475317,2030.475317,0,0,0,0.129822029,0.064911014,,3.20E-05,,3.20E-05,0.5,1,0.5,1,2030.475317,2030.475317,2030.475317,0,0,1,0,7.87E-09,31757553.47
15338475.39,4971890.548,15341475.39,4971890.548,15341475.39,4968890.548,15338475.39,4968890.548,63515106.93,0,0,0,0,0,0,0,0,0,0,,0,,0,0,0,0,0,0,0,0,0,0,0,0,0,0
15338475.39,4968890.548,15341475.39,4968890.548,15341475.39,4965890.548,15338475.39,4965890.548,63515106.93,7.87E-09,7.87E-09,8187.239695,4093.619847,4093.619847,0,0,0,0.527676777,0.263838388,,6.45E-05,,6.45E-05,0.5,1,0.5,1,4093.619847,4093.619847,4093.619847,0,0,1,0,7.87E-09,31757553.47
15338475.39,4965890.548,15341475.39,4965890.548,15341475.39,4962890.548,15338475.39,4962890.548,63515106.93,7.87E-09,7.87E-09,12614.61219,6307.306093,6307.306093,0,0,0,1.252681829,0.626340914,,9.93E-05,,9.93E-05,0.5,1,0.5,1,6307.306093,6307.306093,6307.306093,0,0,1,0,7.87E-09,31757553.47
15338475.39,4962890.548,15341475.39,4962890.548,15341475.39,4959890.548,15338475.39,4959890.548,63515106.93,7.87E-09,7.87E-09,13890.04005,6945.020023,6945.020023,0,0,0,1.518797825,0.759398912,,0.000109344,,0.000109344,0.5,1,0.5,1,6945.020023,6945.020023,6945.020023,0,0,1,0,7.87E-09,31757553.47
15338475.39,4959890.548,15341475.39,4959890.548,15341475.39,4956890.548,15338475.39,4956890.548,63515106.93,0,0,0,0,0,0,0,0,0,0,,0,,0,0,0,0,0,0,0,0,0,0,0,0,0,0
15338475.39,4956890.548,15341475.39,4956890.548,15341475.39,4953890.548,15338475.39,4953890.548,63515106.93,7.87E-09,7.87E-09,3485.67254,1742.83627,1742.83627,0,0,0,0.095645852,0.047822926,,2.74E-05,,2.74E-05,0.5,1,0.5,1,1742.83627,1742.83627,1742.83627,0,0,1,0,7.87E-09,31757553.47
15338475.39,4953890.548,15341475.39,4953890.548,15341475.39,4950890.548,15338475.39,4950890.548,63515106.93,7.87E-09,7.87E-09,13724.37026,6862.185128,6862.185128,0,0,0,1.482783766,0.741391883,,0.00010804,,0.00010804,0.5,1,0.5,1,6862.185128,6862.185128,6862.185128,0,0,1,0,7.87E-09,31757553.47
15338475.39,4950890.548,15341475.39,4950890.548,15341475.39,4947890.548,15338475.39,4947890.548,63515106.93,0,0,0,8766.275787,8766.275787,0,0,0,0,1.209910443,,0.000138019,,0.000138019,0,1,0,1,8766.275787,8766.275787,8766.275787,0,0,0,0,0,0
15338475.39,4947890.548,15341475.39,4947890.548,15341475.39,4944890.548,15338475.39,4944890.548,63515106.93,0,0,0,8932.053994,8932.053994,0,0,0,0,1.256104137,,0.000140629,,0.000140629,0,1,0,1,8932.053994,8932.053994,8932.053994,0,0,0,0,0,0
15338475.39,4944890.548,15341475.39,4944890.548,15341475.39,4941890.548,15338475.39,4941890.548,63515106.93,0,0,0,6155.990556,6155.990556,0,0,0,0,0.596648916,,9.69E-05,,9.69E-05,0,1,0,1,6155.990556,6155.990556,6155.990556,0,0,0,0,0,0
15341475.39,5121890.548,15344475.39,5121890.548,15344475.39,5118890.548,15341475.39,5118890.548,63515106.93,0,0,0,0,0,0,0,0,0,0,,0,,0,0,0,0,0,0,0,0,0,0,0,0,0,0
15341475.39,5118890.548,15344475.39,5118890.548,15344475.39,5115890.548,15341475.39,5115890.548,63515106.93,0,0,0,0,0,0,0,0,0,0,,0,,0,0,0,0,0,0,0,0,0,0,0,0,0,0
15341475.39,5115890.548,15344475.39,5115890.548,15344475.39,5112890.548,15341475.39,5112890.548,63515106.93,0,0,0,0,0,0,0,0,0,0,,0,,0,0,0,0,0,0,0,0,0,0,0,0,0,0
15341475.39,5112890.548,15344475.39,5112890.548,15344475.39,5109890.548,15341475.39,5109890.548,63515106.93,0,0,0,0,0,0,0,0,0,0,,0,,0,0,0,0,0,0,0,0,0,0,0,0,0,0
15341475.39,5109890.548,15344475.39,5109890.548,15344475.39,5106890.548,15341475.39,5106890.548,63515106.93,0,0,0,0,0,0,0,0,0,0,,0,,0,0,0,0,0,0,0,0,0,0,0,0,0,0
15341475.39,5106890.548,15344475.39,5106890.548,15344475.39,5103890.548,15341475.39,5103890.548,63515106.93,0,0,0,0,0,0,0,0,0,0,,0,,0,0,0,0,0,0,0,0,0,0,0,0,0,0
15341475.39,5103890.548,15344475.39,5103890.548,15344475.39,5100890.548,15341475.39,5100890.548,63515106.93,0,0,0,0,0,0,0,0,0,0,,0,,0,0,0,0,0,0,0,0,0,0,0,0,0,0
15341475.39,5100890.548,15344475.39,5100890.548,15344475.39,5097890.548,15341475.39,5097890.548,63515106.93,0,0,0,0,0,0,0,0,0,0,,0,,0,0,0,0,0,0,0,0,0,0,0,0,0,0
15341475.39,5097890.548,15344475.39,5097890.548,15344475.39,5094890.548,15341475.39,5094890.548,63515106.93,0,0,0,0,0,0,0,0,0,0,,0,,0,0,0,0,0,0,0,0,0,0,0,0,0,0
15341475.39,5094890.548,15344475.39,5094890.548,15344475.39,5091890.548,15341475.39,5091890.548,63515106.93,0,0,0,0,0,0,0,0,0,0,,0,,0,0,0,0,0,0,0,0,0,0,0,0,0,0
15341475.39,5091890.548,15344475.39,5091890.548,15344475.39,5088890.548,15341475.39,5088890.548,63515106.93,0,0,0,0,0,0,0,0,0,0,,0,,0,0,0,0,0,0,0,0,0,0,0,0,0,0
15341475.39,5088890.548,15344475.39,5088890.548,15344475.39,5085890.548,15341475.39,5085890.548,63515106.93,0,0,0,0,0,0,0,0,0,0,,0,,0,0,0,0,0,0,0,0,0,0,0,0,0,0
15341475.39,5085890.548,15344475.39,5085890.548,15344475.39,5082890.548,15341475.39,5082890.548,63515106.93,0,0,0,0,0,0,0,0,0,0,,0,,0,0,0,0,0,0,0,0,0,0,0,0,0,0
15341475.39,5082890.548,15344475.39,5082890.548,15344475.39,5079890.548,15341475.39,5079890.548,63515106.93,0,0,0,0,0,0,0,0,0,0,,0,,0,0,0,0,0,0,0,0,0,0,0,0,0,0
15341475.39,5079890.548,15344475.39,5079890.548,15344475.39,5076890.548,15341475.39,5076890.548,63515106.93,0,0,0,0,0,0,0,0,0,0,,0,,0,0,0,0,0,0,0,0,0,0,0,0,0,0
15341475.39,5076890.548,15344475.39,5076890.548,15344475.39,5073890.548,15341475.39,5073890.548,63515106.93,0,0,0,0,0,0,0,0,0,0,,0,,0,0,0,0,0,0,0,0,0,0,0,0,0,0
15341475.39,5073890.548,15344475.39,5073890.548,15344475.39,5070890.548,15341475.39,5070890.548,63515106.93,0,0,0,0,0,0,0,0,0,0,,0,,0,0,0,0,0,0,0,0,0,0,0,0,0,0
15341475.39,5070890.548,15344475.39,5070890.548,15344475.39,5067890.548,15341475.39,5067890.548,63515106.93,0,0,0,0,0,0,0,0,0,0,,0,,0,0,0,0,0,0,0,0,0,0,0,0,0,0
15341475.39,5067890.548,15344475.39,5067890.548,15344475.39,5064890.548,15341475.39,5064890.548,63515106.93,0,0,0,0,0,0,0,0,0,0,,0,,0,0,0,0,0,0,0,0,0,0,0,0,0,0
15341475.39,5064890.548,15344475.39,5064890.548,15344475.39,5061890.548,15341475.39,5061890.548,63515106.93,0,0,0,0,0,0,0,0,0,0,,0,,0,0,0,0,0,0,0,0,0,0,0,0,0,0
15341475.39,5061890.548,15344475.39,5061890.548,15344475.39,5058890.548,15341475.39,5058890.548,63515106.93,0,0,0,0,0,0,0,0,0,0,,0,,0,0,0,0,0,0,0,0,0,0,0,0,0,0
15341475.39,5058890.548,15344475.39,5058890.548,15344475.39,5055890.548,15341475.39,5055890.548,63515106.93,0,0,0,0,0,0,0,0,0,0,,0,,0,0,0,0,0,0,0,0,0,0,0,0,0,0
15341475.39,5055890.548,15344475.39,5055890.548,15344475.39,5052890.548,15341475.39,5052890.548,63515106.93,0,0,0,0,0,0,0,0,0,0,,0,,0,0,0,0,0,0,0,0,0,0,0,0,0,0
15341475.39,5052890.548,15344475.39,5052890.548,15344475.39,5049890.548,15341475.39,5049890.548,63515106.93,0,0,0,0,0,0,0,0,0,0,,0,,0,0,0,0,0,0,0,0,0,0,0,0,0,0
15341475.39,5049890.548,15344475.39,5049890.548,15344475.39,5046890.548,15341475.39,5046890.548,63515106.93,0,0,0,0,0,0,0,0,0,0,,0,,0,0,0,0,0,0,0,0,0,0,0,0,0,0
15341475.39,5046890.548,15344475.39,5046890.548,15344475.39,5043890.548,15341475.39,5043890.548,63515106.93,0,0,0,0,0,0,0,0,0,0,,0,,0,0,0,0,0,0,0,0,0,0,0,0,0,0
15341475.39,5043890.548,15344475.39,5043890.548,15344475.39,5040890.548,15341475.39,5040890.548,63515106.93,4.72E-08,3.15E-08,5625.999349,2283.17977,4641.926606,1,1,1.57E-08,1.495008205,1.121256154,,0.000265732,,0.000265732,3,5,2,4,4219.499512,2283.17977,6410.663479,0.333333333,0.5,3.75,1,3.000000024,95272661.4
15341475.39,5040890.548,15344475.39,5040890.548,15344475.39,5037890.548,15341475.39,5037890.548,63515106.93,4.72E-08,3.15E-08,7700.509698,3967.212813,5039.474218,1,1,1.57E-08,2.800806885,2.100605164,,0.000363717,,0.000363717,3,5,2,4,5775.382273,4440.433736,8979.694532,0.333333333,0.5,3.75,1,3.000000024,95272661.4
15341475.39,5037890.548,15344475.39,5037890.548,15344475.39,5034890.548,15341475.39,5034890.548,63515106.93,3.94E-08,2.36E-08,8097.059167,2415.843001,4752.574573,1.2,1.333333333,1.57E-08,2.580581625,1.612863516,,0.000318706,,0.000318706,2.5,5,1.5,4,5060.661979,4201.970801,7168.417574,0.4,0.666666667,3.666666667,1,3.000000016,63515107.93
15341475.39,5034890.548,15344475.39,5034890.548,15344475.39,5031890.548,15341475.39,5031890.548,63515106.93,0,0,0,0,0,0,0,0,0,0,,0,,0,0,0,0,0,0,0,0,0,0,0,0,0,0
15341475.39,5031890.548,15344475.39,5031890.548,15344475.39,5028890.548,15341475.39,5028890.548,63515106.93,0,0,0,0,0,0,0,0,0,0,,0,,0,0,0,0,0,0,0,0,0,0,0,0,0,0
15341475.39,5028890.548,15344475.39,5028890.548,15344475.39,5025890.548,15341475.39,5025890.548,63515106.93,7.87E-09,7.87E-09,5811.854817,2905.927409,2905.927409,0,0,0,0.265902539,0.13295127,,4.58E-05,,4.58E-05,0.5,1,0.5,1,2905.927409,2905.927409,2905.927409,0,0,1,0,7.87E-09,31757553.47
15341475.39,5025890.548,15344475.39,5025890.548,15344475.39,5022890.548,15341475.39,5022890.548,63515106.93,7.87E-09,7.87E-09,11625.41485,5812.707423,5812.707423,0,0,0,1.063922245,0.531961123,,9.15E-05,,9.15E-05,0.5,1,0.5,1,5812.707423,5812.707423,5812.707423,0,0,1,0,7.87E-09,31757553.47
15341475.39,5022890.548,15344475.39,5022890.548,15344475.39,5019890.548,15341475.39,5019890.548,63515106.93,1.57E-08,1.57E-08,8798.429027,2735.440345,6062.988682,0,0,0,1.21880222,0.60940111,,0.000138525,,0.000138525,1,2,1,2,4399.214514,2735.440345,6062.988682,0,0,1,0,1.57E-08,63515106.93
15341475.39,5019890.548,15344475.39,5019890.548,15344475.39,5016890.548,15341475.39,5016890.548,63515106.93,7.87E-09,7.87E-09,11505.60253,5752.801265,5752.801265,0,0,0,1.04210554,0.52105277,,9.06E-05,,9.06E-05,0.5,1,0.5,1,5752.801265,5752.801265,5752.801265,0,0,1,0,7.87E-09,31757553.47
15341475.39,5016890.548,15344475.39,5016890.548,15344475.39,5013890.548,15341475.39,5013890.548,63515106.93,7.87E-09,7.87E-09,13089.0077,6544.503848,6544.503848,0,0,0,1.348672235,0.674336118,,0.000103039,,0.000103039,0.5,1,0.5,1,6544.503848,6544.503848,6544.503848,0,0,1,0,7.87E-09,31757553.47
15341475.39,5013890.548,15344475.39,5013890.548,15344475.39,5010890.548,15341475.39,5010890.548,63515106.93,0,0,0,8288.56379,8288.56379,0,0,0,0,1.081637,,0.000130498,,0.000130498,0,1,0,1,8288.56379,8288.56379,8288.56379,0,0,0,0,0,0
15341475.39,5010890.548,15344475.39,5010890.548,15344475.39,5007890.548,15341475.39,5007890.548,63515106.93,0,0,0,5670.661781,8668.731527,0,0,0,0,1.618655863,,0.000225764,,0.000225764,0,2,0,2,7169.696654,5670.661781,8668.731527,0,0,0,0,0,0
15341475.39,5007890.548,15344475.39,5007890.548,15344475.39,5004890.548,15341475.39,5004890.548,63515106.93,0,0,0,3558.611655,8937.463896,0,0,0,0,1.229250109,,0.000196742,,0.000196742,0,2,0,2,6248.037776,3558.611655,8937.463896,0,0,0,0,0,0
15341475.39,5004890.548,15344475.39,5004890.548,15344475.39,5001890.548,15341475.39,5001890.548,63515106.93,0,0,0,7107.026653,7546.010217,0,0,0,0,1.690239534,,0.000230702,,0.000230702,0,2,0,2,7326.518435,7107.026653,7546.010217,0,0,0,0,0,0
15341475.39,5001890.548,15344475.39,5001890.548,15344475.39,4998890.548,15341475.39,4998890.548,63515106.93,0,0,0,8985.378118,8985.378118,0,0,0,0,1.271146721,,0.000141468,,0.000141468,0,1,0,1,8985.378118,8985.378118,8985.378118,0,0,0,0,0,0
15341475.39,4998890.548,15344475.39,4998890.548,15344475.39,4995890.548,15341475.39,4995890.548,63515106.93,0,0,0,6226.914599,6226.914599,0,0,0,0,0.610476268,,9.80E-05,,9.80E-05,0,1,0,1,6226.914599,6226.914599,6226.914599,0,0,0,0,0,0
15341475.39,4995890.548,15344475.39,4995890.548,15344475.39,4992890.548,15341475.39,4992890.548,63515106.93,0,0,0,0,0,0,0,0,0,0,,0,,0,0,0,0,0,0,0,0,0,0,0,0,0,0
15341475.39,4992890.548,15344475.39,4992890.548,15344475.39,4989890.548,15341475.39,4989890.548,63515106.93,0,0,0,6742.464297,6742.464297,0,0,0,0,0.715748221,,0.000106155,,0.000106155,0,1,0,1,6742.464297,6742.464297,6742.464297,0,0,0,0,0,0
15341475.39,4989890.548,15344475.39,4989890.548,15344475.39,4986890.548,15341475.39,4986890.548,63515106.93,0,0,0,8991.394247,8991.394247,0,0,0,0,1.272849475,,0.000141563,,0.000141563,0,1,0,1,8991.394247,8991.394247,8991.394247,0,0,0,0,0,0
15341475.39,4986890.548,15344475.39,4986890.548,15344475.39,4983890.548,15341475.39,4983890.548,63515106.93,0,0,0,6981.057152,6981.057152,0,0,0,0,0.767300274,,0.000109912,,0.000109912,0,1,0,1,6981.057152,6981.057152,6981.057152,0,0,0,0,0,0
15341475.39,4983890.548,15344475.39,4983890.548,15344475.39,4980890.548,15341475.39,4980890.548,63515106.93,0,0,0,2501.175704,2501.175704,0,0,0,0,0.098494362,,3.94E-05,,3.94E-05,0,1,0,1,2501.175704,2501.175704,2501.175704,0,0,0,0,0,0
15341475.39,4980890.548,15344475.39,4980890.548,15344475.39,4977890.548,15341475.39,4977890.548,63515106.93,7.87E-09,7.87E-09,16665.31206,8332.656032,8332.656032,0,0,0,2.18635093,1.093175465,,0.000131192,,0.000131192,0.5,1,0.5,1,8332.656032,8332.656032,8332.656032,0,0,1,0,7.87E-09,31757553.47
15341475.39,4977890.548,15344475.39,4977890.548,15344475.39,4974890.548,15341475.39,4974890.548,63515106.93,7.87E-09,7.87E-09,16260.77646,8130.388228,8130.388228,0,0,0,2.081495755,1.040747878,,0.000128007,,0.000128007,0.5,1,0.5,1,8130.388228,8130.388228,8130.388228,0,0,1,0,7.87E-09,31757553.47
15341475.39,4974890.548,15344475.39,4974890.548,15344475.39,4971890.548,15341475.39,4971890.548,63515106.93,0,0,0,0,0,0,0,0,0,0,,0,,0,0,0,0,0,0,0,0,0,0,0,0,0,0
15341475.39,4971890.548,15344475.39,4971890.548,15344475.39,4968890.548,15341475.39,4968890.548,63515106.93,0,0,0,0,0,0,0,0,0,0,,0,,0,0,0,0,0,0,0,0,0,0,0,0,0,0
15341475.39,4968890.548,15344475.39,4968890.548,15344475.39,4965890.548,15341475.39,4965890.548,63515106.93,0,0,0,4572.206273,4572.206273,0,0,0,0,0.329135401,,7.20E-05,,7.20E-05,0,1,0,1,4572.206273,4572.206273,4572.206273,0,0,0,0,0,0
15341475.39,4965890.548,15344475.39,4965890.548,15344475.39,4962890.548,15341475.39,4962890.548,63515106.93,0,0,0,8589.822863,8589.822863,0,0,0,0,1.161693027,,0.000135241,,0.000135241,0,1,0,1,8589.822863,8589.822863,8589.822863,0,0,0,0,0,0
15341475.39,4962890.548,15344475.39,4962890.548,15344475.39,4959890.548,15341475.39,4959890.548,63515106.93,0,0,0,8660.631165,8660.631165,0,0,0,0,1.180924284,,0.000136355,,0.000136355,0,1,0,1,8660.631165,8660.631165,8660.631165,0,0,0,0,0,0
15341475.39,4959890.548,15344475.39,4959890.548,15344475.39,4956890.548,15341475.39,4956890.548,63515106.93,0,0,0,4965.19839,4965.19839,0,0,0,0,0.38814695,,7.82E-05,,7.82E-05,0,1,0,1,4965.19839,4965.19839,4965.19839,0,0,0,0,0,0
15341475.39,4956890.548,15344475.39,4956890.548,15344475.39,4953890.548,15341475.39,4953890.548,63515106.93,0,0,0,0,0,0,0,0,0,0,,0,,0,0,0,0,0,0,0,0,0,0,0,0,0,0
15341475.39,4953890.548,15344475.39,4953890.548,15344475.39,4950890.548,15341475.39,4950890.548,63515106.93,0,0,0,0,0,0,0,0,0,0,,0,,0,0,0,0,0,0,0,0,0,0,0,0,0,0
15341475.39,4950890.548,15344475.39,4950890.548,15344475.39,4947890.548,15341475.39,4947890.548,63515106.93,0,0,0,4836.995512,4836.995512,0,0,0,0,0.368361587,,7.62E-05,,7.62E-05,0,1,0,1,4836.995512,4836.995512,4836.995512,0,0,0,0,0,0
15341475.39,4947890.548,15344475.39,4947890.548,15344475.39,4944890.548,15341475.39,4944890.548,63515106.93,0,0,0,6678.209641,6678.209641,0,0,0,0,0.702171281,,0.000105144,,0.000105144,0,1,0,1,6678.209641,6678.209641,6678.209641,0,0,0,0,0,0
15341475.39,4944890.548,15344475.39,4944890.548,15344475.39,4941890.548,15341475.39,4941890.548,63515106.93,0,0,0,4816.861845,4816.861845,0,0,0,0,0.365301409,,7.58E-05,,7.58E-05,0,1,0,1,4816.861845,4816.861845,4816.861845,0,0,0,0,0,0
15344475.39,5121890.548,15347475.39,5121890.548,15347475.39,5118890.548,15344475.39,5118890.548,63515106.93,0,0,0,0,0,0,0,0,0,0,,0,,0,0,0,0,0,0,0,0,0,0,0,0,0,0
15344475.39,5118890.548,15347475.39,5118890.548,15347475.39,5115890.548,15344475.39,5115890.548,63515106.93,0,0,0,0,0,0,0,0,0,0,,0,,0,0,0,0,0,0,0,0,0,0,0,0,0,0
15344475.39,5115890.548,15347475.39,5115890.548,15347475.39,5112890.548,15344475.39,5112890.548,63515106.93,0,0,0,0,0,0,0,0,0,0,,0,,0,0,0,0,0,0,0,0,0,0,0,0,0,0
15344475.39,5112890.548,15347475.39,5112890.548,15347475.39,5109890.548,15344475.39,5109890.548,63515106.93,0,0,0,0,0,0,0,0,0,0,,0,,0,0,0,0,0,0,0,0,0,0,0,0,0,0
15344475.39,5109890.548,15347475.39,5109890.548,15347475.39,5106890.548,15344475.39,5106890.548,63515106.93,0,0,0,0,0,0,0,0,0,0,,0,,0,0,0,0,0,0,0,0,0,0,0,0,0,0
15344475.39,5106890.548,15347475.39,5106890.548,15347475.39,5103890.548,15344475.39,5103890.548,63515106.93,0,0,0,0,0,0,0,0,0,0,,0,,0,0,0,0,0,0,0,0,0,0,0,0,0,0
15344475.39,5103890.548,15347475.39,5103890.548,15347475.39,5100890.548,15344475.39,5100890.548,63515106.93,0,0,0,0,0,0,0,0,0,0,,0,,0,0,0,0,0,0,0,0,0,0,0,0,0,0
15344475.39,5100890.548,15347475.39,5100890.548,15347475.39,5097890.548,15344475.39,5097890.548,63515106.93,0,0,0,0,0,0,0,0,0,0,,0,,0,0,0,0,0,0,0,0,0,0,0,0,0,0
15344475.39,5097890.548,15347475.39,5097890.548,15347475.39,5094890.548,15344475.39,5094890.548,63515106.93,0,0,0,0,0,0,0,0,0,0,,0,,0,0,0,0,0,0,0,0,0,0,0,0,0,0
15344475.39,5094890.548,15347475.39,5094890.548,15347475.39,5091890.548,15344475.39,5091890.548,63515106.93,0,0,0,0,0,0,0,0,0,0,,0,,0,0,0,0,0,0,0,0,0,0,0,0,0,0
15344475.39,5091890.548,15347475.39,5091890.548,15347475.39,5088890.548,15344475.39,5088890.548,63515106.93,0,0,0,0,0,0,0,0,0,0,,0,,0,0,0,0,0,0,0,0,0,0,0,0,0,0
15344475.39,5088890.548,15347475.39,5088890.548,15347475.39,5085890.548,15344475.39,5085890.548,63515106.93,0,0,0,0,0,0,0,0,0,0,,0,,0,0,0,0,0,0,0,0,0,0,0,0,0,0
15344475.39,5085890.548,15347475.39,5085890.548,15347475.39,5082890.548,15344475.39,5082890.548,63515106.93,0,0,0,0,0,0,0,0,0,0,,0,,0,0,0,0,0,0,0,0,0,0,0,0,0,0
15344475.39,5082890.548,15347475.39,5082890.548,15347475.39,5079890.548,15344475.39,5079890.548,63515106.93,0,0,0,0,0,0,0,0,0,0,,0,,0,0,0,0,0,0,0,0,0,0,0,0,0,0
15344475.39,5079890.548,15347475.39,5079890.548,15347475.39,5076890.548,15344475.39,5076890.548,63515106.93,0,0,0,0,0,0,0,0,0,0,,0,,0,0,0,0,0,0,0,0,0,0,0,0,0,0
15344475.39,5076890.548,15347475.39,5076890.548,15347475.39,5073890.548,15344475.39,5073890.548,63515106.93,0,0,0,0,0,0,0,0,0,0,,0,,0,0,0,0,0,0,0,0,0,0,0,0,0,0
15344475.39,5073890.548,15347475.39,5073890.548,15347475.39,5070890.548,15344475.39,5070890.548,63515106.93,0,0,0,0,0,0,0,0,0,0,,0,,0,0,0,0,0,0,0,0,0,0,0,0,0,0
15344475.39,5070890.548,15347475.39,5070890.548,15347475.39,5067890.548,15344475.39,5067890.548,63515106.93,0,0,0,0,0,0,0,0,0,0,,0,,0,0,0,0,0,0,0,0,0,0,0,0,0,0
15344475.39,5067890.548,15347475.39,5067890.548,15347475.39,5064890.548,15344475.39,5064890.548,63515106.93,7.87E-09,7.87E-09,949.1846321,474.592316,474.592316,0,0,0,0.007092419,0.003546209,,7.47E-06,,7.47E-06,0.5,1,0.5,1,474.592316,474.592316,474.592316,0,0,1,0,7.87E-09,31757553.47
15344475.39,5064890.548,15347475.39,5064890.548,15347475.39,5061890.548,15344475.39,5061890.548,63515106.93,7.87E-09,7.87E-09,974.1718881,487.085944,487.085944,0,0,0,0.007470749,0.003735375,,7.67E-06,,7.67E-06,0.5,1,0.5,1,487.085944,487.085944,487.085944,0,0,1,0,7.87E-09,31757553.47
15344475.39,5061890.548,15347475.39,5061890.548,15347475.39,5058890.548,15344475.39,5058890.548,63515106.93,0,0,0,0,0,0,0,0,0,0,,0,,0,0,0,0,0,0,0,0,0,0,0,0,0,0
15344475.39,5058890.548,15347475.39,5058890.548,15347475.39,5055890.548,15344475.39,5055890.548,63515106.93,0,0,0,0,0,0,0,0,0,0,,0,,0,0,0,0,0,0,0,0,0,0,0,0,0,0
15344475.39,5055890.548,15347475.39,5055890.548,15347475.39,5052890.548,15344475.39,5052890.548,63515106.93,0,0,0,0,0,0,0,0,0,0,,0,,0,0,0,0,0,0,0,0,0,0,0,0,0,0
15344475.39,5052890.548,15347475.39,5052890.548,15347475.39,5049890.548,15344475.39,5049890.548,63515106.93,0,0,0,0,0,0,0,0,0,0,,0,,0,0,0,0,0,0,0,0,0,0,0,0,0,0
15344475.39,5049890.548,15347475.39,5049890.548,15347475.39,5046890.548,15344475.39,5046890.548,63515106.93,0,0,0,0,0,0,0,0,0,0,,0,,0,0,0,0,0,0,0,0,0,0,0,0,0,0
15344475.39,5046890.548,15347475.39,5046890.548,15347475.39,5043890.548,15344475.39,5043890.548,63515106.93,0,0,0,0,0,0,0,0,0,0,,0,,0,0,0,0,0,0,0,0,0,0,0,0,0,0
15344475.39,5043890.548,15347475.39,5043890.548,15347475.39,5040890.548,15344475.39,5040890.548,63515106.93,1.57E-08,1.57E-08,18426.46698,3658.164177,6109.939136,0,0,0,5.345731145,1.336432786,,0.000290112,,0.000290112,1,4,1,4,4606.616745,3658.164177,6109.939136,0,0,1,0,1.57E-08,63515106.93
15344475.39,5040890.548,15347475.39,5040890.548,15347475.39,5037890.548,15344475.39,5037890.548,63515106.93,6.30E-08,3.15E-08,7215.603717,311.2734118,8026.053034,1.5,2,3.15E-08,3.278901006,2.623120805,,0.000454418,,0.000454418,4,7,2,5,5772.482974,332.3971262,8856.30813,0.5,1,6.5,2,6.000000016,63515108.93
15344475.39,5037890.548,15347475.39,5037890.548,15347475.39,5034890.548,15344475.39,5034890.548,63515106.93,3.94E-08,2.36E-08,10579.061,438.0401677,7951.695446,1.2,1.333333333,1.57E-08,4.405114664,2.202557332,,0.000416399,,0.000416399,2.5,6,1.5,5,5289.530498,438.0401677,7951.695446,0.4,0.666666667,3.666666667,1,3.000000016,63515107.93
15344475.39,5034890.548,15347475.39,5034890.548,15347475.39,5031890.548,15344475.39,5031890.548,63515106.93,0,0,0,1818.490362,1818.490362,0,0,0,0,0.052064892,,2.86E-05,,2.86E-05,0,1,0,1,1818.490362,1818.490362,1818.490362,0,0,0,0,0,0
15344475.39,5031890.548,15347475.39,5031890.548,15347475.39,5028890.548,15344475.39,5028890.548,63515106.93,0,0,0,0,0,0,0,0,0,0,,0,,0,0,0,0,0,0,0,0,0,0,0,0,0,0
15344475.39,5028890.548,15347475.39,5028890.548,15347475.39,5025890.548,15344475.39,5025890.548,63515106.93,0,0,0,0,0,0,0,0,0,0,,0,,0,0,0,0,0,0,0,0,0,0,0,0,0,0
15344475.39,5025890.548,15347475.39,5025890.548,15347475.39,5022890.548,15344475.39,5022890.548,63515106.93,0,0,0,8395.393632,8395.393632,0,0,0,0,1.109698742,,0.000132179,,0.000132179,0,1,0,1,8395.393632,8395.393632,8395.393632,0,0,0,0,0,0
15344475.39,5022890.548,15347475.39,5022890.548,15347475.39,5019890.548,15344475.39,5019890.548,63515106.93,0,0,0,8581.615859,8581.615859,0,0,0,0,1.159474246,,0.000135111,,0.000135111,0,1,0,1,8581.615859,8581.615859,8581.615859,0,0,0,0,0,0
15344475.39,5019890.548,15347475.39,5019890.548,15347475.39,5016890.548,15344475.39,5016890.548,63515106.93,0,0,0,2645.012638,8000.095072,0,0,0,0,0.892057997,,0.0001676,,0.0001676,0,2,0,2,5322.553855,2645.012638,8000.095072,0,0,0,0,0,0
15344475.39,5016890.548,15347475.39,5016890.548,15347475.39,5013890.548,15344475.39,5013890.548,63515106.93,0,0,0,8850.43811,8850.43811,0,0,0,0,1.233253922,,0.000139344,,0.000139344,0,1,0,1,8850.43811,8850.43811,8850.43811,0,0,0,0,0,0
15344475.39,5013890.548,15347475.39,5013890.548,15347475.39,5010890.548,15344475.39,5010890.548,63515106.93,0,0,0,5466.262032,7686.122197,0,0,0,0,1.361764305,,0.000207075,,0.000207075,0,2,0,2,6576.192115,5466.262032,7686.122197,0,0,0,0,0,0
15344475.39,5010890.548,15347475.39,5010890.548,15347475.39,5007890.548,15344475.39,5007890.548,63515106.93,0,0,0,4165.639546,8908.57936,0,0,0,0,1.345626326,,0.000205844,,0.000205844,0,2,0,2,6537.109453,4165.639546,8908.57936,0,0,0,0,0,0
15344475.39,5007890.548,15347475.39,5007890.548,15347475.39,5004890.548,15344475.39,5004890.548,63515106.93,0,0,0,5506.775435,8779.751929,0,0,0,0,1.606742663,,0.000224931,,0.000224931,0,2,0,2,7143.263682,5506.775435,8779.751929,0,0,0,0,0,0
15344475.39,5004890.548,15347475.39,5004890.548,15347475.39,5001890.548,15344475.39,5001890.548,63515106.93,0,0,0,6783.761806,8075.358547,0,0,0,0,1.738117657,,0.000233946,,0.000233946,0,2,0,2,7429.560177,6783.761806,8075.358547,0,0,0,0,0,0
15344475.39,5001890.548,15347475.39,5001890.548,15347475.39,4998890.548,15344475.39,4998890.548,63515106.93,0,0,0,8994.414865,8994.414865,0,0,0,0,1.273704835,,0.000141611,,0.000141611,0,1,0,1,8994.414865,8994.414865,8994.414865,0,0,0,0,0,0
15344475.39,4998890.548,15347475.39,4998890.548,15347475.39,4995890.548,15344475.39,4995890.548,63515106.93,0,0,0,6644.909359,6644.909359,0,0,0,0,0.695186114,,0.000104619,,0.000104619,0,1,0,1,6644.909359,6644.909359,6644.909359,0,0,0,0,0,0
15344475.39,4995890.548,15347475.39,4995890.548,15347475.39,4992890.548,15344475.39,4992890.548,63515106.93,0,0,0,0,0,0,0,0,0,0,,0,,0,0,0,0,0,0,0,0,0,0,0,0,0,0
15344475.39,4992890.548,15347475.39,4992890.548,15347475.39,4989890.548,15344475.39,4989890.548,63515106.93,0,0,0,5097.028122,5097.028122,0,0,0,0,0.409031755,,8.02E-05,,8.02E-05,0,1,0,1,5097.028122,5097.028122,5097.028122,0,0,0,0,0,0
15344475.39,4989890.548,15347475.39,4989890.548,15347475.39,4986890.548,15344475.39,4986890.548,63515106.93,0,0,0,8825.691486,8825.691486,0,0,0,0,1.226366985,,0.000138954,,0.000138954,0,1,0,1,8825.691486,8825.691486,8825.691486,0,0,0,0,0,0
15344475.39,4986890.548,15347475.39,4986890.548,15347475.39,4983890.548,15344475.39,4983890.548,63515106.93,0,0,0,8019.632225,8019.632225,0,0,0,0,1.012585889,,0.000126263,,0.000126263,0,1,0,1,8019.632225,8019.632225,8019.632225,0,0,0,0,0,0
15344475.39,4983890.548,15347475.39,4983890.548,15347475.39,4980890.548,15344475.39,4980890.548,63515106.93,0,0,0,3185.093899,3185.093899,0,0,0,0,0.159722996,,5.01E-05,,5.01E-05,0,1,0,1,3185.093899,3185.093899,3185.093899,0,0,0,0,0,0
15344475.39,4980890.548,15347475.39,4980890.548,15347475.39,4977890.548,15344475.39,4977890.548,63515106.93,0,0,0,8394.999103,8394.999103,0,0,0,0,1.109594447,,0.000132173,,0.000132173,0,1,0,1,8394.999103,8394.999103,8394.999103,0,0,0,0,0,0
15344475.39,4977890.548,15347475.39,4977890.548,15347475.39,4974890.548,15344475.39,4974890.548,63515106.93,0,0,0,9038.940124,9038.940124,0,0,0,0,1.286346548,,0.000142312,,0.000142312,0,1,0,1,9038.940124,9038.940124,9038.940124,0,0,0,0,0,0
15344475.39,4974890.548,15347475.39,4974890.548,15347475.39,4971890.548,15344475.39,4971890.548,63515106.93,0,0,0,0,0,0,0,0,0,0,,0,,0,0,0,0,0,0,0,0,0,0,0,0,0,0
15344475.39,4971890.548,15347475.39,4971890.548,15347475.39,4968890.548,15344475.39,4968890.548,63515106.93,0,0,0,0,0,0,0,0,0,0,,0,,0,0,0,0,0,0,0,0,0,0,0,0,0,0
15344475.39,4968890.548,15347475.39,4968890.548,15347475.39,4965890.548,15344475.39,4965890.548,63515106.93,0,0,0,0,0,0,0,0,0,0,,0,,0,0,0,0,0,0,0,0,0,0,0,0,0,0
15344475.39,4965890.548,15347475.39,4965890.548,15347475.39,4962890.548,15344475.39,4962890.548,63515106.93,0,0,0,6822.720455,6822.720455,0,0,0,0,0.732888862,,0.000107419,,0.000107419,0,1,0,1,6822.720455,6822.720455,6822.720455,0,0,0,0,0,0
15344475.39,4962890.548,15347475.39,4962890.548,15347475.39,4959890.548,15344475.39,4959890.548,63515106.93,0,0,0,8964.910975,8964.910975,0,0,0,0,1.26536241,,0.000141146,,0.000141146,0,1,0,1,8964.910975,8964.910975,8964.910975,0,0,0,0,0,0
15344475.39,4959890.548,15347475.39,4959890.548,15347475.39,4956890.548,15344475.39,4956890.548,63515106.93,0,0,0,7985.409267,7985.409267,0,0,0,0,1.003962116,,0.000125725,,0.000125725,0,1,0,1,7985.409267,7985.409267,7985.409267,0,0,0,0,0,0
15344475.39,4956890.548,15347475.39,4956890.548,15347475.39,4953890.548,15344475.39,4953890.548,63515106.93,0,0,0,0,0,0,0,0,0,0,,0,,0,0,0,0,0,0,0,0,0,0,0,0,0,0
15344475.39,4953890.548,15347475.39,4953890.548,15347475.39,4950890.548,15344475.39,4950890.548,63515106.93,0,0,0,0,0,0,0,0,0,0,,0,,0,0,0,0,0,0,0,0,0,0,0,0,0,0
15344475.39,4950890.548,15347475.39,4950890.548,15347475.39,4947890.548,15344475.39,4947890.548,63515106.93,0,0,0,0,0,0,0,0,0,0,,0,,0,0,0,0,0,0,0,0,0,0,0,0,0,0
15344475.39,4947890.548,15347475.39,4947890.548,15347475.39,4944890.548,15344475.39,4944890.548,63515106.93,0,0,0,2330.03231,2330.03231,0,0,0,0,0.085476524,,3.67E-05,,3.67E-05,0,1,0,1,2330.03231,2330.03231,2330.03231,0,0,0,0,0,0
15344475.39,4944890.548,15347475.39,4944890.548,15347475.39,4941890.548,15344475.39,4941890.548,63515106.93,0,0,0,2281.277361,2281.277361,0,0,0,0,0.081936828,,3.59E-05,,3.59E-05,0,1,0,1,2281.277361,2281.277361,2281.277361,0,0,0,0,0,0
15347475.39,5121890.548,15350475.39,5121890.548,15350475.39,5118890.548,15347475.39,5118890.548,63515106.93,0,0,0,0,0,0,0,0,0,0,,0,,0,0,0,0,0,0,0,0,0,0,0,0,0,0
15347475.39,5118890.548,15350475.39,5118890.548,15350475.39,5115890.548,15347475.39,5115890.548,63515106.93,0,0,0,0,0,0,0,0,0,0,,0,,0,0,0,0,0,0,0,0,0,0,0,0,0,0
15347475.39,5115890.548,15350475.39,5115890.548,15350475.39,5112890.548,15347475.39,5112890.548,63515106.93,0,0,0,0,0,0,0,0,0,0,,0,,0,0,0,0,0,0,0,0,0,0,0,0,0,0
15347475.39,5112890.548,15350475.39,5112890.548,15350475.39,5109890.548,15347475.39,5109890.548,63515106.93,0,0,0,0,0,0,0,0,0,0,,0,,0,0,0,0,0,0,0,0,0,0,0,0,0,0
15347475.39,5109890.548,15350475.39,5109890.548,15350475.39,5106890.548,15347475.39,5106890.548,63515106.93,0,0,0,0,0,0,0,0,0,0,,0,,0,0,0,0,0,0,0,0,0,0,0,0,0,0
15347475.39,5106890.548,15350475.39,5106890.548,15350475.39,5103890.548,15347475.39,5103890.548,63515106.93,0,0,0,0,0,0,0,0,0,0,,0,,0,0,0,0,0,0,0,0,0,0,0,0,0,0
15347475.39,5103890.548,15350475.39,5103890.548,15350475.39,5100890.548,15347475.39,5100890.548,63515106.93,0,0,0,0,0,0,0,0,0,0,,0,,0,0,0,0,0,0,0,0,0,0,0,0,0,0
15347475.39,5100890.548,15350475.39,5100890.548,15350475.39,5097890.548,15347475.39,5097890.548,63515106.93,0,0,0,0,0,0,0,0,0,0,,0,,0,0,0,0,0,0,0,0,0,0,0,0,0,0
15347475.39,5097890.548,15350475.39,5097890.548,15350475.39,5094890.548,15347475.39,5094890.548,63515106.93,0,0,0,0,0,0,0,0,0,0,,0,,0,0,0,0,0,0,0,0,0,0,0,0,0,0
15347475.39,5094890.548,15350475.39,5094890.548,15350475.39,5091890.548,15347475.39,5091890.548,63515106.93,0,0,0,0,0,0,0,0,0,0,,0,,0,0,0,0,0,0,0,0,0,0,0,0,0,0
15347475.39,5091890.548,15350475.39,5091890.548,15350475.39,5088890.548,15347475.39,5088890.548,63515106.93,0,0,0,0,0,0,0,0,0,0,,0,,0,0,0,0,0,0,0,0,0,0,0,0,0,0
15347475.39,5088890.548,15350475.39,5088890.548,15350475.39,5085890.548,15347475.39,5085890.548,63515106.93,0,0,0,0,0,0,0,0,0,0,,0,,0,0,0,0,0,0,0,0,0,0,0,0,0,0
15347475.39,5085890.548,15350475.39,5085890.548,15350475.39,5082890.548,15347475.39,5082890.548,63515106.93,0,0,0,0,0,0,0,0,0,0,,0,,0,0,0,0,0,0,0,0,0,0,0,0,0,0
15347475.39,5082890.548,15350475.39,5082890.548,15350475.39,5079890.548,15347475.39,5079890.548,63515106.93,0,0,0,0,0,0,0,0,0,0,,0,,0,0,0,0,0,0,0,0,0,0,0,0,0,0
15347475.39,5079890.548,15350475.39,5079890.548,15350475.39,5076890.548,15347475.39,5076890.548,63515106.93,0,0,0,0,0,0,0,0,0,0,,0,,0,0,0,0,0,0,0,0,0,0,0,0,0,0
15347475.39,5076890.548,15350475.39,5076890.548,15350475.39,5073890.548,15347475.39,5073890.548,63515106.93,0,0,0,0,0,0,0,0,0,0,,0,,0,0,0,0,0,0,0,0,0,0,0,0,0,0
15347475.39,5073890.548,15350475.39,5073890.548,15350475.39,5070890.548,15347475.39,5070890.548,63515106.93,0,0,0,0,0,0,0,0,0,0,,0,,0,0,0,0,0,0,0,0,0,0,0,0,0,0
15347475.39,5070890.548,15350475.39,5070890.548,15350475.39,5067890.548,15347475.39,5067890.548,63515106.93,7.87E-09,7.87E-09,223.8956369,111.9478185,111.9478185,0,0,0,0.000394625,0.000197312,,1.76E-06,,1.76E-06,0.5,1,0.5,1,111.9478185,111.9478185,111.9478185,0,0,1,0,7.87E-09,31757553.47
15347475.39,5067890.548,15350475.39,5067890.548,15350475.39,5064890.548,15347475.39,5064890.548,63515106.93,7.87E-09,7.87E-09,6440.502414,3220.251207,3220.251207,0,0,0,0.32653705,0.163268525,,5.07E-05,,5.07E-05,0.5,1,0.5,1,3220.251207,3220.251207,3220.251207,0,0,1,0,7.87E-09,31757553.47
15347475.39,5064890.548,15350475.39,5064890.548,15350475.39,5061890.548,15347475.39,5061890.548,63515106.93,7.87E-09,7.87E-09,7702.319279,3851.15964,3851.15964,0,0,0,0.467020565,0.233510283,,6.06E-05,,6.06E-05,0.5,1,0.5,1,3851.15964,3851.15964,3851.15964,0,0,1,0,7.87E-09,31757553.47
15347475.39,5061890.548,15350475.39,5061890.548,15350475.39,5058890.548,15347475.39,5058890.548,63515106.93,0,0,0,0,0,0,0,0,0,0,,0,,0,0,0,0,0,0,0,0,0,0,0,0,0,0
15347475.39,5058890.548,15350475.39,5058890.548,15350475.39,5055890.548,15347475.39,5055890.548,63515106.93,0,0,0,0,0,0,0,0,0,0,,0,,0,0,0,0,0,0,0,0,0,0,0,0,0,0
15347475.39,5055890.548,15350475.39,5055890.548,15350475.39,5052890.548,15347475.39,5052890.548,63515106.93,0,0,0,0,0,0,0,0,0,0,,0,,0,0,0,0,0,0,0,0,0,0,0,0,0,0
15347475.39,5052890.548,15350475.39,5052890.548,15350475.39,5049890.548,15347475.39,5049890.548,63515106.93,0,0,0,0,0,0,0,0,0,0,,0,,0,0,0,0,0,0,0,0,0,0,0,0,0,0
15347475.39,5049890.548,15350475.39,5049890.548,15350475.39,5046890.548,15347475.39,5046890.548,63515106.93,0,0,0,0,0,0,0,0,0,0,,0,,0,0,0,0,0,0,0,0,0,0,0,0,0,0
15347475.39,5046890.548,15350475.39,5046890.548,15350475.39,5043890.548,15347475.39,5043890.548,63515106.93,0,0,0,0,0,0,0,0,0,0,,0,,0,0,0,0,0,0,0,0,0,0,0,0,0,0
15347475.39,5043890.548,15350475.39,5043890.548,15350475.39,5040890.548,15347475.39,5040890.548,63515106.93,7.87E-09,7.87E-09,15825.07624,848.2277746,5683.611766,0,0,0,1.97144467,0.328574112,,0.000124577,,0.000124577,0.5,3,0.5,3,2637.512707,848.2277746,5683.611766,0,0,1,0,7.87E-09,31757553.47
15347475.39,5040890.548,15350475.39,5040890.548,15350475.39,5037890.548,15347475.39,5037890.548,63515106.93,3.94E-08,2.36E-08,11749.33469,1481.205884,7964.952509,1.2,1.333333333,1.57E-08,5.433623289,2.716811644,,0.000462462,,0.000462462,2.5,6,1.5,5,5874.667346,1481.205884,8592.632723,0.4,0.666666667,3.666666667,1,3.000000016,63515107.93
15347475.39,5037890.548,15350475.39,5037890.548,15350475.39,5034890.548,15347475.39,5034890.548,63515106.93,3.94E-08,2.36E-08,10631.19117,3403.395906,7700.865343,1.2,1.333333333,1.57E-08,4.448635571,2.780397232,,0.000418451,,0.000418451,2.5,5,1.5,4,6644.494479,3403.395906,8403.202495,0.4,0.666666667,3.666666667,1,3.000000016,63515107.93
15347475.39,5034890.548,15350475.39,5034890.548,15350475.39,5031890.548,15347475.39,5031890.548,63515106.93,3.15E-08,1.57E-08,3605.005879,293.1320356,5174.439111,1.5,2,1.57E-08,0.4092276,0.2728184,,0.000113516,,0.000113516,2,4,1,3,2403.337253,293.1320356,5174.439111,0.5,1,3.5,1,3.000000008,31757554.47
15347475.39,5031890.548,15350475.39,5031890.548,15350475.39,5028890.548,15347475.39,5028890.548,63515106.93,0,0,0,0,0,0,0,0,0,0,,0,,0,0,0,0,0,0,0,0,0,0,0,0,0,0
15347475.39,5028890.548,15350475.39,5028890.548,15350475.39,5025890.548,15347475.39,5025890.548,63515106.93,0,0,0,0,0,0,0,0,0,0,,0,,0,0,0,0,0,0,0,0,0,0,0,0,0,0
15347475.39,5025890.548,15350475.39,5025890.548,15350475.39,5022890.548,15347475.39,5022890.548,63515106.93,0,0,0,7927.665254,7927.665254,0,0,0,0,0.989494931,,0.000124815,,0.000124815,0,1,0,1,7927.665254,7927.665254,7927.665254,0,0,0,0,0,0
15347475.39,5022890.548,15350475.39,5022890.548,15350475.39,5019890.548,15347475.39,5019890.548,63515106.93,0,0,0,8841.301682,8841.301682,0,0,0,0,1.230709027,,0.0001392,,0.0001392,0,1,0,1,8841.301682,8841.301682,8841.301682,0,0,0,0,0,0
15347475.39,5019890.548,15350475.39,5019890.548,15350475.39,5016890.548,15347475.39,5016890.548,63515106.93,0,0,0,4863.088041,6683.795698,0,0,0,0,1.049596942,,0.000181797,,0.000181797,0,2,0,2,5773.441869,4863.088041,6683.795698,0,0,0,0,0,0
15347475.39,5016890.548,15350475.39,5016890.548,15350475.39,5013890.548,15347475.39,5013890.548,63515106.93,0,0,0,9012.332883,9012.332883,0,0,0,0,1.278784653,,0.000141893,,0.000141893,0,1,0,1,9012.332883,9012.332883,9012.332883,0,0,0,0,0,0
15347475.39,5013890.548,15350475.39,5013890.548,15350475.39,5010890.548,15347475.39,5010890.548,63515106.93,0,0,0,6821.948473,7165.398939,0,0,0,0,1.540152391,,0.000220221,,0.000220221,0,2,0,2,6993.673706,6821.948473,7165.398939,0,0,0,0,0,0
15347475.39,5010890.548,15350475.39,5010890.548,15350475.39,5007890.548,15347475.39,5007890.548,63515106.93,0,0,0,1756.611485,8998.808256,0,0,0,0,0.910642046,,0.000169336,,0.000169336,0,2,0,2,5377.709871,1756.611485,8998.808256,0,0,0,0,0,0
15347475.39,5007890.548,15350475.39,5007890.548,15350475.39,5004890.548,15347475.39,5004890.548,63515106.93,0,0,0,6783.980031,8538.796773,0,0,0,0,1.848280671,,0.000241246,,0.000241246,0,2,0,2,7661.388402,6783.980031,8538.796773,0,0,0,0,0,0
15347475.39,5004890.548,15350475.39,5004890.548,15350475.39,5001890.548,15347475.39,5001890.548,63515106.93,0,0,0,6301.459928,8437.99582,0,0,0,0,1.710235299,,0.000232062,,0.000232062,0,2,0,2,7369.727874,6301.459928,8437.99582,0,0,0,0,0,0
15347475.39,5001890.548,15350475.39,5001890.548,15350475.39,4998890.548,15347475.39,4998890.548,63515106.93,0,0,0,8978.746604,8978.746604,0,0,0,0,1.269271115,,0.000141364,,0.000141364,0,1,0,1,8978.746604,8978.746604,8978.746604,0,0,0,0,0,0
15347475.39,4998890.548,15350475.39,4998890.548,15350475.39,4995890.548,15347475.39,4995890.548,63515106.93,0,0,0,7094.733031,7094.733031,0,0,0,0,0.792492357,,0.000111702,,0.000111702,0,1,0,1,7094.733031,7094.733031,7094.733031,0,0,0,0,0,0
15347475.39,4995890.548,15350475.39,4995890.548,15350475.39,4992890.548,15347475.39,4992890.548,63515106.93,0,0,0,0,0,0,0,0,0,0,,0,,0,0,0,0,0,0,0,0,0,0,0,0,0,0
15347475.39,4992890.548,15350475.39,4992890.548,15350475.39,4989890.548,15347475.39,4989890.548,63515106.93,0,0,0,778.8555918,778.8555918,0,0,0,0,0.009550736,,1.23E-05,,1.23E-05,0,1,0,1,778.8555918,778.8555918,778.8555918,0,0,0,0,0,0
15347475.39,4989890.548,15350475.39,4989890.548,15350475.39,4986890.548,15347475.39,4986890.548,63515106.93,0,0,0,8347.142509,8347.142509,0,0,0,0,1.096979781,,0.00013142,,0.00013142,0,1,0,1,8347.142509,8347.142509,8347.142509,0,0,0,0,0,0
15347475.39,4986890.548,15350475.39,4986890.548,15350475.39,4983890.548,15347475.39,4983890.548,63515106.93,0,0,0,8675.616605,8675.616605,0,0,0,0,1.185014513,,0.000136591,,0.000136591,0,1,0,1,8675.616605,8675.616605,8675.616605,0,0,0,0,0,0
15347475.39,4983890.548,15350475.39,4983890.548,15350475.39,4980890.548,15347475.39,4980890.548,63515106.93,0,0,0,733.1415303,3618.839567,0,0,0,0,0.149096336,,6.85E-05,,6.85E-05,0,2,0,2,2175.990549,733.1415303,3618.839567,0,0,0,0,0,0
15347475.39,4980890.548,15350475.39,4980890.548,15350475.39,4977890.548,15347475.39,4977890.548,63515106.93,0,0,0,7864.504478,7864.504478,0,0,0,0,0.973790861,,0.000123821,,0.000123821,0,1,0,1,7864.504478,7864.504478,7864.504478,0,0,0,0,0,0
15347475.39,4977890.548,15350475.39,4977890.548,15350475.39,4974890.548,15347475.39,4974890.548,63515106.93,0,0,0,9129.155008,9129.155008,0,0,0,0,1.312151946,,0.000143732,,0.000143732,0,1,0,1,9129.155008,9129.155008,9129.155008,0,0,0,0,0,0
15347475.39,4974890.548,15350475.39,4974890.548,15350475.39,4971890.548,15347475.39,4971890.548,63515106.93,0,0,0,4999.491463,4999.491463,0,0,0,0,0.393527085,,7.87E-05,,7.87E-05,0,1,0,1,4999.491463,4999.491463,4999.491463,0,0,0,0,0,0
15347475.39,4971890.548,15350475.39,4971890.548,15350475.39,4968890.548,15347475.39,4968890.548,63515106.93,0,0,0,0,0,0,0,0,0,0,,0,,0,0,0,0,0,0,0,0,0,0,0,0,0,0
15347475.39,4968890.548,15350475.39,4968890.548,15350475.39,4965890.548,15347475.39,4965890.548,63515106.93,0,0,0,0,0,0,0,0,0,0,,0,,0,0,0,0,0,0,0,0,0,0,0,0,0,0
15347475.39,4965890.548,15350475.39,4965890.548,15350475.39,4962890.548,15347475.39,4962890.548,63515106.93,0,0,0,0,0,0,0,0,0,0,,0,,0,0,0,0,0,0,0,0,0,0,0,0,0,0
15347475.39,4962890.548,15350475.39,4962890.548,15350475.39,4959890.548,15347475.39,4959890.548,63515106.93,0,0,0,7962.814906,7962.814906,0,0,0,0,0.998288821,,0.000125369,,0.000125369,0,1,0,1,7962.814906,7962.814906,7962.814906,0,0,0,0,0,0
15347475.39,4959890.548,15350475.39,4959890.548,15350475.39,4956890.548,15347475.39,4956890.548,63515106.93,0,0,0,9014.773749,9014.773749,0,0,0,0,1.279477429,,0.000141931,,0.000141931,0,1,0,1,9014.773749,9014.773749,9014.773749,0,0,0,0,0,0
15347475.39,4956890.548,15350475.39,4956890.548,15350475.39,4953890.548,15347475.39,4953890.548,63515106.93,0,0,0,7133.724882,7133.724882,0,0,0,0,0.801227191,,0.000112315,,0.000112315,0,1,0,1,7133.724882,7133.724882,7133.724882,0,0,0,0,0,0
15347475.39,4953890.548,15350475.39,4953890.548,15350475.39,4950890.548,15347475.39,4950890.548,63515106.93,0,0,0,0,0,0,0,0,0,0,,0,,0,0,0,0,0,0,0,0,0,0,0,0,0,0
15347475.39,4950890.548,15350475.39,4950890.548,15350475.39,4947890.548,15347475.39,4947890.548,63515106.93,0,0,0,0,0,0,0,0,0,0,,0,,0,0,0,0,0,0,0,0,0,0,0,0,0,0
15347475.39,4947890.548,15350475.39,4947890.548,15350475.39,4944890.548,15347475.39,4944890.548,63515106.93,0,0,0,0,0,0,0,0,0,0,,0,,0,0,0,0,0,0,0,0,0,0,0,0,0,0
15347475.39,4944890.548,15350475.39,4944890.548,15350475.39,4941890.548,15347475.39,4941890.548,63515106.93,0,0,0,0,0,0,0,0,0,0,,0,,0,0,0,0,0,0,0,0,0,0,0,0,0,0
15350475.39,5121890.548,15353475.39,5121890.548,15353475.39,5118890.548,15350475.39,5118890.548,63515106.93,0,0,0,0,0,0,0,0,0,0,,0,,0,0,0,0,0,0,0,0,0,0,0,0,0,0
15350475.39,5118890.548,15353475.39,5118890.548,15353475.39,5115890.548,15350475.39,5115890.548,63515106.93,0,0,0,0,0,0,0,0,0,0,,0,,0,0,0,0,0,0,0,0,0,0,0,0,0,0
15350475.39,5115890.548,15353475.39,5115890.548,15353475.39,5112890.548,15350475.39,5112890.548,63515106.93,0,0,0,0,0,0,0,0,0,0,,0,,0,0,0,0,0,0,0,0,0,0,0,0,0,0
15350475.39,5112890.548,15353475.39,5112890.548,15353475.39,5109890.548,15350475.39,5109890.548,63515106.93,0,0,0,0,0,0,0,0,0,0,,0,,0,0,0,0,0,0,0,0,0,0,0,0,0,0
15350475.39,5109890.548,15353475.39,5109890.548,15353475.39,5106890.548,15350475.39,5106890.548,63515106.93,0,0,0,0,0,0,0,0,0,0,,0,,0,0,0,0,0,0,0,0,0,0,0,0,0,0
15350475.39,5106890.548,15353475.39,5106890.548,15353475.39,5103890.548,15350475.39,5103890.548,63515106.93,0,0,0,0,0,0,0,0,0,0,,0,,0,0,0,0,0,0,0,0,0,0,0,0,0,0
15350475.39,5103890.548,15353475.39,5103890.548,15353475.39,5100890.548,15350475.39,5100890.548,63515106.93,0,0,0,0,0,0,0,0,0,0,,0,,0,0,0,0,0,0,0,0,0,0,0,0,0,0
15350475.39,5100890.548,15353475.39,5100890.548,15353475.39,5097890.548,15350475.39,5097890.548,63515106.93,0,0,0,0,0,0,0,0,0,0,,0,,0,0,0,0,0,0,0,0,0,0,0,0,0,0
15350475.39,5097890.548,15353475.39,5097890.548,15353475.39,5094890.548,15350475.39,5094890.548,63515106.93,0,0,0,0,0,0,0,0,0,0,,0,,0,0,0,0,0,0,0,0,0,0,0,0,0,0
15350475.39,5094890.548,15353475.39,5094890.548,15353475.39,5091890.548,15350475.39,5091890.548,63515106.93,0,0,0,0,0,0,0,0,0,0,,0,,0,0,0,0,0,0,0,0,0,0,0,0,0,0
15350475.39,5091890.548,15353475.39,5091890.548,15353475.39,5088890.548,15350475.39,5088890.548,63515106.93,0,0,0,0,0,0,0,0,0,0,,0,,0,0,0,0,0,0,0,0,0,0,0,0,0,0
15350475.39,5088890.548,15353475.39,5088890.548,15353475.39,5085890.548,15350475.39,5085890.548,63515106.93,0,0,0,0,0,0,0,0,0,0,,0,,0,0,0,0,0,0,0,0,0,0,0,0,0,0
15350475.39,5085890.548,15353475.39,5085890.548,15353475.39,5082890.548,15350475.39,5082890.548,63515106.93,0,0,0,0,0,0,0,0,0,0,,0,,0,0,0,0,0,0,0,0,0,0,0,0,0,0
15350475.39,5082890.548,15353475.39,5082890.548,15353475.39,5079890.548,15350475.39,5079890.548,63515106.93,0,0,0,0,0,0,0,0,0,0,,0,,0,0,0,0,0,0,0,0,0,0,0,0,0,0
15350475.39,5079890.548,15353475.39,5079890.548,15353475.39,5076890.548,15350475.39,5076890.548,63515106.93,0,0,0,0,0,0,0,0,0,0,,0,,0,0,0,0,0,0,0,0,0,0,0,0,0,0
15350475.39,5076890.548,15353475.39,5076890.548,15353475.39,5073890.548,15350475.39,5073890.548,63515106.93,0,0,0,0,0,0,0,0,0,0,,0,,0,0,0,0,0,0,0,0,0,0,0,0,0,0
15350475.39,5073890.548,15353475.39,5073890.548,15353475.39,5070890.548,15350475.39,5070890.548,63515106.93,0,0,0,0,0,0,0,0,0,0,,0,,0,0,0,0,0,0,0,0,0,0,0,0,0,0
15350475.39,5070890.548,15353475.39,5070890.548,15353475.39,5067890.548,15350475.39,5067890.548,63515106.93,0,0,0,0,0,0,0,0,0,0,,0,,0,0,0,0,0,0,0,0,0,0,0,0,0,0
15350475.39,5067890.548,15353475.39,5067890.548,15353475.39,5064890.548,15350475.39,5064890.548,63515106.93,7.87E-09,7.87E-09,11549.44582,5774.722912,5774.722912,0,0,0,1.050062775,0.525031387,,9.09E-05,,9.09E-05,0.5,1,0.5,1,5774.722912,5774.722912,5774.722912,0,0,1,0,7.87E-09,31757553.47
15350475.39,5064890.548,15353475.39,5064890.548,15353475.39,5061890.548,15350475.39,5061890.548,63515106.93,7.87E-09,7.87E-09,14006.15493,7003.077464,7003.077464,0,0,0,1.544296982,0.772148491,,0.000110258,,0.000110258,0.5,1,0.5,1,7003.077464,7003.077464,7003.077464,0,0,1,0,7.87E-09,31757553.47
15350475.39,5061890.548,15353475.39,5061890.548,15353475.39,5058890.548,15350475.39,5058890.548,63515106.93,0,0,0,4856.777412,4856.777412,0,0,0,0,0.371380731,,7.65E-05,,7.65E-05,0,1,0,1,4856.777412,4856.777412,4856.777412,0,0,0,0,0,0
15350475.39,5058890.548,15353475.39,5058890.548,15353475.39,5055890.548,15350475.39,5055890.548,63515106.93,0,0,0,0,0,0,0,0,0,0,,0,,0,0,0,0,0,0,0,0,0,0,0,0,0,0
15350475.39,5055890.548,15353475.39,5055890.548,15353475.39,5052890.548,15350475.39,5052890.548,63515106.93,0,0,0,0,0,0,0,0,0,0,,0,,0,0,0,0,0,0,0,0,0,0,0,0,0,0
15350475.39,5052890.548,15353475.39,5052890.548,15353475.39,5049890.548,15350475.39,5049890.548,63515106.93,7.87E-09,7.87E-09,2672.336496,1336.168248,1336.168248,0,0,0,0.056217983,0.028108991,,2.10E-05,,2.10E-05,0.5,1,0.5,1,1336.168248,1336.168248,1336.168248,0,0,1,0,7.87E-09,31757553.47
15350475.39,5049890.548,15353475.39,5049890.548,15353475.39,5046890.548,15350475.39,5046890.548,63515106.93,7.87E-09,7.87E-09,3675.884761,1837.94238,1837.94238,0,0,0,0.106369409,0.053184704,,2.89E-05,,2.89E-05,0.5,1,0.5,1,1837.94238,1837.94238,1837.94238,0,0,1,0,7.87E-09,31757553.47
15350475.39,5046890.548,15353475.39,5046890.548,15353475.39,5043890.548,15350475.39,5043890.548,63515106.93,0,0,0,0,0,0,0,0,0,0,,0,,0,0,0,0,0,0,0,0,0,0,0,0,0,0
15350475.39,5043890.548,15353475.39,5043890.548,15353475.39,5040890.548,15350475.39,5040890.548,63515106.93,7.87E-09,7.87E-09,6466.414415,3233.207208,3233.207208,0,0,0,0.329169842,0.164584921,,5.09E-05,,5.09E-05,0.5,1,0.5,1,3233.207208,3233.207208,3233.207208,0,0,1,0,7.87E-09,31757553.47
15350475.39,5040890.548,15353475.39,5040890.548,15353475.39,5037890.548,15350475.39,5037890.548,63515106.93,4.72E-08,3.15E-08,7413.935312,2210.321552,6047.911103,1,1,1.57E-08,2.596221882,1.947166411,,0.000350181,,0.000350181,3,5,2,4,5560.451484,4502.190476,8258.232663,0.333333333,0.5,3.75,1,3.000000024,95272661.4
15350475.39,5037890.548,15353475.39,5037890.548,15353475.39,5034890.548,15350475.39,5034890.548,63515106.93,7.08E-08,3.94E-08,4998.253967,177.3805363,6447.868107,1.333333333,1.6,3.15E-08,1.769995323,1.592995791,,0.000354123,,0.000354123,4.5,7,2.5,5,4498.42857,177.3805363,8677.959886,0.444444444,0.8,6.6,2,6.000000024,95272662.4
15350475.39,5034890.548,15353475.39,5034890.548,15353475.39,5031890.548,15350475.39,5031890.548,63515106.93,7.87E-09,7.87E-09,17506.89629,1586.733698,3939.45675,0,0,0,2.412744247,0.402124041,,0.000137817,,0.000137817,0.5,3,0.5,3,2917.816048,1586.733698,3939.45667,0,0,1,0,7.87E-09,31757553.47
15350475.39,5031890.548,15353475.39,5031890.548,15353475.39,5028890.548,15350475.39,5028890.548,63515106.93,0,0,0,0,0,0,0,0,0,0,,0,,0,0,0,0,0,0,0,0,0,0,0,0,0,0
15350475.39,5028890.548,15353475.39,5028890.548,15353475.39,5025890.548,15350475.39,5025890.548,63515106.93,0,0,0,0,0,0,0,0,0,0,,0,,0,0,0,0,0,0,0,0,0,0,0,0,0,0
15350475.39,5025890.548,15353475.39,5025890.548,15353475.39,5022890.548,15350475.39,5022890.548,63515106.93,0,0,0,7234.336969,7234.336969,0,0,0,0,0.823987141,,0.000113899,,0.000113899,0,1,0,1,7234.336969,7234.336969,7234.336969,0,0,0,0,0,0
15350475.39,5022890.548,15353475.39,5022890.548,15353475.39,5019890.548,15350475.39,5019890.548,63515106.93,0,0,0,8974.971547,8974.971547,0,0,0,0,1.268204025,,0.000141305,,0.000141305,0,1,0,1,8974.971547,8974.971547,8974.971547,0,0,0,0,0,0
15350475.39,5019890.548,15353475.39,5019890.548,15353475.39,5016890.548,15350475.39,5016890.548,63515106.93,0,0,0,4085.164464,6251.847246,0,0,0,0,0.841168474,,0.000162749,,0.000162749,0,2,0,2,5168.505855,4085.164464,6251.847246,0,0,0,0,0,0
15350475.39,5016890.548,15353475.39,5016890.548,15353475.39,5013890.548,15350475.39,5013890.548,63515106.93,0,0,0,8867.820204,8867.820204,0,0,0,0,1.238102854,,0.000139617,,0.000139617,0,1,0,1,8867.820204,8867.820204,8867.820204,0,0,0,0,0,0
15350475.39,5013890.548,15353475.39,5013890.548,15353475.39,5010890.548,15350475.39,5010890.548,63515106.93,0,0,0,5594.591106,8064.73303,0,0,0,0,1.468761881,,0.000215056,,0.000215056,0,2,0,2,6829.662068,5594.591106,8064.73303,0,0,0,0,0,0
15350475.39,5010890.548,15353475.39,5010890.548,15353475.39,5007890.548,15350475.39,5007890.548,63515106.93,0,0,0,8911.232687,8911.232687,0,0,0,0,1.250254811,,0.000140301,,0.000140301,0,1,0,1,8911.232687,8911.232687,8911.232687,0,0,0,0,0,0
15350475.39,5007890.548,15353475.39,5007890.548,15353475.39,5004890.548,15350475.39,5004890.548,63515106.93,0,0,0,7664.91051,8220.163042,0,0,0,0,1.986421609,,0.000250099,,0.000250099,0,2,0,2,7942.536776,7664.91051,8220.163042,0,0,0,0,0,0
15350475.39,5004890.548,15353475.39,5004890.548,15353475.39,5001890.548,15350475.39,5001890.548,63515106.93,0,0,0,5720.211153,8695.200586,0,0,0,0,1.635863542,,0.00022696,,0.00022696,0,2,0,2,7207.70587,5720.211153,8695.200586,0,0,0,0,0,0
15350475.39,5001890.548,15353475.39,5001890.548,15353475.39,4998890.548,15350475.39,4998890.548,63515106.93,0,0,0,3576.247985,8939.587307,0,0,0,0,1.233140749,,0.000197053,,0.000197053,0,2,0,2,6257.917646,3576.247985,8939.587307,0,0,0,0,0,0
15350475.39,4998890.548,15353475.39,4998890.548,15353475.39,4995890.548,15350475.39,4995890.548,63515106.93,0,0,0,7487.966589,7487.966589,0,0,0,0,0.882776498,,0.000117893,,0.000117893,0,1,0,1,7487.966589,7487.966589,7487.966589,0,0,0,0,0,0
15350475.39,4995890.548,15353475.39,4995890.548,15353475.39,4992890.548,15350475.39,4992890.548,63515106.93,0,0,0,0,0,0,0,0,0,0,,0,,0,0,0,0,0,0,0,0,0,0,0,0,0,0
15350475.39,4992890.548,15353475.39,4992890.548,15353475.39,4989890.548,15350475.39,4989890.548,63515106.93,0,0,0,0,0,0,0,0,0,0,,0,,0,0,0,0,0,0,0,0,0,0,0,0,0,0
15350475.39,4989890.548,15353475.39,4989890.548,15353475.39,4986890.548,15350475.39,4986890.548,63515106.93,0,0,0,7415.503549,7415.503549,0,0,0,0,0.865773444,,0.000116752,,0.000116752,0,1,0,1,7415.503549,7415.503549,7415.503549,0,0,0,0,0,0
15350475.39,4986890.548,15353475.39,4986890.548,15353475.39,4983890.548,15350475.39,4983890.548,63515106.93,0,0,0,8968.978705,8968.978705,0,0,0,0,1.266510959,,0.00014121,,0.00014121,0,1,0,1,8968.978705,8968.978705,8968.978705,0,0,0,0,0,0
15350475.39,4983890.548,15353475.39,4983890.548,15353475.39,4980890.548,15350475.39,4980890.548,63515106.93,0,0,0,6312.901023,6312.901023,0,0,0,0,0.627452605,,9.94E-05,,9.94E-05,0,1,0,1,6312.901023,6312.901023,6312.901023,0,0,0,0,0,0
15350475.39,4980890.548,15353475.39,4980890.548,15353475.39,4977890.548,15350475.39,4977890.548,63515106.93,0,0,0,6661.284776,6661.284776,0,0,0,0,0.698616707,,0.000104877,,0.000104877,0,1,0,1,6661.284776,6661.284776,6661.284776,0,0,0,0,0,0
15350475.39,4977890.548,15353475.39,4977890.548,15353475.39,4974890.548,15350475.39,4974890.548,63515106.93,0,0,0,9019.925612,9019.925612,0,0,0,0,1.280940267,,0.000142012,,0.000142012,0,1,0,1,9019.925612,9019.925612,9019.925612,0,0,0,0,0,0
15350475.39,4974890.548,15353475.39,4974890.548,15353475.39,4971890.548,15350475.39,4971890.548,63515106.93,0,0,0,7376.230932,7376.230932,0,0,0,0,0.856627429,,0.000116133,,0.000116133,0,1,0,1,7376.230932,7376.230932,7376.230932,0,0,0,0,0,0
15350475.39,4971890.548,15353475.39,4971890.548,15353475.39,4968890.548,15350475.39,4968890.548,63515106.93,0,0,0,0,0,0,0,0,0,0,,0,,0,0,0,0,0,0,0,0,0,0,0,0,0,0
15350475.39,4968890.548,15353475.39,4968890.548,15353475.39,4965890.548,15350475.39,4965890.548,63515106.93,0,0,0,0,0,0,0,0,0,0,,0,,0,0,0,0,0,0,0,0,0,0,0,0,0,0
15350475.39,4965890.548,15353475.39,4965890.548,15353475.39,4962890.548,15350475.39,4962890.548,63515106.93,0,0,0,0,0,0,0,0,0,0,,0,,0,0,0,0,0,0,0,0,0,0,0,0,0,0
15350475.39,4962890.548,15353475.39,4962890.548,15353475.39,4959890.548,15350475.39,4959890.548,63515106.93,0,0,0,4911.14638,4911.14638,0,0,0,0,0.379742079,,7.73E-05,,7.73E-05,0,1,0,1,4911.14638,4911.14638,4911.14638,0,0,0,0,0,0
15350475.39,4959890.548,15353475.39,4959890.548,15353475.39,4956890.548,15350475.39,4956890.548,63515106.93,0,0,0,8505.810987,8505.810987,0,0,0,0,1.139080512,,0.000133918,,0.000133918,0,1,0,1,8505.810987,8505.810987,8505.810987,0,0,0,0,0,0
15350475.39,4956890.548,15353475.39,4956890.548,15353475.39,4953890.548,15350475.39,4953890.548,63515106.93,0,0,0,8819.462402,8819.462402,0,0,0,0,1.224636481,,0.000138856,,0.000138856,0,1,0,1,8819.462402,8819.462402,8819.462402,0,0,0,0,0,0
15350475.39,4953890.548,15353475.39,4953890.548,15353475.39,4950890.548,15350475.39,4950890.548,63515106.93,0,0,0,6350.926324,6350.926324,0,0,0,0,0.635034201,,1.00E-04,,1.00E-04,0,1,0,1,6350.926324,6350.926324,6350.926324,0,0,0,0,0,0
15350475.39,4950890.548,15353475.39,4950890.548,15353475.39,4947890.548,15350475.39,4947890.548,63515106.93,0,0,0,0,0,0,0,0,0,0,,0,,0,0,0,0,0,0,0,0,0,0,0,0,0,0
15350475.39,4947890.548,15353475.39,4947890.548,15353475.39,4944890.548,15350475.39,4944890.548,63515106.93,0,0,0,0,0,0,0,0,0,0,,0,,0,0,0,0,0,0,0,0,0,0,0,0,0,0
15350475.39,4944890.548,15353475.39,4944890.548,15353475.39,4941890.548,15350475.39,4941890.548,63515106.93,0,0,0,0,0,0,0,0,0,0,,0,,0,0,0,0,0,0,0,0,0,0,0,0,0,0
15353475.39,5121890.548,15356475.39,5121890.548,15356475.39,5118890.548,15353475.39,5118890.548,63515106.93,0,0,0,0,0,0,0,0,0,0,,0,,0,0,0,0,0,0,0,0,0,0,0,0,0,0
15353475.39,5118890.548,15356475.39,5118890.548,15356475.39,5115890.548,15353475.39,5115890.548,63515106.93,0,0,0,0,0,0,0,0,0,0,,0,,0,0,0,0,0,0,0,0,0,0,0,0,0,0
15353475.39,5115890.548,15356475.39,5115890.548,15356475.39,5112890.548,15353475.39,5112890.548,63515106.93,0,0,0,0,0,0,0,0,0,0,,0,,0,0,0,0,0,0,0,0,0,0,0,0,0,0
15353475.39,5112890.548,15356475.39,5112890.548,15356475.39,5109890.548,15353475.39,5109890.548,63515106.93,0,0,0,0,0,0,0,0,0,0,,0,,0,0,0,0,0,0,0,0,0,0,0,0,0,0
15353475.39,5109890.548,15356475.39,5109890.548,15356475.39,5106890.548,15353475.39,5106890.548,63515106.93,0,0,0,0,0,0,0,0,0,0,,0,,0,0,0,0,0,0,0,0,0,0,0,0,0,0
15353475.39,5106890.548,15356475.39,5106890.548,15356475.39,5103890.548,15353475.39,5103890.548,63515106.93,0,0,0,0,0,0,0,0,0,0,,0,,0,0,0,0,0,0,0,0,0,0,0,0,0,0
15353475.39,5103890.548,15356475.39,5103890.548,15356475.39,5100890.548,15353475.39,5100890.548,63515106.93,0,0,0,0,0,0,0,0,0,0,,0,,0,0,0,0,0,0,0,0,0,0,0,0,0,0
15353475.39,5100890.548,15356475.39,5100890.548,15356475.39,5097890.548,15353475.39,5097890.548,63515106.93,0,0,0,0,0,0,0,0,0,0,,0,,0,0,0,0,0,0,0,0,0,0,0,0,0,0
15353475.39,5097890.548,15356475.39,5097890.548,15356475.39,5094890.548,15353475.39,5094890.548,63515106.93,0,0,0,0,0,0,0,0,0,0,,0,,0,0,0,0,0,0,0,0,0,0,0,0,0,0
15353475.39,5094890.548,15356475.39,5094890.548,15356475.39,5091890.548,15353475.39,5091890.548,63515106.93,0,0,0,0,0,0,0,0,0,0,,0,,0,0,0,0,0,0,0,0,0,0,0,0,0,0
15353475.39,5091890.548,15356475.39,5091890.548,15356475.39,5088890.548,15353475.39,5088890.548,63515106.93,0,0,0,0,0,0,0,0,0,0,,0,,0,0,0,0,0,0,0,0,0,0,0,0,0,0
15353475.39,5088890.548,15356475.39,5088890.548,15356475.39,5085890.548,15353475.39,5085890.548,63515106.93,0,0,0,0,0,0,0,0,0,0,,0,,0,0,0,0,0,0,0,0,0,0,0,0,0,0
15353475.39,5085890.548,15356475.39,5085890.548,15356475.39,5082890.548,15353475.39,5082890.548,63515106.93,0,0,0,0,0,0,0,0,0,0,,0,,0,0,0,0,0,0,0,0,0,0,0,0,0,0
15353475.39,5082890.548,15356475.39,5082890.548,15356475.39,5079890.548,15353475.39,5079890.548,63515106.93,0,0,0,0,0,0,0,0,0,0,,0,,0,0,0,0,0,0,0,0,0,0,0,0,0,0
15353475.39,5079890.548,15356475.39,5079890.548,15356475.39,5076890.548,15353475.39,5076890.548,63515106.93,0,0,0,0,0,0,0,0,0,0,,0,,0,0,0,0,0,0,0,0,0,0,0,0,0,0
15353475.39,5076890.548,15356475.39,5076890.548,15356475.39,5073890.548,15353475.39,5073890.548,63515106.93,0,0,0,0,0,0,0,0,0,0,,0,,0,0,0,0,0,0,0,0,0,0,0,0,0,0
15353475.39,5073890.548,15356475.39,5073890.548,15356475.39,5070890.548,15353475.39,5070890.548,63515106.93,0,0,0,0,0,0,0,0,0,0,,0,,0,0,0,0,0,0,0,0,0,0,0,0,0,0
15353475.39,5070890.548,15356475.39,5070890.548,15356475.39,5067890.548,15353475.39,5067890.548,63515106.93,0,0,0,0,0,0,0,0,0,0,,0,,0,0,0,0,0,0,0,0,0,0,0,0,0,0
15353475.39,5067890.548,15356475.39,5067890.548,15356475.39,5064890.548,15353475.39,5064890.548,63515106.93,0,0,0,6989.611843,6989.611843,0,0,0,0,0.769181949,,0.000110046,,0.000110046,0,1,0,1,6989.611843,6989.611843,6989.611843,0,0,0,0,0,0
15353475.39,5064890.548,15356475.39,5064890.548,15356475.39,5061890.548,15353475.39,5061890.548,63515106.93,0,0,0,8996.966179,8996.966179,0,0,0,0,1.274427523,,0.000141651,,0.000141651,0,1,0,1,8996.966179,8996.966179,8996.966179,0,0,0,0,0,0
15353475.39,5061890.548,15356475.39,5061890.548,15356475.39,5058890.548,15353475.39,5058890.548,63515106.93,0,0,0,6856.976708,6856.976708,0,0,0,0,0.740266873,,0.000107958,,0.000107958,0,1,0,1,6856.976708,6856.976708,6856.976708,0,0,0,0,0,0
15353475.39,5058890.548,15356475.39,5058890.548,15356475.39,5055890.548,15353475.39,5055890.548,63515106.93,0,0,0,0,0,0,0,0,0,0,,0,,0,0,0,0,0,0,0,0,0,0,0,0,0,0
15353475.39,5055890.548,15356475.39,5055890.548,15356475.39,5052890.548,15353475.39,5052890.548,63515106.93,0,0,0,0,0,0,0,0,0,0,,0,,0,0,0,0,0,0,0,0,0,0,0,0,0,0
15353475.39,5052890.548,15356475.39,5052890.548,15356475.39,5049890.548,15353475.39,5049890.548,63515106.93,7.87E-09,7.87E-09,7626.065254,3813.032627,3813.032627,0,0,0,0.457819203,0.228909601,,6.00E-05,,6.00E-05,0.5,1,0.5,1,3813.032627,3813.032627,3813.032627,0,0,1,0,7.87E-09,31757553.47
15353475.39,5049890.548,15356475.39,5049890.548,15356475.39,5046890.548,15353475.39,5046890.548,63515106.93,7.87E-09,7.87E-09,10272.92279,5136.461394,5136.461394,0,0,0,0.830770408,0.415385204,,8.09E-05,,8.09E-05,0.5,1,0.5,1,5136.461394,5136.461394,5136.461394,0,0,1,0,7.87E-09,31757553.47
15353475.39,5046890.548,15356475.39,5046890.548,15356475.39,5043890.548,15353475.39,5043890.548,63515106.93,7.87E-09,7.87E-09,8418.889396,4209.444698,4209.444698,0,0,0,0.557959374,0.278979687,,6.63E-05,,6.63E-05,0.5,1,0.5,1,4209.444698,4209.444698,4209.444698,0,0,1,0,7.87E-09,31757553.47
15353475.39,5043890.548,15356475.39,5043890.548,15356475.39,5040890.548,15353475.39,5040890.548,63515106.93,7.87E-09,7.87E-09,280.1153306,140.0576653,140.0576653,0,0,0,0.000617685,0.000308842,,2.21E-06,,2.21E-06,0.5,1,0.5,1,140.0576653,140.0576653,140.0576653,0,0,1,0,7.87E-09,31757553.47
15353475.39,5040890.548,15356475.39,5040890.548,15356475.39,5037890.548,15353475.39,5037890.548,63515106.93,4.72E-08,3.15E-08,5616.692119,562.1453514,5395.195383,1,1,1.57E-08,1.490065839,0.894039503,,0.000265292,,0.000265292,3,6,2,5,3370.015271,562.1453514,7913.75834,0.333333333,0.5,3.75,1,3.000000024,95272661.4
15353475.39,5037890.548,15356475.39,5037890.548,15356475.39,5034890.548,15353475.39,5034890.548,63515106.93,4.72E-08,3.15E-08,6257.877881,1249.437624,5621.318781,1,1,1.57E-08,1.849687616,1.10981257,,0.000295577,,0.000295577,3,6,2,5,3754.726729,1249.437624,8854.449381,0.333333333,0.5,3.75,1,3.000000024,95272661.4
15353475.39,5034890.548,15356475.39,5034890.548,15356475.39,5031890.548,15353475.39,5031890.548,63515106.93,3.15E-08,1.57E-08,3301.916859,776.3949247,3474.469696,1.5,2,1.57E-08,0.343309032,0.228872688,,0.000103973,,0.000103973,2,4,1,3,2201.277906,776.3949247,4804.875001,0.5,1,3.5,1,3.000000008,31757554.47
15353475.39,5031890.548,15356475.39,5031890.548,15356475.39,5028890.548,15353475.39,5028890.548,63515106.93,0,0,0,0,0,0,0,0,0,0,,0,,0,0,0,0,0,0,0,0,0,0,0,0,0,0
15353475.39,5028890.548,15356475.39,5028890.548,15356475.39,5025890.548,15353475.39,5025890.548,63515106.93,0,0,0,0,0,0,0,0,0,0,,0,,0,0,0,0,0,0,0,0,0,0,0,0,0,0
15353475.39,5025890.548,15356475.39,5025890.548,15356475.39,5022890.548,15353475.39,5022890.548,63515106.93,0,0,0,6294.751807,6294.751807,0,0,0,0,0.623850013,,9.91E-05,,9.91E-05,0,1,0,1,6294.751807,6294.751807,6294.751807,0,0,0,0,0,0
15353475.39,5022890.548,15356475.39,5022890.548,15356475.39,5019890.548,15353475.39,5019890.548,63515106.93,0,0,0,8972.53915,8972.53915,0,0,0,0,1.267516701,,0.000141266,,0.000141266,0,1,0,1,8972.53915,8972.53915,8972.53915,0,0,0,0,0,0
15353475.39,5019890.548,15356475.39,5019890.548,15356475.39,5016890.548,15353475.39,5016890.548,63515106.93,0,0,0,7223.702917,7223.702917,0,0,0,0,0.821566496,,0.000113732,,0.000113732,0,1,0,1,7223.702917,7223.702917,7223.702917,0,0,0,0,0,0
15353475.39,5016890.548,15356475.39,5016890.548,15356475.39,5013890.548,15353475.39,5013890.548,63515106.93,0,0,0,8516.536443,8516.536443,0,0,0,0,1.141954985,,0.000134087,,0.000134087,0,1,0,1,8516.536443,8516.536443,8516.536443,0,0,0,0,0,0
15353475.39,5013890.548,15356475.39,5013890.548,15356475.39,5010890.548,15353475.39,5010890.548,63515106.93,0,0,0,3522.665,8519.296443,0,0,0,0,1.141530278,,0.000189592,,0.000189592,0,2,0,2,6020.980721,3522.665,8519.296443,0,0,0,0,0,0
15353475.39,5010890.548,15356475.39,5010890.548,15356475.39,5007890.548,15353475.39,5007890.548,63515106.93,0,0,0,2989.517139,8676.94721,0,0,0,0,1.071448959,,0.00018368,,0.00018368,0,2,0,2,5833.232174,2989.517139,8676.94721,0,0,0,0,0,0
15353475.39,5007890.548,15356475.39,5007890.548,15356475.39,5004890.548,15353475.39,5004890.548,63515106.93,0,0,0,7827.460001,8279.122769,0,0,0,0,2.04220713,,0.000253587,,0.000253587,0,2,0,2,8053.291385,7827.460001,8279.122769,0,0,0,0,0,0
15353475.39,5004890.548,15356475.39,5004890.548,15356475.39,5001890.548,15353475.39,5001890.548,63515106.93,0,0,0,5001.995189,8861.752281,0,0,0,0,1.513053376,,0.000218275,,0.000218275,0,2,0,2,6931.873735,5001.995189,8861.752281,0,0,0,0,0,0
15353475.39,5001890.548,15356475.39,5001890.548,15356475.39,4998890.548,15353475.39,4998890.548,63515106.93,0,0,0,5002.226105,8863.246174,0,0,0,0,1.513429882,,0.000218302,,0.000218302,0,2,0,2,6932.73614,5002.226105,8863.246174,0,0,0,0,0,0
15353475.39,4998890.548,15356475.39,4998890.548,15356475.39,4995890.548,15353475.39,4995890.548,63515106.93,0,0,0,7800.829111,7800.829111,0,0,0,0,0.958086001,,0.000122818,,0.000122818,0,1,0,1,7800.829111,7800.829111,7800.829111,0,0,0,0,0,0
15353475.39,4995890.548,15356475.39,4995890.548,15356475.39,4992890.548,15353475.39,4992890.548,63515106.93,0,0,0,0,0,0,0,0,0,0,,0,,0,0,0,0,0,0,0,0,0,0,0,0,0,0
15353475.39,4992890.548,15356475.39,4992890.548,15356475.39,4989890.548,15353475.39,4989890.548,63515106.93,0,0,0,0,0,0,0,0,0,0,,0,,0,0,0,0,0,0,0,0,0,0,0,0,0,0
15353475.39,4989890.548,15356475.39,4989890.548,15356475.39,4986890.548,15353475.39,4986890.548,63515106.93,0,0,0,5846.039156,5846.039156,0,0,0,0,0.53807945,,9.20E-05,,9.20E-05,0,1,0,1,5846.039156,5846.039156,5846.039156,0,0,0,0,0,0
15353475.39,4986890.548,15356475.39,4986890.548,15356475.39,4983890.548,15353475.39,4983890.548,63515106.93,0,0,0,8932.26091,8932.26091,0,0,0,0,1.256162334,,0.000140632,,0.000140632,0,1,0,1,8932.26091,8932.26091,8932.26091,0,0,0,0,0,0
15353475.39,4983890.548,15356475.39,4983890.548,15356475.39,4980890.548,15353475.39,4980890.548,63515106.93,0,0,0,7694.583792,7694.583792,0,0,0,0,0.932165946,,0.000121146,,0.000121146,0,1,0,1,7694.583792,7694.583792,7694.583792,0,0,0,0,0,0
15353475.39,4980890.548,15356475.39,4980890.548,15356475.39,4977890.548,15353475.39,4977890.548,63515106.93,0,0,0,2426.385805,2426.385805,0,0,0,0,0.092692091,,3.82E-05,,3.82E-05,0,1,0,1,2426.385805,2426.385805,2426.385805,0,0,0,0,0,0
15353475.39,4977890.548,15356475.39,4977890.548,15356475.39,4974890.548,15353475.39,4974890.548,63515106.93,0,0,0,8653.026178,8653.026178,0,0,0,0,1.178851232,,0.000136236,,0.000136236,0,1,0,1,8653.026178,8653.026178,8653.026178,0,0,0,0,0,0
15353475.39,4974890.548,15356475.39,4974890.548,15356475.39,4971890.548,15353475.39,4971890.548,63515106.93,0,0,0,8526.249351,8526.249351,0,0,0,0,1.144561215,,0.00013424,,0.00013424,0,1,0,1,8526.249351,8526.249351,8526.249351,0,0,0,0,0,0
15353475.39,4971890.548,15356475.39,4971890.548,15356475.39,4968890.548,15353475.39,4968890.548,63515106.93,0,0,0,3840.932807,3840.932807,0,0,0,0,0.232271747,,6.05E-05,,6.05E-05,0,1,0,1,3840.932807,3840.932807,3840.932807,0,0,0,0,0,0
15353475.39,4968890.548,15356475.39,4968890.548,15356475.39,4965890.548,15353475.39,4965890.548,63515106.93,0,0,0,0,0,0,0,0,0,0,,0,,0,0,0,0,0,0,0,0,0,0,0,0,0,0
15353475.39,4965890.548,15356475.39,4965890.548,15356475.39,4962890.548,15353475.39,4962890.548,63515106.93,0,0,0,0,0,0,0,0,0,0,,0,,0,0,0,0,0,0,0,0,0,0,0,0,0,0
15353475.39,4962890.548,15356475.39,4962890.548,15356475.39,4959890.548,15353475.39,4959890.548,63515106.93,0,0,0,0,0,0,0,0,0,0,,0,,0,0,0,0,0,0,0,0,0,0,0,0,0,0
15353475.39,4959890.548,15356475.39,4959890.548,15356475.39,4956890.548,15353475.39,4956890.548,63515106.93,0,0,0,6125.542979,6125.542979,0,0,0,0,0.590761452,,9.64E-05,,9.64E-05,0,1,0,1,6125.542979,6125.542979,6125.542979,0,0,0,0,0,0
15353475.39,4956890.548,15356475.39,4956890.548,15356475.39,4953890.548,15353475.39,4953890.548,63515106.93,7.87E-09,7.87E-09,16362.77878,8181.38939,8181.38939,0,0,0,2.107691716,1.053845858,,0.00012881,,0.00012881,0.5,1,0.5,1,8181.38939,8181.38939,8181.38939,0,0,1,0,7.87E-09,31757553.47
15353475.39,4953890.548,15356475.39,4953890.548,15356475.39,4950890.548,15353475.39,4950890.548,63515106.93,7.87E-09,7.87E-09,12294.28227,6147.141135,6147.141135,0,0,0,1.189869496,0.594934748,,9.68E-05,,9.68E-05,0.5,1,0.5,1,6147.141135,6147.141135,6147.141135,0,0,1,0,7.87E-09,31757553.47
15353475.39,4950890.548,15356475.39,4950890.548,15356475.39,4947890.548,15353475.39,4947890.548,63515106.93,7.87E-09,7.87E-09,5404.667427,2702.333714,2702.333714,0,0,0,0.22994868,0.11497434,,4.25E-05,,4.25E-05,0.5,1,0.5,1,2702.333714,2702.333714,2702.333714,0,0,1,0,7.87E-09,31757553.47
15353475.39,4947890.548,15356475.39,4947890.548,15356475.39,4944890.548,15353475.39,4944890.548,63515106.93,0,0,0,0,0,0,0,0,0,0,,0,,0,0,0,0,0,0,0,0,0,0,0,0,0,0
15353475.39,4944890.548,15356475.39,4944890.548,15356475.39,4941890.548,15353475.39,4941890.548,63515106.93,0,0,0,0,0,0,0,0,0,0,,0,,0,0,0,0,0,0,0,0,0,0,0,0,0,0
15356475.39,5121890.548,15359475.39,5121890.548,15359475.39,5118890.548,15356475.39,5118890.548,63515106.93,0,0,0,0,0,0,0,0,0,0,,0,,0,0,0,0,0,0,0,0,0,0,0,0,0,0
15356475.39,5118890.548,15359475.39,5118890.548,15359475.39,5115890.548,15356475.39,5115890.548,63515106.93,0,0,0,0,0,0,0,0,0,0,,0,,0,0,0,0,0,0,0,0,0,0,0,0,0,0
15356475.39,5115890.548,15359475.39,5115890.548,15359475.39,5112890.548,15356475.39,5112890.548,63515106.93,0,0,0,0,0,0,0,0,0,0,,0,,0,0,0,0,0,0,0,0,0,0,0,0,0,0
15356475.39,5112890.548,15359475.39,5112890.548,15359475.39,5109890.548,15356475.39,5109890.548,63515106.93,0,0,0,0,0,0,0,0,0,0,,0,,0,0,0,0,0,0,0,0,0,0,0,0,0,0
15356475.39,5109890.548,15359475.39,5109890.548,15359475.39,5106890.548,15356475.39,5106890.548,63515106.93,0,0,0,0,0,0,0,0,0,0,,0,,0,0,0,0,0,0,0,0,0,0,0,0,0,0
15356475.39,5106890.548,15359475.39,5106890.548,15359475.39,5103890.548,15356475.39,5103890.548,63515106.93,0,0,0,0,0,0,0,0,0,0,,0,,0,0,0,0,0,0,0,0,0,0,0,0,0,0
15356475.39,5103890.548,15359475.39,5103890.548,15359475.39,5100890.548,15356475.39,5100890.548,63515106.93,0,0,0,0,0,0,0,0,0,0,,0,,0,0,0,0,0,0,0,0,0,0,0,0,0,0
15356475.39,5100890.548,15359475.39,5100890.548,15359475.39,5097890.548,15356475.39,5097890.548,63515106.93,0,0,0,0,0,0,0,0,0,0,,0,,0,0,0,0,0,0,0,0,0,0,0,0,0,0
15356475.39,5097890.548,15359475.39,5097890.548,15359475.39,5094890.548,15356475.39,5094890.548,63515106.93,0,0,0,0,0,0,0,0,0,0,,0,,0,0,0,0,0,0,0,0,0,0,0,0,0,0
15356475.39,5094890.548,15359475.39,5094890.548,15359475.39,5091890.548,15356475.39,5091890.548,63515106.93,0,0,0,0,0,0,0,0,0,0,,0,,0,0,0,0,0,0,0,0,0,0,0,0,0,0
15356475.39,5091890.548,15359475.39,5091890.548,15359475.39,5088890.548,15356475.39,5088890.548,63515106.93,0,0,0,0,0,0,0,0,0,0,,0,,0,0,0,0,0,0,0,0,0,0,0,0,0,0
15356475.39,5088890.548,15359475.39,5088890.548,15359475.39,5085890.548,15356475.39,5085890.548,63515106.93,0,0,0,0,0,0,0,0,0,0,,0,,0,0,0,0,0,0,0,0,0,0,0,0,0,0
15356475.39,5085890.548,15359475.39,5085890.548,15359475.39,5082890.548,15356475.39,5082890.548,63515106.93,0,0,0,0,0,0,0,0,0,0,,0,,0,0,0,0,0,0,0,0,0,0,0,0,0,0
15356475.39,5082890.548,15359475.39,5082890.548,15359475.39,5079890.548,15356475.39,5079890.548,63515106.93,0,0,0,0,0,0,0,0,0,0,,0,,0,0,0,0,0,0,0,0,0,0,0,0,0,0
15356475.39,5079890.548,15359475.39,5079890.548,15359475.39,5076890.548,15356475.39,5076890.548,63515106.93,0,0,0,0,0,0,0,0,0,0,,0,,0,0,0,0,0,0,0,0,0,0,0,0,0,0
15356475.39,5076890.548,15359475.39,5076890.548,15359475.39,5073890.548,15356475.39,5073890.548,63515106.93,0,0,0,0,0,0,0,0,0,0,,0,,0,0,0,0,0,0,0,0,0,0,0,0,0,0
15356475.39,5073890.548,15359475.39,5073890.548,15359475.39,5070890.548,15356475.39,5070890.548,63515106.93,0,0,0,0,0,0,0,0,0,0,,0,,0,0,0,0,0,0,0,0,0,0,0,0,0,0
15356475.39,5070890.548,15359475.39,5070890.548,15359475.39,5067890.548,15356475.39,5067890.548,63515106.93,0,0,0,0,0,0,0,0,0,0,,0,,0,0,0,0,0,0,0,0,0,0,0,0,0,0
15356475.39,5067890.548,15359475.39,5067890.548,15359475.39,5064890.548,15356475.39,5064890.548,63515106.93,0,0,0,5096.808291,5096.808291,0,0,0,0,0.408996474,,8.02E-05,,8.02E-05,0,1,0,1,5096.808291,5096.808291,5096.808291,0,0,0,0,0,0
15356475.39,5064890.548,15359475.39,5064890.548,15359475.39,5061890.548,15356475.39,5061890.548,63515106.93,0,0,0,8823.90866,8823.90866,0,0,0,0,1.225871573,,0.000138926,,0.000138926,0,1,0,1,8823.90866,8823.90866,8823.90866,0,0,0,0,0,0
15356475.39,5061890.548,15359475.39,5061890.548,15359475.39,5058890.548,15356475.39,5058890.548,63515106.93,0,0,0,8068.575465,8068.575465,0,0,0,0,1.024983082,,0.000127034,,0.000127034,0,1,0,1,8068.575465,8068.575465,8068.575465,0,0,0,0,0,0
15356475.39,5058890.548,15359475.39,5058890.548,15359475.39,5055890.548,15356475.39,5055890.548,63515106.93,0,0,0,0,0,0,0,0,0,0,,0,,0,0,0,0,0,0,0,0,0,0,0,0,0,0
15356475.39,5055890.548,15359475.39,5055890.548,15359475.39,5052890.548,15356475.39,5052890.548,63515106.93,0,0,0,0,0,0,0,0,0,0,,0,,0,0,0,0,0,0,0,0,0,0,0,0,0,0
15356475.39,5052890.548,15359475.39,5052890.548,15359475.39,5049890.548,15356475.39,5049890.548,63515106.93,7.87E-09,7.87E-09,11922.80815,5961.404075,5961.404075,0,0,0,1.119051522,0.559525761,,9.39E-05,,9.39E-05,0.5,1,0.5,1,5961.404075,5961.404075,5961.404075,0,0,1,0,7.87E-09,31757553.47
15356475.39,5049890.548,15359475.39,5049890.548,15359475.39,5046890.548,15356475.39,5046890.548,63515106.93,7.87E-09,7.87E-09,16108.81753,8054.408763,8054.408763,0,0,0,2.042773874,1.021386937,,0.000126811,,0.000126811,0.5,1,0.5,1,8054.408763,8054.408763,8054.408763,0,0,1,0,7.87E-09,31757553.47
15356475.39,5046890.548,15359475.39,5046890.548,15359475.39,5043890.548,15356475.39,5043890.548,63515106.93,0,0,0,6867.617359,6867.617359,0,0,0,0,0.742566146,,0.000108126,,0.000108126,0,1,0,1,6867.617359,6867.617359,6867.617359,0,0,0,0,0,0
15356475.39,5043890.548,15359475.39,5043890.548,15359475.39,5040890.548,15356475.39,5040890.548,63515106.93,0,0,0,0,0,0,0,0,0,0,,0,,0,0,0,0,0,0,0,0,0,0,0,0,0,0
15356475.39,5040890.548,15359475.39,5040890.548,15359475.39,5037890.548,15356475.39,5037890.548,63515106.93,3.94E-08,2.36E-08,4728.589462,619.1761735,5226.063035,1.2,1.333333333,1.57E-08,0.880088194,0.733406828,,0.000186121,,0.000186121,2.5,4,1.5,3,3940.491218,619.1761735,7428.975768,0.4,0.666666667,3.666666667,1,3.000000016,63515107.93
15356475.39,5037890.548,15359475.39,5037890.548,15359475.39,5034890.548,15356475.39,5034890.548,63515106.93,4.72E-08,3.15E-08,4430.974068,643.0710547,6192.835634,1,1,1.57E-08,0.927347783,0.927347783,,0.000209288,,0.000209288,3,4,2,3,4430.974068,643.0710547,8876.529437,0.333333333,0.5,3.75,1,3.000000024,95272661.4
15356475.39,5034890.548,15359475.39,5034890.548,15359475.39,5031890.548,15356475.39,5031890.548,63515106.93,2.36E-08,7.87E-09,6090.825116,789.6076082,4985.922651,2,4,1.57E-08,0.876125832,0.657094374,,0.000143844,,0.000143844,1.5,3,0.5,2,4568.118837,3360.707415,5775.530259,0.666666667,2,3,1,3,1
15356475.39,5031890.548,15359475.39,5031890.548,15359475.39,5028890.548,15356475.39,5028890.548,63515106.93,0,0,0,0,0,0,0,0,0,0,,0,,0,0,0,0,0,0,0,0,0,0,0,0,0,0
15356475.39,5028890.548,15359475.39,5028890.548,15359475.39,5025890.548,15356475.39,5025890.548,63515106.93,0,0,0,0,0,0,0,0,0,0,,0,,0,0,0,0,0,0,0,0,0,0,0,0,0,0
15356475.39,5025890.548,15359475.39,5025890.548,15359475.39,5022890.548,15356475.39,5022890.548,63515106.93,0,0,0,4860.648179,4860.648179,0,0,0,0,0.371972935,,7.65E-05,,7.65E-05,0,1,0,1,4860.648179,4860.648179,4860.648179,0,0,0,0,0,0
15356475.39,5022890.548,15359475.39,5022890.548,15359475.39,5019890.548,15356475.39,5019890.548,63515106.93,0,0,0,8826.559526,8826.559526,0,0,0,0,1.226608233,,0.000138968,,0.000138968,0,1,0,1,8826.559526,8826.559526,8826.559526,0,0,0,0,0,0
15356475.39,5019890.548,15359475.39,5019890.548,15359475.39,5016890.548,15356475.39,5016890.548,63515106.93,0,0,0,7985.672165,7985.672165,0,0,0,0,1.004028223,,0.000125729,,0.000125729,0,1,0,1,7985.672165,7985.672165,7985.672165,0,0,0,0,0,0
15356475.39,5016890.548,15359475.39,5016890.548,15359475.39,5013890.548,15356475.39,5013890.548,63515106.93,0,0,0,8066.339782,8066.339782,0,0,0,0,1.024415145,,0.000126999,,0.000126999,0,1,0,1,8066.339782,8066.339782,8066.339782,0,0,0,0,0,0
15356475.39,5013890.548,15359475.39,5013890.548,15359475.39,5010890.548,15356475.39,5010890.548,63515106.93,0,0,0,8768.833933,8768.833933,0,0,0,0,1.21061669,,0.000138059,,0.000138059,0,1,0,1,8768.833933,8768.833933,8768.833933,0,0,0,0,0,0
15356475.39,5010890.548,15359475.39,5010890.548,15359475.39,5007890.548,15356475.39,5007890.548,63515106.93,0,0,0,4302.820501,8272.570179,0,0,0,0,1.244904231,,0.000197991,,0.000197991,0,2,0,2,6287.69534,4302.820501,8272.570179,0,0,0,0,0,0
15356475.39,5007890.548,15359475.39,5007890.548,15359475.39,5004890.548,15356475.39,5004890.548,63515106.93,0,0,0,7395.123852,8670.013034,0,0,0,0,2.03171053,,0.000252934,,0.000252934,0,2,0,2,8032.568443,7395.123852,8670.013034,0,0,0,0,0,0
15356475.39,5004890.548,15359475.39,5004890.548,15359475.39,5001890.548,15356475.39,5001890.548,63515106.93,0,0,0,3738.993504,8952.791276,0,0,0,0,1.457854889,,0.000262409,,0.000262409,0,3,0,3,5555.652052,3738.993504,8952.791276,0,0,0,0,0,0
15356475.39,5001890.548,15359475.39,5001890.548,15359475.39,4998890.548,15356475.39,4998890.548,63515106.93,0,0,0,5911.259848,8759.593282,0,0,0,0,1.694352273,,0.000230982,,0.000230982,0,2,0,2,7335.426565,5911.259848,8759.593282,0,0,0,0,0,0
15356475.39,4998890.548,15359475.39,4998890.548,15359475.39,4995890.548,15356475.39,4995890.548,63515106.93,0,0,0,8082.404189,8082.404189,0,0,0,0,1.028499528,,0.000127252,,0.000127252,0,1,0,1,8082.404189,8082.404189,8082.404189,0,0,0,0,0,0
15356475.39,4995890.548,15359475.39,4995890.548,15359475.39,4992890.548,15356475.39,4992890.548,63515106.93,0,0,0,0,0,0,0,0,0,0,,0,,0,0,0,0,0,0,0,0,0,0,0,0,0,0
15356475.39,4992890.548,15359475.39,4992890.548,15359475.39,4989890.548,15356475.39,4989890.548,63515106.93,0,0,0,0,0,0,0,0,0,0,,0,,0,0,0,0,0,0,0,0,0,0,0,0,0,0
15356475.39,4989890.548,15359475.39,4989890.548,15359475.39,4986890.548,15356475.39,4986890.548,63515106.93,0,0,0,2487.957323,2487.957323,0,0,0,0,0.097456053,,3.92E-05,,3.92E-05,0,1,0,1,2487.957323,2487.957323,2487.957323,0,0,0,0,0,0
15356475.39,4986890.548,15359475.39,4986890.548,15359475.39,4983890.548,15356475.39,4983890.548,63515106.93,0,0,0,8530.922133,8530.922133,0,0,0,0,1.145816105,,0.000134313,,0.000134313,0,1,0,1,8530.922133,8530.922133,8530.922133,0,0,0,0,0,0
15356475.39,4983890.548,15359475.39,4983890.548,15359475.39,4980890.548,15356475.39,4980890.548,63515106.93,0,0,0,8508.820039,8508.820039,0,0,0,0,1.139886587,,0.000133965,,0.000133965,0,1,0,1,8508.820039,8508.820039,8508.820039,0,0,0,0,0,0
15356475.39,4980890.548,15359475.39,4980890.548,15359475.39,4977890.548,15356475.39,4977890.548,63515106.93,0,0,0,2574.214108,2574.214108,0,0,0,0,0.104330743,,4.05E-05,,4.05E-05,0,1,0,1,2574.214108,2574.214108,2574.214108,0,0,0,0,0,0
15356475.39,4977890.548,15359475.39,4977890.548,15359475.39,4974890.548,15356475.39,4974890.548,63515106.93,0,0,0,7530.393271,7530.393271,0,0,0,0,0.892808429,,0.000118561,,0.000118561,0,1,0,1,7530.393271,7530.393271,7530.393271,0,0,0,0,0,0
15356475.39,4974890.548,15359475.39,4974890.548,15359475.39,4971890.548,15356475.39,4971890.548,63515106.93,7.87E-09,7.87E-09,15322.66437,7661.332185,7661.332185,0,0,0,1.848253547,0.924126774,,0.000120622,,0.000120622,0.5,1,0.5,1,7661.332185,7661.332185,7661.332185,0,0,1,0,7.87E-09,31757553.47
15356475.39,4971890.548,15359475.39,4971890.548,15359475.39,4968890.548,15356475.39,4968890.548,63515106.93,7.87E-09,7.87E-09,11053.80427,5526.902137,5526.902137,0,0,0,0.961870292,0.480935146,,8.70E-05,,8.70E-05,0.5,1,0.5,1,5526.902137,5526.902137,5526.902137,0,0,1,0,7.87E-09,31757553.47
15356475.39,4968890.548,15359475.39,4968890.548,15359475.39,4965890.548,15356475.39,4965890.548,63515106.93,0,0,0,0,0,0,0,0,0,0,,0,,0,0,0,0,0,0,0,0,0,0,0,0,0,0
15356475.39,4965890.548,15359475.39,4965890.548,15359475.39,4962890.548,15356475.39,4962890.548,63515106.93,0,0,0,0,0,0,0,0,0,0,,0,,0,0,0,0,0,0,0,0,0,0,0,0,0,0
15356475.39,4962890.548,15359475.39,4962890.548,15359475.39,4959890.548,15356475.39,4959890.548,63515106.93,0,0,0,0,0,0,0,0,0,0,,0,,0,0,0,0,0,0,0,0,0,0,0,0,0,0
15356475.39,4959890.548,15359475.39,4959890.548,15359475.39,4956890.548,15356475.39,4956890.548,63515106.93,0,0,0,0,0,0,0,0,0,0,,0,,0,0,0,0,0,0,0,0,0,0,0,0,0,0
15356475.39,4956890.548,15359475.39,4956890.548,15359475.39,4953890.548,15356475.39,4953890.548,63515106.93,7.87E-09,7.87E-09,9825.369023,4912.684512,4912.684512,0,0,0,0.759959962,0.379979981,,7.73E-05,,7.73E-05,0.5,1,0.5,1,4912.684512,4912.684512,4912.684512,0,0,1,0,7.87E-09,31757553.47
15356475.39,4953890.548,15359475.39,4953890.548,15359475.39,4950890.548,15356475.39,4950890.548,63515106.93,7.87E-09,7.87E-09,8010.995489,4005.497744,4005.497744,0,0,0,0.505203028,0.252601514,,6.31E-05,,6.31E-05,0.5,1,0.5,1,4005.497744,4005.497744,4005.497744,0,0,1,0,7.87E-09,31757553.47
15356475.39,4950890.548,15359475.39,4950890.548,15359475.39,4947890.548,15356475.39,4947890.548,63515106.93,7.87E-09,7.87E-09,3679.790529,1839.895264,1839.895264,0,0,0,0.106595572,0.053297786,,2.90E-05,,2.90E-05,0.5,1,0.5,1,1839.895264,1839.895264,1839.895264,0,0,1,0,7.87E-09,31757553.47
15356475.39,4947890.548,15359475.39,4947890.548,15359475.39,4944890.548,15356475.39,4944890.548,63515106.93,0,0,0,0,0,0,0,0,0,0,,0,,0,0,0,0,0,0,0,0,0,0,0,0,0,0
15356475.39,4944890.548,15359475.39,4944890.548,15359475.39,4941890.548,15356475.39,4941890.548,63515106.93,0,0,0,0,0,0,0,0,0,0,,0,,0,0,0,0,0,0,0,0,0,0,0,0,0,0
15359475.39,5121890.548,15362475.39,5121890.548,15362475.39,5118890.548,15359475.39,5118890.548,63515106.93,0,0,0,0,0,0,0,0,0,0,,0,,0,0,0,0,0,0,0,0,0,0,0,0,0,0
15359475.39,5118890.548,15362475.39,5118890.548,15362475.39,5115890.548,15359475.39,5115890.548,63515106.93,0,0,0,0,0,0,0,0,0,0,,0,,0,0,0,0,0,0,0,0,0,0,0,0,0,0
15359475.39,5115890.548,15362475.39,5115890.548,15362475.39,5112890.548,15359475.39,5112890.548,63515106.93,0,0,0,0,0,0,0,0,0,0,,0,,0,0,0,0,0,0,0,0,0,0,0,0,0,0
15359475.39,5112890.548,15362475.39,5112890.548,15362475.39,5109890.548,15359475.39,5109890.548,63515106.93,0,0,0,0,0,0,0,0,0,0,,0,,0,0,0,0,0,0,0,0,0,0,0,0,0,0
15359475.39,5109890.548,15362475.39,5109890.548,15362475.39,5106890.548,15359475.39,5106890.548,63515106.93,0,0,0,0,0,0,0,0,0,0,,0,,0,0,0,0,0,0,0,0,0,0,0,0,0,0
15359475.39,5106890.548,15362475.39,5106890.548,15362475.39,5103890.548,15359475.39,5103890.548,63515106.93,0,0,0,0,0,0,0,0,0,0,,0,,0,0,0,0,0,0,0,0,0,0,0,0,0,0
15359475.39,5103890.548,15362475.39,5103890.548,15362475.39,5100890.548,15359475.39,5100890.548,63515106.93,0,0,0,0,0,0,0,0,0,0,,0,,0,0,0,0,0,0,0,0,0,0,0,0,0,0
15359475.39,5100890.548,15362475.39,5100890.548,15362475.39,5097890.548,15359475.39,5097890.548,63515106.93,0,0,0,0,0,0,0,0,0,0,,0,,0,0,0,0,0,0,0,0,0,0,0,0,0,0
15359475.39,5097890.548,15362475.39,5097890.548,15362475.39,5094890.548,15359475.39,5094890.548,63515106.93,0,0,0,0,0,0,0,0,0,0,,0,,0,0,0,0,0,0,0,0,0,0,0,0,0,0
15359475.39,5094890.548,15362475.39,5094890.548,15362475.39,5091890.548,15359475.39,5091890.548,63515106.93,0,0,0,0,0,0,0,0,0,0,,0,,0,0,0,0,0,0,0,0,0,0,0,0,0,0
15359475.39,5091890.548,15362475.39,5091890.548,15362475.39,5088890.548,15359475.39,5088890.548,63515106.93,0,0,0,0,0,0,0,0,0,0,,0,,0,0,0,0,0,0,0,0,0,0,0,0,0,0
15359475.39,5088890.548,15362475.39,5088890.548,15362475.39,5085890.548,15359475.39,5085890.548,63515106.93,0,0,0,0,0,0,0,0,0,0,,0,,0,0,0,0,0,0,0,0,0,0,0,0,0,0
15359475.39,5085890.548,15362475.39,5085890.548,15362475.39,5082890.548,15359475.39,5082890.548,63515106.93,0,0,0,0,0,0,0,0,0,0,,0,,0,0,0,0,0,0,0,0,0,0,0,0,0,0
15359475.39,5082890.548,15362475.39,5082890.548,15362475.39,5079890.548,15359475.39,5079890.548,63515106.93,0,0,0,0,0,0,0,0,0,0,,0,,0,0,0,0,0,0,0,0,0,0,0,0,0,0
15359475.39,5079890.548,15362475.39,5079890.548,15362475.39,5076890.548,15359475.39,5076890.548,63515106.93,0,0,0,0,0,0,0,0,0,0,,0,,0,0,0,0,0,0,0,0,0,0,0,0,0,0
15359475.39,5076890.548,15362475.39,5076890.548,15362475.39,5073890.548,15359475.39,5073890.548,63515106.93,0,0,0,0,0,0,0,0,0,0,,0,,0,0,0,0,0,0,0,0,0,0,0,0,0,0
15359475.39,5073890.548,15362475.39,5073890.548,15362475.39,5070890.548,15359475.39,5070890.548,63515106.93,0,0,0,0,0,0,0,0,0,0,,0,,0,0,0,0,0,0,0,0,0,0,0,0,0,0
15359475.39,5070890.548,15362475.39,5070890.548,15362475.39,5067890.548,15359475.39,5067890.548,63515106.93,0,0,0,0,0,0,0,0,0,0,,0,,0,0,0,0,0,0,0,0,0,0,0,0,0,0
15359475.39,5067890.548,15362475.39,5067890.548,15362475.39,5064890.548,15359475.39,5064890.548,63515106.93,0,0,0,0,0,0,0,0,0,0,,0,,0,0,0,0,0,0,0,0,0,0,0,0,0,0
15359475.39,5064890.548,15362475.39,5064890.548,15362475.39,5061890.548,15359475.39,5061890.548,63515106.93,0,0,0,8225.828625,8225.828625,0,0,0,0,1.065325398,,0.00012951,,0.00012951,0,1,0,1,8225.828625,8225.828625,8225.828625,0,0,0,0,0,0
15359475.39,5061890.548,15362475.39,5061890.548,15362475.39,5058890.548,15359475.39,5058890.548,63515106.93,0,0,0,8769.919027,8769.919027,0,0,0,0,1.210916323,,0.000138076,,0.000138076,0,1,0,1,8769.919027,8769.919027,8769.919027,0,0,0,0,0,0
15359475.39,5058890.548,15362475.39,5058890.548,15362475.39,5055890.548,15359475.39,5055890.548,63515106.93,0,0,0,4457.843814,4457.843814,0,0,0,0,0.312876297,,7.02E-05,,7.02E-05,0,1,0,1,4457.843814,4457.843814,4457.843814,0,0,0,0,0,0
15359475.39,5055890.548,15362475.39,5055890.548,15362475.39,5052890.548,15359475.39,5052890.548,63515106.93,0,0,0,0,0,0,0,0,0,0,,0,,0,0,0,0,0,0,0,0,0,0,0,0,0,0
15359475.39,5052890.548,15362475.39,5052890.548,15362475.39,5049890.548,15359475.39,5049890.548,63515106.93,0,0,0,4746.750482,4746.750482,0,0,0,0,0.354744583,,7.47E-05,,7.47E-05,0,1,0,1,4746.750482,4746.750482,4746.750482,0,0,0,0,0,0
15359475.39,5049890.548,15362475.39,5049890.548,15362475.39,5046890.548,15359475.39,5046890.548,63515106.93,0,0,0,8866.193749,8866.193749,0,0,0,0,1.237648733,,0.000139592,,0.000139592,0,1,0,1,8866.193749,8866.193749,8866.193749,0,0,0,0,0,0
15359475.39,5046890.548,15362475.39,5046890.548,15362475.39,5043890.548,15359475.39,5043890.548,63515106.93,0,0,0,8095.092122,8095.092122,0,0,0,0,1.031731184,,0.000127451,,0.000127451,0,1,0,1,8095.092122,8095.092122,8095.092122,0,0,0,0,0,0
15359475.39,5043890.548,15362475.39,5043890.548,15362475.39,5040890.548,15359475.39,5040890.548,63515106.93,0,0,0,0,0,0,0,0,0,0,,0,,0,0,0,0,0,0,0,0,0,0,0,0,0,0
15359475.39,5040890.548,15362475.39,5040890.548,15362475.39,5037890.548,15359475.39,5037890.548,63515106.93,1.57E-08,1.57E-08,8272.429089,2968.233001,5304.196071,0,0,0,1.077430022,0.538715011,,0.000130243,,0.000130243,1,2,1,2,4136.214544,2968.233001,5304.196088,0,0,1,0,1.57E-08,63515106.93
15359475.39,5037890.548,15362475.39,5037890.548,15362475.39,5034890.548,15359475.39,5034890.548,63515106.93,1.57E-08,1.57E-08,9357.428642,3461.44636,5895.982288,0,0,0,1.378592826,0.689296413,,0.000147326,,0.000147326,1,2,1,2,4678.714321,3461.44636,5895.982281,0,0,1,0,1.57E-08,63515106.93
15359475.39,5034890.548,15362475.39,5034890.548,15362475.39,5031890.548,15359475.39,5031890.548,63515106.93,2.36E-08,2.36E-08,4604.109269,686.4734242,4120.511643,0,0,0,0.500616858,0.250308429,,0.000108733,,0.000108733,1.5,3,1.5,3,2302.054635,686.4734242,4120.511643,0,0,1,0,2.36E-08,95272660.4
15359475.39,5031890.548,15362475.39,5031890.548,15362475.39,5028890.548,15359475.39,5028890.548,63515106.93,7.87E-09,7.87E-09,5688.761273,2844.380637,2844.380637,0,0,0,0.254758327,0.127379164,,4.48E-05,,4.48E-05,0.5,1,0.5,1,2844.380637,2844.380637,2844.380637,0,0,1,0,7.87E-09,31757553.47
15359475.39,5028890.548,15362475.39,5028890.548,15362475.39,5025890.548,15359475.39,5025890.548,63515106.93,7.87E-09,7.87E-09,473.7394295,236.8697148,236.8697148,0,0,0,0.001766738,0.000883369,,3.73E-06,,3.73E-06,0.5,1,0.5,1,236.8697148,236.8697148,236.8697148,0,0,1,0,7.87E-09,31757553.47
15359475.39,5025890.548,15362475.39,5025890.548,15362475.39,5022890.548,15359475.39,5022890.548,63515106.93,0,0,0,1935.80426,1935.80426,0,0,0,0,0.058999163,,3.05E-05,,3.05E-05,0,1,0,1,1935.80426,1935.80426,1935.80426,0,0,0,0,0,0
15359475.39,5022890.548,15362475.39,5022890.548,15362475.39,5019890.548,15359475.39,5019890.548,63515106.93,0,0,0,8495.172003,8495.172003,0,0,0,0,1.136232793,,0.00013375,,0.00013375,0,1,0,1,8495.172003,8495.172003,8495.172003,0,0,0,0,0,0
15359475.39,5019890.548,15362475.39,5019890.548,15362475.39,5016890.548,15359475.39,5016890.548,63515106.93,0,0,0,8500.391413,8500.391413,0,0,0,0,1.137629419,,0.000133833,,0.000133833,0,1,0,1,8500.391413,8500.391413,8500.391413,0,0,0,0,0,0
15359475.39,5016890.548,15362475.39,5016890.548,15362475.39,5013890.548,15359475.39,5013890.548,63515106.93,0,0,0,1841.227204,7740.891283,0,0,0,0,0.722796506,,0.000150864,,0.000150864,0,2,0,2,4791.059243,1841.227204,7740.891283,0,0,0,0,0,0
15359475.39,5013890.548,15362475.39,5013890.548,15362475.39,5010890.548,15359475.39,5010890.548,63515106.93,0,0,0,8880.904032,8880.904032,0,0,0,0,1.241759012,,0.000139823,,0.000139823,0,1,0,1,8880.904032,8880.904032,8880.904032,0,0,0,0,0,0
15359475.39,5010890.548,15362475.39,5010890.548,15362475.39,5007890.548,15359475.39,5007890.548,63515106.93,0,0,0,5148.944916,7755.369488,0,0,0,0,1.310879712,,0.000203169,,0.000203169,0,2,0,2,6452.157202,5148.944916,7755.369488,0,0,0,0,0,0
15359475.39,5007890.548,15362475.39,5007890.548,15362475.39,5004890.548,15359475.39,5004890.548,63515106.93,0,0,0,6881.342572,8889.261574,0,0,0,0,1.957896059,,0.000248297,,0.000248297,0,2,0,2,7885.302073,6881.342572,8889.261574,0,0,0,0,0,0
15359475.39,5004890.548,15362475.39,5004890.548,15362475.39,5001890.548,15359475.39,5001890.548,63515106.93,0,0,0,2661.840555,8991.940611,0,0,0,0,1.520880829,,0.000268022,,0.000268022,0,3,0,3,5674.472325,2661.840555,8991.940611,0,0,0,0,0,0
15359475.39,5001890.548,15362475.39,5001890.548,15362475.39,4998890.548,15359475.39,4998890.548,63515106.93,0,0,0,6579.547397,8628.258521,0,0,0,0,1.820648441,,0.000239436,,0.000239436,0,2,0,2,7603.902959,6579.547397,8628.258521,0,0,0,0,0,0
15359475.39,4998890.548,15362475.39,4998890.548,15362475.39,4995890.548,15359475.39,4995890.548,63515106.93,0,0,0,8316.826161,8316.826161,0,0,0,0,1.089025914,,0.000130942,,0.000130942,0,1,0,1,8316.826161,8316.826161,8316.826161,0,0,0,0,0,0
15359475.39,4995890.548,15362475.39,4995890.548,15362475.39,4992890.548,15359475.39,4992890.548,63515106.93,0,0,0,0,0,0,0,0,0,0,,0,,0,0,0,0,0,0,0,0,0,0,0,0,0,0
15359475.39,4992890.548,15362475.39,4992890.548,15362475.39,4989890.548,15359475.39,4989890.548,63515106.93,0,0,0,0,0,0,0,0,0,0,,0,,0,0,0,0,0,0,0,0,0,0,0,0,0,0
15359475.39,4989890.548,15362475.39,4989890.548,15362475.39,4986890.548,15359475.39,4986890.548,63515106.93,0,0,0,0,0,0,0,0,0,0,,0,,0,0,0,0,0,0,0,0,0,0,0,0,0,0
15359475.39,4986890.548,15362475.39,4986890.548,15362475.39,4983890.548,15359475.39,4983890.548,63515106.93,0,0,0,7789.558797,7789.558797,0,0,0,0,0.955319595,,0.000122641,,0.000122641,0,1,0,1,7789.558797,7789.558797,7789.558797,0,0,0,0,0,0
15359475.39,4983890.548,15362475.39,4983890.548,15362475.39,4980890.548,15359475.39,4980890.548,63515106.93,0,0,0,8897.592631,8897.592631,0,0,0,0,1.246430313,,0.000140086,,0.000140086,0,1,0,1,8897.592631,8897.592631,8897.592631,0,0,0,0,0,0
15359475.39,4980890.548,15362475.39,4980890.548,15362475.39,4977890.548,15359475.39,4977890.548,63515106.93,0,0,0,5601.745729,5601.745729,0,0,0,0,0.494048687,,8.82E-05,,8.82E-05,0,1,0,1,5601.745729,5601.745729,5601.745729,0,0,0,0,0,0
15359475.39,4977890.548,15362475.39,4977890.548,15362475.39,4974890.548,15359475.39,4974890.548,63515106.93,7.87E-09,7.87E-09,8032.652087,4016.326043,4016.326043,0,0,0,0.507938211,0.253969105,,6.32E-05,,6.32E-05,0.5,1,0.5,1,4016.326043,4016.326043,4016.326043,0,0,1,0,7.87E-09,31757553.47
15359475.39,4974890.548,15362475.39,4974890.548,15362475.39,4971890.548,15359475.39,4971890.548,63515106.93,7.87E-09,7.87E-09,9516.248107,4758.124054,4758.124054,0,0,0,0.712893219,0.356446609,,7.49E-05,,7.49E-05,0.5,1,0.5,1,4758.124054,4758.124054,4758.124054,0,0,1,0,7.87E-09,31757553.47
15359475.39,4971890.548,15362475.39,4971890.548,15362475.39,4968890.548,15359475.39,4968890.548,63515106.93,7.87E-09,7.87E-09,6644.143693,3322.071847,3322.071847,0,0,0,0.347512958,0.173756479,,5.23E-05,,5.23E-05,0.5,1,0.5,1,3322.071847,3322.071847,3322.071847,0,0,1,0,7.87E-09,31757553.47
15359475.39,4968890.548,15362475.39,4968890.548,15362475.39,4965890.548,15359475.39,4965890.548,63515106.93,0,0,0,0,0,0,0,0,0,0,,0,,0,0,0,0,0,0,0,0,0,0,0,0,0,0
15359475.39,4965890.548,15362475.39,4965890.548,15362475.39,4962890.548,15359475.39,4962890.548,63515106.93,0,0,0,0,0,0,0,0,0,0,,0,,0,0,0,0,0,0,0,0,0,0,0,0,0,0
15359475.39,4962890.548,15362475.39,4962890.548,15362475.39,4959890.548,15359475.39,4959890.548,63515106.93,0,0,0,0,0,0,0,0,0,0,,0,,0,0,0,0,0,0,0,0,0,0,0,0,0,0
15359475.39,4959890.548,15362475.39,4959890.548,15362475.39,4956890.548,15359475.39,4956890.548,63515106.93,0,0,0,0,0,0,0,0,0,0,,0,,0,0,0,0,0,0,0,0,0,0,0,0,0,0
15359475.39,4956890.548,15362475.39,4956890.548,15362475.39,4953890.548,15359475.39,4953890.548,63515106.93,0,0,0,0,0,0,0,0,0,0,,0,,0,0,0,0,0,0,0,0,0,0,0,0,0,0
15359475.39,4953890.548,15362475.39,4953890.548,15362475.39,4950890.548,15359475.39,4950890.548,63515106.93,7.87E-09,7.87E-09,1688.001732,844.0008661,844.0008661,0,0,0,0.022430489,0.011215245,,1.33E-05,,1.33E-05,0.5,1,0.5,1,844.0008661,844.0008661,844.0008661,0,0,1,0,7.87E-09,31757553.47
15359475.39,4950890.548,15362475.39,4950890.548,15362475.39,4947890.548,15359475.39,4947890.548,63515106.93,0,0,0,0,0,0,0,0,0,0,,0,,0,0,0,0,0,0,0,0,0,0,0,0,0,0
15359475.39,4947890.548,15362475.39,4947890.548,15362475.39,4944890.548,15359475.39,4944890.548,63515106.93,0,0,0,0,0,0,0,0,0,0,,0,,0,0,0,0,0,0,0,0,0,0,0,0,0,0
15359475.39,4944890.548,15362475.39,4944890.548,15362475.39,4941890.548,15359475.39,4941890.548,63515106.93,0,0,0,0,0,0,0,0,0,0,,0,,0,0,0,0,0,0,0,0,0,0,0,0,0,0
15362475.39,5121890.548,15365475.39,5121890.548,15365475.39,5118890.548,15362475.39,5118890.548,63515106.93,0,0,0,0,0,0,0,0,0,0,,0,,0,0,0,0,0,0,0,0,0,0,0,0,0,0
15362475.39,5118890.548,15365475.39,5118890.548,15365475.39,5115890.548,15362475.39,5115890.548,63515106.93,0,0,0,0,0,0,0,0,0,0,,0,,0,0,0,0,0,0,0,0,0,0,0,0,0,0
15362475.39,5115890.548,15365475.39,5115890.548,15365475.39,5112890.548,15362475.39,5112890.548,63515106.93,0,0,0,0,0,0,0,0,0,0,,0,,0,0,0,0,0,0,0,0,0,0,0,0,0,0
15362475.39,5112890.548,15365475.39,5112890.548,15365475.39,5109890.548,15362475.39,5109890.548,63515106.93,0,0,0,0,0,0,0,0,0,0,,0,,0,0,0,0,0,0,0,0,0,0,0,0,0,0
15362475.39,5109890.548,15365475.39,5109890.548,15365475.39,5106890.548,15362475.39,5106890.548,63515106.93,0,0,0,0,0,0,0,0,0,0,,0,,0,0,0,0,0,0,0,0,0,0,0,0,0,0
15362475.39,5106890.548,15365475.39,5106890.548,15365475.39,5103890.548,15362475.39,5103890.548,63515106.93,0,0,0,0,0,0,0,0,0,0,,0,,0,0,0,0,0,0,0,0,0,0,0,0,0,0
15362475.39,5103890.548,15365475.39,5103890.548,15365475.39,5100890.548,15362475.39,5100890.548,63515106.93,0,0,0,0,0,0,0,0,0,0,,0,,0,0,0,0,0,0,0,0,0,0,0,0,0,0
15362475.39,5100890.548,15365475.39,5100890.548,15365475.39,5097890.548,15362475.39,5097890.548,63515106.93,0,0,0,0,0,0,0,0,0,0,,0,,0,0,0,0,0,0,0,0,0,0,0,0,0,0
15362475.39,5097890.548,15365475.39,5097890.548,15365475.39,5094890.548,15362475.39,5094890.548,63515106.93,0,0,0,0,0,0,0,0,0,0,,0,,0,0,0,0,0,0,0,0,0,0,0,0,0,0
15362475.39,5094890.548,15365475.39,5094890.548,15365475.39,5091890.548,15362475.39,5091890.548,63515106.93,0,0,0,0,0,0,0,0,0,0,,0,,0,0,0,0,0,0,0,0,0,0,0,0,0,0
15362475.39,5091890.548,15365475.39,5091890.548,15365475.39,5088890.548,15362475.39,5088890.548,63515106.93,0,0,0,0,0,0,0,0,0,0,,0,,0,0,0,0,0,0,0,0,0,0,0,0,0,0
15362475.39,5088890.548,15365475.39,5088890.548,15365475.39,5085890.548,15362475.39,5085890.548,63515106.93,0,0,0,0,0,0,0,0,0,0,,0,,0,0,0,0,0,0,0,0,0,0,0,0,0,0
15362475.39,5085890.548,15365475.39,5085890.548,15365475.39,5082890.548,15362475.39,5082890.548,63515106.93,0,0,0,0,0,0,0,0,0,0,,0,,0,0,0,0,0,0,0,0,0,0,0,0,0,0
15362475.39,5082890.548,15365475.39,5082890.548,15365475.39,5079890.548,15362475.39,5079890.548,63515106.93,0,0,0,0,0,0,0,0,0,0,,0,,0,0,0,0,0,0,0,0,0,0,0,0,0,0
15362475.39,5079890.548,15365475.39,5079890.548,15365475.39,5076890.548,15362475.39,5076890.548,63515106.93,0,0,0,0,0,0,0,0,0,0,,0,,0,0,0,0,0,0,0,0,0,0,0,0,0,0
15362475.39,5076890.548,15365475.39,5076890.548,15365475.39,5073890.548,15362475.39,5073890.548,63515106.93,0,0,0,0,0,0,0,0,0,0,,0,,0,0,0,0,0,0,0,0,0,0,0,0,0,0
15362475.39,5073890.548,15365475.39,5073890.548,15365475.39,5070890.548,15362475.39,5070890.548,63515106.93,0,0,0,0,0,0,0,0,0,0,,0,,0,0,0,0,0,0,0,0,0,0,0,0,0,0
15362475.39,5070890.548,15365475.39,5070890.548,15365475.39,5067890.548,15362475.39,5067890.548,63515106.93,0,0,0,0,0,0,0,0,0,0,,0,,0,0,0,0,0,0,0,0,0,0,0,0,0,0
15362475.39,5067890.548,15365475.39,5067890.548,15365475.39,5064890.548,15362475.39,5064890.548,63515106.93,0,0,0,0,0,0,0,0,0,0,,0,,0,0,0,0,0,0,0,0,0,0,0,0,0,0
15362475.39,5064890.548,15365475.39,5064890.548,15365475.39,5061890.548,15362475.39,5061890.548,63515106.93,0,0,0,7033.334765,7033.334765,0,0,0,0,0.778835151,,0.000110735,,0.000110735,0,1,0,1,7033.334765,7033.334765,7033.334765,0,0,0,0,0,0
15362475.39,5061890.548,15365475.39,5061890.548,15365475.39,5058890.548,15362475.39,5058890.548,63515106.93,5.51E-08,2.36E-08,3806.882673,125.7538661,7690.465804,1.142857143,1.333333333,1.57E-08,0.798601268,0.559020887,,0.000209778,,0.000209778,3.5,6,1.5,5,2664.817871,125.7538661,7690.465804,0.285714286,0.666666667,5,1.57E-08,4.000000024,95272660.4
15362475.39,5058890.548,15365475.39,5058890.548,15365475.39,5055890.548,15362475.39,5055890.548,63515106.93,5.51E-08,2.36E-08,4000.036527,883.4423538,5610.130647,1.142857143,1.333333333,1.57E-08,0.881696111,0.617187278,,0.000220422,,0.000220422,3.5,6,1.5,5,2800.025569,1794.410999,5610.130647,0.285714286,0.666666667,5,1.57E-08,4.000000024,95272660.4
15362475.39,5055890.548,15365475.39,5055890.548,15365475.39,5052890.548,15362475.39,5052890.548,63515106.93,7.87E-09,7.87E-09,5329.538211,2664.769106,2664.769106,0,0,0,0.223600171,0.111800086,,4.20E-05,,4.20E-05,0.5,1,0.5,1,2664.769106,2664.769106,2664.769106,0,0,1,0,7.87E-09,31757553.47
15362475.39,5052890.548,15365475.39,5052890.548,15365475.39,5049890.548,15362475.39,5049890.548,63515106.93,0,0,0,0,0,0,0,0,0,0,,0,,0,0,0,0,0,0,0,0,0,0,0,0,0,0
15362475.39,5049890.548,15365475.39,5049890.548,15365475.39,5046890.548,15362475.39,5046890.548,63515106.93,7.87E-09,7.87E-09,19257.29719,1245.561866,8383.086727,0,0,0,2.919332997,0.729833249,,0.000151596,,0.000151596,0.5,2,0.5,2,4814.324297,1245.561866,8383.086727,0,0,1,0,7.87E-09,31757553.47
15362475.39,5046890.548,15365475.39,5046890.548,15365475.39,5043890.548,15362475.39,5043890.548,63515106.93,7.87E-09,7.87E-09,19939.45692,1320.669363,8649.059098,0,0,0,3.129821877,0.782455469,,0.000156966,,0.000156966,0.5,2,0.5,2,4984.86423,1320.669363,8649.059098,0,0,1,0,7.87E-09,31757553.47
15362475.39,5043890.548,15365475.39,5043890.548,15365475.39,5040890.548,15362475.39,5040890.548,63515106.93,0,0,0,4089.17587,4089.17587,0,0,0,0,0.263265861,,6.44E-05,,6.44E-05,0,1,0,1,4089.17587,4089.17587,4089.17587,0,0,0,0,0,0
15362475.39,5040890.548,15365475.39,5040890.548,15365475.39,5037890.548,15362475.39,5037890.548,63515106.93,1.57E-08,1.57E-08,2158.947205,134.5978567,2024.349348,0,0,0,0.073384951,0.036692476,,3.40E-05,,3.40E-05,1,2,1,2,1079.473603,134.5978567,2024.349348,0,0,1,0,1.57E-08,63515106.93
15362475.39,5037890.548,15365475.39,5037890.548,15365475.39,5034890.548,15362475.39,5034890.548,63515106.93,1.57E-08,1.57E-08,3237.446254,321.7331454,2915.713108,0,0,0,0.165016777,0.082508389,,5.10E-05,,5.10E-05,1,2,1,2,1618.723127,321.7331454,2915.713108,0,0,1,0,1.57E-08,63515106.93
15362475.39,5034890.548,15365475.39,5034890.548,15365475.39,5031890.548,15362475.39,5031890.548,63515106.93,1.57E-08,1.57E-08,6194.551742,1550.427062,4644.12468,0,0,0,0.604147157,0.302073579,,9.75E-05,,9.75E-05,1,2,1,2,3097.275871,1550.427062,4644.12468,0,0,1,0,1.57E-08,63515106.93
15362475.39,5031890.548,15365475.39,5031890.548,15365475.39,5028890.548,15362475.39,5028890.548,63515106.93,7.87E-09,7.87E-09,11891.06349,5945.531746,5945.531746,0,0,0,1.113100472,0.556550236,,9.36E-05,,9.36E-05,0.5,1,0.5,1,5945.531746,5945.531746,5945.531746,0,0,1,0,7.87E-09,31757553.47
15362475.39,5028890.548,15365475.39,5028890.548,15365475.39,5025890.548,15362475.39,5025890.548,63515106.93,7.87E-09,7.87E-09,9968.886363,4984.443182,4984.443182,0,0,0,0.782323294,0.391161647,,7.85E-05,,7.85E-05,0.5,1,0.5,1,4984.443182,4984.443182,4984.443182,0,0,1,0,7.87E-09,31757553.47
15362475.39,5025890.548,15365475.39,5025890.548,15365475.39,5022890.548,15362475.39,5022890.548,63515106.93,0,0,0,0,0,0,0,0,0,0,,0,,0,0,0,0,0,0,0,0,0,0,0,0,0,0
15362475.39,5022890.548,15365475.39,5022890.548,15365475.39,5019890.548,15362475.39,5019890.548,63515106.93,0,0,0,7967.626293,7967.626293,0,0,0,0,0.999495582,,0.000125445,,0.000125445,0,1,0,1,7967.626293,7967.626293,7967.626293,0,0,0,0,0,0
15362475.39,5019890.548,15365475.39,5019890.548,15365475.39,5016890.548,15362475.39,5016890.548,63515106.93,7.87E-09,7.87E-09,16457.44302,8228.721509,8228.721509,0,0,0,2.132149687,1.066074843,,0.000129555,,0.000129555,0.5,1,0.5,1,8228.721509,8228.721509,8228.721509,0,0,1,0,7.87E-09,31757553.47
15362475.39,5016890.548,15365475.39,5016890.548,15365475.39,5013890.548,15362475.39,5013890.548,63515106.93,0,0,0,4902.585958,7375.879284,0,0,0,0,1.186809847,,0.000193316,,0.000193316,0,2,0,2,6139.232621,4902.585958,7375.879284,0,0,0,0,0,0
15362475.39,5013890.548,15365475.39,5013890.548,15365475.39,5010890.548,15362475.39,5010890.548,63515106.93,0,0,0,8960.5912,8960.5912,0,0,0,0,1.264143265,,0.000141078,,0.000141078,0,1,0,1,8960.5912,8960.5912,8960.5912,0,0,0,0,0,0
15362475.39,5010890.548,15365475.39,5010890.548,15365475.39,5007890.548,15362475.39,5007890.548,63515106.93,0,0,0,5866.966987,7124.264056,0,0,0,0,1.328597968,,0.000204538,,0.000204538,0,2,0,2,6495.615521,5866.966987,7124.264056,0,0,0,0,0,0
15362475.39,5007890.548,15365475.39,5007890.548,15365475.39,5004890.548,15362475.39,5004890.548,63515106.93,0,0,0,6236.728174,8983.726689,0,0,0,0,1.823678314,,0.000239635,,0.000239635,0,2,0,2,7610.227432,6236.728174,8983.726689,0,0,0,0,0,0
15362475.39,5004890.548,15365475.39,5004890.548,15365475.39,5001890.548,15362475.39,5001890.548,63515106.93,0,0,0,6357.640421,8973.867226,0,0,0,0,1.850387554,,0.000241384,,0.000241384,0,2,0,2,7665.753824,6357.640421,8973.867226,0,0,0,0,0,0
15362475.39,5001890.548,15365475.39,5001890.548,15365475.39,4998890.548,15362475.39,4998890.548,63515106.93,0,0,0,7169.243298,8411.762929,0,0,0,0,1.911102467,,0.000245312,,0.000245312,0,2,0,2,7790.503113,7169.243298,8411.762929,0,0,0,0,0,0
15362475.39,4998890.548,15365475.39,4998890.548,15365475.39,4995890.548,15362475.39,4995890.548,63515106.93,0,0,0,8556.18075,8556.18075,0,0,0,0,1.152611285,,0.000134711,,0.000134711,0,1,0,1,8556.18075,8556.18075,8556.18075,0,0,0,0,0,0
15362475.39,4995890.548,15365475.39,4995890.548,15365475.39,4992890.548,15362475.39,4992890.548,63515106.93,0,0,0,644.328878,644.328878,0,0,0,0,0.006536393,,1.01E-05,,1.01E-05,0,1,0,1,644.328878,644.328878,644.328878,0,0,0,0,0,0
15362475.39,4992890.548,15365475.39,4992890.548,15365475.39,4989890.548,15362475.39,4989890.548,63515106.93,0,0,0,0,0,0,0,0,0,0,,0,,0,0,0,0,0,0,0,0,0,0,0,0,0,0
15362475.39,4989890.548,15365475.39,4989890.548,15365475.39,4986890.548,15362475.39,4986890.548,63515106.93,0,0,0,0,0,0,0,0,0,0,,0,,0,0,0,0,0,0,0,0,0,0,0,0,0,0
15362475.39,4986890.548,15365475.39,4986890.548,15365475.39,4983890.548,15362475.39,4983890.548,63515106.93,0,0,0,6589.707499,6589.707499,0,0,0,0,0.683683725,,0.00010375,,0.00010375,0,1,0,1,6589.707499,6589.707499,6589.707499,0,0,0,0,0,0
15362475.39,4983890.548,15365475.39,4983890.548,15365475.39,4980890.548,15362475.39,4980890.548,63515106.93,0,0,0,8991.090996,8991.090996,0,0,0,0,1.272763618,,0.000141558,,0.000141558,0,1,0,1,8991.090996,8991.090996,8991.090996,0,0,0,0,0,0
15362475.39,4980890.548,15365475.39,4980890.548,15365475.39,4977890.548,15362475.39,4977890.548,63515106.93,0,0,0,7155.56713,7155.56713,0,0,0,0,0.806141144,,0.000112659,,0.000112659,0,1,0,1,7155.56713,7155.56713,7155.56713,0,0,0,0,0,0
15362475.39,4977890.548,15365475.39,4977890.548,15365475.39,4974890.548,15362475.39,4974890.548,63515106.93,0,0,0,0,0,0,0,0,0,0,,0,,0,0,0,0,0,0,0,0,0,0,0,0,0,0
15362475.39,4974890.548,15365475.39,4974890.548,15365475.39,4971890.548,15362475.39,4971890.548,63515106.93,7.87E-09,7.87E-09,3386.326101,1693.16305,1693.16305,0,0,0,0.090271473,0.045135736,,2.67E-05,,2.67E-05,0.5,1,0.5,1,1693.16305,1693.16305,1693.16305,0,0,1,0,7.87E-09,31757553.47
15362475.39,4971890.548,15365475.39,4971890.548,15365475.39,4968890.548,15362475.39,4968890.548,63515106.93,7.87E-09,7.87E-09,1629.209722,814.6048608,814.6048608,0,0,0,0.02089522,0.01044761,,1.28E-05,,1.28E-05,0.5,1,0.5,1,814.6048608,814.6048608,814.6048608,0,0,1,0,7.87E-09,31757553.47
15362475.39,4968890.548,15365475.39,4968890.548,15365475.39,4965890.548,15362475.39,4965890.548,63515106.93,0,0,0,0,0,0,0,0,0,0,,0,,0,0,0,0,0,0,0,0,0,0,0,0,0,0
15362475.39,4965890.548,15365475.39,4965890.548,15365475.39,4962890.548,15362475.39,4962890.548,63515106.93,0,0,0,0,0,0,0,0,0,0,,0,,0,0,0,0,0,0,0,0,0,0,0,0,0,0
15362475.39,4962890.548,15365475.39,4962890.548,15365475.39,4959890.548,15362475.39,4959890.548,63515106.93,0,0,0,0,0,0,0,0,0,0,,0,,0,0,0,0,0,0,0,0,0,0,0,0,0,0
15362475.39,4959890.548,15365475.39,4959890.548,15365475.39,4956890.548,15362475.39,4956890.548,63515106.93,0,0,0,0,0,0,0,0,0,0,,0,,0,0,0,0,0,0,0,0,0,0,0,0,0,0
15362475.39,4956890.548,15365475.39,4956890.548,15365475.39,4953890.548,15362475.39,4953890.548,63515106.93,0,0,0,0,0,0,0,0,0,0,,0,,0,0,0,0,0,0,0,0,0,0,0,0,0,0
15362475.39,4953890.548,15365475.39,4953890.548,15365475.39,4950890.548,15362475.39,4950890.548,63515106.93,0,0,0,0,0,0,0,0,0,0,,0,,0,0,0,0,0,0,0,0,0,0,0,0,0,0
15362475.39,4950890.548,15365475.39,4950890.548,15365475.39,4947890.548,15362475.39,4947890.548,63515106.93,0,0,0,0,0,0,0,0,0,0,,0,,0,0,0,0,0,0,0,0,0,0,0,0,0,0
15362475.39,4947890.548,15365475.39,4947890.548,15365475.39,4944890.548,15362475.39,4944890.548,63515106.93,0,0,0,0,0,0,0,0,0,0,,0,,0,0,0,0,0,0,0,0,0,0,0,0,0,0
15362475.39,4944890.548,15365475.39,4944890.548,15365475.39,4941890.548,15362475.39,4941890.548,63515106.93,0,0,0,0,0,0,0,0,0,0,,0,,0,0,0,0,0,0,0,0,0,0,0,0,0,0
15365475.39,5121890.548,15368475.39,5121890.548,15368475.39,5118890.548,15365475.39,5118890.548,63515106.93,0,0,0,0,0,0,0,0,0,0,,0,,0,0,0,0,0,0,0,0,0,0,0,0,0,0
15365475.39,5118890.548,15368475.39,5118890.548,15368475.39,5115890.548,15365475.39,5115890.548,63515106.93,0,0,0,0,0,0,0,0,0,0,,0,,0,0,0,0,0,0,0,0,0,0,0,0,0,0
15365475.39,5115890.548,15368475.39,5115890.548,15368475.39,5112890.548,15365475.39,5112890.548,63515106.93,0,0,0,0,0,0,0,0,0,0,,0,,0,0,0,0,0,0,0,0,0,0,0,0,0,0
15365475.39,5112890.548,15368475.39,5112890.548,15368475.39,5109890.548,15365475.39,5109890.548,63515106.93,0,0,0,0,0,0,0,0,0,0,,0,,0,0,0,0,0,0,0,0,0,0,0,0,0,0
15365475.39,5109890.548,15368475.39,5109890.548,15368475.39,5106890.548,15365475.39,5106890.548,63515106.93,0,0,0,0,0,0,0,0,0,0,,0,,0,0,0,0,0,0,0,0,0,0,0,0,0,0
15365475.39,5106890.548,15368475.39,5106890.548,15368475.39,5103890.548,15365475.39,5103890.548,63515106.93,0,0,0,0,0,0,0,0,0,0,,0,,0,0,0,0,0,0,0,0,0,0,0,0,0,0
15365475.39,5103890.548,15368475.39,5103890.548,15368475.39,5100890.548,15365475.39,5100890.548,63515106.93,0,0,0,0,0,0,0,0,0,0,,0,,0,0,0,0,0,0,0,0,0,0,0,0,0,0
15365475.39,5100890.548,15368475.39,5100890.548,15368475.39,5097890.548,15365475.39,5097890.548,63515106.93,0,0,0,0,0,0,0,0,0,0,,0,,0,0,0,0,0,0,0,0,0,0,0,0,0,0
15365475.39,5097890.548,15368475.39,5097890.548,15368475.39,5094890.548,15365475.39,5094890.548,63515106.93,0,0,0,0,0,0,0,0,0,0,,0,,0,0,0,0,0,0,0,0,0,0,0,0,0,0
15365475.39,5094890.548,15368475.39,5094890.548,15368475.39,5091890.548,15365475.39,5091890.548,63515106.93,0,0,0,0,0,0,0,0,0,0,,0,,0,0,0,0,0,0,0,0,0,0,0,0,0,0
15365475.39,5091890.548,15368475.39,5091890.548,15368475.39,5088890.548,15365475.39,5088890.548,63515106.93,0,0,0,0,0,0,0,0,0,0,,0,,0,0,0,0,0,0,0,0,0,0,0,0,0,0
15365475.39,5088890.548,15368475.39,5088890.548,15368475.39,5085890.548,15365475.39,5085890.548,63515106.93,0,0,0,0,0,0,0,0,0,0,,0,,0,0,0,0,0,0,0,0,0,0,0,0,0,0
15365475.39,5085890.548,15368475.39,5085890.548,15368475.39,5082890.548,15365475.39,5082890.548,63515106.93,0,0,0,0,0,0,0,0,0,0,,0,,0,0,0,0,0,0,0,0,0,0,0,0,0,0
15365475.39,5082890.548,15368475.39,5082890.548,15368475.39,5079890.548,15365475.39,5079890.548,63515106.93,0,0,0,0,0,0,0,0,0,0,,0,,0,0,0,0,0,0,0,0,0,0,0,0,0,0
15365475.39,5079890.548,15368475.39,5079890.548,15368475.39,5076890.548,15365475.39,5076890.548,63515106.93,0,0,0,0,0,0,0,0,0,0,,0,,0,0,0,0,0,0,0,0,0,0,0,0,0,0
15365475.39,5076890.548,15368475.39,5076890.548,15368475.39,5073890.548,15365475.39,5073890.548,63515106.93,0,0,0,0,0,0,0,0,0,0,,0,,0,0,0,0,0,0,0,0,0,0,0,0,0,0
15365475.39,5073890.548,15368475.39,5073890.548,15368475.39,5070890.548,15365475.39,5070890.548,63515106.93,0,0,0,0,0,0,0,0,0,0,,0,,0,0,0,0,0,0,0,0,0,0,0,0,0,0
15365475.39,5070890.548,15368475.39,5070890.548,15368475.39,5067890.548,15365475.39,5067890.548,63515106.93,0,0,0,0,0,0,0,0,0,0,,0,,0,0,0,0,0,0,0,0,0,0,0,0,0,0
15365475.39,5067890.548,15368475.39,5067890.548,15368475.39,5064890.548,15365475.39,5064890.548,63515106.93,0,0,0,0,0,0,0,0,0,0,,0,,0,0,0,0,0,0,0,0,0,0,0,0,0,0
15365475.39,5064890.548,15368475.39,5064890.548,15368475.39,5061890.548,15365475.39,5061890.548,63515106.93,5.51E-08,2.36E-08,2402.336673,585.4464645,3863.1531,1.142857143,1.333333333,1.57E-08,0.318023163,0.222616214,,0.000132381,,0.000132381,3.5,6,1.5,5,1681.635671,585.4464645,3863.1531,0.285714286,0.666666667,5,1.57E-08,4.000000024,95272660.4
15365475.39,5061890.548,15368475.39,5061890.548,15368475.39,5058890.548,15365475.39,5058890.548,63515106.93,9.45E-08,4.72E-08,3330.902574,424.7287961,4771.879975,1.166666667,1.333333333,3.15E-08,1.048088792,1.048088792,,0.000314656,,0.000314656,6,8,3,6,3330.902574,442.7209373,5145.064543,0.333333333,0.666666667,7.833333333,1.000000016,7.000000039,158787768.3
15365475.39,5058890.548,15368475.39,5058890.548,15368475.39,5055890.548,15365475.39,5055890.548,63515106.93,1.10E-07,6.30E-08,3271.620569,433.9772378,4280.92662,1,1,3.15E-08,1.179632872,1.179632872,,0.000360565,,0.000360565,7,9,4,7,3271.620569,785.5087631,5154.312784,0.285714286,0.5,7.875,1.000000016,7.000000055,222302875.3
15365475.39,5055890.548,15368475.39,5055890.548,15368475.39,5052890.548,15365475.39,5052890.548,63515106.93,3.15E-08,3.15E-08,4428.4551,1251.050548,4280.92662,0,0,0,0.617529137,0.411686091,,0.000139446,,0.000139446,2,3,2,3,2952.3034,1251.050548,4280.92662,0,0,1,0,3.15E-08,127030213.9
15365475.39,5052890.548,15368475.39,5052890.548,15368475.39,5049890.548,15365475.39,5049890.548,63515106.93,2.36E-08,2.36E-08,2916.158437,93.31103582,4280.92662,0,0,0,0.200833639,0.150625229,,6.89E-05,,6.89E-05,1.5,2,1.5,2,2187.118828,93.31103582,4280.92662,0,0,1,0,2.36E-08,95272660.4
15365475.39,5049890.548,15368475.39,5049890.548,15368475.39,5046890.548,15365475.39,5046890.548,63515106.93,7.87E-09,7.87E-09,23830.73497,4147.677004,7767.690576,0,0,0,4.4706209,1.117655225,,0.000187599,,0.000187599,0.5,2,0.5,2,5957.683742,4147.677004,7767.69048,0,0,1,0,7.87E-09,31757553.47
15365475.39,5046890.548,15368475.39,5046890.548,15368475.39,5043890.548,15365475.39,5043890.548,63515106.93,7.87E-09,7.87E-09,26649.84302,4412.170113,8912.751336,0,0,0,5.590907164,1.397726791,,0.000209791,,0.000209791,0.5,2,0.5,2,6662.460754,4412.170113,8912.751396,0,0,1,0,7.87E-09,31757553.47
15365475.39,5043890.548,15368475.39,5043890.548,15368475.39,5040890.548,15365475.39,5040890.548,63515106.93,0,0,0,449.6174562,5543.228879,0,0,0,0,0.28272179,,9.44E-05,,9.44E-05,0,2,0,2,2996.423264,449.6174562,5543.229072,0,0,0,0,0,0
15365475.39,5040890.548,15368475.39,5040890.548,15368475.39,5037890.548,15365475.39,5037890.548,63515106.93,0,0,0,0,0,0,0,0,0,0,,0,,0,0,0,0,0,0,0,0,0,0,0,0,0,0
15365475.39,5037890.548,15368475.39,5037890.548,15368475.39,5034890.548,15365475.39,5034890.548,63515106.93,0,0,0,0,0,0,0,0,0,0,,0,,0,0,0,0,0,0,0,0,0,0,0,0,0,0
15365475.39,5034890.548,15368475.39,5034890.548,15368475.39,5031890.548,15365475.39,5031890.548,63515106.93,0,0,0,6751.918649,6751.918649,0,0,0,0,0.717756887,,0.000106304,,0.000106304,0,1,0,1,6751.918649,6751.918649,6751.918649,0,0,0,0,0,0
15365475.39,5031890.548,15368475.39,5031890.548,15368475.39,5028890.548,15365475.39,5028890.548,63515106.93,7.87E-09,7.87E-09,17789.37941,8894.689703,8894.689703,0,0,0,2.491234251,1.245617125,,0.000140041,,0.000140041,0.5,1,0.5,1,8894.689703,8894.689703,8894.689703,0,0,1,0,7.87E-09,31757553.47
15365475.39,5028890.548,15368475.39,5028890.548,15368475.39,5025890.548,15365475.39,5025890.548,63515106.93,0,0,0,7013.541461,7013.541461,0,0,0,0,0.774457703,,0.000110423,,0.000110423,0,1,0,1,7013.541461,7013.541461,7013.541461,0,0,0,0,0,0
15365475.39,5025890.548,15368475.39,5025890.548,15368475.39,5022890.548,15365475.39,5022890.548,63515106.93,0,0,0,0,0,0,0,0,0,0,,0,,0,0,0,0,0,0,0,0,0,0,0,0,0,0
15365475.39,5022890.548,15368475.39,5022890.548,15368475.39,5019890.548,15365475.39,5019890.548,63515106.93,7.87E-09,7.87E-09,10161.2352,5080.6176,5080.6176,0,0,0,0.812804274,0.406402137,,8.00E-05,,8.00E-05,0.5,1,0.5,1,5080.6176,5080.6176,5080.6176,0,0,1,0,7.87E-09,31757553.47
15365475.39,5019890.548,15368475.39,5019890.548,15368475.39,5016890.548,15365475.39,5016890.548,63515106.93,7.87E-09,7.87E-09,10737.48957,5368.744786,5368.744786,0,0,0,0.907608346,0.453804173,,8.45E-05,,8.45E-05,0.5,1,0.5,1,5368.744786,5368.744786,5368.744786,0,0,1,0,7.87E-09,31757553.47
15365475.39,5016890.548,15368475.39,5016890.548,15368475.39,5013890.548,15365475.39,5013890.548,63515106.93,7.87E-09,7.87E-09,20852.88714,3470.710988,6955.732579,0,0,0,3.423145476,0.855786369,,0.000164157,,0.000164157,0.5,2,0.5,2,5213.221784,3470.710988,6955.732579,0,0,1,0,7.87E-09,31757553.47
15365475.39,5013890.548,15368475.39,5013890.548,15368475.39,5010890.548,15365475.39,5010890.548,63515106.93,0,0,0,8988.351744,8988.351744,0,0,0,0,1.271988208,,0.000141515,,0.000141515,0,1,0,1,8988.351744,8988.351744,8988.351744,0,0,0,0,0,0
15365475.39,5010890.548,15368475.39,5010890.548,15368475.39,5007890.548,15365475.39,5007890.548,63515106.93,0,0,0,6470.706586,6475.998253,0,0,0,0,1.31950629,,0.000203837,,0.000203837,0,2,0,2,6473.352419,6470.706586,6475.998253,0,0,0,0,0,0
15365475.39,5007890.548,15368475.39,5007890.548,15368475.39,5004890.548,15365475.39,5004890.548,63515106.93,0,0,0,5475.411625,8991.192609,0,0,0,0,1.64750284,,0.000227766,,0.000227766,0,2,0,2,7233.302117,5475.411625,8991.192609,0,0,0,0,0,0
15365475.39,5004890.548,15368475.39,5004890.548,15368475.39,5001890.548,15365475.39,5001890.548,63515106.93,0,0,0,6968.968789,8912.229832,0,0,0,0,1.98545261,,0.000250038,,0.000250038,0,2,0,2,7940.599311,6968.968789,8912.229832,0,0,0,0,0,0
15365475.39,5001890.548,15368475.39,5001890.548,15368475.39,4998890.548,15365475.39,4998890.548,63515106.93,0,0,0,7616.659991,8148.204954,0,0,0,0,1.956471293,,0.000248207,,0.000248207,0,2,0,2,7882.432473,7616.659991,8148.204954,0,0,0,0,0,0
15365475.39,4998890.548,15368475.39,4998890.548,15368475.39,4995890.548,15365475.39,4995890.548,63515106.93,0,0,0,8736.645826,8736.645826,0,0,0,0,1.201745285,,0.000137552,,0.000137552,0,1,0,1,8736.645826,8736.645826,8736.645826,0,0,0,0,0,0
15365475.39,4995890.548,15368475.39,4995890.548,15368475.39,4992890.548,15365475.39,4992890.548,63515106.93,0,0,0,3570.175565,3570.175565,0,0,0,0,0.200679085,,5.62E-05,,5.62E-05,0,1,0,1,3570.175565,3570.175565,3570.175565,0,0,0,0,0,0
15365475.39,4992890.548,15368475.39,4992890.548,15368475.39,4989890.548,15365475.39,4989890.548,63515106.93,0,0,0,0,0,0,0,0,0,0,,0,,0,0,0,0,0,0,0,0,0,0,0,0,0,0
15365475.39,4989890.548,15368475.39,4989890.548,15368475.39,4986890.548,15365475.39,4986890.548,63515106.93,0,0,0,0,0,0,0,0,0,0,,0,,0,0,0,0,0,0,0,0,0,0,0,0,0,0
15365475.39,4986890.548,15368475.39,4986890.548,15368475.39,4983890.548,15365475.39,4983890.548,63515106.93,0,0,0,4694.836894,4694.836894,0,0,0,0,0.347027574,,7.39E-05,,7.39E-05,0,1,0,1,4694.836894,4694.836894,4694.836894,0,0,0,0,0,0
15365475.39,4983890.548,15368475.39,4983890.548,15368475.39,4980890.548,15365475.39,4980890.548,63515106.93,7.87E-09,7.87E-09,14825.43963,7412.719816,7412.719816,0,0,0,1.730247109,0.865123554,,0.000116708,,0.000116708,0.5,1,0.5,1,7412.719816,7412.719816,7412.719816,0,0,1,0,7.87E-09,31757553.47
15365475.39,4980890.548,15368475.39,4980890.548,15368475.39,4977890.548,15365475.39,4977890.548,63515106.93,7.87E-09,7.87E-09,12603.3283,6301.664149,6301.664149,0,0,0,1.25044176,0.62522088,,9.92E-05,,9.92E-05,0.5,1,0.5,1,6301.664149,6301.664149,6301.664149,0,0,1,0,7.87E-09,31757553.47
15365475.39,4977890.548,15368475.39,4977890.548,15368475.39,4974890.548,15365475.39,4974890.548,63515106.93,0,0,0,0,0,0,0,0,0,0,,0,,0,0,0,0,0,0,0,0,0,0,0,0,0,0
15365475.39,4974890.548,15368475.39,4974890.548,15368475.39,4971890.548,15365475.39,4971890.548,63515106.93,0,0,0,0,0,0,0,0,0,0,,0,,0,0,0,0,0,0,0,0,0,0,0,0,0,0
15365475.39,4971890.548,15368475.39,4971890.548,15368475.39,4968890.548,15365475.39,4968890.548,63515106.93,0,0,0,0,0,0,0,0,0,0,,0,,0,0,0,0,0,0,0,0,0,0,0,0,0,0
15365475.39,4968890.548,15368475.39,4968890.548,15368475.39,4965890.548,15365475.39,4965890.548,63515106.93,0,0,0,0,0,0,0,0,0,0,,0,,0,0,0,0,0,0,0,0,0,0,0,0,0,0
15365475.39,4965890.548,15368475.39,4965890.548,15368475.39,4962890.548,15365475.39,4962890.548,63515106.93,0,0,0,0,0,0,0,0,0,0,,0,,0,0,0,0,0,0,0,0,0,0,0,0,0,0
15365475.39,4962890.548,15368475.39,4962890.548,15368475.39,4959890.548,15365475.39,4959890.548,63515106.93,0,0,0,0,0,0,0,0,0,0,,0,,0,0,0,0,0,0,0,0,0,0,0,0,0,0
15365475.39,4959890.548,15368475.39,4959890.548,15368475.39,4956890.548,15365475.39,4956890.548,63515106.93,0,0,0,0,0,0,0,0,0,0,,0,,0,0,0,0,0,0,0,0,0,0,0,0,0,0
15365475.39,4956890.548,15368475.39,4956890.548,15368475.39,4953890.548,15365475.39,4953890.548,63515106.93,0,0,0,0,0,0,0,0,0,0,,0,,0,0,0,0,0,0,0,0,0,0,0,0,0,0
15365475.39,4953890.548,15368475.39,4953890.548,15368475.39,4950890.548,15365475.39,4950890.548,63515106.93,0,0,0,0,0,0,0,0,0,0,,0,,0,0,0,0,0,0,0,0,0,0,0,0,0,0
15365475.39,4950890.548,15368475.39,4950890.548,15368475.39,4947890.548,15365475.39,4947890.548,63515106.93,0,0,0,0,0,0,0,0,0,0,,0,,0,0,0,0,0,0,0,0,0,0,0,0,0,0
15365475.39,4947890.548,15368475.39,4947890.548,15368475.39,4944890.548,15365475.39,4944890.548,63515106.93,0,0,0,0,0,0,0,0,0,0,,0,,0,0,0,0,0,0,0,0,0,0,0,0,0,0
15365475.39,4944890.548,15368475.39,4944890.548,15368475.39,4941890.548,15365475.39,4941890.548,63515106.93,0,0,0,0,0,0,0,0,0,0,,0,,0,0,0,0,0,0,0,0,0,0,0,0,0,0
15368475.39,5121890.548,15371475.39,5121890.548,15371475.39,5118890.548,15368475.39,5118890.548,63515106.93,0,0,0,0,0,0,0,0,0,0,,0,,0,0,0,0,0,0,0,0,0,0,0,0,0,0
15368475.39,5118890.548,15371475.39,5118890.548,15371475.39,5115890.548,15368475.39,5115890.548,63515106.93,0,0,0,0,0,0,0,0,0,0,,0,,0,0,0,0,0,0,0,0,0,0,0,0,0,0
15368475.39,5115890.548,15371475.39,5115890.548,15371475.39,5112890.548,15368475.39,5112890.548,63515106.93,0,0,0,0,0,0,0,0,0,0,,0,,0,0,0,0,0,0,0,0,0,0,0,0,0,0
15368475.39,5112890.548,15371475.39,5112890.548,15371475.39,5109890.548,15368475.39,5109890.548,63515106.93,0,0,0,0,0,0,0,0,0,0,,0,,0,0,0,0,0,0,0,0,0,0,0,0,0,0
15368475.39,5109890.548,15371475.39,5109890.548,15371475.39,5106890.548,15368475.39,5106890.548,63515106.93,0,0,0,0,0,0,0,0,0,0,,0,,0,0,0,0,0,0,0,0,0,0,0,0,0,0
15368475.39,5106890.548,15371475.39,5106890.548,15371475.39,5103890.548,15368475.39,5103890.548,63515106.93,0,0,0,0,0,0,0,0,0,0,,0,,0,0,0,0,0,0,0,0,0,0,0,0,0,0
15368475.39,5103890.548,15371475.39,5103890.548,15371475.39,5100890.548,15368475.39,5100890.548,63515106.93,0,0,0,0,0,0,0,0,0,0,,0,,0,0,0,0,0,0,0,0,0,0,0,0,0,0
15368475.39,5100890.548,15371475.39,5100890.548,15371475.39,5097890.548,15368475.39,5097890.548,63515106.93,0,0,0,0,0,0,0,0,0,0,,0,,0,0,0,0,0,0,0,0,0,0,0,0,0,0
15368475.39,5097890.548,15371475.39,5097890.548,15371475.39,5094890.548,15368475.39,5094890.548,63515106.93,0,0,0,0,0,0,0,0,0,0,,0,,0,0,0,0,0,0,0,0,0,0,0,0,0,0
15368475.39,5094890.548,15371475.39,5094890.548,15371475.39,5091890.548,15368475.39,5091890.548,63515106.93,0,0,0,0,0,0,0,0,0,0,,0,,0,0,0,0,0,0,0,0,0,0,0,0,0,0
15368475.39,5091890.548,15371475.39,5091890.548,15371475.39,5088890.548,15368475.39,5088890.548,63515106.93,0,0,0,0,0,0,0,0,0,0,,0,,0,0,0,0,0,0,0,0,0,0,0,0,0,0
15368475.39,5088890.548,15371475.39,5088890.548,15371475.39,5085890.548,15368475.39,5085890.548,63515106.93,0,0,0,0,0,0,0,0,0,0,,0,,0,0,0,0,0,0,0,0,0,0,0,0,0,0
15368475.39,5085890.548,15371475.39,5085890.548,15371475.39,5082890.548,15368475.39,5082890.548,63515106.93,0,0,0,0,0,0,0,0,0,0,,0,,0,0,0,0,0,0,0,0,0,0,0,0,0,0
15368475.39,5082890.548,15371475.39,5082890.548,15371475.39,5079890.548,15368475.39,5079890.548,63515106.93,0,0,0,0,0,0,0,0,0,0,,0,,0,0,0,0,0,0,0,0,0,0,0,0,0,0
15368475.39,5079890.548,15371475.39,5079890.548,15371475.39,5076890.548,15368475.39,5076890.548,63515106.93,0,0,0,0,0,0,0,0,0,0,,0,,0,0,0,0,0,0,0,0,0,0,0,0,0,0
15368475.39,5076890.548,15371475.39,5076890.548,15371475.39,5073890.548,15368475.39,5073890.548,63515106.93,0,0,0,0,0,0,0,0,0,0,,0,,0,0,0,0,0,0,0,0,0,0,0,0,0,0
15368475.39,5073890.548,15371475.39,5073890.548,15371475.39,5070890.548,15368475.39,5070890.548,63515106.93,7.87E-09,7.87E-09,1513.048056,756.5240281,756.5240281,0,0,0,0.01802181,0.009010905,,1.19E-05,,1.19E-05,0.5,1,0.5,1,756.5240281,756.5240281,756.5240281,0,0,1,0,7.87E-09,31757553.47
15368475.39,5070890.548,15371475.39,5070890.548,15371475.39,5067890.548,15368475.39,5067890.548,63515106.93,0,0,0,0,0,0,0,0,0,0,,0,,0,0,0,0,0,0,0,0,0,0,0,0,0,0
15368475.39,5067890.548,15371475.39,5067890.548,15371475.39,5064890.548,15368475.39,5064890.548,63515106.93,0,0,0,0,0,0,0,0,0,0,,0,,0,0,0,0,0,0,0,0,0,0,0,0,0,0
15368475.39,5064890.548,15371475.39,5064890.548,15371475.39,5061890.548,15368475.39,5061890.548,63515106.93,7.87E-09,7.87E-09,11843.26753,2019.777826,3901.854894,0,0,0,1.104170272,0.276042568,,9.32E-05,,9.32E-05,0.5,2,0.5,2,2960.816882,2019.77887,3901.854894,0,0,1,0,7.87E-09,31757553.47
15368475.39,5061890.548,15371475.39,5061890.548,15371475.39,5058890.548,15368475.39,5058890.548,63515106.93,1.26E-07,6.30E-08,3363.109944,93.97487575,6156.149811,1.25,1.5,4.72E-08,1.424607032,1.424607032,,0.000423598,,0.000423598,8,11,4,8,3363.109944,93.97487575,8055.339568,0.375,0.75,10.75,2.000000016,10.00000005,190545322.8
15368475.39,5058890.548,15371475.39,5058890.548,15371475.39,5055890.548,15368475.39,5055890.548,63515106.93,1.42E-07,7.87E-08,3647.186795,39.54095472,5724.265613,1.111111111,1.2,4.72E-08,1.884870379,1.884870379,,0.000516801,,0.000516801,9,12,5,9,3647.186795,39.54095472,8255.701401,0.333333333,0.6,10.8,2.000000016,10.00000006,254060429.7
15368475.39,5055890.548,15371475.39,5055890.548,15371475.39,5052890.548,15368475.39,5052890.548,63515106.93,3.94E-08,3.94E-08,5643.387794,1022.161483,4280.92662,0,0,0,1.253553183,0.626776592,,0.000222128,,0.000222128,2.5,5,2.5,5,2821.693897,1022.161483,4280.92662,0,0,1,0,3.94E-08,158787767.3
15368475.39,5052890.548,15371475.39,5052890.548,15371475.39,5049890.548,15368475.39,5049890.548,63515106.93,3.15E-08,3.15E-08,3641.010833,716.873131,3856.300108,0,0,0,0.417442732,0.278295155,,0.00011465,,0.00011465,2,3,2,3,2427.340555,716.873131,3856.300108,0,0,1,0,3.15E-08,127030213.9
15368475.39,5049890.548,15371475.39,5049890.548,15371475.39,5046890.548,15368475.39,5046890.548,63515106.93,3.94E-08,2.36E-08,7039.894607,965.5587926,7036.223899,1.2,1.333333333,1.57E-08,1.950721587,1.219200992,,0.000277095,,0.000277095,2.5,5,1.5,4,4399.93413,965.5587926,7036.223899,0.4,0.666666667,3.666666667,1,3.000000016,63515107.93
15368475.39,5046890.548,15371475.39,5046890.548,15371475.39,5043890.548,15368475.39,5043890.548,63515106.93,3.15E-08,1.57E-08,9825.274175,2700.66324,7489.870988,1.5,2,1.57E-08,3.039781157,2.026520771,,0.000309384,,0.000309384,2,4,1,3,6550.182783,3163.032542,8997.644819,0.5,1,3.5,1,3.000000008,31757554.47
15368475.39,5043890.548,15371475.39,5043890.548,15371475.39,5040890.548,15368475.39,5040890.548,63515106.93,2.36E-08,7.87E-09,9390.385245,1822.839086,4686.740744,2,4,1.57E-08,2.082480987,1.041240494,,0.000221767,,0.000221767,1.5,4,0.5,3,4695.192623,3101.281187,6509.57983,0.666666667,2,3,1,3,1
15368475.39,5040890.548,15371475.39,5040890.548,15371475.39,5037890.548,15368475.39,5037890.548,63515106.93,0,0,0,0,0,0,0,0,0,0,,0,,0,0,0,0,0,0,0,0,0,0,0,0,0,0
15368475.39,5037890.548,15371475.39,5037890.548,15371475.39,5034890.548,15368475.39,5034890.548,63515106.93,0,0,0,0,0,0,0,0,0,0,,0,,0,0,0,0,0,0,0,0,0,0,0,0,0,0
15368475.39,5034890.548,15371475.39,5034890.548,15371475.39,5031890.548,15368475.39,5031890.548,63515106.93,0,0,0,4909.823055,4909.823055,0,0,0,0,0.379537461,,7.73E-05,,7.73E-05,0,1,0,1,4909.823055,4909.823055,4909.823055,0,0,0,0,0,0
15368475.39,5031890.548,15371475.39,5031890.548,15371475.39,5028890.548,15368475.39,5028890.548,63515106.93,0,0,0,8837.119483,8837.119483,0,0,0,0,1.229544978,,0.000139134,,0.000139134,0,1,0,1,8837.119483,8837.119483,8837.119483,0,0,0,0,0,0
15368475.39,5028890.548,15371475.39,5028890.548,15371475.39,5025890.548,15368475.39,5025890.548,63515106.93,0,0,0,7985.930641,7985.930641,0,0,0,0,1.004093219,,0.000125733,,0.000125733,0,1,0,1,7985.930641,7985.930641,7985.930641,0,0,0,0,0,0
15368475.39,5025890.548,15371475.39,5025890.548,15371475.39,5022890.548,15368475.39,5022890.548,63515106.93,0,0,0,0,0,0,0,0,0,0,,0,,0,0,0,0,0,0,0,0,0,0,0,0,0,0
15368475.39,5022890.548,15371475.39,5022890.548,15371475.39,5019890.548,15368475.39,5019890.548,63515106.93,7.87E-09,7.87E-09,3137.254094,1568.627047,1568.627047,0,0,0,0.07748049,0.038740245,,2.47E-05,,2.47E-05,0.5,1,0.5,1,1568.627047,1568.627047,1568.627047,0,0,1,0,7.87E-09,31757553.47
15368475.39,5019890.548,15371475.39,5019890.548,15371475.39,5016890.548,15368475.39,5016890.548,63515106.93,7.87E-09,7.87E-09,4844.372968,2422.186484,2422.186484,0,0,0,0.184743052,0.092371526,,3.81E-05,,3.81E-05,0.5,1,0.5,1,2422.186484,2422.186484,2422.186484,0,0,1,0,7.87E-09,31757553.47
15368475.39,5016890.548,15371475.39,5016890.548,15371475.39,5013890.548,15368475.39,5013890.548,63515106.93,1.57E-08,1.57E-08,7382.766382,1043.630357,6339.136025,0,0,0,0.858146071,0.429073035,,0.000116236,,0.000116236,1,2,1,2,3691.383191,1043.630357,6339.136025,0,0,1,0,1.57E-08,63515106.93
15368475.39,5013890.548,15371475.39,5013890.548,15371475.39,5010890.548,15368475.39,5010890.548,63515106.93,7.87E-09,7.87E-09,14622.64238,7311.32119,7311.32119,0,0,0,1.683234749,0.841617375,,0.000115112,,0.000115112,0.5,1,0.5,1,7311.32119,7311.32119,7311.32119,0,0,1,0,7.87E-09,31757553.47
15368475.39,5010890.548,15371475.39,5010890.548,15371475.39,5007890.548,15368475.39,5007890.548,63515106.93,7.87E-09,7.87E-09,23731.53457,5849.607947,6016.159339,0,0,0,4.433478588,1.108369647,,0.000186818,,0.000186818,0.5,2,0.5,2,5932.883643,5849.607947,6016.159339,0,0,1,0,7.87E-09,31757553.47
15368475.39,5007890.548,15371475.39,5007890.548,15371475.39,5004890.548,15368475.39,5004890.548,63515106.93,0,0,0,4440.012766,8966.89081,0,0,0,0,1.414978831,,0.000211082,,0.000211082,0,2,0,2,6703.451788,4440.012766,8966.89081,0,0,0,0,0,0
15368475.39,5004890.548,15371475.39,5004890.548,15371475.39,5001890.548,15368475.39,5001890.548,63515106.93,0,0,0,7356.743441,8806.85868,0,0,0,0,2.05669207,,0.000254484,,0.000254484,0,2,0,2,8081.801061,7356.743441,8806.85868,0,0,0,0,0,0
15368475.39,5001890.548,15371475.39,5001890.548,15371475.39,4998890.548,15368475.39,4998890.548,63515106.93,0,0,0,7799.43851,7991.44294,0,0,0,0,1.962934088,,0.000248616,,0.000248616,0,2,0,2,7895.440725,7799.43851,7991.44294,0,0,0,0,0,0
15368475.39,4998890.548,15371475.39,4998890.548,15371475.39,4995890.548,15368475.39,4995890.548,63515106.93,0,0,0,8884.458008,8884.458008,0,0,0,0,1.24275307,,0.000139879,,0.000139879,0,1,0,1,8884.458008,8884.458008,8884.458008,0,0,0,0,0,0
15368475.39,4995890.548,15371475.39,4995890.548,15371475.39,4992890.548,15368475.39,4992890.548,63515106.93,0,0,0,5035.386925,5035.386925,0,0,0,0,0.399198281,,7.93E-05,,7.93E-05,0,1,0,1,5035.386925,5035.386925,5035.386925,0,0,0,0,0,0
15368475.39,4992890.548,15371475.39,4992890.548,15371475.39,4989890.548,15368475.39,4989890.548,63515106.93,0,0,0,0,0,0,0,0,0,0,,0,,0,0,0,0,0,0,0,0,0,0,0,0,0,0
15368475.39,4989890.548,15371475.39,4989890.548,15371475.39,4986890.548,15368475.39,4986890.548,63515106.93,0,0,0,0,0,0,0,0,0,0,,0,,0,0,0,0,0,0,0,0,0,0,0,0,0,0
15368475.39,4986890.548,15371475.39,4986890.548,15371475.39,4983890.548,15368475.39,4983890.548,63515106.93,0,0,0,0,0,0,0,0,0,0,,0,,0,0,0,0,0,0,0,0,0,0,0,0,0,0
15368475.39,4983890.548,15371475.39,4983890.548,15371475.39,4980890.548,15368475.39,4980890.548,63515106.93,7.87E-09,7.87E-09,8556.414075,4278.207037,4278.207037,0,0,0,0.576337074,0.288168537,,6.74E-05,,6.74E-05,0.5,1,0.5,1,4278.207037,4278.207037,4278.207037,0,0,1,0,7.87E-09,31757553.47
15368475.39,4980890.548,15371475.39,4980890.548,15371475.39,4977890.548,15368475.39,4977890.548,63515106.93,7.87E-09,7.87E-09,7369.742839,3684.871419,3684.871419,0,0,0,0.427560561,0.213780281,,5.80E-05,,5.80E-05,0.5,1,0.5,1,3684.871419,3684.871419,3684.871419,0,0,1,0,7.87E-09,31757553.47
15368475.39,4977890.548,15371475.39,4977890.548,15371475.39,4974890.548,15368475.39,4974890.548,63515106.93,7.87E-09,7.87E-09,819.4394349,409.7197175,409.7197175,0,0,0,0.005285994,0.002642997,,6.45E-06,,6.45E-06,0.5,1,0.5,1,409.7197175,409.7197175,409.7197175,0,0,1,0,7.87E-09,31757553.47
15368475.39,4974890.548,15371475.39,4974890.548,15371475.39,4971890.548,15368475.39,4971890.548,63515106.93,0,0,0,0,0,0,0,0,0,0,,0,,0,0,0,0,0,0,0,0,0,0,0,0,0,0
15368475.39,4971890.548,15371475.39,4971890.548,15371475.39,4968890.548,15368475.39,4968890.548,63515106.93,0,0,0,0,0,0,0,0,0,0,,0,,0,0,0,0,0,0,0,0,0,0,0,0,0,0
15368475.39,4968890.548,15371475.39,4968890.548,15371475.39,4965890.548,15368475.39,4965890.548,63515106.93,0,0,0,0,0,0,0,0,0,0,,0,,0,0,0,0,0,0,0,0,0,0,0,0,0,0
15368475.39,4965890.548,15371475.39,4965890.548,15371475.39,4962890.548,15368475.39,4962890.548,63515106.93,0,0,0,0,0,0,0,0,0,0,,0,,0,0,0,0,0,0,0,0,0,0,0,0,0,0
15368475.39,4962890.548,15371475.39,4962890.548,15371475.39,4959890.548,15368475.39,4959890.548,63515106.93,0,0,0,0,0,0,0,0,0,0,,0,,0,0,0,0,0,0,0,0,0,0,0,0,0,0
15368475.39,4959890.548,15371475.39,4959890.548,15371475.39,4956890.548,15368475.39,4956890.548,63515106.93,0,0,0,0,0,0,0,0,0,0,,0,,0,0,0,0,0,0,0,0,0,0,0,0,0,0
15368475.39,4956890.548,15371475.39,4956890.548,15371475.39,4953890.548,15368475.39,4953890.548,63515106.93,0,0,0,0,0,0,0,0,0,0,,0,,0,0,0,0,0,0,0,0,0,0,0,0,0,0
15368475.39,4953890.548,15371475.39,4953890.548,15371475.39,4950890.548,15368475.39,4950890.548,63515106.93,0,0,0,0,0,0,0,0,0,0,,0,,0,0,0,0,0,0,0,0,0,0,0,0,0,0
15368475.39,4950890.548,15371475.39,4950890.548,15371475.39,4947890.548,15368475.39,4947890.548,63515106.93,0,0,0,0,0,0,0,0,0,0,,0,,0,0,0,0,0,0,0,0,0,0,0,0,0,0
15368475.39,4947890.548,15371475.39,4947890.548,15371475.39,4944890.548,15368475.39,4944890.548,63515106.93,0,0,0,0,0,0,0,0,0,0,,0,,0,0,0,0,0,0,0,0,0,0,0,0,0,0
15368475.39,4944890.548,15371475.39,4944890.548,15371475.39,4941890.548,15368475.39,4941890.548,63515106.93,0,0,0,0,0,0,0,0,0,0,,0,,0,0,0,0,0,0,0,0,0,0,0,0,0,0
15371475.39,5121890.548,15374475.39,5121890.548,15374475.39,5118890.548,15371475.39,5118890.548,63515106.93,0,0,0,0,0,0,0,0,0,0,,0,,0,0,0,0,0,0,0,0,0,0,0,0,0,0
15371475.39,5118890.548,15374475.39,5118890.548,15374475.39,5115890.548,15371475.39,5115890.548,63515106.93,0,0,0,0,0,0,0,0,0,0,,0,,0,0,0,0,0,0,0,0,0,0,0,0,0,0
15371475.39,5115890.548,15374475.39,5115890.548,15374475.39,5112890.548,15371475.39,5112890.548,63515106.93,0,0,0,0,0,0,0,0,0,0,,0,,0,0,0,0,0,0,0,0,0,0,0,0,0,0
15371475.39,5112890.548,15374475.39,5112890.548,15374475.39,5109890.548,15371475.39,5109890.548,63515106.93,0,0,0,0,0,0,0,0,0,0,,0,,0,0,0,0,0,0,0,0,0,0,0,0,0,0
15371475.39,5109890.548,15374475.39,5109890.548,15374475.39,5106890.548,15371475.39,5106890.548,63515106.93,0,0,0,0,0,0,0,0,0,0,,0,,0,0,0,0,0,0,0,0,0,0,0,0,0,0
15371475.39,5106890.548,15374475.39,5106890.548,15374475.39,5103890.548,15371475.39,5103890.548,63515106.93,0,0,0,0,0,0,0,0,0,0,,0,,0,0,0,0,0,0,0,0,0,0,0,0,0,0
15371475.39,5103890.548,15374475.39,5103890.548,15374475.39,5100890.548,15371475.39,5100890.548,63515106.93,0,0,0,0,0,0,0,0,0,0,,0,,0,0,0,0,0,0,0,0,0,0,0,0,0,0
15371475.39,5100890.548,15374475.39,5100890.548,15374475.39,5097890.548,15371475.39,5097890.548,63515106.93,0,0,0,0,0,0,0,0,0,0,,0,,0,0,0,0,0,0,0,0,0,0,0,0,0,0
15371475.39,5097890.548,15374475.39,5097890.548,15374475.39,5094890.548,15371475.39,5094890.548,63515106.93,0,0,0,0,0,0,0,0,0,0,,0,,0,0,0,0,0,0,0,0,0,0,0,0,0,0
15371475.39,5094890.548,15374475.39,5094890.548,15374475.39,5091890.548,15371475.39,5091890.548,63515106.93,0,0,0,0,0,0,0,0,0,0,,0,,0,0,0,0,0,0,0,0,0,0,0,0,0,0
15371475.39,5091890.548,15374475.39,5091890.548,15374475.39,5088890.548,15371475.39,5088890.548,63515106.93,0,0,0,0,0,0,0,0,0,0,,0,,0,0,0,0,0,0,0,0,0,0,0,0,0,0
15371475.39,5088890.548,15374475.39,5088890.548,15374475.39,5085890.548,15371475.39,5085890.548,63515106.93,0,0,0,0,0,0,0,0,0,0,,0,,0,0,0,0,0,0,0,0,0,0,0,0,0,0
15371475.39,5085890.548,15374475.39,5085890.548,15374475.39,5082890.548,15371475.39,5082890.548,63515106.93,0,0,0,0,0,0,0,0,0,0,,0,,0,0,0,0,0,0,0,0,0,0,0,0,0,0
15371475.39,5082890.548,15374475.39,5082890.548,15374475.39,5079890.548,15371475.39,5079890.548,63515106.93,0,0,0,0,0,0,0,0,0,0,,0,,0,0,0,0,0,0,0,0,0,0,0,0,0,0
15371475.39,5079890.548,15374475.39,5079890.548,15374475.39,5076890.548,15371475.39,5076890.548,63515106.93,0,0,0,0,0,0,0,0,0,0,,0,,0,0,0,0,0,0,0,0,0,0,0,0,0,0
15371475.39,5076890.548,15374475.39,5076890.548,15374475.39,5073890.548,15371475.39,5073890.548,63515106.93,7.87E-09,7.87E-09,2459.895674,1229.947837,1229.947837,0,0,0,0.04763502,0.02381751,,1.94E-05,,1.94E-05,0.5,1,0.5,1,1229.947837,1229.947837,1229.947837,0,0,1,0,7.87E-09,31757553.47
15371475.39,5073890.548,15374475.39,5073890.548,15374475.39,5070890.548,15371475.39,5070890.548,63515106.93,7.87E-09,7.87E-09,7628.67425,3814.337125,3814.337125,0,0,0,0.458132511,0.229066255,,6.01E-05,,6.01E-05,0.5,1,0.5,1,3814.337125,3814.337125,3814.337125,0,0,1,0,7.87E-09,31757553.47
15371475.39,5070890.548,15374475.39,5070890.548,15374475.39,5067890.548,15371475.39,5067890.548,63515106.93,7.87E-09,7.87E-09,11557.54924,5778.77462,5778.77462,0,0,0,1.051536799,0.525768399,,9.10E-05,,9.10E-05,0.5,1,0.5,1,5778.77462,5778.77462,5778.77462,0,0,1,0,7.87E-09,31757553.47
15371475.39,5067890.548,15374475.39,5067890.548,15374475.39,5064890.548,15371475.39,5064890.548,63515106.93,0,0,0,4291.879141,4291.879141,0,0,0,0,0.290013313,,6.76E-05,,6.76E-05,0,1,0,1,4291.879141,4291.879141,4291.879141,0,0,0,0,0,0
15371475.39,5064890.548,15374475.39,5064890.548,15374475.39,5061890.548,15371475.39,5061890.548,63515106.93,7.87E-09,7.87E-09,10812.67125,976.2279757,4430.107392,0,0,0,0.920362612,0.230090653,,8.51E-05,,8.51E-05,0.5,2,0.5,2,2703.167812,976.2279757,4430.107647,0,0,1,0,7.87E-09,31757553.47
15371475.39,5061890.548,15374475.39,5061890.548,15374475.39,5058890.548,15371475.39,5058890.548,63515106.93,1.18E-07,3.94E-08,4097.113065,119.2570593,6710.431051,1.733333333,3.2,6.30E-08,1.982166481,1.858281076,,0.000483796,,0.000483796,7.5,12,2.5,8,3841.043499,119.2570593,8811.856862,0.533333333,1.6,13.4,3.000000016,13.00000002,63515109.93
15371475.39,5058890.548,15374475.39,5058890.548,15374475.39,5055890.548,15371475.39,5055890.548,63515106.93,1.57E-07,7.87E-08,3795.790121,309.5706357,7244.647669,1.3,1.6,6.30E-08,2.268440271,1.890366893,,0.00059762,,0.00059762,10,16,5,12,3163.158434,309.5706357,8564.52632,0.4,0.8,13.7,3.000000016,13.00000006,222302877.3
15371475.39,5055890.548,15374475.39,5055890.548,15374475.39,5052890.548,15371475.39,5052890.548,63515106.93,6.30E-08,4.72E-08,6069.971798,145.432085,8885.05976,0.75,0.666666667,1.57E-08,2.320364991,1.325922852,,0.000382269,,0.000382269,4,8,3,7,3468.555313,145.432085,8885.05976,0.25,0.333333333,3.833333333,1,3.000000039,158787768.3
15371475.39,5052890.548,15374475.39,5052890.548,15374475.39,5049890.548,15371475.39,5049890.548,63515106.93,3.15E-08,3.15E-08,7273.553213,416.0169372,5634.781976,0,0,0,1.665889546,0.832944773,,0.000229034,,0.000229034,2,4,2,4,3636.776606,416.0169372,5634.782074,0,0,1,0,3.15E-08,127030213.9
15371475.39,5049890.548,15374475.39,5049890.548,15374475.39,5046890.548,15371475.39,5046890.548,63515106.93,4.72E-08,3.15E-08,8214.803774,1810.42775,8026.966685,1,1,1.57E-08,3.187414978,1.912448987,,0.000388009,,0.000388009,3,6,2,5,4928.882265,1810.42775,8026.966685,0.333333333,0.5,3.75,1,3.000000024,95272661.4
15371475.39,5046890.548,15374475.39,5046890.548,15374475.39,5043890.548,15371475.39,5043890.548,63515106.93,6.30E-08,3.15E-08,6556.803999,164.8068543,8785.741374,1.5,2,3.15E-08,2.707493115,1.80499541,,0.000412929,,0.000412929,4,8,2,6,4371.202666,164.8068543,8978.218037,0.5,1,6.5,2,6.000000016,63515108.93
15371475.39,5043890.548,15374475.39,5043890.548,15374475.39,5040890.548,15371475.39,5040890.548,63515106.93,4.72E-08,1.57E-08,7372.630439,1486.06968,7523.203681,2,4,3.15E-08,2.567374073,1.925530555,,0.00034823,,0.00034823,3,6,1,4,5529.472829,2644.118411,7641.331459,0.666666667,2,6,2,6,2
15371475.39,5040890.548,15374475.39,5040890.548,15374475.39,5037890.548,15371475.39,5037890.548,63515106.93,0,0,0,7387.722447,7387.722447,0,0,0,0,0.859298608,,0.000116314,,0.000116314,0,1,0,1,7387.722447,7387.722447,7387.722447,0,0,0,0,0,0
15371475.39,5037890.548,15374475.39,5037890.548,15374475.39,5034890.548,15371475.39,5034890.548,63515106.93,0,0,0,2432.254175,2432.254175,0,0,0,0,0.093140997,,3.83E-05,,3.83E-05,0,1,0,1,2432.254175,2432.254175,2432.254175,0,0,0,0,0,0
15371475.39,5034890.548,15374475.39,5034890.548,15374475.39,5031890.548,15371475.39,5031890.548,63515106.93,0,0,0,0,0,0,0,0,0,0,,0,,0,0,0,0,0,0,0,0,0,0,0,0,0,0
15371475.39,5031890.548,15374475.39,5031890.548,15374475.39,5028890.548,15371475.39,5028890.548,63515106.93,0,0,0,8414.391233,8414.391233,0,0,0,0,1.11472661,,0.000132479,,0.000132479,0,1,0,1,8414.391233,8414.391233,8414.391233,0,0,0,0,0,0
15371475.39,5028890.548,15374475.39,5028890.548,15374475.39,5025890.548,15371475.39,5025890.548,63515106.93,0,0,0,8592.242888,8592.242888,0,0,0,0,1.16234769,,0.000135279,,0.000135279,0,1,0,1,8592.242888,8592.242888,8592.242888,0,0,0,0,0,0
15371475.39,5025890.548,15374475.39,5025890.548,15374475.39,5022890.548,15371475.39,5022890.548,63515106.93,0,0,0,3211.924454,3211.924454,0,0,0,0,0.162425275,,5.06E-05,,5.06E-05,0,1,0,1,3211.924454,3211.924454,3211.924454,0,0,0,0,0,0
15371475.39,5022890.548,15374475.39,5022890.548,15374475.39,5019890.548,15371475.39,5019890.548,63515106.93,0,0,0,0,0,0,0,0,0,0,,0,,0,0,0,0,0,0,0,0,0,0,0,0,0,0
15371475.39,5019890.548,15374475.39,5019890.548,15374475.39,5016890.548,15371475.39,5016890.548,63515106.93,0,0,0,0,0,0,0,0,0,0,,0,,0,0,0,0,0,0,0,0,0,0,0,0,0,0
15371475.39,5016890.548,15374475.39,5016890.548,15374475.39,5013890.548,15371475.39,5013890.548,63515106.93,7.87E-09,7.87E-09,6032.044016,3016.022008,3016.022008,0,0,0,0.28643229,0.143216145,,4.75E-05,,4.75E-05,0.5,1,0.5,1,3016.022008,3016.022008,3016.022008,0,0,1,0,7.87E-09,31757553.47
15371475.39,5013890.548,15374475.39,5013890.548,15374475.39,5010890.548,15371475.39,5010890.548,63515106.93,7.87E-09,7.87E-09,8618.207915,4309.103957,4309.103957,0,0,0,0.584691668,0.292345834,,6.78E-05,,6.78E-05,0.5,1,0.5,1,4309.103957,4309.103957,4309.103957,0,0,1,0,7.87E-09,31757553.47
15371475.39,5010890.548,15374475.39,5010890.548,15374475.39,5007890.548,15371475.39,5007890.548,63515106.93,1.57E-08,1.57E-08,7633.557341,3261.348181,4372.20916,0,0,0,0.917438394,0.458719197,,0.000120185,,0.000120185,1,2,1,2,3816.77867,3261.348181,4372.20916,0,0,1,0,1.57E-08,63515106.93
15371475.39,5007890.548,15374475.39,5007890.548,15374475.39,5004890.548,15371475.39,5004890.548,63515106.93,7.87E-09,7.87E-09,17690.4623,2840.856566,6004.374582,0,0,0,2.463606466,0.615901616,,0.000139262,,0.000139262,0.5,2,0.5,2,4422.615574,2840.856566,6004.374582,0,0,1,0,7.87E-09,31757553.47
15371475.39,5004890.548,15374475.39,5004890.548,15374475.39,5001890.548,15371475.39,5001890.548,63515106.93,7.87E-09,7.87E-09,27691.34448,5186.842094,8658.830146,0,0,0,6.036442322,1.50911058,,0.00021799,,0.00021799,0.5,2,0.5,2,6922.83612,5186.842094,8658.830146,0,0,1,0,7.87E-09,31757553.47
15371475.39,5001890.548,15374475.39,5001890.548,15374475.39,4998890.548,15371475.39,4998890.548,63515106.93,0,0,0,7211.497715,8283.766856,0,0,0,0,1.890126898,,0.000243962,,0.000243962,0,2,0,2,7747.632285,7211.497715,8283.766856,0,0,0,0,0,0
15371475.39,4998890.548,15374475.39,4998890.548,15374475.39,4995890.548,15371475.39,4995890.548,63515106.93,0,0,0,8982.972852,8982.972852,0,0,0,0,1.270466274,,0.00014143,,0.00014143,0,1,0,1,8982.972852,8982.972852,8982.972852,0,0,0,0,0,0
15371475.39,4995890.548,15374475.39,4995890.548,15374475.39,4992890.548,15371475.39,4992890.548,63515106.93,0,0,0,6236.539841,6236.539841,0,0,0,0,0.612365012,,9.82E-05,,9.82E-05,0,1,0,1,6236.539841,6236.539841,6236.539841,0,0,0,0,0,0
15371475.39,4992890.548,15374475.39,4992890.548,15374475.39,4989890.548,15371475.39,4989890.548,63515106.93,0,0,0,0,0,0,0,0,0,0,,0,,0,0,0,0,0,0,0,0,0,0,0,0,0,0
15371475.39,4989890.548,15374475.39,4989890.548,15374475.39,4986890.548,15371475.39,4986890.548,63515106.93,0,0,0,0,0,0,0,0,0,0,,0,,0,0,0,0,0,0,0,0,0,0,0,0,0,0
15371475.39,4986890.548,15374475.39,4986890.548,15374475.39,4983890.548,15371475.39,4983890.548,63515106.93,0,0,0,0,0,0,0,0,0,0,,0,,0,0,0,0,0,0,0,0,0,0,0,0,0,0
15371475.39,4983890.548,15374475.39,4983890.548,15374475.39,4980890.548,15371475.39,4980890.548,63515106.93,7.87E-09,7.87E-09,1961.664317,980.8321587,980.8321587,0,0,0,0.030293005,0.015146502,,1.54E-05,,1.54E-05,0.5,1,0.5,1,980.8321587,980.8321587,980.8321587,0,0,1,0,7.87E-09,31757553.47
15371475.39,4980890.548,15374475.39,4980890.548,15374475.39,4977890.548,15371475.39,4977890.548,63515106.93,7.87E-09,7.87E-09,1850.660589,925.3302943,925.3302943,0,0,0,0.026961654,0.013480827,,1.46E-05,,1.46E-05,0.5,1,0.5,1,925.3302943,925.3302943,925.3302943,0,0,1,0,7.87E-09,31757553.47
15371475.39,4977890.548,15374475.39,4977890.548,15374475.39,4974890.548,15371475.39,4974890.548,63515106.93,0,0,0,0,0,0,0,0,0,0,,0,,0,0,0,0,0,0,0,0,0,0,0,0,0,0
15371475.39,4974890.548,15374475.39,4974890.548,15374475.39,4971890.548,15371475.39,4971890.548,63515106.93,0,0,0,0,0,0,0,0,0,0,,0,,0,0,0,0,0,0,0,0,0,0,0,0,0,0
15371475.39,4971890.548,15374475.39,4971890.548,15374475.39,4968890.548,15371475.39,4968890.548,63515106.93,0,0,0,0,0,0,0,0,0,0,,0,,0,0,0,0,0,0,0,0,0,0,0,0,0,0
15371475.39,4968890.548,15374475.39,4968890.548,15374475.39,4965890.548,15371475.39,4965890.548,63515106.93,0,0,0,0,0,0,0,0,0,0,,0,,0,0,0,0,0,0,0,0,0,0,0,0,0,0
15371475.39,4965890.548,15374475.39,4965890.548,15374475.39,4962890.548,15371475.39,4962890.548,63515106.93,0,0,0,0,0,0,0,0,0,0,,0,,0,0,0,0,0,0,0,0,0,0,0,0,0,0
15371475.39,4962890.548,15374475.39,4962890.548,15374475.39,4959890.548,15371475.39,4959890.548,63515106.93,0,0,0,0,0,0,0,0,0,0,,0,,0,0,0,0,0,0,0,0,0,0,0,0,0,0
15371475.39,4959890.548,15374475.39,4959890.548,15374475.39,4956890.548,15371475.39,4956890.548,63515106.93,0,0,0,0,0,0,0,0,0,0,,0,,0,0,0,0,0,0,0,0,0,0,0,0,0,0
15371475.39,4956890.548,15374475.39,4956890.548,15374475.39,4953890.548,15371475.39,4953890.548,63515106.93,0,0,0,0,0,0,0,0,0,0,,0,,0,0,0,0,0,0,0,0,0,0,0,0,0,0
15371475.39,4953890.548,15374475.39,4953890.548,15374475.39,4950890.548,15371475.39,4950890.548,63515106.93,0,0,0,0,0,0,0,0,0,0,,0,,0,0,0,0,0,0,0,0,0,0,0,0,0,0
15371475.39,4950890.548,15374475.39,4950890.548,15374475.39,4947890.548,15371475.39,4947890.548,63515106.93,0,0,0,0,0,0,0,0,0,0,,0,,0,0,0,0,0,0,0,0,0,0,0,0,0,0
15371475.39,4947890.548,15374475.39,4947890.548,15374475.39,4944890.548,15371475.39,4944890.548,63515106.93,0,0,0,0,0,0,0,0,0,0,,0,,0,0,0,0,0,0,0,0,0,0,0,0,0,0
15371475.39,4944890.548,15374475.39,4944890.548,15374475.39,4941890.548,15371475.39,4941890.548,63515106.93,0,0,0,0,0,0,0,0,0,0,,0,,0,0,0,0,0,0,0,0,0,0,0,0,0,0
15374475.39,5121890.548,15377475.39,5121890.548,15377475.39,5118890.548,15374475.39,5118890.548,63515106.93,0,0,0,0,0,0,0,0,0,0,,0,,0,0,0,0,0,0,0,0,0,0,0,0,0,0
15374475.39,5118890.548,15377475.39,5118890.548,15377475.39,5115890.548,15374475.39,5115890.548,63515106.93,0,0,0,0,0,0,0,0,0,0,,0,,0,0,0,0,0,0,0,0,0,0,0,0,0,0
15374475.39,5115890.548,15377475.39,5115890.548,15377475.39,5112890.548,15374475.39,5112890.548,63515106.93,0,0,0,0,0,0,0,0,0,0,,0,,0,0,0,0,0,0,0,0,0,0,0,0,0,0
15374475.39,5112890.548,15377475.39,5112890.548,15377475.39,5109890.548,15374475.39,5109890.548,63515106.93,0,0,0,0,0,0,0,0,0,0,,0,,0,0,0,0,0,0,0,0,0,0,0,0,0,0
15374475.39,5109890.548,15377475.39,5109890.548,15377475.39,5106890.548,15374475.39,5106890.548,63515106.93,0,0,0,0,0,0,0,0,0,0,,0,,0,0,0,0,0,0,0,0,0,0,0,0,0,0
15374475.39,5106890.548,15377475.39,5106890.548,15377475.39,5103890.548,15374475.39,5103890.548,63515106.93,0,0,0,0,0,0,0,0,0,0,,0,,0,0,0,0,0,0,0,0,0,0,0,0,0,0
15374475.39,5103890.548,15377475.39,5103890.548,15377475.39,5100890.548,15374475.39,5100890.548,63515106.93,0,0,0,0,0,0,0,0,0,0,,0,,0,0,0,0,0,0,0,0,0,0,0,0,0,0
15374475.39,5100890.548,15377475.39,5100890.548,15377475.39,5097890.548,15374475.39,5097890.548,63515106.93,0,0,0,0,0,0,0,0,0,0,,0,,0,0,0,0,0,0,0,0,0,0,0,0,0,0
15374475.39,5097890.548,15377475.39,5097890.548,15377475.39,5094890.548,15374475.39,5094890.548,63515106.93,0,0,0,0,0,0,0,0,0,0,,0,,0,0,0,0,0,0,0,0,0,0,0,0,0,0
15374475.39,5094890.548,15377475.39,5094890.548,15377475.39,5091890.548,15374475.39,5091890.548,63515106.93,0,0,0,0,0,0,0,0,0,0,,0,,0,0,0,0,0,0,0,0,0,0,0,0,0,0
15374475.39,5091890.548,15377475.39,5091890.548,15377475.39,5088890.548,15374475.39,5088890.548,63515106.93,0,0,0,0,0,0,0,0,0,0,,0,,0,0,0,0,0,0,0,0,0,0,0,0,0,0
15374475.39,5088890.548,15377475.39,5088890.548,15377475.39,5085890.548,15374475.39,5085890.548,63515106.93,0,0,0,0,0,0,0,0,0,0,,0,,0,0,0,0,0,0,0,0,0,0,0,0,0,0
15374475.39,5085890.548,15377475.39,5085890.548,15377475.39,5082890.548,15374475.39,5082890.548,63515106.93,0,0,0,0,0,0,0,0,0,0,,0,,0,0,0,0,0,0,0,0,0,0,0,0,0,0
15374475.39,5082890.548,15377475.39,5082890.548,15377475.39,5079890.548,15374475.39,5079890.548,63515106.93,0,0,0,0,0,0,0,0,0,0,,0,,0,0,0,0,0,0,0,0,0,0,0,0,0,0
15374475.39,5079890.548,15377475.39,5079890.548,15377475.39,5076890.548,15374475.39,5076890.548,63515106.93,0,0,0,0,0,0,0,0,0,0,,0,,0,0,0,0,0,0,0,0,0,0,0,0,0,0
15374475.39,5076890.548,15377475.39,5076890.548,15377475.39,5073890.548,15374475.39,5073890.548,63515106.93,7.87E-09,7.87E-09,2774.397149,1387.198575,1387.198575,0,0,0,0.060594085,0.030297042,,2.18E-05,,2.18E-05,0.5,1,0.5,1,1387.198575,1387.198575,1387.198575,0,0,1,0,7.87E-09,31757553.47
15374475.39,5073890.548,15377475.39,5073890.548,15377475.39,5070890.548,15374475.39,5070890.548,63515106.93,1.57E-08,1.57E-08,5378.802977,349.0406205,5029.762357,0,0,0,0.455506144,0.227753072,,8.47E-05,,8.47E-05,1,2,1,2,2689.401489,349.0406205,5029.762357,0,0,1,0,1.57E-08,63515106.93
15374475.39,5070890.548,15377475.39,5070890.548,15377475.39,5067890.548,15374475.39,5067890.548,63515106.93,7.87E-09,7.87E-09,16173.32201,8086.661003,8086.661003,0,0,0,2.059166373,1.029583186,,0.000127319,,0.000127319,0.5,1,0.5,1,8086.661003,8086.661003,8086.661003,0,0,1,0,7.87E-09,31757553.47
15374475.39,5067890.548,15377475.39,5067890.548,15377475.39,5064890.548,15374475.39,5064890.548,63515106.93,0,0,0,8076.717239,8076.717239,0,0,0,0,1.027052689,,0.000127162,,0.000127162,0,1,0,1,8076.717239,8076.717239,8076.717239,0,0,0,0,0,0
15374475.39,5064890.548,15377475.39,5064890.548,15377475.39,5061890.548,15374475.39,5061890.548,63515106.93,3.94E-08,7.87E-09,5050.56831,993.704127,4499.94273,1.6,4,1.57E-08,1.004022566,0.627514104,,0.000198794,,0.000198794,2.5,5,0.5,4,3156.605194,993.704127,4696.094618,0.4,2,5,1.57E-08,4.000000008,31757553.47
15374475.39,5061890.548,15377475.39,5061890.548,15377475.39,5058890.548,15374475.39,5058890.548,63515106.93,1.02E-07,3.94E-08,5483.54053,581.5547291,5216.368397,1.538461538,2.4,4.72E-08,3.077219236,2.50024063,,0.000561174,,0.000561174,6.5,11,2.5,8,4455.376681,993.704127,8205.614531,0.461538462,1.2,10.6,2.000000016,10.00000002,95272662.4
15374475.39,5058890.548,15377475.39,5058890.548,15377475.39,5055890.548,15374475.39,5055890.548,63515106.93,1.18E-07,5.51E-08,5777.796188,625.6289005,7322.713193,1.333333333,1.714285714,4.72E-08,3.941927803,3.695557315,,0.000682255,,0.000682255,7.5,11,3.5,8,5416.683926,993.704127,8694.785287,0.4,0.857142857,10.71428571,2.000000016,10.00000004,158787769.3
15374475.39,5055890.548,15377475.39,5055890.548,15377475.39,5052890.548,15374475.39,5052890.548,63515106.93,7.08E-08,5.51E-08,6548.822041,354.5540664,8949.857036,0.666666667,0.571428571,1.57E-08,3.038518313,1.709166551,,0.000463979,,0.000463979,4.5,9,3.5,8,3683.712398,446.1421256,8949.857037,0.222222222,0.285714286,3.857142857,1,3.000000047,190545321.8
15374475.39,5052890.548,15377475.39,5052890.548,15377475.39,5049890.548,15374475.39,5049890.548,63515106.93,5.51E-08,3.94E-08,6034.680002,901.5975533,7026.189313,0.857142857,0.8,1.57E-08,2.006778791,1.404745154,,0.000332541,,0.000332541,3.5,6,2.5,5,4224.276001,901.5975533,8926.114872,0.285714286,0.4,3.8,1,3.000000031,127030214.9
15374475.39,5049890.548,15377475.39,5049890.548,15377475.39,5046890.548,15374475.39,5046890.548,63515106.93,7.87E-08,4.72E-08,5881.824881,452.2792665,7727.038299,1.2,1.333333333,3.15E-08,2.723435857,1.945311326,,0.000463026,,0.000463026,5,9,3,7,4201.303487,452.2792665,7727.038299,0.4,0.666666667,6.666666667,2,6.000000031,127030215.9
15374475.39,5046890.548,15377475.39,5046890.548,15377475.39,5043890.548,15374475.39,5043890.548,63515106.93,9.45E-08,4.72E-08,5578.490247,292.8230966,8227.337835,1.5,2,4.72E-08,2.93973087,2.519769318,,0.000526976,,0.000526976,6,10,3,7,4781.563069,1646.403079,8768.19347,0.5,1,9.5,3,9.000000024,95272663.4
15374475.39,5043890.548,15377475.39,5043890.548,15377475.39,5040890.548,15374475.39,5040890.548,63515106.93,2.36E-08,7.87E-09,18468.6776,3470.398191,8381.11787,2,4,1.57E-08,8.055376161,3.02076606,,0.000436164,,0.000436164,1.5,5,0.5,4,6925.754099,5170.335413,8381.11787,0.666666667,2,3,1,3,1
15374475.39,5040890.548,15377475.39,5040890.548,15377475.39,5037890.548,15374475.39,5037890.548,63515106.93,0,0,0,6742.96724,8990.143831,0,0,0,0,1.948597711,,0.000247707,,0.000247707,0,2,0,2,7866.555535,6742.96724,8990.143831,0,0,0,0,0,0
15374475.39,5037890.548,15377475.39,5037890.548,15377475.39,5034890.548,15374475.39,5034890.548,63515106.93,0,0,0,8196.919853,8196.919853,0,0,0,0,1.057850617,,0.000129055,,0.000129055,0,1,0,1,8196.919853,8196.919853,8196.919853,0,0,0,0,0,0
15374475.39,5034890.548,15377475.39,5034890.548,15377475.39,5031890.548,15374475.39,5031890.548,63515106.93,0,0,0,5343.686231,5343.686231,0,0,0,0,0.449577808,,8.41E-05,,8.41E-05,0,1,0,1,5343.686231,5343.686231,5343.686231,0,0,0,0,0,0
15374475.39,5031890.548,15377475.39,5031890.548,15377475.39,5028890.548,15374475.39,5028890.548,63515106.93,0,0,0,7711.599966,7711.599966,0,0,0,0,0.936293378,,0.000121414,,0.000121414,0,1,0,1,7711.599966,7711.599966,7711.599966,0,0,0,0,0,0
15374475.39,5028890.548,15377475.39,5028890.548,15377475.39,5025890.548,15374475.39,5025890.548,63515106.93,0,0,0,8911.716944,8911.716944,0,0,0,0,1.250390698,,0.000140309,,0.000140309,0,1,0,1,8911.716944,8911.716944,8911.716944,0,0,0,0,0,0
15374475.39,5025890.548,15377475.39,5025890.548,15377475.39,5022890.548,15374475.39,5022890.548,63515106.93,0,0,0,5596.917428,5596.917428,0,0,0,0,0.493197386,,8.81E-05,,8.81E-05,0,1,0,1,5596.917428,5596.917428,5596.917428,0,0,0,0,0,0
15374475.39,5022890.548,15377475.39,5022890.548,15377475.39,5019890.548,15374475.39,5019890.548,63515106.93,0,0,0,0,0,0,0,0,0,0,,0,,0,0,0,0,0,0,0,0,0,0,0,0,0,0
15374475.39,5019890.548,15377475.39,5019890.548,15377475.39,5016890.548,15374475.39,5016890.548,63515106.93,0,0,0,0,0,0,0,0,0,0,,0,,0,0,0,0,0,0,0,0,0,0,0,0,0,0
15374475.39,5016890.548,15377475.39,5016890.548,15377475.39,5013890.548,15374475.39,5013890.548,63515106.93,7.87E-09,7.87E-09,408.6536988,204.3268494,204.3268494,0,0,0,0.001314631,0.000657315,,3.22E-06,,3.22E-06,0.5,1,0.5,1,204.3268494,204.3268494,204.3268494,0,0,1,0,7.87E-09,31757553.47
15374475.39,5013890.548,15377475.39,5013890.548,15377475.39,5010890.548,15374475.39,5010890.548,63515106.93,7.87E-09,7.87E-09,2554.148214,1277.074107,1277.074107,0,0,0,0.051355287,0.025677644,,2.01E-05,,2.01E-05,0.5,1,0.5,1,1277.074107,1277.074107,1277.074107,0,0,1,0,7.87E-09,31757553.47
15374475.39,5010890.548,15377475.39,5010890.548,15377475.39,5007890.548,15374475.39,5007890.548,63515106.93,1.57E-08,1.57E-08,1568.38529,466.0235268,1102.361763,0,0,0,0.038728305,0.019364152,,2.47E-05,,2.47E-05,1,2,1,2,784.1926449,466.0235268,1102.361763,0,0,1,0,1.57E-08,63515106.93
15374475.39,5007890.548,15377475.39,5007890.548,15377475.39,5004890.548,15374475.39,5004890.548,63515106.93,7.87E-09,7.87E-09,5934.629647,2967.314824,2967.314824,0,0,0,0.277255528,0.138627764,,4.67E-05,,4.67E-05,0.5,1,0.5,1,2967.314824,2967.314824,2967.314824,0,0,1,0,7.87E-09,31757553.47
15374475.39,5004890.548,15377475.39,5004890.548,15377475.39,5001890.548,15374475.39,5001890.548,63515106.93,1.57E-08,1.57E-08,8143.32189,2318.237128,5825.084762,0,0,0,1.044061714,0.522030857,,0.000128211,,0.000128211,1,2,1,2,4071.660945,2318.237128,5825.084762,0,0,1,0,1.57E-08,63515106.93
15374475.39,5001890.548,15377475.39,5001890.548,15377475.39,4998890.548,15374475.39,4998890.548,63515106.93,7.87E-09,7.87E-09,24142.63536,5581.843981,6489.473698,0,0,0,4.58841109,1.147102772,,0.000190054,,0.000190054,0.5,2,0.5,2,6035.658839,5581.843981,6489.473698,0,0,1,0,7.87E-09,31757553.47
15374475.39,4998890.548,15377475.39,4998890.548,15377475.39,4995890.548,15374475.39,4995890.548,63515106.93,0,0,0,1791.762185,8997.366708,0,0,0,0,0.916359177,,0.000169867,,0.000169867,0,2,0,2,5394.564447,1791.762185,8997.366708,0,0,0,0,0,0
15374475.39,4995890.548,15377475.39,4995890.548,15377475.39,4992890.548,15374475.39,4992890.548,63515106.93,0,0,0,6947.023108,6947.023108,0,0,0,0,0.759837028,,0.000109376,,0.000109376,0,1,0,1,6947.023108,6947.023108,6947.023108,0,0,0,0,0,0
15374475.39,4992890.548,15377475.39,4992890.548,15377475.39,4989890.548,15374475.39,4989890.548,63515106.93,0,0,0,0,0,0,0,0,0,0,,0,,0,0,0,0,0,0,0,0,0,0,0,0,0,0
15374475.39,4989890.548,15377475.39,4989890.548,15377475.39,4986890.548,15374475.39,4986890.548,63515106.93,0,0,0,0,0,0,0,0,0,0,,0,,0,0,0,0,0,0,0,0,0,0,0,0,0,0
15374475.39,4986890.548,15377475.39,4986890.548,15377475.39,4983890.548,15374475.39,4983890.548,63515106.93,0,0,0,0,0,0,0,0,0,0,,0,,0,0,0,0,0,0,0,0,0,0,0,0,0,0
15374475.39,4983890.548,15377475.39,4983890.548,15377475.39,4980890.548,15374475.39,4980890.548,63515106.93,0,0,0,0,0,0,0,0,0,0,,0,,0,0,0,0,0,0,0,0,0,0,0,0,0,0
15374475.39,4980890.548,15377475.39,4980890.548,15377475.39,4977890.548,15374475.39,4977890.548,63515106.93,0,0,0,0,0,0,0,0,0,0,,0,,0,0,0,0,0,0,0,0,0,0,0,0,0,0
15374475.39,4977890.548,15377475.39,4977890.548,15377475.39,4974890.548,15374475.39,4974890.548,63515106.93,0,0,0,0,0,0,0,0,0,0,,0,,0,0,0,0,0,0,0,0,0,0,0,0,0,0
15374475.39,4974890.548,15377475.39,4974890.548,15377475.39,4971890.548,15374475.39,4971890.548,63515106.93,0,0,0,0,0,0,0,0,0,0,,0,,0,0,0,0,0,0,0,0,0,0,0,0,0,0
15374475.39,4971890.548,15377475.39,4971890.548,15377475.39,4968890.548,15374475.39,4968890.548,63515106.93,0,0,0,0,0,0,0,0,0,0,,0,,0,0,0,0,0,0,0,0,0,0,0,0,0,0
15374475.39,4968890.548,15377475.39,4968890.548,15377475.39,4965890.548,15374475.39,4965890.548,63515106.93,0,0,0,0,0,0,0,0,0,0,,0,,0,0,0,0,0,0,0,0,0,0,0,0,0,0
15374475.39,4965890.548,15377475.39,4965890.548,15377475.39,4962890.548,15374475.39,4962890.548,63515106.93,0,0,0,0,0,0,0,0,0,0,,0,,0,0,0,0,0,0,0,0,0,0,0,0,0,0
15374475.39,4962890.548,15377475.39,4962890.548,15377475.39,4959890.548,15374475.39,4959890.548,63515106.93,0,0,0,0,0,0,0,0,0,0,,0,,0,0,0,0,0,0,0,0,0,0,0,0,0,0
15374475.39,4959890.548,15377475.39,4959890.548,15377475.39,4956890.548,15374475.39,4956890.548,63515106.93,0,0,0,0,0,0,0,0,0,0,,0,,0,0,0,0,0,0,0,0,0,0,0,0,0,0
15374475.39,4956890.548,15377475.39,4956890.548,15377475.39,4953890.548,15374475.39,4953890.548,63515106.93,0,0,0,0,0,0,0,0,0,0,,0,,0,0,0,0,0,0,0,0,0,0,0,0,0,0
15374475.39,4953890.548,15377475.39,4953890.548,15377475.39,4950890.548,15374475.39,4950890.548,63515106.93,0,0,0,0,0,0,0,0,0,0,,0,,0,0,0,0,0,0,0,0,0,0,0,0,0,0
15374475.39,4950890.548,15377475.39,4950890.548,15377475.39,4947890.548,15374475.39,4947890.548,63515106.93,0,0,0,0,0,0,0,0,0,0,,0,,0,0,0,0,0,0,0,0,0,0,0,0,0,0
15374475.39,4947890.548,15377475.39,4947890.548,15377475.39,4944890.548,15374475.39,4944890.548,63515106.93,0,0,0,0,0,0,0,0,0,0,,0,,0,0,0,0,0,0,0,0,0,0,0,0,0,0
15374475.39,4944890.548,15377475.39,4944890.548,15377475.39,4941890.548,15374475.39,4941890.548,63515106.93,0,0,0,0,0,0,0,0,0,0,,0,,0,0,0,0,0,0,0,0,0,0,0,0,0,0
15377475.39,5121890.548,15380475.39,5121890.548,15380475.39,5118890.548,15377475.39,5118890.548,63515106.93,0,0,0,0,0,0,0,0,0,0,,0,,0,0,0,0,0,0,0,0,0,0,0,0,0,0
15377475.39,5118890.548,15380475.39,5118890.548,15380475.39,5115890.548,15377475.39,5115890.548,63515106.93,0,0,0,0,0,0,0,0,0,0,,0,,0,0,0,0,0,0,0,0,0,0,0,0,0,0
15377475.39,5115890.548,15380475.39,5115890.548,15380475.39,5112890.548,15377475.39,5112890.548,63515106.93,0,0,0,0,0,0,0,0,0,0,,0,,0,0,0,0,0,0,0,0,0,0,0,0,0,0
15377475.39,5112890.548,15380475.39,5112890.548,15380475.39,5109890.548,15377475.39,5109890.548,63515106.93,0,0,0,0,0,0,0,0,0,0,,0,,0,0,0,0,0,0,0,0,0,0,0,0,0,0
15377475.39,5109890.548,15380475.39,5109890.548,15380475.39,5106890.548,15377475.39,5106890.548,63515106.93,0,0,0,0,0,0,0,0,0,0,,0,,0,0,0,0,0,0,0,0,0,0,0,0,0,0
15377475.39,5106890.548,15380475.39,5106890.548,15380475.39,5103890.548,15377475.39,5103890.548,63515106.93,0,0,0,0,0,0,0,0,0,0,,0,,0,0,0,0,0,0,0,0,0,0,0,0,0,0
15377475.39,5103890.548,15380475.39,5103890.548,15380475.39,5100890.548,15377475.39,5100890.548,63515106.93,0,0,0,0,0,0,0,0,0,0,,0,,0,0,0,0,0,0,0,0,0,0,0,0,0,0
15377475.39,5100890.548,15380475.39,5100890.548,15380475.39,5097890.548,15377475.39,5097890.548,63515106.93,0,0,0,0,0,0,0,0,0,0,,0,,0,0,0,0,0,0,0,0,0,0,0,0,0,0
15377475.39,5097890.548,15380475.39,5097890.548,15380475.39,5094890.548,15377475.39,5094890.548,63515106.93,0,0,0,0,0,0,0,0,0,0,,0,,0,0,0,0,0,0,0,0,0,0,0,0,0,0
15377475.39,5094890.548,15380475.39,5094890.548,15380475.39,5091890.548,15377475.39,5091890.548,63515106.93,0,0,0,0,0,0,0,0,0,0,,0,,0,0,0,0,0,0,0,0,0,0,0,0,0,0
15377475.39,5091890.548,15380475.39,5091890.548,15380475.39,5088890.548,15377475.39,5088890.548,63515106.93,0,0,0,0,0,0,0,0,0,0,,0,,0,0,0,0,0,0,0,0,0,0,0,0,0,0
15377475.39,5088890.548,15380475.39,5088890.548,15380475.39,5085890.548,15377475.39,5085890.548,63515106.93,0,0,0,0,0,0,0,0,0,0,,0,,0,0,0,0,0,0,0,0,0,0,0,0,0,0
15377475.39,5085890.548,15380475.39,5085890.548,15380475.39,5082890.548,15377475.39,5082890.548,63515106.93,7.87E-09,7.87E-09,1800.681522,900.3407612,900.3407612,0,0,0,0.025525061,0.01276253,,1.42E-05,,1.42E-05,0.5,1,0.5,1,900.3407612,900.3407612,900.3407612,0,0,1,0,7.87E-09,31757553.47
15377475.39,5082890.548,15380475.39,5082890.548,15380475.39,5079890.548,15377475.39,5079890.548,63515106.93,7.87E-09,7.87E-09,3220.391859,1610.195929,1610.195929,0,0,0,0.081641394,0.040820697,,2.54E-05,,2.54E-05,0.5,1,0.5,1,1610.195929,1610.195929,1610.195929,0,0,1,0,7.87E-09,31757553.47
15377475.39,5079890.548,15380475.39,5079890.548,15380475.39,5076890.548,15377475.39,5076890.548,63515106.93,0,0,0,0,0,0,0,0,0,0,,0,,0,0,0,0,0,0,0,0,0,0,0,0,0,0
15377475.39,5076890.548,15380475.39,5076890.548,15380475.39,5073890.548,15377475.39,5073890.548,63515106.93,7.87E-09,7.87E-09,1445.434704,722.7173518,722.7173518,0,0,0,0.016447122,0.008223561,,1.14E-05,,1.14E-05,0.5,1,0.5,1,722.7173518,722.7173518,722.7173518,0,0,1,0,7.87E-09,31757553.47
15377475.39,5073890.548,15380475.39,5073890.548,15380475.39,5070890.548,15377475.39,5070890.548,63515106.93,7.87E-09,7.87E-09,10237.55106,1947.660054,3171.115476,0,0,0,0.82505924,0.20626481,,8.06E-05,,8.06E-05,0.5,2,0.5,2,2559.387765,1947.660054,3171.115476,0,0,1,0,7.87E-09,31757553.47
15377475.39,5070890.548,15380475.39,5070890.548,15380475.39,5067890.548,15377475.39,5067890.548,63515106.93,7.87E-09,7.87E-09,24611.80138,3972.962181,8332.93851,0,0,0,4.768477898,1.192119475,,0.000193748,,0.000193748,0.5,2,0.5,2,6152.950345,3972.962181,8332.93851,0,0,1,0,7.87E-09,31757553.47
15377475.39,5067890.548,15380475.39,5067890.548,15380475.39,5064890.548,15377475.39,5064890.548,63515106.93,0,0,0,9268.577911,9268.577911,0,0,0,0,1.352537068,,0.000145927,,0.000145927,0,1,0,1,9268.577911,9268.577911,9268.577911,0,0,0,0,0,0
15377475.39,5064890.548,15380475.39,5064890.548,15380475.39,5061890.548,15377475.39,5061890.548,63515106.93,7.87E-09,7.87E-09,26826.64265,2930.156091,7550.169932,0,0,0,5.665335307,0.944222551,,0.000211183,,0.000211183,0.5,3,0.5,3,4471.107108,2930.156245,7550.169932,0,0,1,0,7.87E-09,31757553.47
15377475.39,5061890.548,15380475.39,5061890.548,15380475.39,5058890.548,15377475.39,5058890.548,63515106.93,5.51E-08,2.36E-08,8774.950925,738.7232773,7995.815392,1.142857143,1.333333333,1.57E-08,4.24307202,2.475125345,,0.000483544,,0.000483544,3.5,7,1.5,6,5118.721373,764.5624976,7995.815354,0.285714286,0.666666667,5,1.57E-08,4.000000024,95272660.4
15377475.39,5058890.548,15380475.39,5058890.548,15380475.39,5055890.548,15377475.39,5055890.548,63515106.93,1.02E-07,5.51E-08,5437.310965,99.53010067,8571.631489,1.076923077,1.142857143,3.15E-08,3.025552309,2.458261251,,0.000556443,,0.000556443,6.5,10,3.5,8,4417.815159,263.6492417,8671.1616,0.307692308,0.571428571,7.857142857,1.000000016,7.000000047,190545321.8
15377475.39,5055890.548,15380475.39,5055890.548,15380475.39,5052890.548,15377475.39,5052890.548,63515106.93,3.15E-08,3.15E-08,11751.13354,1807.779449,6269.035656,0,0,0,4.348229774,1.449409925,,0.000370026,,0.000370026,2,6,2,6,3917.044514,1807.779449,6269.035596,0,0,1,0,3.15E-08,127030213.9
15377475.39,5052890.548,15380475.39,5052890.548,15380475.39,5049890.548,15377475.39,5049890.548,63515106.93,3.15E-08,1.57E-08,10335.0679,2533.011706,5441.305487,1.5,2,1.57E-08,3.363408602,1.681704301,,0.000325437,,0.000325437,2,5,1,4,5167.53395,3903.711259,7974.317183,0.5,1,3.5,1,3.000000008,31757554.47
15377475.39,5049890.548,15380475.39,5049890.548,15380475.39,5046890.548,15377475.39,5046890.548,63515106.93,5.51E-08,3.94E-08,6904.485894,2776.391867,6120.028268,0.857142857,0.8,1.57E-08,2.626961477,1.838873034,,0.000380472,,0.000380472,3.5,6,2.5,5,4833.140126,3489.915964,6120.028268,0.285714286,0.4,3.8,1,3.000000031,127030214.9
15377475.39,5046890.548,15380475.39,5046890.548,15380475.39,5043890.548,15377475.39,5043890.548,63515106.93,7.08E-08,3.94E-08,6543.813167,348.4426762,6941.372752,1.333333333,1.6,3.15E-08,3.033872062,2.275404046,,0.000463624,,0.000463624,4.5,8,2.5,6,4907.859875,1425.939166,8379.605649,0.444444444,0.8,6.6,2,6.000000024,95272662.4
15377475.39,5043890.548,15380475.39,5043890.548,15380475.39,5040890.548,15377475.39,5040890.548,63515106.93,3.94E-08,2.36E-08,9616.477586,179.6580592,7888.778442,1.2,1.333333333,1.57E-08,3.639946684,1.819973342,,0.000378511,,0.000378511,2.5,6,1.5,5,4808.238793,179.6580619,8697.891656,0.4,0.666666667,3.666666667,1,3.000000016,63515107.93
15377475.39,5040890.548,15380475.39,5040890.548,15380475.39,5037890.548,15377475.39,5037890.548,63515106.93,0,0,0,4242.471781,8888.732966,0,0,0,0,2.278568709,,0.00032806,,0.00032806,0,3,0,3,6945.586973,4242.471781,8888.732966,0,0,0,0,0,0
15377475.39,5037890.548,15380475.39,5037890.548,15380475.39,5034890.548,15377475.39,5034890.548,63515106.93,0,0,0,7269.955075,8916.718412,0,0,0,0,2.062567563,,0.000254848,,0.000254848,0,2,0,2,8093.336744,7269.955075,8916.718412,0,0,0,0,0,0
15377475.39,5034890.548,15380475.39,5034890.548,15380475.39,5031890.548,15377475.39,5031890.548,63515106.93,0,0,0,8684.953487,8684.953487,0,0,0,0,1.18756656,,0.000136738,,0.000136738,0,1,0,1,8684.953487,8684.953487,8684.953487,0,0,0,0,0,0
15377475.39,5031890.548,15380475.39,5031890.548,15380475.39,5028890.548,15377475.39,5028890.548,63515106.93,0,0,0,6696.185755,6878.116399,0,0,0,0,1.450534273,,0.000213718,,0.000213718,0,2,0,2,6787.151077,6696.185755,6878.116399,0,0,0,0,0,0
15377475.39,5028890.548,15380475.39,5028890.548,15380475.39,5025890.548,15377475.39,5025890.548,63515106.93,0,0,0,8991.32999,8991.32999,0,0,0,0,1.272831282,,0.000141562,,0.000141562,0,1,0,1,8991.32999,8991.32999,8991.32999,0,0,0,0,0,0
15377475.39,5025890.548,15380475.39,5025890.548,15380475.39,5022890.548,15377475.39,5022890.548,63515106.93,0,0,0,6966.241807,6966.241807,0,0,0,0,0.764046969,,0.000109679,,0.000109679,0,1,0,1,6966.241807,6966.241807,6966.241807,0,0,0,0,0,0
15377475.39,5022890.548,15380475.39,5022890.548,15380475.39,5019890.548,15377475.39,5019890.548,63515106.93,0,0,0,0,0,0,0,0,0,0,,0,,0,0,0,0,0,0,0,0,0,0,0,0,0,0
15377475.39,5019890.548,15380475.39,5019890.548,15380475.39,5016890.548,15377475.39,5016890.548,63515106.93,7.87E-09,7.87E-09,2462.787623,1231.393812,1231.393812,0,0,0,0.047747089,0.023873544,,1.94E-05,,1.94E-05,0.5,1,0.5,1,1231.393812,1231.393812,1231.393812,0,0,1,0,7.87E-09,31757553.47
15377475.39,5016890.548,15380475.39,5016890.548,15380475.39,5013890.548,15377475.39,5013890.548,63515106.93,7.87E-09,7.87E-09,6433.170902,3216.585451,3216.585451,0,0,0,0.32579405,0.162897025,,5.06E-05,,5.06E-05,0.5,1,0.5,1,3216.585451,3216.585451,3216.585451,0,0,1,0,7.87E-09,31757553.47
15377475.39,5013890.548,15380475.39,5013890.548,15380475.39,5010890.548,15377475.39,5010890.548,63515106.93,7.87E-09,7.87E-09,5322.754379,2661.377189,2661.377189,0,0,0,0.223031303,0.111515652,,4.19E-05,,4.19E-05,0.5,1,0.5,1,2661.377189,2661.377189,2661.377189,0,0,1,0,7.87E-09,31757553.47
15377475.39,5010890.548,15380475.39,5010890.548,15380475.39,5007890.548,15377475.39,5007890.548,63515106.93,0,0,0,0,0,0,0,0,0,0,,0,,0,0,0,0,0,0,0,0,0,0,0,0,0,0
15377475.39,5007890.548,15380475.39,5007890.548,15380475.39,5004890.548,15377475.39,5004890.548,63515106.93,0,0,0,0,0,0,0,0,0,0,,0,,0,0,0,0,0,0,0,0,0,0,0,0,0,0
15377475.39,5004890.548,15380475.39,5004890.548,15380475.39,5001890.548,15377475.39,5001890.548,63515106.93,7.87E-09,7.87E-09,5397.835933,2698.917966,2698.917966,0,0,0,0.229367738,0.114683869,,4.25E-05,,4.25E-05,0.5,1,0.5,1,2698.917966,2698.917966,2698.917966,0,0,1,0,7.87E-09,31757553.47
15377475.39,5001890.548,15380475.39,5001890.548,15380475.39,4998890.548,15377475.39,4998890.548,63515106.93,7.87E-09,7.87E-09,16468.05306,2691.54011,5542.48642,0,0,0,2.134899748,0.533724937,,0.000129639,,0.000129639,0.5,2,0.5,2,4117.013265,2691.54011,5542.48642,0,0,1,0,7.87E-09,31757553.47
15377475.39,4998890.548,15380475.39,4998890.548,15380475.39,4995890.548,15377475.39,4995890.548,63515106.93,7.87E-09,7.87E-09,14375.14884,7187.574419,7187.574419,0,0,0,1.626738221,0.81336911,,0.000113163,,0.000113163,0.5,1,0.5,1,7187.574419,7187.574419,7187.574419,0,0,1,0,7.87E-09,31757553.47
15377475.39,4995890.548,15380475.39,4995890.548,15380475.39,4992890.548,15377475.39,4992890.548,63515106.93,7.87E-09,7.87E-09,12246.20181,6123.100907,6123.100907,0,0,0,1.180581015,0.590290508,,9.64E-05,,9.64E-05,0.5,1,0.5,1,6123.100907,6123.100907,6123.100907,0,0,1,0,7.87E-09,31757553.47
15377475.39,4992890.548,15380475.39,4992890.548,15380475.39,4989890.548,15377475.39,4989890.548,63515106.93,0,0,0,0,0,0,0,0,0,0,,0,,0,0,0,0,0,0,0,0,0,0,0,0,0,0
15377475.39,4989890.548,15380475.39,4989890.548,15380475.39,4986890.548,15377475.39,4986890.548,63515106.93,0,0,0,0,0,0,0,0,0,0,,0,,0,0,0,0,0,0,0,0,0,0,0,0,0,0
15377475.39,4986890.548,15380475.39,4986890.548,15380475.39,4983890.548,15377475.39,4983890.548,63515106.93,0,0,0,0,0,0,0,0,0,0,,0,,0,0,0,0,0,0,0,0,0,0,0,0,0,0
15377475.39,4983890.548,15380475.39,4983890.548,15380475.39,4980890.548,15377475.39,4980890.548,63515106.93,0,0,0,0,0,0,0,0,0,0,,0,,0,0,0,0,0,0,0,0,0,0,0,0,0,0
15377475.39,4980890.548,15380475.39,4980890.548,15380475.39,4977890.548,15377475.39,4977890.548,63515106.93,0,0,0,0,0,0,0,0,0,0,,0,,0,0,0,0,0,0,0,0,0,0,0,0,0,0
15377475.39,4977890.548,15380475.39,4977890.548,15380475.39,4974890.548,15377475.39,4974890.548,63515106.93,0,0,0,0,0,0,0,0,0,0,,0,,0,0,0,0,0,0,0,0,0,0,0,0,0,0
15377475.39,4974890.548,15380475.39,4974890.548,15380475.39,4971890.548,15377475.39,4971890.548,63515106.93,0,0,0,0,0,0,0,0,0,0,,0,,0,0,0,0,0,0,0,0,0,0,0,0,0,0
15377475.39,4971890.548,15380475.39,4971890.548,15380475.39,4968890.548,15377475.39,4968890.548,63515106.93,0,0,0,0,0,0,0,0,0,0,,0,,0,0,0,0,0,0,0,0,0,0,0,0,0,0
15377475.39,4968890.548,15380475.39,4968890.548,15380475.39,4965890.548,15377475.39,4965890.548,63515106.93,0,0,0,0,0,0,0,0,0,0,,0,,0,0,0,0,0,0,0,0,0,0,0,0,0,0
15377475.39,4965890.548,15380475.39,4965890.548,15380475.39,4962890.548,15377475.39,4962890.548,63515106.93,0,0,0,0,0,0,0,0,0,0,,0,,0,0,0,0,0,0,0,0,0,0,0,0,0,0
15377475.39,4962890.548,15380475.39,4962890.548,15380475.39,4959890.548,15377475.39,4959890.548,63515106.93,0,0,0,0,0,0,0,0,0,0,,0,,0,0,0,0,0,0,0,0,0,0,0,0,0,0
15377475.39,4959890.548,15380475.39,4959890.548,15380475.39,4956890.548,15377475.39,4956890.548,63515106.93,0,0,0,0,0,0,0,0,0,0,,0,,0,0,0,0,0,0,0,0,0,0,0,0,0,0
15377475.39,4956890.548,15380475.39,4956890.548,15380475.39,4953890.548,15377475.39,4953890.548,63515106.93,0,0,0,0,0,0,0,0,0,0,,0,,0,0,0,0,0,0,0,0,0,0,0,0,0,0
15377475.39,4953890.548,15380475.39,4953890.548,15380475.39,4950890.548,15377475.39,4950890.548,63515106.93,0,0,0,0,0,0,0,0,0,0,,0,,0,0,0,0,0,0,0,0,0,0,0,0,0,0
15377475.39,4950890.548,15380475.39,4950890.548,15380475.39,4947890.548,15377475.39,4947890.548,63515106.93,0,0,0,0,0,0,0,0,0,0,,0,,0,0,0,0,0,0,0,0,0,0,0,0,0,0
15377475.39,4947890.548,15380475.39,4947890.548,15380475.39,4944890.548,15377475.39,4944890.548,63515106.93,0,0,0,0,0,0,0,0,0,0,,0,,0,0,0,0,0,0,0,0,0,0,0,0,0,0
15377475.39,4944890.548,15380475.39,4944890.548,15380475.39,4941890.548,15377475.39,4941890.548,63515106.93,0,0,0,0,0,0,0,0,0,0,,0,,0,0,0,0,0,0,0,0,0,0,0,0,0,0
15380475.39,5121890.548,15383475.39,5121890.548,15383475.39,5118890.548,15380475.39,5118890.548,63515106.93,0,0,0,0,0,0,0,0,0,0,,0,,0,0,0,0,0,0,0,0,0,0,0,0,0,0
15380475.39,5118890.548,15383475.39,5118890.548,15383475.39,5115890.548,15380475.39,5115890.548,63515106.93,0,0,0,0,0,0,0,0,0,0,,0,,0,0,0,0,0,0,0,0,0,0,0,0,0,0
15380475.39,5115890.548,15383475.39,5115890.548,15383475.39,5112890.548,15380475.39,5112890.548,63515106.93,0,0,0,0,0,0,0,0,0,0,,0,,0,0,0,0,0,0,0,0,0,0,0,0,0,0
15380475.39,5112890.548,15383475.39,5112890.548,15383475.39,5109890.548,15380475.39,5109890.548,63515106.93,0,0,0,0,0,0,0,0,0,0,,0,,0,0,0,0,0,0,0,0,0,0,0,0,0,0
15380475.39,5109890.548,15383475.39,5109890.548,15383475.39,5106890.548,15380475.39,5106890.548,63515106.93,0,0,0,0,0,0,0,0,0,0,,0,,0,0,0,0,0,0,0,0,0,0,0,0,0,0
15380475.39,5106890.548,15383475.39,5106890.548,15383475.39,5103890.548,15380475.39,5103890.548,63515106.93,0,0,0,0,0,0,0,0,0,0,,0,,0,0,0,0,0,0,0,0,0,0,0,0,0,0
15380475.39,5103890.548,15383475.39,5103890.548,15383475.39,5100890.548,15380475.39,5100890.548,63515106.93,0,0,0,0,0,0,0,0,0,0,,0,,0,0,0,0,0,0,0,0,0,0,0,0,0,0
15380475.39,5100890.548,15383475.39,5100890.548,15383475.39,5097890.548,15380475.39,5097890.548,63515106.93,0,0,0,0,0,0,0,0,0,0,,0,,0,0,0,0,0,0,0,0,0,0,0,0,0,0
15380475.39,5097890.548,15383475.39,5097890.548,15383475.39,5094890.548,15380475.39,5094890.548,63515106.93,0,0,0,0,0,0,0,0,0,0,,0,,0,0,0,0,0,0,0,0,0,0,0,0,0,0
15380475.39,5094890.548,15383475.39,5094890.548,15383475.39,5091890.548,15380475.39,5091890.548,63515106.93,0,0,0,0,0,0,0,0,0,0,,0,,0,0,0,0,0,0,0,0,0,0,0,0,0,0
15380475.39,5091890.548,15383475.39,5091890.548,15383475.39,5088890.548,15380475.39,5088890.548,63515106.93,0,0,0,0,0,0,0,0,0,0,,0,,0,0,0,0,0,0,0,0,0,0,0,0,0,0
15380475.39,5088890.548,15383475.39,5088890.548,15383475.39,5085890.548,15380475.39,5085890.548,63515106.93,7.87E-09,7.87E-09,2532.319652,1266.159826,1266.159826,0,0,0,0.050481241,0.02524062,,1.99E-05,,1.99E-05,0.5,1,0.5,1,1266.159826,1266.159826,1266.159826,0,0,1,0,7.87E-09,31757553.47
15380475.39,5085890.548,15383475.39,5085890.548,15383475.39,5082890.548,15380475.39,5082890.548,63515106.93,1.57E-08,1.57E-08,6170.076447,2941.473307,3228.60314,0,0,0,0.599382497,0.299691248,,9.71E-05,,9.71E-05,1,2,1,2,3085.038224,2941.473307,3228.60314,0,0,1,0,1.57E-08,63515106.93
15380475.39,5082890.548,15383475.39,5082890.548,15383475.39,5079890.548,15380475.39,5079890.548,63515106.93,7.87E-09,7.87E-09,15002.19592,2632.056035,4869.041927,0,0,0,1.771750796,0.442937699,,0.000118099,,0.000118099,0.5,2,0.5,2,3750.548981,2632.056035,4869.041927,0,0,1,0,7.87E-09,31757553.47
15380475.39,5079890.548,15383475.39,5079890.548,15383475.39,5076890.548,15380475.39,5076890.548,63515106.93,7.87E-09,7.87E-09,9107.769297,4553.884649,4553.884649,0,0,0,0.653005762,0.326502881,,7.17E-05,,7.17E-05,0.5,1,0.5,1,4553.884649,4553.884649,4553.884649,0,0,1,0,7.87E-09,31757553.47
15380475.39,5076890.548,15383475.39,5076890.548,15383475.39,5073890.548,15380475.39,5073890.548,63515106.93,7.87E-09,7.87E-09,2084.859269,1042.429635,1042.429635,0,0,0,0.034217357,0.017108678,,1.64E-05,,1.64E-05,0.5,1,0.5,1,1042.429635,1042.429635,1042.429635,0,0,1,0,7.87E-09,31757553.47
15380475.39,5073890.548,15383475.39,5073890.548,15383475.39,5070890.548,15380475.39,5070890.548,63515106.93,7.87E-09,7.87E-09,11088.22559,5544.112795,5544.112795,0,0,0,0.967870107,0.483935054,,8.73E-05,,8.73E-05,0.5,1,0.5,1,5544.112795,5544.112795,5544.112795,0,0,1,0,7.87E-09,31757553.47
15380475.39,5070890.548,15383475.39,5070890.548,15383475.39,5067890.548,15380475.39,5067890.548,63515106.93,7.87E-09,7.87E-09,14214.96372,7107.481859,7107.481859,0,0,0,1.590686084,0.795343042,,0.000111902,,0.000111902,0.5,1,0.5,1,7107.481859,7107.481859,7107.481859,0,0,1,0,7.87E-09,31757553.47
15380475.39,5067890.548,15383475.39,5067890.548,15383475.39,5064890.548,15380475.39,5064890.548,63515106.93,0,0,0,5218.004288,8455.010528,0,0,0,0,1.471707623,,0.000215272,,0.000215272,0,2,0,2,6836.507408,5218.004288,8455.010528,0,0,0,0,0,0
15380475.39,5064890.548,15383475.39,5064890.548,15383475.39,5061890.548,15380475.39,5061890.548,63515106.93,1.57E-08,1.57E-08,9272.400497,75.02695267,8810.6121,0,0,0,1.353652936,0.451217645,,0.000145987,,0.000145987,1,3,1,3,3090.800166,75.02695588,8810.6121,0,0,1,0,1.57E-08,63515106.93
15380475.39,5061890.548,15383475.39,5061890.548,15383475.39,5058890.548,15380475.39,5058890.548,63515106.93,5.51E-08,3.94E-08,7651.944567,247.3136722,8220.564106,0.857142857,0.8,1.57E-08,3.226522078,1.613261039,,0.00042166,,0.00042166,3.5,8,2.5,7,3825.972284,247.3136722,8487.768812,0.285714286,0.4,3.8,1,3.000000031,127030214.9
15380475.39,5058890.548,15383475.39,5058890.548,15383475.39,5055890.548,15380475.39,5055890.548,63515106.93,7.08E-08,5.51E-08,5366.202546,234.6771545,7973.254602,0.666666667,0.571428571,1.57E-08,2.040185244,1.1476042,,0.000380192,,0.000380192,4.5,9,3.5,8,3018.488932,234.6771545,8471.207334,0.222222222,0.285714286,3.857142857,1,3.000000047,190545321.8
15380475.39,5055890.548,15383475.39,5055890.548,15383475.39,5052890.548,15380475.39,5052890.548,63515106.93,3.15E-08,3.15E-08,7612.909096,792.8071563,4579.718207,0,0,0,1.824963783,0.608321261,,0.00023972,,0.00023972,2,6,2,6,2537.636365,792.8071563,4579.718207,0,0,1,0,3.15E-08,127030213.9
15380475.39,5052890.548,15383475.39,5052890.548,15383475.39,5049890.548,15380475.39,5049890.548,63515106.93,7.87E-09,7.87E-09,22938.06937,4330.202191,7138.832492,0,0,0,4.14196757,1.035491892,,0.000180572,,0.000180572,0.5,2,0.5,2,5734.517341,4330.202191,7138.832492,0,0,1,0,7.87E-09,31757553.47
15380475.39,5049890.548,15383475.39,5049890.548,15383475.39,5046890.548,15380475.39,5046890.548,63515106.93,3.94E-08,2.36E-08,8246.321801,138.1002752,8373.477085,1.2,1.333333333,1.57E-08,2.676600361,1.672875225,,0.000324581,,0.000324581,2.5,5,1.5,4,5153.951126,1572.685521,8373.477085,0.4,0.666666667,3.666666667,1,3.000000016,63515107.93
15380475.39,5046890.548,15383475.39,5046890.548,15383475.39,5043890.548,15380475.39,5043890.548,63515106.93,1.57E-08,1.57E-08,19659.97039,1158.201692,8785.568988,0,0,0,6.085393766,1.521348441,,0.000309532,,0.000309532,1,4,1,4,4914.992598,1158.20161,8785.568988,0,0,1,0,1.57E-08,63515106.93
15380475.39,5043890.548,15383475.39,5043890.548,15383475.39,5040890.548,15380475.39,5040890.548,63515106.93,7.87E-09,7.87E-09,41698.93505,760.3373322,8960.813525,0,0,0,13.68809145,1.711011431,,0.00032826,,0.00032826,0.5,4,0.5,4,5212.366881,760.3373322,8960.813525,0,0,1,0,7.87E-09,31757553.47
15380475.39,5040890.548,15383475.39,5040890.548,15383475.39,5037890.548,15380475.39,5037890.548,63515106.93,0,0,0,6079.561383,8421.389699,0,0,0,0,1.655335183,,0.000228307,,0.000228307,0,2,0,2,7250.475541,6079.561383,8421.389699,0,0,0,0,0,0
15380475.39,5037890.548,15383475.39,5037890.548,15383475.39,5034890.548,15380475.39,5034890.548,63515106.93,7.87E-09,7.87E-09,34290.07139,1512.4432,8964.599241,0,0,0,9.256136472,1.542689412,,0.000269936,,0.000269936,0.5,3,0.5,3,5715.011898,1512.4432,8964.599241,0,0,1,0,7.87E-09,31757553.47
15380475.39,5034890.548,15383475.39,5034890.548,15383475.39,5031890.548,15380475.39,5031890.548,63515106.93,7.87E-09,7.87E-09,37611.54029,2488.529072,8630.729631,0,0,0,11.13615352,1.856025586,,0.000296083,,0.000296083,0.5,3,0.5,3,6268.590048,2488.529072,8630.729631,0,0,1,0,7.87E-09,31757553.47
15380475.39,5031890.548,15383475.39,5031890.548,15383475.39,5028890.548,15380475.39,5028890.548,63515106.93,7.87E-09,7.87E-09,28761.18117,2749.126169,6439.354868,0,0,0,6.511880263,1.085313377,,0.000226412,,0.000226412,0.5,3,0.5,3,4793.530195,2749.126169,6439.354868,0,0,1,0,7.87E-09,31757553.47
15380475.39,5028890.548,15383475.39,5028890.548,15383475.39,5025890.548,15380475.39,5025890.548,63515106.93,1.57E-08,1.57E-08,10392.45484,3464.455606,6927.999234,0,0,0,1.700431958,0.850215979,,0.000163622,,0.000163622,1,2,1,2,5196.22742,3464.455606,6927.999234,0,0,1,0,1.57E-08,63515106.93
15380475.39,5025890.548,15383475.39,5025890.548,15383475.39,5022890.548,15380475.39,5022890.548,63515106.93,7.87E-09,7.87E-09,11536.00291,5768.001456,5768.001456,0,0,0,1.047619768,0.523809884,,9.08E-05,,9.08E-05,0.5,1,0.5,1,5768.001456,5768.001456,5768.001456,0,0,1,0,7.87E-09,31757553.47
15380475.39,5022890.548,15383475.39,5022890.548,15383475.39,5019890.548,15380475.39,5019890.548,63515106.93,0,0,0,0,0,0,0,0,0,0,,0,,0,0,0,0,0,0,0,0,0,0,0,0,0,0
15380475.39,5019890.548,15383475.39,5019890.548,15383475.39,5016890.548,15380475.39,5016890.548,63515106.93,7.87E-09,7.87E-09,8695.519426,4347.759713,4347.759713,0,0,0,0.595228928,0.297614464,,6.85E-05,,6.85E-05,0.5,1,0.5,1,4347.759713,4347.759713,4347.759713,0,0,1,0,7.87E-09,31757553.47
15380475.39,5016890.548,15383475.39,5016890.548,15383475.39,5013890.548,15380475.39,5013890.548,63515106.93,7.87E-09,7.87E-09,12463.20832,6231.604161,6231.604161,0,0,0,1.222792255,0.611396127,,9.81E-05,,9.81E-05,0.5,1,0.5,1,6231.604161,6231.604161,6231.604161,0,0,1,0,7.87E-09,31757553.47
15380475.39,5013890.548,15383475.39,5013890.548,15383475.39,5010890.548,15380475.39,5010890.548,63515106.93,7.87E-09,7.87E-09,11223.52294,5611.761469,5611.761469,0,0,0,0.991633906,0.495816953,,8.84E-05,,8.84E-05,0.5,1,0.5,1,5611.761469,5611.761469,5611.761469,0,0,1,0,7.87E-09,31757553.47
15380475.39,5010890.548,15383475.39,5010890.548,15383475.39,5007890.548,15380475.39,5007890.548,63515106.93,0,0,0,0,0,0,0,0,0,0,,0,,0,0,0,0,0,0,0,0,0,0,0,0,0,0
15380475.39,5007890.548,15383475.39,5007890.548,15383475.39,5004890.548,15380475.39,5004890.548,63515106.93,0,0,0,0,0,0,0,0,0,0,,0,,0,0,0,0,0,0,0,0,0,0,0,0,0,0
15380475.39,5004890.548,15383475.39,5004890.548,15383475.39,5001890.548,15380475.39,5001890.548,63515106.93,0,0,0,0,0,0,0,0,0,0,,0,,0,0,0,0,0,0,0,0,0,0,0,0,0,0
15380475.39,5001890.548,15383475.39,5001890.548,15383475.39,4998890.548,15380475.39,4998890.548,63515106.93,7.87E-09,7.87E-09,4524.596377,2262.298188,2262.298188,0,0,0,0.161158293,0.080579146,,3.56E-05,,3.56E-05,0.5,1,0.5,1,2262.298188,2262.298188,2262.298188,0,0,1,0,7.87E-09,31757553.47
15380475.39,4998890.548,15383475.39,4998890.548,15383475.39,4995890.548,15380475.39,4995890.548,63515106.93,7.87E-09,7.87E-09,8221.832485,4110.916242,4110.916242,0,0,0,0.532145285,0.266072643,,6.47E-05,,6.47E-05,0.5,1,0.5,1,4110.916242,4110.916242,4110.916242,0,0,1,0,7.87E-09,31757553.47
15380475.39,4995890.548,15383475.39,4995890.548,15383475.39,4992890.548,15380475.39,4992890.548,63515106.93,7.87E-09,7.87E-09,6809.823149,3404.911574,3404.911574,0,0,0,0.365060326,0.182530163,,5.36E-05,,5.36E-05,0.5,1,0.5,1,3404.911574,3404.911574,3404.911574,0,0,1,0,7.87E-09,31757553.47
15380475.39,4992890.548,15383475.39,4992890.548,15383475.39,4989890.548,15380475.39,4989890.548,63515106.93,0,0,0,0,0,0,0,0,0,0,,0,,0,0,0,0,0,0,0,0,0,0,0,0,0,0
15380475.39,4989890.548,15383475.39,4989890.548,15383475.39,4986890.548,15380475.39,4986890.548,63515106.93,0,0,0,0,0,0,0,0,0,0,,0,,0,0,0,0,0,0,0,0,0,0,0,0,0,0
15380475.39,4986890.548,15383475.39,4986890.548,15383475.39,4983890.548,15380475.39,4983890.548,63515106.93,0,0,0,0,0,0,0,0,0,0,,0,,0,0,0,0,0,0,0,0,0,0,0,0,0,0
15380475.39,4983890.548,15383475.39,4983890.548,15383475.39,4980890.548,15380475.39,4980890.548,63515106.93,0,0,0,0,0,0,0,0,0,0,,0,,0,0,0,0,0,0,0,0,0,0,0,0,0,0
15380475.39,4980890.548,15383475.39,4980890.548,15383475.39,4977890.548,15380475.39,4977890.548,63515106.93,0,0,0,0,0,0,0,0,0,0,,0,,0,0,0,0,0,0,0,0,0,0,0,0,0,0
15380475.39,4977890.548,15383475.39,4977890.548,15383475.39,4974890.548,15380475.39,4974890.548,63515106.93,0,0,0,0,0,0,0,0,0,0,,0,,0,0,0,0,0,0,0,0,0,0,0,0,0,0
15380475.39,4974890.548,15383475.39,4974890.548,15383475.39,4971890.548,15380475.39,4971890.548,63515106.93,0,0,0,0,0,0,0,0,0,0,,0,,0,0,0,0,0,0,0,0,0,0,0,0,0,0
15380475.39,4971890.548,15383475.39,4971890.548,15383475.39,4968890.548,15380475.39,4968890.548,63515106.93,0,0,0,0,0,0,0,0,0,0,,0,,0,0,0,0,0,0,0,0,0,0,0,0,0,0
15380475.39,4968890.548,15383475.39,4968890.548,15383475.39,4965890.548,15380475.39,4965890.548,63515106.93,0,0,0,0,0,0,0,0,0,0,,0,,0,0,0,0,0,0,0,0,0,0,0,0,0,0
15380475.39,4965890.548,15383475.39,4965890.548,15383475.39,4962890.548,15380475.39,4962890.548,63515106.93,0,0,0,0,0,0,0,0,0,0,,0,,0,0,0,0,0,0,0,0,0,0,0,0,0,0
15380475.39,4962890.548,15383475.39,4962890.548,15383475.39,4959890.548,15380475.39,4959890.548,63515106.93,0,0,0,0,0,0,0,0,0,0,,0,,0,0,0,0,0,0,0,0,0,0,0,0,0,0
15380475.39,4959890.548,15383475.39,4959890.548,15383475.39,4956890.548,15380475.39,4956890.548,63515106.93,0,0,0,0,0,0,0,0,0,0,,0,,0,0,0,0,0,0,0,0,0,0,0,0,0,0
15380475.39,4956890.548,15383475.39,4956890.548,15383475.39,4953890.548,15380475.39,4953890.548,63515106.93,0,0,0,0,0,0,0,0,0,0,,0,,0,0,0,0,0,0,0,0,0,0,0,0,0,0
15380475.39,4953890.548,15383475.39,4953890.548,15383475.39,4950890.548,15380475.39,4950890.548,63515106.93,0,0,0,0,0,0,0,0,0,0,,0,,0,0,0,0,0,0,0,0,0,0,0,0,0,0
15380475.39,4950890.548,15383475.39,4950890.548,15383475.39,4947890.548,15380475.39,4947890.548,63515106.93,0,0,0,0,0,0,0,0,0,0,,0,,0,0,0,0,0,0,0,0,0,0,0,0,0,0
15380475.39,4947890.548,15383475.39,4947890.548,15383475.39,4944890.548,15380475.39,4944890.548,63515106.93,0,0,0,0,0,0,0,0,0,0,,0,,0,0,0,0,0,0,0,0,0,0,0,0,0,0
15380475.39,4944890.548,15383475.39,4944890.548,15383475.39,4941890.548,15380475.39,4941890.548,63515106.93,0,0,0,0,0,0,0,0,0,0,,0,,0,0,0,0,0,0,0,0,0,0,0,0,0,0
15383475.39,5121890.548,15386475.39,5121890.548,15386475.39,5118890.548,15383475.39,5118890.548,63515106.93,0,0,0,0,0,0,0,0,0,0,,0,,0,0,0,0,0,0,0,0,0,0,0,0,0,0
15383475.39,5118890.548,15386475.39,5118890.548,15386475.39,5115890.548,15383475.39,5115890.548,63515106.93,0,0,0,0,0,0,0,0,0,0,,0,,0,0,0,0,0,0,0,0,0,0,0,0,0,0
15383475.39,5115890.548,15386475.39,5115890.548,15386475.39,5112890.548,15383475.39,5112890.548,63515106.93,0,0,0,0,0,0,0,0,0,0,,0,,0,0,0,0,0,0,0,0,0,0,0,0,0,0
15383475.39,5112890.548,15386475.39,5112890.548,15386475.39,5109890.548,15383475.39,5109890.548,63515106.93,0,0,0,0,0,0,0,0,0,0,,0,,0,0,0,0,0,0,0,0,0,0,0,0,0,0
15383475.39,5109890.548,15386475.39,5109890.548,15386475.39,5106890.548,15383475.39,5106890.548,63515106.93,0,0,0,0,0,0,0,0,0,0,,0,,0,0,0,0,0,0,0,0,0,0,0,0,0,0
15383475.39,5106890.548,15386475.39,5106890.548,15386475.39,5103890.548,15383475.39,5103890.548,63515106.93,0,0,0,0,0,0,0,0,0,0,,0,,0,0,0,0,0,0,0,0,0,0,0,0,0,0
15383475.39,5103890.548,15386475.39,5103890.548,15386475.39,5100890.548,15383475.39,5100890.548,63515106.93,0,0,0,0,0,0,0,0,0,0,,0,,0,0,0,0,0,0,0,0,0,0,0,0,0,0
15383475.39,5100890.548,15386475.39,5100890.548,15386475.39,5097890.548,15383475.39,5097890.548,63515106.93,0,0,0,0,0,0,0,0,0,0,,0,,0,0,0,0,0,0,0,0,0,0,0,0,0,0
15383475.39,5097890.548,15386475.39,5097890.548,15386475.39,5094890.548,15383475.39,5094890.548,63515106.93,0,0,0,0,0,0,0,0,0,0,,0,,0,0,0,0,0,0,0,0,0,0,0,0,0,0
15383475.39,5094890.548,15386475.39,5094890.548,15386475.39,5091890.548,15383475.39,5091890.548,63515106.93,7.87E-09,7.87E-09,299.1918043,149.5959022,149.5959022,0,0,0,0.000704681,0.00035234,,2.36E-06,,2.36E-06,0.5,1,0.5,1,149.5959022,149.5959022,149.5959022,0,0,1,0,7.87E-09,31757553.47
15383475.39,5091890.548,15386475.39,5091890.548,15386475.39,5088890.548,15383475.39,5088890.548,63515106.93,7.87E-09,7.87E-09,5242.176976,2621.088488,2621.088488,0,0,0,0.21632979,0.108164895,,4.13E-05,,4.13E-05,0.5,1,0.5,1,2621.088488,2621.088488,2621.088488,0,0,1,0,7.87E-09,31757553.47
15383475.39,5088890.548,15386475.39,5088890.548,15386475.39,5085890.548,15383475.39,5085890.548,63515106.93,1.57E-08,1.57E-08,7026.64576,2788.011271,4238.634489,0,0,0,0.777354444,0.388677222,,0.00011063,,0.00011063,1,2,1,2,3513.32288,2788.011271,4238.634489,0,0,1,0,1.57E-08,63515106.93
15383475.39,5085890.548,15386475.39,5085890.548,15386475.39,5082890.548,15383475.39,5082890.548,63515106.93,1.57E-08,1.57E-08,13010.24275,2426.163185,5579.630856,0,0,0,2.664978848,0.888326283,,0.000204837,,0.000204837,1,3,1,3,4336.747585,2426.163185,5579.630856,0,0,1,0,1.57E-08,63515106.93
15383475.39,5082890.548,15386475.39,5082890.548,15386475.39,5079890.548,15383475.39,5079890.548,63515106.93,1.57E-08,1.57E-08,14364.94973,6698.491445,7666.458289,0,0,0,3.248861426,1.624430713,,0.000226166,,0.000226166,1,2,1,2,7182.474867,6698.491445,7666.458289,0,0,1,0,1.57E-08,63515106.93
15383475.39,5079890.548,15386475.39,5079890.548,15386475.39,5076890.548,15383475.39,5076890.548,63515106.93,0,0,0,1534.761088,7457.658348,0,0,0,0,0.636569875,,0.000141579,,0.000141579,0,2,0,2,4496.209718,1534.761088,7457.658348,0,0,0,0,0,0
15383475.39,5076890.548,15386475.39,5076890.548,15386475.39,5073890.548,15383475.39,5073890.548,63515106.93,7.87E-09,7.87E-09,643.9967996,321.9983998,321.9983998,0,0,0,0.003264829,0.001632414,,5.07E-06,,5.07E-06,0.5,1,0.5,1,321.9983998,321.9983998,321.9983998,0,0,1,0,7.87E-09,31757553.47
15383475.39,5073890.548,15386475.39,5073890.548,15386475.39,5070890.548,15383475.39,5070890.548,63515106.93,0,0,0,6769.633241,6769.633241,0,0,0,0,0.721528097,,0.000106583,,0.000106583,0,1,0,1,6769.633241,6769.633241,6769.633241,0,0,0,0,0,0
15383475.39,5070890.548,15386475.39,5070890.548,15386475.39,5067890.548,15383475.39,5067890.548,63515106.93,7.87E-09,7.87E-09,20276.71098,1134.617492,9003.737996,0,0,0,3.236592268,0.809148067,,0.000159621,,0.000159621,0.5,2,0.5,2,5069.177744,1134.617492,9003.737996,0,0,1,0,7.87E-09,31757553.47
15383475.39,5067890.548,15386475.39,5067890.548,15386475.39,5064890.548,15383475.39,5064890.548,63515106.93,7.87E-09,7.87E-09,31106.86978,1287.151171,7646.848522,0,0,0,7.617379502,1.26956325,,0.000244878,,0.000244878,0.5,3,0.5,3,5184.478296,1287.151171,7646.848522,0,0,1,0,7.87E-09,31757553.47
15383475.39,5064890.548,15386475.39,5064890.548,15386475.39,5061890.548,15383475.39,5061890.548,63515106.93,1.57E-08,1.57E-08,10526.339,2267.987719,8258.351285,0,0,0,1.744526903,0.872263452,,0.00016573,,0.00016573,1,2,1,2,5263.169502,2267.987719,8258.351285,0,0,1,0,1.57E-08,63515106.93
15383475.39,5061890.548,15386475.39,5061890.548,15386475.39,5058890.548,15383475.39,5058890.548,63515106.93,7.87E-08,4.72E-08,4742.492963,189.9558598,6245.512066,1.2,1.333333333,3.15E-08,1.770542521,1.475452101,,0.000373336,,0.000373336,5,8,3,6,3952.077469,189.9558598,8329.962419,0.4,0.666666667,6.666666667,2,6.000000031,127030215.9
15383475.39,5058890.548,15386475.39,5058890.548,15386475.39,5055890.548,15383475.39,5055890.548,63515106.93,7.87E-08,4.72E-08,4732.32417,1067.481722,5073.75561,1.2,1.333333333,3.15E-08,1.762957911,1.469131592,,0.000372535,,0.000372535,5,8,3,6,3943.603475,1067.481722,8604.454803,0.4,0.666666667,6.666666667,2,6.000000031,127030215.9
15383475.39,5055890.548,15386475.39,5055890.548,15386475.39,5052890.548,15383475.39,5052890.548,63515106.93,6.30E-08,4.72E-08,4472.350425,528.6717541,6022.465872,0.75,0.666666667,1.57E-08,1.259663679,0.62983184,,0.000281656,,0.000281656,4,9,3,8,2236.175212,528.6717541,6022.465872,0.25,0.333333333,3.833333333,1,3.000000039,158787768.3
15383475.39,5052890.548,15386475.39,5052890.548,15386475.39,5049890.548,15383475.39,5049890.548,63515106.93,3.94E-08,3.94E-08,7719.037934,273.1018852,8163.658105,0,0,0,2.345250977,0.977187907,,0.000303827,,0.000303827,2.5,6,2.5,6,3216.265806,273.1018852,8163.658105,0,0,1,0,3.94E-08,158787767.3
15383475.39,5049890.548,15386475.39,5049890.548,15386475.39,5046890.548,15383475.39,5046890.548,63515106.93,3.15E-08,3.15E-08,11372.32457,913.9449119,8893.257286,0,0,0,4.072409617,1.357469872,,0.000358098,,0.000358098,2,6,2,6,3790.774857,913.9449119,8893.257286,0,0,1,0,3.15E-08,127030213.9
15383475.39,5046890.548,15386475.39,5046890.548,15386475.39,5043890.548,15383475.39,5043890.548,63515106.93,1.57E-08,1.57E-08,22308.62897,59.6100473,8870.219015,0,0,0,7.835536308,1.567107262,,0.000351233,,0.000351233,1,5,1,5,4461.725794,59.6100473,8870.219015,0,0,1,0,1.57E-08,63515106.93
15383475.39,5043890.548,15386475.39,5043890.548,15386475.39,5040890.548,15383475.39,5040890.548,63515106.93,7.87E-09,7.87E-09,35569.70025,421.3698012,8967.75874,0,0,0,9.959863385,1.659977231,,0.00028001,,0.00028001,0.5,3,0.5,3,5928.283375,421.3698012,8967.758724,0,0,1,0,7.87E-09,31757553.47
15383475.39,5040890.548,15386475.39,5040890.548,15386475.39,5037890.548,15383475.39,5037890.548,63515106.93,2.36E-08,2.36E-08,12958.81123,205.2941634,7367.52963,0,0,0,3.965925506,0.991481376,,0.000306041,,0.000306041,1.5,6,1.5,6,3239.702806,205.2941634,7367.529845,0,0,1,0,2.36E-08,95272660.4
15383475.39,5037890.548,15386475.39,5037890.548,15386475.39,5034890.548,15383475.39,5034890.548,63515106.93,2.36E-08,2.36E-08,9682.35798,2803.956042,8150.963341,0,0,0,2.21399429,1.106997145,,0.000228663,,0.000228663,1.5,3,1.5,3,4841.17899,2803.956042,8150.963341,0,0,1,0,2.36E-08,95272660.4
15383475.39,5034890.548,15386475.39,5034890.548,15386475.39,5031890.548,15383475.39,5031890.548,63515106.93,2.36E-08,2.36E-08,9977.467766,3568.617588,6437.152325,0,0,0,2.351012251,1.175506126,,0.000235632,,0.000235632,1.5,3,1.5,3,4988.733883,3568.617588,6437.152325,0,0,1,0,2.36E-08,95272660.4
15383475.39,5031890.548,15386475.39,5031890.548,15386475.39,5028890.548,15383475.39,5028890.548,63515106.93,3.15E-08,3.15E-08,6368.587167,1450.174998,4249.050728,0,0,0,1.27714191,0.638570955,,0.000200538,,0.000200538,2,4,2,4,3184.293584,1450.174998,4249.050728,0,0,1,0,3.15E-08,127030213.9
15383475.39,5028890.548,15386475.39,5028890.548,15386475.39,5025890.548,15383475.39,5025890.548,63515106.93,1.57E-08,1.57E-08,6116.395305,2272.443559,3843.951746,0,0,0,0.588998324,0.294499162,,9.63E-05,,9.63E-05,1,2,1,2,3058.197652,2272.443559,3843.951746,0,0,1,0,1.57E-08,63515106.93
15383475.39,5025890.548,15386475.39,5025890.548,15386475.39,5022890.548,15383475.39,5022890.548,63515106.93,7.87E-09,7.87E-09,6281.849071,3140.924535,3140.924535,0,0,0,0.310647574,0.155323787,,4.95E-05,,4.95E-05,0.5,1,0.5,1,3140.924535,3140.924535,3140.924535,0,0,1,0,7.87E-09,31757553.47
15383475.39,5022890.548,15386475.39,5022890.548,15386475.39,5019890.548,15383475.39,5019890.548,63515106.93,0,0,0,0,0,0,0,0,0,0,,0,,0,0,0,0,0,0,0,0,0,0,0,0,0,0
15383475.39,5019890.548,15386475.39,5019890.548,15386475.39,5016890.548,15383475.39,5016890.548,63515106.93,0,0,0,5209.174619,5209.174619,0,0,0,0,0.427229072,,8.20E-05,,8.20E-05,0,1,0,1,5209.174619,5209.174619,5209.174619,0,0,0,0,0,0
15383475.39,5016890.548,15386475.39,5016890.548,15386475.39,5013890.548,15383475.39,5013890.548,63515106.93,0,0,0,8895.875943,8895.875943,0,0,0,0,1.245949391,,0.000140059,,0.000140059,0,1,0,1,8895.875943,8895.875943,8895.875943,0,0,0,0,0,0
15383475.39,5013890.548,15386475.39,5013890.548,15386475.39,5010890.548,15383475.39,5010890.548,63515106.93,0,0,0,7684.277489,7684.277489,0,0,0,0,0.929670489,,0.000120983,,0.000120983,0,1,0,1,7684.277489,7684.277489,7684.277489,0,0,0,0,0,0
15383475.39,5010890.548,15386475.39,5010890.548,15386475.39,5007890.548,15383475.39,5007890.548,63515106.93,0,0,0,0,0,0,0,0,0,0,,0,,0,0,0,0,0,0,0,0,0,0,0,0,0,0
15383475.39,5007890.548,15386475.39,5007890.548,15386475.39,5004890.548,15383475.39,5004890.548,63515106.93,0,0,0,0,0,0,0,0,0,0,,0,,0,0,0,0,0,0,0,0,0,0,0,0,0,0
15383475.39,5004890.548,15386475.39,5004890.548,15386475.39,5001890.548,15383475.39,5001890.548,63515106.93,0,0,0,0,0,0,0,0,0,0,,0,,0,0,0,0,0,0,0,0,0,0,0,0,0,0
15383475.39,5001890.548,15386475.39,5001890.548,15386475.39,4998890.548,15383475.39,4998890.548,63515106.93,0,0,0,0,0,0,0,0,0,0,,0,,0,0,0,0,0,0,0,0,0,0,0,0,0,0
15383475.39,4998890.548,15386475.39,4998890.548,15386475.39,4995890.548,15383475.39,4995890.548,63515106.93,7.87E-09,7.87E-09,2119.5298,1059.7649,1059.7649,0,0,0,0.035364867,0.017682433,,1.67E-05,,1.67E-05,0.5,1,0.5,1,1059.7649,1059.7649,1059.7649,0,0,1,0,7.87E-09,31757553.47
15383475.39,4995890.548,15386475.39,4995890.548,15386475.39,4992890.548,15383475.39,4992890.548,63515106.93,7.87E-09,7.87E-09,1118.072499,559.0362495,559.0362495,0,0,0,0.009840857,0.004920428,,8.80E-06,,8.80E-06,0.5,1,0.5,1,559.0362495,559.0362495,559.0362495,0,0,1,0,7.87E-09,31757553.47
15383475.39,4992890.548,15386475.39,4992890.548,15386475.39,4989890.548,15383475.39,4989890.548,63515106.93,0,0,0,0,0,0,0,0,0,0,,0,,0,0,0,0,0,0,0,0,0,0,0,0,0,0
15383475.39,4989890.548,15386475.39,4989890.548,15386475.39,4986890.548,15383475.39,4986890.548,63515106.93,0,0,0,0,0,0,0,0,0,0,,0,,0,0,0,0,0,0,0,0,0,0,0,0,0,0
15383475.39,4986890.548,15386475.39,4986890.548,15386475.39,4983890.548,15383475.39,4983890.548,63515106.93,0,0,0,0,0,0,0,0,0,0,,0,,0,0,0,0,0,0,0,0,0,0,0,0,0,0
15383475.39,4983890.548,15386475.39,4983890.548,15386475.39,4980890.548,15383475.39,4980890.548,63515106.93,0,0,0,0,0,0,0,0,0,0,,0,,0,0,0,0,0,0,0,0,0,0,0,0,0,0
15383475.39,4980890.548,15386475.39,4980890.548,15386475.39,4977890.548,15383475.39,4977890.548,63515106.93,0,0,0,0,0,0,0,0,0,0,,0,,0,0,0,0,0,0,0,0,0,0,0,0,0,0
15383475.39,4977890.548,15386475.39,4977890.548,15386475.39,4974890.548,15383475.39,4974890.548,63515106.93,0,0,0,0,0,0,0,0,0,0,,0,,0,0,0,0,0,0,0,0,0,0,0,0,0,0
15383475.39,4974890.548,15386475.39,4974890.548,15386475.39,4971890.548,15383475.39,4971890.548,63515106.93,0,0,0,0,0,0,0,0,0,0,,0,,0,0,0,0,0,0,0,0,0,0,0,0,0,0
15383475.39,4971890.548,15386475.39,4971890.548,15386475.39,4968890.548,15383475.39,4968890.548,63515106.93,0,0,0,0,0,0,0,0,0,0,,0,,0,0,0,0,0,0,0,0,0,0,0,0,0,0
15383475.39,4968890.548,15386475.39,4968890.548,15386475.39,4965890.548,15383475.39,4965890.548,63515106.93,0,0,0,0,0,0,0,0,0,0,,0,,0,0,0,0,0,0,0,0,0,0,0,0,0,0
15383475.39,4965890.548,15386475.39,4965890.548,15386475.39,4962890.548,15383475.39,4962890.548,63515106.93,0,0,0,0,0,0,0,0,0,0,,0,,0,0,0,0,0,0,0,0,0,0,0,0,0,0
15383475.39,4962890.548,15386475.39,4962890.548,15386475.39,4959890.548,15383475.39,4959890.548,63515106.93,0,0,0,0,0,0,0,0,0,0,,0,,0,0,0,0,0,0,0,0,0,0,0,0,0,0
15383475.39,4959890.548,15386475.39,4959890.548,15386475.39,4956890.548,15383475.39,4956890.548,63515106.93,0,0,0,0,0,0,0,0,0,0,,0,,0,0,0,0,0,0,0,0,0,0,0,0,0,0
15383475.39,4956890.548,15386475.39,4956890.548,15386475.39,4953890.548,15383475.39,4953890.548,63515106.93,0,0,0,0,0,0,0,0,0,0,,0,,0,0,0,0,0,0,0,0,0,0,0,0,0,0
15383475.39,4953890.548,15386475.39,4953890.548,15386475.39,4950890.548,15383475.39,4950890.548,63515106.93,0,0,0,0,0,0,0,0,0,0,,0,,0,0,0,0,0,0,0,0,0,0,0,0,0,0
15383475.39,4950890.548,15386475.39,4950890.548,15386475.39,4947890.548,15383475.39,4947890.548,63515106.93,0,0,0,0,0,0,0,0,0,0,,0,,0,0,0,0,0,0,0,0,0,0,0,0,0,0
15383475.39,4947890.548,15386475.39,4947890.548,15386475.39,4944890.548,15383475.39,4944890.548,63515106.93,0,0,0,0,0,0,0,0,0,0,,0,,0,0,0,0,0,0,0,0,0,0,0,0,0,0
15383475.39,4944890.548,15386475.39,4944890.548,15386475.39,4941890.548,15383475.39,4941890.548,63515106.93,0,0,0,0,0,0,0,0,0,0,,0,,0,0,0,0,0,0,0,0,0,0,0,0,0,0
15386475.39,5121890.548,15389475.39,5121890.548,15389475.39,5118890.548,15386475.39,5118890.548,63515106.93,0,0,0,0,0,0,0,0,0,0,,0,,0,0,0,0,0,0,0,0,0,0,0,0,0,0
15386475.39,5118890.548,15389475.39,5118890.548,15389475.39,5115890.548,15386475.39,5115890.548,63515106.93,0,0,0,0,0,0,0,0,0,0,,0,,0,0,0,0,0,0,0,0,0,0,0,0,0,0
15386475.39,5115890.548,15389475.39,5115890.548,15389475.39,5112890.548,15386475.39,5112890.548,63515106.93,0,0,0,0,0,0,0,0,0,0,,0,,0,0,0,0,0,0,0,0,0,0,0,0,0,0
15386475.39,5112890.548,15389475.39,5112890.548,15389475.39,5109890.548,15386475.39,5109890.548,63515106.93,0,0,0,0,0,0,0,0,0,0,,0,,0,0,0,0,0,0,0,0,0,0,0,0,0,0
15386475.39,5109890.548,15389475.39,5109890.548,15389475.39,5106890.548,15386475.39,5106890.548,63515106.93,0,0,0,0,0,0,0,0,0,0,,0,,0,0,0,0,0,0,0,0,0,0,0,0,0,0
15386475.39,5106890.548,15389475.39,5106890.548,15389475.39,5103890.548,15386475.39,5103890.548,63515106.93,0,0,0,0,0,0,0,0,0,0,,0,,0,0,0,0,0,0,0,0,0,0,0,0,0,0
15386475.39,5103890.548,15389475.39,5103890.548,15389475.39,5100890.548,15386475.39,5100890.548,63515106.93,0,0,0,0,0,0,0,0,0,0,,0,,0,0,0,0,0,0,0,0,0,0,0,0,0,0
15386475.39,5100890.548,15389475.39,5100890.548,15389475.39,5097890.548,15386475.39,5097890.548,63515106.93,0,0,0,0,0,0,0,0,0,0,,0,,0,0,0,0,0,0,0,0,0,0,0,0,0,0
15386475.39,5097890.548,15389475.39,5097890.548,15389475.39,5094890.548,15386475.39,5094890.548,63515106.93,0,0,0,0,0,0,0,0,0,0,,0,,0,0,0,0,0,0,0,0,0,0,0,0,0,0
15386475.39,5094890.548,15389475.39,5094890.548,15389475.39,5091890.548,15386475.39,5091890.548,63515106.93,1.57E-08,1.57E-08,1067.972245,516.3382541,551.6339904,0,0,0,0.017957377,0.008978688,,1.68E-05,,1.68E-05,1,2,1,2,533.9861223,516.3382541,551.6339904,0,0,1,0,1.57E-08,63515106.93
15386475.39,5091890.548,15389475.39,5091890.548,15389475.39,5088890.548,15386475.39,5088890.548,63515106.93,1.57E-08,1.57E-08,6856.674389,2669.582628,4187.091761,0,0,0,0.740201598,0.370100799,,0.000107953,,0.000107953,1,2,1,2,3428.337194,2669.582628,4187.091761,0,0,1,0,1.57E-08,63515106.93
15386475.39,5088890.548,15389475.39,5088890.548,15389475.39,5085890.548,15386475.39,5085890.548,63515106.93,3.94E-08,3.94E-08,4277.557608,1076.171464,4569.988104,0,0,0,0.720202641,0.45012665,,0.000168368,,0.000168368,2.5,4,2.5,4,2673.473505,1076.171464,4569.988104,0,0,1,0,3.94E-08,158787767.3
15386475.39,5085890.548,15389475.39,5085890.548,15389475.39,5082890.548,15386475.39,5082890.548,63515106.93,2.36E-08,2.36E-08,8223.75257,644.5983688,7853.93774,0,0,0,1.59718159,0.798590795,,0.000194216,,0.000194216,1.5,3,1.5,3,4111.876285,644.5983688,7853.93774,0,0,1,0,2.36E-08,95272660.4
15386475.39,5082890.548,15389475.39,5082890.548,15389475.39,5079890.548,15386475.39,5079890.548,63515106.93,3.15E-08,3.15E-08,7730.422033,203.177863,7466.467891,0,0,0,1.881738934,0.940869467,,0.00024342,,0.00024342,2,4,2,4,3865.211017,203.177863,7466.467891,0,0,1,0,3.15E-08,127030213.9
15386475.39,5079890.548,15389475.39,5079890.548,15389475.39,5076890.548,15386475.39,5076890.548,63515106.93,3.15E-08,3.15E-08,7284.26559,1582.985707,5535.206707,0,0,0,1.670800153,0.835400077,,0.000229371,,0.000229371,2,4,2,4,3642.132795,1582.985707,5535.206707,0,0,1,0,3.15E-08,127030213.9
15386475.39,5076890.548,15389475.39,5076890.548,15389475.39,5073890.548,15386475.39,5073890.548,63515106.93,3.15E-08,3.15E-08,3978.015594,129.053479,3373.238095,0,0,0,0.498294306,0.249147153,,0.000125262,,0.000125262,2,4,2,4,1989.007797,129.053479,3373.238095,0,0,1,0,3.15E-08,127030213.9
15386475.39,5073890.548,15389475.39,5073890.548,15389475.39,5070890.548,15386475.39,5070890.548,63515106.93,2.36E-08,2.36E-08,6003.73603,857.5997623,3226.437174,0,0,0,0.851250546,0.319218955,,0.000141787,,0.000141787,1.5,4,1.5,4,2251.401011,857.5997623,3226.437174,0,0,1,0,2.36E-08,95272660.4
15386475.39,5070890.548,15389475.39,5070890.548,15389475.39,5067890.548,15386475.39,5067890.548,63515106.93,3.94E-08,2.36E-08,5811.578038,822.9401356,7475.736697,1.2,1.333333333,1.57E-08,1.329386067,1.107821723,,0.000228748,,0.000228748,2.5,4,1.5,3,4842.981698,3407.649834,7475.736697,0.4,0.666666667,3.666666667,1,3.000000016,63515107.93
15386475.39,5067890.548,15389475.39,5067890.548,15389475.39,5064890.548,15386475.39,5064890.548,63515106.93,3.15E-08,1.57E-08,7481.460431,2611.374733,6433.134105,1.5,2,1.57E-08,1.762486214,1.174990809,,0.000235581,,0.000235581,2,4,1,3,4987.640287,3095.793563,6433.134105,0.5,1,3.5,1,3.000000008,31757554.47
15386475.39,5064890.548,15389475.39,5064890.548,15389475.39,5061890.548,15386475.39,5061890.548,63515106.93,3.15E-08,1.57E-08,6998.512418,1156.849321,5296.783187,1.5,2,1.57E-08,1.542284298,0.771142149,,0.000220373,,0.000220373,2,5,1,4,3499.256209,1156.849321,5296.783187,0.5,1,3.5,1,3.000000008,31757554.47
15386475.39,5061890.548,15389475.39,5061890.548,15389475.39,5058890.548,15386475.39,5058890.548,63515106.93,7.08E-08,3.94E-08,4624.403407,32.47671463,4550.280667,1.333333333,1.6,3.15E-08,1.515119561,1.363607605,,0.000327636,,0.000327636,4.5,7,2.5,5,4161.963067,32.47671463,8125.983788,0.444444444,0.8,6.6,2,6.000000024,95272662.4
15386475.39,5058890.548,15389475.39,5058890.548,15389475.39,5055890.548,15386475.39,5055890.548,63515106.93,8.66E-08,5.51E-08,4822.331914,697.9032286,6976.994225,1.090909091,1.142857143,3.15E-08,2.013723572,1.582211378,,0.000417583,,0.000417583,5.5,9,3.5,7,3788.975076,697.9032286,8750.882949,0.363636364,0.571428571,6.714285714,2,6.000000039,158787769.3
15386475.39,5055890.548,15389475.39,5055890.548,15389475.39,5052890.548,15386475.39,5052890.548,63515106.93,8.66E-08,7.08E-08,5275.282898,398.3319649,7012.128192,0.545454545,0.444444444,1.57E-08,2.40977872,1.472642551,,0.000456806,,0.000456806,5.5,10,4.5,9,3223.783993,398.3319649,7012.128192,0.181818182,0.222222222,3.888888889,1,3.000000063,254060428.7
15386475.39,5052890.548,15389475.39,5052890.548,15389475.39,5049890.548,15386475.39,5049890.548,63515106.93,8.66E-08,8.66E-08,5514.895711,228.9203643,6806.792621,0,0,0,2.633663375,1.609460951,,0.000477555,,0.000477555,5.5,9,5.5,9,3370.214046,228.9199718,6806.792621,0,0,1,0,8.66E-08,349333088.1
15386475.39,5049890.548,15389475.39,5049890.548,15389475.39,5046890.548,15386475.39,5046890.548,63515106.93,5.51E-08,5.51E-08,7753.357967,2522.671731,8797.637547,0,0,0,3.312612847,1.932357494,,0.000427249,,0.000427249,3.5,6,3.5,6,4522.792148,2522.671731,8797.637547,0,0,1,0,5.51E-08,222302874.3
15386475.39,5046890.548,15389475.39,5046890.548,15389475.39,5043890.548,15386475.39,5043890.548,63515106.93,1.57E-08,1.57E-08,25743.62272,953.5615871,8435.753667,0,0,0,10.43427529,2.086855057,,0.000405315,,0.000405315,1,5,1,5,5148.724543,953.5615871,8435.753667,0,0,1,0,1.57E-08,63515106.93
15386475.39,5043890.548,15389475.39,5043890.548,15389475.39,5040890.548,15386475.39,5040890.548,63515106.93,3.94E-08,2.36E-08,8912.204015,546.0939899,6485.58199,1.2,1.333333333,1.57E-08,3.126318455,1.563159228,,0.000350791,,0.000350791,2.5,6,1.5,5,4456.102007,546.0939899,8728.375415,0.4,0.666666667,3.666666667,1,3.000000016,63515107.93
15386475.39,5040890.548,15389475.39,5040890.548,15389475.39,5037890.548,15386475.39,5037890.548,63515106.93,4.72E-08,3.15E-08,6494.57916,2846.199867,5053.748597,1,1,1.57E-08,1.992261078,1.494195808,,0.000306758,,0.000306758,3,5,2,4,4870.93437,2846.199867,8228.818861,0.333333333,0.5,3.75,1,3.000000024,95272661.4
15386475.39,5037890.548,15389475.39,5037890.548,15389475.39,5034890.548,15386475.39,5034890.548,63515106.93,4.72E-08,4.72E-08,4847.543745,2846.199867,4833.117481,0,0,0,1.109909823,0.832432367,,0.000228963,,0.000228963,3,4,3,4,3635.657809,2846.199867,4833.117481,0,0,1,0,4.72E-08,190545320.8
15386475.39,5034890.548,15389475.39,5034890.548,15389475.39,5031890.548,15386475.39,5031890.548,63515106.93,3.15E-08,3.15E-08,5831.502103,3568.617588,4212.04603,0,0,0,1.070813494,0.713875662,,0.000183626,,0.000183626,2,3,2,3,3887.668069,3568.617588,4212.04603,0,0,1,0,3.15E-08,127030213.9
15386475.39,5031890.548,15389475.39,5031890.548,15389475.39,5028890.548,15386475.39,5028890.548,63515106.93,1.57E-08,1.57E-08,4544.111004,2198.128289,2345.982715,0,0,0,0.32510289,0.162551445,,7.15E-05,,7.15E-05,1,2,1,2,2272.055502,2198.128289,2345.982715,0,0,1,0,1.57E-08,63515106.93
15386475.39,5028890.548,15389475.39,5028890.548,15389475.39,5025890.548,15386475.39,5025890.548,63515106.93,7.87E-09,7.87E-09,1273.618654,636.8093272,636.8093272,0,0,0,0.012769438,0.006384719,,1.00E-05,,1.00E-05,0.5,1,0.5,1,636.8093272,636.8093272,636.8093272,0,0,1,0,7.87E-09,31757553.47
15386475.39,5025890.548,15389475.39,5025890.548,15389475.39,5022890.548,15386475.39,5022890.548,63515106.93,7.87E-09,7.87E-09,791.3504003,395.6752002,395.6752002,0,0,0,0.004929815,0.002464908,,6.23E-06,,6.23E-06,0.5,1,0.5,1,395.6752002,395.6752002,395.6752002,0,0,1,0,7.87E-09,31757553.47
15386475.39,5022890.548,15389475.39,5022890.548,15389475.39,5019890.548,15386475.39,5019890.548,63515106.93,0,0,0,0,0,0,0,0,0,0,,0,,0,0,0,0,0,0,0,0,0,0,0,0,0,0
15386475.39,5019890.548,15389475.39,5019890.548,15389475.39,5016890.548,15386475.39,5016890.548,63515106.93,0,0,0,5587.242476,5587.242476,0,0,0,0,0.491493756,,8.80E-05,,8.80E-05,0,1,0,1,5587.242476,5587.242476,5587.242476,0,0,0,0,0,0
15386475.39,5016890.548,15389475.39,5016890.548,15389475.39,5013890.548,15386475.39,5013890.548,63515106.93,0,0,0,8948.737564,8948.737564,0,0,0,0,1.2608009,,0.000140891,,0.000140891,0,1,0,1,8948.737564,8948.737564,8948.737564,0,0,0,0,0,0
15386475.39,5013890.548,15389475.39,5013890.548,15389475.39,5010890.548,15386475.39,5010890.548,63515106.93,0,0,0,7475.095491,7475.095491,0,0,0,0,0.879744289,,0.00011769,,0.00011769,0,1,0,1,7475.095491,7475.095491,7475.095491,0,0,0,0,0,0
15386475.39,5010890.548,15389475.39,5010890.548,15389475.39,5007890.548,15386475.39,5007890.548,63515106.93,0,0,0,0,0,0,0,0,0,0,,0,,0,0,0,0,0,0,0,0,0,0,0,0,0,0
15386475.39,5007890.548,15389475.39,5007890.548,15389475.39,5004890.548,15386475.39,5004890.548,63515106.93,0,0,0,0,0,0,0,0,0,0,,0,,0,0,0,0,0,0,0,0,0,0,0,0,0,0
15386475.39,5004890.548,15389475.39,5004890.548,15389475.39,5001890.548,15386475.39,5001890.548,63515106.93,0,0,0,0,0,0,0,0,0,0,,0,,0,0,0,0,0,0,0,0,0,0,0,0,0,0
15386475.39,5001890.548,15389475.39,5001890.548,15389475.39,4998890.548,15386475.39,4998890.548,63515106.93,0,0,0,0,0,0,0,0,0,0,,0,,0,0,0,0,0,0,0,0,0,0,0,0,0,0
15386475.39,4998890.548,15389475.39,4998890.548,15389475.39,4995890.548,15386475.39,4995890.548,63515106.93,0,0,0,0,0,0,0,0,0,0,,0,,0,0,0,0,0,0,0,0,0,0,0,0,0,0
15386475.39,4995890.548,15389475.39,4995890.548,15389475.39,4992890.548,15386475.39,4992890.548,63515106.93,0,0,0,0,0,0,0,0,0,0,,0,,0,0,0,0,0,0,0,0,0,0,0,0,0,0
15386475.39,4992890.548,15389475.39,4992890.548,15389475.39,4989890.548,15386475.39,4989890.548,63515106.93,0,0,0,0,0,0,0,0,0,0,,0,,0,0,0,0,0,0,0,0,0,0,0,0,0,0
15386475.39,4989890.548,15389475.39,4989890.548,15389475.39,4986890.548,15386475.39,4986890.548,63515106.93,0,0,0,0,0,0,0,0,0,0,,0,,0,0,0,0,0,0,0,0,0,0,0,0,0,0
15386475.39,4986890.548,15389475.39,4986890.548,15389475.39,4983890.548,15386475.39,4983890.548,63515106.93,0,0,0,0,0,0,0,0,0,0,,0,,0,0,0,0,0,0,0,0,0,0,0,0,0,0
15386475.39,4983890.548,15389475.39,4983890.548,15389475.39,4980890.548,15386475.39,4980890.548,63515106.93,0,0,0,0,0,0,0,0,0,0,,0,,0,0,0,0,0,0,0,0,0,0,0,0,0,0
15386475.39,4980890.548,15389475.39,4980890.548,15389475.39,4977890.548,15386475.39,4977890.548,63515106.93,0,0,0,0,0,0,0,0,0,0,,0,,0,0,0,0,0,0,0,0,0,0,0,0,0,0
15386475.39,4977890.548,15389475.39,4977890.548,15389475.39,4974890.548,15386475.39,4974890.548,63515106.93,0,0,0,0,0,0,0,0,0,0,,0,,0,0,0,0,0,0,0,0,0,0,0,0,0,0
15386475.39,4974890.548,15389475.39,4974890.548,15389475.39,4971890.548,15386475.39,4971890.548,63515106.93,0,0,0,0,0,0,0,0,0,0,,0,,0,0,0,0,0,0,0,0,0,0,0,0,0,0
15386475.39,4971890.548,15389475.39,4971890.548,15389475.39,4968890.548,15386475.39,4968890.548,63515106.93,0,0,0,0,0,0,0,0,0,0,,0,,0,0,0,0,0,0,0,0,0,0,0,0,0,0
15386475.39,4968890.548,15389475.39,4968890.548,15389475.39,4965890.548,15386475.39,4965890.548,63515106.93,0,0,0,0,0,0,0,0,0,0,,0,,0,0,0,0,0,0,0,0,0,0,0,0,0,0
15386475.39,4965890.548,15389475.39,4965890.548,15389475.39,4962890.548,15386475.39,4962890.548,63515106.93,0,0,0,0,0,0,0,0,0,0,,0,,0,0,0,0,0,0,0,0,0,0,0,0,0,0
15386475.39,4962890.548,15389475.39,4962890.548,15389475.39,4959890.548,15386475.39,4959890.548,63515106.93,0,0,0,0,0,0,0,0,0,0,,0,,0,0,0,0,0,0,0,0,0,0,0,0,0,0
15386475.39,4959890.548,15389475.39,4959890.548,15389475.39,4956890.548,15386475.39,4956890.548,63515106.93,0,0,0,0,0,0,0,0,0,0,,0,,0,0,0,0,0,0,0,0,0,0,0,0,0,0
15386475.39,4956890.548,15389475.39,4956890.548,15389475.39,4953890.548,15386475.39,4953890.548,63515106.93,0,0,0,0,0,0,0,0,0,0,,0,,0,0,0,0,0,0,0,0,0,0,0,0,0,0
15386475.39,4953890.548,15389475.39,4953890.548,15389475.39,4950890.548,15386475.39,4950890.548,63515106.93,0,0,0,0,0,0,0,0,0,0,,0,,0,0,0,0,0,0,0,0,0,0,0,0,0,0
15386475.39,4950890.548,15389475.39,4950890.548,15389475.39,4947890.548,15386475.39,4947890.548,63515106.93,0,0,0,0,0,0,0,0,0,0,,0,,0,0,0,0,0,0,0,0,0,0,0,0,0,0
15386475.39,4947890.548,15389475.39,4947890.548,15389475.39,4944890.548,15386475.39,4944890.548,63515106.93,0,0,0,0,0,0,0,0,0,0,,0,,0,0,0,0,0,0,0,0,0,0,0,0,0,0
15386475.39,4944890.548,15389475.39,4944890.548,15389475.39,4941890.548,15386475.39,4941890.548,63515106.93,0,0,0,0,0,0,0,0,0,0,,0,,0,0,0,0,0,0,0,0,0,0,0,0,0,0
15389475.39,5121890.548,15392475.39,5121890.548,15392475.39,5118890.548,15389475.39,5118890.548,63515106.93,0,0,0,0,0,0,0,0,0,0,,0,,0,0,0,0,0,0,0,0,0,0,0,0,0,0
15389475.39,5118890.548,15392475.39,5118890.548,15392475.39,5115890.548,15389475.39,5115890.548,63515106.93,0,0,0,0,0,0,0,0,0,0,,0,,0,0,0,0,0,0,0,0,0,0,0,0,0,0
15389475.39,5115890.548,15392475.39,5115890.548,15392475.39,5112890.548,15389475.39,5112890.548,63515106.93,0,0,0,0,0,0,0,0,0,0,,0,,0,0,0,0,0,0,0,0,0,0,0,0,0,0
15389475.39,5112890.548,15392475.39,5112890.548,15392475.39,5109890.548,15389475.39,5109890.548,63515106.93,0,0,0,0,0,0,0,0,0,0,,0,,0,0,0,0,0,0,0,0,0,0,0,0,0,0
15389475.39,5109890.548,15392475.39,5109890.548,15392475.39,5106890.548,15389475.39,5106890.548,63515106.93,7.87E-09,7.87E-09,699.3866392,349.6933196,349.6933196,0,0,0,0.003850593,0.001925297,,5.51E-06,,5.51E-06,0.5,1,0.5,1,349.6933196,349.6933196,349.6933196,0,0,1,0,7.87E-09,31757553.47
15389475.39,5106890.548,15392475.39,5106890.548,15392475.39,5103890.548,15389475.39,5103890.548,63515106.93,0,0,0,0,0,0,0,0,0,0,,0,,0,0,0,0,0,0,0,0,0,0,0,0,0,0
15389475.39,5103890.548,15392475.39,5103890.548,15392475.39,5100890.548,15389475.39,5100890.548,63515106.93,0,0,0,0,0,0,0,0,0,0,,0,,0,0,0,0,0,0,0,0,0,0,0,0,0,0
15389475.39,5100890.548,15392475.39,5100890.548,15392475.39,5097890.548,15389475.39,5097890.548,63515106.93,0,0,0,0,0,0,0,0,0,0,,0,,0,0,0,0,0,0,0,0,0,0,0,0,0,0
15389475.39,5097890.548,15392475.39,5097890.548,15392475.39,5094890.548,15389475.39,5094890.548,63515106.93,7.87E-09,7.87E-09,3665.929138,1832.964569,1832.964569,0,0,0,0.105794016,0.052897008,,2.89E-05,,2.89E-05,0.5,1,0.5,1,1832.964569,1832.964569,1832.964569,0,0,1,0,7.87E-09,31757553.47
15389475.39,5094890.548,15392475.39,5094890.548,15392475.39,5091890.548,15389475.39,5091890.548,63515106.93,1.57E-08,1.57E-08,4698.434159,1632.96391,3065.470248,0,0,0,0.347559575,0.173779787,,7.40E-05,,7.40E-05,1,2,1,2,2349.217079,1632.96391,3065.470248,0,0,1,0,1.57E-08,63515106.93
15389475.39,5091890.548,15392475.39,5091890.548,15392475.39,5088890.548,15389475.39,5088890.548,63515106.93,2.36E-08,2.36E-08,6669.391626,1295.618398,5048.166542,0,0,0,1.050477283,0.525238642,,0.000157507,,0.000157507,1.5,3,1.5,3,3334.695813,1295.618398,5048.166542,0,0,1,0,2.36E-08,95272660.4
15389475.39,5088890.548,15392475.39,5088890.548,15392475.39,5085890.548,15389475.39,5085890.548,63515106.93,2.36E-08,2.36E-08,9940.128432,3839.202331,6663.158817,0,0,0,2.333448482,1.166724241,,0.00023475,,0.00023475,1.5,3,1.5,3,4970.064216,3839.202331,6663.158817,0,0,1,0,2.36E-08,95272660.4
15389475.39,5085890.548,15392475.39,5085890.548,15392475.39,5082890.548,15389475.39,5082890.548,63515106.93,3.15E-08,3.15E-08,9038.373411,1899.312558,4720.056333,0,0,0,2.572370507,1.028948203,,0.000284605,,0.000284605,2,5,2,5,3615.349364,1899.312558,4720.056333,0,0,1,0,3.15E-08,127030213.9
15389475.39,5082890.548,15392475.39,5082890.548,15392475.39,5079890.548,15389475.39,5079890.548,63515106.93,3.94E-08,3.94E-08,5254.478107,2529.492356,4716.970956,0,0,0,1.086731233,0.67920702,,0.00020682,,0.00020682,2.5,4,2.5,4,3284.048817,2529.492356,4716.970956,0,0,1,0,3.94E-08,158787767.3
15389475.39,5079890.548,15392475.39,5079890.548,15392475.39,5076890.548,15389475.39,5076890.548,63515106.93,4.72E-08,4.72E-08,5763.009394,2529.492356,5388.67275,0,0,0,1.568710762,0.941226457,,0.000272203,,0.000272203,3,5,3,5,3457.805636,2529.492356,5388.67275,0,0,1,0,4.72E-08,190545320.8
15389475.39,5076890.548,15392475.39,5076890.548,15392475.39,5073890.548,15389475.39,5073890.548,63515106.93,3.94E-08,3.94E-08,5193.423973,637.4056501,6530.029084,0,0,0,1.06162352,0.6635147,,0.000204417,,0.000204417,2.5,4,2.5,4,3245.889983,637.4056501,6530.029084,0,0,1,0,3.94E-08,158787767.3
15389475.39,5073890.548,15392475.39,5073890.548,15392475.39,5070890.548,15389475.39,5070890.548,63515106.93,2.36E-08,2.36E-08,6479.563391,4776.313482,4943.031605,0,0,0,0.991529664,0.743647248,,0.000153024,,0.000153024,1.5,2,1.5,2,4859.672543,4776.313482,4943.031605,0,0,1,0,2.36E-08,95272660.4
15389475.39,5070890.548,15392475.39,5070890.548,15392475.39,5067890.548,15389475.39,5067890.548,63515106.93,5.51E-08,3.94E-08,4559.255091,1537.05146,5343.104285,0.857142857,0.8,1.57E-08,1.14545701,1.002274883,,0.000251238,,0.000251238,3.5,5,2.5,4,3989.348205,1537.05146,5343.104285,0.285714286,0.4,3.8,1,3.000000031,127030214.9
15389475.39,5067890.548,15392475.39,5067890.548,15392475.39,5064890.548,15389475.39,5064890.548,63515106.93,4.72E-08,3.15E-08,6368.828862,2822.618437,5073.585512,1,1,1.57E-08,1.915858275,1.436893707,,0.000300818,,0.000300818,3,5,2,4,4776.621647,2879.46847,7896.203949,0.333333333,0.5,3.75,1,3.000000024,95272661.4
15389475.39,5064890.548,15392475.39,5064890.548,15392475.39,5061890.548,15389475.39,5061890.548,63515106.93,4.72E-08,3.15E-08,4551.059792,322.0093667,6759.160781,1,1,1.57E-08,0.978293806,0.586976283,,0.00021496,,0.00021496,3,6,2,5,2730.635875,322.0093667,8159.933819,0.333333333,0.5,3.75,1,3.000000024,95272661.4
15389475.39,5061890.548,15392475.39,5061890.548,15392475.39,5058890.548,15389475.39,5058890.548,63515106.93,4.72E-08,3.15E-08,8083.346576,1221.188583,6653.265303,1,1,1.57E-08,3.086218146,1.32266492,,0.0003818,,0.0003818,3,8,2,7,3464.29139,1561.860335,7874.453928,0.333333333,0.5,3.75,1,3.000000024,95272661.4
15389475.39,5058890.548,15392475.39,5058890.548,15392475.39,5055890.548,15389475.39,5055890.548,63515106.93,6.30E-08,4.72E-08,6178.65921,1421.485869,7388.057849,0.75,0.666666667,1.57E-08,2.404204698,1.602803132,,0.000389114,,0.000389114,4,7,3,6,4119.10614,1421.485869,8858.184675,0.25,0.333333333,3.833333333,1,3.000000039,158787768.3
15389475.39,5055890.548,15392475.39,5055890.548,15392475.39,5052890.548,15389475.39,5052890.548,63515106.93,9.45E-08,6.30E-08,3989.695351,233.4250643,5089.876874,0.666666667,0.5,1.57E-08,1.503673985,1.127755489,,0.000376889,,0.000376889,6,9,4,8,2992.271513,406.1137961,5089.876874,0.166666667,0.25,5,1.57E-08,4.000000063,254060427.7
15389475.39,5052890.548,15392475.39,5052890.548,15392475.39,5049890.548,15389475.39,5049890.548,63515106.93,1.65E-07,1.02E-07,3064.894542,253.6294043,4949.477978,0.761904762,0.615384615,3.15E-08,1.552899452,1.358787021,,0.000506673,,0.000506673,10.5,14,6.5,12,2681.782724,855.9669341,4949.477978,0.19047619,0.307692308,9,3.15E-08,8.000000102,412848195.1
15389475.39,5049890.548,15392475.39,5049890.548,15392475.39,5046890.548,15389475.39,5046890.548,63515106.93,1.42E-07,7.87E-08,4122.744434,253.6294043,7350.448062,0.888888889,0.8,3.15E-08,2.408453711,1.970553036,,0.000584187,,0.000584187,9,13,5,11,3373.154537,1046.207208,7350.448062,0.222222222,0.4,9,3.15E-08,8.000000079,317575534.7
15389475.39,5046890.548,15392475.39,5046890.548,15392475.39,5043890.548,15389475.39,5043890.548,63515106.93,2.36E-08,2.36E-08,15202.93004,1708.280116,8405.711136,0,0,0,5.4584435,1.63753305,,0.000359039,,0.000359039,1.5,5,1.5,5,4560.879011,1708.280116,8405.711136,0,0,1,0,2.36E-08,95272660.4
15389475.39,5043890.548,15392475.39,5043890.548,15392475.39,5040890.548,15389475.39,5040890.548,63515106.93,4.72E-08,3.15E-08,7664.246233,2846.199867,5224.402603,1,1,1.57E-08,2.774489715,1.664693829,,0.000362004,,0.000362004,3,6,2,5,4598.54774,2846.199867,8188.736473,0.333333333,0.5,3.75,1,3.000000024,95272661.4
15389475.39,5040890.548,15392475.39,5040890.548,15392475.39,5037890.548,15389475.39,5037890.548,63515106.93,5.51E-08,3.94E-08,5343.226566,2259.003509,6371.455906,0.857142857,0.8,1.57E-08,1.573251629,1.376595176,,0.000294439,,0.000294439,3.5,5,2.5,4,4675.323245,2259.003509,8762.972124,0.285714286,0.4,3.8,1,3.000000031,127030214.9
15389475.39,5037890.548,15392475.39,5037890.548,15392475.39,5034890.548,15389475.39,5034890.548,63515106.93,2.36E-08,2.36E-08,8016.130445,2747.904464,4833.117481,0,0,0,1.517552684,0.758776342,,0.000189312,,0.000189312,1.5,3,1.5,3,4008.065223,2747.904464,4833.117481,0,0,1,0,2.36E-08,95272660.4
15389475.39,5034890.548,15392475.39,5034890.548,15392475.39,5031890.548,15389475.39,5031890.548,63515106.93,1.57E-08,1.57E-08,4061.96995,1067.246654,2994.723296,0,0,0,0.259774417,0.129887208,,6.40E-05,,6.40E-05,1,2,1,2,2030.984975,1067.246654,2994.723296,0,0,1,0,1.57E-08,63515106.93
15389475.39,5031890.548,15392475.39,5031890.548,15392475.39,5028890.548,15389475.39,5028890.548,63515106.93,7.87E-09,7.87E-09,380.7140791,190.3570395,190.3570395,0,0,0,0.001141014,0.000570507,,3.00E-06,,3.00E-06,0.5,1,0.5,1,190.3570395,190.3570395,190.3570395,0,0,1,0,7.87E-09,31757553.47
15389475.39,5028890.548,15392475.39,5028890.548,15392475.39,5025890.548,15389475.39,5025890.548,63515106.93,0,0,0,0,0,0,0,0,0,0,,0,,0,0,0,0,0,0,0,0,0,0,0,0,0,0
15389475.39,5025890.548,15392475.39,5025890.548,15392475.39,5022890.548,15389475.39,5022890.548,63515106.93,0,0,0,0,0,0,0,0,0,0,,0,,0,0,0,0,0,0,0,0,0,0,0,0,0,0
15389475.39,5022890.548,15392475.39,5022890.548,15392475.39,5019890.548,15389475.39,5019890.548,63515106.93,0,0,0,0,0,0,0,0,0,0,,0,,0,0,0,0,0,0,0,0,0,0,0,0,0,0
15389475.39,5019890.548,15392475.39,5019890.548,15392475.39,5016890.548,15389475.39,5016890.548,63515106.93,0,0,0,6181.796247,6181.796247,0,0,0,0,0.601661663,,9.73E-05,,9.73E-05,0,1,0,1,6181.796247,6181.796247,6181.796247,0,0,0,0,0,0
15389475.39,5016890.548,15392475.39,5016890.548,15392475.39,5013890.548,15389475.39,5013890.548,63515106.93,0,0,0,8992.336066,8992.336066,0,0,0,0,1.273116143,,0.000141578,,0.000141578,0,1,0,1,8992.336066,8992.336066,8992.336066,0,0,0,0,0,0
15389475.39,5013890.548,15392475.39,5013890.548,15392475.39,5010890.548,15389475.39,5010890.548,63515106.93,0,0,0,7139.053146,7139.053146,0,0,0,0,0.80242453,,0.000112399,,0.000112399,0,1,0,1,7139.053146,7139.053146,7139.053146,0,0,0,0,0,0
15389475.39,5010890.548,15392475.39,5010890.548,15392475.39,5007890.548,15389475.39,5007890.548,63515106.93,0,0,0,0,0,0,0,0,0,0,,0,,0,0,0,0,0,0,0,0,0,0,0,0,0,0
15389475.39,5007890.548,15392475.39,5007890.548,15392475.39,5004890.548,15389475.39,5004890.548,63515106.93,0,0,0,0,0,0,0,0,0,0,,0,,0,0,0,0,0,0,0,0,0,0,0,0,0,0
15389475.39,5004890.548,15392475.39,5004890.548,15392475.39,5001890.548,15389475.39,5001890.548,63515106.93,0,0,0,0,0,0,0,0,0,0,,0,,0,0,0,0,0,0,0,0,0,0,0,0,0,0
15389475.39,5001890.548,15392475.39,5001890.548,15392475.39,4998890.548,15389475.39,4998890.548,63515106.93,0,0,0,0,0,0,0,0,0,0,,0,,0,0,0,0,0,0,0,0,0,0,0,0,0,0
15389475.39,4998890.548,15392475.39,4998890.548,15392475.39,4995890.548,15389475.39,4995890.548,63515106.93,0,0,0,0,0,0,0,0,0,0,,0,,0,0,0,0,0,0,0,0,0,0,0,0,0,0
15389475.39,4995890.548,15392475.39,4995890.548,15392475.39,4992890.548,15389475.39,4992890.548,63515106.93,0,0,0,0,0,0,0,0,0,0,,0,,0,0,0,0,0,0,0,0,0,0,0,0,0,0
15389475.39,4992890.548,15392475.39,4992890.548,15392475.39,4989890.548,15389475.39,4989890.548,63515106.93,0,0,0,0,0,0,0,0,0,0,,0,,0,0,0,0,0,0,0,0,0,0,0,0,0,0
15389475.39,4989890.548,15392475.39,4989890.548,15392475.39,4986890.548,15389475.39,4986890.548,63515106.93,0,0,0,0,0,0,0,0,0,0,,0,,0,0,0,0,0,0,0,0,0,0,0,0,0,0
15389475.39,4986890.548,15392475.39,4986890.548,15392475.39,4983890.548,15389475.39,4983890.548,63515106.93,0,0,0,0,0,0,0,0,0,0,,0,,0,0,0,0,0,0,0,0,0,0,0,0,0,0
15389475.39,4983890.548,15392475.39,4983890.548,15392475.39,4980890.548,15389475.39,4980890.548,63515106.93,0,0,0,0,0,0,0,0,0,0,,0,,0,0,0,0,0,0,0,0,0,0,0,0,0,0
15389475.39,4980890.548,15392475.39,4980890.548,15392475.39,4977890.548,15389475.39,4977890.548,63515106.93,0,0,0,0,0,0,0,0,0,0,,0,,0,0,0,0,0,0,0,0,0,0,0,0,0,0
15389475.39,4977890.548,15392475.39,4977890.548,15392475.39,4974890.548,15389475.39,4974890.548,63515106.93,0,0,0,0,0,0,0,0,0,0,,0,,0,0,0,0,0,0,0,0,0,0,0,0,0,0
15389475.39,4974890.548,15392475.39,4974890.548,15392475.39,4971890.548,15389475.39,4971890.548,63515106.93,0,0,0,0,0,0,0,0,0,0,,0,,0,0,0,0,0,0,0,0,0,0,0,0,0,0
15389475.39,4971890.548,15392475.39,4971890.548,15392475.39,4968890.548,15389475.39,4968890.548,63515106.93,0,0,0,0,0,0,0,0,0,0,,0,,0,0,0,0,0,0,0,0,0,0,0,0,0,0
15389475.39,4968890.548,15392475.39,4968890.548,15392475.39,4965890.548,15389475.39,4965890.548,63515106.93,0,0,0,0,0,0,0,0,0,0,,0,,0,0,0,0,0,0,0,0,0,0,0,0,0,0
15389475.39,4965890.548,15392475.39,4965890.548,15392475.39,4962890.548,15389475.39,4962890.548,63515106.93,0,0,0,0,0,0,0,0,0,0,,0,,0,0,0,0,0,0,0,0,0,0,0,0,0,0
15389475.39,4962890.548,15392475.39,4962890.548,15392475.39,4959890.548,15389475.39,4959890.548,63515106.93,0,0,0,0,0,0,0,0,0,0,,0,,0,0,0,0,0,0,0,0,0,0,0,0,0,0
15389475.39,4959890.548,15392475.39,4959890.548,15392475.39,4956890.548,15389475.39,4956890.548,63515106.93,0,0,0,0,0,0,0,0,0,0,,0,,0,0,0,0,0,0,0,0,0,0,0,0,0,0
15389475.39,4956890.548,15392475.39,4956890.548,15392475.39,4953890.548,15389475.39,4953890.548,63515106.93,0,0,0,0,0,0,0,0,0,0,,0,,0,0,0,0,0,0,0,0,0,0,0,0,0,0
15389475.39,4953890.548,15392475.39,4953890.548,15392475.39,4950890.548,15389475.39,4950890.548,63515106.93,0,0,0,0,0,0,0,0,0,0,,0,,0,0,0,0,0,0,0,0,0,0,0,0,0,0
15389475.39,4950890.548,15392475.39,4950890.548,15392475.39,4947890.548,15389475.39,4947890.548,63515106.93,0,0,0,0,0,0,0,0,0,0,,0,,0,0,0,0,0,0,0,0,0,0,0,0,0,0
15389475.39,4947890.548,15392475.39,4947890.548,15392475.39,4944890.548,15389475.39,4944890.548,63515106.93,0,0,0,0,0,0,0,0,0,0,,0,,0,0,0,0,0,0,0,0,0,0,0,0,0,0
15389475.39,4944890.548,15392475.39,4944890.548,15392475.39,4941890.548,15389475.39,4941890.548,63515106.93,0,0,0,0,0,0,0,0,0,0,,0,,0,0,0,0,0,0,0,0,0,0,0,0,0,0
15392475.39,5121890.548,15395475.39,5121890.548,15395475.39,5118890.548,15392475.39,5118890.548,63515106.93,0,0,0,0,0,0,0,0,0,0,,0,,0,0,0,0,0,0,0,0,0,0,0,0,0,0
15392475.39,5118890.548,15395475.39,5118890.548,15395475.39,5115890.548,15392475.39,5115890.548,63515106.93,0,0,0,0,0,0,0,0,0,0,,0,,0,0,0,0,0,0,0,0,0,0,0,0,0,0
15392475.39,5115890.548,15395475.39,5115890.548,15395475.39,5112890.548,15392475.39,5112890.548,63515106.93,0,0,0,0,0,0,0,0,0,0,,0,,0,0,0,0,0,0,0,0,0,0,0,0,0,0
15392475.39,5112890.548,15395475.39,5112890.548,15395475.39,5109890.548,15392475.39,5109890.548,63515106.93,7.87E-09,7.87E-09,7140.410685,3570.205343,3570.205343,0,0,0,0.401364866,0.200682433,,5.62E-05,,5.62E-05,0.5,1,0.5,1,3570.205343,3570.205343,3570.205343,0,0,1,0,7.87E-09,31757553.47
15392475.39,5109890.548,15395475.39,5109890.548,15395475.39,5106890.548,15392475.39,5106890.548,63515106.93,7.87E-09,7.87E-09,6430.533514,3215.266757,3215.266757,0,0,0,0.325526975,0.162763488,,5.06E-05,,5.06E-05,0.5,1,0.5,1,3215.266757,3215.266757,3215.266757,0,0,1,0,7.87E-09,31757553.47
15392475.39,5106890.548,15395475.39,5106890.548,15395475.39,5103890.548,15392475.39,5103890.548,63515106.93,7.87E-09,7.87E-09,1897.449023,948.7245116,948.7245116,0,0,0,0.028342177,0.014171088,,1.49E-05,,1.49E-05,0.5,1,0.5,1,948.7245116,948.7245116,948.7245116,0,0,1,0,7.87E-09,31757553.47
15392475.39,5103890.548,15395475.39,5103890.548,15395475.39,5100890.548,15392475.39,5100890.548,63515106.93,0,0,0,0,0,0,0,0,0,0,,0,,0,0,0,0,0,0,0,0,0,0,0,0,0,0
15392475.39,5100890.548,15395475.39,5100890.548,15395475.39,5097890.548,15392475.39,5097890.548,63515106.93,2.36E-08,2.36E-08,1063.518073,231.3591339,1007.461602,0,0,0,0.02671185,0.013355925,,2.51E-05,,2.51E-05,1.5,3,1.5,3,531.7590363,231.3591339,1007.461602,0,0,1,0,2.36E-08,95272660.4
15392475.39,5097890.548,15395475.39,5097890.548,15395475.39,5094890.548,15392475.39,5094890.548,63515106.93,1.57E-08,1.57E-08,7011.111584,3256.245711,3754.865873,0,0,0,0.773921166,0.386960583,,0.000110385,,0.000110385,1,2,1,2,3505.555792,3256.245711,3754.865873,0,0,1,0,1.57E-08,63515106.93
15392475.39,5094890.548,15395475.39,5094890.548,15395475.39,5091890.548,15392475.39,5091890.548,63515106.93,1.57E-08,1.57E-08,11756.98493,5621.690687,6135.294238,0,0,0,2.176280592,1.088140296,,0.000185105,,0.000185105,1,2,1,2,5878.492463,5621.690687,6135.294238,0,0,1,0,1.57E-08,63515106.93
15392475.39,5091890.548,15395475.39,5091890.548,15395475.39,5088890.548,15392475.39,5088890.548,63515106.93,2.36E-08,2.36E-08,10801.77948,854.5828416,7176.93959,0,0,0,2.755528068,1.033323025,,0.000255099,,0.000255099,1.5,4,1.5,4,4050.667305,854.5828416,7176.93959,0,0,1,0,2.36E-08,95272660.4
15392475.39,5088890.548,15395475.39,5088890.548,15395475.39,5085890.548,15392475.39,5085890.548,63515106.93,1.57E-08,1.57E-08,15673.66006,675.3069299,8980.247436,0,0,0,3.867798255,1.289266085,,0.000246771,,0.000246771,1,3,1,3,5224.553354,675.3069299,8980.247436,0,0,1,0,1.57E-08,63515106.93
15392475.39,5085890.548,15395475.39,5085890.548,15395475.39,5082890.548,15392475.39,5082890.548,63515106.93,2.36E-08,2.36E-08,12148.43826,2529.492356,7952.758746,0,0,0,3.485420068,1.742710034,,0.000286903,,0.000286903,1.5,3,1.5,3,6074.219132,2529.492356,7952.758746,0,0,1,0,2.36E-08,95272660.4
15392475.39,5082890.548,15395475.39,5082890.548,15395475.39,5079890.548,15392475.39,5079890.548,63515106.93,3.15E-08,3.15E-08,7981.167726,1477.403028,6359.398538,0,0,0,2.005791735,0.802316694,,0.000251316,,0.000251316,2,5,2,5,3192.467091,1477.403028,6359.398538,0,0,1,0,3.15E-08,127030213.9
15392475.39,5079890.548,15395475.39,5079890.548,15395475.39,5076890.548,15392475.39,5076890.548,63515106.93,3.94E-08,3.94E-08,5694.278467,735.3775211,7377.979828,0,0,0,1.276263586,0.797664741,,0.000224131,,0.000224131,2.5,4,2.5,4,3558.924042,735.3775211,7377.979828,0,0,1,0,3.94E-08,158787767.3
15392475.39,5076890.548,15395475.39,5076890.548,15395475.39,5073890.548,15392475.39,5073890.548,63515106.93,7.87E-09,7.87E-09,27106.68212,4606.939522,8946.401537,0,0,0,5.784231901,1.446057975,,0.000213388,,0.000213388,0.5,2,0.5,2,6776.670529,4606.939522,8946.401537,0,0,1,0,7.87E-09,31757553.47
15392475.39,5073890.548,15395475.39,5073890.548,15395475.39,5070890.548,15392475.39,5070890.548,63515106.93,3.15E-08,3.15E-08,8796.105678,1581.786294,6904.091736,0,0,0,2.436317242,1.218158621,,0.000276977,,0.000276977,2,4,2,4,4398.052839,1581.786294,6904.091736,0,0,1,0,3.15E-08,127030213.9
15392475.39,5070890.548,15395475.39,5070890.548,15395475.39,5067890.548,15392475.39,5067890.548,63515106.93,3.15E-08,3.15E-08,5878.455719,877.9266533,5101.842386,0,0,0,1.088126693,0.544063347,,0.000185104,,0.000185104,2,4,2,4,2939.227859,877.9266533,5101.842386,0,0,1,0,3.15E-08,127030213.9
15392475.39,5067890.548,15395475.39,5067890.548,15395475.39,5064890.548,15392475.39,5064890.548,63515106.93,3.94E-08,2.36E-08,6995.264607,897.554396,6571.209576,1.2,1.333333333,1.57E-08,1.926066462,1.203791539,,0.000275339,,0.000275339,2.5,5,1.5,4,4372.040379,897.554396,7653.786232,0.4,0.666666667,3.666666667,1,3.000000016,63515107.93
15392475.39,5064890.548,15395475.39,5064890.548,15395475.39,5061890.548,15392475.39,5061890.548,63515106.93,3.15E-08,3.15E-08,11208.053,1321.650282,8994.04902,0,0,0,3.955608614,1.582243445,,0.000352926,,0.000352926,2,5,2,5,4483.2212,1321.650282,8994.048995,0,0,1,0,3.15E-08,127030213.9
15392475.39,5061890.548,15395475.39,5061890.548,15395475.39,5058890.548,15392475.39,5058890.548,63515106.93,7.08E-08,3.94E-08,6016.419094,940.1721451,8102.287087,0.888888889,0.8,1.57E-08,2.564552783,1.923414587,,0.000426259,,0.000426259,4.5,7,2.5,6,4512.314321,1998.792138,8102.287097,0.222222222,0.4,5,1.57E-08,4.000000039,158787767.3
15392475.39,5058890.548,15395475.39,5058890.548,15395475.39,5055890.548,15392475.39,5055890.548,63515106.93,8.66E-08,5.51E-08,5165.337306,940.1721451,6044.600716,0.727272727,0.571428571,1.57E-08,2.310377944,1.588384837,,0.000447285,,0.000447285,5.5,9,3.5,8,3551.169398,2354.330654,6044.600726,0.181818182,0.285714286,5,1.57E-08,4.000000055,222302874.3
15392475.39,5055890.548,15395475.39,5055890.548,15395475.39,5052890.548,15392475.39,5052890.548,63515106.93,1.02E-07,7.08E-08,2674.011896,199.2984345,3971.549833,0.615384615,0.444444444,1.57E-08,0.731750441,0.475637787,,0.000273653,,0.000273653,6.5,11,4.5,10,1738.107733,199.2983897,3971.549833,0.153846154,0.222222222,5,1.57E-08,4.000000071,285817981.2
15392475.39,5052890.548,15395475.39,5052890.548,15395475.39,5049890.548,15392475.39,5049890.548,63515106.93,1.34E-07,7.08E-08,3098.950727,253.6294043,4271.215392,0.941176471,0.888888889,3.15E-08,1.285201531,0.993110274,,0.000414722,,0.000414722,8.5,13,4.5,11,2394.643744,412.1414541,4524.844797,0.235294118,0.444444444,9,3.15E-08,8.000000071,285817981.2
15392475.39,5049890.548,15395475.39,5049890.548,15395475.39,5046890.548,15392475.39,5046890.548,63515106.93,1.18E-07,5.51E-08,4578.753716,253.6294043,7192.899943,1.066666667,1.142857143,3.15E-08,2.475590447,1.856692835,,0.000540669,,0.000540669,7.5,12,3.5,10,3434.065287,1263.710714,7192.899943,0.266666667,0.571428571,9,3.15E-08,8.000000055,222302874.3
15392475.39,5046890.548,15395475.39,5046890.548,15395475.39,5043890.548,15392475.39,5043890.548,63515106.93,6.30E-08,3.15E-08,5559.155916,36.93409811,6590.091336,1,1,1.57E-08,1.946259149,1.297506099,,0.0003501,,0.0003501,4,7,2,6,3706.103944,135.5575149,6590.091336,0.25,0.5,5,1.57E-08,4.000000031,127030213.9
15392475.39,5043890.548,15395475.39,5043890.548,15395475.39,5040890.548,15392475.39,5040890.548,63515106.93,3.15E-08,3.15E-08,7082.336741,696.1042352,6352.323849,0,0,0,1.579450815,0.789725408,,0.000223013,,0.000223013,2,4,2,4,3541.16837,696.1042352,6352.323824,0,0,1,0,3.15E-08,127030213.9
15392475.39,5040890.548,15395475.39,5040890.548,15395475.39,5037890.548,15392475.39,5037890.548,63515106.93,1.57E-08,1.57E-08,7957.776674,1567.459377,6390.317293,0,0,0,0.997025946,0.498512973,,0.00012529,,0.00012529,1,2,1,2,3978.888337,1567.459377,6390.317297,0,0,1,0,1.57E-08,63515106.93
15392475.39,5037890.548,15395475.39,5037890.548,15395475.39,5034890.548,15392475.39,5034890.548,63515106.93,2.36E-08,2.36E-08,4611.031369,598.9083568,4325.546602,0,0,0,0.502123305,0.251061653,,0.000108896,,0.000108896,1.5,3,1.5,3,2305.515684,598.9083568,4325.546602,0,0,1,0,2.36E-08,95272660.4
15392475.39,5034890.548,15395475.39,5034890.548,15395475.39,5031890.548,15392475.39,5031890.548,63515106.93,7.87E-09,7.87E-09,1817.220013,908.6100067,908.6100067,0,0,0,0.025996088,0.012998044,,1.43E-05,,1.43E-05,0.5,1,0.5,1,908.6100067,908.6100067,908.6100067,0,0,1,0,7.87E-09,31757553.47
15392475.39,5031890.548,15395475.39,5031890.548,15395475.39,5028890.548,15392475.39,5028890.548,63515106.93,0,0,0,0,0,0,0,0,0,0,,0,,0,0,0,0,0,0,0,0,0,0,0,0,0,0
15392475.39,5028890.548,15395475.39,5028890.548,15395475.39,5025890.548,15392475.39,5025890.548,63515106.93,0,0,0,0,0,0,0,0,0,0,,0,,0,0,0,0,0,0,0,0,0,0,0,0,0,0
15392475.39,5025890.548,15395475.39,5025890.548,15395475.39,5022890.548,15392475.39,5022890.548,63515106.93,0,0,0,0,0,0,0,0,0,0,,0,,0,0,0,0,0,0,0,0,0,0,0,0,0,0
15392475.39,5022890.548,15395475.39,5022890.548,15395475.39,5019890.548,15392475.39,5019890.548,63515106.93,0,0,0,0,0,0,0,0,0,0,,0,,0,0,0,0,0,0,0,0,0,0,0,0,0,0
15392475.39,5019890.548,15395475.39,5019890.548,15395475.39,5016890.548,15392475.39,5016890.548,63515106.93,0,0,0,6944.621875,6944.621875,0,0,0,0,0.759311844,,0.000109338,,0.000109338,0,1,0,1,6944.621875,6944.621875,6944.621875,0,0,0,0,0,0
15392475.39,5016890.548,15395475.39,5016890.548,15395475.39,5013890.548,15392475.39,5013890.548,63515106.93,0,0,0,8996.843464,8996.843464,0,0,0,0,1.274392758,,0.000141649,,0.000141649,0,1,0,1,8996.843464,8996.843464,8996.843464,0,0,0,0,0,0
15392475.39,5013890.548,15395475.39,5013890.548,15395475.39,5010890.548,15392475.39,5010890.548,63515106.93,0,0,0,6594.548796,6594.548796,0,0,0,0,0.684688666,,0.000103826,,0.000103826,0,1,0,1,6594.548796,6594.548796,6594.548796,0,0,0,0,0,0
15392475.39,5010890.548,15395475.39,5010890.548,15395475.39,5007890.548,15392475.39,5007890.548,63515106.93,0,0,0,0,0,0,0,0,0,0,,0,,0,0,0,0,0,0,0,0,0,0,0,0,0,0
15392475.39,5007890.548,15395475.39,5007890.548,15395475.39,5004890.548,15392475.39,5004890.548,63515106.93,0,0,0,0,0,0,0,0,0,0,,0,,0,0,0,0,0,0,0,0,0,0,0,0,0,0
15392475.39,5004890.548,15395475.39,5004890.548,15395475.39,5001890.548,15392475.39,5001890.548,63515106.93,0,0,0,0,0,0,0,0,0,0,,0,,0,0,0,0,0,0,0,0,0,0,0,0,0,0
15392475.39,5001890.548,15395475.39,5001890.548,15395475.39,4998890.548,15392475.39,4998890.548,63515106.93,0,0,0,0,0,0,0,0,0,0,,0,,0,0,0,0,0,0,0,0,0,0,0,0,0,0
15392475.39,4998890.548,15395475.39,4998890.548,15395475.39,4995890.548,15392475.39,4995890.548,63515106.93,0,0,0,0,0,0,0,0,0,0,,0,,0,0,0,0,0,0,0,0,0,0,0,0,0,0
15392475.39,4995890.548,15395475.39,4995890.548,15395475.39,4992890.548,15392475.39,4992890.548,63515106.93,0,0,0,0,0,0,0,0,0,0,,0,,0,0,0,0,0,0,0,0,0,0,0,0,0,0
15392475.39,4992890.548,15395475.39,4992890.548,15395475.39,4989890.548,15392475.39,4989890.548,63515106.93,0,0,0,0,0,0,0,0,0,0,,0,,0,0,0,0,0,0,0,0,0,0,0,0,0,0
15392475.39,4989890.548,15395475.39,4989890.548,15395475.39,4986890.548,15392475.39,4986890.548,63515106.93,0,0,0,0,0,0,0,0,0,0,,0,,0,0,0,0,0,0,0,0,0,0,0,0,0,0
15392475.39,4986890.548,15395475.39,4986890.548,15395475.39,4983890.548,15392475.39,4983890.548,63515106.93,0,0,0,0,0,0,0,0,0,0,,0,,0,0,0,0,0,0,0,0,0,0,0,0,0,0
15392475.39,4983890.548,15395475.39,4983890.548,15395475.39,4980890.548,15392475.39,4980890.548,63515106.93,0,0,0,0,0,0,0,0,0,0,,0,,0,0,0,0,0,0,0,0,0,0,0,0,0,0
15392475.39,4980890.548,15395475.39,4980890.548,15395475.39,4977890.548,15392475.39,4977890.548,63515106.93,0,0,0,0,0,0,0,0,0,0,,0,,0,0,0,0,0,0,0,0,0,0,0,0,0,0
15392475.39,4977890.548,15395475.39,4977890.548,15395475.39,4974890.548,15392475.39,4974890.548,63515106.93,0,0,0,0,0,0,0,0,0,0,,0,,0,0,0,0,0,0,0,0,0,0,0,0,0,0
15392475.39,4974890.548,15395475.39,4974890.548,15395475.39,4971890.548,15392475.39,4971890.548,63515106.93,0,0,0,0,0,0,0,0,0,0,,0,,0,0,0,0,0,0,0,0,0,0,0,0,0,0
15392475.39,4971890.548,15395475.39,4971890.548,15395475.39,4968890.548,15392475.39,4968890.548,63515106.93,0,0,0,0,0,0,0,0,0,0,,0,,0,0,0,0,0,0,0,0,0,0,0,0,0,0
15392475.39,4968890.548,15395475.39,4968890.548,15395475.39,4965890.548,15392475.39,4965890.548,63515106.93,0,0,0,0,0,0,0,0,0,0,,0,,0,0,0,0,0,0,0,0,0,0,0,0,0,0
15392475.39,4965890.548,15395475.39,4965890.548,15395475.39,4962890.548,15392475.39,4962890.548,63515106.93,0,0,0,0,0,0,0,0,0,0,,0,,0,0,0,0,0,0,0,0,0,0,0,0,0,0
15392475.39,4962890.548,15395475.39,4962890.548,15395475.39,4959890.548,15392475.39,4959890.548,63515106.93,0,0,0,0,0,0,0,0,0,0,,0,,0,0,0,0,0,0,0,0,0,0,0,0,0,0
15392475.39,4959890.548,15395475.39,4959890.548,15395475.39,4956890.548,15392475.39,4956890.548,63515106.93,0,0,0,0,0,0,0,0,0,0,,0,,0,0,0,0,0,0,0,0,0,0,0,0,0,0
15392475.39,4956890.548,15395475.39,4956890.548,15395475.39,4953890.548,15392475.39,4953890.548,63515106.93,0,0,0,0,0,0,0,0,0,0,,0,,0,0,0,0,0,0,0,0,0,0,0,0,0,0
15392475.39,4953890.548,15395475.39,4953890.548,15395475.39,4950890.548,15392475.39,4950890.548,63515106.93,0,0,0,0,0,0,0,0,0,0,,0,,0,0,0,0,0,0,0,0,0,0,0,0,0,0
15392475.39,4950890.548,15395475.39,4950890.548,15395475.39,4947890.548,15392475.39,4947890.548,63515106.93,0,0,0,0,0,0,0,0,0,0,,0,,0,0,0,0,0,0,0,0,0,0,0,0,0,0
15392475.39,4947890.548,15395475.39,4947890.548,15395475.39,4944890.548,15392475.39,4944890.548,63515106.93,0,0,0,0,0,0,0,0,0,0,,0,,0,0,0,0,0,0,0,0,0,0,0,0,0,0
15392475.39,4944890.548,15395475.39,4944890.548,15395475.39,4941890.548,15392475.39,4941890.548,63515106.93,0,0,0,0,0,0,0,0,0,0,,0,,0,0,0,0,0,0,0,0,0,0,0,0,0,0
15395475.39,5121890.548,15398475.39,5121890.548,15398475.39,5118890.548,15395475.39,5118890.548,63515106.93,0,0,0,0,0,0,0,0,0,0,,0,,0,0,0,0,0,0,0,0,0,0,0,0,0,0
15395475.39,5118890.548,15398475.39,5118890.548,15398475.39,5115890.548,15395475.39,5115890.548,63515106.93,0,0,0,0,0,0,0,0,0,0,,0,,0,0,0,0,0,0,0,0,0,0,0,0,0,0
15395475.39,5115890.548,15398475.39,5115890.548,15398475.39,5112890.548,15395475.39,5112890.548,63515106.93,0,0,0,3123.020841,3123.020841,0,0,0,0,0.1535581,,4.92E-05,,4.92E-05,0,1,0,1,3123.020841,3123.020841,3123.020841,0,0,0,0,0,0
15395475.39,5112890.548,15398475.39,5112890.548,15398475.39,5109890.548,15395475.39,5109890.548,63515106.93,7.87E-09,7.87E-09,13706.61621,6853.308103,6853.308103,0,0,0,1.478949945,0.739474972,,0.0001079,,0.0001079,0.5,1,0.5,1,6853.308103,6853.308103,6853.308103,0,0,1,0,7.87E-09,31757553.47
15395475.39,5109890.548,15398475.39,5109890.548,15398475.39,5106890.548,15395475.39,5106890.548,63515106.93,7.87E-09,7.87E-09,11631.63777,5815.818887,5815.818887,0,0,0,1.065061556,0.532530778,,9.16E-05,,9.16E-05,0.5,1,0.5,1,5815.818887,5815.818887,5815.818887,0,0,1,0,7.87E-09,31757553.47
15395475.39,5106890.548,15398475.39,5106890.548,15398475.39,5103890.548,15395475.39,5103890.548,63515106.93,7.87E-09,7.87E-09,4267.929488,2133.964744,2133.964744,0,0,0,0.143392832,0.071696416,,3.36E-05,,3.36E-05,0.5,1,0.5,1,2133.964744,2133.964744,2133.964744,0,0,1,0,7.87E-09,31757553.47
15395475.39,5103890.548,15398475.39,5103890.548,15398475.39,5100890.548,15395475.39,5100890.548,63515106.93,7.87E-09,7.87E-09,270.4176012,135.2088006,135.2088006,0,0,0,0.000575656,0.000287828,,2.13E-06,,2.13E-06,0.5,1,0.5,1,135.2088006,135.2088006,135.2088006,0,0,1,0,7.87E-09,31757553.47
15395475.39,5100890.548,15398475.39,5100890.548,15398475.39,5097890.548,15395475.39,5097890.548,63515106.93,1.57E-08,1.57E-08,5064.753792,2222.394284,2842.359508,0,0,0,0.403868185,0.201934093,,7.97E-05,,7.97E-05,1,2,1,2,2532.376896,2222.394284,2842.359508,0,0,1,0,1.57E-08,63515106.93
15395475.39,5097890.548,15398475.39,5097890.548,15398475.39,5094890.548,15395475.39,5094890.548,63515106.93,3.15E-08,3.15E-08,8069.454249,2153.410773,5187.954603,0,0,0,2.050412729,1.025206365,,0.000254096,,0.000254096,2,4,2,4,4034.727125,2153.410773,5187.954603,0,0,1,0,3.15E-08,127030213.9
15395475.39,5094890.548,15398475.39,5094890.548,15398475.39,5091890.548,15395475.39,5091890.548,63515106.93,3.15E-08,3.15E-08,10795.61972,3926.193716,7880.895522,0,0,0,3.66984835,1.834924175,,0.000339939,,0.000339939,2,4,2,4,5397.809861,3926.193716,7880.895522,0,0,1,0,3.15E-08,127030213.9
15395475.39,5091890.548,15398475.39,5091890.548,15398475.39,5088890.548,15395475.39,5088890.548,63515106.93,1.57E-08,1.57E-08,14224.10654,742.7255419,8952.047379,0,0,0,3.185465892,0.796366473,,0.000223948,,0.000223948,1,4,1,4,3556.026634,742.7255419,8952.047379,0,0,1,0,1.57E-08,63515106.93
15395475.39,5088890.548,15398475.39,5088890.548,15398475.39,5085890.548,15395475.39,5085890.548,63515106.93,2.36E-08,2.36E-08,16271.03326,230.2980353,8212.674063,0,0,0,6.252367418,1.875710225,,0.000384264,,0.000384264,1.5,5,1.5,5,4881.309979,230.2980353,8212.674063,0,0,1,0,2.36E-08,95272660.4
15395475.39,5085890.548,15398475.39,5085890.548,15398475.39,5082890.548,15395475.39,5082890.548,63515106.93,2.36E-08,2.36E-08,16322.16248,135.8142048,8889.806505,0,0,0,6.291723363,1.887517009,,0.000385471,,0.000385471,1.5,5,1.5,5,4896.648745,135.8142048,8889.806505,0,0,1,0,2.36E-08,95272660.4
15395475.39,5082890.548,15398475.39,5082890.548,15398475.39,5079890.548,15395475.39,5079890.548,63515106.93,2.36E-08,2.36E-08,13932.36216,2248.726119,7857.304376,0,0,0,4.584201887,1.719075708,,0.000329033,,0.000329033,1.5,4,1.5,4,5224.63581,2248.726119,7857.304376,0,0,1,0,2.36E-08,95272660.4
15395475.39,5079890.548,15398475.39,5079890.548,15398475.39,5076890.548,15395475.39,5076890.548,63515106.93,3.15E-08,3.15E-08,7633.964407,1078.672559,5212.299143,0,0,0,1.835072485,0.917536243,,0.000240383,,0.000240383,2,4,2,4,3816.982203,1078.672559,5212.299143,0,0,1,0,3.15E-08,127030213.9
15395475.39,5076890.548,15398475.39,5076890.548,15398475.39,5073890.548,15395475.39,5073890.548,63515106.93,2.36E-08,2.36E-08,9009.288161,1022.780901,8110.294382,0,0,0,1.916881127,0.958440563,,0.000212767,,0.000212767,1.5,3,1.5,3,4504.644081,1022.780901,8110.294382,0,0,1,0,2.36E-08,95272660.4
15395475.39,5073890.548,15398475.39,5073890.548,15398475.39,5070890.548,15395475.39,5070890.548,63515106.93,2.36E-08,2.36E-08,7492.382237,1072.113596,6305.146801,0,0,0,1.325726924,0.662863462,,0.000176943,,0.000176943,1.5,3,1.5,3,3746.191118,1072.113596,6305.146801,0,0,1,0,2.36E-08,95272660.4
15395475.39,5070890.548,15398475.39,5070890.548,15398475.39,5067890.548,15395475.39,5067890.548,63515106.93,3.15E-08,3.15E-08,7227.02774,1932.424747,5580.97931,0,0,0,1.644645896,0.822322948,,0.000227569,,0.000227569,2,4,2,4,3613.51387,1932.424747,5580.97931,0,0,1,0,3.15E-08,127030213.9
15395475.39,5067890.548,15398475.39,5067890.548,15398475.39,5064890.548,15395475.39,5064890.548,63515106.93,3.15E-08,3.15E-08,6548.636888,995.3362556,6667.170643,0,0,0,1.350376223,0.900250815,,0.000206207,,0.000206207,2,3,2,3,4365.757925,995.3362556,6667.170643,0,0,1,0,3.15E-08,127030213.9
15395475.39,5064890.548,15398475.39,5064890.548,15398475.39,5061890.548,15395475.39,5061890.548,63515106.93,1.57E-08,1.57E-08,18728.54182,2444.394579,7750.629295,0,0,0,5.522438607,1.380609652,,0.000294868,,0.000294868,1,4,1,4,4682.135455,2444.397841,7750.629295,0,0,1,0,1.57E-08,63515106.93
15395475.39,5061890.548,15398475.39,5061890.548,15398475.39,5058890.548,15395475.39,5058890.548,63515106.93,1.34E-07,7.08E-08,3724.551756,940.1721451,6802.129992,1.176470588,1.333333333,4.72E-08,1.85647848,1.972508385,,0.000498443,,0.000498443,8.5,11,4.5,8,3957.336241,1993.157544,6802.129992,0.352941176,0.666666667,10.77777778,2.000000016,10.00000006,222302876.3
15395475.39,5058890.548,15398475.39,5058890.548,15398475.39,5055890.548,15395475.39,5055890.548,63515106.93,1.18E-07,5.51E-08,3827.289558,448.319001,4227.637532,1.333333333,1.714285714,4.72E-08,1.729684409,1.621579134,,0.000451935,,0.000451935,7.5,11,3.5,8,3588.083961,448.319001,5492.906152,0.4,0.857142857,10.71428571,2.000000016,10.00000004,158787769.3
15395475.39,5055890.548,15398475.39,5055890.548,15398475.39,5052890.548,15395475.39,5052890.548,63515106.93,4.72E-08,3.15E-08,4064.41591,888.1437686,3528.134333,1,1,1.57E-08,0.78026209,0.468157254,,0.000191974,,0.000191974,3,6,2,5,2438.649546,888.1427219,3528.134333,0.333333333,0.5,3.75,1,3.000000024,95272661.4
15395475.39,5052890.548,15398475.39,5052890.548,15398475.39,5049890.548,15395475.39,5049890.548,63515106.93,4.72E-08,1.57E-08,6673.193946,270.1484806,6374.293341,1.333333333,2,1.57E-08,2.103350821,1.262010493,,0.000315194,,0.000315194,3,6,1,5,4003.916368,1735.425153,6374.293341,0.333333333,1,5,1.57E-08,4.000000016,63515106.93
15395475.39,5049890.548,15398475.39,5049890.548,15398475.39,5046890.548,15395475.39,5046890.548,63515106.93,7.08E-08,3.94E-08,6206.991631,270.1484806,7304.742169,0.888888889,0.8,1.57E-08,2.729592397,2.047194298,,0.000439761,,0.000439761,4.5,7,2.5,6,4655.243723,1466.463059,7304.742168,0.222222222,0.4,5,1.57E-08,4.000000039,158787767.3
15395475.39,5046890.548,15398475.39,5046890.548,15398475.39,5043890.548,15395475.39,5043890.548,63515106.93,3.15E-08,3.15E-08,8265.9257,804.6306459,4678.607633,0,0,0,2.151473279,0.860589311,,0.000260282,,0.000260282,2,5,2,5,3306.37028,804.6306459,4678.607633,0,0,1,0,3.15E-08,127030213.9
15395475.39,5043890.548,15398475.39,5043890.548,15398475.39,5040890.548,15395475.39,5040890.548,63515106.93,3.94E-08,3.94E-08,2763.906727,518.5651218,2671.970209,0,0,0,0.3006836,0.1503418,,0.000108789,,0.000108789,2.5,5,2.5,5,1381.953363,518.5651218,2671.970209,0,0,1,0,3.94E-08,158787767.3
15395475.39,5040890.548,15398475.39,5040890.548,15398475.39,5037890.548,15395475.39,5037890.548,63515106.93,7.87E-09,7.87E-09,6940.50895,3470.254475,3470.254475,0,0,0,0.379206356,0.189603178,,5.46E-05,,5.46E-05,0.5,1,0.5,1,3470.254475,3470.254475,3470.254475,0,0,1,0,7.87E-09,31757553.47
15395475.39,5037890.548,15398475.39,5037890.548,15398475.39,5034890.548,15395475.39,5034890.548,63515106.93,7.87E-09,7.87E-09,4170.645822,2085.322911,2085.322911,0,0,0,0.13693031,0.068465155,,3.28E-05,,3.28E-05,0.5,1,0.5,1,2085.322911,2085.322911,2085.322911,0,0,1,0,7.87E-09,31757553.47
15395475.39,5034890.548,15398475.39,5034890.548,15398475.39,5031890.548,15395475.39,5031890.548,63515106.93,0,0,0,0,0,0,0,0,0,0,,0,,0,0,0,0,0,0,0,0,0,0,0,0,0,0
15395475.39,5031890.548,15398475.39,5031890.548,15398475.39,5028890.548,15395475.39,5028890.548,63515106.93,0,0,0,0,0,0,0,0,0,0,,0,,0,0,0,0,0,0,0,0,0,0,0,0,0,0
15395475.39,5028890.548,15398475.39,5028890.548,15398475.39,5025890.548,15395475.39,5025890.548,63515106.93,7.87E-09,7.87E-09,4135.717388,2067.858694,2067.858694,0,0,0,0.134646379,0.067323189,,3.26E-05,,3.26E-05,0.5,1,0.5,1,2067.858694,2067.858694,2067.858694,0,0,1,0,7.87E-09,31757553.47
15395475.39,5025890.548,15398475.39,5025890.548,15398475.39,5022890.548,15395475.39,5022890.548,63515106.93,7.87E-09,7.87E-09,3285.725486,1642.862743,1642.862743,0,0,0,0.084987592,0.042493796,,2.59E-05,,2.59E-05,0.5,1,0.5,1,1642.862743,1642.862743,1642.862743,0,0,1,0,7.87E-09,31757553.47
15395475.39,5022890.548,15398475.39,5022890.548,15398475.39,5019890.548,15395475.39,5019890.548,63515106.93,0,0,0,0,0,0,0,0,0,0,,0,,0,0,0,0,0,0,0,0,0,0,0,0,0,0
15395475.39,5019890.548,15398475.39,5019890.548,15398475.39,5016890.548,15395475.39,5016890.548,63515106.93,7.87E-09,7.87E-09,10779.91834,5389.959172,5389.959172,0,0,0,0.914795276,0.457397638,,8.49E-05,,8.49E-05,0.5,1,0.5,1,5389.959172,5389.959172,5389.959172,0,0,1,0,7.87E-09,31757553.47
15395475.39,5016890.548,15398475.39,5016890.548,15398475.39,5013890.548,15395475.39,5013890.548,63515106.93,7.87E-09,7.87E-09,13149.09478,6574.54739,6574.54739,0,0,0,1.361083228,0.680541614,,0.000103512,,0.000103512,0.5,1,0.5,1,6574.54739,6574.54739,6574.54739,0,0,1,0,7.87E-09,31757553.47
15395475.39,5013890.548,15398475.39,5013890.548,15398475.39,5010890.548,15395475.39,5010890.548,63515106.93,7.87E-09,7.87E-09,10917.57844,5458.789219,5458.789219,0,0,0,0.938308418,0.469154209,,8.59E-05,,8.59E-05,0.5,1,0.5,1,5458.789219,5458.789219,5458.789219,0,0,1,0,7.87E-09,31757553.47
15395475.39,5010890.548,15398475.39,5010890.548,15398475.39,5007890.548,15395475.39,5007890.548,63515106.93,0,0,0,0,0,0,0,0,0,0,,0,,0,0,0,0,0,0,0,0,0,0,0,0,0,0
15395475.39,5007890.548,15398475.39,5007890.548,15398475.39,5004890.548,15395475.39,5004890.548,63515106.93,0,0,0,0,0,0,0,0,0,0,,0,,0,0,0,0,0,0,0,0,0,0,0,0,0,0
15395475.39,5004890.548,15398475.39,5004890.548,15398475.39,5001890.548,15395475.39,5001890.548,63515106.93,0,0,0,0,0,0,0,0,0,0,,0,,0,0,0,0,0,0,0,0,0,0,0,0,0,0
15395475.39,5001890.548,15398475.39,5001890.548,15398475.39,4998890.548,15395475.39,4998890.548,63515106.93,0,0,0,0,0,0,0,0,0,0,,0,,0,0,0,0,0,0,0,0,0,0,0,0,0,0
15395475.39,4998890.548,15398475.39,4998890.548,15398475.39,4995890.548,15395475.39,4995890.548,63515106.93,0,0,0,0,0,0,0,0,0,0,,0,,0,0,0,0,0,0,0,0,0,0,0,0,0,0
15395475.39,4995890.548,15398475.39,4995890.548,15398475.39,4992890.548,15395475.39,4992890.548,63515106.93,0,0,0,0,0,0,0,0,0,0,,0,,0,0,0,0,0,0,0,0,0,0,0,0,0,0
15395475.39,4992890.548,15398475.39,4992890.548,15398475.39,4989890.548,15395475.39,4989890.548,63515106.93,0,0,0,0,0,0,0,0,0,0,,0,,0,0,0,0,0,0,0,0,0,0,0,0,0,0
15395475.39,4989890.548,15398475.39,4989890.548,15398475.39,4986890.548,15395475.39,4986890.548,63515106.93,0,0,0,0,0,0,0,0,0,0,,0,,0,0,0,0,0,0,0,0,0,0,0,0,0,0
15395475.39,4986890.548,15398475.39,4986890.548,15398475.39,4983890.548,15395475.39,4983890.548,63515106.93,0,0,0,0,0,0,0,0,0,0,,0,,0,0,0,0,0,0,0,0,0,0,0,0,0,0
15395475.39,4983890.548,15398475.39,4983890.548,15398475.39,4980890.548,15395475.39,4980890.548,63515106.93,0,0,0,0,0,0,0,0,0,0,,0,,0,0,0,0,0,0,0,0,0,0,0,0,0,0
15395475.39,4980890.548,15398475.39,4980890.548,15398475.39,4977890.548,15395475.39,4977890.548,63515106.93,0,0,0,0,0,0,0,0,0,0,,0,,0,0,0,0,0,0,0,0,0,0,0,0,0,0
15395475.39,4977890.548,15398475.39,4977890.548,15398475.39,4974890.548,15395475.39,4974890.548,63515106.93,0,0,0,0,0,0,0,0,0,0,,0,,0,0,0,0,0,0,0,0,0,0,0,0,0,0
15395475.39,4974890.548,15398475.39,4974890.548,15398475.39,4971890.548,15395475.39,4971890.548,63515106.93,0,0,0,0,0,0,0,0,0,0,,0,,0,0,0,0,0,0,0,0,0,0,0,0,0,0
15395475.39,4971890.548,15398475.39,4971890.548,15398475.39,4968890.548,15395475.39,4968890.548,63515106.93,0,0,0,0,0,0,0,0,0,0,,0,,0,0,0,0,0,0,0,0,0,0,0,0,0,0
15395475.39,4968890.548,15398475.39,4968890.548,15398475.39,4965890.548,15395475.39,4965890.548,63515106.93,0,0,0,0,0,0,0,0,0,0,,0,,0,0,0,0,0,0,0,0,0,0,0,0,0,0
15395475.39,4965890.548,15398475.39,4965890.548,15398475.39,4962890.548,15395475.39,4962890.548,63515106.93,0,0,0,0,0,0,0,0,0,0,,0,,0,0,0,0,0,0,0,0,0,0,0,0,0,0
15395475.39,4962890.548,15398475.39,4962890.548,15398475.39,4959890.548,15395475.39,4959890.548,63515106.93,0,0,0,0,0,0,0,0,0,0,,0,,0,0,0,0,0,0,0,0,0,0,0,0,0,0
15395475.39,4959890.548,15398475.39,4959890.548,15398475.39,4956890.548,15395475.39,4956890.548,63515106.93,0,0,0,0,0,0,0,0,0,0,,0,,0,0,0,0,0,0,0,0,0,0,0,0,0,0
15395475.39,4956890.548,15398475.39,4956890.548,15398475.39,4953890.548,15395475.39,4953890.548,63515106.93,0,0,0,0,0,0,0,0,0,0,,0,,0,0,0,0,0,0,0,0,0,0,0,0,0,0
15395475.39,4953890.548,15398475.39,4953890.548,15398475.39,4950890.548,15395475.39,4950890.548,63515106.93,0,0,0,0,0,0,0,0,0,0,,0,,0,0,0,0,0,0,0,0,0,0,0,0,0,0
15395475.39,4950890.548,15398475.39,4950890.548,15398475.39,4947890.548,15395475.39,4947890.548,63515106.93,0,0,0,0,0,0,0,0,0,0,,0,,0,0,0,0,0,0,0,0,0,0,0,0,0,0
15395475.39,4947890.548,15398475.39,4947890.548,15398475.39,4944890.548,15395475.39,4944890.548,63515106.93,0,0,0,0,0,0,0,0,0,0,,0,,0,0,0,0,0,0,0,0,0,0,0,0,0,0
15395475.39,4944890.548,15398475.39,4944890.548,15398475.39,4941890.548,15395475.39,4941890.548,63515106.93,0,0,0,0,0,0,0,0,0,0,,0,,0,0,0,0,0,0,0,0,0,0,0,0,0,0
15398475.39,5121890.548,15401475.39,5121890.548,15401475.39,5118890.548,15398475.39,5118890.548,63515106.93,0,0,0,0,0,0,0,0,0,0,,0,,0,0,0,0,0,0,0,0,0,0,0,0,0,0
15398475.39,5118890.548,15401475.39,5118890.548,15401475.39,5115890.548,15398475.39,5115890.548,63515106.93,0,0,0,0,0,0,0,0,0,0,,0,,0,0,0,0,0,0,0,0,0,0,0,0,0,0
15398475.39,5115890.548,15401475.39,5115890.548,15401475.39,5112890.548,15398475.39,5112890.548,63515106.93,0,0,0,6195.166658,6195.166658,0,0,0,0,0.604267107,,9.75E-05,,9.75E-05,0,1,0,1,6195.166658,6195.166658,6195.166658,0,0,0,0,0,0
15398475.39,5112890.548,15401475.39,5112890.548,15401475.39,5109890.548,15398475.39,5109890.548,63515106.93,0,0,0,8940.770493,8940.770493,0,0,0,0,1.258556915,,0.000140766,,0.000140766,0,1,0,1,8940.770493,8940.770493,8940.770493,0,0,0,0,0,0
15398475.39,5109890.548,15401475.39,5109890.548,15401475.39,5106890.548,15398475.39,5106890.548,63515106.93,0,0,0,7681.925142,7681.925142,0,0,0,0,0.929101386,,0.000120946,,0.000120946,0,1,0,1,7681.925142,7681.925142,7681.925142,0,0,0,0,0,0
15398475.39,5106890.548,15401475.39,5106890.548,15401475.39,5103890.548,15398475.39,5103890.548,63515106.93,7.87E-09,7.87E-09,46.25865658,23.12932829,23.12932829,0,0,0,1.68E-05,8.42E-06,,3.64E-07,,3.64E-07,0.5,1,0.5,1,23.12932829,23.12932829,23.12932829,0,0,1,0,7.87E-09,31757553.47
15398475.39,5103890.548,15401475.39,5103890.548,15401475.39,5100890.548,15398475.39,5100890.548,63515106.93,7.87E-09,7.87E-09,5331.14185,1074.924359,1590.646566,0,0,0,0.223734752,0.055933688,,4.20E-05,,4.20E-05,0.5,2,0.5,2,1332.785463,1074.924359,1590.646566,0,0,1,0,7.87E-09,31757553.47
15398475.39,5100890.548,15401475.39,5100890.548,15401475.39,5097890.548,15398475.39,5097890.548,63515106.93,3.94E-08,3.94E-08,4294.311747,424.8793335,4293.191946,0,0,0,0.725855402,0.362927701,,0.000169027,,0.000169027,2.5,5,2.5,5,2147.155874,424.8793335,4293.191946,0,0,1,0,3.94E-08,158787767.3
15398475.39,5097890.548,15401475.39,5097890.548,15401475.39,5094890.548,15398475.39,5094890.548,63515106.93,4.72E-08,4.72E-08,8219.286316,3468.03751,7117.416694,0,0,0,3.190894457,1.914536674,,0.00038822,,0.00038822,3,5,3,5,4931.571789,3468.03751,7117.416694,0,0,1,0,4.72E-08,190545320.8
15398475.39,5094890.548,15401475.39,5094890.548,15401475.39,5091890.548,15398475.39,5091890.548,63515106.93,4.72E-08,4.72E-08,9980.354746,1952.377083,6862.154729,0,0,0,4.704745958,2.352372979,,0.000471401,,0.000471401,3,6,3,6,4990.177373,1952.377083,6862.154729,0,0,1,0,4.72E-08,190545320.8
15398475.39,5091890.548,15401475.39,5091890.548,15401475.39,5088890.548,15398475.39,5088890.548,63515106.93,5.51E-08,5.51E-08,6753.628873,1382.152031,7227.182615,0,0,0,2.513421894,1.256710947,,0.000372159,,0.000372159,3.5,7,3.5,7,3376.814436,1382.152031,7227.182615,0,0,1,0,5.51E-08,222302874.3
15398475.39,5088890.548,15401475.39,5088890.548,15401475.39,5085890.548,15398475.39,5085890.548,63515106.93,4.72E-08,4.72E-08,7580.990466,1205.667978,5705.184373,0,0,0,2.714539228,1.357269614,,0.000358072,,0.000358072,3,6,3,6,3790.495233,1205.667978,5705.184373,0,0,1,0,4.72E-08,190545320.8
15398475.39,5085890.548,15401475.39,5085890.548,15401475.39,5082890.548,15398475.39,5082890.548,63515106.93,3.94E-08,3.94E-08,11811.39737,921.4711962,8808.281466,0,0,0,5.491178184,2.28799091,,0.000464905,,0.000464905,2.5,6,2.5,6,4921.415571,921.4711962,8808.281466,0,0,1,0,3.94E-08,158787767.3
15398475.39,5082890.548,15401475.39,5082890.548,15401475.39,5079890.548,15398475.39,5079890.548,63515106.93,2.36E-08,2.36E-08,15837.3002,1350.293242,8333.501571,0,0,0,5.923474502,1.777042351,,0.00037402,,0.00037402,1.5,5,1.5,5,4751.19006,1350.293242,8333.501571,0,0,1,0,2.36E-08,95272660.4
15398475.39,5079890.548,15401475.39,5079890.548,15401475.39,5076890.548,15398475.39,5076890.548,63515106.93,1.57E-08,1.57E-08,10903.77151,2778.036388,4771.982824,0,0,0,1.871873305,0.623957768,,0.000171672,,0.000171672,1,3,1,3,3634.590503,2778.036388,4771.982824,0,0,1,0,1.57E-08,63515106.93
15398475.39,5076890.548,15401475.39,5076890.548,15401475.39,5073890.548,15398475.39,5073890.548,63515106.93,1.57E-08,1.57E-08,7608.218045,2928.608264,4679.609781,0,0,0,0.911357701,0.45567885,,0.000119786,,0.000119786,1,2,1,2,3804.109023,2928.608264,4679.609781,0,0,1,0,1.57E-08,63515106.93
15398475.39,5073890.548,15401475.39,5073890.548,15401475.39,5070890.548,15398475.39,5070890.548,63515106.93,1.57E-08,1.57E-08,9535.739773,4018.637907,5517.101867,0,0,0,1.431633157,0.715816578,,0.000150133,,0.000150133,1,2,1,2,4767.869887,4018.637907,5517.101867,0,0,1,0,1.57E-08,63515106.93
15398475.39,5070890.548,15401475.39,5070890.548,15401475.39,5067890.548,15398475.39,5067890.548,63515106.93,2.36E-08,2.36E-08,7041.02791,328.178932,8264.772381,0,0,0,1.170809822,0.585404911,,0.000166284,,0.000166284,1.5,3,1.5,3,3520.513955,328.178932,8264.772381,0,0,1,0,2.36E-08,95272660.4
15398475.39,5067890.548,15401475.39,5067890.548,15401475.39,5064890.548,15398475.39,5064890.548,63515106.93,2.36E-08,2.36E-08,8758.38233,408.3401155,7961.621812,0,0,0,1.811598801,0.67934955,,0.000206842,,0.000206842,1.5,4,1.5,4,3284.393374,408.3401155,7961.621812,0,0,1,0,2.36E-08,95272660.4
15398475.39,5064890.548,15401475.39,5064890.548,15401475.39,5061890.548,15398475.39,5061890.548,63515106.93,2.36E-08,2.36E-08,5779.997128,305.2024187,3192.331087,0,0,0,0.788986316,0.295869868,,0.000136503,,0.000136503,1.5,4,1.5,4,2167.498923,305.2024187,3192.331087,0,0,1,0,2.36E-08,95272660.4
15398475.39,5061890.548,15401475.39,5061890.548,15401475.39,5058890.548,15398475.39,5058890.548,63515106.93,2.05E-07,9.45E-08,2201.910291,82.62372524,4078.344909,1.461538462,2,9.45E-08,0.99235157,1.172779128,,0.000450678,,0.000450678,13,17,6,11,2602.257617,332.8017193,7415.463237,0.461538462,1,19.58333333,5.000000016,19.00000006,222302879.3
15398475.39,5058890.548,15401475.39,5058890.548,15401475.39,5055890.548,15398475.39,5055890.548,63515106.93,2.05E-07,9.45E-08,2377.073365,116.8114268,6338.395552,1.461538462,2,9.45E-08,1.156515587,1.252891885,,0.000486529,,0.000486529,13,18,6,12,2575.162812,116.8114268,7717.817282,0.461538462,1,19.58333333,5.000000016,19.00000006,222302879.3
15398475.39,5055890.548,15401475.39,5055890.548,15401475.39,5052890.548,15398475.39,5052890.548,63515106.93,1.26E-07,6.30E-08,2817.908869,48.28667506,6598.679568,1.5,2,6.30E-08,1.00015392,1.143033051,,0.000354928,,0.000354928,8,11,4,7,3220.467279,567.4907553,6598.679568,0.5,1,12.5,4,12.00000003,127030217.9
15398475.39,5052890.548,15401475.39,5052890.548,15401475.39,5049890.548,15398475.39,5049890.548,63515106.93,3.15E-08,1.57E-08,6862.172017,1612.639055,6302.164303,1.5,2,1.57E-08,1.4827781,1.4827781,,0.00021608,,0.00021608,2,3,1,2,6862.172017,6302.164303,7422.179731,0.5,1,3.5,1,3.000000008,31757554.47
15398475.39,5049890.548,15401475.39,5049890.548,15401475.39,5046890.548,15398475.39,5046890.548,63515106.93,3.94E-08,2.36E-08,6639.01693,1769.947925,6098.989332,1.2,1.333333333,1.57E-08,1.734884342,1.445736952,,0.000261316,,0.000261316,2.5,4,1.5,3,5532.514108,2957.422464,7868.937256,0.4,0.666666667,3.666666667,1,3.000000016,63515107.93
15398475.39,5046890.548,15401475.39,5046890.548,15401475.39,5043890.548,15398475.39,5043890.548,63515106.93,4.72E-08,3.15E-08,3529.085839,382.8319831,4202.490377,1,1,1.57E-08,0.588259115,0.441194336,,0.000166689,,0.000166689,3,5,2,4,2646.814379,382.8319831,5972.438302,0.333333333,0.5,3.75,1,3.000000024,95272661.4
15398475.39,5043890.548,15401475.39,5043890.548,15401475.39,5040890.548,15398475.39,5040890.548,63515106.93,0,0,0,0,0,0,0,0,0,0,,0,,0,0,0,0,0,0,0,0,0,0,0,0,0,0
15398475.39,5040890.548,15401475.39,5040890.548,15401475.39,5037890.548,15398475.39,5037890.548,63515106.93,7.87E-09,7.87E-09,705.8555315,352.9277657,352.9277657,0,0,0,0.003922154,0.001961077,,5.56E-06,,5.56E-06,0.5,1,0.5,1,352.9277657,352.9277657,352.9277657,0,0,1,0,7.87E-09,31757553.47
15398475.39,5037890.548,15401475.39,5037890.548,15401475.39,5034890.548,15398475.39,5034890.548,63515106.93,0,0,0,0,0,0,0,0,0,0,,0,,0,0,0,0,0,0,0,0,0,0,0,0,0,0
15398475.39,5034890.548,15401475.39,5034890.548,15401475.39,5031890.548,15398475.39,5031890.548,63515106.93,7.87E-09,7.87E-09,1927.071302,963.535651,963.535651,0,0,0,0.02923402,0.01461701,,1.52E-05,,1.52E-05,0.5,1,0.5,1,963.535651,963.535651,963.535651,0,0,1,0,7.87E-09,31757553.47
15398475.39,5031890.548,15401475.39,5031890.548,15401475.39,5028890.548,15398475.39,5028890.548,63515106.93,1.57E-08,1.57E-08,3106.83785,123.6431074,2983.194743,0,0,0,0.151970797,0.075985399,,4.89E-05,,4.89E-05,1,2,1,2,1553.418925,123.6431074,2983.194743,0,0,1,0,1.57E-08,63515106.93
15398475.39,5028890.548,15401475.39,5028890.548,15401475.39,5025890.548,15398475.39,5025890.548,63515106.93,7.87E-09,7.87E-09,10362.98733,5181.493665,5181.493665,0,0,0,0.845401288,0.422700644,,8.16E-05,,8.16E-05,0.5,1,0.5,1,5181.493665,5181.493665,5181.493665,0,0,1,0,7.87E-09,31757553.47
15398475.39,5025890.548,15401475.39,5025890.548,15401475.39,5022890.548,15398475.39,5022890.548,63515106.93,7.87E-09,7.87E-09,8966.388194,4483.194097,4483.194097,0,0,0,0.632889726,0.316444863,,7.06E-05,,7.06E-05,0.5,1,0.5,1,4483.194097,4483.194097,4483.194097,0,0,1,0,7.87E-09,31757553.47
15398475.39,5022890.548,15401475.39,5022890.548,15401475.39,5019890.548,15398475.39,5019890.548,63515106.93,0,0,0,0,0,0,0,0,0,0,,0,,0,0,0,0,0,0,0,0,0,0,0,0,0,0
15398475.39,5019890.548,15401475.39,5019890.548,15401475.39,5016890.548,15398475.39,5016890.548,63515106.93,7.87E-09,7.87E-09,5417.385972,2708.692986,2708.692986,0,0,0,0.231032208,0.115516104,,4.26E-05,,4.26E-05,0.5,1,0.5,1,2708.692986,2708.692986,2708.692986,0,0,1,0,7.87E-09,31757553.47
15398475.39,5016890.548,15401475.39,5016890.548,15401475.39,5013890.548,15398475.39,5013890.548,63515106.93,7.87E-09,7.87E-09,7075.541764,3537.770882,3537.770882,0,0,0,0.394105384,0.197052692,,5.57E-05,,5.57E-05,0.5,1,0.5,1,3537.770882,3537.770882,3537.770882,0,0,1,0,7.87E-09,31757553.47
15398475.39,5013890.548,15401475.39,5013890.548,15401475.39,5010890.548,15398475.39,5010890.548,63515106.93,7.87E-09,7.87E-09,3431.740937,1715.870469,1715.870469,0,0,0,0.092709014,0.046354507,,2.70E-05,,2.70E-05,0.5,1,0.5,1,1715.870469,1715.870469,1715.870469,0,0,1,0,7.87E-09,31757553.47
15398475.39,5010890.548,15401475.39,5010890.548,15401475.39,5007890.548,15398475.39,5007890.548,63515106.93,0,0,0,0,0,0,0,0,0,0,,0,,0,0,0,0,0,0,0,0,0,0,0,0,0,0
15398475.39,5007890.548,15401475.39,5007890.548,15401475.39,5004890.548,15398475.39,5004890.548,63515106.93,0,0,0,0,0,0,0,0,0,0,,0,,0,0,0,0,0,0,0,0,0,0,0,0,0,0
15398475.39,5004890.548,15401475.39,5004890.548,15401475.39,5001890.548,15398475.39,5001890.548,63515106.93,0,0,0,0,0,0,0,0,0,0,,0,,0,0,0,0,0,0,0,0,0,0,0,0,0,0
15398475.39,5001890.548,15401475.39,5001890.548,15401475.39,4998890.548,15398475.39,4998890.548,63515106.93,0,0,0,0,0,0,0,0,0,0,,0,,0,0,0,0,0,0,0,0,0,0,0,0,0,0
15398475.39,4998890.548,15401475.39,4998890.548,15401475.39,4995890.548,15398475.39,4995890.548,63515106.93,0,0,0,0,0,0,0,0,0,0,,0,,0,0,0,0,0,0,0,0,0,0,0,0,0,0
15398475.39,4995890.548,15401475.39,4995890.548,15401475.39,4992890.548,15398475.39,4992890.548,63515106.93,0,0,0,0,0,0,0,0,0,0,,0,,0,0,0,0,0,0,0,0,0,0,0,0,0,0
15398475.39,4992890.548,15401475.39,4992890.548,15401475.39,4989890.548,15398475.39,4989890.548,63515106.93,0,0,0,0,0,0,0,0,0,0,,0,,0,0,0,0,0,0,0,0,0,0,0,0,0,0
15398475.39,4989890.548,15401475.39,4989890.548,15401475.39,4986890.548,15398475.39,4986890.548,63515106.93,0,0,0,0,0,0,0,0,0,0,,0,,0,0,0,0,0,0,0,0,0,0,0,0,0,0
15398475.39,4986890.548,15401475.39,4986890.548,15401475.39,4983890.548,15398475.39,4983890.548,63515106.93,0,0,0,0,0,0,0,0,0,0,,0,,0,0,0,0,0,0,0,0,0,0,0,0,0,0
15398475.39,4983890.548,15401475.39,4983890.548,15401475.39,4980890.548,15398475.39,4980890.548,63515106.93,0,0,0,0,0,0,0,0,0,0,,0,,0,0,0,0,0,0,0,0,0,0,0,0,0,0
15398475.39,4980890.548,15401475.39,4980890.548,15401475.39,4977890.548,15398475.39,4977890.548,63515106.93,0,0,0,0,0,0,0,0,0,0,,0,,0,0,0,0,0,0,0,0,0,0,0,0,0,0
15398475.39,4977890.548,15401475.39,4977890.548,15401475.39,4974890.548,15398475.39,4974890.548,63515106.93,0,0,0,0,0,0,0,0,0,0,,0,,0,0,0,0,0,0,0,0,0,0,0,0,0,0
15398475.39,4974890.548,15401475.39,4974890.548,15401475.39,4971890.548,15398475.39,4971890.548,63515106.93,0,0,0,0,0,0,0,0,0,0,,0,,0,0,0,0,0,0,0,0,0,0,0,0,0,0
15398475.39,4971890.548,15401475.39,4971890.548,15401475.39,4968890.548,15398475.39,4968890.548,63515106.93,0,0,0,0,0,0,0,0,0,0,,0,,0,0,0,0,0,0,0,0,0,0,0,0,0,0
15398475.39,4968890.548,15401475.39,4968890.548,15401475.39,4965890.548,15398475.39,4965890.548,63515106.93,0,0,0,0,0,0,0,0,0,0,,0,,0,0,0,0,0,0,0,0,0,0,0,0,0,0
15398475.39,4965890.548,15401475.39,4965890.548,15401475.39,4962890.548,15398475.39,4962890.548,63515106.93,0,0,0,0,0,0,0,0,0,0,,0,,0,0,0,0,0,0,0,0,0,0,0,0,0,0
15398475.39,4962890.548,15401475.39,4962890.548,15401475.39,4959890.548,15398475.39,4959890.548,63515106.93,0,0,0,0,0,0,0,0,0,0,,0,,0,0,0,0,0,0,0,0,0,0,0,0,0,0
15398475.39,4959890.548,15401475.39,4959890.548,15401475.39,4956890.548,15398475.39,4956890.548,63515106.93,0,0,0,0,0,0,0,0,0,0,,0,,0,0,0,0,0,0,0,0,0,0,0,0,0,0
15398475.39,4956890.548,15401475.39,4956890.548,15401475.39,4953890.548,15398475.39,4953890.548,63515106.93,0,0,0,0,0,0,0,0,0,0,,0,,0,0,0,0,0,0,0,0,0,0,0,0,0,0
15398475.39,4953890.548,15401475.39,4953890.548,15401475.39,4950890.548,15398475.39,4950890.548,63515106.93,0,0,0,0,0,0,0,0,0,0,,0,,0,0,0,0,0,0,0,0,0,0,0,0,0,0
15398475.39,4950890.548,15401475.39,4950890.548,15401475.39,4947890.548,15398475.39,4947890.548,63515106.93,0,0,0,0,0,0,0,0,0,0,,0,,0,0,0,0,0,0,0,0,0,0,0,0,0,0
15398475.39,4947890.548,15401475.39,4947890.548,15401475.39,4944890.548,15398475.39,4944890.548,63515106.93,0,0,0,0,0,0,0,0,0,0,,0,,0,0,0,0,0,0,0,0,0,0,0,0,0,0
15398475.39,4944890.548,15401475.39,4944890.548,15401475.39,4941890.548,15398475.39,4941890.548,63515106.93,0,0,0,0,0,0,0,0,0,0,,0,,0,0,0,0,0,0,0,0,0,0,0,0,0,0
15401475.39,5121890.548,15404475.39,5121890.548,15404475.39,5118890.548,15401475.39,5118890.548,63515106.93,0,0,0,0,0,0,0,0,0,0,,0,,0,0,0,0,0,0,0,0,0,0,0,0,0,0
15401475.39,5118890.548,15404475.39,5118890.548,15404475.39,5115890.548,15401475.39,5115890.548,63515106.93,0,0,0,0,0,0,0,0,0,0,,0,,0,0,0,0,0,0,0,0,0,0,0,0,0,0
15401475.39,5115890.548,15404475.39,5115890.548,15404475.39,5112890.548,15401475.39,5112890.548,63515106.93,0,0,0,7642.89414,7642.89414,0,0,0,0,0.919684051,,0.000120332,,0.000120332,0,1,0,1,7642.89414,7642.89414,7642.89414,0,0,0,0,0,0
15401475.39,5112890.548,15404475.39,5112890.548,15404475.39,5109890.548,15401475.39,5109890.548,63515106.93,0,0,0,8956.975963,8956.975963,0,0,0,0,1.263123409,,0.000141021,,0.000141021,0,1,0,1,8956.975963,8956.975963,8956.975963,0,0,0,0,0,0
15401475.39,5109890.548,15404475.39,5109890.548,15404475.39,5106890.548,15401475.39,5106890.548,63515106.93,7.87E-09,7.87E-09,12146.96025,167.1603571,5906.31977,0,0,0,1.16152401,0.290381003,,9.56E-05,,9.56E-05,0.5,2,0.5,2,3036.740064,167.1603571,5906.31977,0,0,1,0,7.87E-09,31757553.47
15401475.39,5106890.548,15404475.39,5106890.548,15404475.39,5103890.548,15401475.39,5103890.548,63515106.93,7.87E-09,7.87E-09,6096.248245,3048.124122,3048.124122,0,0,0,0.29256223,0.146281115,,4.80E-05,,4.80E-05,0.5,1,0.5,1,3048.124122,3048.124122,3048.124122,0,0,1,0,7.87E-09,31757553.47
15401475.39,5103890.548,15404475.39,5103890.548,15404475.39,5100890.548,15401475.39,5100890.548,63515106.93,1.57E-08,1.57E-08,7630.928796,2259.07836,5371.850435,0,0,0,0.91680668,0.45840334,,0.000120144,,0.000120144,1,2,1,2,3815.464398,2259.07836,5371.850435,0,0,1,0,1.57E-08,63515106.93
15401475.39,5100890.548,15404475.39,5100890.548,15404475.39,5097890.548,15401475.39,5097890.548,63515106.93,3.15E-08,3.15E-08,6135.11957,1594.582315,5355.615574,0,0,0,1.185220146,0.790146764,,0.000193186,,0.000193186,2,3,2,3,4090.079714,1594.582315,5355.615574,0,0,1,0,3.15E-08,127030213.9
15401475.39,5097890.548,15404475.39,5097890.548,15404475.39,5094890.548,15401475.39,5094890.548,63515106.93,4.72E-08,4.72E-08,7123.36099,936.5019631,6675.932668,0,0,0,2.396702497,1.438021498,,0.000336457,,0.000336457,3,5,3,5,4274.016594,936.5019631,6675.932668,0,0,1,0,4.72E-08,190545320.8
15401475.39,5094890.548,15404475.39,5094890.548,15404475.39,5091890.548,15401475.39,5091890.548,63515106.93,5.51E-08,5.51E-08,6351.936252,2801.222895,5737.258306,0,0,0,2.223326644,1.556328651,,0.000350023,,0.000350023,3.5,5,3.5,5,4446.355377,2801.222895,5737.258306,0,0,1,0,5.51E-08,222302874.3
15401475.39,5091890.548,15404475.39,5091890.548,15404475.39,5088890.548,15401475.39,5088890.548,63515106.93,4.72E-08,4.72E-08,5544.149997,1179.396448,4083.931337,0,0,0,1.451824645,0.725912323,,0.000261866,,0.000261866,3,6,3,6,2772.074999,1179.396448,4083.931337,0,0,1,0,4.72E-08,190545320.8
15401475.39,5088890.548,15404475.39,5088890.548,15404475.39,5085890.548,15401475.39,5085890.548,63515106.93,4.72E-08,4.72E-08,6163.796469,881.3874311,5408.366635,0,0,0,1.794489,0.8972445,,0.000291134,,0.000291134,3,6,3,6,3081.898234,881.3874311,5408.366635,0,0,1,0,4.72E-08,190545320.8
15401475.39,5085890.548,15404475.39,5085890.548,15404475.39,5082890.548,15401475.39,5082890.548,63515106.93,5.51E-08,5.51E-08,7049.803191,1111.825193,7575.250652,0,0,0,2.738703373,1.597576968,,0.000388479,,0.000388479,3.5,6,3.5,6,4112.385195,1111.825193,7575.250652,0,0,1,0,5.51E-08,222302874.3
15401475.39,5082890.548,15404475.39,5082890.548,15404475.39,5079890.548,15401475.39,5079890.548,63515106.93,3.94E-08,3.94E-08,9221.374968,2139.758093,8986.484051,0,0,0,3.346989418,1.394578924,,0.00036296,,0.00036296,2.5,6,2.5,6,3842.23957,2139.758093,8986.484051,0,0,1,0,3.94E-08,158787767.3
15401475.39,5079890.548,15404475.39,5079890.548,15404475.39,5076890.548,15401475.39,5076890.548,63515106.93,1.57E-08,1.57E-08,9902.90169,1403.042077,7017.50021,0,0,0,1.544002153,0.514667384,,0.000155914,,0.000155914,1,3,1,3,3300.96723,1403.042077,7017.50021,0,0,1,0,1.57E-08,63515106.93
15401475.39,5076890.548,15404475.39,5076890.548,15404475.39,5073890.548,15401475.39,5073890.548,63515106.93,7.87E-09,7.87E-09,1368.1536,684.0768002,684.0768002,0,0,0,0.014735426,0.007367713,,1.08E-05,,1.08E-05,0.5,1,0.5,1,684.0768002,684.0768002,684.0768002,0,0,1,0,7.87E-09,31757553.47
15401475.39,5073890.548,15404475.39,5073890.548,15404475.39,5070890.548,15401475.39,5070890.548,63515106.93,7.87E-09,7.87E-09,1605.309987,802.6549933,802.6549933,0,0,0,0.020286671,0.010143335,,1.26E-05,,1.26E-05,0.5,1,0.5,1,802.6549933,802.6549933,802.6549933,0,0,1,0,7.87E-09,31757553.47
15401475.39,5070890.548,15404475.39,5070890.548,15404475.39,5067890.548,15401475.39,5067890.548,63515106.93,1.57E-08,1.57E-08,10631.57572,3016.796364,7614.779361,0,0,0,1.779582966,0.889791483,,0.000167387,,0.000167387,1,2,1,2,5315.787862,3016.796364,7614.779361,0,0,1,0,1.57E-08,63515106.93
15401475.39,5067890.548,15404475.39,5067890.548,15404475.39,5064890.548,15401475.39,5064890.548,63515106.93,3.15E-08,3.15E-08,6936.971218,253.4427239,6609.406466,0,0,0,1.515279498,0.757639749,,0.000218435,,0.000218435,2,4,2,4,3468.485609,253.4427239,6609.406466,0,0,1,0,3.15E-08,127030213.9
15401475.39,5064890.548,15404475.39,5064890.548,15404475.39,5061890.548,15401475.39,5061890.548,63515106.93,3.15E-08,3.15E-08,5608.02471,172.913903,5644.385271,0,0,0,0.990313727,0.495156864,,0.000176589,,0.000176589,2,4,2,4,2804.012355,172.913903,5644.385271,0,0,1,0,3.15E-08,127030213.9
15401475.39,5061890.548,15404475.39,5061890.548,15404475.39,5058890.548,15401475.39,5058890.548,63515106.93,1.34E-07,8.66E-08,3163.247153,384.9774688,6746.75133,1.058823529,1.090909091,4.72E-08,1.339084996,1.264691385,,0.000423326,,0.000423326,8.5,12,5.5,9,2987.5112,567.4907553,6746.75133,0.352941176,0.545454545,9.727272727,3,9.000000063,254060430.7
15401475.39,5058890.548,15404475.39,5058890.548,15404475.39,5055890.548,15401475.39,5055890.548,63515106.93,1.42E-07,9.45E-08,3687.256513,384.9774688,6449.913244,1,1,4.72E-08,1.926514041,1.733862637,,0.000522479,,0.000522479,9,13,6,10,3318.530862,567.4907553,6449.913244,0.333333333,0.5,9.75,3,9.000000071,285817984.2
15401475.39,5055890.548,15404475.39,5055890.548,15404475.39,5052890.548,15401475.39,5052890.548,63515106.93,1.18E-07,7.08E-08,2684.565803,166.7556629,5084.491381,1.2,1.333333333,4.72E-08,0.851005441,0.797817601,,0.000316999,,0.000316999,7.5,11,4.5,8,2516.78044,166.7556629,5084.491381,0.4,0.666666667,9.666666667,3,9.000000047,190545323.8
15401475.39,5052890.548,15404475.39,5052890.548,15404475.39,5049890.548,15401475.39,5049890.548,63515106.93,3.94E-08,2.36E-08,4102.687339,1769.947925,3805.397977,1.2,1.333333333,1.57E-08,0.662521257,0.552101048,,0.000161485,,0.000161485,2.5,4,1.5,3,3418.906116,2284.692338,4166.628031,0.4,0.666666667,3.666666667,1,3.000000016,63515107.93
15401475.39,5049890.548,15404475.39,5049890.548,15404475.39,5046890.548,15401475.39,5046890.548,63515106.93,3.94E-08,2.36E-08,3328.177299,94.42505112,3302.557543,1.2,1.333333333,1.57E-08,0.435989352,0.36332446,,0.000130999,,0.000130999,2.5,4,1.5,3,2773.481082,94.42505112,4923.460652,0.4,0.666666667,3.666666667,1,3.000000016,63515107.93
15401475.39,5046890.548,15404475.39,5046890.548,15404475.39,5043890.548,15401475.39,5043890.548,63515106.93,3.15E-08,1.57E-08,2313.865798,1186.752818,1769.947925,1.5,2,1.57E-08,0.168589024,0.168589024,,7.29E-05,,7.29E-05,2,3,1,2,2313.865798,1186.752818,3440.978778,0.5,1,3.5,1,3.000000008,31757554.47
15401475.39,5043890.548,15404475.39,5043890.548,15404475.39,5040890.548,15401475.39,5040890.548,63515106.93,0,0,0,0,0,0,0,0,0,0,,0,,0,0,0,0,0,0,0,0,0,0,0,0,0,0
15401475.39,5040890.548,15404475.39,5040890.548,15404475.39,5037890.548,15401475.39,5037890.548,63515106.93,0,0,0,0,0,0,0,0,0,0,,0,,0,0,0,0,0,0,0,0,0,0,0,0,0,0
15401475.39,5037890.548,15404475.39,5037890.548,15404475.39,5034890.548,15401475.39,5034890.548,63515106.93,7.87E-09,7.87E-09,7143.486972,3571.743486,3571.743486,0,0,0,0.401710779,0.200855389,,5.62E-05,,5.62E-05,0.5,1,0.5,1,3571.743486,3571.743486,3571.743486,0,0,1,0,7.87E-09,31757553.47
15401475.39,5034890.548,15404475.39,5034890.548,15404475.39,5031890.548,15401475.39,5031890.548,63515106.93,7.87E-09,7.87E-09,8163.007314,4081.503657,4081.503657,0,0,0,0.524557791,0.262278896,,6.43E-05,,6.43E-05,0.5,1,0.5,1,4081.503657,4081.503657,4081.503657,0,0,1,0,7.87E-09,31757553.47
15401475.39,5031890.548,15404475.39,5031890.548,15404475.39,5028890.548,15401475.39,5028890.548,63515106.93,7.87E-09,7.87E-09,16780.03883,2531.562045,5858.45737,0,0,0,2.216556948,0.554139237,,0.000132095,,0.000132095,0.5,2,0.5,2,4195.009707,2531.562045,5858.45737,0,0,1,0,7.87E-09,31757553.47
15401475.39,5028890.548,15404475.39,5028890.548,15404475.39,5025890.548,15401475.39,5025890.548,63515106.93,7.87E-09,7.87E-09,16629.91188,8314.955938,8314.955938,0,0,0,2.177072372,1.088536186,,0.000130913,,0.000130913,0.5,1,0.5,1,8314.955938,8314.955938,8314.955938,0,0,1,0,7.87E-09,31757553.47
15401475.39,5025890.548,15404475.39,5025890.548,15404475.39,5022890.548,15401475.39,5022890.548,63515106.93,1.57E-08,1.57E-08,7219.546915,189.205237,7030.341678,0,0,0,0.820621427,0.410310713,,0.000113667,,0.000113667,1,2,1,2,3609.773458,189.205237,7030.341678,0,0,1,0,1.57E-08,63515106.93
15401475.39,5022890.548,15404475.39,5022890.548,15404475.39,5019890.548,15401475.39,5019890.548,63515106.93,7.87E-09,7.87E-09,1536.565823,768.2829115,768.2829115,0,0,0,0.018586401,0.009293201,,1.21E-05,,1.21E-05,0.5,1,0.5,1,768.2829115,768.2829115,768.2829115,0,0,1,0,7.87E-09,31757553.47
15401475.39,5019890.548,15404475.39,5019890.548,15404475.39,5016890.548,15401475.39,5016890.548,63515106.93,0,0,0,0,0,0,0,0,0,0,,0,,0,0,0,0,0,0,0,0,0,0,0,0,0,0
15401475.39,5016890.548,15404475.39,5016890.548,15404475.39,5013890.548,15401475.39,5013890.548,63515106.93,7.87E-09,7.87E-09,794.4478705,397.2239352,397.2239352,0,0,0,0.004968483,0.002484241,,6.25E-06,,6.25E-06,0.5,1,0.5,1,397.2239352,397.2239352,397.2239352,0,0,1,0,7.87E-09,31757553.47
15401475.39,5013890.548,15404475.39,5013890.548,15404475.39,5010890.548,15401475.39,5010890.548,63515106.93,0,0,0,0,0,0,0,0,0,0,,0,,0,0,0,0,0,0,0,0,0,0,0,0,0,0
15401475.39,5010890.548,15404475.39,5010890.548,15404475.39,5007890.548,15401475.39,5007890.548,63515106.93,0,0,0,0,0,0,0,0,0,0,,0,,0,0,0,0,0,0,0,0,0,0,0,0,0,0
15401475.39,5007890.548,15404475.39,5007890.548,15404475.39,5004890.548,15401475.39,5004890.548,63515106.93,0,0,0,0,0,0,0,0,0,0,,0,,0,0,0,0,0,0,0,0,0,0,0,0,0,0
15401475.39,5004890.548,15404475.39,5004890.548,15404475.39,5001890.548,15401475.39,5001890.548,63515106.93,0,0,0,0,0,0,0,0,0,0,,0,,0,0,0,0,0,0,0,0,0,0,0,0,0,0
15401475.39,5001890.548,15404475.39,5001890.548,15404475.39,4998890.548,15401475.39,4998890.548,63515106.93,0,0,0,0,0,0,0,0,0,0,,0,,0,0,0,0,0,0,0,0,0,0,0,0,0,0
15401475.39,4998890.548,15404475.39,4998890.548,15404475.39,4995890.548,15401475.39,4995890.548,63515106.93,0,0,0,0,0,0,0,0,0,0,,0,,0,0,0,0,0,0,0,0,0,0,0,0,0,0
15401475.39,4995890.548,15404475.39,4995890.548,15404475.39,4992890.548,15401475.39,4992890.548,63515106.93,0,0,0,0,0,0,0,0,0,0,,0,,0,0,0,0,0,0,0,0,0,0,0,0,0,0
15401475.39,4992890.548,15404475.39,4992890.548,15404475.39,4989890.548,15401475.39,4989890.548,63515106.93,0,0,0,0,0,0,0,0,0,0,,0,,0,0,0,0,0,0,0,0,0,0,0,0,0,0
15401475.39,4989890.548,15404475.39,4989890.548,15404475.39,4986890.548,15401475.39,4986890.548,63515106.93,0,0,0,0,0,0,0,0,0,0,,0,,0,0,0,0,0,0,0,0,0,0,0,0,0,0
15401475.39,4986890.548,15404475.39,4986890.548,15404475.39,4983890.548,15401475.39,4983890.548,63515106.93,0,0,0,0,0,0,0,0,0,0,,0,,0,0,0,0,0,0,0,0,0,0,0,0,0,0
15401475.39,4983890.548,15404475.39,4983890.548,15404475.39,4980890.548,15401475.39,4980890.548,63515106.93,0,0,0,0,0,0,0,0,0,0,,0,,0,0,0,0,0,0,0,0,0,0,0,0,0,0
15401475.39,4980890.548,15404475.39,4980890.548,15404475.39,4977890.548,15401475.39,4977890.548,63515106.93,0,0,0,0,0,0,0,0,0,0,,0,,0,0,0,0,0,0,0,0,0,0,0,0,0,0
15401475.39,4977890.548,15404475.39,4977890.548,15404475.39,4974890.548,15401475.39,4974890.548,63515106.93,0,0,0,0,0,0,0,0,0,0,,0,,0,0,0,0,0,0,0,0,0,0,0,0,0,0
15401475.39,4974890.548,15404475.39,4974890.548,15404475.39,4971890.548,15401475.39,4971890.548,63515106.93,0,0,0,0,0,0,0,0,0,0,,0,,0,0,0,0,0,0,0,0,0,0,0,0,0,0
15401475.39,4971890.548,15404475.39,4971890.548,15404475.39,4968890.548,15401475.39,4968890.548,63515106.93,0,0,0,0,0,0,0,0,0,0,,0,,0,0,0,0,0,0,0,0,0,0,0,0,0,0
15401475.39,4968890.548,15404475.39,4968890.548,15404475.39,4965890.548,15401475.39,4965890.548,63515106.93,0,0,0,0,0,0,0,0,0,0,,0,,0,0,0,0,0,0,0,0,0,0,0,0,0,0
15401475.39,4965890.548,15404475.39,4965890.548,15404475.39,4962890.548,15401475.39,4962890.548,63515106.93,0,0,0,0,0,0,0,0,0,0,,0,,0,0,0,0,0,0,0,0,0,0,0,0,0,0
15401475.39,4962890.548,15404475.39,4962890.548,15404475.39,4959890.548,15401475.39,4959890.548,63515106.93,0,0,0,0,0,0,0,0,0,0,,0,,0,0,0,0,0,0,0,0,0,0,0,0,0,0
15401475.39,4959890.548,15404475.39,4959890.548,15404475.39,4956890.548,15401475.39,4956890.548,63515106.93,0,0,0,0,0,0,0,0,0,0,,0,,0,0,0,0,0,0,0,0,0,0,0,0,0,0
15401475.39,4956890.548,15404475.39,4956890.548,15404475.39,4953890.548,15401475.39,4953890.548,63515106.93,0,0,0,0,0,0,0,0,0,0,,0,,0,0,0,0,0,0,0,0,0,0,0,0,0,0
15401475.39,4953890.548,15404475.39,4953890.548,15404475.39,4950890.548,15401475.39,4950890.548,63515106.93,0,0,0,0,0,0,0,0,0,0,,0,,0,0,0,0,0,0,0,0,0,0,0,0,0,0
15401475.39,4950890.548,15404475.39,4950890.548,15404475.39,4947890.548,15401475.39,4947890.548,63515106.93,0,0,0,0,0,0,0,0,0,0,,0,,0,0,0,0,0,0,0,0,0,0,0,0,0,0
15401475.39,4947890.548,15404475.39,4947890.548,15404475.39,4944890.548,15401475.39,4944890.548,63515106.93,0,0,0,0,0,0,0,0,0,0,,0,,0,0,0,0,0,0,0,0,0,0,0,0,0,0
15401475.39,4944890.548,15404475.39,4944890.548,15404475.39,4941890.548,15401475.39,4941890.548,63515106.93,0,0,0,0,0,0,0,0,0,0,,0,,0,0,0,0,0,0,0,0,0,0,0,0,0,0
15404475.39,5121890.548,15407475.39,5121890.548,15407475.39,5118890.548,15404475.39,5118890.548,63515106.93,0,0,0,0,0,0,0,0,0,0,,0,,0,0,0,0,0,0,0,0,0,0,0,0,0,0
15404475.39,5118890.548,15407475.39,5118890.548,15407475.39,5115890.548,15404475.39,5115890.548,63515106.93,0,0,0,1823.016341,1823.016341,0,0,0,0,0.05232438,,2.87E-05,,2.87E-05,0,1,0,1,1823.016341,1823.016341,1823.016341,0,0,0,0,0,0
15404475.39,5115890.548,15407475.39,5115890.548,15407475.39,5112890.548,15404475.39,5112890.548,63515106.93,0,0,0,8407.921935,8407.921935,0,0,0,0,1.113013182,,0.000132377,,0.000132377,0,1,0,1,8407.921935,8407.921935,8407.921935,0,0,0,0,0,0
15404475.39,5112890.548,15407475.39,5112890.548,15407475.39,5109890.548,15404475.39,5109890.548,63515106.93,0,0,0,8601.824827,8601.824827,0,0,0,0,1.164941601,,0.00013543,,0.00013543,0,1,0,1,8601.824827,8601.824827,8601.824827,0,0,0,0,0,0
15404475.39,5109890.548,15407475.39,5109890.548,15407475.39,5106890.548,15404475.39,5106890.548,63515106.93,7.87E-09,7.87E-09,5585.733042,56.86316549,2736.003355,0,0,0,0.245614115,0.061403529,,4.40E-05,,4.40E-05,0.5,2,0.5,2,1396.43326,56.86316549,2736.003355,0,0,1,0,7.87E-09,31757553.47
15404475.39,5106890.548,15407475.39,5106890.548,15407475.39,5103890.548,15404475.39,5103890.548,63515106.93,7.87E-09,7.87E-09,7290.169991,3645.084996,3645.084996,0,0,0,0.418377462,0.209188731,,5.74E-05,,5.74E-05,0.5,1,0.5,1,3645.084996,3645.084996,3645.084996,0,0,1,0,7.87E-09,31757553.47
15404475.39,5103890.548,15407475.39,5103890.548,15407475.39,5100890.548,15404475.39,5100890.548,63515106.93,1.57E-08,1.57E-08,5903.068895,5903.068895,5903.068895,0,0,0,0.548628886,0.548628886,,9.29E-05,,9.29E-05,1,1,1,1,5903.068895,5903.068895,5903.068895,0,0,1,0,1.57E-08,63515106.93
15404475.39,5100890.548,15407475.39,5100890.548,15407475.39,5097890.548,15404475.39,5097890.548,63515106.93,4.72E-08,4.72E-08,3831.171332,70.69501603,5209.74406,0,0,0,0.693277922,0.346638961,,0.000180957,,0.000180957,3,6,3,6,1915.585666,70.69501603,5209.74406,0,0,1,0,4.72E-08,190545320.8
15404475.39,5097890.548,15407475.39,5097890.548,15407475.39,5094890.548,15404475.39,5094890.548,63515106.93,5.51E-08,5.51E-08,5874.705653,1004.563929,4064.032162,0,0,0,1.901792953,0.950896477,,0.000323726,,0.000323726,3.5,7,3.5,7,2937.352827,1004.563929,4064.032162,0,0,1,0,5.51E-08,222302874.3
15404475.39,5094890.548,15407475.39,5094890.548,15407475.39,5091890.548,15404475.39,5091890.548,63515106.93,6.30E-08,6.30E-08,4881.153876,287.0325394,5037.524991,0,0,0,1.500472206,0.857412689,,0.000307401,,0.000307401,4,7,4,7,2789.230786,287.0325394,5037.524991,0,0,1,0,6.30E-08,254060427.7
15404475.39,5091890.548,15407475.39,5091890.548,15407475.39,5088890.548,15404475.39,5088890.548,63515106.93,5.51E-08,5.51E-08,3505.469955,596.4272461,3537.043245,0,0,0,0.677147858,0.338573929,,0.000193169,,0.000193169,3.5,7,3.5,7,1752.734978,596.4272461,3537.043245,0,0,1,0,5.51E-08,222302874.3
15404475.39,5088890.548,15407475.39,5088890.548,15407475.39,5085890.548,15404475.39,5085890.548,63515106.93,5.51E-08,5.51E-08,4001.224983,233.3173273,5179.863512,0,0,0,0.882220112,0.441110056,,0.000220488,,0.000220488,3.5,7,3.5,7,2000.612491,233.3173273,5179.863512,0,0,1,0,5.51E-08,222302874.3
15404475.39,5085890.548,15407475.39,5085890.548,15407475.39,5082890.548,15404475.39,5082890.548,63515106.93,5.51E-08,5.51E-08,6402.770254,2545.280102,4818.977287,0,0,0,2.259055226,1.317782215,,0.000352825,,0.000352825,3.5,6,3.5,6,3734.949315,2545.280102,4818.977287,0,0,1,0,5.51E-08,222302874.3
15404475.39,5082890.548,15407475.39,5082890.548,15407475.39,5079890.548,15404475.39,5079890.548,63515106.93,5.51E-08,5.51E-08,6830.25679,2483.602295,8643.568449,0,0,0,2.570780957,1.499622225,,0.000376381,,0.000376381,3.5,6,3.5,6,3984.316461,2483.602295,8643.568449,0,0,1,0,5.51E-08,222302874.3
15404475.39,5079890.548,15407475.39,5079890.548,15407475.39,5076890.548,15404475.39,5076890.548,63515106.93,2.36E-08,2.36E-08,8409.053434,108.2171227,8586.976221,0,0,0,1.669969155,0.626238433,,0.000198592,,0.000198592,1.5,4,1.5,4,3153.395038,108.2171227,8586.976221,0,0,1,0,2.36E-08,95272660.4
15404475.39,5076890.548,15407475.39,5076890.548,15407475.39,5073890.548,15404475.39,5073890.548,63515106.93,0,0,0,4347.296439,4347.296439,0,0,0,0,0.297551043,,6.84E-05,,6.84E-05,0,1,0,1,4347.296439,4347.296439,4347.296439,0,0,0,0,0,0
15404475.39,5073890.548,15407475.39,5073890.548,15407475.39,5070890.548,15404475.39,5070890.548,63515106.93,0,0,0,0,0,0,0,0,0,0,,0,,0,0,0,0,0,0,0,0,0,0,0,0,0,0
15404475.39,5070890.548,15407475.39,5070890.548,15407475.39,5067890.548,15404475.39,5067890.548,63515106.93,2.36E-08,2.36E-08,6422.404769,436.2538309,5344.231628,0,0,0,0.974113522,0.487056761,,0.000151674,,0.000151674,1.5,3,1.5,3,3211.202384,436.2538309,5344.231628,0,0,1,0,2.36E-08,95272660.4
15404475.39,5067890.548,15407475.39,5067890.548,15407475.39,5064890.548,15404475.39,5064890.548,63515106.93,3.94E-08,3.94E-08,7869.316406,2036.992087,7019.812037,0,0,0,2.437457154,1.218728577,,0.000309742,,0.000309742,2.5,5,2.5,5,3934.658203,2036.992087,7019.812037,0,0,1,0,3.94E-08,158787767.3
15404475.39,5064890.548,15407475.39,5064890.548,15407475.39,5061890.548,15404475.39,5061890.548,63515106.93,4.72E-08,4.72E-08,7418.660419,390.1749565,6746.75133,0,0,0,2.599532225,1.299766112,,0.000350405,,0.000350405,3,6,3,6,3709.330209,390.1749565,6746.75133,0,0,1,0,4.72E-08,190545320.8
15404475.39,5061890.548,15407475.39,5061890.548,15407475.39,5058890.548,15404475.39,5058890.548,63515106.93,6.30E-08,4.72E-08,6626.350804,384.9774688,7552.931532,0.75,0.666666667,1.57E-08,2.765233476,1.580133415,,0.000417309,,0.000417309,4,8,3,7,3786.486174,652.0046679,7552.931532,0.25,0.333333333,3.833333333,1,3.000000039,158787768.3
15404475.39,5058890.548,15407475.39,5058890.548,15407475.39,5055890.548,15404475.39,5055890.548,63515106.93,1.34E-07,8.66E-08,4048.271727,5.057341111,7582.059634,1.058823529,1.090909091,4.72E-08,2.193214977,1.864232731,,0.000541766,,0.000541766,8.5,13,5.5,10,3441.030968,5.057341111,7582.059634,0.352941176,0.545454545,9.727272727,3,9.000000063,254060430.7
15404475.39,5055890.548,15407475.39,5055890.548,15407475.39,5052890.548,15404475.39,5052890.548,63515106.93,7.87E-08,4.72E-08,5239.257962,13.77050077,6169.077796,1.2,1.333333333,3.15E-08,2.160889379,1.350555862,,0.000412442,,0.000412442,5,10,3,8,3274.536226,603.9044069,6169.077796,0.4,0.666666667,6.666666667,2,6.000000031,127030215.9
15404475.39,5052890.548,15407475.39,5052890.548,15407475.39,5049890.548,15404475.39,5049890.548,63515106.93,4.72E-08,4.72E-08,3069.402463,691.8675289,4438.002241,0,0,0,0.444991685,0.266995011,,0.000144977,,0.000144977,3,5,3,5,1841.641478,691.8675289,4438.002241,0,0,1,0,4.72E-08,190545320.8
15404475.39,5049890.548,15407475.39,5049890.548,15407475.39,5046890.548,15404475.39,5046890.548,63515106.93,4.72E-08,3.15E-08,2599.713687,156.1825419,3116.528223,1,1,1.57E-08,0.3192238,0.23941785,,0.000122792,,0.000122792,3,5,2,4,1949.785265,200.0350412,3116.528223,0.333333333,0.5,3.75,1,3.000000024,95272661.4
15404475.39,5046890.548,15407475.39,5046890.548,15407475.39,5043890.548,15404475.39,5043890.548,63515106.93,2.36E-08,2.36E-08,1852.4725,684.0800929,1312.74972,0,0,0,0.081043421,0.04052171,,4.37E-05,,4.37E-05,1.5,3,1.5,3,926.2362501,684.0800929,1312.74972,0,0,1,0,2.36E-08,95272660.4
15404475.39,5043890.548,15407475.39,5043890.548,15407475.39,5040890.548,15404475.39,5040890.548,63515106.93,0,0,0,0,0,0,0,0,0,0,,0,,0,0,0,0,0,0,0,0,0,0,0,0,0,0
15404475.39,5040890.548,15407475.39,5040890.548,15407475.39,5037890.548,15404475.39,5037890.548,63515106.93,0,0,0,0,0,0,0,0,0,0,,0,,0,0,0,0,0,0,0,0,0,0,0,0,0,0
15404475.39,5037890.548,15407475.39,5037890.548,15407475.39,5034890.548,15404475.39,5034890.548,63515106.93,7.87E-09,7.87E-09,15117.61084,7558.805421,7558.805421,0,0,0,1.79911653,0.899558265,,0.000119008,,0.000119008,0.5,1,0.5,1,7558.805421,7558.805421,7558.805421,0,0,1,0,7.87E-09,31757553.47
15404475.39,5034890.548,15407475.39,5034890.548,15407475.39,5031890.548,15404475.39,5031890.548,63515106.93,7.87E-09,7.87E-09,13789.76979,6894.884897,6894.884897,0,0,0,1.496948995,0.748474497,,0.000108555,,0.000108555,0.5,1,0.5,1,6894.884897,6894.884897,6894.884897,0,0,1,0,7.87E-09,31757553.47
15404475.39,5031890.548,15407475.39,5031890.548,15407475.39,5028890.548,15404475.39,5028890.548,63515106.93,7.87E-09,7.87E-09,23081.99062,4475.976275,7065.019033,0,0,0,4.194106855,1.048526714,,0.000181705,,0.000181705,0.5,2,0.5,2,5770.497654,4475.976275,7065.019033,0,0,1,0,7.87E-09,31757553.47
15404475.39,5028890.548,15407475.39,5028890.548,15407475.39,5025890.548,15404475.39,5025890.548,63515106.93,0,0,0,9014.493447,9014.493447,0,0,0,0,1.279397863,,0.000141927,,0.000141927,0,1,0,1,9014.493447,9014.493447,9014.493447,0,0,0,0,0,0
15404475.39,5025890.548,15407475.39,5025890.548,15407475.39,5022890.548,15404475.39,5022890.548,63515106.93,7.87E-09,7.87E-09,19972.25801,3379.678805,6606.450198,0,0,0,3.140127673,0.785031918,,0.000157224,,0.000157224,0.5,2,0.5,2,4993.064502,3379.678805,6606.450198,0,0,1,0,7.87E-09,31757553.47
15404475.39,5022890.548,15407475.39,5022890.548,15407475.39,5019890.548,15404475.39,5019890.548,63515106.93,7.87E-09,7.87E-09,7447.304393,3723.652196,3723.652196,0,0,0,0.436607489,0.218303745,,5.86E-05,,5.86E-05,0.5,1,0.5,1,3723.652196,3723.652196,3723.652196,0,0,1,0,7.87E-09,31757553.47
15404475.39,5019890.548,15407475.39,5019890.548,15407475.39,5016890.548,15404475.39,5016890.548,63515106.93,7.87E-09,7.87E-09,3493.640178,1746.820089,1746.820089,0,0,0,0.096083611,0.048041806,,2.75E-05,,2.75E-05,0.5,1,0.5,1,1746.820089,1746.820089,1746.820089,0,0,1,0,7.87E-09,31757553.47
15404475.39,5016890.548,15407475.39,5016890.548,15407475.39,5013890.548,15404475.39,5013890.548,63515106.93,0,0,0,0,0,0,0,0,0,0,,0,,0,0,0,0,0,0,0,0,0,0,0,0,0,0
15404475.39,5013890.548,15407475.39,5013890.548,15407475.39,5010890.548,15404475.39,5010890.548,63515106.93,0,0,0,0,0,0,0,0,0,0,,0,,0,0,0,0,0,0,0,0,0,0,0,0,0,0
15404475.39,5010890.548,15407475.39,5010890.548,15407475.39,5007890.548,15404475.39,5007890.548,63515106.93,7.87E-09,7.87E-09,3154.577488,1577.288744,1577.288744,0,0,0,0.078338521,0.039169261,,2.48E-05,,2.48E-05,0.5,1,0.5,1,1577.288744,1577.288744,1577.288744,0,0,1,0,7.87E-09,31757553.47
15404475.39,5007890.548,15407475.39,5007890.548,15407475.39,5004890.548,15404475.39,5004890.548,63515106.93,7.87E-09,7.87E-09,2508.14929,1254.074645,1254.074645,0,0,0,0.049522178,0.024761089,,1.97E-05,,1.97E-05,0.5,1,0.5,1,1254.074645,1254.074645,1254.074645,0,0,1,0,7.87E-09,31757553.47
15404475.39,5004890.548,15407475.39,5004890.548,15407475.39,5001890.548,15404475.39,5001890.548,63515106.93,0,0,0,0,0,0,0,0,0,0,,0,,0,0,0,0,0,0,0,0,0,0,0,0,0,0
15404475.39,5001890.548,15407475.39,5001890.548,15407475.39,4998890.548,15404475.39,4998890.548,63515106.93,0,0,0,0,0,0,0,0,0,0,,0,,0,0,0,0,0,0,0,0,0,0,0,0,0,0
15404475.39,4998890.548,15407475.39,4998890.548,15407475.39,4995890.548,15404475.39,4995890.548,63515106.93,0,0,0,0,0,0,0,0,0,0,,0,,0,0,0,0,0,0,0,0,0,0,0,0,0,0
15404475.39,4995890.548,15407475.39,4995890.548,15407475.39,4992890.548,15404475.39,4992890.548,63515106.93,0,0,0,0,0,0,0,0,0,0,,0,,0,0,0,0,0,0,0,0,0,0,0,0,0,0
15404475.39,4992890.548,15407475.39,4992890.548,15407475.39,4989890.548,15404475.39,4989890.548,63515106.93,0,0,0,0,0,0,0,0,0,0,,0,,0,0,0,0,0,0,0,0,0,0,0,0,0,0
15404475.39,4989890.548,15407475.39,4989890.548,15407475.39,4986890.548,15404475.39,4986890.548,63515106.93,0,0,0,0,0,0,0,0,0,0,,0,,0,0,0,0,0,0,0,0,0,0,0,0,0,0
15404475.39,4986890.548,15407475.39,4986890.548,15407475.39,4983890.548,15404475.39,4983890.548,63515106.93,0,0,0,0,0,0,0,0,0,0,,0,,0,0,0,0,0,0,0,0,0,0,0,0,0,0
15404475.39,4983890.548,15407475.39,4983890.548,15407475.39,4980890.548,15404475.39,4980890.548,63515106.93,0,0,0,0,0,0,0,0,0,0,,0,,0,0,0,0,0,0,0,0,0,0,0,0,0,0
15404475.39,4980890.548,15407475.39,4980890.548,15407475.39,4977890.548,15404475.39,4977890.548,63515106.93,0,0,0,0,0,0,0,0,0,0,,0,,0,0,0,0,0,0,0,0,0,0,0,0,0,0
15404475.39,4977890.548,15407475.39,4977890.548,15407475.39,4974890.548,15404475.39,4974890.548,63515106.93,0,0,0,0,0,0,0,0,0,0,,0,,0,0,0,0,0,0,0,0,0,0,0,0,0,0
15404475.39,4974890.548,15407475.39,4974890.548,15407475.39,4971890.548,15404475.39,4971890.548,63515106.93,0,0,0,0,0,0,0,0,0,0,,0,,0,0,0,0,0,0,0,0,0,0,0,0,0,0
15404475.39,4971890.548,15407475.39,4971890.548,15407475.39,4968890.548,15404475.39,4968890.548,63515106.93,0,0,0,0,0,0,0,0,0,0,,0,,0,0,0,0,0,0,0,0,0,0,0,0,0,0
15404475.39,4968890.548,15407475.39,4968890.548,15407475.39,4965890.548,15404475.39,4965890.548,63515106.93,0,0,0,0,0,0,0,0,0,0,,0,,0,0,0,0,0,0,0,0,0,0,0,0,0,0
15404475.39,4965890.548,15407475.39,4965890.548,15407475.39,4962890.548,15404475.39,4962890.548,63515106.93,0,0,0,0,0,0,0,0,0,0,,0,,0,0,0,0,0,0,0,0,0,0,0,0,0,0
15404475.39,4962890.548,15407475.39,4962890.548,15407475.39,4959890.548,15404475.39,4959890.548,63515106.93,0,0,0,0,0,0,0,0,0,0,,0,,0,0,0,0,0,0,0,0,0,0,0,0,0,0
15404475.39,4959890.548,15407475.39,4959890.548,15407475.39,4956890.548,15404475.39,4956890.548,63515106.93,0,0,0,0,0,0,0,0,0,0,,0,,0,0,0,0,0,0,0,0,0,0,0,0,0,0
15404475.39,4956890.548,15407475.39,4956890.548,15407475.39,4953890.548,15404475.39,4953890.548,63515106.93,0,0,0,0,0,0,0,0,0,0,,0,,0,0,0,0,0,0,0,0,0,0,0,0,0,0
15404475.39,4953890.548,15407475.39,4953890.548,15407475.39,4950890.548,15404475.39,4950890.548,63515106.93,0,0,0,0,0,0,0,0,0,0,,0,,0,0,0,0,0,0,0,0,0,0,0,0,0,0
15404475.39,4950890.548,15407475.39,4950890.548,15407475.39,4947890.548,15404475.39,4947890.548,63515106.93,0,0,0,0,0,0,0,0,0,0,,0,,0,0,0,0,0,0,0,0,0,0,0,0,0,0
15404475.39,4947890.548,15407475.39,4947890.548,15407475.39,4944890.548,15404475.39,4944890.548,63515106.93,0,0,0,0,0,0,0,0,0,0,,0,,0,0,0,0,0,0,0,0,0,0,0,0,0,0
15404475.39,4944890.548,15407475.39,4944890.548,15407475.39,4941890.548,15404475.39,4941890.548,63515106.93,0,0,0,0,0,0,0,0,0,0,,0,,0,0,0,0,0,0,0,0,0,0,0,0,0,0
15407475.39,5121890.548,15410475.39,5121890.548,15410475.39,5118890.548,15407475.39,5118890.548,63515106.93,0,0,0,0,0,0,0,0,0,0,,0,,0,0,0,0,0,0,0,0,0,0,0,0,0,0
15407475.39,5118890.548,15410475.39,5118890.548,15410475.39,5115890.548,15407475.39,5115890.548,63515106.93,7.87E-09,7.87E-09,7270.140199,3635.0701,3635.0701,0,0,0,0.416081631,0.208040815,,5.72E-05,,5.72E-05,0.5,1,0.5,1,3635.0701,3635.0701,3635.0701,0,0,1,0,7.87E-09,31757553.47
15407475.39,5115890.548,15410475.39,5115890.548,15410475.39,5112890.548,15407475.39,5112890.548,63515106.93,7.87E-09,7.87E-09,12372.25914,6186.129568,6186.129568,0,0,0,1.20501093,0.602505465,,9.74E-05,,9.74E-05,0.5,1,0.5,1,6186.129568,6186.129568,6186.129568,0,0,1,0,7.87E-09,31757553.47
15407475.39,5112890.548,15410475.39,5112890.548,15410475.39,5109890.548,15407475.39,5109890.548,63515106.93,7.87E-09,7.87E-09,12913.95896,6456.979478,6456.979478,0,0,0,1.312839921,0.65641996,,0.000101661,,0.000101661,0.5,1,0.5,1,6456.979478,6456.979478,6456.979478,0,0,1,0,7.87E-09,31757553.47
15407475.39,5109890.548,15410475.39,5109890.548,15410475.39,5106890.548,15407475.39,5106890.548,63515106.93,0,0,0,0,0,0,0,0,0,0,,0,,0,0,0,0,0,0,0,0,0,0,0,0,0,0
15407475.39,5106890.548,15410475.39,5106890.548,15410475.39,5103890.548,15407475.39,5103890.548,63515106.93,0,0,0,0,0,0,0,0,0,0,,0,,0,0,0,0,0,0,0,0,0,0,0,0,0,0
15407475.39,5103890.548,15410475.39,5103890.548,15410475.39,5100890.548,15407475.39,5100890.548,63515106.93,1.57E-08,1.57E-08,5406.561088,1331.820533,4074.740555,0,0,0,0.46021969,0.230109845,,8.51E-05,,8.51E-05,1,2,1,2,2703.280544,1331.820533,4074.740555,0,0,1,0,1.57E-08,63515106.93
15407475.39,5100890.548,15410475.39,5100890.548,15410475.39,5097890.548,15407475.39,5097890.548,63515106.93,3.94E-08,3.94E-08,4393.315786,1160.334437,2947.852814,0,0,0,0.759709954,0.379854977,,0.000172924,,0.000172924,2.5,5,2.5,5,2196.657893,1160.334437,2947.852814,0,0,1,0,3.94E-08,158787767.3
15407475.39,5097890.548,15410475.39,5097890.548,15410475.39,5094890.548,15407475.39,5094890.548,63515106.93,4.72E-08,4.72E-08,5708.654865,980.1772756,5575.790817,0,0,0,1.539259332,0.923555599,,0.000269636,,0.000269636,3,5,3,5,3425.192919,980.1772756,5575.790817,0,0,1,0,4.72E-08,190545320.8
15407475.39,5094890.548,15410475.39,5094890.548,15410475.39,5091890.548,15407475.39,5091890.548,63515106.93,5.51E-08,5.51E-08,5880.860003,1756.559353,8183.834064,0,0,0,1.905779682,1.334045777,,0.000324065,,0.000324065,3.5,5,3.5,5,4116.602002,1756.559353,8183.834064,0,0,1,0,5.51E-08,222302874.3
15407475.39,5091890.548,15410475.39,5091890.548,15410475.39,5088890.548,15407475.39,5088890.548,63515106.93,3.94E-08,3.94E-08,6947.314318,1847.745495,7463.427302,0,0,0,1.899751829,0.949875915,,0.000273451,,0.000273451,2.5,5,2.5,5,3473.657159,1847.745495,7463.427302,0,0,1,0,3.94E-08,158787767.3
15407475.39,5088890.548,15410475.39,5088890.548,15410475.39,5085890.548,15407475.39,5085890.548,63515106.93,4.72E-08,4.72E-08,5139.156839,213.9020151,5295.950238,0,0,0,1.247463838,0.623731919,,0.000242737,,0.000242737,3,6,3,6,2569.578419,213.9020151,5295.950238,0,0,1,0,4.72E-08,190545320.8
15407475.39,5085890.548,15410475.39,5085890.548,15410475.39,5082890.548,15407475.39,5082890.548,63515106.93,7.08E-08,7.08E-08,4251.478303,943.3821935,5293.213427,0,0,0,1.280605652,0.960454239,,0.000301214,,0.000301214,4.5,6,4.5,6,3188.608727,943.3821935,5293.213427,0,0,1,0,7.08E-08,285817981.2
15407475.39,5082890.548,15410475.39,5082890.548,15410475.39,5079890.548,15407475.39,5079890.548,63515106.93,6.30E-08,6.30E-08,5108.981653,1200.240783,7089.519373,0,0,0,1.643810097,1.095873398,,0.000321749,,0.000321749,4,6,4,6,3405.987768,1200.240783,7089.519373,0,0,1,0,6.30E-08,254060427.7
15407475.39,5079890.548,15410475.39,5079890.548,15410475.39,5076890.548,15407475.39,5076890.548,63515106.93,2.36E-08,2.36E-08,10119.23541,1767.273424,8986.408989,0,0,0,2.418296927,0.906861348,,0.00023898,,0.00023898,1.5,4,1.5,4,3794.713279,1767.273424,8986.408989,0,0,1,0,2.36E-08,95272660.4
15407475.39,5076890.548,15410475.39,5076890.548,15410475.39,5073890.548,15407475.39,5073890.548,63515106.93,0,0,0,7497.054093,7497.054093,0,0,0,0,0.884920498,,0.000118036,,0.000118036,0,1,0,1,7497.054093,7497.054093,7497.054093,0,0,0,0,0,0
15407475.39,5073890.548,15410475.39,5073890.548,15410475.39,5070890.548,15407475.39,5070890.548,63515106.93,0,0,0,0,0,0,0,0,0,0,,0,,0,0,0,0,0,0,0,0,0,0,0,0,0,0
15407475.39,5070890.548,15410475.39,5070890.548,15410475.39,5067890.548,15407475.39,5067890.548,63515106.93,7.87E-09,7.87E-09,12837.11899,451.2490227,5967.310471,0,0,0,1.297263217,0.324315804,,0.000101056,,0.000101056,0.5,2,0.5,2,3209.279747,451.2490227,5967.310471,0,0,1,0,7.87E-09,31757553.47
15407475.39,5067890.548,15410475.39,5067890.548,15410475.39,5064890.548,15407475.39,5064890.548,63515106.93,3.15E-08,3.15E-08,9193.884977,816.9655268,7713.701968,0,0,0,2.661650906,1.330825453,,0.000289502,,0.000289502,2,4,2,4,4596.942488,816.9655268,7713.701968,0,0,1,0,3.15E-08,127030213.9
15407475.39,5064890.548,15410475.39,5064890.548,15410475.39,5061890.548,15407475.39,5061890.548,63515106.93,5.51E-08,2.36E-08,6461.612389,183.6235883,6745.733984,1.142857143,1.333333333,1.57E-08,2.300767933,1.610537553,,0.000356067,,0.000356067,3.5,6,1.5,5,4523.128672,183.6235883,6931.623925,0.285714286,0.666666667,5,1.57E-08,4.000000024,95272660.4
15407475.39,5061890.548,15410475.39,5061890.548,15410475.39,5058890.548,15407475.39,5058890.548,63515106.93,7.08E-08,3.94E-08,6789.542412,89.53920666,5599.130858,1.333333333,1.6,3.15E-08,3.266002338,2.449501753,,0.000481034,,0.000481034,4.5,8,2.5,6,5092.156809,3629.878695,6431.089666,0.444444444,0.8,6.6,2,6.000000024,95272662.4
15407475.39,5058890.548,15410475.39,5058890.548,15410475.39,5055890.548,15407475.39,5055890.548,63515106.93,9.45E-08,6.30E-08,3787.589609,172.8850973,6750.19741,1,1,3.15E-08,1.355189567,1.161591058,,0.000357797,,0.000357797,6,9,4,7,3246.505379,172.8850973,7666.250412,0.333333333,0.5,6.75,2,6.000000047,190545322.8
15407475.39,5055890.548,15410475.39,5055890.548,15410475.39,5052890.548,15407475.39,5052890.548,63515106.93,7.87E-08,4.72E-08,4022.253889,825.5250818,5795.917652,1.2,1.333333333,3.15E-08,1.273596718,1.273596718,,0.000316638,,0.000316638,5,7,3,5,4022.253889,825.5250818,5973.165928,0.4,0.666666667,6.666666667,2,6.000000031,127030215.9
15407475.39,5052890.548,15410475.39,5052890.548,15410475.39,5049890.548,15407475.39,5049890.548,63515106.93,2.36E-08,2.36E-08,6610.334319,4438.002241,5477.499237,0,0,0,1.031955748,0.773966811,,0.000156112,,0.000156112,1.5,2,1.5,2,4957.750739,4438.002241,5477.499237,0,0,1,0,2.36E-08,95272660.4
15407475.39,5049890.548,15410475.39,5049890.548,15410475.39,5046890.548,15407475.39,5046890.548,63515106.93,2.36E-08,2.36E-08,7820.006936,2550.193158,6105.00012,0,0,0,1.444203862,0.722101931,,0.000184681,,0.000184681,1.5,3,1.5,3,3910.003468,2550.193158,6105.00012,0,0,1,0,2.36E-08,95272660.4
15407475.39,5046890.548,15410475.39,5046890.548,15410475.39,5043890.548,15407475.39,5043890.548,63515106.93,1.57E-08,1.57E-08,8062.857072,3713.160154,4349.696917,0,0,0,1.023530736,0.511765368,,0.000126944,,0.000126944,1,2,1,2,4031.428536,3713.160154,4349.696917,0,0,1,0,1.57E-08,63515106.93
15407475.39,5043890.548,15410475.39,5043890.548,15410475.39,5040890.548,15407475.39,5040890.548,63515106.93,7.87E-09,7.87E-09,5132.866549,2566.433274,2566.433274,0,0,0,0.207401989,0.103700994,,4.04E-05,,4.04E-05,0.5,1,0.5,1,2566.433274,2566.433274,2566.433274,0,0,1,0,7.87E-09,31757553.47
15407475.39,5040890.548,15410475.39,5040890.548,15410475.39,5037890.548,15407475.39,5037890.548,63515106.93,0,0,0,5327.755301,5327.755301,0,0,0,0,0.446901185,,8.39E-05,,8.39E-05,0,1,0,1,5327.755301,5327.755301,5327.755301,0,0,0,0,0,0
15407475.39,5037890.548,15410475.39,5037890.548,15410475.39,5034890.548,15407475.39,5034890.548,63515106.93,7.87E-09,7.87E-09,22262.03448,2254.385977,8876.631262,0,0,0,3.901419702,0.975354926,,0.00017525,,0.00017525,0.5,2,0.5,2,5565.50862,2254.385977,8876.631262,0,0,1,0,7.87E-09,31757553.47
15407475.39,5034890.548,15410475.39,5034890.548,15410475.39,5031890.548,15407475.39,5031890.548,63515106.93,7.87E-09,7.87E-09,21413.13168,2451.064608,8255.501232,0,0,0,3.609552361,0.90238809,,0.000168567,,0.000168567,0.5,2,0.5,2,5353.28292,2451.064608,8255.501232,0,0,1,0,7.87E-09,31757553.47
15407475.39,5031890.548,15410475.39,5031890.548,15410475.39,5028890.548,15407475.39,5028890.548,63515106.93,1.57E-08,1.57E-08,7625.613352,165.771824,4847.531908,0,0,0,0.915529892,0.305176631,,0.00012006,,0.00012006,1,3,1,3,2541.871117,165.771824,4847.531908,0,0,1,0,1.57E-08,63515106.93
15407475.39,5028890.548,15410475.39,5028890.548,15410475.39,5025890.548,15407475.39,5025890.548,63515106.93,7.87E-09,7.87E-09,12170.94695,6085.473476,6085.473476,0,0,0,1.166115881,0.58305794,,9.58E-05,,9.58E-05,0.5,1,0.5,1,6085.473476,6085.473476,6085.473476,0,0,1,0,7.87E-09,31757553.47
15407475.39,5025890.548,15410475.39,5025890.548,15410475.39,5022890.548,15407475.39,5022890.548,63515106.93,7.87E-09,7.87E-09,23638.38785,4829.836184,6989.357741,0,0,0,4.398743914,1.099685979,,0.000186085,,0.000186085,0.5,2,0.5,2,5909.596963,4829.836184,6989.357741,0,0,1,0,7.87E-09,31757553.47
15407475.39,5022890.548,15410475.39,5022890.548,15410475.39,5019890.548,15407475.39,5019890.548,63515106.93,7.87E-09,7.87E-09,13109.77647,6554.888235,6554.888235,0,0,0,1.352955599,0.6764778,,0.000103202,,0.000103202,0.5,1,0.5,1,6554.888235,6554.888235,6554.888235,0,0,1,0,7.87E-09,31757553.47
15407475.39,5019890.548,15410475.39,5019890.548,15410475.39,5016890.548,15407475.39,5016890.548,63515106.93,7.87E-09,7.87E-09,8230.764266,4115.382133,4115.382133,0,0,0,0.533302105,0.266651052,,6.48E-05,,6.48E-05,0.5,1,0.5,1,4115.382133,4115.382133,4115.382133,0,0,1,0,7.87E-09,31757553.47
15407475.39,5016890.548,15410475.39,5016890.548,15410475.39,5013890.548,15407475.39,5013890.548,63515106.93,0,0,0,0,0,0,0,0,0,0,,0,,0,0,0,0,0,0,0,0,0,0,0,0,0,0
15407475.39,5013890.548,15410475.39,5013890.548,15410475.39,5010890.548,15407475.39,5010890.548,63515106.93,0,0,0,3027.44988,3027.44988,0,0,0,0,0.144303509,,4.77E-05,,4.77E-05,0,1,0,1,3027.44988,3027.44988,3027.44988,0,0,0,0,0,0
15407475.39,5010890.548,15410475.39,5010890.548,15410475.39,5007890.548,15407475.39,5007890.548,63515106.93,7.87E-09,7.87E-09,9738.459815,4869.229908,4869.229908,0,0,0,0.746575139,0.373287569,,7.67E-05,,7.67E-05,0.5,1,0.5,1,4869.229908,4869.229908,4869.229908,0,0,1,0,7.87E-09,31757553.47
15407475.39,5007890.548,15410475.39,5007890.548,15410475.39,5004890.548,15407475.39,5004890.548,63515106.93,7.87E-09,7.87E-09,7765.544857,3882.772428,3882.772428,0,0,0,0.474719243,0.237359621,,6.11E-05,,6.11E-05,0.5,1,0.5,1,3882.772428,3882.772428,3882.772428,0,0,1,0,7.87E-09,31757553.47
15407475.39,5004890.548,15410475.39,5004890.548,15410475.39,5001890.548,15407475.39,5001890.548,63515106.93,7.87E-09,7.87E-09,15.70110996,7.85055498,7.85055498,0,0,0,1.94E-06,9.70E-07,,1.24E-07,,1.24E-07,0.5,1,0.5,1,7.85055498,7.85055498,7.85055498,0,0,1,0,7.87E-09,31757553.47
15407475.39,5001890.548,15410475.39,5001890.548,15410475.39,4998890.548,15407475.39,4998890.548,63515106.93,0,0,0,0,0,0,0,0,0,0,,0,,0,0,0,0,0,0,0,0,0,0,0,0,0,0
15407475.39,4998890.548,15410475.39,4998890.548,15410475.39,4995890.548,15407475.39,4995890.548,63515106.93,0,0,0,0,0,0,0,0,0,0,,0,,0,0,0,0,0,0,0,0,0,0,0,0,0,0
15407475.39,4995890.548,15410475.39,4995890.548,15410475.39,4992890.548,15407475.39,4992890.548,63515106.93,0,0,0,0,0,0,0,0,0,0,,0,,0,0,0,0,0,0,0,0,0,0,0,0,0,0
15407475.39,4992890.548,15410475.39,4992890.548,15410475.39,4989890.548,15407475.39,4989890.548,63515106.93,0,0,0,0,0,0,0,0,0,0,,0,,0,0,0,0,0,0,0,0,0,0,0,0,0,0
15407475.39,4989890.548,15410475.39,4989890.548,15410475.39,4986890.548,15407475.39,4986890.548,63515106.93,0,0,0,0,0,0,0,0,0,0,,0,,0,0,0,0,0,0,0,0,0,0,0,0,0,0
15407475.39,4986890.548,15410475.39,4986890.548,15410475.39,4983890.548,15407475.39,4983890.548,63515106.93,0,0,0,0,0,0,0,0,0,0,,0,,0,0,0,0,0,0,0,0,0,0,0,0,0,0
15407475.39,4983890.548,15410475.39,4983890.548,15410475.39,4980890.548,15407475.39,4980890.548,63515106.93,0,0,0,0,0,0,0,0,0,0,,0,,0,0,0,0,0,0,0,0,0,0,0,0,0,0
15407475.39,4980890.548,15410475.39,4980890.548,15410475.39,4977890.548,15407475.39,4977890.548,63515106.93,0,0,0,0,0,0,0,0,0,0,,0,,0,0,0,0,0,0,0,0,0,0,0,0,0,0
15407475.39,4977890.548,15410475.39,4977890.548,15410475.39,4974890.548,15407475.39,4974890.548,63515106.93,0,0,0,0,0,0,0,0,0,0,,0,,0,0,0,0,0,0,0,0,0,0,0,0,0,0
15407475.39,4974890.548,15410475.39,4974890.548,15410475.39,4971890.548,15407475.39,4971890.548,63515106.93,0,0,0,0,0,0,0,0,0,0,,0,,0,0,0,0,0,0,0,0,0,0,0,0,0,0
15407475.39,4971890.548,15410475.39,4971890.548,15410475.39,4968890.548,15407475.39,4968890.548,63515106.93,0,0,0,0,0,0,0,0,0,0,,0,,0,0,0,0,0,0,0,0,0,0,0,0,0,0
15407475.39,4968890.548,15410475.39,4968890.548,15410475.39,4965890.548,15407475.39,4965890.548,63515106.93,0,0,0,0,0,0,0,0,0,0,,0,,0,0,0,0,0,0,0,0,0,0,0,0,0,0
15407475.39,4965890.548,15410475.39,4965890.548,15410475.39,4962890.548,15407475.39,4962890.548,63515106.93,0,0,0,0,0,0,0,0,0,0,,0,,0,0,0,0,0,0,0,0,0,0,0,0,0,0
15407475.39,4962890.548,15410475.39,4962890.548,15410475.39,4959890.548,15407475.39,4959890.548,63515106.93,0,0,0,0,0,0,0,0,0,0,,0,,0,0,0,0,0,0,0,0,0,0,0,0,0,0
15407475.39,4959890.548,15410475.39,4959890.548,15410475.39,4956890.548,15407475.39,4956890.548,63515106.93,0,0,0,0,0,0,0,0,0,0,,0,,0,0,0,0,0,0,0,0,0,0,0,0,0,0
15407475.39,4956890.548,15410475.39,4956890.548,15410475.39,4953890.548,15407475.39,4953890.548,63515106.93,0,0,0,0,0,0,0,0,0,0,,0,,0,0,0,0,0,0,0,0,0,0,0,0,0,0
15407475.39,4953890.548,15410475.39,4953890.548,15410475.39,4950890.548,15407475.39,4950890.548,63515106.93,0,0,0,0,0,0,0,0,0,0,,0,,0,0,0,0,0,0,0,0,0,0,0,0,0,0
15407475.39,4950890.548,15410475.39,4950890.548,15410475.39,4947890.548,15407475.39,4947890.548,63515106.93,0,0,0,0,0,0,0,0,0,0,,0,,0,0,0,0,0,0,0,0,0,0,0,0,0,0
15407475.39,4947890.548,15410475.39,4947890.548,15410475.39,4944890.548,15407475.39,4944890.548,63515106.93,0,0,0,0,0,0,0,0,0,0,,0,,0,0,0,0,0,0,0,0,0,0,0,0,0,0
15407475.39,4944890.548,15410475.39,4944890.548,15410475.39,4941890.548,15407475.39,4941890.548,63515106.93,0,0,0,0,0,0,0,0,0,0,,0,,0,0,0,0,0,0,0,0,0,0,0,0,0,0
15410475.39,5121890.548,15413475.39,5121890.548,15413475.39,5118890.548,15410475.39,5118890.548,63515106.93,0,0,0,0,0,0,0,0,0,0,,0,,0,0,0,0,0,0,0,0,0,0,0,0,0,0
15410475.39,5118890.548,15413475.39,5118890.548,15413475.39,5115890.548,15410475.39,5115890.548,63515106.93,7.87E-09,7.87E-09,3020.704189,1510.352094,1510.352094,0,0,0,0.071830579,0.035915289,,2.38E-05,,2.38E-05,0.5,1,0.5,1,1510.352094,1510.352094,1510.352094,0,0,1,0,7.87E-09,31757553.47
15410475.39,5115890.548,15413475.39,5115890.548,15413475.39,5112890.548,15410475.39,5112890.548,63515106.93,7.87E-09,7.87E-09,6688.051129,3344.025564,3344.025564,0,0,0,0.352121173,0.176060586,,5.26E-05,,5.26E-05,0.5,1,0.5,1,3344.025564,3344.025564,3344.025564,0,0,1,0,7.87E-09,31757553.47
15410475.39,5112890.548,15413475.39,5112890.548,15413475.39,5109890.548,15410475.39,5109890.548,63515106.93,7.87E-09,7.87E-09,6059.387342,3029.693671,3029.693671,0,0,0,0.289034977,0.144517489,,4.77E-05,,4.77E-05,0.5,1,0.5,1,3029.693671,3029.693671,3029.693671,0,0,1,0,7.87E-09,31757553.47
15410475.39,5109890.548,15413475.39,5109890.548,15413475.39,5106890.548,15410475.39,5106890.548,63515106.93,0,0,0,0,0,0,0,0,0,0,,0,,0,0,0,0,0,0,0,0,0,0,0,0,0,0
15410475.39,5106890.548,15413475.39,5106890.548,15413475.39,5103890.548,15410475.39,5103890.548,63515106.93,7.87E-09,7.87E-09,2291.561195,1145.780598,1145.780598,0,0,0,0.041338612,0.020669306,,1.80E-05,,1.80E-05,0.5,1,0.5,1,1145.780598,1145.780598,1145.780598,0,0,1,0,7.87E-09,31757553.47
15410475.39,5103890.548,15413475.39,5103890.548,15413475.39,5100890.548,15410475.39,5100890.548,63515106.93,7.87E-09,7.87E-09,7808.415504,3904.207752,3904.207752,0,0,0,0.479975203,0.239987601,,6.15E-05,,6.15E-05,0.5,1,0.5,1,3904.207752,3904.207752,3904.207752,0,0,1,0,7.87E-09,31757553.47
15410475.39,5100890.548,15413475.39,5100890.548,15413475.39,5097890.548,15410475.39,5097890.548,63515106.93,2.36E-08,2.36E-08,8319.656294,2148.973891,5421.487754,0,0,0,1.634650815,0.817325407,,0.000196481,,0.000196481,1.5,3,1.5,3,4159.828147,2148.973891,5421.487754,0,0,1,0,2.36E-08,95272660.4
15410475.39,5097890.548,15413475.39,5097890.548,15413475.39,5094890.548,15410475.39,5094890.548,63515106.93,3.15E-08,3.15E-08,9531.109488,176.2667242,7157.38266,0,0,0,2.860486346,1.144194538,,0.000300121,,0.000300121,2,5,2,5,3812.443795,176.2667242,7157.38266,0,0,1,0,3.15E-08,127030213.9
15410475.39,5094890.548,15413475.39,5094890.548,15413475.39,5091890.548,15410475.39,5091890.548,63515106.93,3.15E-08,3.15E-08,11554.18953,1072.585144,8562.688168,0,0,0,4.20370215,1.68148086,,0.000363825,,0.000363825,2,5,2,5,4621.675813,1072.585144,8562.688168,0,0,1,0,3.15E-08,127030213.9
15410475.39,5091890.548,15413475.39,5091890.548,15413475.39,5088890.548,15410475.39,5088890.548,63515106.93,3.94E-08,3.94E-08,8498.863049,709.5492997,8997.698812,0,0,0,2.843050914,1.421525457,,0.000334521,,0.000334521,2.5,5,2.5,5,4249.431525,709.5492997,8997.698812,0,0,1,0,3.94E-08,158787767.3
15410475.39,5088890.548,15413475.39,5088890.548,15413475.39,5085890.548,15410475.39,5085890.548,63515106.93,3.94E-08,3.94E-08,9122.614655,976.2371454,8739.294359,0,0,0,3.275681258,1.637840629,,0.000359073,,0.000359073,2.5,5,2.5,5,4561.307328,976.2371454,8739.294359,0,0,1,0,3.94E-08,158787767.3
15410475.39,5085890.548,15413475.39,5085890.548,15413475.39,5082890.548,15410475.39,5082890.548,63515106.93,5.51E-08,5.51E-08,6120.626724,506.7402761,7395.315905,0,0,0,2.064347469,1.20420269,,0.000337277,,0.000337277,3.5,6,3.5,6,3570.365589,506.7402761,7395.315905,0,0,1,0,5.51E-08,222302874.3
15410475.39,5082890.548,15413475.39,5082890.548,15413475.39,5079890.548,15410475.39,5079890.548,63515106.93,4.72E-08,4.72E-08,6062.31351,904.3103416,3745.077079,0,0,0,1.735885218,0.867942609,,0.00028634,,0.00028634,3,6,3,6,3031.156755,904.3103416,3745.077079,0,0,1,0,4.72E-08,190545320.8
15410475.39,5079890.548,15413475.39,5079890.548,15413475.39,5076890.548,15410475.39,5076890.548,63515106.93,1.57E-08,1.57E-08,11028.54892,1252.279292,8418.742613,0,0,0,1.914960033,0.638320011,,0.000173637,,0.000173637,1,3,1,3,3676.182973,1252.279292,8418.742613,0,0,1,0,1.57E-08,63515106.93
15410475.39,5076890.548,15413475.39,5076890.548,15413475.39,5073890.548,15410475.39,5073890.548,63515106.93,0,0,0,8734.610265,8734.610265,0,0,0,0,1.201185358,,0.00013752,,0.00013752,0,1,0,1,8734.610265,8734.610265,8734.610265,0,0,0,0,0,0
15410475.39,5073890.548,15413475.39,5073890.548,15413475.39,5070890.548,15410475.39,5070890.548,63515106.93,0,0,0,5172.348711,5172.348711,0,0,0,0,0.42120989,,8.14E-05,,8.14E-05,0,1,0,1,5172.348711,5172.348711,5172.348711,0,0,0,0,0,0
15410475.39,5070890.548,15413475.39,5070890.548,15413475.39,5067890.548,15410475.39,5067890.548,63515106.93,0,0,0,0,0,0,0,0,0,0,,0,,0,0,0,0,0,0,0,0,0,0,0,0,0,0
15410475.39,5067890.548,15413475.39,5067890.548,15413475.39,5064890.548,15410475.39,5064890.548,63515106.93,3.94E-08,7.87E-09,6995.88309,683.3460039,6066.008496,1.6,4,1.57E-08,1.926407062,1.204004414,,0.000275363,,0.000275363,2.5,5,0.5,4,4372.426931,892.203078,6749.354381,0.4,2,5,1.57E-08,4.000000008,31757553.47
15410475.39,5064890.548,15413475.39,5064890.548,15413475.39,5061890.548,15410475.39,5061890.548,63515106.93,4.72E-08,1.57E-08,7852.187769,1884.434569,5970.193885,1.333333333,2,1.57E-08,2.912229345,1.747337607,,0.000370881,,0.000370881,3,6,1,5,4711.312661,1884.434569,9008.464203,0.333333333,1,5,1.57E-08,4.000000016,63515106.93
15410475.39,5061890.548,15413475.39,5061890.548,15413475.39,5058890.548,15410475.39,5058890.548,63515106.93,1.18E-07,5.51E-08,3738.34516,587.590114,4437.796657,1.333333333,1.714285714,4.72E-08,1.650224475,1.237668356,,0.000441432,,0.000441432,7.5,13,3.5,10,2803.75887,587.590114,7444.113356,0.4,0.857142857,10.71428571,2.000000016,10.00000004,158787769.3
15410475.39,5058890.548,15413475.39,5058890.548,15413475.39,5055890.548,15410475.39,5055890.548,63515106.93,7.08E-08,3.94E-08,3727.091117,1324.699879,3739.069952,1.333333333,1.6,3.15E-08,0.984182188,0.885763969,,0.000264062,,0.000264062,4.5,7,2.5,5,3354.382005,1888.406161,5298.256303,0.444444444,0.8,6.6,2,6.000000024,95272662.4
15410475.39,5055890.548,15413475.39,5055890.548,15413475.39,5052890.548,15410475.39,5052890.548,63515106.93,7.08E-08,3.94E-08,3402.281918,569.0551824,3303.548829,1.333333333,1.6,3.15E-08,0.820117491,0.615088118,,0.000241049,,0.000241049,4.5,8,2.5,6,2551.711438,618.1074877,3918.761558,0.444444444,0.8,6.6,2,6.000000024,95272662.4
15410475.39,5052890.548,15413475.39,5052890.548,15413475.39,5049890.548,15410475.39,5049890.548,63515106.93,7.87E-09,7.87E-09,22332.86721,3425.817466,7740.615994,0,0,0,3.92628606,0.981571515,,0.000175808,,0.000175808,0.5,2,0.5,2,5583.216803,3425.817466,7740.61614,0,0,1,0,7.87E-09,31757553.47
15410475.39,5049890.548,15413475.39,5049890.548,15413475.39,5046890.548,15410475.39,5046890.548,63515106.93,3.94E-08,2.36E-08,6654.029699,220.6200232,8656.322111,1.2,1.333333333,1.57E-08,1.74273938,1.089212113,,0.000261907,,0.000261907,2.5,5,1.5,4,4158.768562,285.3012264,8876.942116,0.4,0.666666667,3.666666667,1,3.000000016,63515107.93
15410475.39,5046890.548,15413475.39,5046890.548,15413475.39,5043890.548,15410475.39,5043890.548,63515106.93,7.87E-09,7.87E-09,23952.47178,5263.400621,6712.835369,0,0,0,4.51641296,1.12910324,,0.000188557,,0.000188557,0.5,2,0.5,2,5988.117944,5263.40052,6712.835369,0,0,1,0,7.87E-09,31757553.47
15410475.39,5043890.548,15413475.39,5043890.548,15413475.39,5040890.548,15410475.39,5040890.548,63515106.93,7.87E-09,7.87E-09,10502.86828,5251.43414,5251.43414,0,0,0,0.868377992,0.434188996,,8.27E-05,,8.27E-05,0.5,1,0.5,1,5251.43414,5251.43414,5251.43414,0,0,1,0,7.87E-09,31757553.47
15410475.39,5040890.548,15413475.39,5040890.548,15413475.39,5037890.548,15410475.39,5037890.548,63515106.93,0,0,0,8129.445754,8129.445754,0,0,0,0,1.040506605,,0.000127992,,0.000127992,0,1,0,1,8129.445754,8129.445754,8129.445754,0,0,0,0,0,0
15410475.39,5037890.548,15413475.39,5037890.548,15413475.39,5034890.548,15410475.39,5034890.548,63515106.93,7.87E-09,7.87E-09,28625.45335,5393.01146,8919.715216,0,0,0,6.450564434,1.612641109,,0.000225344,,0.000225344,0.5,2,0.5,2,7156.363338,5393.01146,8919.715216,0,0,1,0,7.87E-09,31757553.47
15410475.39,5034890.548,15413475.39,5034890.548,15413475.39,5031890.548,15410475.39,5031890.548,63515106.93,7.87E-09,7.87E-09,23646.37165,5367.083735,6456.102092,0,0,0,4.401715744,1.100428936,,0.000186148,,0.000186148,0.5,2,0.5,2,5911.592913,5367.083735,6456.102092,0,0,1,0,7.87E-09,31757553.47
15410475.39,5031890.548,15413475.39,5031890.548,15413475.39,5028890.548,15410475.39,5028890.548,63515106.93,1.57E-08,1.57E-08,4888.830495,2298.474585,2590.355911,0,0,0,0.37629888,0.18814944,,7.70E-05,,7.70E-05,1,2,1,2,2444.415248,2298.474585,2590.355911,0,0,1,0,1.57E-08,63515106.93
15410475.39,5028890.548,15413475.39,5028890.548,15413475.39,5025890.548,15410475.39,5025890.548,63515106.93,7.87E-09,7.87E-09,12526.2694,2930.733638,3332.401064,0,0,0,1.235197678,0.308799419,,9.86E-05,,9.86E-05,0.5,2,0.5,2,3131.567351,2930.733638,3332.401064,0,0,1,0,7.87E-09,31757553.47
15410475.39,5025890.548,15413475.39,5025890.548,15413475.39,5022890.548,15410475.39,5022890.548,63515106.93,7.87E-09,7.87E-09,15894.42871,7947.214355,7947.214355,0,0,0,1.988762014,0.994381007,,0.000125123,,0.000125123,0.5,1,0.5,1,7947.214355,7947.214355,7947.214355,0,0,1,0,7.87E-09,31757553.47
15410475.39,5022890.548,15413475.39,5022890.548,15413475.39,5019890.548,15410475.39,5019890.548,63515106.93,0,0,0,8283.045659,8283.045659,0,0,0,0,1.080197274,,0.000130411,,0.000130411,0,1,0,1,8283.045659,8283.045659,8283.045659,0,0,0,0,0,0
15410475.39,5019890.548,15413475.39,5019890.548,15413475.39,5016890.548,15410475.39,5016890.548,63515106.93,0,0,0,1991.632312,1991.632312,0,0,0,0,0.062451273,,3.14E-05,,3.14E-05,0,1,0,1,1991.632312,1991.632312,1991.632312,0,0,0,0,0,0
15410475.39,5016890.548,15413475.39,5016890.548,15413475.39,5013890.548,15410475.39,5013890.548,63515106.93,0,0,0,0,0,0,0,0,0,0,,0,,0,0,0,0,0,0,0,0,0,0,0,0,0,0
15410475.39,5013890.548,15413475.39,5013890.548,15413475.39,5010890.548,15410475.39,5010890.548,63515106.93,0,0,0,6208.850877,6208.850877,0,0,0,0,0.606939531,,9.78E-05,,9.78E-05,0,1,0,1,6208.850877,6208.850877,6208.850877,0,0,0,0,0,0
15410475.39,5010890.548,15413475.39,5010890.548,15413475.39,5007890.548,15410475.39,5007890.548,63515106.93,7.87E-09,7.87E-09,15818.51948,7909.259741,7909.259741,0,0,0,1.969811362,0.984905681,,0.000124526,,0.000124526,0.5,1,0.5,1,7909.259741,7909.259741,7909.259741,0,0,1,0,7.87E-09,31757553.47
15410475.39,5007890.548,15413475.39,5007890.548,15413475.39,5004890.548,15410475.39,5004890.548,63515106.93,7.87E-09,7.87E-09,12497.47162,6248.735809,6248.735809,0,0,0,1.229524789,0.614762394,,9.84E-05,,9.84E-05,0.5,1,0.5,1,6248.735809,6248.735809,6248.735809,0,0,1,0,7.87E-09,31757553.47
15410475.39,5004890.548,15413475.39,5004890.548,15413475.39,5001890.548,15410475.39,5001890.548,63515106.93,0,0,0,0,0,0,0,0,0,0,,0,,0,0,0,0,0,0,0,0,0,0,0,0,0,0
15410475.39,5001890.548,15413475.39,5001890.548,15413475.39,4998890.548,15410475.39,4998890.548,63515106.93,0,0,0,0,0,0,0,0,0,0,,0,,0,0,0,0,0,0,0,0,0,0,0,0,0,0
15410475.39,4998890.548,15413475.39,4998890.548,15413475.39,4995890.548,15410475.39,4995890.548,63515106.93,0,0,0,0,0,0,0,0,0,0,,0,,0,0,0,0,0,0,0,0,0,0,0,0,0,0
15410475.39,4995890.548,15413475.39,4995890.548,15413475.39,4992890.548,15410475.39,4992890.548,63515106.93,0,0,0,0,0,0,0,0,0,0,,0,,0,0,0,0,0,0,0,0,0,0,0,0,0,0
15410475.39,4992890.548,15413475.39,4992890.548,15413475.39,4989890.548,15410475.39,4989890.548,63515106.93,0,0,0,0,0,0,0,0,0,0,,0,,0,0,0,0,0,0,0,0,0,0,0,0,0,0
15410475.39,4989890.548,15413475.39,4989890.548,15413475.39,4986890.548,15410475.39,4986890.548,63515106.93,0,0,0,0,0,0,0,0,0,0,,0,,0,0,0,0,0,0,0,0,0,0,0,0,0,0
15410475.39,4986890.548,15413475.39,4986890.548,15413475.39,4983890.548,15410475.39,4983890.548,63515106.93,0,0,0,0,0,0,0,0,0,0,,0,,0,0,0,0,0,0,0,0,0,0,0,0,0,0
15410475.39,4983890.548,15413475.39,4983890.548,15413475.39,4980890.548,15410475.39,4980890.548,63515106.93,0,0,0,0,0,0,0,0,0,0,,0,,0,0,0,0,0,0,0,0,0,0,0,0,0,0
15410475.39,4980890.548,15413475.39,4980890.548,15413475.39,4977890.548,15410475.39,4977890.548,63515106.93,0,0,0,0,0,0,0,0,0,0,,0,,0,0,0,0,0,0,0,0,0,0,0,0,0,0
15410475.39,4977890.548,15413475.39,4977890.548,15413475.39,4974890.548,15410475.39,4974890.548,63515106.93,0,0,0,0,0,0,0,0,0,0,,0,,0,0,0,0,0,0,0,0,0,0,0,0,0,0
15410475.39,4974890.548,15413475.39,4974890.548,15413475.39,4971890.548,15410475.39,4971890.548,63515106.93,0,0,0,0,0,0,0,0,0,0,,0,,0,0,0,0,0,0,0,0,0,0,0,0,0,0
15410475.39,4971890.548,15413475.39,4971890.548,15413475.39,4968890.548,15410475.39,4968890.548,63515106.93,0,0,0,0,0,0,0,0,0,0,,0,,0,0,0,0,0,0,0,0,0,0,0,0,0,0
15410475.39,4968890.548,15413475.39,4968890.548,15413475.39,4965890.548,15410475.39,4965890.548,63515106.93,0,0,0,0,0,0,0,0,0,0,,0,,0,0,0,0,0,0,0,0,0,0,0,0,0,0
15410475.39,4965890.548,15413475.39,4965890.548,15413475.39,4962890.548,15410475.39,4962890.548,63515106.93,0,0,0,0,0,0,0,0,0,0,,0,,0,0,0,0,0,0,0,0,0,0,0,0,0,0
15410475.39,4962890.548,15413475.39,4962890.548,15413475.39,4959890.548,15410475.39,4959890.548,63515106.93,0,0,0,0,0,0,0,0,0,0,,0,,0,0,0,0,0,0,0,0,0,0,0,0,0,0
15410475.39,4959890.548,15413475.39,4959890.548,15413475.39,4956890.548,15410475.39,4956890.548,63515106.93,0,0,0,0,0,0,0,0,0,0,,0,,0,0,0,0,0,0,0,0,0,0,0,0,0,0
15410475.39,4956890.548,15413475.39,4956890.548,15413475.39,4953890.548,15410475.39,4953890.548,63515106.93,0,0,0,0,0,0,0,0,0,0,,0,,0,0,0,0,0,0,0,0,0,0,0,0,0,0
15410475.39,4953890.548,15413475.39,4953890.548,15413475.39,4950890.548,15410475.39,4950890.548,63515106.93,0,0,0,0,0,0,0,0,0,0,,0,,0,0,0,0,0,0,0,0,0,0,0,0,0,0
15410475.39,4950890.548,15413475.39,4950890.548,15413475.39,4947890.548,15410475.39,4947890.548,63515106.93,0,0,0,0,0,0,0,0,0,0,,0,,0,0,0,0,0,0,0,0,0,0,0,0,0,0
15410475.39,4947890.548,15413475.39,4947890.548,15413475.39,4944890.548,15410475.39,4944890.548,63515106.93,0,0,0,0,0,0,0,0,0,0,,0,,0,0,0,0,0,0,0,0,0,0,0,0,0,0
15410475.39,4944890.548,15413475.39,4944890.548,15413475.39,4941890.548,15410475.39,4941890.548,63515106.93,0,0,0,0,0,0,0,0,0,0,,0,,0,0,0,0,0,0,0,0,0,0,0,0,0,0
15413475.39,5121890.548,15416475.39,5121890.548,15416475.39,5118890.548,15413475.39,5118890.548,63515106.93,0,0,0,0,0,0,0,0,0,0,,0,,0,0,0,0,0,0,0,0,0,0,0,0,0,0
15413475.39,5118890.548,15416475.39,5118890.548,15416475.39,5115890.548,15413475.39,5115890.548,63515106.93,0,0,0,0,0,0,0,0,0,0,,0,,0,0,0,0,0,0,0,0,0,0,0,0,0,0
15413475.39,5115890.548,15416475.39,5115890.548,15416475.39,5112890.548,15413475.39,5112890.548,63515106.93,7.87E-09,7.87E-09,783.7914986,391.8957493,391.8957493,0,0,0,0.004836087,0.002418043,,6.17E-06,,6.17E-06,0.5,1,0.5,1,391.8957493,391.8957493,391.8957493,0,0,1,0,7.87E-09,31757553.47
15413475.39,5112890.548,15416475.39,5112890.548,15416475.39,5109890.548,15413475.39,5109890.548,63515106.93,0,0,0,0,0,0,0,0,0,0,,0,,0,0,0,0,0,0,0,0,0,0,0,0,0,0
15413475.39,5109890.548,15416475.39,5109890.548,15416475.39,5106890.548,15413475.39,5106890.548,63515106.93,0,0,0,0,0,0,0,0,0,0,,0,,0,0,0,0,0,0,0,0,0,0,0,0,0,0
15413475.39,5106890.548,15416475.39,5106890.548,15416475.39,5103890.548,15413475.39,5103890.548,63515106.93,7.87E-09,7.87E-09,195.3039058,97.65195291,97.65195291,0,0,0,0.000300272,0.000150136,,1.54E-06,,1.54E-06,0.5,1,0.5,1,97.65195291,97.65195291,97.65195291,0,0,1,0,7.87E-09,31757553.47
15413475.39,5103890.548,15416475.39,5103890.548,15416475.39,5100890.548,15413475.39,5100890.548,63515106.93,2.36E-08,2.36E-08,4958.486556,1968.752285,5468.977548,0,0,0,0.580647426,0.43548557,,0.000117102,,0.000117102,1.5,2,1.5,2,3718.864917,1968.752285,5468.977548,0,0,1,0,2.36E-08,95272660.4
15413475.39,5100890.548,15416475.39,5100890.548,15416475.39,5097890.548,15413475.39,5097890.548,63515106.93,2.36E-08,2.36E-08,8854.808747,3756.667545,5468.977548,0,0,0,1.851708398,0.925854199,,0.000209119,,0.000209119,1.5,3,1.5,3,4427.404373,3756.667545,5468.977548,0,0,1,0,2.36E-08,95272660.4
15413475.39,5097890.548,15416475.39,5097890.548,15416475.39,5094890.548,15413475.39,5094890.548,63515106.93,3.15E-08,3.15E-08,7798.546395,1233.13377,8729.356452,0,0,0,1.915050728,0.957525364,,0.000245565,,0.000245565,2,4,2,4,3899.273198,1233.13377,8729.356452,0,0,1,0,3.15E-08,127030213.9
15413475.39,5094890.548,15416475.39,5094890.548,15416475.39,5091890.548,15413475.39,5091890.548,63515106.93,2.36E-08,2.36E-08,12857.13424,3126.839206,7506.316299,0,0,0,3.903935038,1.463975639,,0.00030364,,0.00030364,1.5,4,1.5,4,4821.425341,3126.839206,7506.316299,0,0,1,0,2.36E-08,95272660.4
15413475.39,5091890.548,15416475.39,5091890.548,15416475.39,5088890.548,15413475.39,5088890.548,63515106.93,2.36E-08,2.36E-08,14126.7709,1234.193264,6770.269725,0,0,0,4.713028105,1.767385539,,0.000333624,,0.000333624,1.5,4,1.5,4,5297.539087,1234.193264,6770.269725,0,0,1,0,2.36E-08,95272660.4
15413475.39,5088890.548,15416475.39,5088890.548,15416475.39,5085890.548,15413475.39,5085890.548,63515106.93,1.57E-08,1.57E-08,23776.89695,4731.251854,8560.294351,0,0,0,8.900887612,2.225221903,,0.00037435,,0.00037435,1,4,1,4,5944.224237,4731.251854,8560.294351,0,0,1,0,1.57E-08,63515106.93
15413475.39,5085890.548,15416475.39,5085890.548,15416475.39,5082890.548,15413475.39,5082890.548,63515106.93,1.57E-08,1.57E-08,16205.34909,2527.045472,9098.544105,0,0,0,4.134659483,1.378219828,,0.000255142,,0.000255142,1,3,1,3,5401.783031,2527.045472,9098.544105,0,0,1,0,1.57E-08,63515106.93
15413475.39,5082890.548,15416475.39,5082890.548,15416475.39,5079890.548,15413475.39,5079890.548,63515106.93,7.87E-09,7.87E-09,19484.9602,1915.059861,7827.42024,0,0,0,2.988766708,0.747191677,,0.000153388,,0.000153388,0.5,2,0.5,2,4871.240051,1915.059861,7827.42024,0,0,1,0,7.87E-09,31757553.47
15413475.39,5079890.548,15416475.39,5079890.548,15416475.39,5076890.548,15413475.39,5076890.548,63515106.93,0,0,0,3422.193263,6660.107926,0,0,0,0,0.800225349,,0.000158739,,0.000158739,0,2,0,2,5041.150594,3422.193263,6660.107926,0,0,0,0,0,0
15413475.39,5076890.548,15416475.39,5076890.548,15416475.39,5073890.548,15413475.39,5073890.548,63515106.93,7.87E-09,7.87E-09,17533.29122,8766.645609,8766.645609,0,0,0,2.42002506,1.21001253,,0.000138025,,0.000138025,0.5,1,0.5,1,8766.645609,8766.645609,8766.645609,0,0,1,0,7.87E-09,31757553.47
15413475.39,5073890.548,15416475.39,5073890.548,15416475.39,5070890.548,15413475.39,5070890.548,63515106.93,7.87E-09,7.87E-09,13486.29251,6743.146255,6743.146255,0,0,0,1.431786031,0.715893015,,0.000106166,,0.000106166,0.5,1,0.5,1,6743.146255,6743.146255,6743.146255,0,0,1,0,7.87E-09,31757553.47
15413475.39,5070890.548,15416475.39,5070890.548,15416475.39,5067890.548,15413475.39,5067890.548,63515106.93,0,0,0,0,0,0,0,0,0,0,,0,,0,0,0,0,0,0,0,0,0,0,0,0,0,0
15413475.39,5067890.548,15416475.39,5067890.548,15416475.39,5064890.548,15413475.39,5064890.548,63515106.93,3.94E-08,7.87E-09,3134.148417,775.270483,3104.444492,1.6,4,1.57E-08,0.386635825,0.24164739,,0.000123362,,0.000123362,2.5,5,0.5,4,1958.84276,775.270483,3116.899988,0.4,2,5,1.57E-08,4.000000008,31757553.47
15413475.39,5064890.548,15416475.39,5064890.548,15416475.39,5061890.548,15413475.39,5061890.548,63515106.93,4.72E-08,1.57E-08,7563.840462,999.4121071,5968.458375,1.333333333,2,1.57E-08,2.702271253,1.621362752,,0.000357262,,0.000357262,3,6,1,5,4538.304277,999.4121071,8718.908879,0.333333333,1,5,1.57E-08,4.000000016,63515106.93
15413475.39,5061890.548,15416475.39,5061890.548,15416475.39,5058890.548,15413475.39,5058890.548,63515106.93,5.51E-08,2.36E-08,7972.811806,1811.60296,6512.77901,1.142857143,1.333333333,1.57E-08,3.502789479,2.043293863,,0.000439342,,0.000439342,3.5,7,1.5,6,4650.806887,1811.60296,8361.905632,0.285714286,0.666666667,5,1.57E-08,4.000000024,95272660.4
15413475.39,5058890.548,15416475.39,5058890.548,15416475.39,5055890.548,15413475.39,5055890.548,63515106.93,7.08E-08,5.51E-08,4249.131741,668.5413911,5515.653455,0.666666667,0.571428571,1.57E-08,1.279192406,0.959394305,,0.000301048,,0.000301048,4.5,7,3.5,6,3186.848806,668.5413911,5515.653455,0.222222222,0.285714286,3.857142857,1,3.000000047,190545321.8
15413475.39,5055890.548,15416475.39,5055890.548,15416475.39,5052890.548,15413475.39,5052890.548,63515106.93,6.30E-08,4.72E-08,2495.076284,135.0519871,4481.688567,0.75,0.666666667,1.57E-08,0.392058265,0.392058265,,0.000157133,,0.000157133,4,5,3,4,2495.076284,143.3549666,4481.688567,0.25,0.333333333,3.833333333,1,3.000000039,158787768.3
15413475.39,5052890.548,15416475.39,5052890.548,15416475.39,5049890.548,15413475.39,5049890.548,63515106.93,3.15E-08,1.57E-08,6064.323878,2068.242661,5002.149513,1.5,2,1.57E-08,1.158024472,0.772016315,,0.000190957,,0.000190957,2,4,1,3,4042.882585,2068.242661,7838.406809,0.5,1,3.5,1,3.000000008,31757554.47
15413475.39,5049890.548,15416475.39,5049890.548,15416475.39,5046890.548,15413475.39,5046890.548,63515106.93,2.36E-08,7.87E-09,13029.88545,3177.594969,7155.404612,2,4,1.57E-08,4.009548038,2.004774019,,0.000307719,,0.000307719,1.5,4,0.5,3,6514.942727,3541.884599,8847.538969,0.666666667,2,3,1,3,1
15413475.39,5046890.548,15416475.39,5046890.548,15416475.39,5043890.548,15413475.39,5043890.548,63515106.93,2.36E-08,7.87E-09,11081.86453,1119.523808,9002.189679,2,4,1.57E-08,2.900279808,1.450139904,,0.000261714,,0.000261714,1.5,4,0.5,3,5540.932264,2623.712337,9002.189679,0.666666667,2,3,1,3,1
15413475.39,5043890.548,15416475.39,5043890.548,15416475.39,5040890.548,15413475.39,5040890.548,63515106.93,0,0,0,6083.567541,7447.814099,0,0,0,0,1.441375902,,0.000213042,,0.000213042,0,2,0,2,6765.69082,6083.567541,7447.814099,0,0,0,0,0,0
15413475.39,5040890.548,15416475.39,5040890.548,15416475.39,5037890.548,15413475.39,5037890.548,63515106.93,0,0,0,9002.977373,9002.977373,0,0,0,0,1.276131073,,0.000141745,,0.000141745,0,1,0,1,9002.977373,9002.977373,9002.977373,0,0,0,0,0,0
15413475.39,5037890.548,15416475.39,5037890.548,15416475.39,5034890.548,15413475.39,5034890.548,63515106.93,0,0,0,7816.664498,8414.553023,0,0,0,0,2.073935123,,0.000255549,,0.000255549,0,2,0,2,8115.608761,7816.664498,8414.553023,0,0,0,0,0,0
15413475.39,5034890.548,15416475.39,5034890.548,15416475.39,5031890.548,15413475.39,5031890.548,63515106.93,7.87E-09,7.87E-09,16527.21168,8263.605839,8263.605839,0,0,0,2.150265811,1.075132906,,0.000130105,,0.000130105,0.5,1,0.5,1,8263.605839,8263.605839,8263.605839,0,0,1,0,7.87E-09,31757553.47
15413475.39,5031890.548,15416475.39,5031890.548,15416475.39,5028890.548,15413475.39,5028890.548,63515106.93,0,0,0,1980.003395,1980.003395,0,0,0,0,0.06172411,,3.12E-05,,3.12E-05,0,1,0,1,1980.003395,1980.003395,1980.003395,0,0,0,0,0,0
15413475.39,5028890.548,15416475.39,5028890.548,15416475.39,5025890.548,15413475.39,5025890.548,63515106.93,7.87E-09,7.87E-09,5748.253778,2874.126889,2874.126889,0,0,0,0.260114665,0.130057332,,4.53E-05,,4.53E-05,0.5,1,0.5,1,2874.126889,2874.126889,2874.126889,0,0,1,0,7.87E-09,31757553.47
15413475.39,5025890.548,15416475.39,5025890.548,15416475.39,5022890.548,15413475.39,5022890.548,63515106.93,7.87E-09,7.87E-09,10230.25354,5115.126771,5115.126771,0,0,0,0.823883424,0.411941712,,8.05E-05,,8.05E-05,0.5,1,0.5,1,5115.126771,5115.126771,5115.126771,0,0,1,0,7.87E-09,31757553.47
15413475.39,5022890.548,15416475.39,5022890.548,15416475.39,5019890.548,15413475.39,5019890.548,63515106.93,7.87E-09,7.87E-09,10728.32334,5364.161671,5364.161671,0,0,0,0.906059419,0.453029709,,8.45E-05,,8.45E-05,0.5,1,0.5,1,5364.161671,5364.161671,5364.161671,0,0,1,0,7.87E-09,31757553.47
15413475.39,5019890.548,15416475.39,5019890.548,15416475.39,5016890.548,15413475.39,5016890.548,63515106.93,0,0,0,3531.145214,3531.145214,0,0,0,0,0.196315288,,5.56E-05,,5.56E-05,0,1,0,1,3531.145214,3531.145214,3531.145214,0,0,0,0,0,0
15413475.39,5016890.548,15416475.39,5016890.548,15416475.39,5013890.548,15413475.39,5013890.548,63515106.93,0,0,0,5659.307776,5659.307776,0,0,0,0,0.50425428,,8.91E-05,,8.91E-05,0,1,0,1,5659.307776,5659.307776,5659.307776,0,0,0,0,0,0
15413475.39,5013890.548,15416475.39,5013890.548,15416475.39,5010890.548,15413475.39,5010890.548,63515106.93,7.87E-09,7.87E-09,22928.0884,3710.267371,7753.776828,0,0,0,4.138363792,1.034590948,,0.000180493,,0.000180493,0.5,2,0.5,2,5732.0221,3710.267371,7753.776828,0,0,1,0,7.87E-09,31757553.47
15413475.39,5010890.548,15416475.39,5010890.548,15416475.39,5007890.548,15413475.39,5007890.548,63515106.93,7.87E-09,7.87E-09,20191.11623,1172.567824,8922.99029,0,0,0,3.209324476,0.802331119,,0.000158947,,0.000158947,0.5,2,0.5,2,5047.779057,1172.567824,8922.99029,0,0,1,0,7.87E-09,31757553.47
15413475.39,5007890.548,15416475.39,5007890.548,15416475.39,5004890.548,15413475.39,5004890.548,63515106.93,0,0,0,5893.00726,5893.00726,0,0,0,0,0.546760231,,9.28E-05,,9.28E-05,0,1,0,1,5893.00726,5893.00726,5893.00726,0,0,0,0,0,0
15413475.39,5004890.548,15416475.39,5004890.548,15416475.39,5001890.548,15413475.39,5001890.548,63515106.93,0,0,0,0,0,0,0,0,0,0,,0,,0,0,0,0,0,0,0,0,0,0,0,0,0,0
15413475.39,5001890.548,15416475.39,5001890.548,15416475.39,4998890.548,15413475.39,4998890.548,63515106.93,0,0,0,0,0,0,0,0,0,0,,0,,0,0,0,0,0,0,0,0,0,0,0,0,0,0
15413475.39,4998890.548,15416475.39,4998890.548,15416475.39,4995890.548,15413475.39,4995890.548,63515106.93,0,0,0,0,0,0,0,0,0,0,,0,,0,0,0,0,0,0,0,0,0,0,0,0,0,0
15413475.39,4995890.548,15416475.39,4995890.548,15416475.39,4992890.548,15413475.39,4992890.548,63515106.93,0,0,0,3372.791436,3372.791436,0,0,0,0,0.17910262,,5.31E-05,,5.31E-05,0,1,0,1,3372.791436,3372.791436,3372.791436,0,0,0,0,0,0
15413475.39,4992890.548,15416475.39,4992890.548,15416475.39,4989890.548,15413475.39,4989890.548,63515106.93,7.87E-09,7.87E-09,6001.45493,3000.727465,3000.727465,0,0,0,0.283534603,0.141767302,,4.72E-05,,4.72E-05,0.5,1,0.5,1,3000.727465,3000.727465,3000.727465,0,0,1,0,7.87E-09,31757553.47
15413475.39,4989890.548,15416475.39,4989890.548,15416475.39,4986890.548,15413475.39,4986890.548,63515106.93,7.87E-09,7.87E-09,1831.623981,915.8119903,915.8119903,0,0,0,0.02640983,0.013204915,,1.44E-05,,1.44E-05,0.5,1,0.5,1,915.8119903,915.8119903,915.8119903,0,0,1,0,7.87E-09,31757553.47
15413475.39,4986890.548,15416475.39,4986890.548,15416475.39,4983890.548,15413475.39,4983890.548,63515106.93,0,0,0,0,0,0,0,0,0,0,,0,,0,0,0,0,0,0,0,0,0,0,0,0,0,0
15413475.39,4983890.548,15416475.39,4983890.548,15416475.39,4980890.548,15413475.39,4980890.548,63515106.93,0,0,0,0,0,0,0,0,0,0,,0,,0,0,0,0,0,0,0,0,0,0,0,0,0,0
15413475.39,4980890.548,15416475.39,4980890.548,15416475.39,4977890.548,15413475.39,4977890.548,63515106.93,0,0,0,0,0,0,0,0,0,0,,0,,0,0,0,0,0,0,0,0,0,0,0,0,0,0
15413475.39,4977890.548,15416475.39,4977890.548,15416475.39,4974890.548,15413475.39,4974890.548,63515106.93,0,0,0,0,0,0,0,0,0,0,,0,,0,0,0,0,0,0,0,0,0,0,0,0,0,0
15413475.39,4974890.548,15416475.39,4974890.548,15416475.39,4971890.548,15413475.39,4971890.548,63515106.93,0,0,0,0,0,0,0,0,0,0,,0,,0,0,0,0,0,0,0,0,0,0,0,0,0,0
15413475.39,4971890.548,15416475.39,4971890.548,15416475.39,4968890.548,15413475.39,4968890.548,63515106.93,0,0,0,0,0,0,0,0,0,0,,0,,0,0,0,0,0,0,0,0,0,0,0,0,0,0
15413475.39,4968890.548,15416475.39,4968890.548,15416475.39,4965890.548,15413475.39,4965890.548,63515106.93,0,0,0,0,0,0,0,0,0,0,,0,,0,0,0,0,0,0,0,0,0,0,0,0,0,0
15413475.39,4965890.548,15416475.39,4965890.548,15416475.39,4962890.548,15413475.39,4962890.548,63515106.93,0,0,0,0,0,0,0,0,0,0,,0,,0,0,0,0,0,0,0,0,0,0,0,0,0,0
15413475.39,4962890.548,15416475.39,4962890.548,15416475.39,4959890.548,15413475.39,4959890.548,63515106.93,0,0,0,0,0,0,0,0,0,0,,0,,0,0,0,0,0,0,0,0,0,0,0,0,0,0
15413475.39,4959890.548,15416475.39,4959890.548,15416475.39,4956890.548,15413475.39,4956890.548,63515106.93,0,0,0,0,0,0,0,0,0,0,,0,,0,0,0,0,0,0,0,0,0,0,0,0,0,0
15413475.39,4956890.548,15416475.39,4956890.548,15416475.39,4953890.548,15413475.39,4953890.548,63515106.93,0,0,0,0,0,0,0,0,0,0,,0,,0,0,0,0,0,0,0,0,0,0,0,0,0,0
15413475.39,4953890.548,15416475.39,4953890.548,15416475.39,4950890.548,15413475.39,4950890.548,63515106.93,0,0,0,0,0,0,0,0,0,0,,0,,0,0,0,0,0,0,0,0,0,0,0,0,0,0
15413475.39,4950890.548,15416475.39,4950890.548,15416475.39,4947890.548,15413475.39,4947890.548,63515106.93,0,0,0,0,0,0,0,0,0,0,,0,,0,0,0,0,0,0,0,0,0,0,0,0,0,0
15413475.39,4947890.548,15416475.39,4947890.548,15416475.39,4944890.548,15413475.39,4944890.548,63515106.93,0,0,0,0,0,0,0,0,0,0,,0,,0,0,0,0,0,0,0,0,0,0,0,0,0,0
15413475.39,4944890.548,15416475.39,4944890.548,15416475.39,4941890.548,15413475.39,4941890.548,63515106.93,0,0,0,0,0,0,0,0,0,0,,0,,0,0,0,0,0,0,0,0,0,0,0,0,0,0
15416475.39,5121890.548,15419475.39,5121890.548,15419475.39,5118890.548,15416475.39,5118890.548,63515106.93,0,0,0,0,0,0,0,0,0,0,,0,,0,0,0,0,0,0,0,0,0,0,0,0,0,0
15416475.39,5118890.548,15419475.39,5118890.548,15419475.39,5115890.548,15416475.39,5115890.548,63515106.93,0,0,0,0,0,0,0,0,0,0,,0,,0,0,0,0,0,0,0,0,0,0,0,0,0,0
15416475.39,5115890.548,15419475.39,5115890.548,15419475.39,5112890.548,15416475.39,5112890.548,63515106.93,0,0,0,0,0,0,0,0,0,0,,0,,0,0,0,0,0,0,0,0,0,0,0,0,0,0
15416475.39,5112890.548,15419475.39,5112890.548,15419475.39,5109890.548,15416475.39,5109890.548,63515106.93,0,0,0,0,0,0,0,0,0,0,,0,,0,0,0,0,0,0,0,0,0,0,0,0,0,0
15416475.39,5109890.548,15419475.39,5109890.548,15419475.39,5106890.548,15416475.39,5106890.548,63515106.93,7.87E-09,7.87E-09,491.3306945,245.6653473,245.6653473,0,0,0,0.001900381,0.000950191,,3.87E-06,,3.87E-06,0.5,1,0.5,1,245.6653473,245.6653473,245.6653473,0,0,1,0,7.87E-09,31757553.47
15416475.39,5106890.548,15419475.39,5106890.548,15419475.39,5103890.548,15416475.39,5103890.548,63515106.93,1.57E-08,1.57E-08,905.3258776,265.7668469,639.5590307,0,0,0,0.012904252,0.006452126,,1.43E-05,,1.43E-05,1,2,1,2,452.6629388,265.7668469,639.5590307,0,0,1,0,1.57E-08,63515106.93
15416475.39,5103890.548,15419475.39,5103890.548,15419475.39,5100890.548,15416475.39,5100890.548,63515106.93,1.57E-08,1.57E-08,6589.426991,2870.515387,3718.911604,0,0,0,0.683625521,0.341812761,,0.000103746,,0.000103746,1,2,1,2,3294.713496,2870.515387,3718.911604,0,0,1,0,1.57E-08,63515106.93
15416475.39,5100890.548,15419475.39,5100890.548,15419475.39,5097890.548,15416475.39,5097890.548,63515106.93,1.57E-08,1.57E-08,10103.25945,3575.288574,6527.970877,0,0,0,1.607111386,0.803555693,,0.000159069,,0.000159069,1,2,1,2,5051.629726,3575.288574,6527.970877,0,0,1,0,1.57E-08,63515106.93
15416475.39,5097890.548,15419475.39,5097890.548,15419475.39,5094890.548,15416475.39,5094890.548,63515106.93,2.36E-08,2.36E-08,12521.42203,2073.995504,8608.920356,0,0,0,3.702725631,1.388522112,,0.000295711,,0.000295711,1.5,4,1.5,4,4695.53326,2073.995504,8608.920356,0,0,1,0,2.36E-08,95272660.4
15416475.39,5094890.548,15419475.39,5094890.548,15419475.39,5091890.548,15416475.39,5091890.548,63515106.93,2.36E-08,2.36E-08,14350.32996,3094.762411,7668.070569,0,0,0,4.863377707,1.82376664,,0.000338904,,0.000338904,1.5,4,1.5,4,5381.373737,3094.762411,7668.070569,0,0,1,0,2.36E-08,95272660.4
15416475.39,5091890.548,15419475.39,5091890.548,15419475.39,5088890.548,15416475.39,5088890.548,63515106.93,4.72E-08,3.15E-08,8100.76395,464.3811836,8740.211055,1,1,1.57E-08,3.099532366,1.85971942,,0.000382622,,0.000382622,3,6,2,5,4860.45837,464.3811836,8740.211055,0.333333333,0.5,3.75,1,3.000000024,95272661.4
15416475.39,5088890.548,15419475.39,5088890.548,15419475.39,5085890.548,15416475.39,5085890.548,63515106.93,4.72E-08,3.15E-08,6389.621382,1171.051968,7072.475422,1,1,1.57E-08,1.928388223,1.157032934,,0.0003018,,0.0003018,3,6,2,5,3833.772829,1171.051968,7072.475422,0.333333333,0.5,3.75,1,3.000000024,95272661.4
15416475.39,5085890.548,15419475.39,5085890.548,15419475.39,5082890.548,15416475.39,5082890.548,63515106.93,2.36E-08,2.36E-08,9612.588284,710.6672058,8273.959634,0,0,0,2.182201793,0.818325673,,0.000227015,,0.000227015,1.5,4,1.5,4,3604.720606,710.6676898,8273.959634,0,0,1,0,2.36E-08,95272660.4
15416475.39,5082890.548,15419475.39,5082890.548,15419475.39,5079890.548,15416475.39,5079890.548,63515106.93,7.87E-09,7.87E-09,19400.81809,661.7188838,9038.69016,0,0,0,2.963009594,0.740752399,,0.000152726,,0.000152726,0.5,2,0.5,2,4850.204522,661.7188838,9038.69016,0,0,1,0,7.87E-09,31757553.47
15416475.39,5079890.548,15419475.39,5079890.548,15419475.39,5076890.548,15416475.39,5076890.548,63515106.93,0,0,0,754.1860284,7426.369796,0,0,0,0,0.526815563,,0.000128797,,0.000128797,0,2,0,2,4090.277912,754.1860284,7426.369796,0,0,0,0,0,0
15416475.39,5076890.548,15419475.39,5076890.548,15419475.39,5073890.548,15416475.39,5073890.548,63515106.93,7.87E-09,7.87E-09,11513.3415,5756.670749,5756.670749,0,0,0,1.043507906,0.521753953,,9.06E-05,,9.06E-05,0.5,1,0.5,1,5756.670749,5756.670749,5756.670749,0,0,1,0,7.87E-09,31757553.47
15416475.39,5073890.548,15419475.39,5073890.548,15419475.39,5070890.548,15416475.39,5070890.548,63515106.93,7.87E-09,7.87E-09,9284.676646,4642.338323,4642.338323,0,0,0,0.678619816,0.339309908,,7.31E-05,,7.31E-05,0.5,1,0.5,1,4642.338323,4642.338323,4642.338323,0,0,1,0,7.87E-09,31757553.47
15416475.39,5070890.548,15419475.39,5070890.548,15419475.39,5067890.548,15416475.39,5067890.548,63515106.93,7.87E-09,7.87E-09,3419.490165,1709.745083,1709.745083,0,0,0,0.092048282,0.046024141,,2.69E-05,,2.69E-05,0.5,1,0.5,1,1709.745083,1709.745083,1709.745083,0,0,1,0,7.87E-09,31757553.47
15416475.39,5067890.548,15419475.39,5067890.548,15419475.39,5064890.548,15416475.39,5064890.548,63515106.93,0,0,0,0,0,0,0,0,0,0,,0,,0,0,0,0,0,0,0,0,0,0,0,0,0,0
15416475.39,5064890.548,15419475.39,5064890.548,15419475.39,5061890.548,15416475.39,5061890.548,63515106.93,7.87E-09,7.87E-09,45254.32988,6213.58951,8394.617137,0,0,0,16.12178954,2.686964923,,0.000356249,,0.000356249,0.5,3,0.5,3,7542.388314,6213.58951,8394.617137,0,0,1,0,7.87E-09,31757553.47
15416475.39,5061890.548,15419475.39,5061890.548,15419475.39,5058890.548,15416475.39,5058890.548,63515106.93,2.36E-08,2.36E-08,18377.75421,3311.476772,8848.037386,0,0,0,7.976256347,2.99109613,,0.000434017,,0.000434017,1.5,4,1.5,4,6891.65783,3311.476772,8848.037394,0,0,1,0,2.36E-08,95272660.4
15416475.39,5058890.548,15419475.39,5058890.548,15419475.39,5055890.548,15416475.39,5055890.548,63515106.93,4.72E-08,4.72E-08,7868.772466,1022.759737,5344.095433,0,0,0,2.924544244,1.253376104,,0.000371665,,0.000371665,3,7,3,7,3372.331057,1022.759737,5344.095433,0,0,1,0,4.72E-08,190545320.8
15416475.39,5055890.548,15419475.39,5055890.548,15419475.39,5052890.548,15416475.39,5052890.548,63515106.93,3.15E-08,3.15E-08,5953.356979,2384.44277,3627.76514,0,0,0,1.116032422,0.558016211,,0.000187463,,0.000187463,2,4,2,4,2976.678489,2384.44277,3627.76514,0,0,1,0,3.15E-08,127030213.9
15416475.39,5052890.548,15419475.39,5052890.548,15419475.39,5049890.548,15416475.39,5049890.548,63515106.93,3.94E-08,2.36E-08,6392.899065,783.1851682,6037.891033,1.2,1.333333333,1.57E-08,1.608639284,1.005399552,,0.000251629,,0.000251629,2.5,5,1.5,4,3995.561915,783.1851682,8095.012436,0.4,0.666666667,3.666666667,1,3.000000016,63515107.93
15416475.39,5049890.548,15419475.39,5049890.548,15419475.39,5046890.548,15416475.39,5046890.548,63515106.93,2.36E-08,7.87E-09,15029.43677,2655.816001,7287.069603,2,4,1.57E-08,5.334572686,2.667286343,,0.000354942,,0.000354942,1.5,4,0.5,3,7514.718387,6503.596747,8753.488811,0.666666667,2,3,1,3,1
15416475.39,5046890.548,15419475.39,5046890.548,15419475.39,5043890.548,15416475.39,5043890.548,63515106.93,4.72E-08,1.57E-08,8790.421603,243.8779445,8848.899243,2,4,3.15E-08,3.649754319,2.737315739,,0.000415197,,0.000415197,3,6,1,4,6592.816202,4363.489277,8848.899243,0.666666667,2,6,2,6,2
15416475.39,5043890.548,15419475.39,5043890.548,15419475.39,5040890.548,15416475.39,5040890.548,63515106.93,0,0,0,5859.904072,8960.717751,0,0,0,0,1.729122738,,0.00023334,,0.00023334,0,2,0,2,7410.310911,5859.904072,8960.71775,0,0,0,0,0,0
15416475.39,5040890.548,15419475.39,5040890.548,15419475.39,5037890.548,15416475.39,5037890.548,63515106.93,0,0,0,2871.166507,8324.062108,0,0,0,0,0.986640422,,0.000176261,,0.000176261,0,2,0,2,5597.614308,2871.166507,8324.062108,0,0,0,0,0,0
15416475.39,5037890.548,15419475.39,5037890.548,15419475.39,5034890.548,15416475.39,5034890.548,63515106.93,0,0,0,4442.611683,8627.832563,0,0,0,0,1.344849447,,0.000205785,,0.000205785,0,2,0,2,6535.222123,4442.611683,8627.832563,0,0,0,0,0,0
15416475.39,5034890.548,15419475.39,5034890.548,15419475.39,5031890.548,15416475.39,5031890.548,63515106.93,0,0,0,8324.214268,8324.214268,0,0,0,0,1.090961608,,0.000131059,,0.000131059,0,1,0,1,8324.214268,8324.214268,8324.214268,0,0,0,0,0,0
15416475.39,5031890.548,15419475.39,5031890.548,15419475.39,5028890.548,15416475.39,5028890.548,63515106.93,0,0,0,0,0,0,0,0,0,0,,0,,0,0,0,0,0,0,0,0,0,0,0,0,0,0
15416475.39,5028890.548,15419475.39,5028890.548,15419475.39,5025890.548,15416475.39,5025890.548,63515106.93,7.87E-09,7.87E-09,1461.341873,730.6709366,730.6709366,0,0,0,0.016811119,0.00840556,,1.15E-05,,1.15E-05,0.5,1,0.5,1,730.6709366,730.6709366,730.6709366,0,0,1,0,7.87E-09,31757553.47
15416475.39,5025890.548,15419475.39,5025890.548,15419475.39,5022890.548,15416475.39,5022890.548,63515106.93,7.87E-09,7.87E-09,15062.14888,2227.176715,5303.897724,0,0,0,1.785939911,0.446484978,,0.000118571,,0.000118571,0.5,2,0.5,2,3765.53722,2227.176715,5303.897724,0,0,1,0,7.87E-09,31757553.47
15416475.39,5022890.548,15419475.39,5022890.548,15419475.39,5019890.548,15416475.39,5019890.548,63515106.93,7.87E-09,7.87E-09,18235.38203,1561.61874,7556.072277,0,0,0,2.617717059,0.654429265,,0.000143552,,0.000143552,0.5,2,0.5,2,4558.845508,1561.61874,7556.072277,0,0,1,0,7.87E-09,31757553.47
15416475.39,5019890.548,15419475.39,5019890.548,15419475.39,5016890.548,15416475.39,5016890.548,63515106.93,7.87E-09,7.87E-09,22689.54999,2827.295376,8517.479619,0,0,0,4.052702606,1.013175651,,0.000178615,,0.000178615,0.5,2,0.5,2,5672.387497,2827.295376,8517.479619,0,0,1,0,7.87E-09,31757553.47
15416475.39,5016890.548,15419475.39,5016890.548,15419475.39,5013890.548,15416475.39,5013890.548,63515106.93,1.57E-08,1.57E-08,14762.95555,2964.999168,8272.82435,0,0,0,3.431386124,1.143795375,,0.000232432,,0.000232432,1,3,1,3,4920.985184,2964.999168,8272.82435,0,0,1,0,1.57E-08,63515106.93
15416475.39,5013890.548,15419475.39,5013890.548,15419475.39,5010890.548,15416475.39,5010890.548,63515106.93,7.87E-09,7.87E-09,27957.7105,5381.958874,8596.896376,0,0,0,6.153131233,1.538282808,,0.000220087,,0.000220087,0.5,2,0.5,2,6989.427625,5381.958874,8596.896376,0,0,1,0,7.87E-09,31757553.47
15416475.39,5010890.548,15419475.39,5010890.548,15419475.39,5007890.548,15416475.39,5007890.548,63515106.93,7.87E-09,7.87E-09,21723.58264,2399.40881,8462.382508,0,0,0,3.714974794,0.928743698,,0.000171011,,0.000171011,0.5,2,0.5,2,5430.895659,2399.40881,8462.382508,0,0,1,0,7.87E-09,31757553.47
15416475.39,5007890.548,15419475.39,5007890.548,15419475.39,5004890.548,15416475.39,5004890.548,63515106.93,0,0,0,2057.742944,2057.742944,0,0,0,0,0.066666124,,3.24E-05,,3.24E-05,0,1,0,1,2057.742944,2057.742944,2057.742944,0,0,0,0,0,0
15416475.39,5004890.548,15419475.39,5004890.548,15419475.39,5001890.548,15416475.39,5001890.548,63515106.93,0,0,0,0,0,0,0,0,0,0,,0,,0,0,0,0,0,0,0,0,0,0,0,0,0,0
15416475.39,5001890.548,15419475.39,5001890.548,15419475.39,4998890.548,15416475.39,4998890.548,63515106.93,0,0,0,2830.674197,2830.674197,0,0,0,0,0.126154498,,4.46E-05,,4.46E-05,0,1,0,1,2830.674197,2830.674197,2830.674197,0,0,0,0,0,0
15416475.39,4998890.548,15419475.39,4998890.548,15419475.39,4995890.548,15416475.39,4995890.548,63515106.93,0,0,0,6988.988269,6988.988269,0,0,0,0,0.769044711,,0.000110037,,0.000110037,0,1,0,1,6988.988269,6988.988269,6988.988269,0,0,0,0,0,0
15416475.39,4995890.548,15419475.39,4995890.548,15419475.39,4992890.548,15416475.39,4992890.548,63515106.93,1.57E-08,1.57E-08,8670.011289,1039.436528,7630.57476,0,0,0,1.183483731,0.591741866,,0.000136503,,0.000136503,1,2,1,2,4335.005644,1039.436528,7630.57476,0,0,1,0,1.57E-08,63515106.93
15416475.39,4992890.548,15419475.39,4992890.548,15419475.39,4989890.548,15416475.39,4989890.548,63515106.93,1.57E-08,1.57E-08,6995.207938,1757.034253,5238.173684,0,0,0,0.770414102,0.385207051,,0.000110135,,0.000110135,1,2,1,2,3497.603969,1757.034253,5238.173684,0,0,1,0,1.57E-08,63515106.93
15416475.39,4989890.548,15419475.39,4989890.548,15419475.39,4986890.548,15416475.39,4986890.548,63515106.93,1.57E-08,1.57E-08,2678.938542,312.0186431,2366.919899,0,0,0,0.112992201,0.0564961,,4.22E-05,,4.22E-05,1,2,1,2,1339.469271,312.0186431,2366.919899,0,0,1,0,1.57E-08,63515106.93
15416475.39,4986890.548,15419475.39,4986890.548,15419475.39,4983890.548,15416475.39,4983890.548,63515106.93,0,0,0,0,0,0,0,0,0,0,,0,,0,0,0,0,0,0,0,0,0,0,0,0,0,0
15416475.39,4983890.548,15419475.39,4983890.548,15419475.39,4980890.548,15416475.39,4980890.548,63515106.93,0,0,0,0,0,0,0,0,0,0,,0,,0,0,0,0,0,0,0,0,0,0,0,0,0,0
15416475.39,4980890.548,15419475.39,4980890.548,15419475.39,4977890.548,15416475.39,4977890.548,63515106.93,0,0,0,0,0,0,0,0,0,0,,0,,0,0,0,0,0,0,0,0,0,0,0,0,0,0
15416475.39,4977890.548,15419475.39,4977890.548,15419475.39,4974890.548,15416475.39,4974890.548,63515106.93,0,0,0,0,0,0,0,0,0,0,,0,,0,0,0,0,0,0,0,0,0,0,0,0,0,0
15416475.39,4974890.548,15419475.39,4974890.548,15419475.39,4971890.548,15416475.39,4971890.548,63515106.93,0,0,0,0,0,0,0,0,0,0,,0,,0,0,0,0,0,0,0,0,0,0,0,0,0,0
15416475.39,4971890.548,15419475.39,4971890.548,15419475.39,4968890.548,15416475.39,4968890.548,63515106.93,0,0,0,0,0,0,0,0,0,0,,0,,0,0,0,0,0,0,0,0,0,0,0,0,0,0
15416475.39,4968890.548,15419475.39,4968890.548,15419475.39,4965890.548,15416475.39,4965890.548,63515106.93,0,0,0,0,0,0,0,0,0,0,,0,,0,0,0,0,0,0,0,0,0,0,0,0,0,0
15416475.39,4965890.548,15419475.39,4965890.548,15419475.39,4962890.548,15416475.39,4962890.548,63515106.93,0,0,0,0,0,0,0,0,0,0,,0,,0,0,0,0,0,0,0,0,0,0,0,0,0,0
15416475.39,4962890.548,15419475.39,4962890.548,15419475.39,4959890.548,15416475.39,4959890.548,63515106.93,0,0,0,0,0,0,0,0,0,0,,0,,0,0,0,0,0,0,0,0,0,0,0,0,0,0
15416475.39,4959890.548,15419475.39,4959890.548,15419475.39,4956890.548,15416475.39,4956890.548,63515106.93,0,0,0,0,0,0,0,0,0,0,,0,,0,0,0,0,0,0,0,0,0,0,0,0,0,0
15416475.39,4956890.548,15419475.39,4956890.548,15419475.39,4953890.548,15416475.39,4953890.548,63515106.93,0,0,0,0,0,0,0,0,0,0,,0,,0,0,0,0,0,0,0,0,0,0,0,0,0,0
15416475.39,4953890.548,15419475.39,4953890.548,15419475.39,4950890.548,15416475.39,4950890.548,63515106.93,0,0,0,0,0,0,0,0,0,0,,0,,0,0,0,0,0,0,0,0,0,0,0,0,0,0
15416475.39,4950890.548,15419475.39,4950890.548,15419475.39,4947890.548,15416475.39,4947890.548,63515106.93,0,0,0,0,0,0,0,0,0,0,,0,,0,0,0,0,0,0,0,0,0,0,0,0,0,0
15416475.39,4947890.548,15419475.39,4947890.548,15419475.39,4944890.548,15416475.39,4944890.548,63515106.93,0,0,0,0,0,0,0,0,0,0,,0,,0,0,0,0,0,0,0,0,0,0,0,0,0,0
15416475.39,4944890.548,15419475.39,4944890.548,15419475.39,4941890.548,15416475.39,4941890.548,63515106.93,0,0,0,0,0,0,0,0,0,0,,0,,0,0,0,0,0,0,0,0,0,0,0,0,0,0
15419475.39,5121890.548,15422475.39,5121890.548,15422475.39,5118890.548,15419475.39,5118890.548,63515106.93,0,0,0,0,0,0,0,0,0,0,,0,,0,0,0,0,0,0,0,0,0,0,0,0,0,0
15419475.39,5118890.548,15422475.39,5118890.548,15422475.39,5115890.548,15419475.39,5115890.548,63515106.93,0,0,0,0,0,0,0,0,0,0,,0,,0,0,0,0,0,0,0,0,0,0,0,0,0,0
15419475.39,5115890.548,15422475.39,5115890.548,15422475.39,5112890.548,15419475.39,5112890.548,63515106.93,0,0,0,0,0,0,0,0,0,0,,0,,0,0,0,0,0,0,0,0,0,0,0,0,0,0
15419475.39,5112890.548,15422475.39,5112890.548,15422475.39,5109890.548,15419475.39,5109890.548,63515106.93,0,0,0,0,0,0,0,0,0,0,,0,,0,0,0,0,0,0,0,0,0,0,0,0,0,0
15419475.39,5109890.548,15422475.39,5109890.548,15422475.39,5106890.548,15419475.39,5106890.548,63515106.93,7.87E-09,7.87E-09,7140.680678,3570.340339,3570.340339,0,0,0,0.401395219,0.20069761,,5.62E-05,,5.62E-05,0.5,1,0.5,1,3570.340339,3570.340339,3570.340339,0,0,1,0,7.87E-09,31757553.47
15419475.39,5106890.548,15422475.39,5106890.548,15422475.39,5103890.548,15419475.39,5103890.548,63515106.93,7.87E-09,7.87E-09,6121.499326,3060.749663,3060.749663,0,0,0,0.294990875,0.147495438,,4.82E-05,,4.82E-05,0.5,1,0.5,1,3060.749663,3060.749663,3060.749663,0,0,1,0,7.87E-09,31757553.47
15419475.39,5103890.548,15422475.39,5103890.548,15422475.39,5100890.548,15419475.39,5100890.548,63515106.93,7.87E-09,7.87E-09,7024.523764,3512.261882,3512.261882,0,0,0,0.388442502,0.194221251,,5.53E-05,,5.53E-05,0.5,1,0.5,1,3512.261882,3512.261882,3512.261882,0,0,1,0,7.87E-09,31757553.47
15419475.39,5100890.548,15422475.39,5100890.548,15422475.39,5097890.548,15419475.39,5097890.548,63515106.93,7.87E-09,7.87E-09,13854.17407,6927.087034,6927.087034,0,0,0,1.510964465,0.755482232,,0.000109062,,0.000109062,0.5,1,0.5,1,6927.087034,6927.087034,6927.087034,0,0,1,0,7.87E-09,31757553.47
15419475.39,5097890.548,15422475.39,5097890.548,15422475.39,5094890.548,15419475.39,5094890.548,63515106.93,2.36E-08,2.36E-08,9385.920154,808.4396863,8529.998572,0,0,0,2.080501035,0.780187888,,0.000221662,,0.000221662,1.5,4,1.5,4,3519.720058,808.4396863,8529.998572,0,0,1,0,2.36E-08,95272660.4
15419475.39,5094890.548,15422475.39,5094890.548,15422475.39,5091890.548,15419475.39,5091890.548,63515106.93,1.57E-08,1.57E-08,21044.90979,2154.422115,8921.508722,0,0,0,6.972958868,1.743239717,,0.000331337,,0.000331337,1,4,1,4,5261.227448,2154.422115,8921.50868,0,0,1,0,1.57E-08,63515106.93
15419475.39,5091890.548,15422475.39,5091890.548,15422475.39,5088890.548,15419475.39,5088890.548,63515106.93,2.36E-08,7.87E-09,16306.96724,2451.607476,7144.622725,2,4,1.57E-08,6.280014161,2.35500531,,0.000385112,,0.000385112,1.5,5,0.5,4,6115.112716,2751.718773,8994.137809,0.666666667,2,3,1,3,1
15419475.39,5088890.548,15422475.39,5088890.548,15422475.39,5085890.548,15419475.39,5085890.548,63515106.93,4.72E-08,3.15E-08,6432.200313,2462.55973,5964.469905,1,1,1.57E-08,1.954174504,1.465630878,,0.000303811,,0.000303811,3,5,2,4,4824.150235,2813.168837,6011.517662,0.333333333,0.5,3.75,1,3.000000024,95272661.4
15419475.39,5085890.548,15422475.39,5085890.548,15422475.39,5082890.548,15419475.39,5082890.548,63515106.93,4.72E-08,3.15E-08,4722.67984,192.21696,4553.754101,1,1,1.57E-08,1.053467716,0.632080629,,0.000223066,,0.000223066,3,6,2,5,2833.607904,192.21696,4553.754101,0.333333333,0.5,3.75,1,3.000000024,95272661.4
15419475.39,5082890.548,15422475.39,5082890.548,15422475.39,5079890.548,15419475.39,5079890.548,63515106.93,1.57E-08,1.57E-08,7774.005002,578.0094536,7195.995548,0,0,0,0.951508337,0.475754168,,0.000122396,,0.000122396,1,2,1,2,3887.002501,578.0094536,7195.995548,0,0,1,0,1.57E-08,63515106.93
15419475.39,5079890.548,15422475.39,5079890.548,15422475.39,5076890.548,15419475.39,5076890.548,63515106.93,7.87E-09,7.87E-09,11547.98611,5773.993055,5773.993055,0,0,0,1.04979736,0.52489868,,9.09E-05,,9.09E-05,0.5,1,0.5,1,5773.993055,5773.993055,5773.993055,0,0,1,0,7.87E-09,31757553.47
15419475.39,5076890.548,15422475.39,5076890.548,15422475.39,5073890.548,15419475.39,5073890.548,63515106.93,1.57E-08,1.57E-08,4817.022756,2082.789374,2734.233382,0,0,0,0.365325815,0.182662908,,7.58E-05,,7.58E-05,1,2,1,2,2408.511378,2082.789374,2734.233382,0,0,1,0,1.57E-08,63515106.93
15419475.39,5073890.548,15422475.39,5073890.548,15422475.39,5070890.548,15419475.39,5070890.548,63515106.93,7.87E-09,7.87E-09,4055.893594,2027.946797,2027.946797,0,0,0,0.129498899,0.06474945,,3.19E-05,,3.19E-05,0.5,1,0.5,1,2027.946797,2027.946797,2027.946797,0,0,1,0,7.87E-09,31757553.47
15419475.39,5070890.548,15422475.39,5070890.548,15422475.39,5067890.548,15419475.39,5067890.548,63515106.93,7.87E-09,7.87E-09,384.6645919,192.332296,192.332296,0,0,0,0.001164816,0.000582408,,3.03E-06,,3.03E-06,0.5,1,0.5,1,192.332296,192.332296,192.332296,0,0,1,0,7.87E-09,31757553.47
15419475.39,5067890.548,15422475.39,5067890.548,15422475.39,5064890.548,15419475.39,5064890.548,63515106.93,7.87E-09,7.87E-09,1147.767076,573.8835381,573.8835381,0,0,0,0.010370519,0.00518526,,9.04E-06,,9.04E-06,0.5,1,0.5,1,573.8835381,573.8835381,573.8835381,0,0,1,0,7.87E-09,31757553.47
15419475.39,5064890.548,15422475.39,5064890.548,15422475.39,5061890.548,15419475.39,5061890.548,63515106.93,1.57E-08,1.57E-08,17258.26497,790.320181,7940.880148,0,0,0,4.689399485,1.172349871,,0.000271719,,0.000271719,1,4,1,4,4314.566242,790.320181,7940.880148,0,0,1,0,1.57E-08,63515106.93
15419475.39,5061890.548,15422475.39,5061890.548,15422475.39,5058890.548,15419475.39,5058890.548,63515106.93,1.57E-08,1.57E-08,22242.91528,451.6729046,8993.895128,0,0,0,7.789442606,1.947360652,,0.000350199,,0.000350199,1,4,1,4,5560.72882,451.6729046,8993.895128,0,0,1,0,1.57E-08,63515106.93
15419475.39,5058890.548,15422475.39,5058890.548,15422475.39,5055890.548,15419475.39,5055890.548,63515106.93,3.94E-08,3.94E-08,8667.566074,1541.078496,6679.256879,0,0,0,2.957040666,1.232100278,,0.000341162,,0.000341162,2.5,6,2.5,6,3611.485864,1541.078496,6679.256879,0,0,1,0,3.94E-08,158787767.3
15419475.39,5055890.548,15422475.39,5055890.548,15422475.39,5052890.548,15419475.39,5052890.548,63515106.93,7.87E-08,6.30E-08,2094.430891,336.7788003,4940.717628,0.6,0.5,1.57E-08,0.34532263,0.287768859,,0.000164877,,0.000164877,5,7,4,6,1745.359076,336.7788003,4940.717628,0.2,0.25,3.875,1,3.000000055,222302875.3
15419475.39,5052890.548,15422475.39,5052890.548,15422475.39,5049890.548,15419475.39,5049890.548,63515106.93,3.15E-08,3.15E-08,10402.59719,2396.52625,7934.348334,0,0,0,3.40750519,1.703752595,,0.000327563,,0.000327563,2,4,2,4,5201.298594,2396.52625,7934.348348,0,0,1,0,3.15E-08,127030213.9
15419475.39,5049890.548,15422475.39,5049890.548,15422475.39,5046890.548,15419475.39,5046890.548,63515106.93,5.51E-08,2.36E-08,8035.916878,2124.482533,8421.818561,1.714285714,2.666666667,3.15E-08,3.558458312,3.113651023,,0.000442819,,0.000442819,3.5,6,1.5,4,7031.427268,5142.483098,8421.81853,0.571428571,1.333333333,6.333333333,2,6.000000008,31757555.47
15419475.39,5046890.548,15422475.39,5046890.548,15422475.39,5043890.548,15419475.39,5043890.548,63515106.93,4.72E-08,1.57E-08,7991.977461,1171.228586,6216.438339,2,4,3.15E-08,3.016843086,2.262632315,,0.000377484,,0.000377484,3,6,1,4,5993.983096,3090.459426,8882.733575,0.666666667,2,6,2,6,2
15419475.39,5043890.548,15422475.39,5043890.548,15422475.39,5040890.548,15419475.39,5040890.548,63515106.93,2.36E-08,7.87E-09,8288.210266,961.7388513,7531.702029,2,4,1.57E-08,1.6223171,1.216737825,,0.000195738,,0.000195738,1.5,3,0.5,2,6216.157699,3938.874517,8493.440882,0.666666667,2,3,1,3,1
15419475.39,5040890.548,15422475.39,5040890.548,15422475.39,5037890.548,15419475.39,5037890.548,63515106.93,0,0,0,4295.538106,5416.421964,0,0,0,0,0.742517591,,0.000152908,,0.000152908,0,2,0,2,4855.980035,4295.538106,5416.421964,0,0,0,0,0,0
15419475.39,5037890.548,15422475.39,5037890.548,15422475.39,5034890.548,15419475.39,5034890.548,63515106.93,7.87E-09,7.87E-09,17473.86975,8736.934873,8736.934873,0,0,0,2.403649609,1.201824804,,0.000137557,,0.000137557,0.5,1,0.5,1,8736.934873,8736.934873,8736.934873,0,0,1,0,7.87E-09,31757553.47
15419475.39,5034890.548,15422475.39,5034890.548,15422475.39,5031890.548,15419475.39,5031890.548,63515106.93,0,0,0,8037.313146,8037.313146,0,0,0,0,1.017055717,,0.000126542,,0.000126542,0,1,0,1,8037.313146,8037.313146,8037.313146,0,0,0,0,0,0
15419475.39,5031890.548,15422475.39,5031890.548,15422475.39,5028890.548,15419475.39,5028890.548,63515106.93,0,0,0,0,0,0,0,0,0,0,,0,,0,0,0,0,0,0,0,0,0,0,0,0,0,0
15419475.39,5028890.548,15422475.39,5028890.548,15422475.39,5025890.548,15419475.39,5025890.548,63515106.93,7.87E-09,7.87E-09,6762.593872,3381.296936,3381.296936,0,0,0,0.360014161,0.180007081,,5.32E-05,,5.32E-05,0.5,1,0.5,1,3381.296936,3381.296936,3381.296936,0,0,1,0,7.87E-09,31757553.47
15419475.39,5025890.548,15422475.39,5025890.548,15422475.39,5022890.548,15419475.39,5022890.548,63515106.93,7.87E-09,7.87E-09,13047.62241,6523.811203,6523.811203,0,0,0,1.340157158,0.670078579,,0.000102713,,0.000102713,0.5,1,0.5,1,6523.811203,6523.811203,6523.811203,0,0,1,0,7.87E-09,31757553.47
15419475.39,5022890.548,15422475.39,5022890.548,15422475.39,5019890.548,15419475.39,5019890.548,63515106.93,7.87E-09,7.87E-09,26864.76883,4280.385263,9151.99915,0,0,0,5.681449964,1.420362491,,0.000211483,,0.000211483,0.5,2,0.5,2,6716.192206,4280.385263,9151.99915,0,0,1,0,7.87E-09,31757553.47
15419475.39,5019890.548,15422475.39,5019890.548,15422475.39,5016890.548,15419475.39,5016890.548,63515106.93,1.57E-08,1.57E-08,16820.81105,2415.750756,8682.802949,0,0,0,4.454683272,1.484894424,,0.000264832,,0.000264832,1,3,1,3,5606.937017,2415.750756,8682.802949,0,0,1,0,1.57E-08,63515106.93
15419475.39,5016890.548,15422475.39,5016890.548,15422475.39,5013890.548,15419475.39,5013890.548,63515106.93,7.87E-09,7.87E-09,40177.27392,6045.309667,7700.973812,0,0,0,12.70731813,2.117886355,,0.000316281,,0.000316281,0.5,3,0.5,3,6696.212321,6045.309667,7700.973812,0,0,1,0,7.87E-09,31757553.47
15419475.39,5013890.548,15422475.39,5013890.548,15422475.39,5010890.548,15419475.39,5010890.548,63515106.93,7.87E-09,7.87E-09,31598.37852,1982.996107,8965.5024,0,0,0,7.860000345,1.310000057,,0.000248747,,0.000248747,0.5,3,0.5,3,5266.396419,1982.996107,8965.5024,0,0,1,0,7.87E-09,31757553.47
15419475.39,5010890.548,15422475.39,5010890.548,15422475.39,5007890.548,15419475.39,5007890.548,63515106.93,7.87E-09,7.87E-09,17651.58857,1349.084564,7476.709722,0,0,0,2.452791108,0.613197777,,0.000138956,,0.000138956,0.5,2,0.5,2,4412.897143,1349.084564,7476.709722,0,0,1,0,7.87E-09,31757553.47
15419475.39,5007890.548,15422475.39,5007890.548,15422475.39,5004890.548,15419475.39,5004890.548,63515106.93,7.87E-09,7.87E-09,4896.320068,2448.160034,2448.160034,0,0,0,0.188726363,0.094363181,,3.85E-05,,3.85E-05,0.5,1,0.5,1,2448.160034,2448.160034,2448.160034,0,0,1,0,7.87E-09,31757553.47
15419475.39,5004890.548,15422475.39,5004890.548,15422475.39,5001890.548,15419475.39,5001890.548,63515106.93,7.87E-09,7.87E-09,13152.89695,6576.448475,6576.448475,0,0,0,1.361870479,0.680935239,,0.000103541,,0.000103541,0.5,1,0.5,1,6576.448475,6576.448475,6576.448475,0,0,1,0,7.87E-09,31757553.47
15419475.39,5001890.548,15422475.39,5001890.548,15422475.39,4998890.548,15419475.39,4998890.548,63515106.93,0,0,0,8583.406899,8583.406899,0,0,0,0,1.159958277,,0.00013514,,0.00013514,0,1,0,1,8583.406899,8583.406899,8583.406899,0,0,0,0,0,0
15419475.39,4998890.548,15422475.39,4998890.548,15422475.39,4995890.548,15419475.39,4995890.548,63515106.93,0,0,0,9011.871877,9011.871877,0,0,0,0,1.27865383,,0.000141885,,0.000141885,0,1,0,1,9011.871877,9011.871877,9011.871877,0,0,0,0,0,0
15419475.39,4995890.548,15422475.39,4995890.548,15422475.39,4992890.548,15419475.39,4992890.548,63515106.93,7.87E-09,7.87E-09,26872.10186,4659.162407,8776.888525,0,0,0,5.684552018,1.421138004,,0.000211541,,0.000211541,0.5,2,0.5,2,6718.025466,4659.162407,8776.888525,0,0,1,0,7.87E-09,31757553.47
15419475.39,4992890.548,15422475.39,4992890.548,15422475.39,4989890.548,15419475.39,4989890.548,63515106.93,1.57E-08,1.57E-08,10420.18675,4663.914861,5756.271891,0,0,0,1.709519155,0.854759578,,0.000164058,,0.000164058,1,2,1,2,5210.093376,4663.914861,5756.271891,0,0,1,0,1.57E-08,63515106.93
15419475.39,4989890.548,15422475.39,4989890.548,15422475.39,4986890.548,15419475.39,4986890.548,63515106.93,1.57E-08,1.57E-08,4195.138867,1654.614161,2540.524706,0,0,0,0.27708668,0.13854334,,6.60E-05,,6.60E-05,1,2,1,2,2097.569434,1654.614161,2540.524706,0,0,1,0,1.57E-08,63515106.93
15419475.39,4986890.548,15422475.39,4986890.548,15422475.39,4983890.548,15419475.39,4983890.548,63515106.93,0,0,0,0,0,0,0,0,0,0,,0,,0,0,0,0,0,0,0,0,0,0,0,0,0,0
15419475.39,4983890.548,15422475.39,4983890.548,15422475.39,4980890.548,15419475.39,4980890.548,63515106.93,0,0,0,0,0,0,0,0,0,0,,0,,0,0,0,0,0,0,0,0,0,0,0,0,0,0
15419475.39,4980890.548,15422475.39,4980890.548,15422475.39,4977890.548,15419475.39,4977890.548,63515106.93,0,0,0,0,0,0,0,0,0,0,,0,,0,0,0,0,0,0,0,0,0,0,0,0,0,0
15419475.39,4977890.548,15422475.39,4977890.548,15422475.39,4974890.548,15419475.39,4974890.548,63515106.93,0,0,0,0,0,0,0,0,0,0,,0,,0,0,0,0,0,0,0,0,0,0,0,0,0,0
15419475.39,4974890.548,15422475.39,4974890.548,15422475.39,4971890.548,15419475.39,4971890.548,63515106.93,0,0,0,0,0,0,0,0,0,0,,0,,0,0,0,0,0,0,0,0,0,0,0,0,0,0
15419475.39,4971890.548,15422475.39,4971890.548,15422475.39,4968890.548,15419475.39,4968890.548,63515106.93,0,0,0,0,0,0,0,0,0,0,,0,,0,0,0,0,0,0,0,0,0,0,0,0,0,0
15419475.39,4968890.548,15422475.39,4968890.548,15422475.39,4965890.548,15419475.39,4965890.548,63515106.93,0,0,0,0,0,0,0,0,0,0,,0,,0,0,0,0,0,0,0,0,0,0,0,0,0,0
15419475.39,4965890.548,15422475.39,4965890.548,15422475.39,4962890.548,15419475.39,4962890.548,63515106.93,0,0,0,0,0,0,0,0,0,0,,0,,0,0,0,0,0,0,0,0,0,0,0,0,0,0
15419475.39,4962890.548,15422475.39,4962890.548,15422475.39,4959890.548,15419475.39,4959890.548,63515106.93,0,0,0,0,0,0,0,0,0,0,,0,,0,0,0,0,0,0,0,0,0,0,0,0,0,0
15419475.39,4959890.548,15422475.39,4959890.548,15422475.39,4956890.548,15419475.39,4956890.548,63515106.93,0,0,0,0,0,0,0,0,0,0,,0,,0,0,0,0,0,0,0,0,0,0,0,0,0,0
15419475.39,4956890.548,15422475.39,4956890.548,15422475.39,4953890.548,15419475.39,4953890.548,63515106.93,0,0,0,0,0,0,0,0,0,0,,0,,0,0,0,0,0,0,0,0,0,0,0,0,0,0
15419475.39,4953890.548,15422475.39,4953890.548,15422475.39,4950890.548,15419475.39,4950890.548,63515106.93,0,0,0,0,0,0,0,0,0,0,,0,,0,0,0,0,0,0,0,0,0,0,0,0,0,0
15419475.39,4950890.548,15422475.39,4950890.548,15422475.39,4947890.548,15419475.39,4947890.548,63515106.93,0,0,0,0,0,0,0,0,0,0,,0,,0,0,0,0,0,0,0,0,0,0,0,0,0,0
15419475.39,4947890.548,15422475.39,4947890.548,15422475.39,4944890.548,15419475.39,4944890.548,63515106.93,0,0,0,0,0,0,0,0,0,0,,0,,0,0,0,0,0,0,0,0,0,0,0,0,0,0
15419475.39,4944890.548,15422475.39,4944890.548,15422475.39,4941890.548,15419475.39,4941890.548,63515106.93,0,0,0,0,0,0,0,0,0,0,,0,,0,0,0,0,0,0,0,0,0,0,0,0,0,0
15422475.39,5121890.548,15425475.39,5121890.548,15425475.39,5118890.548,15422475.39,5118890.548,63515106.93,0,0,0,0,0,0,0,0,0,0,,0,,0,0,0,0,0,0,0,0,0,0,0,0,0,0
15422475.39,5118890.548,15425475.39,5118890.548,15425475.39,5115890.548,15422475.39,5115890.548,63515106.93,0,0,0,0,0,0,0,0,0,0,,0,,0,0,0,0,0,0,0,0,0,0,0,0,0,0
15422475.39,5115890.548,15425475.39,5115890.548,15425475.39,5112890.548,15422475.39,5112890.548,63515106.93,0,0,0,0,0,0,0,0,0,0,,0,,0,0,0,0,0,0,0,0,0,0,0,0,0,0
15422475.39,5112890.548,15425475.39,5112890.548,15425475.39,5109890.548,15422475.39,5109890.548,63515106.93,0,0,0,4461.843243,4461.843243,0,0,0,0,0.313437953,,7.02E-05,,7.02E-05,0,1,0,1,4461.843243,4461.843243,4461.843243,0,0,0,0,0,0
15422475.39,5109890.548,15425475.39,5109890.548,15425475.39,5106890.548,15422475.39,5106890.548,63515106.93,7.87E-09,7.87E-09,13570.70788,6785.353942,6785.353942,0,0,0,1.449766216,0.724883108,,0.000106831,,0.000106831,0.5,1,0.5,1,6785.353942,6785.353942,6785.353942,0,0,1,0,7.87E-09,31757553.47
15422475.39,5106890.548,15425475.39,5106890.548,15425475.39,5103890.548,15422475.39,5103890.548,63515106.93,7.87E-09,7.87E-09,11253.61852,5626.809262,5626.809262,0,0,0,0.996959117,0.498479559,,8.86E-05,,8.86E-05,0.5,1,0.5,1,5626.809262,5626.809262,5626.809262,0,0,1,0,7.87E-09,31757553.47
15422475.39,5103890.548,15425475.39,5103890.548,15425475.39,5100890.548,15422475.39,5100890.548,63515106.93,7.87E-09,7.87E-09,1283.764261,641.8821305,641.8821305,0,0,0,0.01297369,0.006486845,,1.01E-05,,1.01E-05,0.5,1,0.5,1,641.8821305,641.8821305,641.8821305,0,0,1,0,7.87E-09,31757553.47
15422475.39,5100890.548,15425475.39,5100890.548,15425475.39,5097890.548,15422475.39,5097890.548,63515106.93,2.36E-08,2.36E-08,4559.889304,1711.782151,2735.643518,0,0,0,0.491046732,0.245523366,,0.000107688,,0.000107688,1.5,3,1.5,3,2279.944652,1711.782151,2735.643518,0,0,1,0,2.36E-08,95272660.4
15422475.39,5097890.548,15425475.39,5097890.548,15425475.39,5094890.548,15422475.39,5094890.548,63515106.93,1.57E-08,1.57E-08,13680.72927,3555.490483,5407.673642,0,0,0,2.946737593,0.982245864,,0.000215393,,0.000215393,1,3,1,3,4560.243089,3555.490483,5407.673642,0,0,1,0,1.57E-08,63515106.93
15422475.39,5094890.548,15425475.39,5094890.548,15425475.39,5091890.548,15422475.39,5091890.548,63515106.93,2.36E-08,2.36E-08,13199.17104,75.2756462,7748.965184,0,0,0,4.114409736,1.542903651,,0.000311717,,0.000311717,1.5,4,1.5,4,4949.689142,75.2756462,7748.965184,0,0,1,0,2.36E-08,95272660.4
15422475.39,5091890.548,15425475.39,5091890.548,15425475.39,5088890.548,15422475.39,5088890.548,63515106.93,4.72E-08,3.15E-08,8082.958879,2047.887165,7603.975946,1,1,1.57E-08,3.085922108,1.851553265,,0.000381781,,0.000381781,3,6,2,5,4849.775327,2642.76098,7603.975946,0.333333333,0.5,3.75,1,3.000000024,95272661.4
15422475.39,5088890.548,15425475.39,5088890.548,15425475.39,5085890.548,15422475.39,5085890.548,63515106.93,4.72E-08,3.15E-08,6710.217587,2391.699849,7081.591859,1,1,1.57E-08,2.126754826,1.59506612,,0.000316943,,0.000316943,3,5,2,4,5032.66319,3586.293763,7081.591859,0.333333333,0.5,3.75,1,3.000000024,95272661.4
15422475.39,5085890.548,15425475.39,5085890.548,15425475.39,5082890.548,15422475.39,5082890.548,63515106.93,1.57E-08,1.57E-08,12015.18827,1629.232057,8169.508627,0,0,0,2.27291988,0.75763996,,0.000189171,,0.000189171,1,3,1,3,4005.062758,1629.232057,8169.508627,0,0,1,0,1.57E-08,63515106.93
15422475.39,5082890.548,15425475.39,5082890.548,15425475.39,5079890.548,15422475.39,5079890.548,63515106.93,7.87E-09,7.87E-09,11447.55688,2263.229302,3460.549138,0,0,0,1.031617239,0.25790431,,9.01E-05,,9.01E-05,0.5,2,0.5,2,2861.88922,2263.229302,3460.549138,0,0,1,0,7.87E-09,31757553.47
15422475.39,5079890.548,15425475.39,5079890.548,15425475.39,5076890.548,15422475.39,5076890.548,63515106.93,7.87E-09,7.87E-09,6506.619198,3253.309599,3253.309599,0,0,0,0.333275778,0.166637889,,5.12E-05,,5.12E-05,0.5,1,0.5,1,3253.309599,3253.309599,3253.309599,0,0,1,0,7.87E-09,31757553.47
15422475.39,5076890.548,15425475.39,5076890.548,15425475.39,5073890.548,15422475.39,5073890.548,63515106.93,7.87E-09,7.87E-09,2703.206541,1351.603271,1351.603271,0,0,0,0.057524312,0.028762156,,2.13E-05,,2.13E-05,0.5,1,0.5,1,1351.603271,1351.603271,1351.603271,0,0,1,0,7.87E-09,31757553.47
15422475.39,5073890.548,15425475.39,5073890.548,15425475.39,5070890.548,15422475.39,5070890.548,63515106.93,0,0,0,0,0,0,0,0,0,0,,0,,0,0,0,0,0,0,0,0,0,0,0,0,0,0
15422475.39,5070890.548,15425475.39,5070890.548,15425475.39,5067890.548,15422475.39,5067890.548,63515106.93,7.87E-09,7.87E-09,1137.705878,568.8529389,568.8529389,0,0,0,0.010189502,0.005094751,,8.96E-06,,8.96E-06,0.5,1,0.5,1,568.8529389,568.8529389,568.8529389,0,0,1,0,7.87E-09,31757553.47
15422475.39,5067890.548,15425475.39,5067890.548,15425475.39,5064890.548,15422475.39,5064890.548,63515106.93,7.87E-09,7.87E-09,6850.88182,3425.44091,3425.44091,0,0,0,0.369475736,0.184737868,,5.39E-05,,5.39E-05,0.5,1,0.5,1,3425.44091,3425.44091,3425.44091,0,0,1,0,7.87E-09,31757553.47
15422475.39,5064890.548,15425475.39,5064890.548,15425475.39,5061890.548,15422475.39,5061890.548,63515106.93,4.72E-08,1.57E-08,6113.778646,473.4142428,6606.015322,1.333333333,2,1.57E-08,1.765483417,1.05929005,,0.000288771,,0.000288771,3,6,1,5,3668.267188,685.5679923,6606.015322,0.333333333,1,5,1.57E-08,4.000000016,63515106.93
15422475.39,5061890.548,15425475.39,5061890.548,15425475.39,5058890.548,15422475.39,5058890.548,63515106.93,6.30E-08,3.15E-08,5839.853129,473.4142428,8925.574322,1,1,1.57E-08,2.147765231,1.227294417,,0.000367777,,0.000367777,4,8,2,7,3337.058931,631.4632363,8925.574322,0.25,0.5,5,1.57E-08,4.000000031,127030213.9
15422475.39,5058890.548,15425475.39,5058890.548,15425475.39,5055890.548,15422475.39,5055890.548,63515106.93,1.02E-07,5.51E-08,3610.60802,343.3821685,7621.382373,1.076923077,1.142857143,3.15E-08,1.334126492,0.9635358,,0.000369502,,0.000369502,6.5,11,3.5,9,2607.661348,343.3821685,7621.382373,0.307692308,0.571428571,7.857142857,1.000000016,7.000000047,190545321.8
15422475.39,5055890.548,15425475.39,5055890.548,15425475.39,5052890.548,15422475.39,5052890.548,63515106.93,7.08E-08,5.51E-08,3767.539552,409.1660637,4940.717628,0.666666667,0.571428571,1.57E-08,1.005659871,0.905093884,,0.000266927,,0.000266927,4.5,6,3.5,5,3390.785597,1816.7172,4940.717628,0.222222222,0.285714286,3.857142857,1,3.000000047,190545321.8
15422475.39,5052890.548,15425475.39,5052890.548,15425475.39,5049890.548,15422475.39,5049890.548,63515106.93,8.66E-08,5.51E-08,4078.702947,409.1660637,5056.248765,1.090909091,1.142857143,3.15E-08,1.440554884,1.131864552,,0.000353189,,0.000353189,5.5,9,3.5,7,3204.695173,1365.211808,5056.248765,0.363636364,0.571428571,6.714285714,2,6.000000039,158787769.3
15422475.39,5049890.548,15425475.39,5049890.548,15425475.39,5046890.548,15422475.39,5046890.548,63515106.93,7.08E-08,3.94E-08,4564.065637,1357.091349,5350.197657,1.333333333,1.6,3.15E-08,1.475839885,1.328255896,,0.000323361,,0.000323361,4.5,7,2.5,5,4107.659073,1550.275776,7290.315911,0.444444444,0.8,6.6,2,6.000000024,95272662.4
15422475.39,5046890.548,15425475.39,5046890.548,15425475.39,5043890.548,15422475.39,5043890.548,63515106.93,4.72E-08,1.57E-08,4968.448541,2124.482533,3636.687311,2,4,3.15E-08,1.165965804,1.165965804,,0.000234674,,0.000234674,3,5,1,3,4968.448541,2767.123616,8501.534696,0.666666667,2,6,2,6,2
15422475.39,5043890.548,15425475.39,5043890.548,15425475.39,5040890.548,15422475.39,5040890.548,63515106.93,2.36E-08,7.87E-09,4464.309653,1152.975325,4037.045228,2,4,1.57E-08,0.470676859,0.353007644,,0.000105431,,0.000105431,1.5,3,0.5,2,3348.23224,1152.975325,5543.489155,0.666666667,2,3,1,3,1
15422475.39,5040890.548,15425475.39,5040890.548,15425475.39,5037890.548,15422475.39,5037890.548,63515106.93,7.87E-09,7.87E-09,7370.457732,3685.228866,3685.228866,0,0,0,0.427643515,0.213821758,,5.80E-05,,5.80E-05,0.5,1,0.5,1,3685.228866,3685.228866,3685.228866,0,0,1,0,7.87E-09,31757553.47
15422475.39,5037890.548,15425475.39,5037890.548,15425475.39,5034890.548,15422475.39,5034890.548,63515106.93,7.87E-09,7.87E-09,11616.23933,5808.119664,5808.119664,0,0,0,1.062243478,0.531121739,,9.14E-05,,9.14E-05,0.5,1,0.5,1,5808.119664,5808.119664,5808.119664,0,0,1,0,7.87E-09,31757553.47
15422475.39,5034890.548,15425475.39,5034890.548,15425475.39,5031890.548,15422475.39,5031890.548,63515106.93,7.87E-09,7.87E-09,11034.85276,5517.426381,5517.426381,0,0,0,0.958574907,0.479287454,,8.69E-05,,8.69E-05,0.5,1,0.5,1,5517.426381,5517.426381,5517.426381,0,0,1,0,7.87E-09,31757553.47
15422475.39,5031890.548,15425475.39,5031890.548,15425475.39,5028890.548,15422475.39,5028890.548,63515106.93,0,0,0,0,0,0,0,0,0,0,,0,,0,0,0,0,0,0,0,0,0,0,0,0,0,0
15422475.39,5028890.548,15425475.39,5028890.548,15425475.39,5025890.548,15422475.39,5025890.548,63515106.93,1.57E-08,1.57E-08,4143.874295,1625.116535,2518.75776,0,0,0,0.270356062,0.135178031,,6.52E-05,,6.52E-05,1,2,1,2,2071.937148,1625.116535,2518.75776,0,0,1,0,1.57E-08,63515106.93
15422475.39,5025890.548,15425475.39,5025890.548,15425475.39,5022890.548,15422475.39,5022890.548,63515106.93,2.36E-08,2.36E-08,8362.615747,2772.466448,5021.099802,0,0,0,1.651575794,0.825787897,,0.000197495,,0.000197495,1.5,3,1.5,3,4181.307873,2772.466448,5021.099802,0,0,1,0,2.36E-08,95272660.4
15422475.39,5022890.548,15425475.39,5022890.548,15425475.39,5019890.548,15422475.39,5019890.548,63515106.93,3.15E-08,3.15E-08,7173.181488,1446.746404,6477.441914,0,0,0,1.620229742,1.080153161,,0.000225873,,0.000225873,2,3,2,3,4782.120992,1446.746404,6477.441914,0,0,1,0,3.15E-08,127030213.9
15422475.39,5019890.548,15425475.39,5019890.548,15425475.39,5016890.548,15422475.39,5016890.548,63515106.93,7.87E-09,7.87E-09,24690.46882,4296.500406,8048.734005,0,0,0,4.799009874,1.199752468,,0.000194367,,0.000194367,0.5,2,0.5,2,6172.617205,4296.500406,8048.734005,0,0,1,0,7.87E-09,31757553.47
15422475.39,5016890.548,15425475.39,5016890.548,15425475.39,5013890.548,15422475.39,5013890.548,63515106.93,1.57E-08,1.57E-08,16362.0681,1337.244937,8848.272806,0,0,0,4.215017269,1.405005756,,0.000257609,,0.000257609,1,3,1,3,5454.0227,1337.244937,8848.272806,0,0,1,0,1.57E-08,63515106.93
15422475.39,5013890.548,15425475.39,5013890.548,15425475.39,5010890.548,15422475.39,5010890.548,63515106.93,7.87E-09,7.87E-09,22978.38864,3812.508814,7676.685506,0,0,0,4.156541412,1.039135353,,0.000180889,,0.000180889,0.5,2,0.5,2,5744.59716,3812.508814,7676.685506,0,0,1,0,7.87E-09,31757553.47
15422475.39,5010890.548,15425475.39,5010890.548,15425475.39,5007890.548,15422475.39,5007890.548,63515106.93,1.57E-08,1.57E-08,6544.860375,192.1229138,5745.540666,0,0,0,0.674409592,0.224803197,,0.000103044,,0.000103044,1,3,1,3,2181.620125,192.1229138,5745.540666,0,0,1,0,1.57E-08,63515106.93
15422475.39,5007890.548,15425475.39,5007890.548,15425475.39,5004890.548,15422475.39,5004890.548,63515106.93,7.87E-09,7.87E-09,6831.245474,3415.622737,3415.622737,0,0,0,0.367360751,0.183680375,,5.38E-05,,5.38E-05,0.5,1,0.5,1,3415.622737,3415.622737,3415.622737,0,0,1,0,7.87E-09,31757553.47
15422475.39,5004890.548,15425475.39,5004890.548,15425475.39,5001890.548,15422475.39,5001890.548,63515106.93,7.87E-09,7.87E-09,12671.37653,6335.688263,6335.688263,0,0,0,1.26398105,0.631990525,,9.98E-05,,9.98E-05,0.5,1,0.5,1,6335.688263,6335.688263,6335.688263,0,0,1,0,7.87E-09,31757553.47
15422475.39,5001890.548,15425475.39,5001890.548,15425475.39,4998890.548,15422475.39,4998890.548,63515106.93,0,0,0,8613.270196,8613.270196,0,0,0,0,1.168043747,,0.00013561,,0.00013561,0,1,0,1,8613.270196,8613.270196,8613.270196,0,0,0,0,0,0
15422475.39,4998890.548,15425475.39,4998890.548,15425475.39,4995890.548,15422475.39,4995890.548,63515106.93,0,0,0,7334.161523,7334.161523,0,0,0,0,0.846883959,,0.000115471,,0.000115471,0,1,0,1,7334.161523,7334.161523,7334.161523,0,0,0,0,0,0
15422475.39,4995890.548,15425475.39,4995890.548,15425475.39,4992890.548,15422475.39,4992890.548,63515106.93,7.87E-09,7.87E-09,24975.23801,4575.978673,7911.640331,0,0,0,4.910347661,1.227586915,,0.000196609,,0.000196609,0.5,2,0.5,2,6243.809502,4575.978673,7911.640331,0,0,1,0,7.87E-09,31757553.47
15422475.39,4992890.548,15425475.39,4992890.548,15425475.39,4989890.548,15422475.39,4989890.548,63515106.93,7.87E-09,7.87E-09,14974.96186,7487.480929,7487.480929,0,0,0,1.765323979,0.88266199,,0.000117885,,0.000117885,0.5,1,0.5,1,7487.480929,7487.480929,7487.480929,0,0,1,0,7.87E-09,31757553.47
15422475.39,4989890.548,15425475.39,4989890.548,15425475.39,4986890.548,15422475.39,4986890.548,63515106.93,0,0,0,4230.857448,4230.857448,0,0,0,0,0.281825153,,6.66E-05,,6.66E-05,0,1,0,1,4230.857448,4230.857448,4230.857448,0,0,0,0,0,0
15422475.39,4986890.548,15425475.39,4986890.548,15425475.39,4983890.548,15422475.39,4983890.548,63515106.93,0,0,0,0,0,0,0,0,0,0,,0,,0,0,0,0,0,0,0,0,0,0,0,0,0,0
15422475.39,4983890.548,15425475.39,4983890.548,15425475.39,4980890.548,15422475.39,4980890.548,63515106.93,0,0,0,0,0,0,0,0,0,0,,0,,0,0,0,0,0,0,0,0,0,0,0,0,0,0
15422475.39,4980890.548,15425475.39,4980890.548,15425475.39,4977890.548,15422475.39,4977890.548,63515106.93,0,0,0,0,0,0,0,0,0,0,,0,,0,0,0,0,0,0,0,0,0,0,0,0,0,0
15422475.39,4977890.548,15425475.39,4977890.548,15425475.39,4974890.548,15422475.39,4974890.548,63515106.93,0,0,0,0,0,0,0,0,0,0,,0,,0,0,0,0,0,0,0,0,0,0,0,0,0,0
15422475.39,4974890.548,15425475.39,4974890.548,15425475.39,4971890.548,15422475.39,4971890.548,63515106.93,0,0,0,0,0,0,0,0,0,0,,0,,0,0,0,0,0,0,0,0,0,0,0,0,0,0
15422475.39,4971890.548,15425475.39,4971890.548,15425475.39,4968890.548,15422475.39,4968890.548,63515106.93,0,0,0,0,0,0,0,0,0,0,,0,,0,0,0,0,0,0,0,0,0,0,0,0,0,0
15422475.39,4968890.548,15425475.39,4968890.548,15425475.39,4965890.548,15422475.39,4965890.548,63515106.93,0,0,0,0,0,0,0,0,0,0,,0,,0,0,0,0,0,0,0,0,0,0,0,0,0,0
15422475.39,4965890.548,15425475.39,4965890.548,15425475.39,4962890.548,15422475.39,4962890.548,63515106.93,0,0,0,0,0,0,0,0,0,0,,0,,0,0,0,0,0,0,0,0,0,0,0,0,0,0
15422475.39,4962890.548,15425475.39,4962890.548,15425475.39,4959890.548,15422475.39,4959890.548,63515106.93,0,0,0,0,0,0,0,0,0,0,,0,,0,0,0,0,0,0,0,0,0,0,0,0,0,0
15422475.39,4959890.548,15425475.39,4959890.548,15425475.39,4956890.548,15422475.39,4956890.548,63515106.93,0,0,0,0,0,0,0,0,0,0,,0,,0,0,0,0,0,0,0,0,0,0,0,0,0,0
15422475.39,4956890.548,15425475.39,4956890.548,15425475.39,4953890.548,15422475.39,4953890.548,63515106.93,0,0,0,0,0,0,0,0,0,0,,0,,0,0,0,0,0,0,0,0,0,0,0,0,0,0
15422475.39,4953890.548,15425475.39,4953890.548,15425475.39,4950890.548,15422475.39,4950890.548,63515106.93,0,0,0,0,0,0,0,0,0,0,,0,,0,0,0,0,0,0,0,0,0,0,0,0,0,0
15422475.39,4950890.548,15425475.39,4950890.548,15425475.39,4947890.548,15422475.39,4947890.548,63515106.93,0,0,0,0,0,0,0,0,0,0,,0,,0,0,0,0,0,0,0,0,0,0,0,0,0,0
15422475.39,4947890.548,15425475.39,4947890.548,15425475.39,4944890.548,15422475.39,4944890.548,63515106.93,0,0,0,0,0,0,0,0,0,0,,0,,0,0,0,0,0,0,0,0,0,0,0,0,0,0
15422475.39,4944890.548,15425475.39,4944890.548,15425475.39,4941890.548,15422475.39,4941890.548,63515106.93,0,0,0,0,0,0,0,0,0,0,,0,,0,0,0,0,0,0,0,0,0,0,0,0,0,0
15425475.39,5121890.548,15428475.39,5121890.548,15428475.39,5118890.548,15425475.39,5118890.548,63515106.93,0,0,0,0,0,0,0,0,0,0,,0,,0,0,0,0,0,0,0,0,0,0,0,0,0,0
15425475.39,5118890.548,15428475.39,5118890.548,15428475.39,5115890.548,15425475.39,5115890.548,63515106.93,0,0,0,0,0,0,0,0,0,0,,0,,0,0,0,0,0,0,0,0,0,0,0,0,0,0
15425475.39,5115890.548,15428475.39,5115890.548,15428475.39,5112890.548,15425475.39,5112890.548,63515106.93,0,0,0,0,0,0,0,0,0,0,,0,,0,0,0,0,0,0,0,0,0,0,0,0,0,0
15425475.39,5112890.548,15428475.39,5112890.548,15428475.39,5109890.548,15425475.39,5109890.548,63515106.93,0,0,0,6887.170421,6887.170421,0,0,0,0,0.746800544,,0.000108434,,0.000108434,0,1,0,1,6887.170421,6887.170421,6887.170421,0,0,0,0,0,0
15425475.39,5109890.548,15428475.39,5109890.548,15428475.39,5106890.548,15425475.39,5106890.548,63515106.93,0,0,0,9008.025896,9008.025896,0,0,0,0,1.277562685,,0.000141825,,0.000141825,0,1,0,1,9008.025896,9008.025896,9008.025896,0,0,0,0,0,0
15425475.39,5106890.548,15428475.39,5106890.548,15428475.39,5103890.548,15425475.39,5103890.548,63515106.93,0,0,0,7062.148751,7062.148751,0,0,0,0,0.785229647,,0.000111188,,0.000111188,0,1,0,1,7062.148751,7062.148751,7062.148751,0,0,0,0,0,0
15425475.39,5103890.548,15428475.39,5103890.548,15428475.39,5100890.548,15425475.39,5100890.548,63515106.93,1.57E-08,1.57E-08,3156.885351,704.6913867,2452.193964,0,0,0,0.156906374,0.078453187,,4.97E-05,,4.97E-05,1,2,1,2,1578.442675,704.6913867,2452.193964,0,0,1,0,1.57E-08,63515106.93
15425475.39,5100890.548,15428475.39,5100890.548,15428475.39,5097890.548,15425475.39,5097890.548,63515106.93,3.94E-08,3.94E-08,5300.947987,1196.102895,5184.961448,0,0,0,1.106038032,0.553019016,,0.000208649,,0.000208649,2.5,5,2.5,5,2650.473993,1196.102895,5184.961448,0,0,1,0,3.94E-08,158787767.3
15425475.39,5097890.548,15428475.39,5097890.548,15428475.39,5094890.548,15425475.39,5094890.548,63515106.93,4.72E-08,4.72E-08,7722.404333,2104.680653,6757.340894,0,0,0,2.816756433,1.69005386,,0.000364751,,0.000364751,3,5,3,5,4633.4426,2104.680653,6757.340894,0,0,1,0,4.72E-08,190545320.8
15425475.39,5094890.548,15428475.39,5094890.548,15428475.39,5091890.548,15425475.39,5091890.548,63515106.93,3.15E-08,3.15E-08,10660.91279,58.86496097,7153.432399,0,0,0,3.578835554,1.431534221,,0.000335697,,0.000335697,2,5,2,5,4264.365115,58.86496097,7153.432399,0,0,1,0,3.15E-08,127030213.9
15425475.39,5091890.548,15428475.39,5091890.548,15428475.39,5088890.548,15425475.39,5088890.548,63515106.93,2.36E-08,2.36E-08,10716.31569,4148.691485,7074.530344,0,0,0,2.712097031,1.356048516,,0.000253081,,0.000253081,1.5,3,1.5,3,5358.157845,4148.691485,7074.530344,0,0,1,0,2.36E-08,95272660.4
15425475.39,5088890.548,15428475.39,5088890.548,15428475.39,5085890.548,15425475.39,5085890.548,63515106.93,2.36E-08,2.36E-08,13025.9276,1091.038746,7728.499579,0,0,0,4.007112592,1.502667222,,0.000307626,,0.000307626,1.5,4,1.5,4,4884.72285,1091.038746,7728.499579,0,0,1,0,2.36E-08,95272660.4
15425475.39,5085890.548,15428475.39,5085890.548,15428475.39,5082890.548,15425475.39,5082890.548,63515106.93,7.87E-09,7.87E-09,31518.77927,847.7304036,8991.357873,0,0,0,7.820450086,1.303408348,,0.00024812,,0.00024812,0.5,3,0.5,3,5253.129879,847.7304036,8991.357873,0,0,1,0,7.87E-09,31757553.47
15425475.39,5082890.548,15428475.39,5082890.548,15428475.39,5079890.548,15425475.39,5079890.548,63515106.93,0,0,0,7394.108856,7394.108856,0,0,0,0,0.860784913,,0.000116415,,0.000116415,0,1,0,1,7394.108856,7394.108856,7394.108856,0,0,0,0,0,0
15425475.39,5079890.548,15428475.39,5079890.548,15428475.39,5076890.548,15425475.39,5076890.548,63515106.93,7.87E-09,7.87E-09,231.4751995,115.7375998,115.7375998,0,0,0,0.000421795,0.000210898,,1.82E-06,,1.82E-06,0.5,1,0.5,1,115.7375998,115.7375998,115.7375998,0,0,1,0,7.87E-09,31757553.47
15425475.39,5076890.548,15428475.39,5076890.548,15428475.39,5073890.548,15425475.39,5073890.548,63515106.93,7.87E-09,7.87E-09,554.7713227,277.3856614,277.3856614,0,0,0,0.002422819,0.00121141,,4.37E-06,,4.37E-06,0.5,1,0.5,1,277.3856614,277.3856614,277.3856614,0,0,1,0,7.87E-09,31757553.47
15425475.39,5073890.548,15428475.39,5073890.548,15428475.39,5070890.548,15425475.39,5070890.548,63515106.93,2.36E-08,2.36E-08,3887.889964,1595.662715,2635.530963,0,0,0,0.356978578,0.178489289,,9.18E-05,,9.18E-05,1.5,3,1.5,3,1943.944982,1595.662715,2635.530963,0,0,1,0,2.36E-08,95272660.4
15425475.39,5070890.548,15428475.39,5070890.548,15428475.39,5067890.548,15425475.39,5067890.548,63515106.93,3.94E-08,3.94E-08,3727.514746,2251.61331,3685.996196,0,0,0,0.546892183,0.455743486,,0.000146718,,0.000146718,2.5,3,2.5,3,3106.262289,2251.61331,3685.996196,0,0,1,0,3.94E-08,158787767.3
15425475.39,5067890.548,15428475.39,5067890.548,15428475.39,5064890.548,15425475.39,5064890.548,63515106.93,3.94E-08,3.94E-08,4779.20377,2251.61331,6206.199611,0,0,0,0.899029765,0.749191471,,0.000188113,,0.000188113,2.5,3,2.5,3,3982.669808,2251.61331,6206.199611,0,0,1,0,3.94E-08,158787767.3
15425475.39,5064890.548,15428475.39,5064890.548,15428475.39,5061890.548,15425475.39,5061890.548,63515106.93,5.51E-08,2.36E-08,6699.114935,473.4142428,6996.281709,1.142857143,1.333333333,1.57E-08,2.473009978,1.442589154,,0.000369155,,0.000369155,3.5,7,1.5,6,3907.817046,1601.457625,6996.281709,0.285714286,0.666666667,5,1.57E-08,4.000000024,95272660.4
15425475.39,5061890.548,15428475.39,5061890.548,15428475.39,5058890.548,15425475.39,5058890.548,63515106.93,4.72E-08,1.57E-08,10497.51985,473.4142428,8693.569587,1.333333333,2,1.57E-08,5.204962798,2.602481399,,0.000495828,,0.000495828,3,7,1,6,5248.759923,3894.696369,8693.569609,0.333333333,1,5,1.57E-08,4.000000016,63515106.93
15425475.39,5058890.548,15428475.39,5058890.548,15428475.39,5055890.548,15425475.39,5055890.548,63515106.93,7.87E-08,3.15E-08,6741.106748,409.1660637,8249.071883,1.4,2,3.15E-08,3.57730014,2.555214386,,0.00053067,,0.00053067,5,9,2,7,4815.076249,2515.761239,8249.071837,0.4,1,7.75,1.000000016,7.000000024,95272661.4
15425475.39,5055890.548,15428475.39,5055890.548,15428475.39,5052890.548,15425475.39,5052890.548,63515106.93,6.30E-08,4.72E-08,3632.207084,114.9290386,6418.722511,0.75,0.666666667,1.57E-08,0.830852938,0.66468235,,0.000228746,,0.000228746,4,6,3,5,2905.765667,114.9290449,6418.722511,0.25,0.333333333,3.833333333,1,3.000000039,158787768.3
15425475.39,5052890.548,15428475.39,5052890.548,15428475.39,5049890.548,15425475.39,5049890.548,63515106.93,6.30E-08,4.72E-08,4755.824986,409.1660637,6147.877576,0.75,0.666666667,1.57E-08,1.424408925,1.13952714,,0.000299508,,0.000299508,4,6,3,5,3804.659989,1729.148831,6147.877576,0.25,0.333333333,3.833333333,1,3.000000039,158787768.3
15425475.39,5049890.548,15428475.39,5049890.548,15428475.39,5046890.548,15425475.39,5046890.548,63515106.93,3.94E-08,2.36E-08,3320.786468,1145.994196,3808.742028,1.2,1.333333333,1.57E-08,0.434055113,0.361712594,,0.000130709,,0.000130709,2.5,4,1.5,3,2767.322057,1145.994196,4975.837532,0.4,0.666666667,3.666666667,1,3.000000016,63515107.93
15425475.39,5046890.548,15428475.39,5046890.548,15428475.39,5043890.548,15425475.39,5043890.548,63515106.93,2.36E-08,7.87E-09,4043.429221,796.6942565,3505.153406,2,4,1.57E-08,0.386112548,0.289584411,,9.55E-05,,9.55E-05,1.5,3,0.5,2,3032.571915,796.6942565,5268.449574,0.666666667,2,3,1,3,1
15425475.39,5043890.548,15428475.39,5043890.548,15428475.39,5040890.548,15425475.39,5040890.548,63515106.93,0,0,0,0,0,0,0,0,0,0,,0,,0,0,0,0,0,0,0,0,0,0,0,0,0,0
15425475.39,5040890.548,15428475.39,5040890.548,15428475.39,5037890.548,15425475.39,5037890.548,63515106.93,7.87E-09,7.87E-09,2161.003021,1080.501511,1080.501511,0,0,0,0.036762388,0.018381194,,1.70E-05,,1.70E-05,0.5,1,0.5,1,1080.501511,1080.501511,1080.501511,0,0,1,0,7.87E-09,31757553.47
15425475.39,5037890.548,15428475.39,5037890.548,15428475.39,5034890.548,15425475.39,5034890.548,63515106.93,7.87E-09,7.87E-09,5722.836886,2861.418443,2861.418443,0,0,0,0.257819467,0.128909733,,4.51E-05,,4.51E-05,0.5,1,0.5,1,2861.418443,2861.418443,2861.418443,0,0,1,0,7.87E-09,31757553.47
15425475.39,5034890.548,15428475.39,5034890.548,15428475.39,5031890.548,15425475.39,5031890.548,63515106.93,7.87E-09,7.87E-09,4661.964143,2330.982071,2330.982071,0,0,0,0.171092443,0.085546222,,3.67E-05,,3.67E-05,0.5,1,0.5,1,2330.982071,2330.982071,2330.982071,0,0,1,0,7.87E-09,31757553.47
15425475.39,5031890.548,15428475.39,5031890.548,15428475.39,5028890.548,15425475.39,5028890.548,63515106.93,0,0,0,0,0,0,0,0,0,0,,0,,0,0,0,0,0,0,0,0,0,0,0,0,0,0
15425475.39,5028890.548,15428475.39,5028890.548,15428475.39,5025890.548,15425475.39,5025890.548,63515106.93,2.36E-08,2.36E-08,5918.997639,278.6336685,6972.14836,0,0,0,0.827390555,0.413695278,,0.000139786,,0.000139786,1.5,3,1.5,3,2959.49882,278.6336685,6972.14836,0,0,1,0,2.36E-08,95272660.4
15425475.39,5025890.548,15428475.39,5025890.548,15428475.39,5022890.548,15425475.39,5022890.548,63515106.93,2.36E-08,2.36E-08,7383.181737,1018.686315,5701.536727,0,0,0,1.287363948,0.643681974,,0.000174364,,0.000174364,1.5,3,1.5,3,3691.590868,1018.686315,5701.536727,0,0,1,0,2.36E-08,95272660.4
15425475.39,5022890.548,15428475.39,5022890.548,15428475.39,5019890.548,15425475.39,5019890.548,63515106.93,2.36E-08,2.36E-08,6476.785567,3293.003692,6422.174659,0,0,0,0.990679697,0.743009773,,0.000152959,,0.000152959,1.5,2,1.5,2,4857.589175,3293.003692,6422.174659,0,0,1,0,2.36E-08,95272660.4
15425475.39,5019890.548,15428475.39,5019890.548,15428475.39,5016890.548,15425475.39,5016890.548,63515106.93,1.57E-08,1.57E-08,11704.66306,228.8485191,7338.598688,0,0,0,2.156953581,0.718984527,,0.000184282,,0.000184282,1,3,1,3,3901.554353,228.8485191,7338.598688,0,0,1,0,1.57E-08,63515106.93
15425475.39,5016890.548,15428475.39,5016890.548,15428475.39,5013890.548,15425475.39,5013890.548,63515106.93,1.57E-08,1.57E-08,13394.92426,579.6368801,9080.430404,0,0,0,2.824902682,0.941634227,,0.000210894,,0.000210894,1,3,1,3,4464.974753,579.6368801,9080.430404,0,0,1,0,1.57E-08,63515106.93
15425475.39,5013890.548,15428475.39,5013890.548,15428475.39,5010890.548,15425475.39,5010890.548,63515106.93,1.57E-08,1.57E-08,15960.31563,4589.607096,6240.418284,0,0,0,4.010568311,1.336856104,,0.000251284,,0.000251284,1,3,1,3,5320.105211,4589.607096,6240.418284,0,0,1,0,1.57E-08,63515106.93
15425475.39,5010890.548,15428475.39,5010890.548,15428475.39,5007890.548,15425475.39,5007890.548,63515106.93,7.87E-09,7.87E-09,11928.67266,1853.915276,4110.421057,0,0,0,1.120152657,0.280038164,,9.39E-05,,9.39E-05,0.5,2,0.5,2,2982.168166,1853.915276,4110.421057,0,0,1,0,7.87E-09,31757553.47
15425475.39,5007890.548,15428475.39,5007890.548,15428475.39,5004890.548,15425475.39,5004890.548,63515106.93,2.36E-08,2.36E-08,4048.751957,1917.789754,2103.701011,0,0,0,0.387129768,0.193564884,,9.56E-05,,9.56E-05,1.5,3,1.5,3,2024.375978,1917.789754,2103.701011,0,0,1,0,2.36E-08,95272660.4
15425475.39,5004890.548,15428475.39,5004890.548,15428475.39,5001890.548,15425475.39,5001890.548,63515106.93,2.36E-08,2.36E-08,4932.63394,367.1488914,4222.651217,0,0,0,0.574608438,0.287304219,,0.000116491,,0.000116491,1.5,3,1.5,3,2466.31697,367.1488914,4222.651217,0,0,1,0,2.36E-08,95272660.4
15425475.39,5001890.548,15428475.39,5001890.548,15428475.39,4998890.548,15425475.39,4998890.548,63515106.93,7.87E-09,7.87E-09,12585.31891,2000.523031,4292.136424,0,0,0,1.246870703,0.311717676,,9.91E-05,,9.91E-05,0.5,2,0.5,2,3146.329728,2000.523031,4292.136424,0,0,1,0,7.87E-09,31757553.47
15425475.39,4998890.548,15428475.39,4998890.548,15428475.39,4995890.548,15425475.39,4995890.548,63515106.93,7.87E-09,7.87E-09,10783.05355,1655.676814,3735.849959,0,0,0,0.915327466,0.228831867,,8.49E-05,,8.49E-05,0.5,2,0.5,2,2695.763387,1655.676814,3735.849959,0,0,1,0,7.87E-09,31757553.47
15425475.39,4995890.548,15428475.39,4995890.548,15428475.39,4992890.548,15425475.39,4992890.548,63515106.93,0,0,0,8594.455856,8594.455856,0,0,0,0,1.162946502,,0.000135314,,0.000135314,0,1,0,1,8594.455856,8594.455856,8594.455856,0,0,0,0,0,0
15425475.39,4992890.548,15428475.39,4992890.548,15428475.39,4989890.548,15425475.39,4989890.548,63515106.93,0,0,0,8443.118172,8443.118172,0,0,0,0,1.122351011,,0.000132931,,0.000132931,0,1,0,1,8443.118172,8443.118172,8443.118172,0,0,0,0,0,0
15425475.39,4989890.548,15428475.39,4989890.548,15428475.39,4986890.548,15425475.39,4986890.548,63515106.93,0,0,0,0,0,0,0,0,0,0,,0,,0,0,0,0,0,0,0,0,0,0,0,0,0,0
15425475.39,4986890.548,15428475.39,4986890.548,15428475.39,4983890.548,15425475.39,4983890.548,63515106.93,0,0,0,0,0,0,0,0,0,0,,0,,0,0,0,0,0,0,0,0,0,0,0,0,0,0
15425475.39,4983890.548,15428475.39,4983890.548,15428475.39,4980890.548,15425475.39,4980890.548,63515106.93,0,0,0,0,0,0,0,0,0,0,,0,,0,0,0,0,0,0,0,0,0,0,0,0,0,0
15425475.39,4980890.548,15428475.39,4980890.548,15428475.39,4977890.548,15425475.39,4977890.548,63515106.93,0,0,0,0,0,0,0,0,0,0,,0,,0,0,0,0,0,0,0,0,0,0,0,0,0,0
15425475.39,4977890.548,15428475.39,4977890.548,15428475.39,4974890.548,15425475.39,4974890.548,63515106.93,0,0,0,0,0,0,0,0,0,0,,0,,0,0,0,0,0,0,0,0,0,0,0,0,0,0
15425475.39,4974890.548,15428475.39,4974890.548,15428475.39,4971890.548,15425475.39,4971890.548,63515106.93,0,0,0,0,0,0,0,0,0,0,,0,,0,0,0,0,0,0,0,0,0,0,0,0,0,0
15425475.39,4971890.548,15428475.39,4971890.548,15428475.39,4968890.548,15425475.39,4968890.548,63515106.93,0,0,0,0,0,0,0,0,0,0,,0,,0,0,0,0,0,0,0,0,0,0,0,0,0,0
15425475.39,4968890.548,15428475.39,4968890.548,15428475.39,4965890.548,15425475.39,4965890.548,63515106.93,0,0,0,0,0,0,0,0,0,0,,0,,0,0,0,0,0,0,0,0,0,0,0,0,0,0
15425475.39,4965890.548,15428475.39,4965890.548,15428475.39,4962890.548,15425475.39,4962890.548,63515106.93,0,0,0,0,0,0,0,0,0,0,,0,,0,0,0,0,0,0,0,0,0,0,0,0,0,0
15425475.39,4962890.548,15428475.39,4962890.548,15428475.39,4959890.548,15425475.39,4959890.548,63515106.93,0,0,0,0,0,0,0,0,0,0,,0,,0,0,0,0,0,0,0,0,0,0,0,0,0,0
15425475.39,4959890.548,15428475.39,4959890.548,15428475.39,4956890.548,15425475.39,4956890.548,63515106.93,0,0,0,0,0,0,0,0,0,0,,0,,0,0,0,0,0,0,0,0,0,0,0,0,0,0
15425475.39,4956890.548,15428475.39,4956890.548,15428475.39,4953890.548,15425475.39,4953890.548,63515106.93,0,0,0,0,0,0,0,0,0,0,,0,,0,0,0,0,0,0,0,0,0,0,0,0,0,0
15425475.39,4953890.548,15428475.39,4953890.548,15428475.39,4950890.548,15425475.39,4950890.548,63515106.93,0,0,0,0,0,0,0,0,0,0,,0,,0,0,0,0,0,0,0,0,0,0,0,0,0,0
15425475.39,4950890.548,15428475.39,4950890.548,15428475.39,4947890.548,15425475.39,4947890.548,63515106.93,0,0,0,0,0,0,0,0,0,0,,0,,0,0,0,0,0,0,0,0,0,0,0,0,0,0
15425475.39,4947890.548,15428475.39,4947890.548,15428475.39,4944890.548,15425475.39,4944890.548,63515106.93,0,0,0,0,0,0,0,0,0,0,,0,,0,0,0,0,0,0,0,0,0,0,0,0,0,0
15425475.39,4944890.548,15428475.39,4944890.548,15428475.39,4941890.548,15425475.39,4941890.548,63515106.93,0,0,0,0,0,0,0,0,0,0,,0,,0,0,0,0,0,0,0,0,0,0,0,0,0,0
15428475.39,5121890.548,15431475.39,5121890.548,15431475.39,5118890.548,15428475.39,5118890.548,63515106.93,0,0,0,0,0,0,0,0,0,0,,0,,0,0,0,0,0,0,0,0,0,0,0,0,0,0
15428475.39,5118890.548,15431475.39,5118890.548,15431475.39,5115890.548,15428475.39,5115890.548,63515106.93,0,0,0,0,0,0,0,0,0,0,,0,,0,0,0,0,0,0,0,0,0,0,0,0,0,0
15428475.39,5115890.548,15431475.39,5115890.548,15431475.39,5112890.548,15428475.39,5112890.548,63515106.93,0,0,0,0,0,0,0,0,0,0,,0,,0,0,0,0,0,0,0,0,0,0,0,0,0,0
15428475.39,5112890.548,15431475.39,5112890.548,15431475.39,5109890.548,15428475.39,5109890.548,63515106.93,0,0,0,8208.633009,8208.633009,0,0,0,0,1.060876052,,0.000129239,,0.000129239,0,1,0,1,8208.633009,8208.633009,8208.633009,0,0,0,0,0,0
15428475.39,5109890.548,15431475.39,5109890.548,15431475.39,5106890.548,15428475.39,5106890.548,63515106.93,0,0,0,8773.738391,8773.738391,0,0,0,0,1.211971278,,0.000138136,,0.000138136,0,1,0,1,8773.738391,8773.738391,8773.738391,0,0,0,0,0,0
15428475.39,5106890.548,15431475.39,5106890.548,15431475.39,5103890.548,15428475.39,5103890.548,63515106.93,0,0,0,5006.606353,5006.606353,0,0,0,0,0.394647957,,7.88E-05,,7.88E-05,0,1,0,1,5006.606353,5006.606353,5006.606353,0,0,0,0,0,0
15428475.39,5103890.548,15431475.39,5103890.548,15431475.39,5100890.548,15428475.39,5100890.548,63515106.93,3.15E-08,3.15E-08,3496.967528,1182.241281,2306.302494,0,0,0,0.385066876,0.192533438,,0.000110115,,0.000110115,2,4,2,4,1748.483764,1182.241281,2306.302494,0,0,1,0,3.15E-08,127030213.9
15428475.39,5100890.548,15431475.39,5100890.548,15431475.39,5097890.548,15428475.39,5097890.548,63515106.93,3.94E-08,3.94E-08,7712.990158,2368.44062,5898.743791,0,0,0,2.341577463,1.170788732,,0.000303589,,0.000303589,2.5,5,2.5,5,3856.495079,2368.44062,5898.743791,0,0,1,0,3.94E-08,158787767.3
15428475.39,5097890.548,15431475.39,5097890.548,15431475.39,5094890.548,15428475.39,5094890.548,63515106.93,3.94E-08,3.94E-08,10342.04349,3706.191953,6026.510728,0,0,0,4.209937945,2.104968973,,0.00040707,,0.00040707,2.5,5,2.5,5,5171.021744,3706.191953,6026.510728,0,0,1,0,3.94E-08,158787767.3
15428475.39,5094890.548,15431475.39,5094890.548,15431475.39,5091890.548,15428475.39,5091890.548,63515106.93,2.36E-08,2.36E-08,13567.03757,2756.786022,8513.583165,0,0,0,4.346946355,1.630104883,,0.000320405,,0.000320405,1.5,4,1.5,4,5087.639088,2756.786022,8513.583165,0,0,1,0,2.36E-08,95272660.4
15428475.39,5091890.548,15431475.39,5091890.548,15431475.39,5088890.548,15428475.39,5088890.548,63515106.93,1.57E-08,1.57E-08,16240.42637,290.9285912,6776.74658,0,0,0,4.152578205,1.038144551,,0.000255694,,0.000255694,1,4,1,4,4060.106593,290.9285912,6776.74658,0,0,1,0,1.57E-08,63515106.93
15428475.39,5088890.548,15431475.39,5088890.548,15431475.39,5085890.548,15428475.39,5085890.548,63515106.93,7.87E-09,7.87E-09,31018.03693,387.4667505,8911.814392,0,0,0,7.573935254,0.946741907,,0.000244178,,0.000244178,0.5,4,0.5,4,3877.254616,387.4667505,8911.814392,0,0,1,0,7.87E-09,31757553.47
15428475.39,5085890.548,15431475.39,5085890.548,15431475.39,5082890.548,15428475.39,5082890.548,63515106.93,0,0,0,8049.858673,8343.442566,0,0,0,0,2.115562254,,0.000258101,,0.000258101,0,2,0,2,8196.650619,8049.858673,8343.442566,0,0,0,0,0,0
15428475.39,5082890.548,15431475.39,5082890.548,15431475.39,5079890.548,15428475.39,5079890.548,63515106.93,0,0,0,8922.888323,8922.888323,0,0,0,0,1.253527544,,0.000140485,,0.000140485,0,1,0,1,8922.888323,8922.888323,8922.888323,0,0,0,0,0,0
15428475.39,5079890.548,15431475.39,5079890.548,15431475.39,5076890.548,15428475.39,5076890.548,63515106.93,7.87E-09,7.87E-09,14464.61839,497.3197284,6734.989466,0,0,0,1.647050562,0.41176264,,0.000113868,,0.000113868,0.5,2,0.5,2,3616.154597,497.3197284,6734.989466,0,0,1,0,7.87E-09,31757553.47
15428475.39,5076890.548,15431475.39,5076890.548,15431475.39,5073890.548,15428475.39,5073890.548,63515106.93,2.36E-08,2.36E-08,3712.230246,780.703532,2737.103146,0,0,0,0.32544982,0.16272491,,8.77E-05,,8.77E-05,1.5,3,1.5,3,1856.115123,780.703532,2737.103146,0,0,1,0,2.36E-08,95272660.4
15428475.39,5073890.548,15431475.39,5073890.548,15431475.39,5070890.548,15428475.39,5070890.548,63515106.93,5.51E-08,5.51E-08,4569.757052,202.4023374,4205.114836,0,0,0,1.150740065,0.671265038,,0.000251816,,0.000251816,3.5,6,3.5,6,2665.691613,202.4023374,4205.114836,0,0,1,0,5.51E-08,222302874.3
15428475.39,5070890.548,15431475.39,5070890.548,15431475.39,5067890.548,15428475.39,5067890.548,63515106.93,7.08E-08,7.08E-08,3772.849792,2251.61331,4920.755572,0,0,0,1.008496767,0.90764709,,0.000267304,,0.000267304,4.5,5,4.5,5,3395.564813,2251.61331,4920.755572,0,0,1,0,7.08E-08,285817981.2
15428475.39,5067890.548,15431475.39,5067890.548,15431475.39,5064890.548,15428475.39,5064890.548,63515106.93,5.51E-08,5.51E-08,5775.970139,300.2753025,7512.44065,0,0,0,1.838403717,1.072402168,,0.000318285,,0.000318285,3.5,6,3.5,6,3369.315915,300.2753025,7512.44065,0,0,1,0,5.51E-08,222302874.3
15428475.39,5064890.548,15431475.39,5064890.548,15431475.39,5061890.548,15428475.39,5061890.548,63515106.93,2.36E-08,2.36E-08,16104.15723,11.11263811,8944.699583,0,0,0,6.124776275,1.531194069,,0.000380323,,0.000380323,1.5,6,1.5,6,4026.039307,11.11263811,8944.699583,0,0,1,0,2.36E-08,95272660.4
15428475.39,5061890.548,15431475.39,5061890.548,15431475.39,5058890.548,15428475.39,5058890.548,63515106.93,7.87E-08,1.57E-08,7572.795302,473.4142428,8047.044431,1.6,4,3.15E-08,4.514455809,3.224611292,,0.000596141,,0.000596141,5,9,1,7,5409.139502,862.7545098,8520.458674,0.4,2,9,3.15E-08,8.000000016,63515106.93
15428475.39,5058890.548,15431475.39,5058890.548,15431475.39,5055890.548,15428475.39,5055890.548,63515106.93,5.51E-08,2.36E-08,11069.92721,1588.360417,8018.339102,1.142857143,1.333333333,1.57E-08,6.752747971,3.376373986,,0.000610008,,0.000610008,3.5,8,1.5,7,5534.963605,1588.360417,8663.852206,0.285714286,0.666666667,5,1.57E-08,4.000000024,95272660.4
15428475.39,5055890.548,15431475.39,5055890.548,15431475.39,5052890.548,15428475.39,5052890.548,63515106.93,7.87E-09,7.87E-09,39222.26087,2221.327289,8755.92963,0,0,0,12.11039249,1.513799061,,0.000308763,,0.000308763,0.5,4,0.5,4,4902.782609,2221.327289,8755.92963,0,0,1,0,7.87E-09,31757553.47
15428475.39,5052890.548,15431475.39,5052890.548,15431475.39,5049890.548,15428475.39,5049890.548,63515106.93,1.57E-08,1.57E-08,12849.94994,696.6820828,8225.989092,0,0,0,2.599715588,0.866571863,,0.000202313,,0.000202313,1,3,1,3,4283.316648,696.6820622,8225.989092,0,0,1,0,1.57E-08,63515106.93
15428475.39,5049890.548,15431475.39,5049890.548,15431475.39,5046890.548,15428475.39,5046890.548,63515106.93,7.87E-09,7.87E-09,2363.447667,1181.723963,1181.723963,0,0,0,0.043972884,0.021986442,,1.86E-05,,1.86E-05,0.5,1,0.5,1,1181.723834,1181.723834,1181.723834,0,0,1,0,7.87E-09,31757553.47
15428475.39,5046890.548,15431475.39,5046890.548,15431475.39,5043890.548,15428475.39,5043890.548,63515106.93,0,0,0,0,0,0,0,0,0,0,,0,,0,0,0,0,0,0,0,0,0,0,0,0,0,0
15428475.39,5043890.548,15431475.39,5043890.548,15431475.39,5040890.548,15428475.39,5040890.548,63515106.93,0,0,0,0,0,0,0,0,0,0,,0,,0,0,0,0,0,0,0,0,0,0,0,0,0,0
15428475.39,5040890.548,15431475.39,5040890.548,15431475.39,5037890.548,15428475.39,5037890.548,63515106.93,0,0,0,0,0,0,0,0,0,0,,0,,0,0,0,0,0,0,0,0,0,0,0,0,0,0
15428475.39,5037890.548,15431475.39,5037890.548,15431475.39,5034890.548,15428475.39,5034890.548,63515106.93,0,0,0,0,0,0,0,0,0,0,,0,,0,0,0,0,0,0,0,0,0,0,0,0,0,0
15428475.39,5034890.548,15431475.39,5034890.548,15431475.39,5031890.548,15428475.39,5031890.548,63515106.93,0,0,0,0,0,0,0,0,0,0,,0,,0,0,0,0,0,0,0,0,0,0,0,0,0,0
15428475.39,5031890.548,15431475.39,5031890.548,15431475.39,5028890.548,15428475.39,5028890.548,63515106.93,0,0,0,7072.817939,7072.817939,0,0,0,0,0.787604021,,0.000111356,,0.000111356,0,1,0,1,7072.817939,7072.817939,7072.817939,0,0,0,0,0,0
15428475.39,5028890.548,15431475.39,5028890.548,15431475.39,5025890.548,15428475.39,5025890.548,63515106.93,0,0,0,8904.870426,8904.870426,0,0,0,0,1.248470185,,0.000140201,,0.000140201,0,1,0,1,8904.870426,8904.870426,8904.870426,0,0,0,0,0,0
15428475.39,5025890.548,15431475.39,5025890.548,15431475.39,5022890.548,15428475.39,5022890.548,63515106.93,1.57E-08,1.57E-08,8955.635466,1383.852775,7571.782692,0,0,0,1.262745361,0.63137268,,0.000141,,0.000141,1,2,1,2,4477.817733,1383.852775,7571.782692,0,0,1,0,1.57E-08,63515106.93
15428475.39,5022890.548,15431475.39,5022890.548,15431475.39,5019890.548,15428475.39,5019890.548,63515106.93,7.87E-09,7.87E-09,18242.60883,3671.139916,5450.164497,0,0,0,2.619792305,0.654948076,,0.000143608,,0.000143608,0.5,2,0.5,2,4560.652207,3671.139916,5450.164497,0,0,1,0,7.87E-09,31757553.47
15428475.39,5019890.548,15431475.39,5019890.548,15431475.39,5016890.548,15428475.39,5016890.548,63515106.93,7.87E-09,7.87E-09,23515.63248,5700.054483,6057.761785,0,0,0,4.353176728,1.088294182,,0.000185118,,0.000185118,0.5,2,0.5,2,5878.908119,5700.054483,6057.761755,0,0,1,0,7.87E-09,31757553.47
15428475.39,5016890.548,15431475.39,5016890.548,15431475.39,5013890.548,15428475.39,5013890.548,63515106.93,3.94E-08,2.36E-08,6897.228009,1065.902858,7438.342887,1.2,1.333333333,1.57E-08,1.872458243,1.170286402,,0.00027148,,0.00027148,2.5,5,1.5,4,4310.767506,1065.902858,8954.60769,0.4,0.666666667,3.666666667,1,3.000000016,63515107.93
15428475.39,5013890.548,15431475.39,5013890.548,15431475.39,5010890.548,15428475.39,5010890.548,63515106.93,4.72E-08,3.15E-08,5547.401359,813.3201377,6919.930352,1,1,1.57E-08,1.453527987,1.09014599,,0.00026202,,0.00026202,3,5,2,4,4160.551019,813.3201377,7644.947327,0.333333333,0.5,3.75,1,3.000000024,95272661.4
15428475.39,5010890.548,15431475.39,5010890.548,15431475.39,5007890.548,15428475.39,5007890.548,63515106.93,1.57E-08,1.57E-08,6544.577996,333.1133023,6211.464693,0,0,0,0.674351398,0.337175699,,0.00010304,,0.00010304,1,2,1,2,3272.288998,333.1133023,6211.464693,0,0,1,0,1.57E-08,63515106.93
15428475.39,5007890.548,15431475.39,5007890.548,15431475.39,5004890.548,15428475.39,5004890.548,63515106.93,1.57E-08,1.57E-08,7179.493099,3086.493381,4092.999718,0,0,0,0.811541122,0.405770561,,0.000113036,,0.000113036,1,2,1,2,3589.746549,3086.493381,4092.999718,0,0,1,0,1.57E-08,63515106.93
15428475.39,5004890.548,15431475.39,5004890.548,15431475.39,5001890.548,15428475.39,5001890.548,63515106.93,1.57E-08,1.57E-08,8196.029274,2193.572069,6002.457205,0,0,0,1.057620763,0.528810382,,0.000129041,,0.000129041,1,2,1,2,4098.014637,2193.572069,6002.457205,0,0,1,0,1.57E-08,63515106.93
15428475.39,5001890.548,15431475.39,5001890.548,15431475.39,4998890.548,15428475.39,4998890.548,63515106.93,1.57E-08,1.57E-08,11807.52838,1224.998803,5782.691542,0,0,0,2.195032538,0.731677513,,0.000185901,,0.000185901,1,3,1,3,3935.842793,1224.998803,5782.691542,0,0,1,0,1.57E-08,63515106.93
15428475.39,4998890.548,15431475.39,4998890.548,15431475.39,4995890.548,15428475.39,4995890.548,63515106.93,1.57E-08,1.57E-08,10700.02623,529.6086899,5281.778633,0,0,0,1.802572127,0.600857376,,0.000168464,,0.000168464,1,3,1,3,3566.675411,529.6086899,5281.778633,0,0,1,0,1.57E-08,63515106.93
15428475.39,4995890.548,15431475.39,4995890.548,15431475.39,4992890.548,15428475.39,4992890.548,63515106.93,0,0,0,8796.537024,8796.537024,0,0,0,0,1.218278097,,0.000138495,,0.000138495,0,1,0,1,8796.537024,8796.537024,8796.537024,0,0,0,0,0,0
15428475.39,4992890.548,15431475.39,4992890.548,15431475.39,4989890.548,15428475.39,4989890.548,63515106.93,0,0,0,8157.732764,8157.732764,0,0,0,0,1.047760243,,0.000128438,,0.000128438,0,1,0,1,8157.732764,8157.732764,8157.732764,0,0,0,0,0,0
15428475.39,4989890.548,15431475.39,4989890.548,15431475.39,4986890.548,15428475.39,4986890.548,63515106.93,0,0,0,0,0,0,0,0,0,0,,0,,0,0,0,0,0,0,0,0,0,0,0,0,0,0
15428475.39,4986890.548,15431475.39,4986890.548,15431475.39,4983890.548,15428475.39,4983890.548,63515106.93,0,0,0,0,0,0,0,0,0,0,,0,,0,0,0,0,0,0,0,0,0,0,0,0,0,0
15428475.39,4983890.548,15431475.39,4983890.548,15431475.39,4980890.548,15428475.39,4980890.548,63515106.93,0,0,0,0,0,0,0,0,0,0,,0,,0,0,0,0,0,0,0,0,0,0,0,0,0,0
15428475.39,4980890.548,15431475.39,4980890.548,15431475.39,4977890.548,15428475.39,4977890.548,63515106.93,0,0,0,0,0,0,0,0,0,0,,0,,0,0,0,0,0,0,0,0,0,0,0,0,0,0
15428475.39,4977890.548,15431475.39,4977890.548,15431475.39,4974890.548,15428475.39,4974890.548,63515106.93,0,0,0,0,0,0,0,0,0,0,,0,,0,0,0,0,0,0,0,0,0,0,0,0,0,0
15428475.39,4974890.548,15431475.39,4974890.548,15431475.39,4971890.548,15428475.39,4971890.548,63515106.93,0,0,0,0,0,0,0,0,0,0,,0,,0,0,0,0,0,0,0,0,0,0,0,0,0,0
15428475.39,4971890.548,15431475.39,4971890.548,15431475.39,4968890.548,15428475.39,4968890.548,63515106.93,0,0,0,0,0,0,0,0,0,0,,0,,0,0,0,0,0,0,0,0,0,0,0,0,0,0
15428475.39,4968890.548,15431475.39,4968890.548,15431475.39,4965890.548,15428475.39,4965890.548,63515106.93,0,0,0,0,0,0,0,0,0,0,,0,,0,0,0,0,0,0,0,0,0,0,0,0,0,0
15428475.39,4965890.548,15431475.39,4965890.548,15431475.39,4962890.548,15428475.39,4962890.548,63515106.93,0,0,0,0,0,0,0,0,0,0,,0,,0,0,0,0,0,0,0,0,0,0,0,0,0,0
15428475.39,4962890.548,15431475.39,4962890.548,15431475.39,4959890.548,15428475.39,4959890.548,63515106.93,0,0,0,0,0,0,0,0,0,0,,0,,0,0,0,0,0,0,0,0,0,0,0,0,0,0
15428475.39,4959890.548,15431475.39,4959890.548,15431475.39,4956890.548,15428475.39,4956890.548,63515106.93,0,0,0,0,0,0,0,0,0,0,,0,,0,0,0,0,0,0,0,0,0,0,0,0,0,0
15428475.39,4956890.548,15431475.39,4956890.548,15431475.39,4953890.548,15428475.39,4953890.548,63515106.93,0,0,0,0,0,0,0,0,0,0,,0,,0,0,0,0,0,0,0,0,0,0,0,0,0,0
15428475.39,4953890.548,15431475.39,4953890.548,15431475.39,4950890.548,15428475.39,4950890.548,63515106.93,0,0,0,0,0,0,0,0,0,0,,0,,0,0,0,0,0,0,0,0,0,0,0,0,0,0
15428475.39,4950890.548,15431475.39,4950890.548,15431475.39,4947890.548,15428475.39,4947890.548,63515106.93,0,0,0,0,0,0,0,0,0,0,,0,,0,0,0,0,0,0,0,0,0,0,0,0,0,0
15428475.39,4947890.548,15431475.39,4947890.548,15431475.39,4944890.548,15428475.39,4944890.548,63515106.93,7.87E-09,7.87E-09,1748.939765,874.4698824,874.4698824,0,0,0,0.024079234,0.012039617,,1.38E-05,,1.38E-05,0.5,1,0.5,1,874.4698824,874.4698824,874.4698824,0,0,1,0,7.87E-09,31757553.47
15428475.39,4944890.548,15431475.39,4944890.548,15431475.39,4941890.548,15428475.39,4941890.548,63515106.93,0,0,0,0,0,0,0,0,0,0,,0,,0,0,0,0,0,0,0,0,0,0,0,0,0,0
15431475.39,5121890.548,15434475.39,5121890.548,15434475.39,5118890.548,15431475.39,5118890.548,63515106.93,0,0,0,0,0,0,0,0,0,0,,0,,0,0,0,0,0,0,0,0,0,0,0,0,0,0
15431475.39,5118890.548,15434475.39,5118890.548,15434475.39,5115890.548,15431475.39,5115890.548,63515106.93,0,0,0,0,0,0,0,0,0,0,,0,,0,0,0,0,0,0,0,0,0,0,0,0,0,0
15431475.39,5115890.548,15434475.39,5115890.548,15434475.39,5112890.548,15431475.39,5112890.548,63515106.93,0,0,0,5297.540611,5297.540611,0,0,0,0,0.441846639,,8.34E-05,,8.34E-05,0,1,0,1,5297.540611,5297.540611,5297.540611,0,0,0,0,0,0
15431475.39,5112890.548,15434475.39,5112890.548,15434475.39,5109890.548,15431475.39,5109890.548,63515106.93,0,0,0,8808.800703,8808.800703,0,0,0,0,1.221677386,,0.000138688,,0.000138688,0,1,0,1,8808.800703,8808.800703,8808.800703,0,0,0,0,0,0
15431475.39,5109890.548,15434475.39,5109890.548,15434475.39,5106890.548,15431475.39,5106890.548,63515106.93,0,0,0,8112.003882,8112.003882,0,0,0,0,1.036046543,,0.000127718,,0.000127718,0,1,0,1,8112.003882,8112.003882,8112.003882,0,0,0,0,0,0
15431475.39,5106890.548,15434475.39,5106890.548,15434475.39,5103890.548,15431475.39,5103890.548,63515106.93,2.36E-08,2.36E-08,3656.096968,1293.126898,2274.893593,0,0,0,0.315681867,0.157840934,,8.63E-05,,8.63E-05,1.5,3,1.5,3,1828.048484,1293.126898,2274.893593,0,0,1,0,2.36E-08,95272660.4
15431475.39,5103890.548,15434475.39,5103890.548,15434475.39,5100890.548,15431475.39,5100890.548,63515106.93,3.94E-08,3.94E-08,5270.443011,380.5230086,4622.246596,0,0,0,1.093344988,0.546672494,,0.000207448,,0.000207448,2.5,5,2.5,5,2635.221505,380.5230086,4622.246596,0,0,1,0,3.94E-08,158787767.3
15431475.39,5100890.548,15434475.39,5100890.548,15434475.39,5097890.548,15431475.39,5097890.548,63515106.93,3.15E-08,3.15E-08,12283.21391,2449.506198,6998.11499,0,0,0,4.750912068,1.900364827,,0.000386781,,0.000386781,2,5,2,5,4913.285565,2449.506198,6998.11499,0,0,1,0,3.15E-08,127030213.9
15431475.39,5097890.548,15434475.39,5097890.548,15434475.39,5094890.548,15431475.39,5094890.548,63515106.93,3.15E-08,3.15E-08,14087.65886,3142.166271,8428.479202,0,0,0,6.249289081,2.499715632,,0.0004436,,0.0004436,2,5,2,5,5635.063543,3142.166271,8428.479202,0,0,1,0,3.15E-08,127030213.9
15431475.39,5094890.548,15434475.39,5094890.548,15434475.39,5091890.548,15431475.39,5091890.548,63515106.93,1.57E-08,1.57E-08,20725.5732,895.0770273,9084.746951,0,0,0,6.762948301,1.35258966,,0.000326309,,0.000326309,1,5,1,5,4145.11464,895.0770273,9084.746951,0,0,1,0,1.57E-08,63515106.93
15431475.39,5091890.548,15434475.39,5091890.548,15434475.39,5088890.548,15431475.39,5088890.548,63515106.93,0,0,0,9043.509881,9043.509881,0,0,0,0,1.287647536,,0.000142384,,0.000142384,0,1,0,1,9043.509881,9043.509881,9043.509881,0,0,0,0,0,0
15431475.39,5088890.548,15434475.39,5088890.548,15434475.39,5085890.548,15431475.39,5085890.548,63515106.93,0,0,0,7519.3658,7998.263948,0,0,0,0,1.895587086,,0.000244314,,0.000244314,0,2,0,2,7758.814874,7519.3658,7998.263948,0,0,0,0,0,0
15431475.39,5085890.548,15434475.39,5085890.548,15434475.39,5082890.548,15431475.39,5082890.548,63515106.93,0,0,0,515.6126881,8903.50664,0,0,0,0,1.200899345,,0.000238164,,0.000238164,0,3,0,3,5042.329167,515.6126881,8903.50664,0,0,0,0,0,0
15431475.39,5082890.548,15434475.39,5082890.548,15434475.39,5079890.548,15431475.39,5079890.548,63515106.93,4.72E-08,1.57E-08,5519.366472,0.011380595,8078.582591,1.333333333,2,1.57E-08,1.438873729,1.079155297,,0.000260695,,0.000260695,3,6,1,4,4139.524854,888.7751376,8611.91867,0.333333333,1,5,1.57E-08,4.000000016,63515106.93
15431475.39,5079890.548,15434475.39,5079890.548,15434475.39,5076890.548,15431475.39,5076890.548,63515106.93,7.08E-08,3.94E-08,2787.51696,0.011380595,6148.937428,0.888888889,0.8,1.57E-08,0.550516724,0.495465052,,0.000197494,,0.000197494,4.5,7,2.5,5,2508.765264,779.7959621,6921.900584,0.222222222,0.4,5,1.57E-08,4.000000039,158787767.3
15431475.39,5076890.548,15434475.39,5076890.548,15434475.39,5073890.548,15431475.39,5073890.548,63515106.93,1.02E-07,7.08E-08,2557.907095,0.011380595,5814.079534,0.615384615,0.444444444,1.57E-08,0.669585216,0.483589323,,0.000261771,,0.000261771,6.5,11,4.5,9,1847.377347,233.2898266,5814.079534,0.153846154,0.222222222,5,1.57E-08,4.000000071,285817981.2
15431475.39,5073890.548,15434475.39,5073890.548,15434475.39,5070890.548,15431475.39,5070890.548,63515106.93,7.08E-08,7.08E-08,4116.886172,47.46689044,5592.175884,0,0,0,1.200806967,0.771947336,,0.000291678,,0.000291678,4.5,7,4.5,7,2646.569682,47.46689044,5592.175884,0,0,1,0,7.08E-08,285817981.2
15431475.39,5070890.548,15434475.39,5070890.548,15434475.39,5067890.548,15431475.39,5067890.548,63515106.93,8.66E-08,8.66E-08,4566.334677,753.8937962,4920.755572,0,0,0,1.805598284,1.24134882,,0.000395415,,0.000395415,5.5,8,5.5,8,3139.35509,753.8937962,4920.755572,0,0,1,0,8.66E-08,349333088.1
15431475.39,5067890.548,15434475.39,5067890.548,15434475.39,5064890.548,15431475.39,5064890.548,63515106.93,1.10E-07,7.87E-08,4070.371739,167.73577,6799.437204,0.571428571,0.4,1.57E-08,1.825951152,1.278165806,,0.000448596,,0.000448596,7,12,5,10,2849.260217,167.73577,6799.437204,0.142857143,0.2,5,1.57E-08,4.000000079,317575534.7
15431475.39,5064890.548,15434475.39,5064890.548,15434475.39,5061890.548,15431475.39,5061890.548,63515106.93,8.66E-08,2.36E-08,5172.023453,648.2786427,8996.508221,1.454545455,2.666666667,3.15E-08,2.316363042,1.819999533,,0.000447864,,0.000447864,5.5,10,1.5,7,4063.732713,767.6769183,8996.508221,0.363636364,1.333333333,9,3.15E-08,8.000000024,95272660.4
15431475.39,5061890.548,15434475.39,5061890.548,15434475.39,5058890.548,15431475.39,5058890.548,63515106.93,1.02E-07,3.94E-08,6195.893862,558.2058202,8524.304784,1.230769231,1.6,3.15E-08,3.928658345,2.83736436,,0.000634075,,0.000634075,6.5,11,2.5,9,4474.812234,558.2058202,8867.555965,0.307692308,0.8,9,3.15E-08,8.000000039,158787767.3
15431475.39,5058890.548,15434475.39,5058890.548,15434475.39,5055890.548,15431475.39,5055890.548,63515106.93,5.51E-08,2.36E-08,7814.437744,663.0475178,8472.891099,1.142857143,1.333333333,1.57E-08,3.365010951,1.682505476,,0.000430615,,0.000430615,3.5,8,1.5,7,3907.218872,663.0475178,8472.891099,0.285714286,0.666666667,5,1.57E-08,4.000000024,95272660.4
15431475.39,5055890.548,15434475.39,5055890.548,15434475.39,5052890.548,15431475.39,5052890.548,63515106.93,5.51E-08,2.36E-08,5664.390727,1588.360417,8177.679315,1.142857143,1.333333333,1.57E-08,1.768061702,1.031369326,,0.000312136,,0.000312136,3.5,7,1.5,6,3304.227924,1588.360417,8177.679315,0.285714286,0.666666667,5,1.57E-08,4.000000024,95272660.4
15431475.39,5052890.548,15434475.39,5052890.548,15434475.39,5049890.548,15431475.39,5049890.548,63515106.93,7.87E-09,7.87E-09,19748.10208,1032.364804,8841.686235,0,0,0,3.070037622,0.767509405,,0.00015546,,0.00015546,0.5,2,0.5,2,4937.02552,1032.364804,8841.686235,0,0,1,0,7.87E-09,31757553.47
15431475.39,5049890.548,15434475.39,5049890.548,15434475.39,5046890.548,15431475.39,5046890.548,63515106.93,0,0,0,4341.309082,4341.309082,0,0,0,0,0.296731997,,6.84E-05,,6.84E-05,0,1,0,1,4341.309082,4341.309082,4341.309082,0,0,0,0,0,0
15431475.39,5046890.548,15434475.39,5046890.548,15434475.39,5043890.548,15431475.39,5043890.548,63515106.93,0,0,0,0,0,0,0,0,0,0,,0,,0,0,0,0,0,0,0,0,0,0,0,0,0,0
15431475.39,5043890.548,15434475.39,5043890.548,15434475.39,5040890.548,15431475.39,5040890.548,63515106.93,0,0,0,0,0,0,0,0,0,0,,0,,0,0,0,0,0,0,0,0,0,0,0,0,0,0
15431475.39,5040890.548,15434475.39,5040890.548,15434475.39,5037890.548,15431475.39,5037890.548,63515106.93,0,0,0,0,0,0,0,0,0,0,,0,,0,0,0,0,0,0,0,0,0,0,0,0,0,0
15431475.39,5037890.548,15434475.39,5037890.548,15434475.39,5034890.548,15431475.39,5034890.548,63515106.93,0,0,0,0,0,0,0,0,0,0,,0,,0,0,0,0,0,0,0,0,0,0,0,0,0,0
15431475.39,5034890.548,15434475.39,5034890.548,15434475.39,5031890.548,15431475.39,5031890.548,63515106.93,7.87E-09,7.87E-09,7906.666588,3953.333294,3953.333294,0,0,0,0.492129979,0.24606499,,6.22E-05,,6.22E-05,0.5,1,0.5,1,3953.333294,3953.333294,3953.333294,0,0,1,0,7.87E-09,31757553.47
15431475.39,5031890.548,15434475.39,5031890.548,15434475.39,5028890.548,15431475.39,5028890.548,63515106.93,7.87E-09,7.87E-09,13962.86363,6981.431815,6981.431815,0,0,0,1.534765272,0.767382636,,0.000109918,,0.000109918,0.5,1,0.5,1,6981.431815,6981.431815,6981.431815,0,0,1,0,7.87E-09,31757553.47
15431475.39,5028890.548,15434475.39,5028890.548,15434475.39,5025890.548,15431475.39,5025890.548,63515106.93,0,0,0,5610.394804,8551.030648,0,0,0,0,1.578726546,,0.000222962,,0.000222962,0,2,0,2,7080.712726,5610.394804,8551.030648,0,0,0,0,0,0
15431475.39,5025890.548,15434475.39,5025890.548,15434475.39,5022890.548,15431475.39,5022890.548,63515106.93,0,0,0,5102.398093,7869.016484,0,0,0,0,1.324547846,,0.000204226,,0.000204226,0,2,0,2,6485.707288,5102.398093,7869.016484,0,0,0,0,0,0
15431475.39,5022890.548,15434475.39,5022890.548,15434475.39,5019890.548,15431475.39,5019890.548,63515106.93,0,0,0,8808.289834,8808.289834,0,0,0,0,1.221535687,,0.00013868,,0.00013868,0,1,0,1,8808.289834,8808.289834,8808.289834,0,0,0,0,0,0
15431475.39,5019890.548,15434475.39,5019890.548,15434475.39,5016890.548,15431475.39,5016890.548,63515106.93,1.57E-08,1.57E-08,10805.19729,775.3362482,7506.971014,0,0,0,1.838181406,0.612727135,,0.00017012,,0.00017012,1,3,1,3,3601.732431,775.3362482,7506.971014,0,0,1,0,1.57E-08,63515106.93
15431475.39,5016890.548,15434475.39,5016890.548,15434475.39,5013890.548,15431475.39,5013890.548,63515106.93,3.15E-08,1.57E-08,8081.397124,3026.47161,4485.238896,1.5,2,1.57E-08,2.056486484,1.37099099,,0.000254472,,0.000254472,2,4,1,3,5387.598083,3026.47161,8651.083742,0.5,1,3.5,1,3.000000008,31757554.47
15431475.39,5013890.548,15434475.39,5013890.548,15434475.39,5010890.548,15431475.39,5010890.548,63515106.93,3.94E-08,2.36E-08,5873.469368,1227.069988,5243.20687,1.2,1.333333333,1.57E-08,1.357851859,1.131543216,,0.000231184,,0.000231184,2.5,4,1.5,3,4894.557806,1227.069988,8213.396561,0.4,0.666666667,3.666666667,1,3.000000016,63515107.93
15431475.39,5010890.548,15434475.39,5010890.548,15434475.39,5007890.548,15431475.39,5007890.548,63515106.93,0,0,0,3301.728713,6249.578716,0,0,0,0,0.718155745,,0.000150379,,0.000150379,0,2,0,2,4775.653827,3301.728939,6249.578716,0,0,0,0,0,0
15431475.39,5007890.548,15434475.39,5007890.548,15434475.39,5004890.548,15431475.39,5004890.548,63515106.93,1.57E-08,1.57E-08,9196.353394,3742.059309,5454.294085,0,0,0,1.331540162,0.665770081,,0.00014479,,0.00014479,1,2,1,2,4598.176697,3742.059309,5454.294085,0,0,1,0,1.57E-08,63515106.93
15431475.39,5004890.548,15434475.39,5004890.548,15434475.39,5001890.548,15431475.39,5001890.548,63515106.93,3.15E-08,3.15E-08,6976.662058,1255.868897,8359.287847,0,0,0,1.532668866,0.766334433,,0.000219685,,0.000219685,2,4,2,4,3488.331029,1255.868897,8359.287847,0,0,1,0,3.15E-08,127030213.9
15431475.39,5001890.548,15434475.39,5001890.548,15434475.39,4998890.548,15431475.39,4998890.548,63515106.93,3.15E-08,3.15E-08,9167.449752,57.78628285,7370.059298,0,0,0,2.646366794,1.323183397,,0.00028867,,0.00028867,2,4,2,4,4583.724876,57.78628285,7370.059298,0,0,1,0,3.15E-08,127030213.9
15431475.39,4998890.548,15434475.39,4998890.548,15434475.39,4995890.548,15431475.39,4995890.548,63515106.93,1.57E-08,1.57E-08,19533.3978,2408.866082,8491.096946,0,0,0,6.007289413,1.501822353,,0.000307539,,0.000307539,1,4,1,4,4883.349449,2408.866082,8491.096946,0,0,1,0,1.57E-08,63515106.93
15431475.39,4995890.548,15434475.39,4995890.548,15434475.39,4992890.548,15431475.39,4992890.548,63515106.93,0,0,0,4045.496795,8792.238285,0,0,0,0,1.297387739,,0.000202121,,0.000202121,0,2,0,2,6418.86754,4045.496795,8792.238285,0,0,0,0,0,0
15431475.39,4992890.548,15434475.39,4992890.548,15434475.39,4989890.548,15431475.39,4989890.548,63515106.93,0,0,0,8164.30813,8164.30813,0,0,0,0,1.049449973,,0.000128541,,0.000128541,0,1,0,1,8164.30813,8164.30813,8164.30813,0,0,0,0,0,0
15431475.39,4989890.548,15434475.39,4989890.548,15434475.39,4986890.548,15431475.39,4986890.548,63515106.93,0,0,0,0,0,0,0,0,0,0,,0,,0,0,0,0,0,0,0,0,0,0,0,0,0,0
15431475.39,4986890.548,15434475.39,4986890.548,15434475.39,4983890.548,15431475.39,4983890.548,63515106.93,0,0,0,0,0,0,0,0,0,0,,0,,0,0,0,0,0,0,0,0,0,0,0,0,0,0
15431475.39,4983890.548,15434475.39,4983890.548,15434475.39,4980890.548,15431475.39,4980890.548,63515106.93,0,0,0,0,0,0,0,0,0,0,,0,,0,0,0,0,0,0,0,0,0,0,0,0,0,0
15431475.39,4980890.548,15434475.39,4980890.548,15434475.39,4977890.548,15431475.39,4977890.548,63515106.93,0,0,0,0,0,0,0,0,0,0,,0,,0,0,0,0,0,0,0,0,0,0,0,0,0,0
15431475.39,4977890.548,15434475.39,4977890.548,15434475.39,4974890.548,15431475.39,4974890.548,63515106.93,0,0,0,0,0,0,0,0,0,0,,0,,0,0,0,0,0,0,0,0,0,0,0,0,0,0
15431475.39,4974890.548,15434475.39,4974890.548,15434475.39,4971890.548,15431475.39,4971890.548,63515106.93,0,0,0,0,0,0,0,0,0,0,,0,,0,0,0,0,0,0,0,0,0,0,0,0,0,0
15431475.39,4971890.548,15434475.39,4971890.548,15434475.39,4968890.548,15431475.39,4968890.548,63515106.93,0,0,0,0,0,0,0,0,0,0,,0,,0,0,0,0,0,0,0,0,0,0,0,0,0,0
15431475.39,4968890.548,15434475.39,4968890.548,15434475.39,4965890.548,15431475.39,4965890.548,63515106.93,0,0,0,0,0,0,0,0,0,0,,0,,0,0,0,0,0,0,0,0,0,0,0,0,0,0
15431475.39,4965890.548,15434475.39,4965890.548,15434475.39,4962890.548,15431475.39,4962890.548,63515106.93,0,0,0,0,0,0,0,0,0,0,,0,,0,0,0,0,0,0,0,0,0,0,0,0,0,0
15431475.39,4962890.548,15434475.39,4962890.548,15434475.39,4959890.548,15431475.39,4959890.548,63515106.93,0,0,0,0,0,0,0,0,0,0,,0,,0,0,0,0,0,0,0,0,0,0,0,0,0,0
15431475.39,4959890.548,15434475.39,4959890.548,15434475.39,4956890.548,15431475.39,4956890.548,63515106.93,0,0,0,0,0,0,0,0,0,0,,0,,0,0,0,0,0,0,0,0,0,0,0,0,0,0
15431475.39,4956890.548,15434475.39,4956890.548,15434475.39,4953890.548,15431475.39,4953890.548,63515106.93,0,0,0,0,0,0,0,0,0,0,,0,,0,0,0,0,0,0,0,0,0,0,0,0,0,0
15431475.39,4953890.548,15434475.39,4953890.548,15434475.39,4950890.548,15431475.39,4950890.548,63515106.93,0,0,0,0,0,0,0,0,0,0,,0,,0,0,0,0,0,0,0,0,0,0,0,0,0,0
15431475.39,4950890.548,15434475.39,4950890.548,15434475.39,4947890.548,15431475.39,4947890.548,63515106.93,7.87E-09,7.87E-09,8851.552673,4425.776336,4425.776336,0,0,0,0.616782278,0.308391139,,6.97E-05,,6.97E-05,0.5,1,0.5,1,4425.776336,4425.776336,4425.776336,0,0,1,0,7.87E-09,31757553.47
15431475.39,4947890.548,15434475.39,4947890.548,15434475.39,4944890.548,15431475.39,4944890.548,63515106.93,7.87E-09,7.87E-09,7693.144481,3846.57224,3846.57224,0,0,0,0.465908623,0.232954311,,6.06E-05,,6.06E-05,0.5,1,0.5,1,3846.57224,3846.57224,3846.57224,0,0,1,0,7.87E-09,31757553.47
15431475.39,4944890.548,15434475.39,4944890.548,15434475.39,4941890.548,15431475.39,4941890.548,63515106.93,7.87E-09,7.87E-09,3412.020006,1706.010003,1706.010003,0,0,0,0.091646547,0.045823274,,2.69E-05,,2.69E-05,0.5,1,0.5,1,1706.010003,1706.010003,1706.010003,0,0,1,0,7.87E-09,31757553.47
15434475.39,5121890.548,15437475.39,5121890.548,15437475.39,5118890.548,15434475.39,5118890.548,63515106.93,0,0,0,0,0,0,0,0,0,0,,0,,0,0,0,0,0,0,0,0,0,0,0,0,0,0
15434475.39,5118890.548,15437475.39,5118890.548,15437475.39,5115890.548,15434475.39,5115890.548,63515106.93,0,0,0,0,0,0,0,0,0,0,,0,,0,0,0,0,0,0,0,0,0,0,0,0,0,0
15434475.39,5115890.548,15437475.39,5115890.548,15437475.39,5112890.548,15434475.39,5112890.548,63515106.93,7.87E-09,7.87E-09,15038.22156,496.5978986,7022.512879,0,0,0,1.780270226,0.445067557,,0.000118383,,0.000118383,0.5,2,0.5,2,3759.555389,496.5978986,7022.512879,0,0,1,0,7.87E-09,31757553.47
15434475.39,5112890.548,15437475.39,5112890.548,15437475.39,5109890.548,15434475.39,5109890.548,63515106.93,7.87E-09,7.87E-09,22598.85652,2277.581001,9021.847258,0,0,0,4.020368858,1.005092215,,0.000177901,,0.000177901,0.5,2,0.5,2,5649.714129,2277.581001,9021.847258,0,0,1,0,7.87E-09,31757553.47
15434475.39,5109890.548,15437475.39,5109890.548,15437475.39,5106890.548,15434475.39,5106890.548,63515106.93,1.57E-08,1.57E-08,10754.8416,1268.570247,6865.800588,0,0,0,1.821088295,0.607029432,,0.000169327,,0.000169327,1,3,1,3,3584.947199,1268.570247,6865.800588,0,0,1,0,1.57E-08,63515106.93
15434475.39,5106890.548,15437475.39,5106890.548,15437475.39,5103890.548,15434475.39,5103890.548,63515106.93,2.36E-08,2.36E-08,6404.634769,1895.799917,4269.54989,0,0,0,0.968730476,0.484365238,,0.000151255,,0.000151255,1.5,3,1.5,3,3202.317384,1895.799917,4269.54989,0,0,1,0,2.36E-08,95272660.4
15434475.39,5103890.548,15437475.39,5103890.548,15437475.39,5100890.548,15434475.39,5100890.548,63515106.93,3.15E-08,3.15E-08,8940.137719,2347.733351,6464.840903,0,0,0,2.51675755,1.258378775,,0.000281512,,0.000281512,2,4,2,4,4470.06886,2347.733351,6464.840903,0,0,1,0,3.15E-08,127030213.9
15434475.39,5100890.548,15437475.39,5100890.548,15437475.39,5097890.548,15434475.39,5097890.548,63515106.93,2.36E-08,2.36E-08,15872.04047,124.8054635,8625.591585,0,0,0,5.949490151,2.231058807,,0.000374841,,0.000374841,1.5,4,1.5,4,5952.015177,124.8054635,8625.591585,0,0,1,0,2.36E-08,95272660.4
15434475.39,5097890.548,15437475.39,5097890.548,15437475.39,5094890.548,15434475.39,5094890.548,63515106.93,7.87E-09,7.87E-09,50495.99025,1830.203883,8885.745133,0,0,0,20.07274453,2.509093067,,0.000397512,,0.000397512,0.5,4,0.5,4,6311.998781,1830.203883,8885.745133,0,0,1,0,7.87E-09,31757553.47
15434475.39,5094890.548,15437475.39,5094890.548,15437475.39,5091890.548,15434475.39,5091890.548,63515106.93,2.36E-08,7.87E-09,14225.18134,540.3387991,8929.786312,2,4,1.57E-08,4.778920965,1.792095362,,0.000335948,,0.000335948,1.5,5,0.5,4,5334.443001,540.3387991,8929.786312,0.666666667,2,3,1,3,1
15434475.39,5091890.548,15437475.39,5091890.548,15437475.39,5088890.548,15434475.39,5088890.548,63515106.93,2.36E-08,7.87E-09,13289.36501,251.6461452,8412.378265,2,4,1.57E-08,4.170831891,1.564061959,,0.000313847,,0.000313847,1.5,5,0.5,4,4983.511879,251.6461452,8412.378265,0.666666667,2,3,1,3,1
15434475.39,5088890.548,15437475.39,5088890.548,15437475.39,5085890.548,15434475.39,5085890.548,63515106.93,0,0,0,3060.825286,8959.168954,0,0,0,0,1.692900484,,0.000282773,,0.000282773,0,3,0,3,5986.784202,3060.825286,8959.168954,0,0,0,0,0,0
15434475.39,5085890.548,15437475.39,5085890.548,15437475.39,5082890.548,15434475.39,5082890.548,63515106.93,0,0,0,7244.498217,8931.605732,0,0,0,0,2.05987482,,0.000254681,,0.000254681,0,2,0,2,8088.051975,7244.498217,8931.605732,0,0,0,0,0,0
15434475.39,5082890.548,15437475.39,5082890.548,15437475.39,5079890.548,15434475.39,5079890.548,63515106.93,7.08E-08,3.94E-08,4652.524072,0.011380595,7876.105804,0.888888889,0.8,1.57E-08,1.533602253,1.380242028,,0.000329628,,0.000329628,4.5,7,2.5,5,4187.271665,994.6328692,7876.105804,0.222222222,0.4,5,1.57E-08,4.000000039,158787767.3
15434475.39,5079890.548,15437475.39,5079890.548,15437475.39,5076890.548,15434475.39,5076890.548,63515106.93,9.45E-08,6.30E-08,3062.628284,0.011380595,4333.898327,0.666666667,0.5,1.57E-08,0.886059313,0.886059313,,0.000289313,,0.000289313,6,8,4,6,3062.628284,994.6328692,4731.266936,0.166666667,0.25,5,1.57E-08,4.000000063,254060427.7
15434475.39,5076890.548,15437475.39,5076890.548,15437475.39,5073890.548,15434475.39,5073890.548,63515106.93,1.26E-07,7.87E-08,2974.852867,0.011380595,5905.801835,0.875,0.8,3.15E-08,1.114663897,0.990812353,,0.000374695,,0.000374695,8,12,5,9,2644.313659,393.880271,5905.801835,0.25,0.4,7.9,1.000000016,7.000000071,285817982.2
15434475.39,5073890.548,15437475.39,5073890.548,15437475.39,5070890.548,15434475.39,5070890.548,63515106.93,9.45E-08,7.87E-08,3925.257845,25.63165067,5864.268462,0.5,0.4,1.57E-08,1.455494596,0.97032973,,0.000370802,,0.000370802,6,10,5,9,2616.838563,25.63165067,5864.268462,0.166666667,0.2,3.9,1,3.000000071,285817982.2
15434475.39,5070890.548,15437475.39,5070890.548,15437475.39,5067890.548,15434475.39,5067890.548,63515106.93,9.45E-08,6.30E-08,3875.305072,440.6469098,4473.816172,0.666666667,0.5,1.57E-08,1.418685109,1.064013832,,0.000366083,,0.000366083,6,10,4,8,2906.478804,1095.12751,4914.463082,0.166666667,0.25,5,1.57E-08,4.000000063,254060427.7
15434475.39,5067890.548,15437475.39,5067890.548,15437475.39,5064890.548,15434475.39,5064890.548,63515106.93,1.02E-07,7.08E-08,4423.878435,410.762616,5694.078019,0.615384615,0.444444444,1.57E-08,2.002823561,1.446483683,,0.00045273,,0.00045273,6.5,11,4.5,9,3195.023314,410.762616,6132.93756,0.153846154,0.222222222,5,1.57E-08,4.000000071,285817981.2
15434475.39,5064890.548,15437475.39,5064890.548,15437475.39,5061890.548,15434475.39,5061890.548,63515106.93,1.57E-07,6.30E-08,3656.521945,206.4755298,8320.803824,1.2,1.5,4.72E-08,2.105035067,1.913668242,,0.000575693,,0.000575693,10,15,4,11,3324.110859,206.4755298,8320.803824,0.3,0.75,13,4.72E-08,12.00000006,254060427.7
15434475.39,5061890.548,15437475.39,5061890.548,15437475.39,5058890.548,15434475.39,5058890.548,63515106.93,1.50E-07,5.51E-08,3647.641211,10.63643833,7058.707939,1.263157895,1.714285714,4.72E-08,1.99008121,1.7187065,,0.00054558,,0.00054558,9.5,14,3.5,11,3150.235592,10.63643833,8710.509607,0.315789474,0.857142857,13,4.72E-08,12.00000006,222302874.3
15434475.39,5058890.548,15437475.39,5058890.548,15437475.39,5055890.548,15434475.39,5055890.548,63515106.93,1.02E-07,3.94E-08,3167.840541,524.672106,5830.802188,1.230769231,1.6,3.15E-08,1.026982275,0.834423098,,0.00032419,,0.00032419,6.5,10,2.5,8,2573.870439,524.672106,5830.802188,0.307692308,0.8,9,3.15E-08,8.000000039,158787767.3
15434475.39,5055890.548,15437475.39,5055890.548,15437475.39,5052890.548,15434475.39,5052890.548,63515106.93,2.36E-08,2.36E-08,8867.439868,1189.80569,6958.369374,0,0,0,1.85699498,0.696373117,,0.000209417,,0.000209417,1.5,4,1.5,4,3325.289951,1189.80569,6958.369374,0,0,1,0,2.36E-08,95272660.4
15434475.39,5052890.548,15437475.39,5052890.548,15437475.39,5049890.548,15434475.39,5049890.548,63515106.93,7.87E-09,7.87E-09,13947.50808,6973.754038,6973.754038,0,0,0,1.531391435,0.765695718,,0.000109797,,0.000109797,0.5,1,0.5,1,6973.754038,6973.754038,6973.754038,0,0,1,0,7.87E-09,31757553.47
15434475.39,5049890.548,15437475.39,5049890.548,15437475.39,5046890.548,15434475.39,5046890.548,63515106.93,7.87E-09,7.87E-09,9617.768654,4808.884327,4808.884327,0,0,0,0.728184824,0.364092412,,7.57E-05,,7.57E-05,0.5,1,0.5,1,4808.884327,4808.884327,4808.884327,0,0,1,0,7.87E-09,31757553.47
15434475.39,5046890.548,15437475.39,5046890.548,15437475.39,5043890.548,15434475.39,5043890.548,63515106.93,0,0,0,0,0,0,0,0,0,0,,0,,0,0,0,0,0,0,0,0,0,0,0,0,0,0
15434475.39,5043890.548,15437475.39,5043890.548,15437475.39,5040890.548,15434475.39,5040890.548,63515106.93,0,0,0,0,0,0,0,0,0,0,,0,,0,0,0,0,0,0,0,0,0,0,0,0,0,0
15434475.39,5040890.548,15437475.39,5040890.548,15437475.39,5037890.548,15434475.39,5037890.548,63515106.93,0,0,0,0,0,0,0,0,0,0,,0,,0,0,0,0,0,0,0,0,0,0,0,0,0,0
15434475.39,5037890.548,15437475.39,5037890.548,15437475.39,5034890.548,15434475.39,5034890.548,63515106.93,0,0,0,0,0,0,0,0,0,0,,0,,0,0,0,0,0,0,0,0,0,0,0,0,0,0
15434475.39,5034890.548,15437475.39,5034890.548,15437475.39,5031890.548,15434475.39,5031890.548,63515106.93,7.87E-09,7.87E-09,7486.765847,1041.896096,2701.486828,0,0,0,0.441246701,0.110311675,,5.89E-05,,5.89E-05,0.5,2,0.5,2,1871.691462,1041.896096,2701.486828,0,0,1,0,7.87E-09,31757553.47
15434475.39,5031890.548,15437475.39,5031890.548,15437475.39,5028890.548,15434475.39,5028890.548,63515106.93,7.87E-09,7.87E-09,23563.90937,4604.207462,7177.747222,0,0,0,4.371068959,1.09276724,,0.000185498,,0.000185498,0.5,2,0.5,2,5890.977342,4604.207462,7177.747222,0,0,1,0,7.87E-09,31757553.47
15434475.39,5028890.548,15437475.39,5028890.548,15437475.39,5025890.548,15434475.39,5025890.548,63515106.93,7.87E-09,7.87E-09,27614.42315,5075.685715,8731.525858,0,0,0,6.002952703,1.500738176,,0.000217385,,0.000217385,0.5,2,0.5,2,6903.605787,5075.685715,8731.525858,0,0,1,0,7.87E-09,31757553.47
15434475.39,5025890.548,15437475.39,5025890.548,15437475.39,5022890.548,15434475.39,5022890.548,63515106.93,0,0,0,4779.121036,9002.594105,0,0,0,0,1.495200759,,0.000216983,,0.000216983,0,2,0,2,6890.857571,4779.121036,9002.594105,0,0,0,0,0,0
15434475.39,5022890.548,15437475.39,5022890.548,15437475.39,5019890.548,15434475.39,5019890.548,63515106.93,7.87E-09,7.87E-09,28384.22747,5956.744061,8235.369676,0,0,0,6.342305068,1.585576267,,0.000223445,,0.000223445,0.5,2,0.5,2,7096.056868,5956.744061,8235.369676,0,0,1,0,7.87E-09,31757553.47
15434475.39,5019890.548,15437475.39,5019890.548,15437475.39,5016890.548,15434475.39,5016890.548,63515106.93,7.87E-09,7.87E-09,20981.91355,3931.69147,6559.265305,0,0,0,3.465637684,0.866409421,,0.000165173,,0.000165173,0.5,2,0.5,2,5245.478387,3931.69147,6559.265305,0,0,1,0,7.87E-09,31757553.47
15434475.39,5016890.548,15437475.39,5016890.548,15437475.39,5013890.548,15434475.39,5013890.548,63515106.93,4.72E-08,3.15E-08,3640.676865,863.3850063,4839.361641,1,1,1.57E-08,0.626049235,0.469536926,,0.00017196,,0.00017196,3,5,2,4,2730.507649,863.3850063,5837.528406,0.333333333,0.5,3.75,1,3.000000024,95272661.4
15434475.39,5013890.548,15437475.39,5013890.548,15437475.39,5010890.548,15434475.39,5010890.548,63515106.93,3.15E-08,1.57E-08,6002.087013,776.6499616,4839.361641,1.5,2,1.57E-08,1.134377324,0.756251549,,0.000188997,,0.000188997,2,4,1,3,4001.391342,1773.840842,5616.011606,0.5,1,3.5,1,3.000000008,31757554.47
15434475.39,5010890.548,15437475.39,5010890.548,15437475.39,5007890.548,15434475.39,5007890.548,63515106.93,7.87E-09,7.87E-09,22041.945,3382.41958,7638.552885,0,0,0,3.824659698,0.956164924,,0.000173517,,0.000173517,0.5,2,0.5,2,5510.48625,3382.419615,7638.552885,0,0,1,0,7.87E-09,31757553.47
15434475.39,5007890.548,15437475.39,5007890.548,15437475.39,5004890.548,15434475.39,5004890.548,63515106.93,7.87E-09,7.87E-09,13499.54699,6749.773495,6749.773495,0,0,0,1.434601764,0.717300882,,0.00010627,,0.00010627,0.5,1,0.5,1,6749.773495,6749.773495,6749.773495,0,0,1,0,7.87E-09,31757553.47
15434475.39,5004890.548,15437475.39,5004890.548,15437475.39,5001890.548,15434475.39,5001890.548,63515106.93,2.36E-08,2.36E-08,9381.451065,4139.28633,5545.183921,0,0,0,2.078520253,1.039260126,,0.000221556,,0.000221556,1.5,3,1.5,3,4690.725533,4139.28633,5545.183921,0,0,1,0,2.36E-08,95272660.4
15434475.39,5001890.548,15437475.39,5001890.548,15437475.39,4998890.548,15434475.39,4998890.548,63515106.93,2.36E-08,2.36E-08,13464.02294,1090.080213,7384.546671,0,0,0,4.281184171,1.605444064,,0.000317972,,0.000317972,1.5,4,1.5,4,5049.008601,1090.080213,7384.546671,0,0,1,0,2.36E-08,95272660.4
15434475.39,4998890.548,15437475.39,4998890.548,15437475.39,4995890.548,15434475.39,4995890.548,63515106.93,2.36E-08,2.36E-08,13631.88287,2136.964057,7450.603366,0,0,0,4.388599177,1.645724691,,0.000321936,,0.000321936,1.5,4,1.5,4,5111.956078,2136.964057,7450.603366,0,0,1,0,2.36E-08,95272660.4
15434475.39,4995890.548,15437475.39,4995890.548,15437475.39,4992890.548,15434475.39,4992890.548,63515106.93,7.87E-09,7.87E-09,28320.6472,5309.584762,8850.738837,0,0,0,6.31392354,1.578480885,,0.000222944,,0.000222944,0.5,2,0.5,2,7080.161799,5309.584762,8850.738837,0,0,1,0,7.87E-09,31757553.47
15434475.39,4992890.548,15437475.39,4992890.548,15437475.39,4989890.548,15434475.39,4989890.548,63515106.93,0,0,0,8004.062223,8004.062223,0,0,0,0,1.008657864,,0.000126018,,0.000126018,0,1,0,1,8004.062223,8004.062223,8004.062223,0,0,0,0,0,0
15434475.39,4989890.548,15437475.39,4989890.548,15437475.39,4986890.548,15434475.39,4986890.548,63515106.93,7.87E-09,7.87E-09,3134.937755,1567.468877,1567.468877,0,0,0,0.07736612,0.03868306,,2.47E-05,,2.47E-05,0.5,1,0.5,1,1567.468877,1567.468877,1567.468877,0,0,1,0,7.87E-09,31757553.47
15434475.39,4986890.548,15437475.39,4986890.548,15437475.39,4983890.548,15434475.39,4983890.548,63515106.93,7.87E-09,7.87E-09,4163.111593,2081.555797,2081.555797,0,0,0,0.136436031,0.068218015,,3.28E-05,,3.28E-05,0.5,1,0.5,1,2081.555797,2081.555797,2081.555797,0,0,1,0,7.87E-09,31757553.47
15434475.39,4983890.548,15437475.39,4983890.548,15437475.39,4980890.548,15434475.39,4980890.548,63515106.93,7.87E-09,7.87E-09,488.1948796,244.0974398,244.0974398,0,0,0,0.001876201,0.000938101,,3.84E-06,,3.84E-06,0.5,1,0.5,1,244.0974398,244.0974398,244.0974398,0,0,1,0,7.87E-09,31757553.47
15434475.39,4980890.548,15437475.39,4980890.548,15437475.39,4977890.548,15434475.39,4977890.548,63515106.93,0,0,0,0,0,0,0,0,0,0,,0,,0,0,0,0,0,0,0,0,0,0,0,0,0,0
15434475.39,4977890.548,15437475.39,4977890.548,15437475.39,4974890.548,15434475.39,4974890.548,63515106.93,0,0,0,0,0,0,0,0,0,0,,0,,0,0,0,0,0,0,0,0,0,0,0,0,0,0
15434475.39,4974890.548,15437475.39,4974890.548,15437475.39,4971890.548,15434475.39,4971890.548,63515106.93,0,0,0,0,0,0,0,0,0,0,,0,,0,0,0,0,0,0,0,0,0,0,0,0,0,0
15434475.39,4971890.548,15437475.39,4971890.548,15437475.39,4968890.548,15434475.39,4968890.548,63515106.93,0,0,0,0,0,0,0,0,0,0,,0,,0,0,0,0,0,0,0,0,0,0,0,0,0,0
15434475.39,4968890.548,15437475.39,4968890.548,15437475.39,4965890.548,15434475.39,4965890.548,63515106.93,0,0,0,0,0,0,0,0,0,0,,0,,0,0,0,0,0,0,0,0,0,0,0,0,0,0
15434475.39,4965890.548,15437475.39,4965890.548,15437475.39,4962890.548,15434475.39,4962890.548,63515106.93,7.87E-09,7.87E-09,6252.325559,3126.16278,3126.16278,0,0,0,0.307734465,0.153867232,,4.92E-05,,4.92E-05,0.5,1,0.5,1,3126.16278,3126.16278,3126.16278,0,0,1,0,7.87E-09,31757553.47
15434475.39,4962890.548,15437475.39,4962890.548,15437475.39,4959890.548,15434475.39,4959890.548,63515106.93,7.87E-09,7.87E-09,3606.716572,1803.358286,1803.358286,0,0,0,0.102404019,0.051202009,,2.84E-05,,2.84E-05,0.5,1,0.5,1,1803.358286,1803.358286,1803.358286,0,0,1,0,7.87E-09,31757553.47
15434475.39,4959890.548,15437475.39,4959890.548,15437475.39,4956890.548,15434475.39,4956890.548,63515106.93,0,0,0,0,0,0,0,0,0,0,,0,,0,0,0,0,0,0,0,0,0,0,0,0,0,0
15434475.39,4956890.548,15437475.39,4956890.548,15437475.39,4953890.548,15434475.39,4953890.548,63515106.93,0,0,0,0,0,0,0,0,0,0,,0,,0,0,0,0,0,0,0,0,0,0,0,0,0,0
15434475.39,4953890.548,15437475.39,4953890.548,15437475.39,4950890.548,15434475.39,4950890.548,63515106.93,0,0,0,4896.519398,4896.519398,0,0,0,0,0.377483458,,7.71E-05,,7.71E-05,0,1,0,1,4896.519398,4896.519398,4896.519398,0,0,0,0,0,0
15434475.39,4950890.548,15437475.39,4950890.548,15437475.39,4947890.548,15434475.39,4947890.548,63515106.93,7.87E-09,7.87E-09,15716.77979,7858.389896,7858.389896,0,0,0,1.944554445,0.972277222,,0.000123725,,0.000123725,0.5,1,0.5,1,7858.389896,7858.389896,7858.389896,0,0,1,0,7.87E-09,31757553.47
15434475.39,4947890.548,15437475.39,4947890.548,15437475.39,4944890.548,15434475.39,4944890.548,63515106.93,7.87E-09,7.87E-09,12396.28278,6198.141389,6198.141389,0,0,0,1.209695095,0.604847548,,9.76E-05,,9.76E-05,0.5,1,0.5,1,6198.141389,6198.141389,6198.141389,0,0,1,0,7.87E-09,31757553.47
15434475.39,4944890.548,15437475.39,4944890.548,15437475.39,4941890.548,15434475.39,4941890.548,63515106.93,7.87E-09,7.87E-09,5564.579032,2782.289516,2782.289516,0,0,0,0.243757283,0.121878642,,4.38E-05,,4.38E-05,0.5,1,0.5,1,2782.289516,2782.289516,2782.289516,0,0,1,0,7.87E-09,31757553.47
15437475.39,5121890.548,15440475.39,5121890.548,15440475.39,5118890.548,15437475.39,5118890.548,63515106.93,0,0,0,0,0,0,0,0,0,0,,0,,0,0,0,0,0,0,0,0,0,0,0,0,0,0
15437475.39,5118890.548,15440475.39,5118890.548,15440475.39,5115890.548,15437475.39,5115890.548,63515106.93,7.87E-09,7.87E-09,6842.739477,3421.369738,3421.369738,0,0,0,0.368598006,0.184299003,,5.39E-05,,5.39E-05,0.5,1,0.5,1,3421.369738,3421.369738,3421.369738,0,0,1,0,7.87E-09,31757553.47
15437475.39,5115890.548,15440475.39,5115890.548,15440475.39,5112890.548,15437475.39,5112890.548,63515106.93,2.36E-08,2.36E-08,9476.871204,3453.791141,5793.329239,0,0,0,2.12101716,1.06050858,,0.00022381,,0.00022381,1.5,3,1.5,3,4738.435602,3453.791141,5793.329239,0,0,1,0,2.36E-08,95272660.4
15437475.39,5112890.548,15440475.39,5112890.548,15440475.39,5109890.548,15437475.39,5109890.548,63515106.93,3.15E-08,3.15E-08,7410.412755,1477.672706,6046.187673,0,0,0,1.729170267,0.864585133,,0.000233343,,0.000233343,2,4,2,4,3705.206377,1477.672706,6046.187673,0,0,1,0,3.15E-08,127030213.9
15437475.39,5109890.548,15440475.39,5109890.548,15440475.39,5106890.548,15437475.39,5106890.548,63515106.93,3.15E-08,3.15E-08,7750.948319,2378.179949,5131.806598,0,0,0,1.891745216,0.945872608,,0.000244066,,0.000244066,2,4,2,4,3875.474159,2378.179949,5131.806598,0,0,1,0,3.15E-08,127030213.9
15437475.39,5106890.548,15440475.39,5106890.548,15440475.39,5103890.548,15437475.39,5103890.548,63515106.93,1.57E-08,1.57E-08,7757.447885,547.3757472,7210.072138,0,0,0,0.947459598,0.473729799,,0.000122135,,0.000122135,1,2,1,2,3878.723942,547.3757472,7210.072138,0,0,1,0,1.57E-08,63515106.93
15437475.39,5103890.548,15440475.39,5103890.548,15440475.39,5100890.548,15437475.39,5100890.548,63515106.93,1.57E-08,1.57E-08,17061.75952,2808.424187,7312.469588,0,0,0,4.583218889,1.52773963,,0.000268625,,0.000268625,1,3,1,3,5687.253173,2808.424187,7312.469588,0,0,1,0,1.57E-08,63515106.93
15437475.39,5100890.548,15440475.39,5100890.548,15440475.39,5097890.548,15437475.39,5097890.548,63515106.93,7.87E-09,7.87E-09,36309.15883,3284.432791,9018.542472,0,0,0,10.37827911,1.729713185,,0.000285831,,0.000285831,0.5,3,0.5,3,6051.526472,3284.432791,9018.542472,0,0,1,0,7.87E-09,31757553.47
15437475.39,5097890.548,15440475.39,5097890.548,15440475.39,5094890.548,15437475.39,5094890.548,63515106.93,3.94E-08,2.36E-08,9440.614381,194.1972897,8560.639964,1.2,1.333333333,1.57E-08,3.508031561,1.461679817,,0.000371589,,0.000371589,2.5,7,1.5,6,3933.589325,194.1972897,8560.639964,0.4,0.666666667,3.666666667,1,3.000000016,63515107.93
15437475.39,5094890.548,15440475.39,5094890.548,15440475.39,5091890.548,15437475.39,5091890.548,63515106.93,2.36E-08,7.87E-09,17853.27756,3163.095347,8461.437364,2,4,1.57E-08,7.527489166,2.822808437,,0.000421631,,0.000421631,1.5,5,0.5,4,6694.979084,3487.198819,9064.010861,0.666666667,2,3,1,3,1
15437475.39,5091890.548,15440475.39,5091890.548,15440475.39,5088890.548,15437475.39,5088890.548,63515106.93,2.36E-08,7.87E-09,16649.24451,3252.34531,9037.832995,2,4,1.57E-08,6.546411309,2.454904241,,0.000393196,,0.000393196,1.5,5,0.5,4,6243.466693,3368.926858,9037.832995,0.666666667,2,3,1,3,1
15437475.39,5088890.548,15440475.39,5088890.548,15440475.39,5085890.548,15437475.39,5085890.548,63515106.93,0,0,0,3069.628351,8432.958265,0,0,0,0,1.880389044,,0.00029802,,0.00029802,0,3,0,3,6309.598804,3069.628398,8432.958265,0,0,0,0,0,0
15437475.39,5085890.548,15440475.39,5085890.548,15440475.39,5082890.548,15437475.39,5082890.548,63515106.93,7.87E-09,7.87E-09,34700.89635,175.7126851,8873.0469,0,0,0,9.479258288,1.579876381,,0.00027317,,0.00027317,0.5,3,0.5,3,5783.482725,175.7126851,8873.0469,0,0,1,0,7.87E-09,31757553.47
15437475.39,5082890.548,15440475.39,5082890.548,15440475.39,5079890.548,15437475.39,5079890.548,63515106.93,3.15E-08,3.15E-08,9868.358872,124.9902131,8731.443406,0,0,0,3.066499028,1.226599611,,0.000310741,,0.000310741,2,5,2,5,3947.343549,124.9902131,8731.443406,0,0,1,0,3.15E-08,127030213.9
15437475.39,5079890.548,15440475.39,5079890.548,15440475.39,5076890.548,15437475.39,5076890.548,63515106.93,1.10E-07,6.30E-08,3329.620216,0.011380595,6339.957239,1,1,3.15E-08,1.221828935,0.950311394,,0.000366957,,0.000366957,7,12,4,9,2589.704613,230.6656503,6339.957239,0.285714286,0.5,7.875,1.000000016,7.000000055,222302875.3
15437475.39,5076890.548,15440475.39,5076890.548,15440475.39,5073890.548,15437475.39,5073890.548,63515106.93,1.10E-07,7.87E-08,4152.629416,496.7954192,5966.307097,0.857142857,0.8,3.15E-08,1.900497745,1.478164912,,0.000457661,,0.000457661,7,11,5,9,3229.822879,496.7954192,6151.490869,0.285714286,0.4,6.8,2,6.000000063,254060429.7
15437475.39,5073890.548,15440475.39,5073890.548,15440475.39,5070890.548,15437475.39,5070890.548,63515106.93,1.02E-07,7.08E-08,4049.014033,1176.151284,4223.829618,0.923076923,0.888888889,3.15E-08,1.677779512,1.363195854,,0.000414367,,0.000414367,6.5,10,4.5,8,3289.823901,1176.151284,6151.490869,0.307692308,0.444444444,6.777777778,2,6.000000055,222302876.3
15437475.39,5070890.548,15440475.39,5070890.548,15440475.39,5067890.548,15437475.39,5067890.548,63515106.93,7.87E-08,6.30E-08,4416.786476,115.1782087,4331.878814,0.6,0.5,1.57E-08,1.535697861,0.959811163,,0.000347696,,0.000347696,5,9,4,8,2760.491547,533.0536317,4331.878772,0.2,0.25,3.875,1,3.000000055,222302875.3
15437475.39,5067890.548,15440475.39,5067890.548,15440475.39,5064890.548,15437475.39,5064890.548,63515106.93,1.26E-07,6.30E-08,3828.863587,211.9957508,7800.346784,1,1,3.15E-08,1.846514579,1.477211663,,0.000482262,,0.000482262,8,13,4,10,3063.09087,227.0978296,8012.342535,0.25,0.5,9,3.15E-08,8.000000063,254060427.7
15437475.39,5064890.548,15440475.39,5064890.548,15440475.39,5061890.548,15437475.39,5061890.548,63515106.93,1.42E-07,7.87E-08,4751.21504,588.8931846,7738.948651,0.888888889,0.8,3.15E-08,3.198709866,2.3990324,,0.00067324,,0.00067324,9,14,5,12,3563.41128,588.8931846,8591.861584,0.222222222,0.4,9,3.15E-08,8.000000079,317575534.7
15437475.39,5061890.548,15440475.39,5061890.548,15440475.39,5058890.548,15437475.39,5058890.548,63515106.93,1.10E-07,4.72E-08,4334.428059,914.1613158,6702.461411,1.142857143,1.333333333,3.15E-08,2.070544671,1.610423633,,0.000477697,,0.000477697,7,11,3,9,3371.221823,914.1613158,8400.623425,0.285714286,0.666666667,9,3.15E-08,8.000000047,190545320.8
15437475.39,5058890.548,15440475.39,5058890.548,15440475.39,5055890.548,15437475.39,5055890.548,63515106.93,3.15E-08,3.15E-08,6030.312888,580.4009744,6124.473099,0,0,0,1.145071631,0.458028652,,0.000189886,,0.000189886,2,5,2,5,2412.125155,580.4009798,6124.473099,0,0,1,0,3.15E-08,127030213.9
15437475.39,5055890.548,15440475.39,5055890.548,15440475.39,5052890.548,15437475.39,5052890.548,63515106.93,2.36E-08,2.36E-08,2873.087437,21.18737739,3167.055721,0,0,0,0.194944915,0.097472458,,6.79E-05,,6.79E-05,1.5,3,1.5,3,1436.543719,21.18737739,3167.055721,0,0,1,0,2.36E-08,95272660.4
15437475.39,5052890.548,15440475.39,5052890.548,15440475.39,5049890.548,15437475.39,5049890.548,63515106.93,7.87E-09,7.87E-09,8128.687291,4064.343645,4064.343645,0,0,0,0.520156229,0.260078115,,6.40E-05,,6.40E-05,0.5,1,0.5,1,4064.343645,4064.343645,4064.343645,0,0,1,0,7.87E-09,31757553.47
15437475.39,5049890.548,15440475.39,5049890.548,15440475.39,5046890.548,15437475.39,5046890.548,63515106.93,7.87E-09,7.87E-09,5451.596789,2725.798394,2725.798394,0,0,0,0.23395936,0.11697968,,4.29E-05,,4.29E-05,0.5,1,0.5,1,2725.798394,2725.798394,2725.798394,0,0,1,0,7.87E-09,31757553.47
15437475.39,5046890.548,15440475.39,5046890.548,15440475.39,5043890.548,15437475.39,5043890.548,63515106.93,0,0,0,0,0,0,0,0,0,0,,0,,0,0,0,0,0,0,0,0,0,0,0,0,0,0
15437475.39,5043890.548,15440475.39,5043890.548,15440475.39,5040890.548,15437475.39,5040890.548,63515106.93,0,0,0,0,0,0,0,0,0,0,,0,,0,0,0,0,0,0,0,0,0,0,0,0,0,0
15437475.39,5040890.548,15440475.39,5040890.548,15440475.39,5037890.548,15437475.39,5037890.548,63515106.93,0,0,0,0,0,0,0,0,0,0,,0,,0,0,0,0,0,0,0,0,0,0,0,0,0,0
15437475.39,5037890.548,15440475.39,5037890.548,15440475.39,5034890.548,15437475.39,5034890.548,63515106.93,0,0,0,3602.680917,3602.680917,0,0,0,0,0.204349964,,5.67E-05,,5.67E-05,0,1,0,1,3602.680917,3602.680917,3602.680917,0,0,0,0,0,0
15437475.39,5034890.548,15440475.39,5034890.548,15440475.39,5031890.548,15437475.39,5031890.548,63515106.93,7.87E-09,7.87E-09,16599.51105,462.8629878,7836.892539,0,0,0,2.169119919,0.54227998,,0.000130674,,0.000130674,0.5,2,0.5,2,4149.877763,462.8629878,7836.892539,0,0,1,0,7.87E-09,31757553.47
15437475.39,5031890.548,15440475.39,5031890.548,15440475.39,5028890.548,15437475.39,5028890.548,63515106.93,7.87E-09,7.87E-09,20341.96549,1201.699402,8969.283343,0,0,0,3.257457792,0.814364448,,0.000160135,,0.000160135,0.5,2,0.5,2,5085.491373,1201.699402,8969.283343,0,0,1,0,7.87E-09,31757553.47
15437475.39,5028890.548,15440475.39,5028890.548,15440475.39,5025890.548,15437475.39,5025890.548,63515106.93,7.87E-09,7.87E-09,22692.64714,2769.500154,8576.823416,0,0,0,4.053809078,1.01345227,,0.00017864,,0.00017864,0.5,2,0.5,2,5673.161785,2769.500154,8576.823416,0,0,1,0,7.87E-09,31757553.47
15437475.39,5025890.548,15440475.39,5025890.548,15440475.39,5022890.548,15437475.39,5022890.548,63515106.93,7.87E-09,7.87E-09,24985.1545,6048.304972,6444.272278,0,0,0,4.914247772,1.228561943,,0.000196687,,0.000196687,0.5,2,0.5,2,6246.288625,6048.304972,6444.272278,0,0,1,0,7.87E-09,31757553.47
15437475.39,5022890.548,15440475.39,5022890.548,15440475.39,5019890.548,15437475.39,5019890.548,63515106.93,2.36E-08,2.36E-08,7425.47044,3282.521214,7855.684445,0,0,0,1.30215347,0.976615102,,0.000175363,,0.000175363,1.5,2,1.5,2,5569.10283,3282.521214,7855.684445,0,0,1,0,2.36E-08,95272660.4
15437475.39,5019890.548,15440475.39,5019890.548,15440475.39,5016890.548,15437475.39,5016890.548,63515106.93,1.57E-08,1.57E-08,7529.902818,2489.789085,5040.113733,0,0,0,0.892692136,0.446346068,,0.000118553,,0.000118553,1,2,1,2,3764.951409,2489.789085,5040.113733,0,0,1,0,1.57E-08,63515106.93
15437475.39,5016890.548,15440475.39,5016890.548,15440475.39,5013890.548,15437475.39,5013890.548,63515106.93,3.15E-08,3.15E-08,4061.749953,582.4141115,4026.14374,0,0,0,0.519492558,0.259746279,,0.000127899,,0.000127899,2,4,2,4,2030.874977,582.4141115,4026.14374,0,0,1,0,3.15E-08,127030213.9
15437475.39,5013890.548,15440475.39,5013890.548,15440475.39,5010890.548,15437475.39,5010890.548,63515106.93,1.57E-08,1.57E-08,10065.66499,2735.741715,7329.923275,0,0,0,1.595173441,0.79758672,,0.000158477,,0.000158477,1,2,1,2,5032.832494,2735.741714,7329.923275,0,0,1,0,1.57E-08,63515106.93
15437475.39,5010890.548,15440475.39,5010890.548,15440475.39,5007890.548,15437475.39,5007890.548,63515106.93,7.87E-09,7.87E-09,20426.47125,1153.27287,9059.962756,0,0,0,3.284578646,0.821144661,,0.0001608,,0.0001608,0.5,2,0.5,2,5106.617813,1153.27287,9059.962756,0,0,1,0,7.87E-09,31757553.47
15437475.39,5007890.548,15440475.39,5007890.548,15440475.39,5004890.548,15437475.39,5004890.548,63515106.93,7.87E-09,7.87E-09,15799.36975,7899.684875,7899.684875,0,0,0,1.965044983,0.982522492,,0.000124375,,0.000124375,0.5,1,0.5,1,7899.684875,7899.684875,7899.684875,0,0,1,0,7.87E-09,31757553.47
15437475.39,5004890.548,15440475.39,5004890.548,15440475.39,5001890.548,15437475.39,5001890.548,63515106.93,1.57E-08,1.57E-08,8185.088214,1308.730358,4232.73789,0,0,0,1.054798965,0.351599655,,0.000128868,,0.000128868,1,3,1,3,2728.362738,1308.730358,4232.73789,0,0,1,0,1.57E-08,63515106.93
15437475.39,5001890.548,15440475.39,5001890.548,15440475.39,4998890.548,15437475.39,4998890.548,63515106.93,1.57E-08,1.57E-08,14408.80257,1827.192478,8811.597264,0,0,0,3.268727732,1.089575911,,0.000226856,,0.000226856,1,3,1,3,4802.934189,1827.192478,8811.597264,0,0,1,0,1.57E-08,63515106.93
15437475.39,4998890.548,15440475.39,4998890.548,15440475.39,4995890.548,15437475.39,4995890.548,63515106.93,1.57E-08,1.57E-08,15581.96373,304.5277975,8128.572752,0,0,0,3.822674719,0.95566868,,0.000245327,,0.000245327,1,4,1,4,3895.490932,304.5277975,8128.572752,0,0,1,0,1.57E-08,63515106.93
15437475.39,4995890.548,15440475.39,4995890.548,15440475.39,4992890.548,15437475.39,4992890.548,63515106.93,7.87E-09,7.87E-09,24362.39175,3142.417356,9038.77852,0,0,0,4.672322543,1.168080636,,0.000191784,,0.000191784,0.5,2,0.5,2,6090.597938,3142.417356,9038.77852,0,0,1,0,7.87E-09,31757553.47
15437475.39,4992890.548,15440475.39,4992890.548,15440475.39,4989890.548,15437475.39,4989890.548,63515106.93,0,0,0,7975.458494,7975.458494,0,0,0,0,1.001461562,,0.000125568,,0.000125568,0,1,0,1,7975.458494,7975.458494,7975.458494,0,0,0,0,0,0
15437475.39,4989890.548,15440475.39,4989890.548,15440475.39,4986890.548,15437475.39,4986890.548,63515106.93,7.87E-09,7.87E-09,9367.844015,4683.922007,4683.922007,0,0,0,0.690831723,0.345415861,,7.37E-05,,7.37E-05,0.5,1,0.5,1,4683.922007,4683.922007,4683.922007,0,0,1,0,7.87E-09,31757553.47
15437475.39,4986890.548,15440475.39,4986890.548,15440475.39,4983890.548,15437475.39,4983890.548,63515106.93,7.87E-09,7.87E-09,10083.87061,5041.935304,5041.935304,0,0,0,0.800474496,0.400237248,,7.94E-05,,7.94E-05,0.5,1,0.5,1,5041.935304,5041.935304,5041.935304,0,0,1,0,7.87E-09,31757553.47
15437475.39,4983890.548,15440475.39,4983890.548,15440475.39,4980890.548,15437475.39,4980890.548,63515106.93,7.87E-09,7.87E-09,5846.162867,2923.081434,2923.081434,0,0,0,0.269051112,0.134525556,,4.60E-05,,4.60E-05,0.5,1,0.5,1,2923.081434,2923.081434,2923.081434,0,0,1,0,7.87E-09,31757553.47
15437475.39,4980890.548,15440475.39,4980890.548,15440475.39,4977890.548,15437475.39,4977890.548,63515106.93,0,0,0,0,0,0,0,0,0,0,,0,,0,0,0,0,0,0,0,0,0,0,0,0,0,0
15437475.39,4977890.548,15440475.39,4977890.548,15440475.39,4974890.548,15437475.39,4974890.548,63515106.93,0,0,0,0,0,0,0,0,0,0,,0,,0,0,0,0,0,0,0,0,0,0,0,0,0,0
15437475.39,4974890.548,15440475.39,4974890.548,15440475.39,4971890.548,15437475.39,4971890.548,63515106.93,0,0,0,0,0,0,0,0,0,0,,0,,0,0,0,0,0,0,0,0,0,0,0,0,0,0
15437475.39,4971890.548,15440475.39,4971890.548,15440475.39,4968890.548,15437475.39,4968890.548,63515106.93,0,0,0,0,0,0,0,0,0,0,,0,,0,0,0,0,0,0,0,0,0,0,0,0,0,0
15437475.39,4968890.548,15440475.39,4968890.548,15440475.39,4965890.548,15437475.39,4965890.548,63515106.93,0,0,0,7121.784441,7121.784441,0,0,0,0,0.798547244,,0.000112127,,0.000112127,0,1,0,1,7121.784441,7121.784441,7121.784441,0,0,0,0,0,0
15437475.39,4965890.548,15440475.39,4965890.548,15440475.39,4962890.548,15437475.39,4962890.548,63515106.93,7.87E-09,7.87E-09,12063.50009,6031.750047,6031.750047,0,0,0,1.145617488,0.572808744,,9.50E-05,,9.50E-05,0.5,1,0.5,1,6031.750047,6031.750047,6031.750047,0,0,1,0,7.87E-09,31757553.47
15437475.39,4962890.548,15440475.39,4962890.548,15440475.39,4959890.548,15437475.39,4959890.548,63515106.93,7.87E-09,7.87E-09,7277.146466,3638.573233,3638.573233,0,0,0,0.416883977,0.208441988,,5.73E-05,,5.73E-05,0.5,1,0.5,1,3638.573233,3638.573233,3638.573233,0,0,1,0,7.87E-09,31757553.47
15437475.39,4959890.548,15440475.39,4959890.548,15440475.39,4956890.548,15437475.39,4956890.548,63515106.93,0,0,0,0,0,0,0,0,0,0,,0,,0,0,0,0,0,0,0,0,0,0,0,0,0,0
15437475.39,4956890.548,15440475.39,4956890.548,15440475.39,4953890.548,15437475.39,4953890.548,63515106.93,0,0,0,1596.004496,1596.004496,0,0,0,0,0.040104323,,2.51E-05,,2.51E-05,0,1,0,1,1596.004496,1596.004496,1596.004496,0,0,0,0,0,0
15437475.39,4953890.548,15440475.39,4953890.548,15440475.39,4950890.548,15437475.39,4950890.548,63515106.93,0,0,0,8220.115228,8220.115228,0,0,0,0,1.06384603,,0.00012942,,0.00012942,0,1,0,1,8220.115228,8220.115228,8220.115228,0,0,0,0,0,0
15437475.39,4950890.548,15440475.39,4950890.548,15440475.39,4947890.548,15437475.39,4947890.548,63515106.93,0,0,0,8941.073443,8941.073443,0,0,0,0,1.258642206,,0.000140771,,0.000140771,0,1,0,1,8941.073443,8941.073443,8941.073443,0,0,0,0,0,0
15437475.39,4947890.548,15440475.39,4947890.548,15440475.39,4944890.548,15437475.39,4944890.548,63515106.93,0,0,0,6828.103446,6828.103446,0,0,0,0,0.734045787,,0.000107504,,0.000107504,0,1,0,1,6828.103446,6828.103446,6828.103446,0,0,0,0,0,0
15437475.39,4944890.548,15440475.39,4944890.548,15440475.39,4941890.548,15437475.39,4941890.548,63515106.93,0,0,0,0,0,0,0,0,0,0,,0,,0,0,0,0,0,0,0,0,0,0,0,0,0,0
15440475.39,5121890.548,15443475.39,5121890.548,15443475.39,5118890.548,15440475.39,5118890.548,63515106.93,7.87E-09,7.87E-09,492.2838966,246.1419483,246.1419483,0,0,0,0.001907762,0.000953881,,3.88E-06,,3.88E-06,0.5,1,0.5,1,246.1419483,246.1419483,246.1419483,0,0,1,0,7.87E-09,31757553.47
15440475.39,5118890.548,15443475.39,5118890.548,15443475.39,5115890.548,15440475.39,5115890.548,63515106.93,7.87E-09,7.87E-09,21764.9405,4004.736038,6877.734214,0,0,0,3.729133571,0.932283393,,0.000171337,,0.000171337,0.5,2,0.5,2,5441.235126,4004.736038,6877.734214,0,0,1,0,7.87E-09,31757553.47
15440475.39,5115890.548,15443475.39,5115890.548,15443475.39,5112890.548,15440475.39,5112890.548,63515106.93,1.57E-08,1.57E-08,16926.34673,2320.500756,8428.750053,0,0,0,4.510757007,1.503585669,,0.000266493,,0.000266493,1,3,1,3,5642.115577,2320.500756,8428.750053,0,0,1,0,1.57E-08,63515106.93
15440475.39,5112890.548,15443475.39,5112890.548,15443475.39,5109890.548,15440475.39,5109890.548,63515106.93,6.30E-08,4.72E-08,4882.974406,173.0270887,7841.449489,0.75,0.666666667,1.57E-08,1.501591681,1.001061121,,0.000307516,,0.000307516,4,7,3,6,3255.316271,190.3871348,7841.449489,0.25,0.333333333,3.833333333,1,3.000000039,158787768.3
15440475.39,5109890.548,15443475.39,5109890.548,15443475.39,5106890.548,15440475.39,5106890.548,63515106.93,3.94E-08,2.36E-08,6129.925465,276.2386157,5016.249791,1.2,1.333333333,1.57E-08,1.479017671,0.924386044,,0.000241278,,0.000241278,2.5,5,1.5,4,3831.203416,1047.437492,5292.488453,0.4,0.666666667,3.666666667,1,3.000000016,63515107.93
15440475.39,5106890.548,15443475.39,5106890.548,15443475.39,5103890.548,15440475.39,5103890.548,63515106.93,7.87E-09,7.87E-09,23590.22257,3031.81703,8763.29416,0,0,0,4.380836527,1.095209132,,0.000185706,,0.000185706,0.5,2,0.5,2,5897.555642,3031.817124,8763.29416,0,0,1,0,7.87E-09,31757553.47
15440475.39,5103890.548,15443475.39,5103890.548,15443475.39,5100890.548,15440475.39,5100890.548,63515106.93,7.87E-09,7.87E-09,27247.48605,5526.14599,8097.597034,0,0,0,5.844479618,1.461119905,,0.000214496,,0.000214496,0.5,2,0.5,2,6811.871512,5526.14599,8097.597034,0,0,1,0,7.87E-09,31757553.47
15440475.39,5100890.548,15443475.39,5100890.548,15443475.39,5097890.548,15440475.39,5097890.548,63515106.93,1.57E-08,1.57E-08,14318.14863,985.972756,6927.350184,0,0,0,3.227726287,1.075908762,,0.000225429,,0.000225429,1,3,1,3,4772.716211,985.972756,6927.350184,0,0,1,0,1.57E-08,63515106.93
15440475.39,5097890.548,15443475.39,5097890.548,15443475.39,5094890.548,15440475.39,5094890.548,63515106.93,7.87E-09,7.87E-09,41470.85462,1401.449359,8850.250132,0,0,0,13.53876161,1.353876161,,0.000326464,,0.000326464,0.5,5,0.5,5,4147.085462,1401.449141,8850.250132,0,0,1,0,7.87E-09,31757553.47
15440475.39,5094890.548,15443475.39,5094890.548,15443475.39,5091890.548,15440475.39,5091890.548,63515106.93,6.30E-08,3.15E-08,7119.85076,362.4468511,7693.412933,1.5,2,3.15E-08,3.192454664,2.12830311,,0.000448388,,0.000448388,4,8,2,6,4746.567174,362.4468511,8799.417864,0.5,1,6.5,2,6.000000016,63515108.93
15440475.39,5091890.548,15443475.39,5091890.548,15443475.39,5088890.548,15440475.39,5088890.548,63515106.93,7.08E-08,3.94E-08,5986.792187,174.4837492,8235.510863,1.333333333,1.6,3.15E-08,2.539357499,2.285421749,,0.00042416,,0.00042416,4.5,7,2.5,5,5388.112968,174.4837492,8235.510863,0.444444444,0.8,6.6,2,6.000000024,95272662.4
15440475.39,5088890.548,15443475.39,5088890.548,15443475.39,5085890.548,15440475.39,5085890.548,63515106.93,1.57E-08,1.57E-08,18795.16574,1963.816471,6672.171188,0,0,0,5.561798951,1.390449738,,0.000295916,,0.000295916,1,4,1,4,4698.791434,1963.816471,6672.171188,0,0,1,0,1.57E-08,63515106.93
15440475.39,5085890.548,15443475.39,5085890.548,15443475.39,5082890.548,15440475.39,5082890.548,63515106.93,3.15E-08,3.15E-08,12425.25941,3080.72182,7115.755374,0,0,0,4.861428371,1.944571349,,0.000391254,,0.000391254,2,5,2,5,4970.103764,3080.72182,7115.755374,0,0,1,0,3.15E-08,127030213.9
15440475.39,5082890.548,15443475.39,5082890.548,15443475.39,5079890.548,15440475.39,5079890.548,63515106.93,3.15E-08,3.15E-08,12111.71365,1671.214986,9022.091411,0,0,0,4.619172179,1.53972406,,0.000381381,,0.000381381,2,6,2,6,4037.237882,1671.214986,9022.091411,0,0,1,0,3.15E-08,127030213.9
15440475.39,5079890.548,15443475.39,5079890.548,15443475.39,5076890.548,15440475.39,5076890.548,63515106.93,7.08E-08,5.51E-08,6000.872208,815.7281387,8694.816147,0.666666667,0.571428571,1.57E-08,2.551315907,1.275657954,,0.000425158,,0.000425158,4.5,10,3.5,9,3000.436104,930.2099582,8694.816147,0.222222222,0.285714286,3.857142857,1,3.000000047,190545321.8
15440475.39,5076890.548,15443475.39,5076890.548,15443475.39,5073890.548,15440475.39,5073890.548,63515106.93,9.45E-08,6.30E-08,4758.316905,847.1416234,8270.298174,1,1,3.15E-08,2.138853025,1.833302593,,0.000449498,,0.000449498,6,9,4,7,4078.557347,1876.682899,8270.298174,0.333333333,0.5,6.75,2,6.000000047,190545322.8
15440475.39,5073890.548,15443475.39,5073890.548,15443475.39,5070890.548,15440475.39,5070890.548,63515106.93,1.26E-07,7.87E-08,3598.049252,1065.014443,6164.439933,1.125,1.2,4.72E-08,1.630598961,1.863541669,,0.00045319,,0.00045319,8,10,5,7,4112.056288,2192.776579,7306.920178,0.375,0.6,9.7,3,9.000000055,222302877.3
15440475.39,5070890.548,15443475.39,5070890.548,15443475.39,5067890.548,15440475.39,5067890.548,63515106.93,6.30E-08,4.72E-08,6235.772934,935.249589,6164.439933,0.75,0.666666667,1.57E-08,2.448857663,1.224428832,,0.000392711,,0.000392711,4,9,3,8,3117.886467,935.249589,7266.642213,0.25,0.333333333,3.833333333,1,3.000000039,158787768.3
15440475.39,5067890.548,15443475.39,5067890.548,15443475.39,5064890.548,15440475.39,5064890.548,63515106.93,3.94E-08,3.94E-08,11335.11521,350.6297745,8128.551157,0,0,0,5.057255,1.8061625,,0.000446158,,0.000446158,2.5,7,2.5,7,4048.255433,350.6297745,8128.551157,0,0,1,0,3.94E-08,158787767.3
15440475.39,5064890.548,15443475.39,5064890.548,15443475.39,5061890.548,15440475.39,5061890.548,63515106.93,6.30E-08,3.15E-08,10109.82621,914.1613158,7435.436601,1,1,1.57E-08,6.436804781,3.218402391,,0.000636688,,0.000636688,4,9,2,8,5054.913105,914.1613158,8910.947605,0.25,0.5,5,1.57E-08,4.000000031,127030213.9
15440475.39,5061890.548,15443475.39,5061890.548,15443475.39,5058890.548,15440475.39,5058890.548,63515106.93,5.51E-08,2.36E-08,8224.239255,914.1613158,8927.799268,1.142857143,1.333333333,1.57E-08,3.727198159,1.86359908,,0.000453197,,0.000453197,3.5,8,1.5,7,4112.119628,914.1613158,8927.799268,0.285714286,0.666666667,5,1.57E-08,4.000000024,95272660.4
15440475.39,5058890.548,15443475.39,5058890.548,15443475.39,5055890.548,15440475.39,5055890.548,63515106.93,2.36E-08,2.36E-08,9273.198621,15.87907968,7665.759451,0,0,0,2.030828967,0.761560863,,0.000219,,0.000219,1.5,4,1.5,4,3477.449483,15.87907968,7665.759451,0,0,1,0,2.36E-08,95272660.4
15440475.39,5055890.548,15443475.39,5055890.548,15443475.39,5052890.548,15440475.39,5052890.548,63515106.93,7.87E-09,7.87E-09,6923.772459,3461.886229,3461.886229,0,0,0,0.377379708,0.188689854,,5.45E-05,,5.45E-05,0.5,1,0.5,1,3461.886229,3461.886229,3461.886229,0,0,1,0,7.87E-09,31757553.47
15440475.39,5052890.548,15443475.39,5052890.548,15443475.39,5049890.548,15440475.39,5049890.548,63515106.93,1.57E-08,1.57E-08,4357.589343,736.9477074,3620.641636,0,0,0,0.298961708,0.149480854,,6.86E-05,,6.86E-05,1,2,1,2,2178.794671,736.9477074,3620.641636,0,0,1,0,1.57E-08,63515106.93
15440475.39,5049890.548,15443475.39,5049890.548,15443475.39,5046890.548,15440475.39,5046890.548,63515106.93,7.87E-09,7.87E-09,508.6004955,254.3002477,254.3002477,0,0,0,0.002036322,0.001018161,,4.00E-06,,4.00E-06,0.5,1,0.5,1,254.3002477,254.3002477,254.3002477,0,0,1,0,7.87E-09,31757553.47
15440475.39,5046890.548,15443475.39,5046890.548,15443475.39,5043890.548,15440475.39,5043890.548,63515106.93,0,0,0,0,0,0,0,0,0,0,,0,,0,0,0,0,0,0,0,0,0,0,0,0,0,0
15440475.39,5043890.548,15443475.39,5043890.548,15443475.39,5040890.548,15440475.39,5040890.548,63515106.93,0,0,0,0,0,0,0,0,0,0,,0,,0,0,0,0,0,0,0,0,0,0,0,0,0,0
15440475.39,5040890.548,15443475.39,5040890.548,15443475.39,5037890.548,15440475.39,5037890.548,63515106.93,7.87E-09,7.87E-09,5813.154352,2906.577176,2906.577176,0,0,0,0.266021464,0.133010732,,4.58E-05,,4.58E-05,0.5,1,0.5,1,2906.577176,2906.577176,2906.577176,0,0,1,0,7.87E-09,31757553.47
15440475.39,5037890.548,15443475.39,5037890.548,15443475.39,5034890.548,15440475.39,5034890.548,63515106.93,7.87E-09,7.87E-09,13808.85276,6904.426378,6904.426378,0,0,0,1.501094965,0.750547483,,0.000108705,,0.000108705,0.5,1,0.5,1,6904.426378,6904.426378,6904.426378,0,0,1,0,7.87E-09,31757553.47
15440475.39,5034890.548,15443475.39,5034890.548,15443475.39,5031890.548,15440475.39,5031890.548,63515106.93,0,0,0,8993.519314,8993.519314,0,0,0,0,1.273451208,,0.000141597,,0.000141597,0,1,0,1,8993.519314,8993.519314,8993.519314,0,0,0,0,0,0
15440475.39,5031890.548,15443475.39,5031890.548,15443475.39,5028890.548,15440475.39,5028890.548,63515106.93,0,0,0,8054.335533,8054.335533,0,0,0,0,1.021368364,,0.00012681,,0.00012681,0,1,0,1,8054.335533,8054.335533,8054.335533,0,0,0,0,0,0
15440475.39,5028890.548,15443475.39,5028890.548,15443475.39,5025890.548,15440475.39,5025890.548,63515106.93,7.87E-09,7.87E-09,17323.72489,2072.802901,4371.072496,0,0,0,2.362520182,0.393753364,,0.000136375,,0.000136375,0.5,3,0.5,3,2887.287482,2072.802901,4371.072496,0,0,1,0,7.87E-09,31757553.47
15440475.39,5025890.548,15443475.39,5025890.548,15443475.39,5022890.548,15440475.39,5022890.548,63515106.93,7.87E-09,7.87E-09,22538.58183,4377.65245,6891.638463,0,0,0,3.998951551,0.999737888,,0.000177427,,0.000177427,0.5,2,0.5,2,5634.645457,4377.65245,6891.638463,0,0,1,0,7.87E-09,31757553.47
15440475.39,5022890.548,15443475.39,5022890.548,15443475.39,5019890.548,15440475.39,5019890.548,63515106.93,1.57E-08,1.57E-08,13350.76938,6177.91695,7172.852431,0,0,0,2.806309422,1.403154711,,0.000210198,,0.000210198,1,2,1,2,6675.38469,6177.91695,7172.852431,0,0,1,0,1.57E-08,63515106.93
15440475.39,5019890.548,15443475.39,5019890.548,15443475.39,5016890.548,15440475.39,5016890.548,63515106.93,1.57E-08,1.57E-08,4971.447205,184.0265674,4787.420638,0,0,0,0.389124549,0.194562274,,7.83E-05,,7.83E-05,1,2,1,2,2485.723603,184.0265674,4787.420638,0,0,1,0,1.57E-08,63515106.93
15440475.39,5016890.548,15443475.39,5016890.548,15443475.39,5013890.548,15440475.39,5013890.548,63515106.93,2.36E-08,2.36E-08,3923.960648,606.2098997,3374.817364,0,0,0,0.363633187,0.181816593,,9.27E-05,,9.27E-05,1.5,3,1.5,3,1961.980324,606.2098997,3374.817364,0,0,1,0,2.36E-08,95272660.4
15440475.39,5013890.548,15443475.39,5013890.548,15443475.39,5010890.548,15440475.39,5010890.548,63515106.93,1.57E-08,1.57E-08,7085.550884,1367.273688,5718.277196,0,0,0,0.790442365,0.395221182,,0.000111557,,0.000111557,1,2,1,2,3542.775442,1367.273688,5718.277196,0,0,1,0,1.57E-08,63515106.93
15440475.39,5010890.548,15443475.39,5010890.548,15443475.39,5007890.548,15440475.39,5007890.548,63515106.93,7.87E-09,7.87E-09,14971.70268,7485.851341,7485.851341,0,0,0,1.764555647,0.882277823,,0.000117859,,0.000117859,0.5,1,0.5,1,7485.851341,7485.851341,7485.851341,0,0,1,0,7.87E-09,31757553.47
15440475.39,5007890.548,15443475.39,5007890.548,15443475.39,5004890.548,15440475.39,5004890.548,63515106.93,0,0,0,965.2721819,965.2721819,0,0,0,0,0.014669744,,1.52E-05,,1.52E-05,0,1,0,1,965.2721819,965.2721819,965.2721819,0,0,0,0,0,0
15440475.39,5004890.548,15443475.39,5004890.548,15443475.39,5001890.548,15440475.39,5001890.548,63515106.93,0,0,0,2280.405654,2280.405654,0,0,0,0,0.081874222,,3.59E-05,,3.59E-05,0,1,0,1,2280.405654,2280.405654,2280.405654,0,0,0,0,0,0
15440475.39,5001890.548,15443475.39,5001890.548,15443475.39,4998890.548,15440475.39,4998890.548,63515106.93,0,0,0,8870.129634,8870.129634,0,0,0,0,1.238747812,,0.000139654,,0.000139654,0,1,0,1,8870.129634,8870.129634,8870.129634,0,0,0,0,0,0
15440475.39,4998890.548,15443475.39,4998890.548,15443475.39,4995890.548,15440475.39,4995890.548,63515106.93,7.87E-09,7.87E-09,29667.31788,1446.470227,8120.030404,0,0,0,6.928664636,1.154777439,,0.000233545,,0.000233545,0.5,3,0.5,3,4944.552981,1446.470227,8120.030404,0,0,1,0,7.87E-09,31757553.47
15440475.39,4995890.548,15443475.39,4995890.548,15443475.39,4992890.548,15440475.39,4992890.548,63515106.93,7.87E-09,7.87E-09,19362.82915,645.783479,9035.631096,0,0,0,2.951417157,0.737854289,,0.000152427,,0.000152427,0.5,2,0.5,2,4840.707287,645.783479,9035.631096,0,0,1,0,7.87E-09,31757553.47
15440475.39,4992890.548,15443475.39,4992890.548,15443475.39,4989890.548,15440475.39,4989890.548,63515106.93,0,0,0,7637.814411,7637.814411,0,0,0,0,0.91846195,,0.000120252,,0.000120252,0,1,0,1,7637.814411,7637.814411,7637.814411,0,0,0,0,0,0
15440475.39,4989890.548,15443475.39,4989890.548,15443475.39,4986890.548,15440475.39,4986890.548,63515106.93,7.87E-09,7.87E-09,16042.80841,8021.404205,8021.404205,0,0,0,2.026066822,1.013033411,,0.000126291,,0.000126291,0.5,1,0.5,1,8021.404205,8021.404205,8021.404205,0,0,1,0,7.87E-09,31757553.47
15440475.39,4986890.548,15443475.39,4986890.548,15443475.39,4983890.548,15440475.39,4983890.548,63515106.93,7.87E-09,7.87E-09,15851.32658,7925.663291,7925.663291,0,0,0,1.977990486,0.988995243,,0.000124784,,0.000124784,0.5,1,0.5,1,7925.663291,7925.663291,7925.663291,0,0,1,0,7.87E-09,31757553.47
15440475.39,4983890.548,15443475.39,4983890.548,15443475.39,4980890.548,15440475.39,4980890.548,63515106.93,0,0,0,4304.558974,4304.558974,0,0,0,0,0.291729462,,6.78E-05,,6.78E-05,0,1,0,1,4304.558974,4304.558974,4304.558974,0,0,0,0,0,0
15440475.39,4980890.548,15443475.39,4980890.548,15443475.39,4977890.548,15440475.39,4977890.548,63515106.93,0,0,0,0,0,0,0,0,0,0,,0,,0,0,0,0,0,0,0,0,0,0,0,0,0,0
15440475.39,4977890.548,15443475.39,4977890.548,15443475.39,4974890.548,15440475.39,4974890.548,63515106.93,0,0,0,0,0,0,0,0,0,0,,0,,0,0,0,0,0,0,0,0,0,0,0,0,0,0
15440475.39,4974890.548,15443475.39,4974890.548,15443475.39,4971890.548,15440475.39,4971890.548,63515106.93,0,0,0,0,0,0,0,0,0,0,,0,,0,0,0,0,0,0,0,0,0,0,0,0,0,0
15440475.39,4971890.548,15443475.39,4971890.548,15443475.39,4968890.548,15440475.39,4968890.548,63515106.93,0,0,0,6776.849034,6776.849034,0,0,0,0,0.723067079,,0.000106697,,0.000106697,0,1,0,1,6776.849034,6776.849034,6776.849034,0,0,0,0,0,0
15440475.39,4968890.548,15443475.39,4968890.548,15443475.39,4965890.548,15440475.39,4965890.548,63515106.93,0,0,0,8872.051232,8872.051232,0,0,0,0,1.239284587,,0.000139684,,0.000139684,0,1,0,1,8872.051232,8872.051232,8872.051232,0,0,0,0,0,0
15440475.39,4965890.548,15443475.39,4965890.548,15443475.39,4962890.548,15440475.39,4962890.548,63515106.93,7.87E-09,7.87E-09,15985.93165,7992.965826,7992.965826,0,0,0,2.011726211,1.005863105,,0.000125844,,0.000125844,0.5,1,0.5,1,7992.965826,7992.965826,7992.965826,0,0,1,0,7.87E-09,31757553.47
15440475.39,4962890.548,15443475.39,4962890.548,15443475.39,4959890.548,15440475.39,4959890.548,63515106.93,7.87E-09,7.87E-09,8105.396991,4052.698495,4052.698495,0,0,0,0.517179798,0.258589899,,6.38E-05,,6.38E-05,0.5,1,0.5,1,4052.698495,4052.698495,4052.698495,0,0,1,0,7.87E-09,31757553.47
15440475.39,4959890.548,15443475.39,4959890.548,15443475.39,4956890.548,15440475.39,4956890.548,63515106.93,7.87E-09,7.87E-09,2613.833691,1306.916845,1306.916845,0,0,0,0.053783477,0.026891738,,2.06E-05,,2.06E-05,0.5,1,0.5,1,1306.916845,1306.916845,1306.916845,0,0,1,0,7.87E-09,31757553.47
15440475.39,4956890.548,15443475.39,4956890.548,15443475.39,4953890.548,15440475.39,4953890.548,63515106.93,7.87E-09,7.87E-09,12490.1776,6245.088801,6245.088801,0,0,0,1.228090009,0.614045005,,9.83E-05,,9.83E-05,0.5,1,0.5,1,6245.088801,6245.088801,6245.088801,0,0,1,0,7.87E-09,31757553.47
15440475.39,4953890.548,15443475.39,4953890.548,15443475.39,4950890.548,15440475.39,4950890.548,63515106.93,7.87E-09,7.87E-09,17833.58264,8916.79132,8916.79132,0,0,0,2.503630121,1.251815061,,0.000140389,,0.000140389,0.5,1,0.5,1,8916.79132,8916.79132,8916.79132,0,0,1,0,7.87E-09,31757553.47
15440475.39,4950890.548,15443475.39,4950890.548,15443475.39,4947890.548,15440475.39,4947890.548,63515106.93,0,0,0,7680.807745,7680.807745,0,0,0,0,0.928831115,,0.000120929,,0.000120929,0,1,0,1,7680.807745,7680.807745,7680.807745,0,0,0,0,0,0
15440475.39,4947890.548,15443475.39,4947890.548,15443475.39,4944890.548,15440475.39,4944890.548,63515106.93,0,0,0,0,0,0,0,0,0,0,,0,,0,0,0,0,0,0,0,0,0,0,0,0,0,0
15440475.39,4944890.548,15443475.39,4944890.548,15443475.39,4941890.548,15440475.39,4941890.548,63515106.93,0,0,0,0,0,0,0,0,0,0,,0,,0,0,0,0,0,0,0,0,0,0,0,0,0,0
15443475.39,5121890.548,15446475.39,5121890.548,15446475.39,5118890.548,15443475.39,5118890.548,63515106.93,7.87E-09,7.87E-09,16351.77727,3374.766891,4801.121745,0,0,0,2.104858457,0.526214614,,0.000128724,,0.000128724,0.5,2,0.5,2,4087.944318,3374.766891,4801.121745,0,0,1,0,7.87E-09,31757553.47
15443475.39,5118890.548,15446475.39,5118890.548,15446475.39,5115890.548,15443475.39,5115890.548,63515106.93,1.57E-08,1.57E-08,15317.80249,2372.04148,8786.846898,0,0,0,3.694161664,1.231387221,,0.000241168,,0.000241168,1,3,1,3,5105.934163,2372.04148,8786.846898,0,0,1,0,1.57E-08,63515106.93
15443475.39,5115890.548,15446475.39,5115890.548,15446475.39,5112890.548,15443475.39,5112890.548,63515106.93,2.36E-08,2.36E-08,12586.4829,879.0724181,8208.726973,0,0,0,3.741304065,1.402989024,,0.000297248,,0.000297248,1.5,4,1.5,4,4719.931088,879.0724181,8208.726973,0,0,1,0,2.36E-08,95272660.4
15443475.39,5112890.548,15446475.39,5112890.548,15446475.39,5109890.548,15443475.39,5109890.548,63515106.93,4.72E-08,3.15E-08,6566.988951,1938.843682,7277.96763,1,1,1.57E-08,2.036933226,1.527699919,,0.000310178,,0.000310178,3,5,2,4,4925.241713,2537.915673,7277.96763,0.333333333,0.5,3.75,1,3.000000024,95272661.4
15443475.39,5109890.548,15446475.39,5109890.548,15446475.39,5106890.548,15443475.39,5106890.548,63515106.93,5.51E-08,3.94E-08,3633.701607,467.9094343,5016.249791,0.857142857,0.8,1.57E-08,0.72759471,0.636645371,,0.000200235,,0.000200235,3.5,5,2.5,4,3179.488906,467.9094343,6955.093473,0.285714286,0.4,3.8,1,3.000000031,127030214.9
15443475.39,5106890.548,15446475.39,5106890.548,15446475.39,5103890.548,15443475.39,5103890.548,63515106.93,3.15E-08,1.57E-08,7665.440274,143.1522734,8517.14221,1.5,2,1.57E-08,1.850236186,1.23349079,,0.000241374,,0.000241374,2,4,1,3,5110.293516,3211.707636,8517.14221,0.5,1,3.5,1,3.000000008,31757554.47
15443475.39,5103890.548,15446475.39,5103890.548,15446475.39,5100890.548,15443475.39,5100890.548,63515106.93,0,0,0,7471.045396,8478.475656,0,0,0,0,2.002572569,,0.000251114,,0.000251114,0,2,0,2,7974.760526,7471.045396,8478.475656,0,0,0,0,0,0
15443475.39,5100890.548,15446475.39,5100890.548,15446475.39,5097890.548,15443475.39,5097890.548,63515106.93,1.57E-08,1.57E-08,14370.65002,645.7305555,8958.403028,0,0,0,3.251440357,0.812860089,,0.000226256,,0.000226256,1,4,1,4,3592.662505,645.7305555,8958.403028,0,0,1,0,1.57E-08,63515106.93
15443475.39,5097890.548,15446475.39,5097890.548,15446475.39,5094890.548,15443475.39,5094890.548,63515106.93,4.72E-08,3.15E-08,7474.524632,4.271386876,6757.106975,1,1,1.57E-08,2.638829776,1.319414888,,0.000353043,,0.000353043,3,7,2,6,3737.262316,471.5126819,6761.378463,0.333333333,0.5,3.75,1,3.000000024,95272661.4
15443475.39,5094890.548,15446475.39,5094890.548,15446475.39,5091890.548,15443475.39,5091890.548,63515106.93,3.94E-08,2.36E-08,10265.03302,2969.092977,6094.994769,1.2,1.333333333,1.57E-08,4.147474038,2.073737019,,0.000404039,,0.000404039,2.5,6,1.5,5,5132.516508,2969.092977,8749.501712,0.4,0.666666667,3.666666667,1,3.000000016,63515107.93
15443475.39,5091890.548,15446475.39,5091890.548,15446475.39,5088890.548,15443475.39,5088890.548,63515106.93,6.30E-08,4.72E-08,6050.794745,713.2720106,4293.774347,0.75,0.666666667,1.57E-08,2.305726547,1.537151031,,0.000381062,,0.000381062,4,7,3,6,4033.863163,713.2720106,7567.499246,0.25,0.333333333,3.833333333,1,3.000000039,158787768.3
15443475.39,5088890.548,15446475.39,5088890.548,15446475.39,5085890.548,15443475.39,5085890.548,63515106.93,6.30E-08,6.30E-08,4710.966735,1923.052424,4236.085639,0,0,0,1.397664817,0.931776545,,0.000296683,,0.000296683,4,6,4,6,3140.64449,1923.052424,4236.085517,0,0,1,0,6.30E-08,254060427.7
15443475.39,5085890.548,15446475.39,5085890.548,15446475.39,5082890.548,15443475.39,5082890.548,63515106.93,6.30E-08,6.30E-08,5323.413059,1923.052424,5619.223021,0,0,0,1.78469205,1.1897947,,0.000335253,,0.000335253,4,6,4,6,3548.94204,1923.052424,5619.223021,0,0,1,0,6.30E-08,254060427.7
15443475.39,5082890.548,15446475.39,5082890.548,15446475.39,5079890.548,15443475.39,5079890.548,63515106.93,4.72E-08,4.72E-08,7961.569471,2424.941571,7587.189276,0,0,0,2.993929704,1.796357823,,0.000376048,,0.000376048,3,5,3,5,4776.941682,2424.941571,7587.189276,0,0,1,0,4.72E-08,190545320.8
15443475.39,5079890.548,15446475.39,5079890.548,15446475.39,5076890.548,15443475.39,5076890.548,63515106.93,4.72E-08,4.72E-08,7325.830711,274.66274,8934.632759,0,0,0,2.534883347,1.086378577,,0.00034602,,0.00034602,3,7,3,7,3139.641733,274.66274,8934.632759,0,0,1,0,4.72E-08,190545320.8
15443475.39,5076890.548,15446475.39,5076890.548,15446475.39,5073890.548,15443475.39,5073890.548,63515106.93,7.08E-08,5.51E-08,5916.864682,306.0037765,7598.690702,0.666666667,0.571428571,1.57E-08,2.480383048,1.860287286,,0.000419206,,0.000419206,4.5,7,3.5,6,4437.648512,1918.519366,7598.690702,0.222222222,0.285714286,3.857142857,1,3.000000047,190545321.8
15443475.39,5073890.548,15446475.39,5073890.548,15446475.39,5070890.548,15443475.39,5070890.548,63515106.93,8.66E-08,7.08E-08,5524.144594,1399.24486,5515.385779,0.545454545,0.444444444,1.57E-08,2.642504473,1.816721825,,0.000478355,,0.000478355,5.5,9,4.5,8,3797.849408,1399.24486,8454.593323,0.181818182,0.222222222,3.888888889,1,3.000000063,254060428.7
15443475.39,5070890.548,15446475.39,5070890.548,15446475.39,5067890.548,15443475.39,5067890.548,63515106.93,7.08E-08,5.51E-08,5677.817852,460.6416722,4513.905434,0.666666667,0.571428571,1.57E-08,2.284012057,1.284756782,,0.000402269,,0.000402269,4.5,9,3.5,8,3193.772542,460.6416722,8507.041658,0.222222222,0.285714286,3.857142857,1,3.000000047,190545321.8
15443475.39,5067890.548,15446475.39,5067890.548,15446475.39,5064890.548,15443475.39,5064890.548,63515106.93,7.87E-08,4.72E-08,5625.07663,17.36485439,8755.708513,1.2,1.333333333,3.15E-08,2.490863089,1.779187921,,0.000442814,,0.000442814,5,9,3,7,4017.911879,17.36485439,8755.708513,0.4,0.666666667,6.666666667,2,6.000000031,127030215.9
15443475.39,5064890.548,15446475.39,5064890.548,15446475.39,5061890.548,15443475.39,5061890.548,63515106.93,4.72E-08,3.15E-08,11328.54234,1933.480547,8149.914749,1,1,1.57E-08,6.061669947,3.030834974,,0.000535079,,0.000535079,3,7,2,6,5664.271172,1945.503647,8380.514723,0.333333333,0.5,3.75,1,3.000000024,95272661.4
15443475.39,5061890.548,15446475.39,5061890.548,15446475.39,5058890.548,15443475.39,5058890.548,63515106.93,4.72E-08,3.15E-08,9201.223314,122.9061644,8629.676163,1,1,1.57E-08,3.9988523,1.99942615,,0.0004346,,0.0004346,3,7,2,6,4600.611657,122.9061644,8629.676163,0.333333333,0.5,3.75,1,3.000000024,95272661.4
15443475.39,5058890.548,15446475.39,5058890.548,15446475.39,5055890.548,15443475.39,5055890.548,63515106.93,7.87E-09,7.87E-09,37393.09268,3096.565895,8370.944612,0,0,0,11.00717174,1.834528623,,0.000294364,,0.000294364,0.5,3,0.5,3,6232.182113,3096.565895,8370.944612,0,0,1,0,7.87E-09,31757553.47
15443475.39,5055890.548,15446475.39,5055890.548,15446475.39,5052890.548,15443475.39,5052890.548,63515106.93,7.87E-09,7.87E-09,14352.08856,1189.735932,5986.308346,0,0,0,1.621523255,0.405380814,,0.000112982,,0.000112982,0.5,2,0.5,2,3588.022139,1189.735932,5986.308346,0,0,1,0,7.87E-09,31757553.47
15443475.39,5052890.548,15446475.39,5052890.548,15446475.39,5049890.548,15443475.39,5049890.548,63515106.93,7.87E-09,7.87E-09,14951.23115,7475.615576,7475.615576,0,0,0,1.759733422,0.879866711,,0.000117698,,0.000117698,0.5,1,0.5,1,7475.615576,7475.615576,7475.615576,0,0,1,0,7.87E-09,31757553.47
15443475.39,5049890.548,15446475.39,5049890.548,15446475.39,5046890.548,15443475.39,5046890.548,63515106.93,0,0,0,3315.229307,3315.229307,0,0,0,0,0.173041437,,5.22E-05,,5.22E-05,0,1,0,1,3315.229307,3315.229307,3315.229307,0,0,0,0,0,0
15443475.39,5046890.548,15446475.39,5046890.548,15446475.39,5043890.548,15443475.39,5043890.548,63515106.93,0,0,0,0,0,0,0,0,0,0,,0,,0,0,0,0,0,0,0,0,0,0,0,0,0,0
15443475.39,5043890.548,15446475.39,5043890.548,15446475.39,5040890.548,15443475.39,5040890.548,63515106.93,0,0,0,0,0,0,0,0,0,0,,0,,0,0,0,0,0,0,0,0,0,0,0,0,0,0
15443475.39,5040890.548,15446475.39,5040890.548,15446475.39,5037890.548,15443475.39,5037890.548,63515106.93,7.87E-09,7.87E-09,5576.497719,2788.248859,2788.248859,0,0,0,0.244802601,0.122401301,,4.39E-05,,4.39E-05,0.5,1,0.5,1,2788.248859,2788.248859,2788.248859,0,0,1,0,7.87E-09,31757553.47
15443475.39,5037890.548,15446475.39,5037890.548,15446475.39,5034890.548,15443475.39,5034890.548,63515106.93,1.57E-08,1.57E-08,5473.676828,156.8302692,5316.846559,0,0,0,0.471716722,0.235858361,,8.62E-05,,8.62E-05,1,2,1,2,2736.838414,156.8302692,5316.846559,0,0,1,0,1.57E-08,63515106.93
15443475.39,5034890.548,15446475.39,5034890.548,15446475.39,5031890.548,15443475.39,5031890.548,63515106.93,7.87E-09,7.87E-09,13857.13716,6928.568581,6928.568581,0,0,0,1.511610856,0.755805428,,0.000109085,,0.000109085,0.5,1,0.5,1,6928.568581,6928.568581,6928.568581,0,0,1,0,7.87E-09,31757553.47
15443475.39,5031890.548,15446475.39,5031890.548,15446475.39,5028890.548,15443475.39,5028890.548,63515106.93,0,0,0,2280.702713,5853.828055,0,0,0,0,0.520904349,,0.000128072,,0.000128072,0,2,0,2,4067.265384,2280.702713,5853.828055,0,0,0,0,0,0
15443475.39,5028890.548,15446475.39,5028890.548,15446475.39,5025890.548,15443475.39,5025890.548,63515106.93,0,0,0,8177.876399,8177.876399,0,0,0,0,1.052941034,,0.000128755,,0.000128755,0,1,0,1,8177.876399,8177.876399,8177.876399,0,0,0,0,0,0
15443475.39,5025890.548,15446475.39,5025890.548,15446475.39,5022890.548,15443475.39,5022890.548,63515106.93,7.87E-09,7.87E-09,19891.17055,970.9868114,8974.598464,0,0,0,3.114681569,0.778670392,,0.000156586,,0.000156586,0.5,2,0.5,2,4972.792638,970.9868114,8974.598464,0,0,1,0,7.87E-09,31757553.47
15443475.39,5022890.548,15446475.39,5022890.548,15446475.39,5019890.548,15443475.39,5019890.548,63515106.93,7.87E-09,7.87E-09,22207.10056,2475.814184,8627.736096,0,0,0,3.882189129,0.970547282,,0.000174817,,0.000174817,0.5,2,0.5,2,5551.77514,2475.814184,8627.736096,0,0,1,0,7.87E-09,31757553.47
15443475.39,5019890.548,15446475.39,5019890.548,15446475.39,5016890.548,15443475.39,5016890.548,63515106.93,1.57E-08,1.57E-08,8838.378842,3435.256913,5403.121929,0,0,0,1.229895443,0.614947721,,0.000139154,,0.000139154,1,2,1,2,4419.189421,3435.256913,5403.121929,0,0,1,0,1.57E-08,63515106.93
15443475.39,5016890.548,15446475.39,5016890.548,15446475.39,5013890.548,15443475.39,5013890.548,63515106.93,3.15E-08,3.15E-08,4333.797038,671.2739854,4578.345631,0,0,0,0.591411955,0.295705977,,0.000136465,,0.000136465,2,4,2,4,2166.898519,671.2739854,4578.345631,0,0,1,0,3.15E-08,127030213.9
15443475.39,5013890.548,15446475.39,5013890.548,15446475.39,5010890.548,15443475.39,5010890.548,63515106.93,1.57E-08,1.57E-08,6668.823105,2350.801152,4318.021952,0,0,0,0.700198799,0.3500994,,0.000104996,,0.000104996,1,2,1,2,3334.411552,2350.801152,4318.021952,0,0,1,0,1.57E-08,63515106.93
15443475.39,5010890.548,15446475.39,5010890.548,15446475.39,5007890.548,15443475.39,5007890.548,63515106.93,7.87E-09,7.87E-09,4503.004037,2251.502019,2251.502019,0,0,0,0.159623799,0.0798119,,3.54E-05,,3.54E-05,0.5,1,0.5,1,2251.502019,2251.502019,2251.502019,0,0,1,0,7.87E-09,31757553.47
15443475.39,5007890.548,15446475.39,5007890.548,15446475.39,5004890.548,15443475.39,5004890.548,63515106.93,0,0,0,0,0,0,0,0,0,0,,0,,0,0,0,0,0,0,0,0,0,0,0,0,0,0
15443475.39,5004890.548,15446475.39,5004890.548,15446475.39,5001890.548,15443475.39,5001890.548,63515106.93,0,0,0,5175.898109,5175.898109,0,0,0,0,0.421788178,,8.15E-05,,8.15E-05,0,1,0,1,5175.898109,5175.898109,5175.898109,0,0,0,0,0,0
15443475.39,5001890.548,15446475.39,5001890.548,15446475.39,4998890.548,15443475.39,4998890.548,63515106.93,0,0,0,9044.55587,9044.55587,0,0,0,0,1.287945417,,0.0001424,,0.0001424,0,1,0,1,9044.55587,9044.55587,9044.55587,0,0,0,0,0,0
15443475.39,4998890.548,15446475.39,4998890.548,15446475.39,4995890.548,15443475.39,4995890.548,63515106.93,2.36E-08,7.87E-09,10798.37124,1299.185081,7687.362129,2,4,1.57E-08,2.753789461,1.37689473,,0.000255019,,0.000255019,1.5,4,0.5,3,5399.185619,1299.185081,7687.362129,0.666666667,2,3,1,3,1
15443475.39,4995890.548,15446475.39,4995890.548,15446475.39,4992890.548,15443475.39,4992890.548,63515106.93,3.15E-08,1.57E-08,6118.467671,649.4242351,7151.885981,1.5,2,1.57E-08,1.178795044,0.785863363,,0.000192662,,0.000192662,2,4,1,3,4078.978447,649.4240727,9006.141335,0.5,1,3.5,1,3.000000008,31757554.47
15443475.39,4992890.548,15446475.39,4992890.548,15446475.39,4989890.548,15443475.39,4989890.548,63515106.93,0,0,0,6719.657445,6719.657445,0,0,0,0,0.710914294,,0.000105796,,0.000105796,0,1,0,1,6719.657537,6719.657537,6719.657537,0,0,0,0,0,0
15443475.39,4989890.548,15446475.39,4989890.548,15446475.39,4986890.548,15443475.39,4986890.548,63515106.93,0,0,0,8594.676735,8594.676735,0,0,0,0,1.163006279,,0.000135317,,0.000135317,0,1,0,1,8594.676735,8594.676735,8594.676735,0,0,0,0,0,0
15443475.39,4986890.548,15446475.39,4986890.548,15446475.39,4983890.548,15443475.39,4983890.548,63515106.93,0,0,0,8453.471588,8453.471588,0,0,0,0,1.125105275,,0.000133094,,0.000133094,0,1,0,1,8453.471588,8453.471588,8453.471588,0,0,0,0,0,0
15443475.39,4983890.548,15446475.39,4983890.548,15446475.39,4980890.548,15443475.39,4980890.548,63515106.93,0,0,0,2747.266649,2747.266649,0,0,0,0,0.118829589,,4.33E-05,,4.33E-05,0,1,0,1,2747.266649,2747.266649,2747.266649,0,0,0,0,0,0
15443475.39,4980890.548,15446475.39,4980890.548,15446475.39,4977890.548,15443475.39,4977890.548,63515106.93,0,0,0,0,0,0,0,0,0,0,,0,,0,0,0,0,0,0,0,0,0,0,0,0,0,0
15443475.39,4977890.548,15446475.39,4977890.548,15446475.39,4974890.548,15443475.39,4974890.548,63515106.93,0,0,0,0,0,0,0,0,0,0,,0,,0,0,0,0,0,0,0,0,0,0,0,0,0,0
15443475.39,4974890.548,15446475.39,4974890.548,15446475.39,4971890.548,15443475.39,4971890.548,63515106.93,0,0,0,5755.597662,5755.597662,0,0,0,0,0.521559453,,9.06E-05,,9.06E-05,0,1,0,1,5755.597662,5755.597662,5755.597662,0,0,0,0,0,0
15443475.39,4971890.548,15446475.39,4971890.548,15446475.39,4968890.548,15443475.39,4968890.548,63515106.93,0,0,0,8710.861116,8710.861116,0,0,0,0,1.194662263,,0.000137146,,0.000137146,0,1,0,1,8710.861116,8710.861116,8710.861116,0,0,0,0,0,0
15443475.39,4968890.548,15446475.39,4968890.548,15446475.39,4965890.548,15443475.39,4965890.548,63515106.93,0,0,0,8658.785529,8658.785529,0,0,0,0,1.180421013,,0.000136326,,0.000136326,0,1,0,1,8658.785529,8658.785529,8658.785529,0,0,0,0,0,0
15443475.39,4965890.548,15446475.39,4965890.548,15446475.39,4962890.548,15443475.39,4962890.548,63515106.93,0,0,0,5434.148016,5434.148016,0,0,0,0,0.464928205,,8.56E-05,,8.56E-05,0,1,0,1,5434.148016,5434.148016,5434.148016,0,0,0,0,0,0
15443475.39,4962890.548,15446475.39,4962890.548,15446475.39,4959890.548,15443475.39,4959890.548,63515106.93,0,0,0,0,0,0,0,0,0,0,,0,,0,0,0,0,0,0,0,0,0,0,0,0,0,0
15443475.39,4959890.548,15446475.39,4959890.548,15446475.39,4956890.548,15443475.39,4956890.548,63515106.93,7.87E-09,7.87E-09,3794.687502,1897.343751,1897.343751,0,0,0,0.113356128,0.056678064,,2.99E-05,,2.99E-05,0.5,1,0.5,1,1897.343751,1897.343751,1897.343751,0,0,1,0,7.87E-09,31757553.47
15443475.39,4956890.548,15446475.39,4956890.548,15446475.39,4953890.548,15443475.39,4953890.548,63515106.93,7.87E-09,7.87E-09,9274.692612,4637.346306,4637.346306,0,0,0,0.677161129,0.338580565,,7.30E-05,,7.30E-05,0.5,1,0.5,1,4637.346306,4637.346306,4637.346306,0,0,1,0,7.87E-09,31757553.47
15443475.39,4953890.548,15446475.39,4953890.548,15446475.39,4950890.548,15443475.39,4950890.548,63515106.93,7.87E-09,7.87E-09,12499.02012,6249.510059,6249.510059,0,0,0,1.229829496,0.614914748,,9.84E-05,,9.84E-05,0.5,1,0.5,1,6249.510059,6249.510059,6249.510059,0,0,1,0,7.87E-09,31757553.47
15443475.39,4950890.548,15446475.39,4950890.548,15446475.39,4947890.548,15443475.39,4947890.548,63515106.93,0,0,0,3586.757963,3586.757963,0,0,0,0,0.202547603,,5.65E-05,,5.65E-05,0,1,0,1,3586.757963,3586.757963,3586.757963,0,0,0,0,0,0
15443475.39,4947890.548,15446475.39,4947890.548,15446475.39,4944890.548,15443475.39,4944890.548,63515106.93,0,0,0,0,0,0,0,0,0,0,,0,,0,0,0,0,0,0,0,0,0,0,0,0,0,0
15443475.39,4944890.548,15446475.39,4944890.548,15446475.39,4941890.548,15443475.39,4941890.548,63515106.93,0,0,0,0,0,0,0,0,0,0,,0,,0,0,0,0,0,0,0,0,0,0,0,0,0,0
15446475.39,5121890.548,15449475.39,5121890.548,15449475.39,5118890.548,15446475.39,5118890.548,63515106.93,1.57E-08,1.57E-08,12246.70267,5859.790403,6386.912265,0,0,0,2.361355172,1.180677586,,0.000192816,,0.000192816,1,2,1,2,6123.351334,5859.790403,6386.912265,0,0,1,0,1.57E-08,63515106.93
15446475.39,5118890.548,15449475.39,5118890.548,15449475.39,5115890.548,15446475.39,5115890.548,63515106.93,3.15E-08,3.15E-08,10474.12299,2254.632427,7724.196118,0,0,0,3.454524688,1.381809875,,0.000329815,,0.000329815,2,5,2,5,4189.649197,2254.632427,7724.196118,0,0,1,0,3.15E-08,127030213.9
15446475.39,5115890.548,15449475.39,5115890.548,15449475.39,5112890.548,15446475.39,5112890.548,63515106.93,3.94E-08,3.94E-08,9359.609795,543.8693015,7096.468332,0,0,0,3.448088957,1.436703732,,0.000368401,,0.000368401,2.5,6,2.5,6,3899.837415,543.8690401,7096.468332,0,0,1,0,3.94E-08,158787767.3
15446475.39,5112890.548,15449475.39,5112890.548,15449475.39,5109890.548,15446475.39,5109890.548,63515106.93,7.08E-08,5.51E-08,4744.862795,1092.851025,5914.258715,0.666666667,0.571428571,1.57E-08,1.595081204,1.025409346,,0.00033617,,0.00033617,4.5,8,3.5,7,3050.26894,1092.851025,5914.258715,0.222222222,0.285714286,3.857142857,1,3.000000047,190545321.8
15446475.39,5109890.548,15449475.39,5109890.548,15449475.39,5106890.548,15446475.39,5106890.548,63515106.93,4.72E-08,3.15E-08,4211.431375,1678.904916,3358.884352,1,1,1.57E-08,0.837729247,0.628296935,,0.000198918,,0.000198918,3,5,2,4,3158.573531,1678.904916,4384.797221,0.333333333,0.5,3.75,1,3.000000024,95272661.4
15446475.39,5106890.548,15449475.39,5106890.548,15449475.39,5103890.548,15446475.39,5103890.548,63515106.93,2.36E-08,2.36E-08,10486.37876,2949.897423,8105.312881,0,0,0,2.596960268,1.298480134,,0.000247651,,0.000247651,1.5,3,1.5,3,5243.189378,2949.897423,8105.312881,0,0,1,0,2.36E-08,95272660.4
15446475.39,5103890.548,15449475.39,5103890.548,15449475.39,5100890.548,15446475.39,5100890.548,63515106.93,0,0,0,6572.948249,8772.659885,0,0,0,0,1.853792746,,0.000241606,,0.000241606,0,2,0,2,7672.804067,6572.948249,8772.659885,0,0,0,0,0,0
15446475.39,5100890.548,15449475.39,5100890.548,15449475.39,5097890.548,15446475.39,5097890.548,63515106.93,7.87E-09,7.87E-09,37840.42827,1321.915795,8989.736249,0,0,0,11.27210581,1.409013226,,0.000297885,,0.000297885,0.5,4,0.5,4,4730.053533,1321.915795,8989.736249,0,0,1,0,7.87E-09,31757553.47
15446475.39,5097890.548,15449475.39,5097890.548,15449475.39,5094890.548,15446475.39,5094890.548,63515106.93,7.87E-09,7.87E-09,45542.54663,1841.191709,8623.13797,0,0,0,16.32779706,2.040974633,,0.000358517,,0.000358517,0.5,4,0.5,4,5692.818328,1841.191709,8623.13797,0,0,1,0,7.87E-09,31757553.47
15446475.39,5094890.548,15449475.39,5094890.548,15449475.39,5091890.548,15446475.39,5091890.548,63515106.93,3.94E-08,2.36E-08,10370.31245,1477.708728,8363.956483,1.2,1.333333333,1.57E-08,4.232984301,2.116492151,,0.000408183,,0.000408183,2.5,6,1.5,5,5185.156223,1477.708728,8363.956483,0.4,0.666666667,3.666666667,1,3.000000016,63515107.93
15446475.39,5091890.548,15449475.39,5091890.548,15449475.39,5088890.548,15446475.39,5088890.548,63515106.93,6.30E-08,4.72E-08,3874.774266,90.8399046,6420.725683,0.75,0.666666667,1.57E-08,0.945530998,0.756424798,,0.000244022,,0.000244022,4,6,3,5,3099.819413,90.8399046,6420.725683,0.25,0.333333333,3.833333333,1,3.000000039,158787768.3
15446475.39,5088890.548,15449475.39,5088890.548,15449475.39,5085890.548,15446475.39,5085890.548,63515106.93,5.51E-08,5.51E-08,2901.497379,140.4590353,3444.72139,0,0,0,0.463911754,0.27061519,,0.000159887,,0.000159887,3.5,6,3.5,6,1692.540138,140.4590353,3444.721389,0,0,1,0,5.51E-08,222302874.3
15446475.39,5085890.548,15449475.39,5085890.548,15449475.39,5082890.548,15446475.39,5082890.548,63515106.93,6.30E-08,6.30E-08,2993.436505,56.03644282,3897.173426,0,0,0,0.564316903,0.376211269,,0.000188518,,0.000188518,4,6,4,6,1995.624337,56.03644282,3897.173426,0,0,1,0,6.30E-08,254060427.7
15446475.39,5082890.548,15449475.39,5082890.548,15449475.39,5079890.548,15446475.39,5079890.548,63515106.93,3.15E-08,3.15E-08,9715.296555,3231.057699,6957.244794,0,0,0,2.972111414,1.486055707,,0.000305921,,0.000305921,2,4,2,4,4857.648277,3231.057699,6957.244794,0,0,1,0,3.15E-08,127030213.9
15446475.39,5079890.548,15449475.39,5079890.548,15449475.39,5076890.548,15446475.39,5076890.548,63515106.93,1.57E-08,1.57E-08,16056.69746,3283.821138,8995.753113,0,0,0,4.059152944,1.353050981,,0.000252801,,0.000252801,1,3,1,3,5352.232487,3283.821138,8995.753113,0,0,1,0,1.57E-08,63515106.93
15446475.39,5076890.548,15449475.39,5076890.548,15449475.39,5073890.548,15446475.39,5073890.548,63515106.93,1.57E-08,1.57E-08,21377.11587,2479.266133,8161.549515,0,0,0,7.194840804,1.798710201,,0.000336567,,0.000336567,1,4,1,4,5344.278968,2479.266133,8161.549515,0,0,1,0,1.57E-08,63515106.93
15446475.39,5073890.548,15449475.39,5073890.548,15449475.39,5070890.548,15446475.39,5070890.548,63515106.93,7.87E-08,4.72E-08,5703.097597,668.76386,8353.886432,1.2,1.333333333,3.15E-08,2.560439852,2.133699877,,0.000448956,,0.000448956,5,8,3,6,4752.581331,2207.264808,8584.665136,0.4,0.666666667,6.666666667,2,6.000000031,127030215.9
15446475.39,5070890.548,15449475.39,5070890.548,15449475.39,5067890.548,15446475.39,5067890.548,63515106.93,7.87E-08,4.72E-08,4413.647486,222.7027096,6597.94887,1.2,1.333333333,3.15E-08,1.53351581,1.095368436,,0.000347449,,0.000347449,5,9,3,7,3152.605347,222.7027096,8357.006892,0.4,0.666666667,6.666666667,2,6.000000031,127030215.9
15446475.39,5067890.548,15449475.39,5067890.548,15449475.39,5064890.548,15446475.39,5064890.548,63515106.93,6.30E-08,4.72E-08,4799.006133,1715.28351,6607.137983,0.75,0.666666667,1.57E-08,1.450392574,1.160314059,,0.000302228,,0.000302228,4,6,3,5,3839.204906,1715.28351,6607.137983,0.25,0.333333333,3.833333333,1,3.000000039,158787768.3
15446475.39,5064890.548,15449475.39,5064890.548,15449475.39,5061890.548,15446475.39,5061890.548,63515106.93,4.72E-08,3.15E-08,7272.009623,1933.480547,6060.686674,1,1,1.57E-08,2.49777383,1.498664298,,0.000343478,,0.000343478,3,6,2,5,4363.205774,2823.432038,6060.686674,0.333333333,0.5,3.75,1,3.000000024,95272661.4
15446475.39,5061890.548,15449475.39,5061890.548,15449475.39,5058890.548,15446475.39,5058890.548,63515106.93,4.72E-08,3.15E-08,9476.176055,1381.743303,8793.086648,1,1,1.57E-08,4.241412018,2.120706009,,0.000447587,,0.000447587,3,7,2,6,4738.088028,1381.743303,8793.086648,0.333333333,0.5,3.75,1,3.000000024,95272661.4
15446475.39,5058890.548,15449475.39,5058890.548,15449475.39,5055890.548,15446475.39,5055890.548,63515106.93,7.87E-09,7.87E-09,37227.04048,1653.432292,8834.445624,0,0,0,10.9096293,1.81827155,,0.000293057,,0.000293057,0.5,3,0.5,3,6204.506747,1653.432292,8834.445624,0,0,1,0,7.87E-09,31757553.47
15446475.39,5055890.548,15449475.39,5055890.548,15449475.39,5052890.548,15446475.39,5052890.548,63515106.93,0,0,0,5134.447884,7607.747192,0,0,0,0,1.278148957,,0.000200617,,0.000200617,0,2,0,2,6371.097538,5134.447884,7607.747192,0,0,0,0,0,0
15446475.39,5052890.548,15449475.39,5052890.548,15449475.39,5049890.548,15446475.39,5049890.548,63515106.93,7.87E-09,7.87E-09,17764.37371,8882.186857,8882.186857,0,0,0,2.484235552,1.242117776,,0.000139844,,0.000139844,0.5,1,0.5,1,8882.186857,8882.186857,8882.186857,0,0,1,0,7.87E-09,31757553.47
15446475.39,5049890.548,15449475.39,5049890.548,15449475.39,5046890.548,15446475.39,5046890.548,63515106.93,1.57E-08,1.57E-08,8834.914154,2449.211832,6385.702323,0,0,0,1.228931382,0.614465691,,0.000139099,,0.000139099,1,2,1,2,4417.457077,2449.211832,6385.702323,0,0,1,0,1.57E-08,63515106.93
15446475.39,5046890.548,15449475.39,5046890.548,15449475.39,5043890.548,15446475.39,5043890.548,63515106.93,7.87E-09,7.87E-09,3252.939134,1626.469567,1626.469567,0,0,0,0.08329997,0.041649985,,2.56E-05,,2.56E-05,0.5,1,0.5,1,1626.469567,1626.469567,1626.469567,0,0,1,0,7.87E-09,31757553.47
15446475.39,5043890.548,15449475.39,5043890.548,15449475.39,5040890.548,15446475.39,5040890.548,63515106.93,0,0,0,0,0,0,0,0,0,0,,0,,0,0,0,0,0,0,0,0,0,0,0,0,0,0
15446475.39,5040890.548,15449475.39,5040890.548,15449475.39,5037890.548,15446475.39,5037890.548,63515106.93,1.57E-08,1.57E-08,4646.644876,1058.879702,3587.765174,0,0,0,0.339939735,0.169969867,,7.32E-05,,7.32E-05,1,2,1,2,2323.322438,1058.879702,3587.765174,0,0,1,0,1.57E-08,63515106.93
15446475.39,5037890.548,15449475.39,5037890.548,15449475.39,5034890.548,15446475.39,5034890.548,63515106.93,1.57E-08,1.57E-08,6163.241001,2503.001313,3660.239688,0,0,0,0.598055195,0.299027597,,9.70E-05,,9.70E-05,1,2,1,2,3081.620501,2503.001313,3660.239688,0,0,1,0,1.57E-08,63515106.93
15446475.39,5034890.548,15449475.39,5034890.548,15449475.39,5031890.548,15446475.39,5031890.548,63515106.93,1.57E-08,1.57E-08,5914.387909,1973.102094,3941.285815,0,0,0,0.550734873,0.275367436,,9.31E-05,,9.31E-05,1,2,1,2,2957.193954,1973.102094,3941.285815,0,0,1,0,1.57E-08,63515106.93
15446475.39,5031890.548,15449475.39,5031890.548,15449475.39,5028890.548,15446475.39,5028890.548,63515106.93,7.87E-09,7.87E-09,14189.35649,7094.678246,7094.678246,0,0,0,1.584960235,0.792480118,,0.000111701,,0.000111701,0.5,1,0.5,1,7094.678246,7094.678246,7094.678246,0,0,1,0,7.87E-09,31757553.47
15446475.39,5028890.548,15449475.39,5028890.548,15449475.39,5025890.548,15446475.39,5025890.548,63515106.93,0,0,0,8910.489664,8910.489664,0,0,0,0,1.250046326,,0.000140289,,0.000140289,0,1,0,1,8910.489664,8910.489664,8910.489664,0,0,0,0,0,0
15446475.39,5025890.548,15449475.39,5025890.548,15449475.39,5022890.548,15446475.39,5022890.548,63515106.93,0,0,0,7792.792604,7792.792604,0,0,0,0,0.956112955,,0.000122692,,0.000122692,0,1,0,1,7792.792604,7792.792604,7792.792604,0,0,0,0,0,0
15446475.39,5022890.548,15449475.39,5022890.548,15449475.39,5019890.548,15446475.39,5019890.548,63515106.93,7.87E-09,7.87E-09,22427.88236,4858.398153,6355.543028,0,0,0,3.959765885,0.989941471,,0.000176555,,0.000176555,0.5,2,0.5,2,5606.97059,4858.398153,6355.543028,0,0,1,0,7.87E-09,31757553.47
15446475.39,5019890.548,15449475.39,5019890.548,15449475.39,5016890.548,15446475.39,5016890.548,63515106.93,1.57E-08,1.57E-08,9166.771027,2819.411447,6347.35958,0,0,0,1.322987477,0.661493738,,0.000144324,,0.000144324,1,2,1,2,4583.385513,2819.411447,6347.35958,0,0,1,0,1.57E-08,63515106.93
15446475.39,5016890.548,15449475.39,5016890.548,15449475.39,5013890.548,15446475.39,5013890.548,63515106.93,2.36E-08,2.36E-08,7339.520855,4187.081332,6822.199951,0,0,0,1.272183162,0.954137372,,0.000173333,,0.000173333,1.5,2,1.5,2,5504.640641,4187.081332,6822.199951,0,0,1,0,2.36E-08,95272660.4
15446475.39,5013890.548,15449475.39,5013890.548,15449475.39,5010890.548,15446475.39,5010890.548,63515106.93,7.87E-09,7.87E-09,13543.2727,6771.63635,6771.63635,0,0,0,1.443910309,0.721955155,,0.000106615,,0.000106615,0.5,1,0.5,1,6771.63635,6771.63635,6771.63635,0,0,1,0,7.87E-09,31757553.47
15446475.39,5010890.548,15449475.39,5010890.548,15449475.39,5007890.548,15446475.39,5007890.548,63515106.93,1.57E-08,1.57E-08,5990.50589,2244.704687,3745.801202,0,0,0,0.565001974,0.282500987,,9.43E-05,,9.43E-05,1,2,1,2,2995.252945,2244.704687,3745.801202,0,0,1,0,1.57E-08,63515106.93
15446475.39,5007890.548,15449475.39,5007890.548,15449475.39,5004890.548,15446475.39,5004890.548,63515106.93,7.87E-09,7.87E-09,1896.820145,948.4100724,948.4100724,0,0,0,0.028323393,0.014161696,,1.49E-05,,1.49E-05,0.5,1,0.5,1,948.4100724,948.4100724,948.4100724,0,0,1,0,7.87E-09,31757553.47
15446475.39,5004890.548,15449475.39,5004890.548,15449475.39,5001890.548,15446475.39,5001890.548,63515106.93,7.87E-09,7.87E-09,9342.103409,4671.051704,4671.051704,0,0,0,0.687040456,0.343520228,,7.35E-05,,7.35E-05,0.5,1,0.5,1,4671.051704,4671.051704,4671.051704,0,0,1,0,7.87E-09,31757553.47
15446475.39,5001890.548,15449475.39,5001890.548,15449475.39,4998890.548,15446475.39,4998890.548,63515106.93,1.57E-08,1.57E-08,7114.19158,431.8117107,6682.380076,0,0,0,0.796845416,0.398422708,,0.000112008,,0.000112008,1,2,1,2,3557.09579,431.8115037,6682.380076,0,0,1,0,1.57E-08,63515106.93
15446475.39,4998890.548,15449475.39,4998890.548,15449475.39,4995890.548,15446475.39,4995890.548,63515106.93,7.87E-08,4.72E-08,3680.064051,690.7691161,6499.658988,1.2,1.333333333,3.15E-08,1.066114195,1.066114195,,0.0002897,,0.0002897,5,7,3,5,3680.064051,1794.322081,6499.658988,0.4,0.666666667,6.666666667,2,6.000000031,127030215.9
15446475.39,4995890.548,15449475.39,4995890.548,15449475.39,4992890.548,15446475.39,4992890.548,63515106.93,9.45E-08,4.72E-08,2762.951974,264.924405,4189.079045,1.5,2,4.72E-08,0.721142164,0.865370597,,0.000261004,,0.000261004,6,8,3,5,3315.542368,264.924405,6343.321968,0.5,1,9.5,3,9.000000024,95272663.4
15446475.39,4992890.548,15449475.39,4992890.548,15449475.39,4989890.548,15446475.39,4989890.548,63515106.93,8.66E-08,3.94E-08,3388.72294,480.2914819,4400.229178,1.636363636,2.4,4.72E-08,0.994392365,0.911526335,,0.000293442,,0.000293442,5.5,9,2.5,6,3106.329361,480.2914819,4527.904435,0.545454545,1.2,9.4,3,9.000000016,63515109.93
15446475.39,4989890.548,15449475.39,4989890.548,15449475.39,4986890.548,15446475.39,4986890.548,63515106.93,7.87E-09,7.87E-09,15307.03003,7653.515015,7653.515015,0,0,0,1.844483774,0.922241887,,0.000120499,,0.000120499,0.5,1,0.5,1,7653.515015,7653.515015,7653.515015,0,0,1,0,7.87E-09,31757553.47
15446475.39,4986890.548,15449475.39,4986890.548,15449475.39,4983890.548,15446475.39,4983890.548,63515106.93,7.87E-09,7.87E-09,15846.67521,7923.337605,7923.337605,0,0,0,1.976829823,0.988414912,,0.000124747,,0.000124747,0.5,1,0.5,1,7923.337605,7923.337605,7923.337605,0,0,1,0,7.87E-09,31757553.47
15446475.39,4983890.548,15449475.39,4983890.548,15449475.39,4980890.548,15446475.39,4980890.548,63515106.93,0,0,0,0,0,0,0,0,0,0,,0,,0,0,0,0,0,0,0,0,0,0,0,0,0,0
15446475.39,4980890.548,15449475.39,4980890.548,15449475.39,4977890.548,15446475.39,4977890.548,63515106.93,0,0,0,0,0,0,0,0,0,0,,0,,0,0,0,0,0,0,0,0,0,0,0,0,0,0
15446475.39,4977890.548,15449475.39,4977890.548,15449475.39,4974890.548,15446475.39,4974890.548,63515106.93,0,0,0,3536.850547,3536.850547,0,0,0,0,0.196950181,,5.57E-05,,5.57E-05,0,1,0,1,3536.850547,3536.850547,3536.850547,0,0,0,0,0,0
15446475.39,4974890.548,15449475.39,4974890.548,15449475.39,4971890.548,15446475.39,4971890.548,63515106.93,0,0,0,8301.141496,8301.141496,0,0,0,0,1.084922209,,0.000130696,,0.000130696,0,1,0,1,8301.141496,8301.141496,8301.141496,0,0,0,0,0,0
15446475.39,4971890.548,15449475.39,4971890.548,15449475.39,4968890.548,15446475.39,4968890.548,63515106.93,0,0,0,8898.333336,8898.333336,0,0,0,0,1.246637847,,0.000140098,,0.000140098,0,1,0,1,8898.333336,8898.333336,8898.333336,0,0,0,0,0,0
15446475.39,4968890.548,15449475.39,4968890.548,15449475.39,4965890.548,15446475.39,4965890.548,63515106.93,0,0,0,6436.408251,6436.408251,0,0,0,0,0.652244059,,0.000101337,,0.000101337,0,1,0,1,6436.408251,6436.408251,6436.408251,0,0,0,0,0,0
15446475.39,4965890.548,15449475.39,4965890.548,15449475.39,4962890.548,15446475.39,4962890.548,63515106.93,0,0,0,0,0,0,0,0,0,0,,0,,0,0,0,0,0,0,0,0,0,0,0,0,0,0
15446475.39,4962890.548,15449475.39,4962890.548,15449475.39,4959890.548,15446475.39,4959890.548,63515106.93,0,0,0,0,0,0,0,0,0,0,,0,,0,0,0,0,0,0,0,0,0,0,0,0,0,0
15446475.39,4959890.548,15449475.39,4959890.548,15449475.39,4956890.548,15446475.39,4956890.548,63515106.93,7.87E-09,7.87E-09,760.8069466,380.4034733,380.4034733,0,0,0,0.004556611,0.002278305,,5.99E-06,,5.99E-06,0.5,1,0.5,1,380.4034733,380.4034733,380.4034733,0,0,1,0,7.87E-09,31757553.47
15446475.39,4956890.548,15449475.39,4956890.548,15449475.39,4953890.548,15446475.39,4953890.548,63515106.93,7.87E-09,7.87E-09,4098.928413,2049.464207,2049.464207,0,0,0,0.132261559,0.06613078,,3.23E-05,,3.23E-05,0.5,1,0.5,1,2049.464207,2049.464207,2049.464207,0,0,1,0,7.87E-09,31757553.47
15446475.39,4953890.548,15449475.39,4953890.548,15449475.39,4950890.548,15446475.39,4950890.548,63515106.93,7.87E-09,7.87E-09,3937.662995,1968.831497,1968.831497,0,0,0,0.122059071,0.061029535,,3.10E-05,,3.10E-05,0.5,1,0.5,1,1968.831497,1968.831497,1968.831497,0,0,1,0,7.87E-09,31757553.47
15446475.39,4950890.548,15449475.39,4950890.548,15449475.39,4947890.548,15446475.39,4947890.548,63515106.93,0,0,0,0,0,0,0,0,0,0,,0,,0,0,0,0,0,0,0,0,0,0,0,0,0,0
15446475.39,4947890.548,15449475.39,4947890.548,15449475.39,4944890.548,15446475.39,4944890.548,63515106.93,0,0,0,0,0,0,0,0,0,0,,0,,0,0,0,0,0,0,0,0,0,0,0,0,0,0
15446475.39,4944890.548,15449475.39,4944890.548,15449475.39,4941890.548,15446475.39,4941890.548,63515106.93,0,0,0,0,0,0,0,0,0,0,,0,,0,0,0,0,0,0,0,0,0,0,0,0,0,0
15449475.39,5121890.548,15452475.39,5121890.548,15452475.39,5118890.548,15449475.39,5118890.548,63515106.93,1.57E-08,1.57E-08,10620.93915,3501.712163,7119.226987,0,0,0,1.776023908,0.888011954,,0.000167219,,0.000167219,1,2,1,2,5310.469575,3501.712163,7119.226987,0,0,1,0,1.57E-08,63515106.93
15449475.39,5118890.548,15452475.39,5118890.548,15452475.39,5115890.548,15449475.39,5115890.548,63515106.93,2.36E-08,2.36E-08,15136.05776,500.0235221,7038.231215,0,0,0,5.410529614,1.623158884,,0.00035746,,0.00035746,1.5,5,1.5,5,4540.817329,500.0235221,7038.231215,0,0,1,0,2.36E-08,95272660.4
15449475.39,5115890.548,15452475.39,5115890.548,15452475.39,5112890.548,15449475.39,5112890.548,63515106.93,2.36E-08,2.36E-08,15389.73999,3712.53821,8600.921703,0,0,0,5.593411747,2.097529405,,0.000363451,,0.000363451,1.5,4,1.5,4,5771.152495,3712.53821,8600.921703,0,0,1,0,2.36E-08,95272660.4
15449475.39,5112890.548,15452475.39,5112890.548,15452475.39,5109890.548,15449475.39,5109890.548,63515106.93,3.94E-08,3.94E-08,8865.847373,216.9202956,8753.198475,0,0,0,3.09388008,1.2891167,,0.000348966,,0.000348966,2.5,6,2.5,6,3694.103072,216.9202956,8753.198475,0,0,1,0,3.94E-08,158787767.3
15449475.39,5109890.548,15452475.39,5109890.548,15452475.39,5106890.548,15449475.39,5106890.548,63515106.93,3.94E-08,3.94E-08,6526.510735,1199.434411,5451.418297,0,0,0,1.676583117,0.838291558,,0.000256888,,0.000256888,2.5,5,2.5,5,3263.255368,1199.434513,5451.418297,0,0,1,0,3.94E-08,158787767.3
15449475.39,5106890.548,15452475.39,5106890.548,15452475.39,5103890.548,15449475.39,5103890.548,63515106.93,3.94E-08,3.94E-08,6790.930548,875.391855,7506.144504,0,0,0,1.815187753,1.134492346,,0.000267296,,0.000267296,2.5,4,2.5,4,4244.331592,875.391855,7506.144504,0,0,1,0,3.94E-08,158787767.3
15449475.39,5103890.548,15452475.39,5103890.548,15452475.39,5100890.548,15449475.39,5100890.548,63515106.93,1.57E-08,1.57E-08,19773.20007,2518.536099,8946.365301,0,0,0,6.155692083,1.538923021,,0.000311315,,0.000311315,1,4,1,4,4943.300017,2518.536099,8946.365301,0,0,1,0,1.57E-08,63515106.93
15449475.39,5100890.548,15452475.39,5100890.548,15452475.39,5097890.548,15449475.39,5097890.548,63515106.93,7.87E-09,7.87E-09,43958.11592,5791.00096,8884.589935,0,0,0,15.21146739,2.535244565,,0.000346045,,0.000346045,0.5,3,0.5,3,7326.352654,5791.00096,8884.589935,0,0,1,0,7.87E-09,31757553.47
15449475.39,5097890.548,15452475.39,5097890.548,15452475.39,5094890.548,15449475.39,5094890.548,63515106.93,7.87E-09,7.87E-09,49005.48277,7786.262394,8394.905681,0,0,0,18.90524521,3.150874201,,0.000385778,,0.000385778,0.5,3,0.5,3,8167.580462,7786.262394,8394.905681,0,0,1,0,7.87E-09,31757553.47
15449475.39,5094890.548,15452475.39,5094890.548,15452475.39,5091890.548,15449475.39,5091890.548,63515106.93,0,0,0,5808.504333,8561.815829,0,0,0,0,2.706683952,,0.000357553,,0.000357553,0,3,0,3,7570.013664,5808.504333,8561.815829,0,0,0,0,0,0
15449475.39,5091890.548,15452475.39,5091890.548,15452475.39,5088890.548,15449475.39,5088890.548,63515106.93,7.87E-09,7.87E-09,25923.06851,1624.553589,8618.301167,0,0,0,5.290123197,0.881687199,,0.00020407,,0.00020407,0.5,3,0.5,3,4320.511419,1624.553589,8618.301167,0,0,1,0,7.87E-09,31757553.47
15449475.39,5088890.548,15452475.39,5088890.548,15452475.39,5085890.548,15449475.39,5085890.548,63515106.93,3.15E-08,3.15E-08,3483.458183,1044.236211,2798.724363,0,0,0,0.382097472,0.191048736,,0.000109689,,0.000109689,2,4,2,4,1741.729091,1044.236211,2798.724363,0,0,1,0,3.15E-08,127030213.9
15449475.39,5085890.548,15452475.39,5085890.548,15452475.39,5082890.548,15449475.39,5082890.548,63515106.93,2.36E-08,2.36E-08,1682.770295,348.9894065,1480.798274,0,0,0,0.066875016,0.033437508,,3.97E-05,,3.97E-05,1.5,3,1.5,3,841.3851474,348.9894065,1480.798274,0,0,1,0,2.36E-08,95272660.4
15449475.39,5082890.548,15452475.39,5082890.548,15452475.39,5079890.548,15449475.39,5079890.548,63515106.93,1.57E-08,1.57E-08,10629.21002,1315.769666,7775.569501,0,0,0,1.778791079,0.59293036,,0.000167349,,0.000167349,1,3,1,3,3543.070006,1315.769666,7775.569501,0,0,1,0,1.57E-08,63515106.93
15449475.39,5079890.548,15452475.39,5079890.548,15452475.39,5076890.548,15449475.39,5076890.548,63515106.93,1.57E-08,1.57E-08,15290.13129,929.7604293,8889.413456,0,0,0,3.680826911,0.920206728,,0.000240732,,0.000240732,1,4,1,4,3822.532822,929.7604293,8889.413456,0,0,1,0,1.57E-08,63515106.93
15449475.39,5076890.548,15452475.39,5076890.548,15452475.39,5073890.548,15449475.39,5073890.548,63515106.93,3.94E-08,2.36E-08,8095.488005,513.435511,8447.181086,1.2,1.333333333,1.57E-08,2.579580245,1.074825102,,0.000318644,,0.000318644,2.5,7,1.5,6,3373.120002,513.435511,8447.181086,0.4,0.666666667,3.666666667,1,3.000000016,63515107.93
15449475.39,5073890.548,15452475.39,5073890.548,15452475.39,5070890.548,15449475.39,5070890.548,63515106.93,4.72E-08,3.15E-08,7058.457992,35.97804301,8583.715098,1,1,1.57E-08,2.353227364,1.411936418,,0.000333391,,0.000333391,3,6,2,5,4235.074795,35.97804301,8682.563442,0.333333333,0.5,3.75,1,3.000000024,95272661.4
15449475.39,5070890.548,15452475.39,5070890.548,15452475.39,5067890.548,15449475.39,5067890.548,63515106.93,3.94E-08,2.36E-08,6041.889898,1158.903864,4915.768,1.2,1.333333333,1.57E-08,1.436840592,0.89802537,,0.000237813,,0.000237813,2.5,5,1.5,4,3776.181186,1158.903864,8211.778087,0.4,0.666666667,3.666666667,1,3.000000016,63515107.93
15449475.39,5067890.548,15452475.39,5067890.548,15452475.39,5064890.548,15449475.39,5064890.548,63515106.93,3.15E-08,3.15E-08,4898.421318,1600.862795,3400.590123,0,0,0,0.755553523,0.377776762,,0.000154244,,0.000154244,2,4,2,4,2449.210659,1600.862843,3400.590123,0,0,1,0,3.15E-08,127030213.9
15449475.39,5064890.548,15452475.39,5064890.548,15452475.39,5061890.548,15449475.39,5061890.548,63515106.93,4.72E-08,3.15E-08,4049.232985,339.9087719,6224.969702,1,1,1.57E-08,0.774443525,0.580832644,,0.000191257,,0.000191257,3,5,2,4,3036.924739,339.9087719,6224.969702,0.333333333,0.5,3.75,1,3.000000024,95272661.4
15449475.39,5061890.548,15452475.39,5061890.548,15452475.39,5058890.548,15449475.39,5058890.548,63515106.93,2.36E-08,2.36E-08,15939.48567,919.3325583,8320.952713,0,0,0,6.000160016,1.800048005,,0.000376434,,0.000376434,1.5,5,1.5,5,4781.8457,919.3325583,8320.952713,0,0,1,0,2.36E-08,95272660.4
15449475.39,5058890.548,15452475.39,5058890.548,15452475.39,5055890.548,15449475.39,5055890.548,63515106.93,1.57E-08,1.57E-08,22820.82699,1270.282586,8989.71205,0,0,0,8.199468911,2.049867228,,0.000359298,,0.000359298,1,4,1,4,5705.206749,1270.282586,8989.71205,0,0,1,0,1.57E-08,63515106.93
15449475.39,5055890.548,15452475.39,5055890.548,15452475.39,5052890.548,15449475.39,5052890.548,63515106.93,0,0,0,2993.374099,6760.624664,0,0,0,0,0.898747979,,0.000206035,,0.000206035,0,3,0,3,4362.112408,2993.374099,6760.624664,0,0,0,0,0,0
15449475.39,5052890.548,15452475.39,5052890.548,15452475.39,5049890.548,15449475.39,5049890.548,63515106.93,1.57E-08,1.57E-08,11392.64479,5287.27507,6105.369724,0,0,0,2.043487946,1.021743973,,0.000179369,,0.000179369,1,2,1,2,5696.322397,5287.27507,6105.369724,0,0,1,0,1.57E-08,63515106.93
15449475.39,5049890.548,15452475.39,5049890.548,15452475.39,5046890.548,15449475.39,5046890.548,63515106.93,2.36E-08,2.36E-08,7905.226488,1613.569102,5597.031297,0,0,0,1.475852176,0.737926088,,0.000186693,,0.000186693,1.5,3,1.5,3,3952.613244,1613.569102,5597.031297,0,0,1,0,2.36E-08,95272660.4
15449475.39,5046890.548,15452475.39,5046890.548,15452475.39,5043890.548,15449475.39,5043890.548,63515106.93,2.36E-08,2.36E-08,6083.464997,1800.220756,3948.364058,0,0,0,0.8740097,0.43700485,,0.00014367,,0.00014367,1.5,3,1.5,3,3041.732498,1800.220756,3948.364058,0,0,1,0,2.36E-08,95272660.4
15449475.39,5043890.548,15452475.39,5043890.548,15452475.39,5040890.548,15449475.39,5040890.548,63515106.93,7.87E-09,7.87E-09,10185.51335,1584.665239,3508.091296,0,0,0,0.816692967,0.204173242,,8.02E-05,,8.02E-05,0.5,2,0.5,2,2546.378338,1584.665239,3508.091436,0,0,1,0,7.87E-09,31757553.47
15449475.39,5040890.548,15452475.39,5040890.548,15452475.39,5037890.548,15449475.39,5037890.548,63515106.93,7.87E-09,7.87E-09,15165.98553,7582.992767,7582.992767,0,0,0,1.810648902,0.905324451,,0.000119389,,0.000119389,0.5,1,0.5,1,7582.992767,7582.992767,7582.992767,0,0,1,0,7.87E-09,31757553.47
15449475.39,5037890.548,15452475.39,5037890.548,15452475.39,5034890.548,15449475.39,5034890.548,63515106.93,1.57E-08,1.57E-08,6437.289441,166.8883553,6270.401086,0,0,0,0.652422665,0.326211333,,0.000101351,,0.000101351,1,2,1,2,3218.644721,166.8883553,6270.401086,0,0,1,0,1.57E-08,63515106.93
15449475.39,5034890.548,15452475.39,5034890.548,15452475.39,5031890.548,15449475.39,5031890.548,63515106.93,1.57E-08,1.57E-08,6538.690459,3031.5005,3507.189959,0,0,0,0.673138644,0.336569322,,0.000102947,,0.000102947,1,2,1,2,3269.34523,3031.5005,3507.189959,0,0,1,0,1.57E-08,63515106.93
15449475.39,5031890.548,15452475.39,5031890.548,15452475.39,5028890.548,15449475.39,5028890.548,63515106.93,7.87E-09,7.87E-09,18022.90806,3804.851345,5206.602687,0,0,0,2.557070521,0.63926763,,0.000141879,,0.000141879,0.5,2,0.5,2,4505.727016,3804.851345,5206.602687,0,0,1,0,7.87E-09,31757553.47
15449475.39,5028890.548,15452475.39,5028890.548,15452475.39,5025890.548,15449475.39,5025890.548,63515106.93,7.87E-09,7.87E-09,22800.68694,5158.545638,6241.797833,0,0,0,4.092501376,1.023125344,,0.00017949,,0.00017949,0.5,2,0.5,2,5700.171736,5158.545638,6241.797833,0,0,1,0,7.87E-09,31757553.47
15449475.39,5025890.548,15452475.39,5025890.548,15452475.39,5022890.548,15449475.39,5022890.548,63515106.93,7.87E-09,7.87E-09,6135.429817,3067.714909,3067.714909,0,0,0,0.296335005,0.148167502,,4.83E-05,,4.83E-05,0.5,1,0.5,1,3067.714909,3067.714909,3067.714909,0,0,1,0,7.87E-09,31757553.47
15449475.39,5022890.548,15452475.39,5022890.548,15452475.39,5019890.548,15449475.39,5019890.548,63515106.93,7.87E-09,7.87E-09,17361.20884,568.4062333,8112.198187,0,0,0,2.372754979,0.593188745,,0.00013667,,0.00013667,0.5,2,0.5,2,4340.30221,568.4062333,8112.198187,0,0,1,0,7.87E-09,31757553.47
15449475.39,5019890.548,15452475.39,5019890.548,15452475.39,5016890.548,15449475.39,5016890.548,63515106.93,1.57E-08,1.57E-08,12037.31836,822.9069998,8868.367523,0,0,0,2.281300314,0.760433438,,0.000189519,,0.000189519,1,3,1,3,4012.439455,822.9069998,8868.367523,0,0,1,0,1.57E-08,63515106.93
15449475.39,5016890.548,15452475.39,5016890.548,15452475.39,5013890.548,15449475.39,5013890.548,63515106.93,1.57E-08,1.57E-08,10056.74829,626.8346439,4802.965823,0,0,0,1.592348513,0.530782838,,0.000158336,,0.000158336,1,3,1,3,3352.249428,626.8346439,4802.965823,0,0,1,0,1.57E-08,63515106.93
15449475.39,5013890.548,15452475.39,5013890.548,15452475.39,5010890.548,15449475.39,5010890.548,63515106.93,1.57E-08,1.57E-08,11836.45486,5346.941615,6489.513249,0,0,0,2.205800644,1.102900322,,0.000186357,,0.000186357,1,2,1,2,5918.227432,5346.941615,6489.513249,0,0,1,0,1.57E-08,63515106.93
15449475.39,5010890.548,15452475.39,5010890.548,15452475.39,5007890.548,15449475.39,5007890.548,63515106.93,7.87E-09,7.87E-09,10362.3686,5181.184298,5181.184298,0,0,0,0.84530034,0.42265017,,8.16E-05,,8.16E-05,0.5,1,0.5,1,5181.184298,5181.184298,5181.184298,0,0,1,0,7.87E-09,31757553.47
15449475.39,5007890.548,15452475.39,5007890.548,15452475.39,5004890.548,15449475.39,5004890.548,63515106.93,1.57E-08,1.57E-08,4423.061246,1628.924863,2794.136383,0,0,0,0.308012877,0.154006438,,6.96E-05,,6.96E-05,1,2,1,2,2211.530623,1628.924863,2794.136383,0,0,1,0,1.57E-08,63515106.93
15449475.39,5004890.548,15452475.39,5004890.548,15452475.39,5001890.548,15449475.39,5001890.548,63515106.93,1.57E-08,1.57E-08,3294.646722,861.2348482,2433.411874,0,0,0,0.170899453,0.085449726,,5.19E-05,,5.19E-05,1,2,1,2,1647.323361,861.2348482,2433.411874,0,0,1,0,1.57E-08,63515106.93
15449475.39,5001890.548,15452475.39,5001890.548,15452475.39,4998890.548,15449475.39,4998890.548,63515106.93,1.57E-08,1.57E-08,3761.278098,22.69914432,3738.578955,0,0,0,0.222737764,0.111368882,,5.92E-05,,5.92E-05,1,2,1,2,1880.639049,22.69914248,3738.578955,0,0,1,0,1.57E-08,63515106.93
15449475.39,4998890.548,15452475.39,4998890.548,15452475.39,4995890.548,15449475.39,4995890.548,63515106.93,8.66E-08,5.51E-08,2748.956055,416.6985433,3515.267751,1.090909091,1.142857143,3.15E-08,0.65436679,0.719803469,,0.000238042,,0.000238042,5.5,7,3.5,5,3023.851661,2570.941453,3515.267751,0.363636364,0.571428571,6.714285714,2,6.000000039,158787769.3
15449475.39,4995890.548,15452475.39,4995890.548,15452475.39,4992890.548,15449475.39,4992890.548,63515106.93,1.10E-07,6.30E-08,2653.843858,690.7691161,3515.267751,1.285714286,1.5,4.72E-08,0.776196608,1.086675251,,0.00029248,,0.00029248,7,8,4,5,3715.381401,2570.315158,6498.933578,0.428571429,0.75,9.625,3,9.000000039,158787770.3
15449475.39,4992890.548,15452475.39,4992890.548,15452475.39,4989890.548,15449475.39,4989890.548,63515106.93,9.45E-08,6.30E-08,3285.54105,624.7688063,4268.987505,1,1,3.15E-08,1.019736612,1.019736612,,0.000310371,,0.000310371,6,8,4,6,3285.54105,624.7688063,8077.418662,0.333333333,0.5,6.75,2,6.000000047,190545322.8
15449475.39,4989890.548,15452475.39,4989890.548,15452475.39,4986890.548,15449475.39,4986890.548,63515106.93,3.94E-08,2.36E-08,4603.521241,223.3809254,4808.738025,1.2,1.333333333,1.57E-08,0.834148317,0.521342698,,0.000181198,,0.000181198,2.5,5,1.5,4,2877.200776,1267.850634,4808.738025,0.4,0.666666667,3.666666667,1,3.000000016,63515107.93
15449475.39,4986890.548,15452475.39,4986890.548,15452475.39,4983890.548,15449475.39,4983890.548,63515106.93,7.87E-09,7.87E-09,9090.608753,4545.304376,4545.304376,0,0,0,0.650547338,0.325273669,,7.16E-05,,7.16E-05,0.5,1,0.5,1,4545.304376,4545.304376,4545.304376,0,0,1,0,7.87E-09,31757553.47
15449475.39,4983890.548,15452475.39,4983890.548,15452475.39,4980890.548,15449475.39,4980890.548,63515106.93,0,0,0,0,0,0,0,0,0,0,,0,,0,0,0,0,0,0,0,0,0,0,0,0,0,0
15449475.39,4980890.548,15452475.39,4980890.548,15452475.39,4977890.548,15449475.39,4977890.548,63515106.93,0,0,0,0,0,0,0,0,0,0,,0,,0,0,0,0,0,0,0,0,0,0,0,0,0,0
15449475.39,4977890.548,15452475.39,4977890.548,15452475.39,4974890.548,15449475.39,4974890.548,63515106.93,7.87E-09,7.87E-09,8904.297764,4452.148882,4452.148882,0,0,0,0.624154807,0.312077404,,7.01E-05,,7.01E-05,0.5,1,0.5,1,4452.148882,4452.148882,4452.148882,0,0,1,0,7.87E-09,31757553.47
15449475.39,4974890.548,15452475.39,4974890.548,15452475.39,4971890.548,15449475.39,4971890.548,63515106.93,7.87E-09,7.87E-09,13724.31839,6862.159194,6862.159194,0,0,0,1.482772559,0.741386279,,0.00010804,,0.00010804,0.5,1,0.5,1,6862.159194,6862.159194,6862.159194,0,0,1,0,7.87E-09,31757553.47
15449475.39,4971890.548,15452475.39,4971890.548,15452475.39,4968890.548,15449475.39,4968890.548,63515106.93,0,0,0,7519.334119,7519.334119,0,0,0,0,0.890187993,,0.000118387,,0.000118387,0,1,0,1,7519.334119,7519.334119,7519.334119,0,0,0,0,0,0
15449475.39,4968890.548,15452475.39,4968890.548,15452475.39,4965890.548,15449475.39,4965890.548,63515106.93,0,0,0,0,0,0,0,0,0,0,,0,,0,0,0,0,0,0,0,0,0,0,0,0,0,0
15449475.39,4965890.548,15452475.39,4965890.548,15452475.39,4962890.548,15449475.39,4962890.548,63515106.93,0,0,0,0,0,0,0,0,0,0,,0,,0,0,0,0,0,0,0,0,0,0,0,0,0,0
15449475.39,4962890.548,15452475.39,4962890.548,15452475.39,4959890.548,15449475.39,4959890.548,63515106.93,0,0,0,0,0,0,0,0,0,0,,0,,0,0,0,0,0,0,0,0,0,0,0,0,0,0
15449475.39,4959890.548,15452475.39,4959890.548,15452475.39,4956890.548,15449475.39,4956890.548,63515106.93,0,0,0,0,0,0,0,0,0,0,,0,,0,0,0,0,0,0,0,0,0,0,0,0,0,0
15449475.39,4956890.548,15452475.39,4956890.548,15452475.39,4953890.548,15449475.39,4953890.548,63515106.93,0,0,0,0,0,0,0,0,0,0,,0,,0,0,0,0,0,0,0,0,0,0,0,0,0,0
15449475.39,4953890.548,15452475.39,4953890.548,15452475.39,4950890.548,15449475.39,4950890.548,63515106.93,0,0,0,0,0,0,0,0,0,0,,0,,0,0,0,0,0,0,0,0,0,0,0,0,0,0
15449475.39,4950890.548,15452475.39,4950890.548,15452475.39,4947890.548,15449475.39,4947890.548,63515106.93,0,0,0,0,0,0,0,0,0,0,,0,,0,0,0,0,0,0,0,0,0,0,0,0,0,0
15449475.39,4947890.548,15452475.39,4947890.548,15452475.39,4944890.548,15449475.39,4944890.548,63515106.93,0,0,0,0,0,0,0,0,0,0,,0,,0,0,0,0,0,0,0,0,0,0,0,0,0,0
15449475.39,4944890.548,15452475.39,4944890.548,15452475.39,4941890.548,15449475.39,4941890.548,63515106.93,0,0,0,0,0,0,0,0,0,0,,0,,0,0,0,0,0,0,0,0,0,0,0,0,0,0
15452475.39,5121890.548,15455475.39,5121890.548,15455475.39,5118890.548,15452475.39,5118890.548,63515106.93,1.57E-08,1.57E-08,8832.432024,933.7983159,4092.025991,0,0,0,1.228240953,0.409413651,,0.00013906,,0.00013906,1,3,1,3,2944.144008,933.7983159,4092.025991,0,0,1,0,1.57E-08,63515106.93
15452475.39,5118890.548,15455475.39,5118890.548,15455475.39,5115890.548,15452475.39,5115890.548,63515106.93,1.57E-08,1.57E-08,16508.69074,1639.915278,8816.10679,0,0,0,4.290898389,1.072724597,,0.000259918,,0.000259918,1,4,1,4,4127.172686,1639.915278,8816.10679,0,0,1,0,1.57E-08,63515106.93
15452475.39,5115890.548,15455475.39,5115890.548,15455475.39,5112890.548,15452475.39,5112890.548,63515106.93,1.57E-08,1.57E-08,22931.35818,560.3803048,8439.321327,0,0,0,8.279088445,2.069772111,,0.000361038,,0.000361038,1,4,1,4,5732.839544,560.3803048,8439.321327,0,0,1,0,1.57E-08,63515106.93
15452475.39,5112890.548,15455475.39,5112890.548,15455475.39,5109890.548,15452475.39,5109890.548,63515106.93,1.57E-08,1.57E-08,17959.20328,209.634935,8848.230797,0,0,0,5.078051473,1.269512868,,0.000282755,,0.000282755,1,4,1,4,4489.800819,209.634935,8848.230797,0,0,1,0,1.57E-08,63515106.93
15452475.39,5109890.548,15455475.39,5109890.548,15455475.39,5106890.548,15452475.39,5106890.548,63515106.93,2.36E-08,2.36E-08,11010.93371,3727.379117,8114.663623,0,0,0,2.863271443,1.431635721,,0.000260039,,0.000260039,1.5,3,1.5,3,5505.466857,3727.379117,8114.663623,0,0,1,0,2.36E-08,95272660.4
15452475.39,5106890.548,15455475.39,5106890.548,15455475.39,5103890.548,15452475.39,5103890.548,63515106.93,2.36E-08,2.36E-08,10499.12901,1072.062093,6723.494399,0,0,0,2.60327933,0.976229749,,0.000247952,,0.000247952,1.5,4,1.5,4,3937.17338,1072.062093,6723.494399,0,0,1,0,2.36E-08,95272660.4
15452475.39,5103890.548,15455475.39,5103890.548,15455475.39,5100890.548,15452475.39,5100890.548,63515106.93,2.36E-08,2.36E-08,10348.93416,1726.231956,7443.408561,0,0,0,2.529329872,0.948498702,,0.000244405,,0.000244405,1.5,4,1.5,4,3880.850309,1726.231956,7443.408561,0,0,1,0,2.36E-08,95272660.4
15452475.39,5100890.548,15455475.39,5100890.548,15455475.39,5097890.548,15452475.39,5097890.548,63515106.93,2.36E-08,2.36E-08,15239.4747,174.4790807,8663.39965,0,0,0,5.484716948,1.645415085,,0.000359902,,0.000359902,1.5,5,1.5,5,4571.842409,174.4790807,8663.39965,0,0,1,0,2.36E-08,95272660.4
15452475.39,5097890.548,15455475.39,5097890.548,15455475.39,5094890.548,15452475.39,5094890.548,63515106.93,7.87E-09,7.87E-09,51245.40274,101.4152111,8990.696444,0,0,0,20.67296607,2.584120759,,0.000403411,,0.000403411,0.5,4,0.5,4,6405.675342,101.4152111,8990.696444,0,0,1,0,7.87E-09,31757553.47
15452475.39,5094890.548,15455475.39,5094890.548,15455475.39,5091890.548,15452475.39,5091890.548,63515106.93,0,0,0,6380.636614,8668.459654,0,0,0,0,2.806087081,,0.00036406,,0.00036406,0,3,0,3,7707.764938,6380.636614,8668.459654,0,0,0,0,0,0
15452475.39,5091890.548,15455475.39,5091890.548,15455475.39,5088890.548,15452475.39,5088890.548,63515106.93,7.87E-09,7.87E-09,30049.59007,2772.711018,8760.441893,0,0,0,7.108370804,1.184728467,,0.000236555,,0.000236555,0.5,3,0.5,3,5008.265012,2772.711018,8760.441893,0,0,1,0,7.87E-09,31757553.47
15452475.39,5088890.548,15455475.39,5088890.548,15455475.39,5085890.548,15452475.39,5085890.548,63515106.93,7.87E-09,7.87E-09,16772.56181,4182.338807,4203.942096,0,0,0,2.214582035,0.553645509,,0.000132036,,0.000132036,0.5,2,0.5,2,4193.140451,4182.338807,4203.942096,0,0,1,0,7.87E-09,31757553.47
15452475.39,5085890.548,15455475.39,5085890.548,15455475.39,5082890.548,15452475.39,5082890.548,63515106.93,7.87E-09,7.87E-09,6606.518786,3303.259393,3303.259393,0,0,0,0.343588263,0.171794131,,5.20E-05,,5.20E-05,0.5,1,0.5,1,3303.259393,3303.259393,3303.259393,0,0,1,0,7.87E-09,31757553.47
15452475.39,5082890.548,15455475.39,5082890.548,15455475.39,5079890.548,15452475.39,5079890.548,63515106.93,1.57E-08,1.57E-08,12749.30568,252.1779598,8282.909756,0,0,0,2.559151721,0.853050574,,0.000200729,,0.000200729,1,3,1,3,4249.768559,252.1779598,8282.909756,0,0,1,0,1.57E-08,63515106.93
15452475.39,5079890.548,15455475.39,5079890.548,15455475.39,5076890.548,15452475.39,5076890.548,63515106.93,3.94E-08,3.94E-08,7894.464557,681.4198225,8674.187423,0,0,0,2.453060919,1.22653046,,0.000310732,,0.000310732,2.5,5,2.5,5,3947.232279,681.4198225,8674.187423,0,0,1,0,3.94E-08,158787767.3
15452475.39,5076890.548,15455475.39,5076890.548,15455475.39,5073890.548,15452475.39,5073890.548,63515106.93,3.94E-08,3.94E-08,7868.195223,217.3386761,6539.450132,0,0,0,2.436762648,1.01531777,,0.000309698,,0.000309698,2.5,6,2.5,6,3278.414676,217.3386761,6539.450132,0,0,1,0,3.94E-08,158787767.3
15452475.39,5073890.548,15455475.39,5073890.548,15455475.39,5070890.548,15452475.39,5070890.548,63515106.93,3.15E-08,1.57E-08,8704.22777,1998.23774,6696.375769,1.5,2,1.57E-08,2.385686956,1.590457971,,0.000274084,,0.000274084,2,4,1,3,5802.818513,1998.23774,8713.84203,0.5,1,3.5,1,3.000000008,31757554.47
15452475.39,5070890.548,15455475.39,5070890.548,15455475.39,5067890.548,15452475.39,5067890.548,63515106.93,2.36E-08,7.87E-09,7374.222255,1830.496949,6328.587132,2,4,1.57E-08,1.284241415,0.963181061,,0.000174153,,0.000174153,1.5,3,0.5,2,5530.666691,2902.249302,8159.084081,0.666666667,2,3,1,3,1
15452475.39,5067890.548,15455475.39,5067890.548,15455475.39,5064890.548,15452475.39,5064890.548,63515106.93,7.87E-09,7.87E-09,704.153116,352.076558,352.076558,0,0,0,0.003903257,0.001951629,,5.54E-06,,5.54E-06,0.5,1,0.5,1,352.076558,352.076558,352.076558,0,0,1,0,7.87E-09,31757553.47
15452475.39,5064890.548,15455475.39,5064890.548,15455475.39,5061890.548,15452475.39,5061890.548,63515106.93,1.57E-08,1.57E-08,10302.1259,397.4808771,8293.880062,0,0,0,1.671000857,0.557000286,,0.0001622,,0.0001622,1,3,1,3,3434.041967,397.4808771,8293.880062,0,0,1,0,1.57E-08,63515106.93
15452475.39,5061890.548,15455475.39,5061890.548,15455475.39,5058890.548,15452475.39,5058890.548,63515106.93,7.87E-09,7.87E-09,51871.68179,4287.250884,8676.469389,0,0,0,21.18134962,2.647668702,,0.000408341,,0.000408341,0.5,4,0.5,4,6483.960224,4287.250884,8676.469389,0,0,1,0,7.87E-09,31757553.47
15452475.39,5058890.548,15455475.39,5058890.548,15455475.39,5055890.548,15452475.39,5055890.548,63515106.93,1.57E-08,1.57E-08,26891.87036,781.4161678,8965.063362,0,0,0,11.38583758,2.277167516,,0.000423393,,0.000423393,1,5,1,5,5378.374072,781.4161545,8965.063362,0,0,1,0,1.57E-08,63515106.93
15452475.39,5055890.548,15455475.39,5055890.548,15455475.39,5052890.548,15452475.39,5052890.548,63515106.93,1.57E-08,1.57E-08,19282.49353,2561.276345,7911.217587,0,0,0,5.853954667,1.463488667,,0.000303589,,0.000303589,1,4,1,4,4820.623382,2561.276345,7911.217587,0,0,1,0,1.57E-08,63515106.93
15452475.39,5052890.548,15455475.39,5052890.548,15455475.39,5049890.548,15452475.39,5049890.548,63515106.93,3.15E-08,3.15E-08,8308.377202,2188.827384,6615.748648,0,0,0,2.173628765,1.086814383,,0.000261619,,0.000261619,2,4,2,4,4154.188601,2188.827384,6615.748648,0,0,1,0,3.15E-08,127030213.9
15452475.39,5049890.548,15455475.39,5049890.548,15455475.39,5046890.548,15452475.39,5046890.548,63515106.93,3.15E-08,3.15E-08,7506.45626,1992.384859,7865.867514,0,0,0,1.774282948,0.887141474,,0.000236368,,0.000236368,2,4,2,4,3753.22813,1992.384859,7865.867514,0,0,1,0,3.15E-08,127030213.9
15452475.39,5046890.548,15455475.39,5046890.548,15455475.39,5043890.548,15452475.39,5043890.548,63515106.93,3.15E-08,3.15E-08,6049.231321,113.476341,5904.296081,0,0,0,1.152267589,0.576133795,,0.000190482,,0.000190482,2,4,2,4,3024.615661,113.476341,5904.296029,0,0,1,0,3.15E-08,127030213.9
15452475.39,5043890.548,15455475.39,5043890.548,15455475.39,5040890.548,15452475.39,5040890.548,63515106.93,4.72E-08,1.57E-08,4830.802911,678.3725252,6598.666313,1.333333333,2,1.57E-08,1.102256985,1.102256985,,0.000228173,,0.000228173,3,4,1,3,4830.802911,1001.722986,7277.038838,0.333333333,1,5,1.57E-08,4.000000016,63515106.93
15452475.39,5040890.548,15455475.39,5040890.548,15455475.39,5037890.548,15452475.39,5037890.548,63515106.93,3.15E-08,0,6224.449695,137.652396,8843.121944,2,0,1.57E-08,1.219986106,0.813324071,,0.000195999,,0.000195999,2,4,0,3,4149.63313,137.652396,8843.121944,0.5,0,0,1.57E-08,4,0
15452475.39,5037890.548,15455475.39,5037890.548,15455475.39,5034890.548,15452475.39,5034890.548,63515106.93,1.57E-08,1.57E-08,9709.535223,433.3856902,7875.465945,0,0,0,1.484293719,0.494764573,,0.00015287,,0.00015287,1,3,1,3,3236.511741,433.3856902,7875.465945,0,0,1,0,1.57E-08,63515106.93
15452475.39,5034890.548,15455475.39,5034890.548,15455475.39,5031890.548,15452475.39,5031890.548,63515106.93,1.57E-08,1.57E-08,6126.889954,664.6351799,5462.254774,0,0,0,0.591021291,0.295510646,,9.65E-05,,9.65E-05,1,2,1,2,3063.444977,664.6351799,5462.254774,0,0,1,0,1.57E-08,63515106.93
15452475.39,5031890.548,15455475.39,5031890.548,15455475.39,5028890.548,15452475.39,5028890.548,63515106.93,7.87E-09,7.87E-09,19479.67551,1226.895694,8512.942064,0,0,0,2.987145708,0.746786427,,0.000153347,,0.000153347,0.5,2,0.5,2,4869.918879,1226.895694,8512.942064,0,0,1,0,7.87E-09,31757553.47
15452475.39,5028890.548,15455475.39,5028890.548,15455475.39,5025890.548,15452475.39,5025890.548,63515106.93,1.57E-08,1.57E-08,7725.94552,382.4599382,7343.485582,0,0,0,0.93978011,0.469890055,,0.000121639,,0.000121639,1,2,1,2,3862.97276,382.4599382,7343.485582,0,0,1,0,1.57E-08,63515106.93
15452475.39,5025890.548,15455475.39,5025890.548,15455475.39,5022890.548,15452475.39,5022890.548,63515106.93,7.87E-09,7.87E-09,19008.80104,4443.35378,5061.046737,0,0,0,2.844476962,0.71111924,,0.00014964,,0.00014964,0.5,2,0.5,2,4752.200259,4443.35378,5061.046737,0,0,1,0,7.87E-09,31757553.47
15452475.39,5022890.548,15455475.39,5022890.548,15455475.39,5019890.548,15452475.39,5019890.548,63515106.93,7.87E-09,7.87E-09,25863.4676,1315.194979,9031.182797,0,0,0,5.265825633,0.877637606,,0.000203601,,0.000203601,0.5,3,0.5,3,4310.577934,1315.194979,9031.182797,0,0,1,0,7.87E-09,31757553.47
15452475.39,5019890.548,15455475.39,5019890.548,15455475.39,5016890.548,15452475.39,5016890.548,63515106.93,2.36E-08,2.36E-08,10360.59336,543.2262435,8053.949735,0,0,0,2.535032216,0.950637081,,0.00024468,,0.00024468,1.5,4,1.5,4,3885.222511,543.2262435,8053.949735,0,0,1,0,2.36E-08,95272660.4
15452475.39,5016890.548,15455475.39,5016890.548,15455475.39,5013890.548,15452475.39,5013890.548,63515106.93,2.36E-08,2.36E-08,8590.210882,1949.283745,7760.637633,0,0,0,1.742696971,0.871348486,,0.00020287,,0.00020287,1.5,3,1.5,3,4295.105441,1949.283745,7760.637633,0,0,1,0,2.36E-08,95272660.4
15452475.39,5013890.548,15455475.39,5013890.548,15455475.39,5010890.548,15452475.39,5010890.548,63515106.93,1.57E-08,1.57E-08,9595.353119,62.69807775,9013.27723,0,0,0,1.449589018,0.483196339,,0.000151072,,0.000151072,1,3,1,3,3198.45104,62.69807775,9013.27723,0,0,1,0,1.57E-08,63515106.93
15452475.39,5010890.548,15455475.39,5010890.548,15455475.39,5007890.548,15452475.39,5007890.548,63515106.93,1.57E-08,1.57E-08,11677.0283,4651.381822,7025.646479,0,0,0,2.146780452,1.073390226,,0.000183846,,0.000183846,1,2,1,2,5838.514151,4651.381822,7025.646479,0,0,1,0,1.57E-08,63515106.93
15452475.39,5007890.548,15455475.39,5007890.548,15455475.39,5004890.548,15452475.39,5004890.548,63515106.93,1.57E-08,1.57E-08,8092.063429,3241.076011,4850.987418,0,0,0,1.030959306,0.515479653,,0.000127404,,0.000127404,1,2,1,2,4046.031715,3241.076011,4850.987418,0,0,1,0,1.57E-08,63515106.93
15452475.39,5004890.548,15455475.39,5004890.548,15455475.39,5001890.548,15452475.39,5001890.548,63515106.93,1.57E-08,1.57E-08,3901.089027,723.7028784,3177.386149,0,0,0,0.239604345,0.119802173,,6.14E-05,,6.14E-05,1,2,1,2,1950.544514,723.7028784,3177.386149,0,0,1,0,1.57E-08,63515106.93
15452475.39,5001890.548,15455475.39,5001890.548,15455475.39,4998890.548,15452475.39,4998890.548,63515106.93,2.36E-08,2.36E-08,706.4009423,232.3916514,478.5491859,0,0,0,0.011784652,0.005892326,,1.67E-05,,1.67E-05,1.5,3,1.5,3,353.2004712,232.3916514,478.5491859,0,0,1,0,2.36E-08,95272660.4
15452475.39,4998890.548,15455475.39,4998890.548,15455475.39,4995890.548,15452475.39,4995890.548,63515106.93,2.36E-08,2.36E-08,2165.993585,136.7507243,2400.398726,0,0,0,0.110797142,0.055398571,,5.12E-05,,5.12E-05,1.5,3,1.5,3,1082.996793,136.7507243,2400.398726,0,0,1,0,2.36E-08,95272660.4
15452475.39,4995890.548,15455475.39,4995890.548,15455475.39,4992890.548,15452475.39,4992890.548,63515106.93,4.72E-08,3.15E-08,4555.705219,74.69803065,4394.124248,1,1,1.57E-08,0.980291983,0.735218987,,0.000215179,,0.000215179,3,5,2,4,3416.778914,74.69803065,7509.040842,0.333333333,0.5,3.75,1,3.000000024,95272661.4
15452475.39,4992890.548,15455475.39,4992890.548,15455475.39,4989890.548,15452475.39,4989890.548,63515106.93,6.30E-08,4.72E-08,4333.401629,288.8479574,6988.749469,0.75,0.666666667,1.57E-08,1.182608081,0.946086465,,0.000272905,,0.000272905,4,6,3,5,3466.721303,288.8479574,9012.682422,0.25,0.333333333,3.833333333,1,3.000000039,158787768.3
15452475.39,4989890.548,15455475.39,4989890.548,15455475.39,4986890.548,15452475.39,4986890.548,63515106.93,3.15E-08,3.15E-08,7400.11359,1851.086408,7685.668398,0,0,0,1.724367124,0.862183562,,0.000233019,,0.000233019,2,4,2,4,3700.056795,1851.086408,7685.668449,0,0,1,0,3.15E-08,127030213.9
15452475.39,4986890.548,15455475.39,4986890.548,15455475.39,4983890.548,15452475.39,4983890.548,63515106.93,1.57E-08,1.57E-08,4097.306489,1151.463416,2945.843073,0,0,0,0.264313819,0.132156909,,6.45E-05,,6.45E-05,1,2,1,2,2048.653244,1151.463416,2945.843073,0,0,1,0,1.57E-08,63515106.93
15452475.39,4983890.548,15455475.39,4983890.548,15455475.39,4980890.548,15452475.39,4980890.548,63515106.93,0,0,0,0,0,0,0,0,0,0,,0,,0,0,0,0,0,0,0,0,0,0,0,0,0,0
15452475.39,4980890.548,15455475.39,4980890.548,15455475.39,4977890.548,15452475.39,4977890.548,63515106.93,0,0,0,0,0,0,0,0,0,0,,0,,0,0,0,0,0,0,0,0,0,0,0,0,0,0
15452475.39,4977890.548,15455475.39,4977890.548,15455475.39,4974890.548,15452475.39,4974890.548,63515106.93,7.87E-09,7.87E-09,5249.65535,2624.827675,2624.827675,0,0,0,0.216947453,0.108473726,,4.13E-05,,4.13E-05,0.5,1,0.5,1,2624.827675,2624.827675,2624.827675,0,0,1,0,7.87E-09,31757553.47
15452475.39,4974890.548,15455475.39,4974890.548,15455475.39,4971890.548,15452475.39,4971890.548,63515106.93,7.87E-09,7.87E-09,8076.885335,4038.442668,4038.442668,0,0,0,0.51354772,0.25677386,,6.36E-05,,6.36E-05,0.5,1,0.5,1,4038.442668,4038.442668,4038.442668,0,0,1,0,7.87E-09,31757553.47
15452475.39,4971890.548,15455475.39,4971890.548,15455475.39,4968890.548,15452475.39,4968890.548,63515106.93,7.87E-09,7.87E-09,6393.283424,3196.641712,3196.641712,0,0,0,0.321766544,0.160883272,,5.03E-05,,5.03E-05,0.5,1,0.5,1,3196.641712,3196.641712,3196.641712,0,0,1,0,7.87E-09,31757553.47
15452475.39,4968890.548,15455475.39,4968890.548,15455475.39,4965890.548,15452475.39,4965890.548,63515106.93,0,0,0,0,0,0,0,0,0,0,,0,,0,0,0,0,0,0,0,0,0,0,0,0,0,0
15452475.39,4965890.548,15455475.39,4965890.548,15455475.39,4962890.548,15452475.39,4962890.548,63515106.93,0,0,0,0,0,0,0,0,0,0,,0,,0,0,0,0,0,0,0,0,0,0,0,0,0,0
15452475.39,4962890.548,15455475.39,4962890.548,15455475.39,4959890.548,15452475.39,4959890.548,63515106.93,0,0,0,0,0,0,0,0,0,0,,0,,0,0,0,0,0,0,0,0,0,0,0,0,0,0
15452475.39,4959890.548,15455475.39,4959890.548,15455475.39,4956890.548,15452475.39,4956890.548,63515106.93,0,0,0,0,0,0,0,0,0,0,,0,,0,0,0,0,0,0,0,0,0,0,0,0,0,0
15452475.39,4956890.548,15455475.39,4956890.548,15455475.39,4953890.548,15452475.39,4953890.548,63515106.93,0,0,0,0,0,0,0,0,0,0,,0,,0,0,0,0,0,0,0,0,0,0,0,0,0,0
15452475.39,4953890.548,15455475.39,4953890.548,15455475.39,4950890.548,15452475.39,4950890.548,63515106.93,0,0,0,0,0,0,0,0,0,0,,0,,0,0,0,0,0,0,0,0,0,0,0,0,0,0
15452475.39,4950890.548,15455475.39,4950890.548,15455475.39,4947890.548,15452475.39,4947890.548,63515106.93,0,0,0,0,0,0,0,0,0,0,,0,,0,0,0,0,0,0,0,0,0,0,0,0,0,0
15452475.39,4947890.548,15455475.39,4947890.548,15455475.39,4944890.548,15452475.39,4944890.548,63515106.93,0,0,0,0,0,0,0,0,0,0,,0,,0,0,0,0,0,0,0,0,0,0,0,0,0,0
15452475.39,4944890.548,15455475.39,4944890.548,15455475.39,4941890.548,15452475.39,4941890.548,63515106.93,0,0,0,0,0,0,0,0,0,0,,0,,0,0,0,0,0,0,0,0,0,0,0,0,0,0
15455475.39,5121890.548,15458475.39,5121890.548,15458475.39,5118890.548,15455475.39,5118890.548,63515106.93,7.87E-09,7.87E-09,16333.5614,984.2780655,7182.502634,0,0,0,2.100171446,0.525042862,,0.00012858,,0.00012858,0.5,2,0.5,2,4083.39035,984.2780655,7182.502634,0,0,1,0,7.87E-09,31757553.47
15455475.39,5118890.548,15458475.39,5118890.548,15458475.39,5115890.548,15455475.39,5115890.548,63515106.93,1.57E-08,1.57E-08,14508.14856,2188.019625,9038.791175,0,0,0,3.31395765,1.10465255,,0.00022842,,0.00022842,1,3,1,3,4836.049519,2188.019625,9038.791175,0,0,1,0,1.57E-08,63515106.93
15455475.39,5115890.548,15458475.39,5115890.548,15458475.39,5112890.548,15455475.39,5112890.548,63515106.93,1.57E-08,1.57E-08,21090.3544,2586.348927,7821.671742,0,0,0,7.003106348,1.750776587,,0.000332053,,0.000332053,1,4,1,4,5272.588599,2586.348927,7821.671742,0,0,1,0,1.57E-08,63515106.93
15455475.39,5112890.548,15458475.39,5112890.548,15458475.39,5109890.548,15455475.39,5109890.548,63515106.93,7.87E-09,7.87E-09,38996.49991,2742.021784,8960.197077,0,0,0,11.97138034,1.995230057,,0.000306986,,0.000306986,0.5,3,0.5,3,6499.416652,2742.021784,8960.197077,0,0,1,0,7.87E-09,31757553.47
15455475.39,5109890.548,15458475.39,5109890.548,15458475.39,5106890.548,15455475.39,5106890.548,63515106.93,0,0,0,5744.466341,9045.00723,0,0,0,0,1.721862239,,0.00023285,,0.00023285,0,2,0,2,7394.736785,5744.466341,9045.00723,0,0,0,0,0,0
15455475.39,5106890.548,15458475.39,5106890.548,15458475.39,5103890.548,15455475.39,5103890.548,63515106.93,1.57E-08,1.57E-08,13968.40269,3213.915293,7504.927752,0,0,0,3.071966388,1.023988796,,0.000219923,,0.000219923,1,3,1,3,4656.134229,3213.915293,7504.927752,0,0,1,0,1.57E-08,63515106.93
15455475.39,5103890.548,15458475.39,5103890.548,15458475.39,5100890.548,15455475.39,5100890.548,63515106.93,3.15E-08,3.15E-08,4980.653601,1445.306981,4443.757584,0,0,0,0.781134174,0.390567087,,0.000156834,,0.000156834,2,4,2,4,2490.326801,1445.306981,4443.757584,0,0,1,0,3.15E-08,127030213.9
15455475.39,5100890.548,15458475.39,5100890.548,15458475.39,5097890.548,15455475.39,5097890.548,63515106.93,4.72E-08,4.72E-08,7763.643809,2826.693061,6863.898655,0,0,0,2.84692106,1.708152636,,0.000366699,,0.000366699,3,5,3,5,4658.186285,2826.693061,6863.898655,0,0,1,0,4.72E-08,190545320.8
15455475.39,5097890.548,15458475.39,5097890.548,15458475.39,5094890.548,15455475.39,5094890.548,63515106.93,3.15E-08,3.15E-08,13997.40379,864.969316,8993.311821,0,0,0,6.169471241,2.467788496,,0.000440758,,0.000440758,2,5,2,5,5598.961515,864.969316,8993.311821,0,0,1,0,3.15E-08,127030213.9
15455475.39,5094890.548,15458475.39,5094890.548,15458475.39,5091890.548,15455475.39,5091890.548,63515106.93,7.87E-09,7.87E-09,52379.34983,3181.645881,8702.862937,0,0,0,21.59798213,2.699747766,,0.000412338,,0.000412338,0.5,4,0.5,4,6547.418729,3181.645881,8702.862937,0,0,1,0,7.87E-09,31757553.47
15455475.39,5091890.548,15458475.39,5091890.548,15458475.39,5088890.548,15455475.39,5088890.548,63515106.93,7.87E-09,7.87E-09,37093.48598,3855.191377,8873.828475,0,0,0,10.83149166,1.80524861,,0.000292005,,0.000292005,0.5,3,0.5,3,6182.247664,3855.191377,8873.828475,0,0,1,0,7.87E-09,31757553.47
15455475.39,5088890.548,15458475.39,5088890.548,15458475.39,5085890.548,15455475.39,5085890.548,63515106.93,1.57E-08,1.57E-08,11254.66927,5039.110191,6215.559076,0,0,0,1.994290594,0.997145297,,0.000177197,,0.000177197,1,2,1,2,5627.334633,5039.110191,6215.559076,0,0,1,0,1.57E-08,63515106.93
15455475.39,5085890.548,15458475.39,5085890.548,15458475.39,5082890.548,15455475.39,5082890.548,63515106.93,1.57E-08,1.57E-08,9284.455749,3068.896673,6215.559076,0,0,0,1.357175052,0.678587526,,0.000146177,,0.000146177,1,2,1,2,4642.227874,3068.896673,6215.559076,0,0,1,0,1.57E-08,63515106.93
15455475.39,5082890.548,15458475.39,5082890.548,15458475.39,5079890.548,15455475.39,5079890.548,63515106.93,2.36E-08,2.36E-08,13050.65202,550.2312253,8551.51316,0,0,0,4.022338772,1.206701632,,0.00030821,,0.00030821,1.5,5,1.5,5,3915.195606,550.2312253,8551.51316,0,0,1,0,2.36E-08,95272660.4
15455475.39,5079890.548,15458475.39,5079890.548,15458475.39,5076890.548,15455475.39,5076890.548,63515106.93,6.30E-08,6.30E-08,6690.545737,1544.715087,8453.587536,0,0,0,2.819071205,1.610897831,,0.000421351,,0.000421351,4,7,4,7,3823.168992,1544.715087,8453.587536,0,0,1,0,6.30E-08,254060427.7
15455475.39,5076890.548,15458475.39,5076890.548,15458475.39,5073890.548,15455475.39,5073890.548,63515106.93,5.51E-08,5.51E-08,5998.472774,51.43509314,4009.798852,0,0,0,1.982770253,0.867461986,,0.000330546,,0.000330546,3.5,8,3.5,8,2624.331838,51.43509314,4009.798852,0,0,1,0,5.51E-08,222302874.3
15455475.39,5073890.548,15458475.39,5073890.548,15458475.39,5070890.548,15455475.39,5070890.548,63515106.93,3.15E-08,3.15E-08,7632.584949,445.3922049,8645.43916,0,0,0,1.83440935,0.73376374,,0.000240339,,0.000240339,2,5,2,5,3053.03398,445.3922049,8645.43912,0,0,1,0,3.15E-08,127030213.9
15455475.39,5070890.548,15458475.39,5070890.548,15458475.39,5067890.548,15455475.39,5067890.548,63515106.93,2.36E-08,2.36E-08,7945.171812,822.5859127,8350.051786,0,0,0,1.490804901,0.74540245,,0.000187637,,0.000187637,1.5,3,1.5,3,3972.585906,822.5859127,8350.051884,0,0,1,0,2.36E-08,95272660.4
15455475.39,5067890.548,15458475.39,5067890.548,15458475.39,5064890.548,15455475.39,5064890.548,63515106.93,2.36E-08,2.36E-08,6207.887678,2543.664037,4023.047559,0,0,0,0.910126849,0.455063424,,0.000146608,,0.000146608,1.5,3,1.5,3,3103.943839,2543.664037,4023.047559,0,0,1,0,2.36E-08,95272660.4
15455475.39,5064890.548,15458475.39,5064890.548,15458475.39,5061890.548,15455475.39,5061890.548,63515106.93,1.57E-08,1.57E-08,11969.98755,1218.286706,8758.004341,0,0,0,2.255850754,0.751950251,,0.000188459,,0.000188459,1,3,1,3,3989.995849,1218.286706,8758.004341,0,0,1,0,1.57E-08,63515106.93
15455475.39,5061890.548,15458475.39,5061890.548,15458475.39,5058890.548,15455475.39,5058890.548,63515106.93,7.87E-09,7.87E-09,47151.90148,2252.038344,8173.327387,0,0,0,17.50214965,2.187768706,,0.000371187,,0.000371187,0.5,4,0.5,4,5893.987685,2252.038344,8173.327387,0,0,1,0,7.87E-09,31757553.47
15455475.39,5058890.548,15458475.39,5058890.548,15458475.39,5055890.548,15455475.39,5055890.548,63515106.93,2.36E-08,2.36E-08,18178.17283,158.4009327,8972.041109,0,0,0,7.803953659,2.341186098,,0.000429304,,0.000429304,1.5,5,1.5,5,5453.451849,158.4009327,8972.041109,0,0,1,0,2.36E-08,95272660.4
15455475.39,5055890.548,15458475.39,5055890.548,15458475.39,5052890.548,15455475.39,5052890.548,63515106.93,3.15E-08,3.15E-08,16767.60205,1365.106711,8622.637622,0,0,0,8.853089981,2.52945428,,0.000527988,,0.000527988,2,7,2,7,4790.743442,1365.106711,8622.637622,0,0,1,0,3.15E-08,127030213.9
15455475.39,5052890.548,15458475.39,5052890.548,15458475.39,5049890.548,15455475.39,5049890.548,63515106.93,6.30E-08,4.72E-08,6083.770313,1427.816528,5777.479703,0.75,0.666666667,1.57E-08,2.330926484,1.553950989,,0.000383138,,0.000383138,4,7,3,6,4055.846875,1972.59098,7205.296257,0.25,0.333333333,3.833333333,1,3.000000039,158787768.3
15455475.39,5049890.548,15458475.39,5049890.548,15458475.39,5046890.548,15455475.39,5046890.548,63515106.93,6.30E-08,4.72E-08,5212.064385,568.8901541,5399.732645,0.75,0.666666667,1.57E-08,1.710812842,1.140541895,,0.000328241,,0.000328241,4,7,3,6,3474.70959,568.890122,6325.226483,0.25,0.333333333,3.833333333,1,3.000000039,158787768.3
15455475.39,5046890.548,15458475.39,5046890.548,15458475.39,5043890.548,15455475.39,5043890.548,63515106.93,6.30E-08,3.15E-08,4133.910471,106.562294,6598.666313,1,1,1.57E-08,1.076229994,0.860983995,,0.000260342,,0.000260342,4,6,2,5,3307.128377,106.5622923,7277.038838,0.25,0.5,5,1.57E-08,4.000000031,127030213.9
15455475.39,5043890.548,15458475.39,5043890.548,15458475.39,5040890.548,15455475.39,5040890.548,63515106.93,4.72E-08,1.57E-08,5554.076437,678.3725252,5438.762576,1.333333333,2,1.57E-08,1.457028094,1.092771071,,0.000262335,,0.000262335,3,5,1,4,4165.557328,1753.566164,6117.135101,0.333333333,1,5,1.57E-08,4.000000016,63515106.93
15455475.39,5040890.548,15458475.39,5040890.548,15458475.39,5037890.548,15455475.39,5037890.548,63515106.93,4.72E-08,1.57E-08,5854.533296,678.3725252,6152.385804,1.333333333,2,1.57E-08,1.618932649,1.214199487,,0.000276526,,0.000276526,3,5,1,4,4390.899972,2328.108742,6152.385804,0.333333333,1,5,1.57E-08,4.000000016,63515106.93
15455475.39,5037890.548,15458475.39,5037890.548,15458475.39,5034890.548,15455475.39,5034890.548,63515106.93,2.36E-08,2.36E-08,9073.528166,2135.601688,4526.116284,0,0,0,1.94431492,0.729118095,,0.000214284,,0.000214284,1.5,4,1.5,4,3402.573062,2135.601688,4526.116284,0,0,1,0,2.36E-08,95272660.4
15455475.39,5034890.548,15458475.39,5034890.548,15458475.39,5031890.548,15455475.39,5031890.548,63515106.93,2.36E-08,2.36E-08,6834.973873,2362.996917,4981.405486,0,0,0,1.103285583,0.551642791,,0.000161418,,0.000161418,1.5,3,1.5,3,3417.486936,2362.996917,4981.405486,0,0,1,0,2.36E-08,95272660.4
15455475.39,5031890.548,15458475.39,5031890.548,15458475.39,5028890.548,15455475.39,5028890.548,63515106.93,2.36E-08,2.36E-08,9215.583084,1291.335874,7533.995675,0,0,0,2.005671777,1.002835888,,0.000217639,,0.000217639,1.5,3,1.5,3,4607.791542,1291.335874,7533.995675,0,0,1,0,2.36E-08,95272660.4
15455475.39,5028890.548,15458475.39,5028890.548,15458475.39,5025890.548,15455475.39,5025890.548,63515106.93,1.57E-08,1.57E-08,12229.99189,434.6044234,7509.489598,0,0,0,2.354915372,0.784971791,,0.000192552,,0.000192552,1,3,1,3,4076.663964,434.6044234,7509.489598,0,0,1,0,1.57E-08,63515106.93
15455475.39,5025890.548,15458475.39,5025890.548,15458475.39,5022890.548,15455475.39,5022890.548,63515106.93,2.36E-08,2.36E-08,8720.1679,2336.667905,7163.560054,0,0,0,1.795824613,0.897912306,,0.000205939,,0.000205939,1.5,3,1.5,3,4360.08395,2336.667905,7163.560054,0,0,1,0,2.36E-08,95272660.4
15455475.39,5022890.548,15458475.39,5022890.548,15458475.39,5019890.548,15455475.39,5019890.548,63515106.93,7.87E-09,7.87E-09,28509.40405,5188.606789,9066.095234,0,0,0,6.398368501,1.599592125,,0.00022443,,0.00022443,0.5,2,0.5,2,7127.351011,5188.606789,9066.095234,0,0,1,0,7.87E-09,31757553.47
15455475.39,5019890.548,15458475.39,5019890.548,15458475.39,5016890.548,15455475.39,5016890.548,63515106.93,2.36E-08,2.36E-08,10724.56816,3583.053953,6469.321631,0,0,0,2.716275728,1.358137864,,0.000253276,,0.000253276,1.5,3,1.5,3,5362.28408,3583.053953,6469.321631,0,0,1,0,2.36E-08,95272660.4
15455475.39,5016890.548,15458475.39,5016890.548,15458475.39,5013890.548,15455475.39,5013890.548,63515106.93,2.36E-08,2.36E-08,8120.704768,648.9823307,6469.376819,0,0,0,1.557405374,0.778702687,,0.000191782,,0.000191782,1.5,3,1.5,3,4060.352384,648.9823307,6469.376819,0,0,1,0,2.36E-08,95272660.4
15455475.39,5013890.548,15458475.39,5013890.548,15458475.39,5010890.548,15455475.39,5010890.548,63515106.93,0,0,0,8120.482305,8120.482305,0,0,0,0,1.038213364,,0.000127851,,0.000127851,0,1,0,1,8120.482305,8120.482305,8120.482305,0,0,0,0,0,0
15455475.39,5010890.548,15458475.39,5010890.548,15458475.39,5007890.548,15455475.39,5007890.548,63515106.93,0,0,0,4952.816616,7647.467382,0,0,0,0,1.249837751,,0.000198382,,0.000198382,0,2,0,2,6300.141999,4952.816616,7647.467382,0,0,0,0,0,0
15455475.39,5007890.548,15458475.39,5007890.548,15458475.39,5004890.548,15455475.39,5004890.548,63515106.93,1.57E-08,1.57E-08,10259.05952,2668.70216,7590.357355,0,0,0,1.657059355,0.828529678,,0.000161522,,0.000161522,1,2,1,2,5129.529758,2668.70216,7590.357355,0,0,1,0,1.57E-08,63515106.93
15455475.39,5004890.548,15458475.39,5004890.548,15458475.39,5001890.548,15455475.39,5001890.548,63515106.93,3.15E-08,3.15E-08,5274.227732,2287.265733,4862.53196,0,0,0,0.875932656,0.583955104,,0.000166078,,0.000166078,2,3,2,3,3516.151821,2287.265832,4862.53196,0,0,1,0,3.15E-08,127030213.9
15455475.39,5001890.548,15458475.39,5001890.548,15458475.39,4998890.548,15455475.39,4998890.548,63515106.93,5.51E-08,3.94E-08,3520.07003,157.6316232,3576.541542,0.857142857,0.8,1.57E-08,0.682800166,0.597450145,,0.000193973,,0.000193973,3.5,5,2.5,4,3080.061276,2488.558652,3576.541542,0.285714286,0.4,3.8,1,3.000000031,127030214.9
15455475.39,4998890.548,15458475.39,4998890.548,15458475.39,4995890.548,15455475.39,4995890.548,63515106.93,3.15E-08,3.15E-08,5518.558777,2148.720661,3709.84235,0,0,0,0.958968423,0.479484212,,0.000173772,,0.000173772,2,4,2,4,2759.279389,2148.720505,3709.84235,0,0,1,0,3.15E-08,127030213.9
15455475.39,4995890.548,15458475.39,4995890.548,15458475.39,4992890.548,15455475.39,4992890.548,63515106.93,3.15E-08,3.15E-08,3663.107182,420.1731337,2260.400198,0,0,0,0.42252481,0.169009924,,0.000115346,,0.000115346,2,5,2,5,1465.242873,420.1731337,2260.400198,0,0,1,0,3.15E-08,127030213.9
15455475.39,4992890.548,15458475.39,4992890.548,15458475.39,4989890.548,15455475.39,4989890.548,63515106.93,3.15E-08,3.15E-08,6118.793784,1780.545015,7300.777769,0,0,0,1.178920707,0.785947138,,0.000192672,,0.000192672,2,3,2,3,4079.195856,1780.545015,7300.777728,0,0,1,0,3.15E-08,127030213.9
15455475.39,4989890.548,15458475.39,4989890.548,15458475.39,4986890.548,15455475.39,4986890.548,63515106.93,3.15E-08,3.15E-08,4586.844516,6.554109196,6010.870098,0,0,0,0.662492551,0.441661701,,0.000144433,,0.000144433,2,3,2,3,3057.896344,6.554109196,6010.870098,0,0,1,0,3.15E-08,127030213.9
15455475.39,4986890.548,15458475.39,4986890.548,15458475.39,4983890.548,15455475.39,4983890.548,63515106.93,1.57E-08,1.57E-08,6047.032593,2904.651675,3142.380918,0,0,0,0.575715053,0.287857527,,9.52E-05,,9.52E-05,1,2,1,2,3023.516297,2904.651675,3142.380918,0,0,1,0,1.57E-08,63515106.93
15455475.39,4983890.548,15458475.39,4983890.548,15458475.39,4980890.548,15455475.39,4980890.548,63515106.93,0,0,0,0,0,0,0,0,0,0,,0,,0,0,0,0,0,0,0,0,0,0,0,0,0,0
15455475.39,4980890.548,15458475.39,4980890.548,15458475.39,4977890.548,15455475.39,4977890.548,63515106.93,0,0,0,0,0,0,0,0,0,0,,0,,0,0,0,0,0,0,0,0,0,0,0,0,0,0
15455475.39,4977890.548,15458475.39,4977890.548,15458475.39,4974890.548,15455475.39,4974890.548,63515106.93,7.87E-09,7.87E-09,237.9856907,118.9928453,118.9928453,0,0,0,0.000445856,0.000222928,,1.87E-06,,1.87E-06,0.5,1,0.5,1,118.9928453,118.9928453,118.9928453,0,0,1,0,7.87E-09,31757553.47
15455475.39,4974890.548,15458475.39,4974890.548,15458475.39,4971890.548,15455475.39,4971890.548,63515106.93,7.87E-09,7.87E-09,679.1280624,339.5640312,339.5640312,0,0,0,0.00363075,0.001815375,,5.35E-06,,5.35E-06,0.5,1,0.5,1,339.5640312,339.5640312,339.5640312,0,0,1,0,7.87E-09,31757553.47
15455475.39,4971890.548,15458475.39,4971890.548,15458475.39,4968890.548,15455475.39,4968890.548,63515106.93,0,0,0,0,0,0,0,0,0,0,,0,,0,0,0,0,0,0,0,0,0,0,0,0,0,0
15455475.39,4968890.548,15458475.39,4968890.548,15458475.39,4965890.548,15455475.39,4965890.548,63515106.93,0,0,0,0,0,0,0,0,0,0,,0,,0,0,0,0,0,0,0,0,0,0,0,0,0,0
15455475.39,4965890.548,15458475.39,4965890.548,15458475.39,4962890.548,15455475.39,4962890.548,63515106.93,0,0,0,0,0,0,0,0,0,0,,0,,0,0,0,0,0,0,0,0,0,0,0,0,0,0
15455475.39,4962890.548,15458475.39,4962890.548,15458475.39,4959890.548,15455475.39,4959890.548,63515106.93,0,0,0,0,0,0,0,0,0,0,,0,,0,0,0,0,0,0,0,0,0,0,0,0,0,0
15455475.39,4959890.548,15458475.39,4959890.548,15458475.39,4956890.548,15455475.39,4956890.548,63515106.93,0,0,0,0,0,0,0,0,0,0,,0,,0,0,0,0,0,0,0,0,0,0,0,0,0,0
15455475.39,4956890.548,15458475.39,4956890.548,15458475.39,4953890.548,15455475.39,4953890.548,63515106.93,0,0,0,0,0,0,0,0,0,0,,0,,0,0,0,0,0,0,0,0,0,0,0,0,0,0
15455475.39,4953890.548,15458475.39,4953890.548,15458475.39,4950890.548,15455475.39,4950890.548,63515106.93,0,0,0,0,0,0,0,0,0,0,,0,,0,0,0,0,0,0,0,0,0,0,0,0,0,0
15455475.39,4950890.548,15458475.39,4950890.548,15458475.39,4947890.548,15455475.39,4947890.548,63515106.93,0,0,0,0,0,0,0,0,0,0,,0,,0,0,0,0,0,0,0,0,0,0,0,0,0,0
15455475.39,4947890.548,15458475.39,4947890.548,15458475.39,4944890.548,15455475.39,4944890.548,63515106.93,0,0,0,0,0,0,0,0,0,0,,0,,0,0,0,0,0,0,0,0,0,0,0,0,0,0
15455475.39,4944890.548,15458475.39,4944890.548,15458475.39,4941890.548,15455475.39,4941890.548,63515106.93,0,0,0,0,0,0,0,0,0,0,,0,,0,0,0,0,0,0,0,0,0,0,0,0,0,0
15458475.39,5121890.548,15461475.39,5121890.548,15461475.39,5118890.548,15458475.39,5118890.548,63515106.93,7.87E-09,7.87E-09,25449.81447,4137.768856,8587.138376,0,0,0,5.098732314,1.274683079,,0.000200345,,0.000200345,0.5,2,0.5,2,6362.453616,4137.768856,8587.138376,0,0,1,0,7.87E-09,31757553.47
15458475.39,5118890.548,15461475.39,5118890.548,15461475.39,5115890.548,15458475.39,5115890.548,63515106.93,2.36E-08,2.36E-08,12083.51897,4645.186804,8604.547328,0,0,0,3.448268555,1.724134278,,0.00028537,,0.00028537,1.5,3,1.5,3,6041.759485,4645.186804,8604.547328,0,0,1,0,2.36E-08,95272660.4
15458475.39,5115890.548,15461475.39,5115890.548,15461475.39,5112890.548,15458475.39,5112890.548,63515106.93,3.15E-08,3.15E-08,10935.0726,4705.485592,6225.086227,0,0,0,3.765271558,1.882635779,,0.00034433,,0.00034433,2,4,2,4,5467.536301,4705.485592,6225.086227,0,0,1,0,3.15E-08,127030213.9
15458475.39,5112890.548,15461475.39,5112890.548,15461475.39,5109890.548,15458475.39,5109890.548,63515106.93,1.57E-08,1.57E-08,19508.35537,4515.834343,8928.491962,0,0,0,5.99189622,1.99729874,,0.000307145,,0.000307145,1,3,1,3,6502.785123,4515.834343,8928.491962,0,0,1,0,1.57E-08,63515106.93
15458475.39,5109890.548,15461475.39,5109890.548,15461475.39,5106890.548,15458475.39,5106890.548,63515106.93,0,0,0,7843.151276,8319.741913,0,0,0,0,2.056511662,,0.000254473,,0.000254473,0,2,0,2,8081.446595,7843.151276,8319.741913,0,0,0,0,0,0
15458475.39,5106890.548,15461475.39,5106890.548,15461475.39,5103890.548,15458475.39,5103890.548,63515106.93,7.87E-09,7.87E-09,18717.83059,340.4561525,9018.459145,0,0,0,2.758061815,0.689515454,,0.000147349,,0.000147349,0.5,2,0.5,2,4679.457649,340.4561525,9018.459145,0,0,1,0,7.87E-09,31757553.47
15458475.39,5103890.548,15461475.39,5103890.548,15461475.39,5100890.548,15458475.39,5100890.548,63515106.93,3.15E-08,3.15E-08,7475.754277,1392.543023,7145.137453,0,0,0,1.759798722,0.879899361,,0.000235401,,0.000235401,2,4,2,4,3737.877138,1392.543023,7145.137453,0,0,1,0,3.15E-08,127030213.9
15458475.39,5100890.548,15461475.39,5100890.548,15461475.39,5097890.548,15458475.39,5097890.548,63515106.93,4.72E-08,4.72E-08,5752.97632,614.7942924,6771.985579,0,0,0,1.563253444,0.937952066,,0.00027173,,0.00027173,3,5,3,5,3451.785792,614.7942924,6771.985579,0,0,1,0,4.72E-08,190545320.8
15458475.39,5097890.548,15461475.39,5097890.548,15461475.39,5094890.548,15458475.39,5094890.548,63515106.93,3.15E-08,3.15E-08,13358.5127,2442.699298,8995.074963,0,0,0,5.619131265,2.247652506,,0.00042064,,0.00042064,2,5,2,5,5343.40508,2442.699298,8995.074963,0,0,1,0,3.15E-08,127030213.9
15458475.39,5094890.548,15461475.39,5094890.548,15461475.39,5091890.548,15458475.39,5091890.548,63515106.93,1.57E-08,1.57E-08,22257.39632,1020.603284,8715.944399,0,0,0,7.799588395,1.949897099,,0.000350427,,0.000350427,1,4,1,4,5564.34908,1020.603284,8715.944399,0,0,1,0,1.57E-08,63515106.93
15458475.39,5091890.548,15461475.39,5091890.548,15461475.39,5088890.548,15458475.39,5088890.548,63515106.93,2.36E-08,2.36E-08,9567.118949,552.7338853,6381.620766,0,0,0,2.161606177,0.810602316,,0.000225941,,0.000225941,1.5,4,1.5,4,3587.669606,552.7338853,6381.620766,0,0,1,0,2.36E-08,95272660.4
15458475.39,5088890.548,15461475.39,5088890.548,15461475.39,5085890.548,15458475.39,5085890.548,63515106.93,2.36E-08,2.36E-08,7802.521659,2174.698524,4982.318765,0,0,0,1.437752698,0.718876349,,0.000184268,,0.000184268,1.5,3,1.5,3,3901.260829,2174.698524,4982.318765,0,0,1,0,2.36E-08,95272660.4
15458475.39,5085890.548,15461475.39,5085890.548,15461475.39,5082890.548,15458475.39,5082890.548,63515106.93,2.36E-08,2.36E-08,8933.928558,2431.454104,4227.800337,0,0,0,1.884947141,0.706855178,,0.000210987,,0.000210987,1.5,4,1.5,4,3350.223209,2431.454104,4227.800337,0,0,1,0,2.36E-08,95272660.4
15458475.39,5082890.548,15461475.39,5082890.548,15461475.39,5079890.548,15458475.39,5079890.548,63515106.93,3.94E-08,3.94E-08,9023.776357,2760.137103,8758.904313,0,0,0,3.205085517,1.602542759,,0.000355182,,0.000355182,2.5,5,2.5,5,4511.888178,2760.137103,8758.904313,0,0,1,0,3.94E-08,158787767.3
15458475.39,5079890.548,15461475.39,5079890.548,15461475.39,5076890.548,15458475.39,5076890.548,63515106.93,6.30E-08,6.30E-08,7481.112922,1678.884562,8088.831703,0,0,0,3.524644971,2.01408284,,0.000471139,,0.000471139,4,7,4,7,4274.92167,1678.884562,8088.831703,0,0,1,0,6.30E-08,254060427.7
15458475.39,5076890.548,15461475.39,5076890.548,15461475.39,5073890.548,15458475.39,5073890.548,63515106.93,6.30E-08,6.30E-08,6502.01229,698.0893898,6269.390599,0,0,0,2.662432033,1.331216017,,0.000409478,,0.000409478,4,8,4,8,3251.006145,698.0893898,6269.390599,0,0,1,0,6.30E-08,254060427.7
15458475.39,5073890.548,15461475.39,5073890.548,15461475.39,5070890.548,15458475.39,5070890.548,63515106.93,3.94E-08,3.94E-08,8152.878994,226.3105377,8374.607412,0,0,0,2.616284499,1.30814225,,0.000320903,,0.000320903,2.5,5,2.5,5,4076.439497,226.3105377,8374.607412,0,0,1,0,3.94E-08,158787767.3
15458475.39,5070890.548,15461475.39,5070890.548,15461475.39,5067890.548,15458475.39,5067890.548,63515106.93,4.72E-08,4.72E-08,7364.145563,2745.119921,8728.544535,0,0,0,2.56146809,1.536880854,,0.00034783,,0.00034783,3,5,3,5,4418.487338,2745.119921,8728.544535,0,0,1,0,4.72E-08,190545320.8
15458475.39,5067890.548,15461475.39,5067890.548,15461475.39,5064890.548,15458475.39,5064890.548,63515106.93,3.94E-08,3.94E-08,6360.716788,2745.119921,6150.207068,0,0,0,1.592484057,0.995302535,,0.000250362,,0.000250362,2.5,4,2.5,4,3975.447993,2745.119921,6150.207068,0,0,1,0,3.94E-08,158787767.3
15458475.39,5064890.548,15461475.39,5064890.548,15461475.39,5061890.548,15458475.39,5061890.548,63515106.93,3.15E-08,3.15E-08,7760.084297,2745.119921,8979.458663,0,0,0,1.896207413,1.264138275,,0.000244354,,0.000244354,2,3,2,3,5173.389532,2745.119921,8979.458663,0,0,1,0,3.15E-08,127030213.9
15458475.39,5061890.548,15461475.39,5061890.548,15461475.39,5058890.548,15458475.39,5058890.548,63515106.93,0,0,0,3944.968188,7379.823188,0,0,0,0,1.781533526,,0.000290081,,0.000290081,0,3,0,3,6141.506124,3944.968188,7379.823188,0,0,0,0,0,0
15458475.39,5058890.548,15461475.39,5058890.548,15461475.39,5055890.548,15458475.39,5055890.548,63515106.93,7.87E-09,7.87E-09,54986.76993,2244.95322,8989.314763,0,0,0,23.80177735,2.975222169,,0.000432864,,0.000432864,0.5,4,0.5,4,6873.346241,2244.95322,8989.314763,0,0,1,0,7.87E-09,31757553.47
15458475.39,5055890.548,15461475.39,5055890.548,15461475.39,5052890.548,15458475.39,5052890.548,63515106.93,6.30E-08,4.72E-08,10767.66239,13.28978463,8943.220625,0.75,0.666666667,1.57E-08,7.301730812,3.650865406,,0.000678117,,0.000678117,4,9,3,8,5383.831195,593.8307984,8943.220625,0.25,0.333333333,3.833333333,1,3.000000039,158787768.3
15458475.39,5052890.548,15461475.39,5052890.548,15461475.39,5049890.548,15458475.39,5049890.548,63515106.93,1.18E-07,7.08E-08,4899.765585,380.2395391,6021.707441,1.2,1.333333333,4.72E-08,2.834881016,2.126160762,,0.000578575,,0.000578575,7.5,13,4.5,10,3674.824189,380.2395391,7447.286644,0.4,0.666666667,9.666666667,3,9.000000047,190545323.8
15458475.39,5049890.548,15461475.39,5049890.548,15461475.39,5046890.548,15458475.39,5046890.548,63515106.93,1.02E-07,7.08E-08,4433.710715,1190.749238,4228.465561,0.923076923,0.888888889,3.15E-08,2.011736196,1.452920586,,0.000453736,,0.000453736,6.5,11,4.5,9,3202.124405,1190.749238,5355.137078,0.307692308,0.444444444,6.777777778,2,6.000000055,222302876.3
15458475.39,5046890.548,15461475.39,5046890.548,15461475.39,5043890.548,15458475.39,5043890.548,63515106.93,1.10E-07,6.30E-08,3198.410703,176.0178388,8091.301421,1,1,3.15E-08,1.127429688,0.876889757,,0.000352497,,0.000352497,7,11,4,9,2487.652769,176.0178388,8091.301421,0.285714286,0.5,7.875,1.000000016,7.000000055,222302875.3
15458475.39,5043890.548,15461475.39,5043890.548,15461475.39,5040890.548,15458475.39,5040890.548,63515106.93,5.51E-08,2.36E-08,6742.632969,678.3725252,6730.992163,1.142857143,1.333333333,1.57E-08,2.505244113,1.461392399,,0.000371553,,0.000371553,3.5,7,1.5,6,3933.202565,1035.397513,6730.992163,0.285714286,0.666666667,5,1.57E-08,4.000000024,95272660.4
15458475.39,5040890.548,15461475.39,5040890.548,15461475.39,5037890.548,15458475.39,5037890.548,63515106.93,4.72E-08,1.57E-08,6380.074145,678.3725252,8644.120518,1.333333333,2,1.57E-08,1.922629815,1.153577889,,0.000301349,,0.000301349,3,6,1,5,3828.044487,1882.28868,8644.120518,0.333333333,1,5,1.57E-08,4.000000016,63515106.93
15458475.39,5037890.548,15461475.39,5037890.548,15461475.39,5034890.548,15458475.39,5034890.548,63515106.93,3.15E-08,3.15E-08,6664.256104,707.6820824,6620.261554,0,0,0,1.39848019,0.932320127,,0.000209848,,0.000209848,2,3,2,3,4442.837403,707.6820824,6620.261554,0,0,1,0,3.15E-08,127030213.9
15458475.39,5034890.548,15461475.39,5034890.548,15461475.39,5031890.548,15458475.39,5031890.548,63515106.93,3.15E-08,3.15E-08,7755.519213,2633.195373,5530.77872,0,0,0,1.893977076,0.946988538,,0.00024421,,0.00024421,2,4,2,4,3877.759606,2633.195373,5530.77872,0,0,1,0,3.15E-08,127030213.9
15458475.39,5031890.548,15461475.39,5031890.548,15461475.39,5028890.548,15458475.39,5028890.548,63515106.93,2.36E-08,2.36E-08,9756.570597,591.5023903,7716.004559,0,0,0,2.248063675,0.843023878,,0.000230415,,0.000230415,1.5,4,1.5,4,3658.713974,591.5023903,7716.004559,0,0,1,0,2.36E-08,95272660.4
15458475.39,5028890.548,15461475.39,5028890.548,15461475.39,5025890.548,15458475.39,5025890.548,63515106.93,1.57E-08,1.57E-08,8653.340955,2094.452763,6558.888192,0,0,0,1.178937001,0.5894685,,0.000136241,,0.000136241,1,2,1,2,4326.670477,2094.452763,6558.888192,0,0,1,0,1.57E-08,63515106.93
15458475.39,5025890.548,15461475.39,5025890.548,15461475.39,5022890.548,15458475.39,5022890.548,63515106.93,3.15E-08,3.15E-08,6367.98721,239.0069275,4989.253315,0,0,0,1.276901294,0.638450647,,0.000200519,,0.000200519,2,4,2,4,3183.993605,239.0069275,4989.253315,0,0,1,0,3.15E-08,127030213.9
15458475.39,5022890.548,15461475.39,5022890.548,15461475.39,5019890.548,15458475.39,5019890.548,63515106.93,2.36E-08,2.36E-08,8476.855384,3032.799638,6323.362194,0,0,0,1.697007547,0.848503773,,0.000200193,,0.000200193,1.5,3,1.5,3,4238.427692,3032.799638,6323.362194,0,0,1,0,2.36E-08,95272660.4
15458475.39,5019890.548,15461475.39,5019890.548,15461475.39,5016890.548,15458475.39,5016890.548,63515106.93,3.15E-08,3.15E-08,7335.076528,910.4590415,4879.387328,0,0,0,1.694190572,0.677676229,,0.000230971,,0.000230971,2,5,2,5,2934.030611,910.4590415,4879.387328,0,0,1,0,3.15E-08,127030213.9
15458475.39,5016890.548,15461475.39,5016890.548,15461475.39,5013890.548,15458475.39,5013890.548,63515106.93,2.36E-08,2.36E-08,8066.935069,413.6040692,4070.001185,0,0,0,1.536849528,0.576318573,,0.000190512,,0.000190512,1.5,4,1.5,4,3025.100651,413.6040692,4070.001185,0,0,1,0,2.36E-08,95272660.4
15458475.39,5013890.548,15461475.39,5013890.548,15461475.39,5010890.548,15458475.39,5010890.548,63515106.93,2.36E-08,2.36E-08,8112.940268,1695.282232,4331.352975,0,0,0,1.554428615,0.582910731,,0.000191599,,0.000191599,1.5,4,1.5,4,3042.352601,1695.282232,4331.352975,0,0,1,0,2.36E-08,95272660.4
15458475.39,5010890.548,15461475.39,5010890.548,15461475.39,5007890.548,15458475.39,5007890.548,63515106.93,2.36E-08,2.36E-08,7957.112971,2224.235589,7238.911909,0,0,0,1.495289465,0.747644732,,0.000187919,,0.000187919,1.5,3,1.5,3,3978.556485,2224.235589,7238.911909,0,0,1,0,2.36E-08,95272660.4
15458475.39,5007890.548,15461475.39,5007890.548,15461475.39,5004890.548,15458475.39,5004890.548,63515106.93,3.15E-08,3.15E-08,6934.531306,2178.133221,8292.271719,0,0,0,1.51421376,1.00947584,,0.000218358,,0.000218358,2,3,2,3,4623.02087,2178.133221,8292.271719,0,0,1,0,3.15E-08,127030213.9
15458475.39,5004890.548,15461475.39,5004890.548,15461475.39,5001890.548,15458475.39,5001890.548,63515106.93,5.51E-08,3.94E-08,3359.746384,288.2958624,3398.657672,0.857142857,0.8,1.57E-08,0.622019502,0.544267064,,0.000185139,,0.000185139,3.5,5,2.5,4,2939.778086,288.2958624,5028.797229,0.285714286,0.4,3.8,1,3.000000031,127030214.9
15458475.39,5001890.548,15461475.39,5001890.548,15461475.39,4998890.548,15458475.39,4998890.548,63515106.93,7.08E-08,5.51E-08,4901.150979,2616.150375,6079.546475,0.666666667,0.571428571,1.57E-08,1.701890611,1.53170155,,0.000347243,,0.000347243,4.5,6,3.5,5,4411.035881,2616.150375,6384.28334,0.222222222,0.285714286,3.857142857,1,3.000000047,190545321.8
15458475.39,4998890.548,15461475.39,4998890.548,15461475.39,4995890.548,15458475.39,4995890.548,63515106.93,1.02E-07,7.08E-08,3621.302827,480.1555134,6681.918028,0.923076923,0.888888889,3.15E-08,1.3420417,1.453878508,,0.000370596,,0.000370596,6.5,8,4.5,6,3923.078063,1907.719323,6681.918028,0.307692308,0.444444444,6.777777778,2,6.000000055,222302876.3
15458475.39,4995890.548,15461475.39,4995890.548,15461475.39,4992890.548,15458475.39,4992890.548,63515106.93,3.94E-08,3.94E-08,4252.515485,945.2818071,4982.562794,0,0,0,0.711794753,0.444871721,,0.000167382,,0.000167382,2.5,4,2.5,4,2657.822178,945.2818071,4982.562794,0,0,1,0,3.94E-08,158787767.3
15458475.39,4992890.548,15461475.39,4992890.548,15461475.39,4989890.548,15458475.39,4989890.548,63515106.93,2.36E-08,2.36E-08,3439.411996,720.869163,3447.947658,0,0,0,0.27937184,0.13968592,,8.12E-05,,8.12E-05,1.5,3,1.5,3,1719.705998,720.869163,3447.947658,0,0,1,0,2.36E-08,95272660.4
15458475.39,4989890.548,15461475.39,4989890.548,15461475.39,4986890.548,15458475.39,4986890.548,63515106.93,1.57E-08,1.57E-08,5232.464811,1817.56279,3414.902021,0,0,0,0.43105789,0.215528945,,8.24E-05,,8.24E-05,1,2,1,2,2616.232405,1817.56279,3414.902021,0,0,1,0,1.57E-08,63515106.93
15458475.39,4986890.548,15461475.39,4986890.548,15461475.39,4983890.548,15458475.39,4983890.548,63515106.93,1.57E-08,1.57E-08,2042.735421,407.5363418,1635.199079,0,0,0,0.065697252,0.032848626,,3.22E-05,,3.22E-05,1,2,1,2,1021.36771,407.5363418,1635.199079,0,0,1,0,1.57E-08,63515106.93
15458475.39,4983890.548,15461475.39,4983890.548,15461475.39,4980890.548,15458475.39,4980890.548,63515106.93,0,0,0,0,0,0,0,0,0,0,,0,,0,0,0,0,0,0,0,0,0,0,0,0,0,0
15458475.39,4980890.548,15461475.39,4980890.548,15461475.39,4977890.548,15458475.39,4977890.548,63515106.93,0,0,0,0,0,0,0,0,0,0,,0,,0,0,0,0,0,0,0,0,0,0,0,0,0,0
15458475.39,4977890.548,15461475.39,4977890.548,15461475.39,4974890.548,15458475.39,4974890.548,63515106.93,0,0,0,0,0,0,0,0,0,0,,0,,0,0,0,0,0,0,0,0,0,0,0,0,0,0
15458475.39,4974890.548,15461475.39,4974890.548,15461475.39,4971890.548,15458475.39,4971890.548,63515106.93,0,0,0,0,0,0,0,0,0,0,,0,,0,0,0,0,0,0,0,0,0,0,0,0,0,0
15458475.39,4971890.548,15461475.39,4971890.548,15461475.39,4968890.548,15458475.39,4968890.548,63515106.93,0,0,0,0,0,0,0,0,0,0,,0,,0,0,0,0,0,0,0,0,0,0,0,0,0,0
15458475.39,4968890.548,15461475.39,4968890.548,15461475.39,4965890.548,15458475.39,4965890.548,63515106.93,0,0,0,0,0,0,0,0,0,0,,0,,0,0,0,0,0,0,0,0,0,0,0,0,0,0
15458475.39,4965890.548,15461475.39,4965890.548,15461475.39,4962890.548,15458475.39,4962890.548,63515106.93,0,0,0,0,0,0,0,0,0,0,,0,,0,0,0,0,0,0,0,0,0,0,0,0,0,0
15458475.39,4962890.548,15461475.39,4962890.548,15461475.39,4959890.548,15458475.39,4959890.548,63515106.93,0,0,0,0,0,0,0,0,0,0,,0,,0,0,0,0,0,0,0,0,0,0,0,0,0,0
15458475.39,4959890.548,15461475.39,4959890.548,15461475.39,4956890.548,15458475.39,4956890.548,63515106.93,0,0,0,0,0,0,0,0,0,0,,0,,0,0,0,0,0,0,0,0,0,0,0,0,0,0
15458475.39,4956890.548,15461475.39,4956890.548,15461475.39,4953890.548,15458475.39,4953890.548,63515106.93,0,0,0,0,0,0,0,0,0,0,,0,,0,0,0,0,0,0,0,0,0,0,0,0,0,0
15458475.39,4953890.548,15461475.39,4953890.548,15461475.39,4950890.548,15458475.39,4950890.548,63515106.93,0,0,0,0,0,0,0,0,0,0,,0,,0,0,0,0,0,0,0,0,0,0,0,0,0,0
15458475.39,4950890.548,15461475.39,4950890.548,15461475.39,4947890.548,15458475.39,4947890.548,63515106.93,0,0,0,0,0,0,0,0,0,0,,0,,0,0,0,0,0,0,0,0,0,0,0,0,0,0
15458475.39,4947890.548,15461475.39,4947890.548,15461475.39,4944890.548,15458475.39,4944890.548,63515106.93,0,0,0,0,0,0,0,0,0,0,,0,,0,0,0,0,0,0,0,0,0,0,0,0,0,0
15458475.39,4944890.548,15461475.39,4944890.548,15461475.39,4941890.548,15458475.39,4941890.548,63515106.93,0,0,0,0,0,0,0,0,0,0,,0,,0,0,0,0,0,0,0,0,0,0,0,0,0,0
15461475.39,5121890.548,15464475.39,5121890.548,15464475.39,5118890.548,15461475.39,5118890.548,63515106.93,7.87E-09,7.87E-09,19617.93127,2593.959507,7215.006129,0,0,0,3.029698335,0.757424584,,0.000154435,,0.000154435,0.5,2,0.5,2,4904.482818,2593.959507,7215.006129,0,0,1,0,7.87E-09,31757553.47
15461475.39,5118890.548,15464475.39,5118890.548,15464475.39,5115890.548,15461475.39,5115890.548,63515106.93,1.57E-08,1.57E-08,15868.27635,4134.710022,7197.487368,0,0,0,3.964445728,1.321481909,,0.000249835,,0.000249835,1,3,1,3,5289.425451,4134.710022,7197.487368,0,0,1,0,1.57E-08,63515106.93
15461475.39,5115890.548,15464475.39,5115890.548,15464475.39,5112890.548,15461475.39,5112890.548,63515106.93,1.57E-08,1.57E-08,11458.52924,1318.331655,5500.0376,0,0,0,2.067191549,0.68906385,,0.000180406,,0.000180406,1,3,1,3,3819.509746,1318.331655,5500.0376,0,0,1,0,1.57E-08,63515106.93
15461475.39,5112890.548,15464475.39,5112890.548,15464475.39,5109890.548,15461475.39,5109890.548,63515106.93,7.87E-09,7.87E-09,25399.24938,4462.273996,8237.350693,0,0,0,5.078491559,1.26962289,,0.000199947,,0.000199947,0.5,2,0.5,2,6349.812344,4462.273996,8237.350693,0,0,1,0,7.87E-09,31757553.47
15461475.39,5109890.548,15464475.39,5109890.548,15464475.39,5106890.548,15461475.39,5106890.548,63515106.93,7.87E-09,7.87E-09,33266.08398,2228.456934,8838.307645,0,0,0,8.711567978,1.451927996,,0.000261875,,0.000261875,0.5,3,0.5,3,5544.34733,2228.456934,8838.307645,0,0,1,0,7.87E-09,31757553.47
15461475.39,5106890.548,15464475.39,5106890.548,15464475.39,5103890.548,15461475.39,5103890.548,63515106.93,1.57E-08,1.57E-08,17477.39977,3526.067364,8452.04626,0,0,0,4.809241727,1.603080576,,0.000275169,,0.000275169,1,3,1,3,5825.799922,3526.067364,8452.04626,0,0,1,0,1.57E-08,63515106.93
15461475.39,5103890.548,15464475.39,5103890.548,15464475.39,5100890.548,15461475.39,5100890.548,63515106.93,3.94E-08,3.94E-08,5986.917222,2826.693061,8614.532631,0,0,0,1.410813095,1.175677579,,0.000235649,,0.000235649,2.5,3,2.5,3,4989.097685,2826.693061,8614.532631,0,0,1,0,3.94E-08,158787767.3
15461475.39,5100890.548,15464475.39,5100890.548,15464475.39,5097890.548,15461475.39,5097890.548,63515106.93,5.51E-08,5.51E-08,4652.574757,16.21551728,5557.125085,0,0,0,1.192827741,0.695816182,,0.00025638,,0.00025638,3.5,6,3.5,6,2714.001942,16.21551728,5557.125085,0,0,1,0,5.51E-08,222302874.3
15461475.39,5097890.548,15464475.39,5097890.548,15464475.39,5094890.548,15461475.39,5094890.548,63515106.93,3.94E-08,3.94E-08,7717.384754,452.7696886,8191.190157,0,0,0,2.344246523,0.976769385,,0.000303762,,0.000303762,2.5,6,2.5,6,3215.576981,452.7696886,8191.190157,0,0,1,0,3.94E-08,158787767.3
15461475.39,5094890.548,15464475.39,5094890.548,15464475.39,5091890.548,15461475.39,5091890.548,63515106.93,2.36E-08,2.36E-08,12001.51733,1253.200419,8704.827259,0,0,0,3.401625815,1.275609681,,0.000283433,,0.000283433,1.5,4,1.5,4,4500.568999,1253.200419,8704.827259,0,0,1,0,2.36E-08,95272660.4
15461475.39,5091890.548,15464475.39,5091890.548,15464475.39,5088890.548,15461475.39,5088890.548,63515106.93,2.36E-08,2.36E-08,7442.283417,594.9399434,3704.493657,0,0,0,1.308056897,0.490521336,,0.00017576,,0.00017576,1.5,4,1.5,4,2790.856281,594.9399434,3704.493657,0,0,1,0,2.36E-08,95272660.4
15461475.39,5088890.548,15464475.39,5088890.548,15464475.39,5085890.548,15461475.39,5085890.548,63515106.93,3.15E-08,3.15E-08,6117.880038,1818.107391,5014.86195,0,0,0,1.178568626,0.589284313,,0.000192643,,0.000192643,2,4,2,4,3058.940019,1818.107391,5014.86195,0,0,1,0,3.15E-08,127030213.9
15461475.39,5085890.548,15464475.39,5085890.548,15464475.39,5082890.548,15461475.39,5082890.548,63515106.93,2.36E-08,2.36E-08,11397.76309,1065.395358,5769.742322,0,0,0,3.067986728,1.150495023,,0.000269174,,0.000269174,1.5,4,1.5,4,4274.161158,1065.395358,5769.742322,0,0,1,0,2.36E-08,95272660.4
15461475.39,5082890.548,15464475.39,5082890.548,15464475.39,5079890.548,15461475.39,5079890.548,63515106.93,3.15E-08,3.15E-08,13575.68476,2121.299524,8823.470631,0,0,0,5.803319104,1.934439701,,0.000427479,,0.000427479,2,6,2,6,4525.228253,2121.299524,8823.470631,0,0,1,0,3.15E-08,127030213.9
15461475.39,5079890.548,15464475.39,5079890.548,15464475.39,5076890.548,15461475.39,5076890.548,63515106.93,3.94E-08,3.94E-08,12282.34206,2520.945837,7913.667484,0,0,0,5.937797072,2.474082114,,0.000483442,,0.000483442,2.5,6,2.5,6,5117.642524,2520.945837,7913.667484,0,0,1,0,3.94E-08,158787767.3
15461475.39,5076890.548,15464475.39,5076890.548,15464475.39,5073890.548,15461475.39,5073890.548,63515106.93,4.72E-08,4.72E-08,6711.613993,2427.36631,7138.843229,0,0,0,2.12764008,1.59573006,,0.000317009,,0.000317009,3,4,3,4,5033.710495,2427.36631,7138.843229,0,0,1,0,4.72E-08,190545320.8
15461475.39,5073890.548,15464475.39,5073890.548,15464475.39,5070890.548,15461475.39,5070890.548,63515106.93,4.72E-08,4.72E-08,7441.68475,892.2024258,6481.488422,0,0,0,2.615692924,1.569415754,,0.000351492,,0.000351492,3,5,3,5,4465.01085,892.2024258,6481.488422,0,0,1,0,4.72E-08,190545320.8
15461475.39,5070890.548,15464475.39,5070890.548,15464475.39,5067890.548,15461475.39,5067890.548,63515106.93,4.72E-08,4.72E-08,6901.05655,1750.560733,6882.331544,0,0,0,2.249445075,1.349667045,,0.000325957,,0.000325957,3,5,3,5,4140.63393,1750.560733,6882.331544,0,0,1,0,4.72E-08,190545320.8
15461475.39,5067890.548,15464475.39,5067890.548,15464475.39,5064890.548,15461475.39,5064890.548,63515106.93,4.72E-08,4.72E-08,7752.417698,207.1903235,7539.397851,0,0,0,2.838693804,1.419346902,,0.000366169,,0.000366169,3,6,3,6,3876.208849,207.1903186,7539.397851,0,0,1,0,4.72E-08,190545320.8
15461475.39,5064890.548,15464475.39,5064890.548,15464475.39,5061890.548,15461475.39,5061890.548,63515106.93,1.57E-08,1.57E-08,12747.28806,3795.590011,8951.698048,0,0,0,2.558341798,1.279170899,,0.000200697,,0.000200697,1,2,1,2,6373.644029,3795.590011,8951.698048,0,0,1,0,1.57E-08,63515106.93
15461475.39,5061890.548,15464475.39,5061890.548,15464475.39,5058890.548,15461475.39,5058890.548,63515106.93,7.87E-09,7.87E-09,31029.31878,4533.17012,6135.647068,0,0,0,7.579445823,1.26324097,,0.000244267,,0.000244267,0.5,3,0.5,3,5171.55313,4533.169831,6135.647068,0,0,1,0,7.87E-09,31757553.47
15461475.39,5058890.548,15464475.39,5058890.548,15464475.39,5055890.548,15461475.39,5055890.548,63515106.93,5.51E-08,2.36E-08,7362.175347,86.81993401,7640.452572,1.142857143,1.333333333,1.57E-08,2.98678062,2.090746434,,0.000405693,,0.000405693,3.5,6,1.5,5,5153.522743,86.81993401,7640.452572,0.285714286,0.666666667,5,1.57E-08,4.000000024,95272660.4
15461475.39,5055890.548,15464475.39,5055890.548,15464475.39,5052890.548,15461475.39,5052890.548,63515106.93,1.26E-07,6.30E-08,5033.240009,86.81993401,7177.570219,1.25,1.5,4.72E-08,3.190863554,2.83632316,,0.000633958,,0.000633958,8,12,4,9,4473.991119,86.81993401,7177.570219,0.375,0.75,10.75,2.000000016,10.00000005,190545322.8
15461475.39,5052890.548,15464475.39,5052890.548,15464475.39,5049890.548,15461475.39,5049890.548,63515106.93,1.73E-07,1.10E-07,3998.817304,645.7430109,6493.329707,1.090909091,1.142857143,6.30E-08,2.769355932,2.769355932,,0.000692544,,0.000692544,11,15,7,11,3998.817304,645.7430358,8540.727955,0.363636364,0.571428571,12.71428571,4,12.00000008,317575538.7
15461475.39,5049890.548,15464475.39,5049890.548,15464475.39,5046890.548,15461475.39,5046890.548,63515106.93,1.42E-07,9.45E-08,3790.085287,908.8431145,4967.990369,1,1,4.72E-08,2.035464074,1.665379697,,0.00053705,,0.00053705,9,14,6,11,3100.978871,908.8431145,6714.377358,0.333333333,0.5,9.75,3,9.000000071,285817984.2
15461475.39,5046890.548,15464475.39,5046890.548,15464475.39,5043890.548,15461475.39,5043890.548,63515106.93,9.45E-08,7.87E-08,4906.253238,567.4594551,7372.608496,0.5,0.4,1.57E-08,2.273914538,1.515943025,,0.000463473,,0.000463473,6,10,5,9,3270.835492,567.4594551,7372.608496,0.166666667,0.2,3.9,1,3.000000071,285817982.2
15461475.39,5043890.548,15464475.39,5043890.548,15464475.39,5040890.548,15461475.39,5040890.548,63515106.93,2.36E-08,2.36E-08,13742.32009,2606.79456,7637.811124,0,0,0,4.459994733,1.672498025,,0.000324545,,0.000324545,1.5,4,1.5,4,5153.370036,2606.79456,7637.811124,0,0,1,0,2.36E-08,95272660.4
15461475.39,5040890.548,15464475.39,5040890.548,15464475.39,5037890.548,15461475.39,5037890.548,63515106.93,2.36E-08,2.36E-08,8073.184175,897.6306495,8612.590053,0,0,0,1.539231512,0.769615756,,0.00019066,,0.00019066,1.5,3,1.5,3,4036.592087,897.6306495,8612.590053,0,0,1,0,2.36E-08,95272660.4
15461475.39,5037890.548,15464475.39,5037890.548,15464475.39,5034890.548,15461475.39,5034890.548,63515106.93,1.57E-08,1.57E-08,12100.20964,37.65240758,6840.275167,0,0,0,2.305200767,0.768400256,,0.000190509,,0.000190509,1,3,1,3,4033.403212,37.65240758,6840.275167,0,0,1,0,1.57E-08,63515106.93
15461475.39,5034890.548,15464475.39,5034890.548,15464475.39,5031890.548,15461475.39,5031890.548,63515106.93,3.15E-08,3.15E-08,6821.373429,3554.027962,6000.568572,0,0,0,1.465198996,0.976799331,,0.000214795,,0.000214795,2,3,2,3,4547.582286,3554.027962,6000.568572,0,0,1,0,3.15E-08,127030213.9
15461475.39,5031890.548,15464475.39,5031890.548,15464475.39,5028890.548,15461475.39,5028890.548,63515106.93,2.36E-08,2.36E-08,7793.20024,2396.678623,5859.982435,0,0,0,1.434319477,0.717159739,,0.000184048,,0.000184048,1.5,3,1.5,3,3896.60012,2396.678623,5859.982435,0,0,1,0,2.36E-08,95272660.4
15461475.39,5028890.548,15464475.39,5028890.548,15464475.39,5025890.548,15461475.39,5025890.548,63515106.93,2.36E-08,2.36E-08,9064.674206,683.6896428,7076.92495,0,0,0,1.940522242,0.727695841,,0.000214075,,0.000214075,1.5,4,1.5,4,3399.252827,683.6896428,7076.92495,0,0,1,0,2.36E-08,95272660.4
15461475.39,5025890.548,15464475.39,5025890.548,15464475.39,5022890.548,15461475.39,5022890.548,63515106.93,3.15E-08,3.15E-08,6511.188119,2448.015416,6666.536982,0,0,0,1.334975969,0.889983979,,0.000205028,,0.000205028,2,3,2,3,4340.792079,2448.015416,6666.536982,0,0,1,0,3.15E-08,127030213.9
15461475.39,5022890.548,15464475.39,5022890.548,15464475.39,5019890.548,15461475.39,5019890.548,63515106.93,3.15E-08,3.15E-08,6248.334572,939.0922685,5141.488658,0,0,0,1.229366896,0.614683448,,0.000196751,,0.000196751,2,4,2,4,3124.167286,939.0922685,5141.488658,0,0,1,0,3.15E-08,127030213.9
15461475.39,5019890.548,15464475.39,5019890.548,15464475.39,5016890.548,15461475.39,5016890.548,63515106.93,4.72E-08,4.72E-08,4139.840064,668.8076266,6462.131132,0,0,0,0.809489738,0.485693843,,0.000195536,,0.000195536,3,5,3,5,2483.904038,668.8076266,6462.131132,0,0,1,0,4.72E-08,190545320.8
15461475.39,5016890.548,15464475.39,5016890.548,15464475.39,5013890.548,15461475.39,5013890.548,63515106.93,2.36E-08,2.36E-08,5968.460845,297.8159228,6244.831731,0,0,0,0.841276822,0.420638411,,0.000140954,,0.000140954,1.5,3,1.5,3,2984.230422,297.8159228,6244.831731,0,0,1,0,2.36E-08,95272660.4
15461475.39,5013890.548,15464475.39,5013890.548,15464475.39,5010890.548,15461475.39,5010890.548,63515106.93,2.36E-08,2.36E-08,9354.464082,2658.025366,5225.50433,0,0,0,2.066579177,0.774967191,,0.000220919,,0.000220919,1.5,4,1.5,4,3507.924031,2658.025366,5225.50433,0,0,1,0,2.36E-08,95272660.4
15461475.39,5010890.548,15464475.39,5010890.548,15464475.39,5007890.548,15461475.39,5007890.548,63515106.93,3.94E-08,3.94E-08,6657.944005,1794.124578,5515.019784,0,0,0,1.744790354,1.090493972,,0.000262061,,0.000262061,2.5,4,2.5,4,4161.215003,1794.124578,5515.019784,0,0,1,0,3.94E-08,158787767.3
15461475.39,5007890.548,15464475.39,5007890.548,15464475.39,5004890.548,15461475.39,5004890.548,63515106.93,3.94E-08,3.94E-08,5626.484804,218.8015103,4728.206341,0,0,0,1.246055182,0.623027591,,0.000221462,,0.000221462,2.5,5,2.5,5,2813.242402,218.8015103,4728.206341,0,0,1,0,3.94E-08,158787767.3
15461475.39,5004890.548,15464475.39,5004890.548,15464475.39,5001890.548,15461475.39,5001890.548,63515106.93,5.51E-08,3.94E-08,4341.570228,1130.313984,4527.994501,0.857142857,0.8,1.57E-08,1.038686942,0.605900716,,0.000239242,,0.000239242,3.5,7,2.5,6,2532.582633,1130.313984,6390.140913,0.285714286,0.4,3.8,1,3.000000031,127030214.9
15461475.39,5001890.548,15464475.39,5001890.548,15464475.39,4998890.548,15461475.39,4998890.548,63515106.93,1.97E-07,8.66E-08,2670.276607,77.73852783,6137.008423,1.52,2.181818182,9.45E-08,1.403283704,1.461753858,,0.00052552,,0.00052552,12.5,17,5.5,12,2781.538133,77.73852783,8984.841599,0.48,1.090909091,19.54545455,5.000000016,19.00000005,190545325.8
15461475.39,4998890.548,15464475.39,4998890.548,15464475.39,4995890.548,15461475.39,4995890.548,63515106.93,2.05E-07,9.45E-08,2686.483006,57.63079218,6385.928702,1.461538462,2,9.45E-08,1.477183725,1.745762584,,0.000549858,,0.000549858,13,16,6,11,3174.934462,77.73852783,7039.374751,0.461538462,1,19.58333333,5.000000016,19.00000006,222302879.3
15461475.39,4995890.548,15464475.39,4995890.548,15464475.39,4992890.548,15461475.39,4992890.548,63515106.93,1.02E-07,5.51E-08,2824.150154,390.1067133,4931.792784,1.076923077,1.142857143,3.15E-08,0.816228754,0.7579267,,0.000289017,,0.000289017,6.5,9,3.5,7,2622.425143,443.6299843,4931.792784,0.307692308,0.571428571,7.857142857,1.000000016,7.000000047,190545321.8
15461475.39,4992890.548,15464475.39,4992890.548,15464475.39,4989890.548,15461475.39,4989890.548,63515106.93,1.57E-08,1.57E-08,525.9700991,96.20159184,429.7685073,0,0,0,0.004355571,0.002177785,,8.28E-06,,8.28E-06,1,2,1,2,262.9850496,96.20159184,429.7685073,0,0,1,0,1.57E-08,63515106.93
15461475.39,4989890.548,15464475.39,4989890.548,15464475.39,4986890.548,15461475.39,4986890.548,63515106.93,7.87E-09,7.87E-09,344.859424,172.429712,172.429712,0,0,0,0.000936218,0.000468109,,2.71E-06,,2.71E-06,0.5,1,0.5,1,172.429712,172.429712,172.429712,0,0,1,0,7.87E-09,31757553.47
15461475.39,4986890.548,15464475.39,4986890.548,15464475.39,4983890.548,15461475.39,4983890.548,63515106.93,0,0,0,0,0,0,0,0,0,0,,0,,0,0,0,0,0,0,0,0,0,0,0,0,0,0
15461475.39,4983890.548,15464475.39,4983890.548,15464475.39,4980890.548,15461475.39,4980890.548,63515106.93,0,0,0,0,0,0,0,0,0,0,,0,,0,0,0,0,0,0,0,0,0,0,0,0,0,0
15461475.39,4980890.548,15464475.39,4980890.548,15464475.39,4977890.548,15461475.39,4977890.548,63515106.93,0,0,0,0,0,0,0,0,0,0,,0,,0,0,0,0,0,0,0,0,0,0,0,0,0,0
15461475.39,4977890.548,15464475.39,4977890.548,15464475.39,4974890.548,15461475.39,4974890.548,63515106.93,0,0,0,0,0,0,0,0,0,0,,0,,0,0,0,0,0,0,0,0,0,0,0,0,0,0
15461475.39,4974890.548,15464475.39,4974890.548,15464475.39,4971890.548,15461475.39,4971890.548,63515106.93,0,0,0,0,0,0,0,0,0,0,,0,,0,0,0,0,0,0,0,0,0,0,0,0,0,0
15461475.39,4971890.548,15464475.39,4971890.548,15464475.39,4968890.548,15461475.39,4968890.548,63515106.93,0,0,0,0,0,0,0,0,0,0,,0,,0,0,0,0,0,0,0,0,0,0,0,0,0,0
15461475.39,4968890.548,15464475.39,4968890.548,15464475.39,4965890.548,15461475.39,4965890.548,63515106.93,0,0,0,0,0,0,0,0,0,0,,0,,0,0,0,0,0,0,0,0,0,0,0,0,0,0
15461475.39,4965890.548,15464475.39,4965890.548,15464475.39,4962890.548,15461475.39,4962890.548,63515106.93,0,0,0,0,0,0,0,0,0,0,,0,,0,0,0,0,0,0,0,0,0,0,0,0,0,0
15461475.39,4962890.548,15464475.39,4962890.548,15464475.39,4959890.548,15461475.39,4959890.548,63515106.93,0,0,0,0,0,0,0,0,0,0,,0,,0,0,0,0,0,0,0,0,0,0,0,0,0,0
15461475.39,4959890.548,15464475.39,4959890.548,15464475.39,4956890.548,15461475.39,4956890.548,63515106.93,0,0,0,0,0,0,0,0,0,0,,0,,0,0,0,0,0,0,0,0,0,0,0,0,0,0
15461475.39,4956890.548,15464475.39,4956890.548,15464475.39,4953890.548,15461475.39,4953890.548,63515106.93,0,0,0,0,0,0,0,0,0,0,,0,,0,0,0,0,0,0,0,0,0,0,0,0,0,0
15461475.39,4953890.548,15464475.39,4953890.548,15464475.39,4950890.548,15461475.39,4950890.548,63515106.93,0,0,0,0,0,0,0,0,0,0,,0,,0,0,0,0,0,0,0,0,0,0,0,0,0,0
15461475.39,4950890.548,15464475.39,4950890.548,15464475.39,4947890.548,15461475.39,4947890.548,63515106.93,0,0,0,0,0,0,0,0,0,0,,0,,0,0,0,0,0,0,0,0,0,0,0,0,0,0
15461475.39,4947890.548,15464475.39,4947890.548,15464475.39,4944890.548,15461475.39,4944890.548,63515106.93,0,0,0,0,0,0,0,0,0,0,,0,,0,0,0,0,0,0,0,0,0,0,0,0,0,0
15461475.39,4944890.548,15464475.39,4944890.548,15464475.39,4941890.548,15461475.39,4941890.548,63515106.93,0,0,0,0,0,0,0,0,0,0,,0,,0,0,0,0,0,0,0,0,0,0,0,0,0,0
15464475.39,5121890.548,15467475.39,5121890.548,15467475.39,5118890.548,15464475.39,5118890.548,63515106.93,7.87E-09,7.87E-09,9127.655331,232.3414486,4331.486217,0,0,0,0.655860439,0.16396511,,7.19E-05,,7.19E-05,0.5,2,0.5,2,2281.913833,232.3414486,4331.486217,0,0,1,0,7.87E-09,31757553.47
15464475.39,5118890.548,15467475.39,5118890.548,15467475.39,5115890.548,15464475.39,5115890.548,63515106.93,7.87E-09,7.87E-09,9184.094231,1552.952722,3039.094393,0,0,0,0.663996259,0.165999065,,7.23E-05,,7.23E-05,0.5,2,0.5,2,2296.023558,1552.952722,3039.094393,0,0,1,0,7.87E-09,31757553.47
15464475.39,5115890.548,15467475.39,5115890.548,15467475.39,5112890.548,15464475.39,5112890.548,63515106.93,1.57E-08,1.57E-08,3004.012755,592.9704915,2411.042264,0,0,0,0.142077894,0.071038947,,4.73E-05,,4.73E-05,1,2,1,2,1502.006378,592.9704915,2411.042264,0,0,1,0,1.57E-08,63515106.93
15464475.39,5112890.548,15467475.39,5112890.548,15467475.39,5109890.548,15464475.39,5109890.548,63515106.93,7.87E-09,7.87E-09,16341.21051,1773.565569,6397.039688,0,0,0,2.102138955,0.525534739,,0.00012864,,0.00012864,0.5,2,0.5,2,4085.302628,1773.565569,6397.039688,0,0,1,0,7.87E-09,31757553.47
15464475.39,5109890.548,15467475.39,5109890.548,15467475.39,5106890.548,15464475.39,5106890.548,63515106.93,1.57E-08,1.57E-08,10448.17907,2694.969865,7753.2092,0,0,0,1.71871624,0.85935812,,0.000164499,,0.000164499,1,2,1,2,5224.089533,2694.969865,7753.2092,0,0,1,0,1.57E-08,63515106.93
15464475.39,5106890.548,15467475.39,5106890.548,15467475.39,5103890.548,15464475.39,5103890.548,63515106.93,2.36E-08,2.36E-08,9652.760797,3526.067364,5810.514798,0,0,0,2.200479433,1.100239717,,0.000227964,,0.000227964,1.5,3,1.5,3,4826.380399,3526.067364,5810.514798,0,0,1,0,2.36E-08,95272660.4
15464475.39,5103890.548,15467475.39,5103890.548,15467475.39,5100890.548,15464475.39,5100890.548,63515106.93,2.36E-08,2.36E-08,6600.628004,3526.067364,6374.874642,0,0,0,1.02892742,0.771695565,,0.000155883,,0.000155883,1.5,2,1.5,2,4950.471003,3526.067364,6374.874642,0,0,1,0,2.36E-08,95272660.4
15464475.39,5100890.548,15467475.39,5100890.548,15467475.39,5097890.548,15464475.39,5097890.548,63515106.93,2.36E-08,2.36E-08,4966.713575,689.3184565,4396.941077,0,0,0,0.582575822,0.291287911,,0.000117296,,0.000117296,1.5,3,1.5,3,2483.356788,689.3184565,4396.941077,0,0,1,0,2.36E-08,95272660.4
15464475.39,5097890.548,15467475.39,5097890.548,15467475.39,5094890.548,15464475.39,5094890.548,63515106.93,1.57E-08,1.57E-08,13444.36967,1625.094715,8327.312398,0,0,0,2.845796609,0.94859887,,0.000211672,,0.000211672,1,3,1,3,4481.456558,1625.094715,8327.312398,0,0,1,0,1.57E-08,63515106.93
15464475.39,5094890.548,15467475.39,5094890.548,15467475.39,5091890.548,15464475.39,5091890.548,63515106.93,1.57E-08,1.57E-08,14091.93461,2314.185426,8619.185587,0,0,0,3.126541552,1.042180517,,0.000221867,,0.000221867,1,3,1,3,4697.311536,2314.185426,8619.185587,0,0,1,0,1.57E-08,63515106.93
15464475.39,5091890.548,15467475.39,5091890.548,15467475.39,5088890.548,15464475.39,5088890.548,63515106.93,1.57E-08,1.57E-08,9901.689051,425.785215,6294.058707,0,0,0,1.543624042,0.514541347,,0.000155895,,0.000155895,1,3,1,3,3300.563017,425.785215,6294.058707,0,0,1,0,1.57E-08,63515106.93
15464475.39,5088890.548,15467475.39,5088890.548,15467475.39,5085890.548,15464475.39,5085890.548,63515106.93,3.15E-08,3.15E-08,8326.274891,894.0414192,7796.209512,0,0,0,2.1830036,1.0915018,,0.000262183,,0.000262183,2,4,2,4,4163.137445,894.0414192,7796.209512,0,0,1,0,3.15E-08,127030213.9
15464475.39,5085890.548,15467475.39,5085890.548,15467475.39,5082890.548,15464475.39,5082890.548,63515106.93,3.94E-08,3.94E-08,8607.526199,549.8550711,8226.026781,0,0,0,2.916215954,1.458107977,,0.000338798,,0.000338798,2.5,5,2.5,5,4303.763099,549.8550711,8226.026781,0,0,1,0,3.94E-08,158787767.3
15464475.39,5082890.548,15467475.39,5082890.548,15467475.39,5079890.548,15464475.39,5079890.548,63515106.93,2.36E-08,2.36E-08,16559.53618,2516.331616,8832.962327,0,0,0,6.4760555,1.94281665,,0.000391077,,0.000391077,1.5,5,1.5,5,4967.860853,2516.331616,8832.962327,0,0,1,0,2.36E-08,95272660.4
15464475.39,5079890.548,15467475.39,5079890.548,15467475.39,5076890.548,15464475.39,5076890.548,63515106.93,2.36E-08,2.36E-08,11616.43669,91.29693668,7927.732311,0,0,0,3.18683872,1.19506452,,0.000274339,,0.000274339,1.5,4,1.5,4,4356.163759,91.29693668,7927.732311,0,0,1,0,2.36E-08,95272660.4
15464475.39,5076890.548,15467475.39,5076890.548,15467475.39,5073890.548,15464475.39,5073890.548,63515106.93,3.15E-08,3.15E-08,6326.489082,1783.285515,4414.396065,0,0,0,1.260313209,0.630156604,,0.000199212,,0.000199212,2,4,2,4,3163.244541,1783.285515,4414.396065,0,0,1,0,3.15E-08,127030213.9
15464475.39,5073890.548,15467475.39,5073890.548,15467475.39,5070890.548,15464475.39,5070890.548,63515106.93,3.15E-08,3.15E-08,9752.946883,2995.14268,6115.522864,0,0,0,2.995192089,1.198076835,,0.000307106,,0.000307106,2,5,2,5,3901.178753,2995.14268,6115.522864,0,0,1,0,3.15E-08,127030213.9
15464475.39,5070890.548,15467475.39,5070890.548,15467475.39,5067890.548,15464475.39,5067890.548,63515106.93,3.94E-08,3.94E-08,8030.708612,191.0037087,9060.060121,0,0,0,2.538462262,0.906593665,,0.000316094,,0.000316094,2.5,7,2.5,7,2868.110218,191.0037087,9060.060121,0,0,1,0,3.94E-08,158787767.3
15464475.39,5067890.548,15467475.39,5067890.548,15467475.39,5064890.548,15464475.39,5064890.548,63515106.93,6.30E-08,3.15E-08,5109.238757,886.8968916,7125.254384,1,1,1.57E-08,1.643975547,1.095983698,,0.000321765,,0.000321765,4,7,2,6,3406.159171,1147.85786,7125.254384,0.25,0.5,5,1.57E-08,4.000000031,127030213.9
15464475.39,5064890.548,15467475.39,5064890.548,15467475.39,5061890.548,15464475.39,5061890.548,63515106.93,7.08E-08,3.94E-08,3122.722353,335.1979856,6884.510023,0.888888889,0.8,1.57E-08,0.690879369,0.518159527,,0.000221243,,0.000221243,4.5,7,2.5,6,2342.041764,335.1979856,6884.510023,0.222222222,0.4,5,1.57E-08,4.000000039,158787767.3
15464475.39,5061890.548,15467475.39,5061890.548,15467475.39,5058890.548,15464475.39,5058890.548,63515106.93,1.57E-08,1.57E-08,9877.493942,1641.393202,4584.315202,0,0,0,1.536089464,0.512029821,,0.000155514,,0.000155514,1,3,1,3,3292.497981,1641.393202,4584.315174,0,0,1,0,1.57E-08,63515106.93
15464475.39,5058890.548,15467475.39,5058890.548,15467475.39,5055890.548,15464475.39,5055890.548,63515106.93,7.87E-08,4.72E-08,4070.622266,86.81993401,5001.756823,0.8,0.666666667,1.57E-08,1.304411378,0.931722413,,0.000320445,,0.000320445,5,8,3,7,2907.587333,86.81993401,5727.635988,0.2,0.333333333,5,1.57E-08,4.000000047,190545320.8
15464475.39,5055890.548,15467475.39,5055890.548,15467475.39,5052890.548,15464475.39,5052890.548,63515106.93,1.10E-07,4.72E-08,4899.567052,86.81993401,7087.746982,1.428571429,2,4.72E-08,2.645674536,2.314965219,,0.000539981,,0.000539981,7,11,3,8,4287.12117,86.81993401,8420.174455,0.428571429,1,10.66666667,2.000000016,10.00000003,127030215.9
15464475.39,5052890.548,15467475.39,5052890.548,15467475.39,5049890.548,15464475.39,5049890.548,63515106.93,1.10E-07,7.87E-08,4845.413151,497.14643,6492.205583,0.857142857,0.8,3.15E-08,2.587513556,1.811259489,,0.000534013,,0.000534013,7,12,5,10,3391.789206,497.1466324,8954.91552,0.285714286,0.4,6.8,2,6.000000063,254060429.7
15464475.39,5049890.548,15467475.39,5049890.548,15467475.39,5046890.548,15464475.39,5046890.548,63515106.93,1.34E-07,8.66E-08,3303.364967,419.1068118,4498.636185,1.058823529,1.090909091,4.72E-08,1.460343458,1.241291939,,0.000442078,,0.000442078,8.5,13,5.5,10,2807.860222,419.1068118,6896.340592,0.352941176,0.545454545,9.727272727,3,9.000000063,254060430.7
15464475.39,5046890.548,15467475.39,5046890.548,15467475.39,5043890.548,15464475.39,5043890.548,63515106.93,9.45E-08,9.45E-08,3793.834025,99.4587266,6421.921109,0,0,0,1.359661722,0.906441148,,0.000358387,,0.000358387,6,9,6,9,2529.222684,99.4587266,6421.921109,0,0,1,0,9.45E-08,381090641.6
15464475.39,5043890.548,15467475.39,5043890.548,15467475.39,5040890.548,15464475.39,5040890.548,63515106.93,3.15E-08,3.15E-08,7223.935486,3698.981418,6421.921109,0,0,0,1.643238795,1.09549253,,0.000227471,,0.000227471,2,3,2,3,4815.95699,3698.981418,6421.921109,0,0,1,0,3.15E-08,127030213.9
15464475.39,5040890.548,15467475.39,5040890.548,15467475.39,5037890.548,15464475.39,5037890.548,63515106.93,1.57E-08,1.57E-08,6194.750356,974.89651,5219.853846,0,0,0,0.604185899,0.302092949,,9.75E-05,,9.75E-05,1,2,1,2,3097.375178,974.89651,5219.853846,0,0,1,0,1.57E-08,63515106.93
15464475.39,5037890.548,15467475.39,5037890.548,15467475.39,5034890.548,15464475.39,5034890.548,63515106.93,7.87E-09,7.87E-09,14286.04872,2531.194898,4611.829462,0,0,0,1.606635003,0.401658751,,0.000112462,,0.000112462,0.5,2,0.5,2,3571.51218,2531.194898,4611.829462,0,0,1,0,7.87E-09,31757553.47
15464475.39,5034890.548,15467475.39,5034890.548,15467475.39,5031890.548,15464475.39,5031890.548,63515106.93,2.36E-08,2.36E-08,7310.589103,1582.23054,7399.494029,0,0,0,1.262173259,0.63108663,,0.00017265,,0.00017265,1.5,3,1.5,3,3655.294551,1582.23054,7399.494029,0,0,1,0,2.36E-08,95272660.4
15464475.39,5031890.548,15467475.39,5031890.548,15467475.39,5028890.548,15464475.39,5028890.548,63515106.93,2.36E-08,2.36E-08,6220.219102,623.0676584,5991.840002,0,0,0,0.913746214,0.456873107,,0.000146899,,0.000146899,1.5,3,1.5,3,3110.109551,623.0676584,5991.840002,0,0,1,0,2.36E-08,95272660.4
15464475.39,5028890.548,15467475.39,5028890.548,15467475.39,5025890.548,15464475.39,5025890.548,63515106.93,2.36E-08,2.36E-08,8181.327874,1470.257137,3890.109611,0,0,0,1.580745015,0.592779381,,0.000193214,,0.000193214,1.5,4,1.5,4,3067.997953,1470.257137,3890.109611,0,0,1,0,2.36E-08,95272660.4
15464475.39,5025890.548,15467475.39,5025890.548,15467475.39,5022890.548,15464475.39,5022890.548,63515106.93,2.36E-08,2.36E-08,11045.21374,2706.1921,7849.513933,0,0,0,2.88112748,1.44056374,,0.000260849,,0.000260849,1.5,3,1.5,3,5522.606872,2706.1921,7849.513933,0,0,1,0,2.36E-08,95272660.4
15464475.39,5022890.548,15467475.39,5022890.548,15467475.39,5019890.548,15464475.39,5019890.548,63515106.93,4.72E-08,4.72E-08,6942.004104,593.8395386,6306.482682,0,0,0,2.276218524,1.138109262,,0.000327891,,0.000327891,3,6,3,6,3471.002052,593.8395386,6306.482682,0,0,1,0,4.72E-08,190545320.8
15464475.39,5019890.548,15467475.39,5019890.548,15467475.39,5016890.548,15464475.39,5016890.548,63515106.93,3.15E-08,3.15E-08,7583.019319,2934.847108,5076.395819,0,0,0,1.810661582,0.905330791,,0.000238778,,0.000238778,2,4,2,4,3791.50966,2934.847108,5076.395819,0,0,1,0,3.15E-08,127030213.9
15464475.39,5016890.548,15467475.39,5016890.548,15467475.39,5013890.548,15464475.39,5013890.548,63515106.93,3.15E-08,3.15E-08,6020.69071,674.8822447,5771.954696,0,0,0,1.141420313,0.570710157,,0.000189583,,0.000189583,2,4,2,4,3010.345355,674.8822447,5771.954696,0,0,1,0,3.15E-08,127030213.9
15464475.39,5013890.548,15467475.39,5013890.548,15467475.39,5010890.548,15464475.39,5010890.548,63515106.93,5.51E-08,3.94E-08,4163.949618,279.9708481,6719.834789,0.857142857,0.8,1.57E-08,0.955436752,0.668805726,,0.000229454,,0.000229454,3.5,6,2.5,5,2914.764732,279.9708481,8066.910354,0.285714286,0.4,3.8,1,3.000000031,127030214.9
15464475.39,5010890.548,15467475.39,5010890.548,15467475.39,5007890.548,15464475.39,5007890.548,63515106.93,7.08E-08,5.51E-08,4935.592041,821.52168,6591.333429,0.666666667,0.571428571,1.57E-08,1.72589349,1.294420117,,0.000349683,,0.000349683,4.5,7,3.5,6,3701.694031,821.52168,8482.136734,0.222222222,0.285714286,3.857142857,1,3.000000047,190545321.8
15464475.39,5007890.548,15467475.39,5007890.548,15467475.39,5004890.548,15464475.39,5004890.548,63515106.93,4.72E-08,4.72E-08,5228.447323,784.5262731,4736.44024,0,0,0,1.291188635,0.774713181,,0.000246955,,0.000246955,3,5,3,5,3137.068394,784.5262731,4736.44024,0,0,1,0,4.72E-08,190545320.8
15464475.39,5004890.548,15467475.39,5004890.548,15467475.39,5001890.548,15464475.39,5001890.548,63515106.93,7.87E-08,3.15E-08,3300.286729,24.76141069,5643.248469,1.4,2,3.15E-08,0.857425345,0.714521121,,0.000259803,,0.000259803,5,8,2,6,2750.238941,24.76141069,5643.248469,0.4,1,7.75,1.000000016,7.000000024,95272661.4
15464475.39,5001890.548,15467475.39,5001890.548,15467475.39,4998890.548,15464475.39,4998890.548,63515106.93,2.44E-07,7.08E-08,2305.123605,77.73852783,6981.555503,1.741935484,3.555555556,1.26E-07,1.296710718,1.674918011,,0.000562534,,0.000562534,15.5,20,4.5,12,2977.451323,77.73852783,8238.697825,0.516129032,1.777777778,27.44444444,5.000000047,27.00000003,127030218.9
15464475.39,4998890.548,15467475.39,4998890.548,15467475.39,4995890.548,15464475.39,4995890.548,63515106.93,2.83E-07,1.10E-07,1960.161732,77.73852783,6114.096714,1.5,2.285714286,1.26E-07,1.088878152,1.507677441,,0.000555504,,0.000555504,18,21,7,13,2714.07009,77.73852783,8089.928076,0.444444444,1.142857143,27.64285714,5.000000047,27.00000007,285817986.2
15464475.39,4995890.548,15467475.39,4995890.548,15467475.39,4992890.548,15464475.39,4992890.548,63515106.93,1.57E-07,7.87E-08,1898.514345,77.73852783,4663.14261,1.3,1.6,6.30E-08,0.567480225,0.567480225,,0.000298908,,0.000298908,10,13,5,10,1898.514345,77.73852783,4861.66544,0.4,0.8,13.7,3.000000016,13.00000006,222302877.3
15464475.39,4992890.548,15467475.39,4992890.548,15467475.39,4989890.548,15464475.39,4989890.548,63515106.93,7.87E-09,7.87E-09,3340.953539,1670.47677,1670.47677,0,0,0,0.087868628,0.043934314,,2.63E-05,,2.63E-05,0.5,1,0.5,1,1670.47677,1670.47677,1670.47677,0,0,1,0,7.87E-09,31757553.47
15464475.39,4989890.548,15467475.39,4989890.548,15467475.39,4986890.548,15464475.39,4986890.548,63515106.93,0,0,0,0,0,0,0,0,0,0,,0,,0,0,0,0,0,0,0,0,0,0,0,0,0,0
15464475.39,4986890.548,15467475.39,4986890.548,15467475.39,4983890.548,15464475.39,4983890.548,63515106.93,0,0,0,0,0,0,0,0,0,0,,0,,0,0,0,0,0,0,0,0,0,0,0,0,0,0
15464475.39,4983890.548,15467475.39,4983890.548,15467475.39,4980890.548,15464475.39,4980890.548,63515106.93,0,0,0,0,0,0,0,0,0,0,,0,,0,0,0,0,0,0,0,0,0,0,0,0,0,0
15464475.39,4980890.548,15467475.39,4980890.548,15467475.39,4977890.548,15464475.39,4977890.548,63515106.93,0,0,0,0,0,0,0,0,0,0,,0,,0,0,0,0,0,0,0,0,0,0,0,0,0,0
15464475.39,4977890.548,15467475.39,4977890.548,15467475.39,4974890.548,15464475.39,4974890.548,63515106.93,0,0,0,0,0,0,0,0,0,0,,0,,0,0,0,0,0,0,0,0,0,0,0,0,0,0
15464475.39,4974890.548,15467475.39,4974890.548,15467475.39,4971890.548,15464475.39,4971890.548,63515106.93,0,0,0,0,0,0,0,0,0,0,,0,,0,0,0,0,0,0,0,0,0,0,0,0,0,0
15464475.39,4971890.548,15467475.39,4971890.548,15467475.39,4968890.548,15464475.39,4968890.548,63515106.93,7.87E-09,7.87E-09,2381.758356,1190.879178,1190.879178,0,0,0,0.044656879,0.022328439,,1.87E-05,,1.87E-05,0.5,1,0.5,1,1190.879178,1190.879178,1190.879178,0,0,1,0,7.87E-09,31757553.47
15464475.39,4968890.548,15467475.39,4968890.548,15467475.39,4965890.548,15464475.39,4965890.548,63515106.93,0,0,0,0,0,0,0,0,0,0,,0,,0,0,0,0,0,0,0,0,0,0,0,0,0,0
15464475.39,4965890.548,15467475.39,4965890.548,15467475.39,4962890.548,15464475.39,4962890.548,63515106.93,0,0,0,0,0,0,0,0,0,0,,0,,0,0,0,0,0,0,0,0,0,0,0,0,0,0
15464475.39,4962890.548,15467475.39,4962890.548,15467475.39,4959890.548,15464475.39,4959890.548,63515106.93,0,0,0,0,0,0,0,0,0,0,,0,,0,0,0,0,0,0,0,0,0,0,0,0,0,0
15464475.39,4959890.548,15467475.39,4959890.548,15467475.39,4956890.548,15464475.39,4956890.548,63515106.93,0,0,0,0,0,0,0,0,0,0,,0,,0,0,0,0,0,0,0,0,0,0,0,0,0,0
15464475.39,4956890.548,15467475.39,4956890.548,15467475.39,4953890.548,15464475.39,4953890.548,63515106.93,0,0,0,0,0,0,0,0,0,0,,0,,0,0,0,0,0,0,0,0,0,0,0,0,0,0
15464475.39,4953890.548,15467475.39,4953890.548,15467475.39,4950890.548,15464475.39,4950890.548,63515106.93,0,0,0,0,0,0,0,0,0,0,,0,,0,0,0,0,0,0,0,0,0,0,0,0,0,0
15464475.39,4950890.548,15467475.39,4950890.548,15467475.39,4947890.548,15464475.39,4947890.548,63515106.93,0,0,0,0,0,0,0,0,0,0,,0,,0,0,0,0,0,0,0,0,0,0,0,0,0,0
15464475.39,4947890.548,15467475.39,4947890.548,15467475.39,4944890.548,15464475.39,4944890.548,63515106.93,0,0,0,0,0,0,0,0,0,0,,0,,0,0,0,0,0,0,0,0,0,0,0,0,0,0
15464475.39,4944890.548,15467475.39,4944890.548,15467475.39,4941890.548,15464475.39,4941890.548,63515106.93,0,0,0,0,0,0,0,0,0,0,,0,,0,0,0,0,0,0,0,0,0,0,0,0,0,0
15467475.39,5121890.548,15470475.39,5121890.548,15470475.39,5118890.548,15467475.39,5118890.548,63515106.93,0,0,0,714.5856865,714.5856865,0,0,0,0,0.008039547,,1.13E-05,,1.13E-05,0,1,0,1,714.5856865,714.5856865,714.5856865,0,0,0,0,0,0
15467475.39,5118890.548,15470475.39,5118890.548,15470475.39,5115890.548,15467475.39,5115890.548,63515106.93,0,0,0,0,0,0,0,0,0,0,,0,,0,0,0,0,0,0,0,0,0,0,0,0,0,0
15467475.39,5115890.548,15470475.39,5115890.548,15470475.39,5112890.548,15467475.39,5112890.548,63515106.93,0,0,0,0,0,0,0,0,0,0,,0,,0,0,0,0,0,0,0,0,0,0,0,0,0,0
15467475.39,5112890.548,15470475.39,5112890.548,15470475.39,5109890.548,15467475.39,5109890.548,63515106.93,0,0,0,0,0,0,0,0,0,0,,0,,0,0,0,0,0,0,0,0,0,0,0,0,0,0
15467475.39,5109890.548,15470475.39,5109890.548,15470475.39,5106890.548,15467475.39,5106890.548,63515106.93,7.87E-09,7.87E-09,9470.790439,4735.39522,4735.39522,0,0,0,0.706098721,0.353049361,,7.46E-05,,7.46E-05,0.5,1,0.5,1,4735.39522,4735.39522,4735.39522,0,0,1,0,7.87E-09,31757553.47
15467475.39,5106890.548,15470475.39,5106890.548,15470475.39,5103890.548,15467475.39,5103890.548,63515106.93,1.57E-08,1.57E-08,6746.702254,3092.384534,3654.31772,0,0,0,0.716648267,0.358324133,,0.000106222,,0.000106222,1,2,1,2,3373.351127,3092.384534,3654.31772,0,0,1,0,1.57E-08,63515106.93
15467475.39,5103890.548,15470475.39,5103890.548,15470475.39,5100890.548,15467475.39,5100890.548,63515106.93,2.36E-08,2.36E-08,2877.404927,795.0648795,2082.023314,0,0,0,0.195531257,0.097765628,,6.80E-05,,6.80E-05,1.5,3,1.5,3,1438.702464,795.0648795,2082.023314,0,0,1,0,2.36E-08,95272660.4
15467475.39,5100890.548,15470475.39,5100890.548,15470475.39,5097890.548,15467475.39,5097890.548,63515106.93,7.87E-09,7.87E-09,3792.656135,1896.328068,1896.328068,0,0,0,0.113234798,0.056617399,,2.99E-05,,2.99E-05,0.5,1,0.5,1,1896.328068,1896.328068,1896.328068,0,0,1,0,7.87E-09,31757553.47
15467475.39,5097890.548,15470475.39,5097890.548,15470475.39,5094890.548,15467475.39,5094890.548,63515106.93,2.36E-08,2.36E-08,5610.686971,159.8970466,7766.542877,0,0,0,0.743440651,0.371720325,,0.000132504,,0.000132504,1.5,3,1.5,3,2805.343485,159.8970466,7766.542877,0,0,1,0,2.36E-08,95272660.4
15467475.39,5094890.548,15470475.39,5094890.548,15470475.39,5091890.548,15467475.39,5091890.548,63515106.93,7.87E-09,7.87E-09,16072.71971,8036.359855,8036.359855,0,0,0,2.033628938,1.016814469,,0.000126527,,0.000126527,0.5,1,0.5,1,8036.359855,8036.359855,8036.359855,0,0,1,0,7.87E-09,31757553.47
15467475.39,5091890.548,15470475.39,5091890.548,15470475.39,5088890.548,15467475.39,5088890.548,63515106.93,7.87E-09,7.87E-09,25279.69098,1673.034517,8414.208357,0,0,0,5.030793515,0.838465586,,0.000199005,,0.000199005,0.5,3,0.5,3,4213.28183,1673.034517,8414.208357,0,0,1,0,7.87E-09,31757553.47
15467475.39,5088890.548,15470475.39,5088890.548,15470475.39,5085890.548,15467475.39,5085890.548,63515106.93,3.94E-08,3.94E-08,8287.912141,3173.263949,8220.050115,0,0,0,2.703667323,1.689792077,,0.000326218,,0.000326218,2.5,4,2.5,4,5179.945088,3173.263949,8220.050115,0,0,1,0,3.94E-08,158787767.3
15467475.39,5085890.548,15470475.39,5085890.548,15470475.39,5082890.548,15467475.39,5082890.548,63515106.93,3.94E-08,3.94E-08,9487.820201,2032.570155,5508.026657,0,0,0,3.54320163,1.476334013,,0.000373447,,0.000373447,2.5,6,2.5,6,3953.258417,2032.570155,5508.026657,0,0,1,0,3.94E-08,158787767.3
15467475.39,5082890.548,15470475.39,5082890.548,15470475.39,5079890.548,15467475.39,5079890.548,63515106.93,3.94E-08,3.94E-08,6994.680128,2865.384211,6776.056792,0,0,0,1.925744616,1.203590385,,0.000275316,,0.000275316,2.5,4,2.5,4,4371.67508,2865.384211,6776.056792,0,0,1,0,3.94E-08,158787767.3
15467475.39,5079890.548,15470475.39,5079890.548,15470475.39,5076890.548,15467475.39,5076890.548,63515106.93,2.36E-08,2.36E-08,6275.687538,1303.064184,6182.859607,0,0,0,0.930115432,0.465057716,,0.000148209,,0.000148209,1.5,3,1.5,3,3137.843769,1303.064184,6182.859607,0,0,1,0,2.36E-08,95272660.4
15467475.39,5076890.548,15470475.39,5076890.548,15470475.39,5073890.548,15467475.39,5073890.548,63515106.93,2.36E-08,2.36E-08,4098.151983,670.4604676,4106.217967,0,0,0,0.396634371,0.198317186,,9.68E-05,,9.68E-05,1.5,3,1.5,3,2049.075991,670.4604676,4106.217967,0,0,1,0,2.36E-08,95272660.4
15467475.39,5073890.548,15470475.39,5073890.548,15470475.39,5070890.548,15467475.39,5070890.548,63515106.93,3.15E-08,3.15E-08,5740.682991,587.1184235,5456.181153,0,0,0,1.037719774,0.691813183,,0.000180766,,0.000180766,2,3,2,3,3827.121994,587.1184235,5456.181153,0,0,1,0,3.15E-08,127030213.9
15467475.39,5070890.548,15470475.39,5070890.548,15470475.39,5067890.548,15467475.39,5067890.548,63515106.93,7.87E-08,4.72E-08,3544.328905,371.7500119,7038.692297,0.8,0.666666667,1.57E-08,0.988919644,0.824099703,,0.000279015,,0.000279015,5,7,3,6,2953.60742,371.7500119,7038.692297,0.2,0.333333333,5,1.57E-08,4.000000047,190545320.8
15467475.39,5067890.548,15470475.39,5067890.548,15470475.39,5064890.548,15467475.39,5064890.548,63515106.93,6.30E-08,3.15E-08,4836.172874,886.8968916,6393.209568,1,1,1.57E-08,1.472945206,1.178356165,,0.000304568,,0.000304568,4,6,2,5,3868.938299,1661.706048,6393.209568,0.25,0.5,5,1.57E-08,4.000000031,127030213.9
15467475.39,5064890.548,15470475.39,5064890.548,15470475.39,5061890.548,15467475.39,5061890.548,63515106.93,1.10E-07,4.72E-08,2804.795169,205.4406523,5358.78831,1.142857143,1.333333333,3.15E-08,0.867008405,0.758632355,,0.000309116,,0.000309116,7,10,3,8,2454.195773,205.4406523,6465.972164,0.285714286,0.666666667,9,3.15E-08,8.000000047,190545320.8
15467475.39,5061890.548,15470475.39,5061890.548,15470475.39,5058890.548,15467475.39,5058890.548,63515106.93,2.36E-08,2.36E-08,6011.676548,1628.694329,4636.9451,0,0,0,0.853503757,0.426751878,,0.000141974,,0.000141974,1.5,3,1.5,3,3005.838274,1628.694329,4636.9451,0,0,1,0,2.36E-08,95272660.4
15467475.39,5058890.548,15470475.39,5058890.548,15470475.39,5055890.548,15467475.39,5055890.548,63515106.93,2.36E-08,2.36E-08,13650.53561,317.7400611,7922.973349,0,0,0,4.400617385,1.320185215,,0.000322377,,0.000322377,1.5,5,1.5,5,4095.160684,317.7400611,7922.973349,0,0,1,0,2.36E-08,95272660.4
15467475.39,5055890.548,15470475.39,5055890.548,15470475.39,5052890.548,15467475.39,5052890.548,63515106.93,5.51E-08,3.94E-08,6141.243865,464.7695936,8581.688291,0.857142857,0.8,1.57E-08,2.078278273,1.212328993,,0.000338413,,0.000338413,3.5,7,2.5,6,3582.392255,516.7227047,9046.457955,0.285714286,0.4,3.8,1,3.000000031,127030214.9
15467475.39,5052890.548,15470475.39,5052890.548,15470475.39,5049890.548,15467475.39,5049890.548,63515106.93,7.08E-08,5.51E-08,6018.024376,153.4521207,8530.04278,0.666666667,0.571428571,1.57E-08,2.565921497,1.282960748,,0.000426373,,0.000426373,4.5,10,3.5,9,3009.012188,153.4521207,8530.04278,0.222222222,0.285714286,3.857142857,1,3.000000047,190545321.8
15467475.39,5049890.548,15470475.39,5049890.548,15470475.39,5046890.548,15467475.39,5046890.548,63515106.93,8.66E-08,8.66E-08,3786.77726,495.9254859,4381.375973,0,0,0,1.241724291,0.758831511,,0.000327911,,0.000327911,5.5,9,5.5,9,2314.141659,495.9254859,4381.375973,0,0,1,0,8.66E-08,349333088.1
15467475.39,5046890.548,15470475.39,5046890.548,15470475.39,5043890.548,15467475.39,5043890.548,63515106.93,7.87E-08,7.87E-08,3093.600751,70.02218436,4884.382639,0,0,0,0.75339286,0.470870537,,0.000243533,,0.000243533,5,8,5,8,1933.500469,70.02218436,4884.382639,0,0,1,0,7.87E-08,317575534.7
15467475.39,5043890.548,15470475.39,5043890.548,15470475.39,5040890.548,15467475.39,5040890.548,63515106.93,3.94E-08,3.94E-08,3703.668605,335.0256559,4915.258675,0,0,0,0.539917265,0.269958633,,0.000145779,,0.000145779,2.5,5,2.5,5,1851.834302,335.0256559,4915.258675,0,0,1,0,3.94E-08,158787767.3
15467475.39,5040890.548,15470475.39,5040890.548,15470475.39,5037890.548,15467475.39,5037890.548,63515106.93,7.87E-09,7.87E-09,1774.505958,887.2529788,887.2529788,0,0,0,0.024788366,0.012394183,,1.40E-05,,1.40E-05,0.5,1,0.5,1,887.2529788,887.2529788,887.2529788,0,0,1,0,7.87E-09,31757553.47
15467475.39,5037890.548,15470475.39,5037890.548,15470475.39,5034890.548,15467475.39,5034890.548,63515106.93,1.57E-08,1.57E-08,7391.760602,1448.500385,5943.260218,0,0,0,0.860238256,0.430119128,,0.000116378,,0.000116378,1,2,1,2,3695.880301,1448.500385,5943.260218,0,0,1,0,1.57E-08,63515106.93
15467475.39,5034890.548,15470475.39,5034890.548,15470475.39,5031890.548,15467475.39,5031890.548,63515106.93,1.57E-08,1.57E-08,9104.946708,1222.740248,7882.20646,0,0,0,1.305202157,0.652601078,,0.000143351,,0.000143351,1,2,1,2,4552.473354,1222.740248,7882.20646,0,0,1,0,1.57E-08,63515106.93
15467475.39,5031890.548,15470475.39,5031890.548,15470475.39,5028890.548,15467475.39,5028890.548,63515106.93,0,0,0,5311.496014,6925.094168,0,0,0,0,1.178728546,,0.000192656,,0.000192656,0,2,0,2,6118.295091,5311.496014,6925.094168,0,0,0,0,0,0
15467475.39,5028890.548,15470475.39,5028890.548,15470475.39,5025890.548,15467475.39,5025890.548,63515106.93,3.94E-08,3.94E-08,7086.74165,1078.184915,6763.648575,0,0,0,1.976770159,0.98838508,,0.000278939,,0.000278939,2.5,5,2.5,5,3543.370825,1078.184915,6763.648575,0,0,1,0,3.94E-08,158787767.3
15467475.39,5025890.548,15470475.39,5025890.548,15470475.39,5022890.548,15467475.39,5022890.548,63515106.93,4.72E-08,4.72E-08,7899.743382,1669.167381,8694.566722,0,0,0,2.947611136,1.473805568,,0.000373127,,0.000373127,3,6,3,6,3949.871691,1669.167381,8694.566722,0,0,1,0,4.72E-08,190545320.8
15467475.39,5022890.548,15470475.39,5022890.548,15470475.39,5019890.548,15467475.39,5019890.548,63515106.93,3.94E-08,3.94E-08,8226.613893,108.1190224,7792.01328,0,0,0,2.663822018,0.951365007,,0.000323805,,0.000323805,2.5,7,2.5,7,2938.07639,108.1190224,7792.01328,0,0,1,0,3.94E-08,158787767.3
15467475.39,5019890.548,15470475.39,5019890.548,15470475.39,5016890.548,15467475.39,5016890.548,63515106.93,6.30E-08,3.15E-08,4253.231725,275.5287598,4904.096513,1,1,1.57E-08,1.139255272,0.911404218,,0.000267856,,0.000267856,4,6,2,5,3402.58538,1842.255627,4904.096513,0.25,0.5,5,1.57E-08,4.000000031,127030213.9
15467475.39,5016890.548,15470475.39,5016890.548,15470475.39,5013890.548,15467475.39,5013890.548,63515106.93,7.08E-08,3.94E-08,3774.947402,275.5287598,5733.799542,0.888888889,0.8,1.57E-08,1.009618477,0.757213857,,0.000267452,,0.000267452,4.5,7,2.5,6,2831.210552,1387.261756,5733.799542,0.222222222,0.4,5,1.57E-08,4.000000039,158787767.3
15467475.39,5013890.548,15470475.39,5013890.548,15470475.39,5010890.548,15467475.39,5010890.548,63515106.93,4.72E-08,3.15E-08,6032.317023,549.4376399,5478.381351,1,1,1.57E-08,1.718749307,1.031249584,,0.000284924,,0.000284924,3,6,2,5,3619.390214,549.4376399,8187.207481,0.333333333,0.5,3.75,1,3.000000024,95272661.4
15467475.39,5010890.548,15470475.39,5010890.548,15470475.39,5007890.548,15467475.39,5007890.548,63515106.93,6.30E-08,4.72E-08,5553.486943,103.2976673,5021.436084,0.75,0.666666667,1.57E-08,1.942291761,1.294861174,,0.000349743,,0.000349743,4,7,3,6,3702.324629,103.2976673,8733.561542,0.25,0.333333333,3.833333333,1,3.000000039,158787768.3
15467475.39,5007890.548,15470475.39,5007890.548,15470475.39,5004890.548,15467475.39,5004890.548,63515106.93,5.51E-08,3.94E-08,5726.439207,1157.316748,5225.950731,0.857142857,0.8,1.57E-08,1.807009017,1.264906312,,0.000315555,,0.000315555,3.5,6,2.5,5,4008.507445,1157.316748,5225.950731,0.285714286,0.4,3.8,1,3.000000031,127030214.9
15467475.39,5004890.548,15470475.39,5004890.548,15470475.39,5001890.548,15467475.39,5001890.548,63515106.93,1.18E-07,3.94E-08,3105.890077,153.8218488,8012.337902,1.466666667,2.4,4.72E-08,1.13908568,1.220448943,,0.00036675,,0.00036675,7.5,11,2.5,7,3327.739368,498.8007535,8012.337902,0.4,1.2,11.8,1.000000031,11.00000003,127030214.9
15467475.39,5001890.548,15470475.39,5001890.548,15470475.39,4998890.548,15467475.39,4998890.548,63515106.93,2.20E-07,7.87E-08,2878.114548,77.73852783,7325.294116,1.642857143,2.8,1.10E-07,1.825858642,2.130168416,,0.000634394,,0.000634394,14,19,5,12,3357.800306,77.73852783,9009.743441,0.5,1.4,23.5,5.000000031,23.00000004,158787772.3
15467475.39,4998890.548,15470475.39,4998890.548,15470475.39,4995890.548,15467475.39,4995890.548,63515106.93,2.60E-07,8.66E-08,2072.023148,77.73852783,6114.096714,1.636363636,2.909090909,1.26E-07,1.115311336,1.533553087,,0.000538272,,0.000538272,16.5,20,5.5,12,2849.031829,77.73852783,7579.057289,0.484848485,1.454545455,27.54545455,5.000000047,27.00000005,190545325.8
15467475.39,4995890.548,15470475.39,4995890.548,15470475.39,4992890.548,15467475.39,4992890.548,63515106.93,3.15E-08,3.15E-08,5993.875766,478.1782224,5251.700419,0,0,0,1.131275643,0.565637821,,0.000188739,,0.000188739,2,4,2,4,2996.937883,478.1782224,5251.700419,0,0,1,0,3.15E-08,127030213.9
15467475.39,4992890.548,15470475.39,4992890.548,15470475.39,4989890.548,15467475.39,4989890.548,63515106.93,1.57E-08,1.57E-08,4708.217738,524.2574487,4183.96029,0,0,0,0.349008533,0.174504266,,7.41E-05,,7.41E-05,1,2,1,2,2354.108869,524.2574487,4183.96029,0,0,1,0,1.57E-08,63515106.93
15467475.39,4989890.548,15470475.39,4989890.548,15470475.39,4986890.548,15467475.39,4986890.548,63515106.93,7.87E-09,7.87E-09,6023.966176,3011.983088,3011.983088,0,0,0,0.285665649,0.142832825,,4.74E-05,,4.74E-05,0.5,1,0.5,1,3011.983088,3011.983088,3011.983088,0,0,1,0,7.87E-09,31757553.47
15467475.39,4986890.548,15470475.39,4986890.548,15470475.39,4983890.548,15467475.39,4983890.548,63515106.93,7.87E-09,7.87E-09,1718.293156,859.146578,859.146578,0,0,0,0.023242749,0.011621374,,1.35E-05,,1.35E-05,0.5,1,0.5,1,859.146578,859.146578,859.146578,0,0,1,0,7.87E-09,31757553.47
15467475.39,4983890.548,15470475.39,4983890.548,15470475.39,4980890.548,15467475.39,4980890.548,63515106.93,0,0,0,0,0,0,0,0,0,0,,0,,0,0,0,0,0,0,0,0,0,0,0,0,0,0
15467475.39,4980890.548,15470475.39,4980890.548,15470475.39,4977890.548,15467475.39,4977890.548,63515106.93,0,0,0,0,0,0,0,0,0,0,,0,,0,0,0,0,0,0,0,0,0,0,0,0,0,0
15467475.39,4977890.548,15470475.39,4977890.548,15470475.39,4974890.548,15467475.39,4974890.548,63515106.93,0,0,0,0,0,0,0,0,0,0,,0,,0,0,0,0,0,0,0,0,0,0,0,0,0,0
15467475.39,4974890.548,15470475.39,4974890.548,15470475.39,4971890.548,15467475.39,4971890.548,63515106.93,7.87E-09,7.87E-09,10514.24403,5257.122015,5257.122015,0,0,0,0.870260107,0.435130054,,8.28E-05,,8.28E-05,0.5,1,0.5,1,5257.122015,5257.122015,5257.122015,0,0,1,0,7.87E-09,31757553.47
15467475.39,4971890.548,15470475.39,4971890.548,15470475.39,4968890.548,15467475.39,4968890.548,63515106.93,7.87E-09,7.87E-09,8077.822253,4038.911127,4038.911127,0,0,0,0.51366687,0.256833435,,6.36E-05,,6.36E-05,0.5,1,0.5,1,4038.911127,4038.911127,4038.911127,0,0,1,0,7.87E-09,31757553.47
15467475.39,4968890.548,15470475.39,4968890.548,15470475.39,4965890.548,15467475.39,4965890.548,63515106.93,7.87E-09,7.87E-09,3274.445511,1637.222756,1637.222756,0,0,0,0.084405065,0.042202532,,2.58E-05,,2.58E-05,0.5,1,0.5,1,1637.222756,1637.222756,1637.222756,0,0,1,0,7.87E-09,31757553.47
15467475.39,4965890.548,15470475.39,4965890.548,15470475.39,4962890.548,15467475.39,4962890.548,63515106.93,0,0,0,0,0,0,0,0,0,0,,0,,0,0,0,0,0,0,0,0,0,0,0,0,0,0
15467475.39,4962890.548,15470475.39,4962890.548,15470475.39,4959890.548,15467475.39,4959890.548,63515106.93,0,0,0,0,0,0,0,0,0,0,,0,,0,0,0,0,0,0,0,0,0,0,0,0,0,0
15467475.39,4959890.548,15470475.39,4959890.548,15470475.39,4956890.548,15467475.39,4956890.548,63515106.93,0,0,0,0,0,0,0,0,0,0,,0,,0,0,0,0,0,0,0,0,0,0,0,0,0,0
15467475.39,4956890.548,15470475.39,4956890.548,15470475.39,4953890.548,15467475.39,4953890.548,63515106.93,0,0,0,0,0,0,0,0,0,0,,0,,0,0,0,0,0,0,0,0,0,0,0,0,0,0
15467475.39,4953890.548,15470475.39,4953890.548,15470475.39,4950890.548,15467475.39,4950890.548,63515106.93,0,0,0,0,0,0,0,0,0,0,,0,,0,0,0,0,0,0,0,0,0,0,0,0,0,0
15467475.39,4950890.548,15470475.39,4950890.548,15470475.39,4947890.548,15467475.39,4947890.548,63515106.93,0,0,0,0,0,0,0,0,0,0,,0,,0,0,0,0,0,0,0,0,0,0,0,0,0,0
15467475.39,4947890.548,15470475.39,4947890.548,15470475.39,4944890.548,15467475.39,4944890.548,63515106.93,0,0,0,0,0,0,0,0,0,0,,0,,0,0,0,0,0,0,0,0,0,0,0,0,0,0
15467475.39,4944890.548,15470475.39,4944890.548,15470475.39,4941890.548,15467475.39,4941890.548,63515106.93,0,0,0,0,0,0,0,0,0,0,,0,,0,0,0,0,0,0,0,0,0,0,0,0,0,0
15470475.39,5121890.548,15473475.39,5121890.548,15473475.39,5118890.548,15470475.39,5118890.548,63515106.93,0,0,0,0,0,0,0,0,0,0,,0,,0,0,0,0,0,0,0,0,0,0,0,0,0,0
15470475.39,5118890.548,15473475.39,5118890.548,15473475.39,5115890.548,15470475.39,5115890.548,63515106.93,0,0,0,0,0,0,0,0,0,0,,0,,0,0,0,0,0,0,0,0,0,0,0,0,0,0
15470475.39,5115890.548,15473475.39,5115890.548,15473475.39,5112890.548,15470475.39,5112890.548,63515106.93,0,0,0,0,0,0,0,0,0,0,,0,,0,0,0,0,0,0,0,0,0,0,0,0,0,0
15470475.39,5112890.548,15473475.39,5112890.548,15473475.39,5109890.548,15470475.39,5109890.548,63515106.93,0,0,0,0,0,0,0,0,0,0,,0,,0,0,0,0,0,0,0,0,0,0,0,0,0,0
15470475.39,5109890.548,15473475.39,5109890.548,15473475.39,5106890.548,15470475.39,5106890.548,63515106.93,7.87E-09,7.87E-09,2007.496107,1003.748054,1003.748054,0,0,0,0.031725056,0.015862528,,1.58E-05,,1.58E-05,0.5,1,0.5,1,1003.748054,1003.748054,1003.748054,0,0,1,0,7.87E-09,31757553.47
15470475.39,5106890.548,15473475.39,5106890.548,15473475.39,5103890.548,15470475.39,5103890.548,63515106.93,7.87E-09,7.87E-09,2042.863793,1021.431897,1021.431897,0,0,0,0.032852755,0.016426377,,1.61E-05,,1.61E-05,0.5,1,0.5,1,1021.431897,1021.431897,1021.431897,0,0,1,0,7.87E-09,31757553.47
15470475.39,5103890.548,15473475.39,5103890.548,15473475.39,5100890.548,15470475.39,5100890.548,63515106.93,0,0,0,0,0,0,0,0,0,0,,0,,0,0,0,0,0,0,0,0,0,0,0,0,0,0
15470475.39,5100890.548,15473475.39,5100890.548,15473475.39,5097890.548,15470475.39,5097890.548,63515106.93,7.87E-09,7.87E-09,2781.103056,1390.551528,1390.551528,0,0,0,0.060887359,0.030443679,,2.19E-05,,2.19E-05,0.5,1,0.5,1,1390.551528,1390.551528,1390.551528,0,0,1,0,7.87E-09,31757553.47
15470475.39,5097890.548,15473475.39,5097890.548,15473475.39,5094890.548,15470475.39,5094890.548,63515106.93,7.87E-09,7.87E-09,9698.139227,4849.069614,4849.069614,0,0,0,0.740405779,0.37020289,,7.63E-05,,7.63E-05,0.5,1,0.5,1,4849.069614,4849.069614,4849.069614,0,0,1,0,7.87E-09,31757553.47
15470475.39,5094890.548,15473475.39,5094890.548,15473475.39,5091890.548,15470475.39,5091890.548,63515106.93,7.87E-09,7.87E-09,9945.450522,4972.725261,4972.725261,0,0,0,0.778649292,0.389324646,,7.83E-05,,7.83E-05,0.5,1,0.5,1,4972.725261,4972.725261,4972.725261,0,0,1,0,7.87E-09,31757553.47
15470475.39,5091890.548,15473475.39,5091890.548,15473475.39,5088890.548,15470475.39,5088890.548,63515106.93,2.36E-08,2.36E-08,6333.169768,4141.54257,5358.212081,0,0,0,0.947232271,0.710424203,,0.000149567,,0.000149567,1.5,2,1.5,2,4749.877326,4141.54257,5358.212081,0,0,1,0,2.36E-08,95272660.4
15470475.39,5088890.548,15473475.39,5088890.548,15473475.39,5085890.548,15470475.39,5085890.548,63515106.93,3.94E-08,3.94E-08,5294.220459,1754.899785,5409.141795,0,0,0,1.103232429,0.689520268,,0.000208384,,0.000208384,2.5,4,2.5,4,3308.887787,1754.899785,5409.141795,0,0,1,0,3.94E-08,158787767.3
15470475.39,5085890.548,15473475.39,5085890.548,15473475.39,5082890.548,15470475.39,5082890.548,63515106.93,5.51E-08,5.51E-08,4524.095494,1709.931908,4351.421868,0,0,0,1.127858294,0.789500806,,0.0002493,,0.0002493,3.5,5,3.5,5,3166.866846,1709.931908,4351.421868,0,0,1,0,5.51E-08,222302874.3
15470475.39,5082890.548,15473475.39,5082890.548,15473475.39,5079890.548,15470475.39,5079890.548,63515106.93,2.36E-08,2.36E-08,5693.625218,968.3752355,3799.769473,0,0,0,0.765582466,0.382791233,,0.000134463,,0.000134463,1.5,3,1.5,3,2846.812609,968.3752355,3799.769473,0,0,1,0,2.36E-08,95272660.4
15470475.39,5079890.548,15473475.39,5079890.548,15473475.39,5076890.548,15470475.39,5076890.548,63515106.93,7.87E-09,7.87E-09,6421.606273,3210.803137,3210.803137,0,0,0,0.324623772,0.162311886,,5.06E-05,,5.06E-05,0.5,1,0.5,1,3210.803137,3210.803137,3210.803137,0,0,1,0,7.87E-09,31757553.47
15470475.39,5076890.548,15473475.39,5076890.548,15473475.39,5073890.548,15470475.39,5073890.548,63515106.93,0,0,0,582.2645457,582.2645457,0,0,0,0,0.005337817,,9.17E-06,,9.17E-06,0,1,0,1,582.2645457,582.2645457,582.2645457,0,0,0,0,0,0
15470475.39,5073890.548,15473475.39,5073890.548,15473475.39,5070890.548,15470475.39,5070890.548,63515106.93,2.36E-08,2.36E-08,5477.904551,791.7375139,4562.969886,0,0,0,0.708668529,0.354334264,,0.000129369,,0.000129369,1.5,3,1.5,3,2738.952275,791.7375139,4562.969886,0,0,1,0,2.36E-08,95272660.4
15470475.39,5070890.548,15473475.39,5070890.548,15473475.39,5067890.548,15470475.39,5067890.548,63515106.93,3.15E-08,3.15E-08,4753.535486,356.8562216,4048.926898,0,0,0,0.711518903,0.355759452,,0.000149682,,0.000149682,2,4,2,4,2376.767743,356.8562216,4048.926898,0,0,1,0,3.15E-08,127030213.9
15470475.39,5067890.548,15473475.39,5067890.548,15473475.39,5064890.548,15470475.39,5064890.548,63515106.93,1.10E-07,4.72E-08,3041.333244,443.2198319,5358.78831,1.142857143,1.333333333,3.15E-08,1.019410317,0.891984028,,0.000335185,,0.000335185,7,10,3,8,2661.166589,443.2198319,7625.653031,0.285714286,0.666666667,9,3.15E-08,8.000000047,190545320.8
15470475.39,5064890.548,15473475.39,5064890.548,15473475.39,5061890.548,15470475.39,5061890.548,63515106.93,1.02E-07,3.94E-08,3961.530732,98.95788681,7392.491265,1.230769231,1.6,3.15E-08,1.606062278,1.491343544,,0.000405415,,0.000405415,6.5,9,2.5,7,3678.564251,134.3614812,7392.491265,0.307692308,0.8,9,3.15E-08,8.000000039,158787767.3
15470475.39,5061890.548,15473475.39,5061890.548,15473475.39,5058890.548,15470475.39,5058890.548,63515106.93,6.30E-08,3.15E-08,6123.786633,1014.211647,7577.139188,1,1,1.57E-08,2.361690913,1.574460609,,0.000385659,,0.000385659,4,7,2,6,4082.524422,1014.211647,7577.139188,0.25,0.5,5,1.57E-08,4.000000031,127030213.9
15470475.39,5058890.548,15473475.39,5058890.548,15473475.39,5055890.548,15470475.39,5055890.548,63515106.93,2.36E-08,2.36E-08,14088.01467,3127.370274,8902.645306,0,0,0,4.687203568,1.757701338,,0.000332709,,0.000332709,1.5,4,1.5,4,5283.005499,3127.370274,8902.645306,0,0,1,0,2.36E-08,95272660.4
15470475.39,5055890.548,15473475.39,5055890.548,15473475.39,5052890.548,15470475.39,5052890.548,63515106.93,2.36E-08,2.36E-08,13260.15842,3016.61023,8096.930984,0,0,0,4.152519213,1.557194705,,0.000313158,,0.000313158,1.5,4,1.5,4,4972.559406,3016.61023,8096.930984,0,0,1,0,2.36E-08,95272660.4
15470475.39,5052890.548,15473475.39,5052890.548,15473475.39,5049890.548,15470475.39,5049890.548,63515106.93,3.94E-08,3.94E-08,6945.131555,1507.586782,6480.601674,0,0,0,1.898558258,0.949279129,,0.000273365,,0.000273365,2.5,5,2.5,5,3472.565778,1507.586782,6480.601674,0,0,1,0,3.94E-08,158787767.3
15470475.39,5049890.548,15473475.39,5049890.548,15473475.39,5046890.548,15470475.39,5046890.548,63515106.93,5.51E-08,5.51E-08,4377.697389,113.9947054,7829.665889,0,0,0,1.056045148,0.739231604,,0.000241233,,0.000241233,3.5,5,3.5,5,3064.388172,113.9947054,7829.665889,0,0,1,0,5.51E-08,222302874.3
15470475.39,5046890.548,15473475.39,5046890.548,15473475.39,5043890.548,15470475.39,5043890.548,63515106.93,6.30E-08,6.30E-08,4533.694237,399.8776172,5603.784718,0,0,0,1.294456354,0.862970903,,0.000285519,,0.000285519,4,6,4,6,3022.462825,399.8776172,5603.784718,0,0,1,0,6.30E-08,254060427.7
15470475.39,5043890.548,15473475.39,5043890.548,15473475.39,5040890.548,15470475.39,5040890.548,63515106.93,2.36E-08,2.36E-08,5674.920746,1628.239361,5100.157965,0,0,0,0.760560606,0.380280303,,0.000134021,,0.000134021,1.5,3,1.5,3,2837.460373,1628.239361,5100.157965,0,0,1,0,2.36E-08,95272660.4
15470475.39,5040890.548,15473475.39,5040890.548,15473475.39,5037890.548,15470475.39,5037890.548,63515106.93,1.57E-08,1.57E-08,6765.07831,616.3950706,3222.291193,0,0,0,0.720557467,0.240185822,,0.000106511,,0.000106511,1,3,1,3,2255.026103,616.3950706,3222.291193,0,0,1,0,1.57E-08,63515106.93
15470475.39,5037890.548,15473475.39,5037890.548,15473475.39,5034890.548,15470475.39,5034890.548,63515106.93,1.57E-08,1.57E-08,8718.818987,3583.454865,5135.364122,0,0,0,1.196846045,0.598423022,,0.000137272,,0.000137272,1,2,1,2,4359.409494,3583.454865,5135.364122,0,0,1,0,1.57E-08,63515106.93
15470475.39,5034890.548,15473475.39,5034890.548,15473475.39,5031890.548,15470475.39,5031890.548,63515106.93,2.36E-08,2.36E-08,7666.739654,630.0951488,4891.514832,0,0,0,1.388147633,0.520555363,,0.000181061,,0.000181061,1.5,4,1.5,4,2875.02737,630.0951488,4891.514832,0,0,1,0,2.36E-08,95272660.4
15470475.39,5031890.548,15473475.39,5031890.548,15473475.39,5028890.548,15470475.39,5028890.548,63515106.93,3.15E-08,3.15E-08,9006.090653,708.375886,7341.031072,0,0,0,2.554027625,0.851342542,,0.000283589,,0.000283589,2,6,2,6,3002.030218,708.375886,7341.031072,0,0,1,0,3.15E-08,127030213.9
15470475.39,5028890.548,15473475.39,5028890.548,15473475.39,5025890.548,15470475.39,5025890.548,63515106.93,3.15E-08,3.15E-08,12692.60105,1858.088789,9021.739106,0,0,0,5.072875704,2.029150282,,0.000399672,,0.000399672,2,5,2,5,5077.04042,1858.088789,9021.739106,0,0,1,0,3.15E-08,127030213.9
15470475.39,5025890.548,15473475.39,5025890.548,15473475.39,5022890.548,15470475.39,5022890.548,63515106.93,3.94E-08,3.94E-08,9629.42182,2888.789282,6413.717595,0,0,0,3.649752361,1.82487618,,0.000379021,,0.000379021,2.5,5,2.5,5,4814.71091,2888.789282,6413.717595,0,0,1,0,3.94E-08,158787767.3
15470475.39,5022890.548,15473475.39,5022890.548,15473475.39,5019890.548,15470475.39,5019890.548,63515106.93,7.87E-08,4.72E-08,3700.943933,275.5287598,4872.8386,0.8,0.666666667,1.57E-08,1.078246314,0.770175939,,0.000291344,,0.000291344,5,8,3,7,2643.531381,1010.832596,4872.8386,0.2,0.333333333,5,1.57E-08,4.000000047,190545320.8
15470475.39,5019890.548,15473475.39,5019890.548,15473475.39,5016890.548,15470475.39,5016890.548,63515106.93,7.08E-08,3.94E-08,3980.67046,275.5287598,5451.794794,0.888888889,0.8,1.57E-08,1.122659181,1.010393263,,0.000282028,,0.000282028,4.5,6,2.5,5,3582.603414,2357.747239,5451.794794,0.222222222,0.4,5,1.57E-08,4.000000039,158787767.3
15470475.39,5016890.548,15473475.39,5016890.548,15473475.39,5013890.548,15470475.39,5013890.548,63515106.93,7.87E-08,3.15E-08,4380.921451,275.5287598,7929.239467,1.4,2,3.15E-08,1.510858887,1.510858887,,0.000344872,,0.000344872,5,7,2,5,4380.921451,2404.545,8397.504587,0.4,1,7.75,1.000000016,7.000000024,95272661.4
15470475.39,5013890.548,15473475.39,5013890.548,15473475.39,5010890.548,15470475.39,5010890.548,63515106.93,7.08E-08,3.94E-08,5304.381793,29.35517153,8346.858402,1.333333333,1.6,3.15E-08,1.993448552,2.24262962,,0.000375812,,0.000375812,4.5,6,2.5,4,5967.429517,3875.127592,8376.213716,0.444444444,0.8,6.6,2,6.000000024,95272662.4
15470475.39,5010890.548,15473475.39,5010890.548,15473475.39,5007890.548,15470475.39,5007890.548,63515106.93,4.72E-08,3.15E-08,5649.082909,947.0189893,6711.322714,1,1,1.57E-08,1.507301456,1.130476092,,0.000266822,,0.000266822,3,5,2,4,4236.812182,1876.780751,7658.341703,0.333333333,0.5,3.75,1,3.000000024,95272661.4
15470475.39,5007890.548,15473475.39,5007890.548,15473475.39,5004890.548,15470475.39,5004890.548,63515106.93,2.36E-08,2.36E-08,12118.23309,1003.778448,6675.543634,0,0,0,3.46810972,1.040432916,,0.000286189,,0.000286189,1.5,5,1.5,5,3635.469926,1003.778448,6675.543634,0,0,1,0,2.36E-08,95272660.4
15470475.39,5004890.548,15473475.39,5004890.548,15473475.39,5001890.548,15470475.39,5001890.548,63515106.93,6.30E-08,4.72E-08,6830.936128,332.1009228,9210.108897,0.75,0.666666667,1.57E-08,2.938619842,1.679211338,,0.000430193,,0.000430193,4,8,3,7,3903.392073,332.1009228,9210.108897,0.25,0.333333333,3.833333333,1,3.000000039,158787768.3
15470475.39,5001890.548,15473475.39,5001890.548,15473475.39,4998890.548,15470475.39,4998890.548,63515106.93,1.50E-07,5.51E-08,3924.701158,153.8218488,7723.852948,1.473684211,2.285714286,6.30E-08,2.30387949,2.431872795,,0.00058702,,0.00058702,9.5,14,3.5,9,4142.740111,498.8007535,7723.852948,0.421052632,1.142857143,14.71428571,2.000000031,14.00000004,158787769.3
15470475.39,4998890.548,15473475.39,4998890.548,15473475.39,4995890.548,15470475.39,4995890.548,63515106.93,1.50E-07,5.51E-08,2719.867828,153.8218488,6893.802229,1.473684211,2.285714286,6.30E-08,1.106476441,1.313940774,,0.000406813,,0.000406813,9.5,13,3.5,8,3229.843045,321.04994,6893.802229,0.421052632,1.142857143,14.71428571,2.000000031,14.00000004,158787769.3
15470475.39,4995890.548,15473475.39,4995890.548,15473475.39,4992890.548,15470475.39,4992890.548,63515106.93,1.57E-08,1.57E-08,11690.71291,2873.017782,4576.598494,0,0,0,2.151815133,0.717271711,,0.000184062,,0.000184062,1,3,1,3,3896.904302,2873.017782,4576.598494,0,0,1,0,1.57E-08,63515106.93
15470475.39,4992890.548,15473475.39,4992890.548,15473475.39,4989890.548,15470475.39,4989890.548,63515106.93,1.57E-08,1.57E-08,6349.825277,6349.825277,6349.825277,0,0,0,0.634814031,0.634814031,,1.00E-04,,1.00E-04,1,1,1,1,6349.825277,6349.825277,6349.825277,0,0,1,0,1.57E-08,63515106.93
15470475.39,4989890.548,15473475.39,4989890.548,15473475.39,4986890.548,15470475.39,4986890.548,63515106.93,7.87E-09,7.87E-09,10005.11885,5002.559427,5002.559427,0,0,0,0.788020426,0.394010213,,7.88E-05,,7.88E-05,0.5,1,0.5,1,5002.559427,5002.559427,5002.559427,0,0,1,0,7.87E-09,31757553.47
15470475.39,4986890.548,15473475.39,4986890.548,15473475.39,4983890.548,15470475.39,4983890.548,63515106.93,7.87E-09,7.87E-09,3546.341643,1773.170821,1773.170821,0,0,0,0.099004313,0.049502156,,2.79E-05,,2.79E-05,0.5,1,0.5,1,1773.170821,1773.170821,1773.170821,0,0,1,0,7.87E-09,31757553.47
15470475.39,4983890.548,15473475.39,4983890.548,15473475.39,4980890.548,15470475.39,4980890.548,63515106.93,0,0,0,0,0,0,0,0,0,0,,0,,0,0,0,0,0,0,0,0,0,0,0,0,0,0
15470475.39,4980890.548,15473475.39,4980890.548,15473475.39,4977890.548,15470475.39,4977890.548,63515106.93,0,0,0,0,0,0,0,0,0,0,,0,,0,0,0,0,0,0,0,0,0,0,0,0,0,0
15470475.39,4977890.548,15473475.39,4977890.548,15473475.39,4974890.548,15470475.39,4974890.548,63515106.93,0,0,0,7430.605586,7430.605586,0,0,0,0,0.869303415,,0.00011699,,0.00011699,0,1,0,1,7430.605586,7430.605586,7430.605586,0,0,0,0,0,0
15470475.39,4974890.548,15473475.39,4974890.548,15473475.39,4971890.548,15470475.39,4971890.548,63515106.93,7.87E-09,7.87E-09,16651.9001,8325.950052,8325.950052,0,0,0,2.18283327,1.091416635,,0.000131086,,0.000131086,0.5,1,0.5,1,8325.950052,8325.950052,8325.950052,0,0,1,0,7.87E-09,31757553.47
15470475.39,4971890.548,15473475.39,4971890.548,15473475.39,4968890.548,15470475.39,4968890.548,63515106.93,7.87E-09,7.87E-09,11917.72755,5958.863776,5958.863776,0,0,0,1.118098015,0.559049008,,9.38E-05,,9.38E-05,0.5,1,0.5,1,5958.863776,5958.863776,5958.863776,0,0,1,0,7.87E-09,31757553.47
15470475.39,4968890.548,15473475.39,4968890.548,15473475.39,4965890.548,15470475.39,4965890.548,63515106.93,7.87E-09,7.87E-09,4240.687656,2120.343828,2120.343828,0,0,0,0.141568145,0.070784073,,3.34E-05,,3.34E-05,0.5,1,0.5,1,2120.343828,2120.343828,2120.343828,0,0,1,0,7.87E-09,31757553.47
15470475.39,4965890.548,15473475.39,4965890.548,15473475.39,4962890.548,15470475.39,4962890.548,63515106.93,0,0,0,0,0,0,0,0,0,0,,0,,0,0,0,0,0,0,0,0,0,0,0,0,0,0
15470475.39,4962890.548,15473475.39,4962890.548,15473475.39,4959890.548,15470475.39,4959890.548,63515106.93,0,0,0,0,0,0,0,0,0,0,,0,,0,0,0,0,0,0,0,0,0,0,0,0,0,0
15470475.39,4959890.548,15473475.39,4959890.548,15473475.39,4956890.548,15470475.39,4956890.548,63515106.93,0,0,0,0,0,0,0,0,0,0,,0,,0,0,0,0,0,0,0,0,0,0,0,0,0,0
15470475.39,4956890.548,15473475.39,4956890.548,15473475.39,4953890.548,15470475.39,4953890.548,63515106.93,0,0,0,0,0,0,0,0,0,0,,0,,0,0,0,0,0,0,0,0,0,0,0,0,0,0
15470475.39,4953890.548,15473475.39,4953890.548,15473475.39,4950890.548,15470475.39,4950890.548,63515106.93,0,0,0,0,0,0,0,0,0,0,,0,,0,0,0,0,0,0,0,0,0,0,0,0,0,0
15470475.39,4950890.548,15473475.39,4950890.548,15473475.39,4947890.548,15470475.39,4947890.548,63515106.93,0,0,0,0,0,0,0,0,0,0,,0,,0,0,0,0,0,0,0,0,0,0,0,0,0,0
15470475.39,4947890.548,15473475.39,4947890.548,15473475.39,4944890.548,15470475.39,4944890.548,63515106.93,0,0,0,0,0,0,0,0,0,0,,0,,0,0,0,0,0,0,0,0,0,0,0,0,0,0
15470475.39,4944890.548,15473475.39,4944890.548,15473475.39,4941890.548,15470475.39,4941890.548,63515106.93,0,0,0,0,0,0,0,0,0,0,,0,,0,0,0,0,0,0,0,0,0,0,0,0,0,0
15473475.39,5121890.548,15476475.39,5121890.548,15476475.39,5118890.548,15473475.39,5118890.548,63515106.93,0,0,0,0,0,0,0,0,0,0,,0,,0,0,0,0,0,0,0,0,0,0,0,0,0,0
15473475.39,5118890.548,15476475.39,5118890.548,15476475.39,5115890.548,15473475.39,5115890.548,63515106.93,0,0,0,0,0,0,0,0,0,0,,0,,0,0,0,0,0,0,0,0,0,0,0,0,0,0
15473475.39,5115890.548,15476475.39,5115890.548,15476475.39,5112890.548,15473475.39,5112890.548,63515106.93,0,0,0,0,0,0,0,0,0,0,,0,,0,0,0,0,0,0,0,0,0,0,0,0,0,0
15473475.39,5112890.548,15476475.39,5112890.548,15476475.39,5109890.548,15473475.39,5109890.548,63515106.93,0,0,0,0,0,0,0,0,0,0,,0,,0,0,0,0,0,0,0,0,0,0,0,0,0,0
15473475.39,5109890.548,15476475.39,5109890.548,15476475.39,5106890.548,15473475.39,5106890.548,63515106.93,0,0,0,0,0,0,0,0,0,0,,0,,0,0,0,0,0,0,0,0,0,0,0,0,0,0
15473475.39,5106890.548,15476475.39,5106890.548,15476475.39,5103890.548,15473475.39,5103890.548,63515106.93,0,0,0,0,0,0,0,0,0,0,,0,,0,0,0,0,0,0,0,0,0,0,0,0,0,0
15473475.39,5103890.548,15476475.39,5103890.548,15476475.39,5100890.548,15473475.39,5100890.548,63515106.93,0,0,0,0,0,0,0,0,0,0,,0,,0,0,0,0,0,0,0,0,0,0,0,0,0,0
15473475.39,5100890.548,15476475.39,5100890.548,15476475.39,5097890.548,15473475.39,5097890.548,63515106.93,0,0,0,0,0,0,0,0,0,0,,0,,0,0,0,0,0,0,0,0,0,0,0,0,0,0
15473475.39,5097890.548,15476475.39,5097890.548,15476475.39,5094890.548,15473475.39,5094890.548,63515106.93,7.87E-09,7.87E-09,3818.523894,1909.261947,1909.261947,0,0,0,0.114784698,0.057392349,,3.01E-05,,3.01E-05,0.5,1,0.5,1,1909.261947,1909.261947,1909.261947,0,0,1,0,7.87E-09,31757553.47
15473475.39,5094890.548,15476475.39,5094890.548,15476475.39,5091890.548,15473475.39,5091890.548,63515106.93,7.87E-09,7.87E-09,3778.006544,1889.003272,1889.003272,0,0,0,0.112361721,0.05618086,,2.97E-05,,2.97E-05,0.5,1,0.5,1,1889.003272,1889.003272,1889.003272,0,0,1,0,7.87E-09,31757553.47
15473475.39,5091890.548,15476475.39,5091890.548,15476475.39,5088890.548,15473475.39,5088890.548,63515106.93,1.57E-08,1.57E-08,2879.353702,794.1275664,2085.226135,0,0,0,0.1305308,0.0652654,,4.53E-05,,4.53E-05,1,2,1,2,1439.676851,794.1275664,2085.226135,0,0,1,0,1.57E-08,63515106.93
15473475.39,5088890.548,15476475.39,5088890.548,15476475.39,5085890.548,15473475.39,5085890.548,63515106.93,1.57E-08,1.57E-08,5273.520212,2502.498729,2771.021483,0,0,0,0.437848833,0.218924416,,8.30E-05,,8.30E-05,1,2,1,2,2636.760106,2502.498729,2771.021483,0,0,1,0,1.57E-08,63515106.93
15473475.39,5085890.548,15476475.39,5085890.548,15476475.39,5082890.548,15473475.39,5082890.548,63515106.93,2.36E-08,2.36E-08,2607.14061,613.6706988,2049.041791,0,0,0,0.160525169,0.080262584,,6.16E-05,,6.16E-05,1.5,3,1.5,3,1303.570305,613.6706988,2049.041791,0,0,1,0,2.36E-08,95272660.4
15473475.39,5082890.548,15476475.39,5082890.548,15476475.39,5079890.548,15473475.39,5079890.548,63515106.93,1.57E-08,1.57E-08,1736.180956,723.4308769,1012.750079,0,0,0,0.047458384,0.023729192,,2.73E-05,,2.73E-05,1,2,1,2,868.0904778,723.4308769,1012.750079,0,0,1,0,1.57E-08,63515106.93
15473475.39,5079890.548,15476475.39,5079890.548,15476475.39,5076890.548,15473475.39,5076890.548,63515106.93,7.87E-09,7.87E-09,666.9797031,333.4898515,333.4898515,0,0,0,0.003502017,0.001751008,,5.25E-06,,5.25E-06,0.5,1,0.5,1,333.4898515,333.4898515,333.4898515,0,0,1,0,7.87E-09,31757553.47
15473475.39,5076890.548,15476475.39,5076890.548,15476475.39,5073890.548,15473475.39,5073890.548,63515106.93,0,0,0,0,0,0,0,0,0,0,,0,,0,0,0,0,0,0,0,0,0,0,0,0,0,0
15473475.39,5073890.548,15476475.39,5073890.548,15476475.39,5070890.548,15473475.39,5070890.548,63515106.93,2.36E-08,2.36E-08,3122.483854,234.5004144,3405.884362,0,0,0,0.230257947,0.115128974,,7.37E-05,,7.37E-05,1.5,3,1.5,3,1561.241927,234.5004144,3405.884362,0,0,1,0,2.36E-08,95272660.4
15473475.39,5070890.548,15476475.39,5070890.548,15476475.39,5067890.548,15473475.39,5067890.548,63515106.93,2.36E-08,2.36E-08,4358.094407,972.1601467,4585.168576,0,0,0,0.448546522,0.224273261,,0.000102923,,0.000102923,1.5,3,1.5,3,2179.047203,972.1601467,4585.168576,0,0,1,0,2.36E-08,95272660.4
15473475.39,5067890.548,15476475.39,5067890.548,15476475.39,5064890.548,15473475.39,5064890.548,63515106.93,6.30E-08,3.15E-08,4777.782696,1733.129229,5471.701275,1,1,1.57E-08,1.43759232,1.150073856,,0.000300891,,0.000300891,4,6,2,5,3822.226157,1733.129229,5471.701275,0.25,0.5,5,1.57E-08,4.000000031,127030213.9
15473475.39,5064890.548,15476475.39,5064890.548,15476475.39,5061890.548,15473475.39,5061890.548,63515106.93,8.66E-08,3.94E-08,4841.685189,432.462318,7768.894782,1.272727273,1.6,3.15E-08,2.0299192,1.860759267,,0.000419259,,0.000419259,5.5,8,2.5,6,4438.211423,432.462318,8256.057613,0.363636364,0.8,7.8,1.000000016,7.000000031,127030214.9
15473475.39,5061890.548,15476475.39,5061890.548,15476475.39,5058890.548,15473475.39,5058890.548,63515106.93,7.87E-08,3.15E-08,5435.389325,29.29050607,8686.538689,1.4,2,3.15E-08,2.325703171,1.661216551,,0.000427882,,0.000427882,5,9,2,7,3882.420947,32.48368065,8715.829269,0.4,1,7.75,1.000000016,7.000000024,95272661.4
15473475.39,5058890.548,15476475.39,5058890.548,15476475.39,5055890.548,15473475.39,5055890.548,63515106.93,3.94E-08,3.94E-08,8921.652045,1328.095359,8225.556205,0,0,0,3.132950532,1.566475266,,0.000351163,,0.000351163,2.5,5,2.5,5,4460.826022,1328.095359,8225.556205,0,0,1,0,3.94E-08,158787767.3
15473475.39,5055890.548,15476475.39,5055890.548,15476475.39,5052890.548,15473475.39,5052890.548,63515106.93,2.36E-08,2.36E-08,10414.43615,1396.763343,5874.290575,0,0,0,2.561449211,0.960543454,,0.000245952,,0.000245952,1.5,4,1.5,4,3905.413557,1396.763343,5874.290575,0,0,1,0,2.36E-08,95272660.4
15473475.39,5052890.548,15476475.39,5052890.548,15476475.39,5049890.548,15473475.39,5049890.548,63515106.93,3.94E-08,3.94E-08,5878.500157,383.8118903,7272.310014,0,0,0,1.360178931,0.566741221,,0.000231382,,0.000231382,2.5,6,2.5,6,2449.375065,383.8118903,7272.310014,0,0,1,0,3.94E-08,158787767.3
15473475.39,5049890.548,15476475.39,5049890.548,15476475.39,5046890.548,15473475.39,5046890.548,63515106.93,3.15E-08,3.15E-08,8473.060152,1634.952844,8999.519143,0,0,0,2.260651105,0.904260442,,0.000266805,,0.000266805,2,5,2,5,3389.224061,1634.952844,8999.519143,0,0,1,0,3.15E-08,127030213.9
15473475.39,5046890.548,15476475.39,5046890.548,15476475.39,5043890.548,15473475.39,5043890.548,63515106.93,1.57E-08,1.57E-08,15629.366,3086.968344,7267.252321,0,0,0,3.8459682,1.2819894,,0.000246073,,0.000246073,1,3,1,3,5209.788666,3086.968344,7267.252321,0,0,1,0,1.57E-08,63515106.93
15473475.39,5043890.548,15476475.39,5043890.548,15476475.39,5040890.548,15473475.39,5040890.548,63515106.93,1.57E-08,1.57E-08,5603.784718,5603.784718,5603.784718,0,0,0,0.494408412,0.494408412,,8.82E-05,,8.82E-05,1,1,1,1,5603.784718,5603.784718,5603.784718,0,0,1,0,1.57E-08,63515106.93
15473475.39,5040890.548,15476475.39,5040890.548,15476475.39,5037890.548,15473475.39,5037890.548,63515106.93,1.57E-08,1.57E-08,11028.15205,3965.785988,7062.366062,0,0,0,1.914822213,0.957411107,,0.00017363,,0.00017363,1,2,1,2,5514.076025,3965.785988,7062.366062,0,0,1,0,1.57E-08,63515106.93
15473475.39,5037890.548,15476475.39,5037890.548,15476475.39,5034890.548,15473475.39,5034890.548,63515106.93,1.57E-08,1.57E-08,9026.781695,1063.939347,7962.842348,0,0,0,1.282888303,0.641444152,,0.00014212,,0.00014212,1,2,1,2,4513.390848,1063.939347,7962.842348,0,0,1,0,1.57E-08,63515106.93
15473475.39,5034890.548,15476475.39,5034890.548,15476475.39,5031890.548,15473475.39,5031890.548,63515106.93,3.15E-08,3.15E-08,7903.127468,1321.40207,6217.790774,0,0,0,1.966758045,0.983379023,,0.000248858,,0.000248858,2,4,2,4,3951.563734,1321.40207,6217.790774,0,0,1,0,3.15E-08,127030213.9
15473475.39,5031890.548,15476475.39,5031890.548,15476475.39,5028890.548,15473475.39,5028890.548,63515106.93,3.94E-08,3.94E-08,7424.304594,133.5976649,6101.900472,0,0,0,2.169574349,1.084787174,,0.000292226,,0.000292226,2.5,5,2.5,5,3712.152297,133.5976649,6101.900472,0,0,1,0,3.94E-08,158787767.3
15473475.39,5028890.548,15476475.39,5028890.548,15476475.39,5025890.548,15473475.39,5025890.548,63515106.93,5.51E-08,5.51E-08,8631.552505,1881.525959,7883.790004,0,0,0,4.105526352,2.394890372,,0.000475642,,0.000475642,3.5,6,3.5,6,5035.072294,1881.525959,7883.790004,0,0,1,0,5.51E-08,222302874.3
15473475.39,5025890.548,15476475.39,5025890.548,15476475.39,5022890.548,15473475.39,5022890.548,63515106.93,4.72E-08,4.72E-08,5960.836234,57.3296507,7341.325956,0,0,0,1.67825752,0.83912876,,0.000281547,,0.000281547,3,6,3,6,2980.418117,57.32965022,7341.325956,0,0,1,0,4.72E-08,190545320.8
15473475.39,5022890.548,15476475.39,5022890.548,15476475.39,5019890.548,15473475.39,5019890.548,63515106.93,2.36E-08,2.36E-08,5672.308107,1046.159451,3455.165876,0,0,0,0.759860468,0.284947676,,0.00013396,,0.00013396,1.5,4,1.5,4,2127.11554,1046.159451,3455.165876,0,0,1,0,2.36E-08,95272660.4
15473475.39,5019890.548,15476475.39,5019890.548,15476475.39,5016890.548,15473475.39,5016890.548,63515106.93,7.87E-08,3.15E-08,2424.063211,275.5287598,3490.025651,1.4,2,3.15E-08,0.462573609,0.462573609,,0.000190826,,0.000190826,5,7,2,5,2424.063211,775.598167,4241.242853,0.4,1,7.75,1.000000016,7.000000024,95272661.4
15473475.39,5016890.548,15476475.39,5016890.548,15476475.39,5013890.548,15473475.39,5013890.548,63515106.93,8.66E-08,3.94E-08,3293.496778,275.5287598,5193.788483,1.272727273,1.6,3.15E-08,0.939290958,0.861016712,,0.000285196,,0.000285196,5.5,8,2.5,6,3019.038713,562.3839228,6708.393233,0.363636364,0.8,7.8,1.000000016,7.000000031,127030214.9
15473475.39,5013890.548,15476475.39,5013890.548,15476475.39,5010890.548,15473475.39,5010890.548,63515106.93,5.51E-08,3.94E-08,5122.849438,706.4070367,5389.893197,0.857142857,0.8,1.57E-08,1.44615284,1.012306988,,0.000282295,,0.000282295,3.5,6,2.5,5,3585.994607,706.4070367,6904.497948,0.285714286,0.4,3.8,1,3.000000031,127030214.9
15473475.39,5010890.548,15476475.39,5010890.548,15476475.39,5007890.548,15473475.39,5007890.548,63515106.93,3.15E-08,3.15E-08,7821.747585,2513.038048,4907.391465,0,0,0,1.926462482,0.963231241,,0.000246296,,0.000246296,2,4,2,4,3910.873792,2513.038048,4907.391465,0,0,1,0,3.15E-08,127030213.9
15473475.39,5007890.548,15476475.39,5007890.548,15476475.39,5004890.548,15473475.39,5004890.548,63515106.93,5.51E-08,3.94E-08,6180.660513,341.1768258,6457.263321,0.857142857,0.8,1.57E-08,2.10504212,1.227941236,,0.000340585,,0.000340585,3.5,7,2.5,6,3605.385299,341.1768258,6487.437782,0.285714286,0.4,3.8,1,3.000000031,127030214.9
15473475.39,5004890.548,15476475.39,5004890.548,15476475.39,5001890.548,15473475.39,5001890.548,63515106.93,6.30E-08,4.72E-08,7314.3653,788.6709435,8366.886791,0.75,0.666666667,1.57E-08,3.36927338,2.246182253,,0.000460638,,0.000460638,4,7,3,6,4876.243534,788.6710048,8366.886791,0.25,0.333333333,3.833333333,1,3.000000039,158787768.3
15473475.39,5001890.548,15476475.39,5001890.548,15476475.39,4998890.548,15473475.39,4998890.548,63515106.93,5.51E-08,3.94E-08,8778.105051,671.7109609,7875.337133,0.857142857,0.8,1.57E-08,4.246122884,2.476905015,,0.000483717,,0.000483717,3.5,7,2.5,6,5120.56128,2470.210092,7875.337133,0.285714286,0.4,3.8,1,3.000000031,127030214.9
15473475.39,4998890.548,15476475.39,4998890.548,15476475.39,4995890.548,15473475.39,4995890.548,63515106.93,5.51E-08,3.94E-08,4956.514878,620.9365784,7379.48962,0.857142857,0.8,1.57E-08,1.353766737,0.947636716,,0.000273129,,0.000273129,3.5,6,2.5,5,3469.560415,628.5831192,7379.48962,0.285714286,0.4,3.8,1,3.000000031,127030214.9
15473475.39,4995890.548,15476475.39,4995890.548,15476475.39,4992890.548,15473475.39,4992890.548,63515106.93,7.87E-09,7.87E-09,11221.35395,1948.191677,3662.4853,0,0,0,0.99125067,0.247812667,,8.83E-05,,8.83E-05,0.5,2,0.5,2,2805.338488,1948.191677,3662.4853,0,0,1,0,7.87E-09,31757553.47
15473475.39,4992890.548,15476475.39,4992890.548,15476475.39,4989890.548,15473475.39,4989890.548,63515106.93,7.87E-09,7.87E-09,11741.70098,5870.850489,5870.850489,0,0,0,1.085312995,0.542656498,,9.24E-05,,9.24E-05,0.5,1,0.5,1,5870.850489,5870.850489,5870.850489,0,0,1,0,7.87E-09,31757553.47
15473475.39,4989890.548,15476475.39,4989890.548,15476475.39,4986890.548,15473475.39,4986890.548,63515106.93,7.87E-09,7.87E-09,11263.1545,5631.577249,5631.577249,0,0,0,0.998649419,0.499324709,,8.87E-05,,8.87E-05,0.5,1,0.5,1,5631.577249,5631.577249,5631.577249,0,0,1,0,7.87E-09,31757553.47
15473475.39,4986890.548,15476475.39,4986890.548,15476475.39,4983890.548,15473475.39,4983890.548,63515106.93,0,0,0,0,0,0,0,0,0,0,,0,,0,0,0,0,0,0,0,0,0,0,0,0,0,0
15473475.39,4983890.548,15476475.39,4983890.548,15476475.39,4980890.548,15473475.39,4980890.548,63515106.93,0,0,0,3698.010931,3698.010931,0,0,0,0,0.215307594,,5.82E-05,,5.82E-05,0,1,0,1,3698.010931,3698.010931,3698.010931,0,0,0,0,0,0
15473475.39,4980890.548,15476475.39,4980890.548,15476475.39,4977890.548,15473475.39,4977890.548,63515106.93,0,0,0,7831.947344,7831.947344,0,0,0,0,0.965745036,,0.000123308,,0.000123308,0,1,0,1,7831.947344,7831.947344,7831.947344,0,0,0,0,0,0
15473475.39,4977890.548,15476475.39,4977890.548,15476475.39,4974890.548,15473475.39,4974890.548,63515106.93,0,0,0,8995.996014,8995.996014,0,0,0,0,1.274152689,,0.000141636,,0.000141636,0,1,0,1,8995.996014,8995.996014,8995.996014,0,0,0,0,0,0
15473475.39,4974890.548,15476475.39,4974890.548,15476475.39,4971890.548,15473475.39,4971890.548,63515106.93,0,0,0,8300.842171,8300.842171,0,0,0,0,1.08484397,,0.000130691,,0.000130691,0,1,0,1,8300.842171,8300.842171,8300.842171,0,0,0,0,0,0
15473475.39,4971890.548,15476475.39,4971890.548,15476475.39,4968890.548,15473475.39,4968890.548,63515106.93,0,0,0,5020.788183,5020.788183,0,0,0,0,0.396886901,,7.90E-05,,7.90E-05,0,1,0,1,5020.788183,5020.788183,5020.788183,0,0,0,0,0,0
15473475.39,4968890.548,15476475.39,4968890.548,15476475.39,4965890.548,15473475.39,4965890.548,63515106.93,0,0,0,0,0,0,0,0,0,0,,0,,0,0,0,0,0,0,0,0,0,0,0,0,0,0
15473475.39,4965890.548,15476475.39,4965890.548,15476475.39,4962890.548,15473475.39,4962890.548,63515106.93,0,0,0,0,0,0,0,0,0,0,,0,,0,0,0,0,0,0,0,0,0,0,0,0,0,0
15473475.39,4962890.548,15476475.39,4962890.548,15476475.39,4959890.548,15473475.39,4959890.548,63515106.93,0,0,0,0,0,0,0,0,0,0,,0,,0,0,0,0,0,0,0,0,0,0,0,0,0,0
15473475.39,4959890.548,15476475.39,4959890.548,15476475.39,4956890.548,15473475.39,4956890.548,63515106.93,0,0,0,0,0,0,0,0,0,0,,0,,0,0,0,0,0,0,0,0,0,0,0,0,0,0
15473475.39,4956890.548,15476475.39,4956890.548,15476475.39,4953890.548,15473475.39,4953890.548,63515106.93,0,0,0,0,0,0,0,0,0,0,,0,,0,0,0,0,0,0,0,0,0,0,0,0,0,0
15473475.39,4953890.548,15476475.39,4953890.548,15476475.39,4950890.548,15473475.39,4950890.548,63515106.93,0,0,0,0,0,0,0,0,0,0,,0,,0,0,0,0,0,0,0,0,0,0,0,0,0,0
15473475.39,4950890.548,15476475.39,4950890.548,15476475.39,4947890.548,15473475.39,4947890.548,63515106.93,0,0,0,0,0,0,0,0,0,0,,0,,0,0,0,0,0,0,0,0,0,0,0,0,0,0
15473475.39,4947890.548,15476475.39,4947890.548,15476475.39,4944890.548,15473475.39,4944890.548,63515106.93,0,0,0,0,0,0,0,0,0,0,,0,,0,0,0,0,0,0,0,0,0,0,0,0,0,0
15473475.39,4944890.548,15476475.39,4944890.548,15476475.39,4941890.548,15473475.39,4941890.548,63515106.93,0,0,0,0,0,0,0,0,0,0,,0,,0,0,0,0,0,0,0,0,0,0,0,0,0,0
15476475.39,5121890.548,15479475.39,5121890.548,15479475.39,5118890.548,15476475.39,5118890.548,63515106.93,0,0,0,0,0,0,0,0,0,0,,0,,0,0,0,0,0,0,0,0,0,0,0,0,0,0
15476475.39,5118890.548,15479475.39,5118890.548,15479475.39,5115890.548,15476475.39,5115890.548,63515106.93,0,0,0,0,0,0,0,0,0,0,,0,,0,0,0,0,0,0,0,0,0,0,0,0,0,0
15476475.39,5115890.548,15479475.39,5115890.548,15479475.39,5112890.548,15476475.39,5112890.548,63515106.93,0,0,0,0,0,0,0,0,0,0,,0,,0,0,0,0,0,0,0,0,0,0,0,0,0,0
15476475.39,5112890.548,15479475.39,5112890.548,15479475.39,5109890.548,15476475.39,5109890.548,63515106.93,0,0,0,0,0,0,0,0,0,0,,0,,0,0,0,0,0,0,0,0,0,0,0,0,0,0
15476475.39,5109890.548,15479475.39,5109890.548,15479475.39,5106890.548,15476475.39,5106890.548,63515106.93,0,0,0,0,0,0,0,0,0,0,,0,,0,0,0,0,0,0,0,0,0,0,0,0,0,0
15476475.39,5106890.548,15479475.39,5106890.548,15479475.39,5103890.548,15476475.39,5103890.548,63515106.93,0,0,0,0,0,0,0,0,0,0,,0,,0,0,0,0,0,0,0,0,0,0,0,0,0,0
15476475.39,5103890.548,15479475.39,5103890.548,15479475.39,5100890.548,15476475.39,5100890.548,63515106.93,0,0,0,0,0,0,0,0,0,0,,0,,0,0,0,0,0,0,0,0,0,0,0,0,0,0
15476475.39,5100890.548,15479475.39,5100890.548,15479475.39,5097890.548,15476475.39,5097890.548,63515106.93,0,0,0,0,0,0,0,0,0,0,,0,,0,0,0,0,0,0,0,0,0,0,0,0,0,0
15476475.39,5097890.548,15479475.39,5097890.548,15479475.39,5094890.548,15476475.39,5094890.548,63515106.93,0,0,0,0,0,0,0,0,0,0,,0,,0,0,0,0,0,0,0,0,0,0,0,0,0,0
15476475.39,5094890.548,15479475.39,5094890.548,15479475.39,5091890.548,15476475.39,5091890.548,63515106.93,0,0,0,0,0,0,0,0,0,0,,0,,0,0,0,0,0,0,0,0,0,0,0,0,0,0
15476475.39,5091890.548,15479475.39,5091890.548,15479475.39,5088890.548,15476475.39,5088890.548,63515106.93,0,0,0,0,0,0,0,0,0,0,,0,,0,0,0,0,0,0,0,0,0,0,0,0,0,0
15476475.39,5088890.548,15479475.39,5088890.548,15479475.39,5085890.548,15476475.39,5085890.548,63515106.93,0,0,0,0,0,0,0,0,0,0,,0,,0,0,0,0,0,0,0,0,0,0,0,0,0,0
15476475.39,5085890.548,15479475.39,5085890.548,15479475.39,5082890.548,15476475.39,5082890.548,63515106.93,0,0,0,0,0,0,0,0,0,0,,0,,0,0,0,0,0,0,0,0,0,0,0,0,0,0
15476475.39,5082890.548,15479475.39,5082890.548,15479475.39,5079890.548,15476475.39,5079890.548,63515106.93,0,0,0,0,0,0,0,0,0,0,,0,,0,0,0,0,0,0,0,0,0,0,0,0,0,0
15476475.39,5079890.548,15479475.39,5079890.548,15479475.39,5076890.548,15476475.39,5076890.548,63515106.93,7.87E-09,7.87E-09,3917.790361,1958.895181,1958.895181,0,0,0,0.120830162,0.060415081,,3.08E-05,,3.08E-05,0.5,1,0.5,1,1958.895181,1958.895181,1958.895181,0,0,1,0,7.87E-09,31757553.47
15476475.39,5076890.548,15479475.39,5076890.548,15479475.39,5073890.548,15476475.39,5073890.548,63515106.93,7.87E-09,7.87E-09,4671.204808,2335.602404,2335.602404,0,0,0,0.171771374,0.085885687,,3.68E-05,,3.68E-05,0.5,1,0.5,1,2335.602404,2335.602404,2335.602404,0,0,1,0,7.87E-09,31757553.47
15476475.39,5073890.548,15479475.39,5073890.548,15479475.39,5070890.548,15476475.39,5070890.548,63515106.93,7.87E-09,7.87E-09,11568.1651,5784.082548,5784.082548,0,0,0,1.053469404,0.526734702,,9.11E-05,,9.11E-05,0.5,1,0.5,1,5784.082548,5784.082548,5784.082548,0,0,1,0,7.87E-09,31757553.47
15476475.39,5070890.548,15479475.39,5070890.548,15479475.39,5067890.548,15476475.39,5067890.548,63515106.93,1.57E-08,1.57E-08,8273.28912,709.5902534,7563.698866,0,0,0,1.07765406,0.53882703,,0.000130257,,0.000130257,1,2,1,2,4136.64456,709.5902534,7563.698866,0,0,1,0,1.57E-08,63515106.93
15476475.39,5067890.548,15479475.39,5067890.548,15479475.39,5064890.548,15476475.39,5064890.548,63515106.93,3.94E-08,2.36E-08,9197.611162,555.610483,7052.916218,1.2,1.333333333,1.57E-08,3.329761027,1.387400428,,0.000362025,,0.000362025,2.5,7,1.5,6,3832.337984,555.6106127,7052.916218,0.4,0.666666667,3.666666667,1,3.000000016,63515107.93
15476475.39,5064890.548,15479475.39,5064890.548,15479475.39,5061890.548,15476475.39,5061890.548,63515106.93,4.72E-08,3.15E-08,9351.4119,1451.437825,8988.927871,1,1,1.57E-08,4.130461653,2.065230827,,0.000441694,,0.000441694,3,7,2,6,4675.70595,1451.437825,8988.927871,0.333333333,0.5,3.75,1,3.000000024,95272661.4
15476475.39,5061890.548,15479475.39,5061890.548,15479475.39,5058890.548,15476475.39,5058890.548,63515106.93,4.72E-08,3.15E-08,9227.275112,138.8258334,6416.953977,1,1,1.57E-08,4.021528583,1.72351225,,0.000435831,,0.000435831,3,8,2,7,3954.546476,138.8258165,8232.982289,0.333333333,0.5,3.75,1,3.000000024,95272661.4
15476475.39,5058890.548,15479475.39,5058890.548,15479475.39,5055890.548,15476475.39,5055890.548,63515106.93,2.36E-08,2.36E-08,10285.03662,4912.6411,5548.365606,0,0,0,2.498192557,1.249096279,,0.000242896,,0.000242896,1.5,3,1.5,3,5142.51831,4912.6411,5548.365606,0,0,1,0,2.36E-08,95272660.4
15476475.39,5055890.548,15479475.39,5055890.548,15479475.39,5052890.548,15476475.39,5052890.548,63515106.93,2.36E-08,2.36E-08,7154.745013,4094.521979,6637.59554,0,0,0,1.208933874,0.906700406,,0.00016897,,0.00016897,1.5,2,1.5,2,5366.058759,4094.521979,6637.59554,0,0,1,0,2.36E-08,95272660.4
15476475.39,5052890.548,15479475.39,5052890.548,15479475.39,5049890.548,15476475.39,5049890.548,63515106.93,7.87E-09,7.87E-09,18339.70191,3900.213207,5269.637749,0,0,0,2.647753286,0.661938321,,0.000144373,,0.000144373,0.5,2,0.5,2,4584.925478,3900.213207,5269.637749,0,0,1,0,7.87E-09,31757553.47
15476475.39,5049890.548,15479475.39,5049890.548,15479475.39,5046890.548,15476475.39,5046890.548,63515106.93,1.57E-08,1.57E-08,13846.41598,618.1485434,8545.845756,0,0,0,3.018545426,1.006181809,,0.000218002,,0.000218002,1,3,1,3,4615.471994,618.1485434,8545.845756,0,0,1,0,1.57E-08,63515106.93
15476475.39,5046890.548,15479475.39,5046890.548,15479475.39,5043890.548,15476475.39,5043890.548,63515106.93,3.15E-08,3.15E-08,7117.285492,1548.214468,7972.762521,0,0,0,1.595077304,0.797538652,,0.000224113,,0.000224113,2,4,2,4,3558.642746,1548.214468,7972.762521,0,0,1,0,3.15E-08,127030213.9
15476475.39,5043890.548,15479475.39,5043890.548,15479475.39,5040890.548,15476475.39,5040890.548,63515106.93,3.94E-08,3.94E-08,4452.994164,457.8190758,4546.915648,0,0,0,0.780489791,0.390244896,,0.000175273,,0.000175273,2.5,5,2.5,5,2226.497082,457.8190758,4546.915648,0,0,1,0,3.94E-08,158787767.3
15476475.39,5040890.548,15479475.39,5040890.548,15479475.39,5037890.548,15476475.39,5037890.548,63515106.93,7.87E-09,7.87E-09,10533.01296,5266.506478,5266.506478,0,0,0,0.873369874,0.436684937,,8.29E-05,,8.29E-05,0.5,1,0.5,1,5266.506478,5266.506478,5266.506478,0,0,1,0,7.87E-09,31757553.47
15476475.39,5037890.548,15479475.39,5037890.548,15479475.39,5034890.548,15476475.39,5034890.548,63515106.93,7.87E-09,7.87E-09,13416.16184,6708.08092,6708.08092,0,0,0,1.41693376,0.70846688,,0.000105614,,0.000105614,0.5,1,0.5,1,6708.08092,6708.08092,6708.08092,0,0,1,0,7.87E-09,31757553.47
15476475.39,5034890.548,15479475.39,5034890.548,15479475.39,5031890.548,15476475.39,5031890.548,63515106.93,1.57E-08,1.57E-08,10979.64457,944.7657979,6454.679362,0,0,0,1.898014517,0.632671506,,0.000172867,,0.000172867,1,3,1,3,3659.881525,944.7657979,6454.679362,0,0,1,0,1.57E-08,63515106.93
15476475.39,5031890.548,15479475.39,5031890.548,15479475.39,5028890.548,15476475.39,5028890.548,63515106.93,3.15E-08,3.15E-08,11701.85635,2569.441826,7701.700119,0,0,0,4.311838509,1.724735404,,0.000368475,,0.000368475,2,5,2,5,4680.742539,2569.441826,7701.700119,0,0,1,0,3.15E-08,127030213.9
15476475.39,5028890.548,15479475.39,5028890.548,15479475.39,5025890.548,15476475.39,5025890.548,63515106.93,3.15E-08,3.15E-08,12647.0103,2240.920498,7802.776578,0,0,0,5.036498471,2.014599388,,0.000398236,,0.000398236,2,5,2,5,5058.804119,2240.920498,7802.776578,0,0,1,0,3.15E-08,127030213.9
15476475.39,5025890.548,15479475.39,5025890.548,15479475.39,5022890.548,15476475.39,5022890.548,63515106.93,3.15E-08,3.15E-08,10461.33976,3939.617244,8207.366069,0,0,0,3.446097624,1.723048812,,0.000329413,,0.000329413,2,4,2,4,5230.66988,3939.617244,8207.366069,0,0,1,0,3.15E-08,127030213.9
15476475.39,5022890.548,15479475.39,5022890.548,15479475.39,5019890.548,15476475.39,5019890.548,63515106.93,3.15E-08,3.15E-08,3128.054704,62.95192325,2637.93457,0,0,0,0.308107054,0.154053527,,9.85E-05,,9.85E-05,2,4,2,4,1564.027352,62.95192394,2637.93457,0,0,1,0,3.15E-08,127030213.9
15476475.39,5019890.548,15479475.39,5019890.548,15479475.39,5016890.548,15476475.39,5016890.548,63515106.93,7.08E-08,5.51E-08,2190.377625,93.89016298,3853.239416,0.666666667,0.571428571,1.57E-08,0.339917457,0.218518365,,0.000155187,,0.000155187,4.5,8,3.5,7,1408.099902,93.89016298,3853.239416,0.222222222,0.285714286,3.857142857,1,3.000000047,190545321.8
15476475.39,5016890.548,15479475.39,5016890.548,15479475.39,5013890.548,15476475.39,5013890.548,63515106.93,6.30E-08,4.72E-08,4678.611328,423.5540247,6455.291243,0.75,0.666666667,1.57E-08,1.378532133,0.787732648,,0.000294646,,0.000294646,4,8,3,7,2673.492188,423.5540247,6455.291243,0.25,0.333333333,3.833333333,1,3.000000039,158787768.3
15476475.39,5013890.548,15479475.39,5013890.548,15479475.39,5010890.548,15476475.39,5010890.548,63515106.93,7.08E-08,5.51E-08,4946.765981,1138.776676,5481.215309,0.666666667,0.571428571,1.57E-08,1.733717014,1.30028776,,0.000350475,,0.000350475,4.5,7,3.5,6,3710.074486,1138.776676,5481.215309,0.222222222,0.285714286,3.857142857,1,3.000000047,190545321.8
15476475.39,5010890.548,15479475.39,5010890.548,15479475.39,5007890.548,15476475.39,5007890.548,63515106.93,5.51E-08,3.94E-08,4281.590498,65.46543427,6908.63592,0.857142857,0.8,1.57E-08,1.010185817,0.707130072,,0.000235937,,0.000235937,3.5,6,2.5,5,2997.113349,226.8248603,6974.101356,0.285714286,0.4,3.8,1,3.000000031,127030214.9
15476475.39,5007890.548,15479475.39,5007890.548,15479475.39,5004890.548,15476475.39,5004890.548,63515106.93,6.30E-08,3.15E-08,5632.57372,388.8711236,5900.629173,1.5,2,3.15E-08,1.998005718,1.332003812,,0.000354723,,0.000354723,4,8,2,6,3755.049147,388.8711236,9240.076575,0.5,1,6.5,2,6.000000016,63515108.93
15476475.39,5004890.548,15479475.39,5004890.548,15479475.39,5001890.548,15476475.39,5001890.548,63515106.93,5.51E-08,3.94E-08,7202.537968,1703.892443,6100.791235,0.857142857,0.8,1.57E-08,2.85865749,2.001060243,,0.000396896,,0.000396896,3.5,6,2.5,5,5041.776578,1703.892443,8957.130235,0.285714286,0.4,3.8,1,3.000000031,127030214.9
15476475.39,5001890.548,15479475.39,5001890.548,15479475.39,4998890.548,15476475.39,4998890.548,63515106.93,3.94E-08,3.94E-08,8797.382851,977.1494429,5988.807183,0,0,0,3.046280986,1.269283744,,0.000346271,,0.000346271,2.5,6,2.5,6,3665.576188,977.1494429,5988.807183,0,0,1,0,3.94E-08,158787767.3
15476475.39,4998890.548,15479475.39,4998890.548,15479475.39,4995890.548,15476475.39,4995890.548,63515106.93,7.87E-09,7.87E-09,9610.595856,2367.952522,2437.345406,0,0,0,0.727099088,0.181774772,,7.57E-05,,7.57E-05,0.5,2,0.5,2,2402.648964,2367.952522,2437.345406,0,0,1,0,7.87E-09,31757553.47
15476475.39,4995890.548,15479475.39,4995890.548,15479475.39,4992890.548,15476475.39,4992890.548,63515106.93,7.87E-09,7.87E-09,2789.928703,1394.964351,1394.964351,0,0,0,0.061274416,0.030637208,,2.20E-05,,2.20E-05,0.5,1,0.5,1,1394.964351,1394.964351,1394.964351,0,0,1,0,7.87E-09,31757553.47
15476475.39,4992890.548,15479475.39,4992890.548,15479475.39,4989890.548,15476475.39,4989890.548,63515106.93,7.87E-09,7.87E-09,4191.711234,2095.855617,2095.855617,0,0,0,0.138317039,0.06915852,,3.30E-05,,3.30E-05,0.5,1,0.5,1,2095.855617,2095.855617,2095.855617,0,0,1,0,7.87E-09,31757553.47
15476475.39,4989890.548,15479475.39,4989890.548,15479475.39,4986890.548,15476475.39,4986890.548,63515106.93,0,0,0,0,0,0,0,0,0,0,,0,,0,0,0,0,0,0,0,0,0,0,0,0,0,0
15476475.39,4986890.548,15479475.39,4986890.548,15479475.39,4983890.548,15476475.39,4983890.548,63515106.93,7.87E-09,7.87E-09,2869.315702,1434.657851,1434.657851,0,0,0,0.064811137,0.032405569,,2.26E-05,,2.26E-05,0.5,1,0.5,1,1434.657851,1434.657851,1434.657851,0,0,1,0,7.87E-09,31757553.47
15476475.39,4983890.548,15479475.39,4983890.548,15479475.39,4980890.548,15476475.39,4980890.548,63515106.93,7.87E-09,7.87E-09,10216.41168,5108.20584,5108.20584,0,0,0,0.821655451,0.410827725,,8.04E-05,,8.04E-05,0.5,1,0.5,1,5108.20584,5108.20584,5108.20584,0,0,1,0,7.87E-09,31757553.47
15476475.39,4980890.548,15479475.39,4980890.548,15479475.39,4977890.548,15476475.39,4977890.548,63515106.93,7.87E-09,7.87E-09,15729.52456,7864.762281,7864.762281,0,0,0,1.947709411,0.973854705,,0.000123825,,0.000123825,0.5,1,0.5,1,7864.762281,7864.762281,7864.762281,0,0,1,0,7.87E-09,31757553.47
15476475.39,4977890.548,15479475.39,4977890.548,15479475.39,4974890.548,15476475.39,4974890.548,63515106.93,0,0,0,8057.637794,8057.637794,0,0,0,0,1.022206054,,0.000126862,,0.000126862,0,1,0,1,8057.637794,8057.637794,8057.637794,0,0,0,0,0,0
15476475.39,4974890.548,15479475.39,4974890.548,15479475.39,4971890.548,15476475.39,4971890.548,63515106.93,0,0,0,4768.667864,4768.667864,0,0,0,0,0.358028102,,7.51E-05,,7.51E-05,0,1,0,1,4768.667864,4768.667864,4768.667864,0,0,0,0,0,0
15476475.39,4971890.548,15479475.39,4971890.548,15479475.39,4968890.548,15476475.39,4968890.548,63515106.93,7.87E-09,7.87E-09,990.6421976,495.3210988,495.3210988,0,0,0,0.0077255,0.00386275,,7.80E-06,,7.80E-06,0.5,1,0.5,1,495.3210988,495.3210988,495.3210988,0,0,1,0,7.87E-09,31757553.47
15476475.39,4968890.548,15479475.39,4968890.548,15479475.39,4965890.548,15476475.39,4965890.548,63515106.93,7.87E-09,7.87E-09,987.2557332,493.6278666,493.6278666,0,0,0,0.007672772,0.003836386,,7.77E-06,,7.77E-06,0.5,1,0.5,1,493.6278666,493.6278666,493.6278666,0,0,1,0,7.87E-09,31757553.47
15476475.39,4965890.548,15479475.39,4965890.548,15479475.39,4962890.548,15476475.39,4962890.548,63515106.93,0,0,0,0,0,0,0,0,0,0,,0,,0,0,0,0,0,0,0,0,0,0,0,0,0,0
15476475.39,4962890.548,15479475.39,4962890.548,15479475.39,4959890.548,15476475.39,4959890.548,63515106.93,0,0,0,0,0,0,0,0,0,0,,0,,0,0,0,0,0,0,0,0,0,0,0,0,0,0
15476475.39,4959890.548,15479475.39,4959890.548,15479475.39,4956890.548,15476475.39,4956890.548,63515106.93,0,0,0,0,0,0,0,0,0,0,,0,,0,0,0,0,0,0,0,0,0,0,0,0,0,0
15476475.39,4956890.548,15479475.39,4956890.548,15479475.39,4953890.548,15476475.39,4953890.548,63515106.93,0,0,0,0,0,0,0,0,0,0,,0,,0,0,0,0,0,0,0,0,0,0,0,0,0,0
15476475.39,4953890.548,15479475.39,4953890.548,15479475.39,4950890.548,15476475.39,4950890.548,63515106.93,0,0,0,0,0,0,0,0,0,0,,0,,0,0,0,0,0,0,0,0,0,0,0,0,0,0
15476475.39,4950890.548,15479475.39,4950890.548,15479475.39,4947890.548,15476475.39,4947890.548,63515106.93,0,0,0,0,0,0,0,0,0,0,,0,,0,0,0,0,0,0,0,0,0,0,0,0,0,0
15476475.39,4947890.548,15479475.39,4947890.548,15479475.39,4944890.548,15476475.39,4944890.548,63515106.93,0,0,0,0,0,0,0,0,0,0,,0,,0,0,0,0,0,0,0,0,0,0,0,0,0,0
15476475.39,4944890.548,15479475.39,4944890.548,15479475.39,4941890.548,15476475.39,4941890.548,63515106.93,0,0,0,0,0,0,0,0,0,0,,0,,0,0,0,0,0,0,0,0,0,0,0,0,0,0
15479475.39,5121890.548,15482475.39,5121890.548,15482475.39,5118890.548,15479475.39,5118890.548,63515106.93,0,0,0,0,0,0,0,0,0,0,,0,,0,0,0,0,0,0,0,0,0,0,0,0,0,0
15479475.39,5118890.548,15482475.39,5118890.548,15482475.39,5115890.548,15479475.39,5115890.548,63515106.93,0,0,0,0,0,0,0,0,0,0,,0,,0,0,0,0,0,0,0,0,0,0,0,0,0,0
15479475.39,5115890.548,15482475.39,5115890.548,15482475.39,5112890.548,15479475.39,5112890.548,63515106.93,0,0,0,0,0,0,0,0,0,0,,0,,0,0,0,0,0,0,0,0,0,0,0,0,0,0
15479475.39,5112890.548,15482475.39,5112890.548,15482475.39,5109890.548,15479475.39,5109890.548,63515106.93,0,0,0,0,0,0,0,0,0,0,,0,,0,0,0,0,0,0,0,0,0,0,0,0,0,0
15479475.39,5109890.548,15482475.39,5109890.548,15482475.39,5106890.548,15479475.39,5106890.548,63515106.93,0,0,0,0,0,0,0,0,0,0,,0,,0,0,0,0,0,0,0,0,0,0,0,0,0,0
15479475.39,5106890.548,15482475.39,5106890.548,15482475.39,5103890.548,15479475.39,5103890.548,63515106.93,0,0,0,0,0,0,0,0,0,0,,0,,0,0,0,0,0,0,0,0,0,0,0,0,0,0
15479475.39,5103890.548,15482475.39,5103890.548,15482475.39,5100890.548,15479475.39,5100890.548,63515106.93,0,0,0,0,0,0,0,0,0,0,,0,,0,0,0,0,0,0,0,0,0,0,0,0,0,0
15479475.39,5100890.548,15482475.39,5100890.548,15482475.39,5097890.548,15479475.39,5097890.548,63515106.93,0,0,0,0,0,0,0,0,0,0,,0,,0,0,0,0,0,0,0,0,0,0,0,0,0,0
15479475.39,5097890.548,15482475.39,5097890.548,15482475.39,5094890.548,15479475.39,5094890.548,63515106.93,0,0,0,0,0,0,0,0,0,0,,0,,0,0,0,0,0,0,0,0,0,0,0,0,0,0
15479475.39,5094890.548,15482475.39,5094890.548,15482475.39,5091890.548,15479475.39,5091890.548,63515106.93,0,0,0,0,0,0,0,0,0,0,,0,,0,0,0,0,0,0,0,0,0,0,0,0,0,0
15479475.39,5091890.548,15482475.39,5091890.548,15482475.39,5088890.548,15479475.39,5088890.548,63515106.93,0,0,0,0,0,0,0,0,0,0,,0,,0,0,0,0,0,0,0,0,0,0,0,0,0,0
15479475.39,5088890.548,15482475.39,5088890.548,15482475.39,5085890.548,15479475.39,5085890.548,63515106.93,0,0,0,0,0,0,0,0,0,0,,0,,0,0,0,0,0,0,0,0,0,0,0,0,0,0
15479475.39,5085890.548,15482475.39,5085890.548,15482475.39,5082890.548,15479475.39,5082890.548,63515106.93,0,0,0,0,0,0,0,0,0,0,,0,,0,0,0,0,0,0,0,0,0,0,0,0,0,0
15479475.39,5082890.548,15482475.39,5082890.548,15482475.39,5079890.548,15479475.39,5079890.548,63515106.93,7.87E-09,7.87E-09,905.258198,452.629099,452.629099,0,0,0,0.006451161,0.003225581,,7.13E-06,,7.13E-06,0.5,1,0.5,1,452.629099,452.629099,452.629099,0,0,1,0,7.87E-09,31757553.47
15479475.39,5079890.548,15482475.39,5079890.548,15482475.39,5076890.548,15479475.39,5076890.548,63515106.93,1.57E-08,1.57E-08,4825.042927,289.4354889,4535.607439,0,0,0,0.366543337,0.183271669,,7.60E-05,,7.60E-05,1,2,1,2,2412.521464,289.4354889,4535.607439,0,0,1,0,1.57E-08,63515106.93
15479475.39,5076890.548,15482475.39,5076890.548,15482475.39,5073890.548,15479475.39,5073890.548,63515106.93,7.87E-09,7.87E-09,11354.16646,5677.083228,5677.083228,0,0,0,1.014853805,0.507426903,,8.94E-05,,8.94E-05,0.5,1,0.5,1,5677.083228,5677.083228,5677.083228,0,0,1,0,7.87E-09,31757553.47
15479475.39,5073890.548,15482475.39,5073890.548,15482475.39,5070890.548,15479475.39,5070890.548,63515106.93,0,0,0,3617.550296,5390.305176,0,0,0,0,0.638757172,,0.000141822,,0.000141822,0,2,0,2,4503.927736,3617.550296,5390.305176,0,0,0,0,0,0
15479475.39,5070890.548,15482475.39,5070890.548,15482475.39,5067890.548,15479475.39,5067890.548,63515106.93,7.87E-09,7.87E-09,13902.92852,6951.464258,6951.464258,0,0,0,1.521617696,0.760808848,,0.000109446,,0.000109446,0.5,1,0.5,1,6951.464258,6951.464258,6951.464258,0,0,1,0,7.87E-09,31757553.47
15479475.39,5067890.548,15482475.39,5067890.548,15482475.39,5064890.548,15479475.39,5064890.548,63515106.93,3.94E-08,2.36E-08,10014.48964,94.16286376,7698.286185,1.2,1.333333333,1.57E-08,3.947486182,1.973743091,,0.000394177,,0.000394177,2.5,6,1.5,5,5007.244821,662.970026,7698.286185,0.4,0.666666667,3.666666667,1,3.000000016,63515107.93
15479475.39,5064890.548,15482475.39,5064890.548,15482475.39,5061890.548,15479475.39,5061890.548,63515106.93,3.15E-08,1.57E-08,12435.08872,463.9590199,8902.068862,1.5,2,1.57E-08,4.869122924,2.434561462,,0.000391563,,0.000391563,2,5,1,4,6217.544362,463.9590199,8990.242005,0.5,1,3.5,1,3.000000008,31757554.47
15479475.39,5061890.548,15482475.39,5061890.548,15482475.39,5058890.548,15479475.39,5058890.548,63515106.93,3.94E-08,2.36E-08,10797.93658,1252.730139,5900.273503,1.2,1.333333333,1.57E-08,4.589279625,1.912199844,,0.000425015,,0.000425015,2.5,7,1.5,6,4499.140243,1252.730139,7258.756306,0.4,0.666666667,3.666666667,1,3.000000016,63515107.93
15479475.39,5058890.548,15482475.39,5058890.548,15482475.39,5055890.548,15479475.39,5055890.548,63515106.93,2.36E-08,2.36E-08,8154.159162,1358.830943,7986.957723,0,0,0,1.57026371,0.785131855,,0.000192572,,0.000192572,1.5,3,1.5,3,4077.079581,1358.830943,7986.957738,0,0,1,0,2.36E-08,95272660.4
15479475.39,5055890.548,15482475.39,5055890.548,15482475.39,5052890.548,15479475.39,5052890.548,63515106.93,1.57E-08,1.57E-08,13600.27447,2641.955555,6631.485315,0,0,0,2.912180655,0.970726885,,0.000214127,,0.000214127,1,3,1,3,4533.424824,2641.955555,6631.48528,0,0,1,0,1.57E-08,63515106.93
15479475.39,5052890.548,15482475.39,5052890.548,15482475.39,5049890.548,15479475.39,5049890.548,63515106.93,3.15E-08,3.15E-08,6178.01805,737.4853365,8316.738592,0,0,0,1.201852878,0.600926439,,0.000194537,,0.000194537,2,4,2,4,3089.009025,737.4853365,8316.738592,0,0,1,0,3.15E-08,127030213.9
15479475.39,5049890.548,15482475.39,5049890.548,15482475.39,5046890.548,15479475.39,5046890.548,63515106.93,5.51E-08,5.51E-08,7458.427824,506.1851566,7490.74908,0,0,0,3.065388992,1.532694496,,0.000410997,,0.000410997,3.5,7,3.5,7,3729.213912,506.1851566,7490.74908,0,0,1,0,5.51E-08,222302874.3
15479475.39,5046890.548,15482475.39,5046890.548,15482475.39,5043890.548,15479475.39,5043890.548,63515106.93,3.15E-08,3.15E-08,7661.547971,4645.289144,5500.554535,0,0,0,1.848357663,1.232238442,,0.000241251,,0.000241251,2,3,2,3,5107.698647,4645.289144,5500.554535,0,0,1,0,3.15E-08,127030213.9
15479475.39,5043890.548,15482475.39,5043890.548,15482475.39,5040890.548,15479475.39,5040890.548,63515106.93,3.94E-08,3.94E-08,4430.950559,394.75846,3618.876406,0,0,0,0.772781619,0.386390809,,0.000174405,,0.000174405,2.5,5,2.5,5,2215.475279,394.75846,3618.876406,0,0,1,0,3.94E-08,158787767.3
15479475.39,5040890.548,15482475.39,5040890.548,15482475.39,5037890.548,15479475.39,5037890.548,63515106.93,2.36E-08,2.36E-08,4527.717957,1111.395511,2899.45719,0,0,0,0.48414222,0.24207111,,0.000106929,,0.000106929,1.5,3,1.5,3,2263.858978,1111.395511,2899.45719,0,0,1,0,2.36E-08,95272660.4
15479475.39,5037890.548,15482475.39,5037890.548,15482475.39,5034890.548,15479475.39,5034890.548,63515106.93,2.36E-08,2.36E-08,4354.939568,1303.4585,3075.991384,0,0,0,0.447897348,0.223948674,,0.000102848,,0.000102848,1.5,3,1.5,3,2177.469784,1303.4585,3075.991384,0,0,1,0,2.36E-08,95272660.4
15479475.39,5034890.548,15482475.39,5034890.548,15482475.39,5031890.548,15479475.39,5031890.548,63515106.93,7.87E-09,7.87E-09,7867.444956,3933.722478,3933.722478,0,0,0,0.487259592,0.243629796,,6.19E-05,,6.19E-05,0.5,1,0.5,1,3933.722478,3933.722478,3933.722478,0,0,1,0,7.87E-09,31757553.47
15479475.39,5031890.548,15482475.39,5031890.548,15482475.39,5028890.548,15479475.39,5028890.548,63515106.93,2.36E-08,2.36E-08,11089.87778,1178.674423,8027.132148,0,0,0,2.904475684,1.089178381,,0.000261903,,0.000261903,1.5,4,1.5,4,4158.704166,1178.674423,8027.132148,0,0,1,0,2.36E-08,95272660.4
15479475.39,5028890.548,15482475.39,5028890.548,15482475.39,5025890.548,15479475.39,5025890.548,63515106.93,3.15E-08,3.15E-08,10941.17003,1896.862695,8579.810787,0,0,0,3.769471778,1.884735889,,0.000344522,,0.000344522,2,4,2,4,5470.585013,1896.862695,8579.810787,0,0,1,0,3.15E-08,127030213.9
15479475.39,5025890.548,15482475.39,5025890.548,15482475.39,5022890.548,15479475.39,5022890.548,63515106.93,3.94E-08,3.94E-08,9718.614528,1928.34909,6854.094731,0,0,0,3.717677294,1.549032206,,0.000382532,,0.000382532,2.5,6,2.5,6,4049.42272,1928.34909,6854.094731,0,0,1,0,3.94E-08,158787767.3
15479475.39,5022890.548,15482475.39,5022890.548,15482475.39,5019890.548,15479475.39,5019890.548,63515106.93,4.72E-08,4.72E-08,6149.457281,874.402851,6114.669641,0,0,0,1.786149469,1.071689682,,0.000290456,,0.000290456,3,5,3,5,3689.674368,874.402851,6114.669641,0,0,1,0,4.72E-08,190545320.8
15479475.39,5019890.548,15482475.39,5019890.548,15482475.39,5016890.548,15479475.39,5016890.548,63515106.93,4.72E-08,4.72E-08,6097.437432,625.9802394,6742.024232,0,0,0,1.756058284,1.053634971,,0.000287999,,0.000287999,3,5,3,5,3658.462459,625.9802394,6742.024232,0,0,1,0,4.72E-08,190545320.8
15479475.39,5016890.548,15482475.39,5016890.548,15482475.39,5013890.548,15479475.39,5013890.548,63515106.93,4.72E-08,4.72E-08,6580.893821,229.8990843,8564.87464,0,0,0,2.045568318,1.022784159,,0.000310834,,0.000310834,3,6,3,6,3290.446911,229.8990843,8564.87464,0,0,1,0,4.72E-08,190545320.8
15479475.39,5013890.548,15482475.39,5013890.548,15482475.39,5010890.548,15479475.39,5010890.548,63515106.93,4.72E-08,4.72E-08,5497.250766,383.1936224,6315.420342,0,0,0,1.427365903,0.856419542,,0.000259651,,0.000259651,3,5,3,5,3298.35046,383.1936947,6315.420342,0,0,1,0,4.72E-08,190545320.8
15479475.39,5010890.548,15482475.39,5010890.548,15482475.39,5007890.548,15479475.39,5007890.548,63515106.93,5.51E-08,3.94E-08,6674.884039,1828.383602,6281.875269,0.857142857,0.8,1.57E-08,2.455152432,1.718606702,,0.000367819,,0.000367819,3.5,6,2.5,5,4672.418827,3309.985209,6281.875269,0.285714286,0.4,3.8,1,3.000000031,127030214.9
15479475.39,5007890.548,15482475.39,5007890.548,15482475.39,5004890.548,15479475.39,5004890.548,63515106.93,7.87E-08,4.72E-08,4748.779903,102.8946664,5348.315055,1.2,1.333333333,3.15E-08,1.775239912,1.109524945,,0.000373831,,0.000373831,5,10,3,8,2967.987439,102.8946664,8586.912671,0.4,0.666666667,6.666666667,2,6.000000031,127030215.9
15479475.39,5004890.548,15482475.39,5004890.548,15482475.39,5001890.548,15479475.39,5001890.548,63515106.93,8.66E-08,5.51E-08,4193.432128,833.3410616,5207.665438,1.090909091,1.142857143,3.15E-08,1.522736971,1.196436192,,0.000363124,,0.000363124,5.5,9,3.5,7,3294.839529,833.3410616,6478.706667,0.363636364,0.571428571,6.714285714,2,6.000000039,158787769.3
15479475.39,5001890.548,15482475.39,5001890.548,15482475.39,4998890.548,15479475.39,4998890.548,63515106.93,1.57E-08,1.57E-08,10222.54896,2589.853497,4277.615498,0,0,0,1.64528586,0.54842862,,0.000160947,,0.000160947,1,3,1,3,3407.516322,2589.853497,4277.615498,0,0,1,0,1.57E-08,63515106.93
15479475.39,4998890.548,15482475.39,4998890.548,15482475.39,4995890.548,15479475.39,4995890.548,63515106.93,7.87E-09,7.87E-09,3921.098041,1960.54902,1960.54902,0,0,0,0.121034275,0.060517138,,3.09E-05,,3.09E-05,0.5,1,0.5,1,1960.54902,1960.54902,1960.54902,0,0,1,0,7.87E-09,31757553.47
15479475.39,4995890.548,15482475.39,4995890.548,15482475.39,4992890.548,15479475.39,4992890.548,63515106.93,0,0,0,0,0,0,0,0,0,0,,0,,0,0,0,0,0,0,0,0,0,0,0,0,0,0
15479475.39,4992890.548,15482475.39,4992890.548,15482475.39,4989890.548,15479475.39,4989890.548,63515106.93,0,0,0,0,0,0,0,0,0,0,,0,,0,0,0,0,0,0,0,0,0,0,0,0,0,0
15479475.39,4989890.548,15482475.39,4989890.548,15482475.39,4986890.548,15479475.39,4986890.548,63515106.93,0,0,0,0,0,0,0,0,0,0,,0,,0,0,0,0,0,0,0,0,0,0,0,0,0,0
15479475.39,4986890.548,15482475.39,4986890.548,15482475.39,4983890.548,15479475.39,4983890.548,63515106.93,1.57E-08,1.57E-08,3221.988701,1135.115778,2086.872922,0,0,0,0.163444757,0.081722378,,5.07E-05,,5.07E-05,1,2,1,2,1610.99435,1135.115778,2086.872922,0,0,1,0,1.57E-08,63515106.93
15479475.39,4983890.548,15482475.39,4983890.548,15482475.39,4980890.548,15479475.39,4980890.548,63515106.93,1.57E-08,1.57E-08,5006.583504,1401.41855,3605.164955,0,0,0,0.394644355,0.197322177,,7.88E-05,,7.88E-05,1,2,1,2,2503.291752,1401.41855,3605.164955,0,0,1,0,1.57E-08,63515106.93
15479475.39,4980890.548,15482475.39,4980890.548,15482475.39,4977890.548,15479475.39,4977890.548,63515106.93,7.87E-09,7.87E-09,10655.5693,5327.784651,5327.784651,0,0,0,0.893812218,0.446906109,,8.39E-05,,8.39E-05,0.5,1,0.5,1,5327.784651,5327.784651,5327.784651,0,0,1,0,7.87E-09,31757553.47
15479475.39,4977890.548,15482475.39,4977890.548,15482475.39,4974890.548,15479475.39,4974890.548,63515106.93,0,0,0,2595.395044,2595.395044,0,0,0,0,0.106054697,,4.09E-05,,4.09E-05,0,1,0,1,2595.395044,2595.395044,2595.395044,0,0,0,0,0,0
15479475.39,4974890.548,15482475.39,4974890.548,15482475.39,4971890.548,15479475.39,4971890.548,63515106.93,0,0,0,2949.924276,2949.924276,0,0,0,0,0.137007614,,4.64E-05,,4.64E-05,0,1,0,1,2949.924276,2949.924276,2949.924276,0,0,0,0,0,0
15479475.39,4971890.548,15482475.39,4971890.548,15482475.39,4968890.548,15479475.39,4968890.548,63515106.93,7.87E-09,7.87E-09,9195.536956,4597.768478,4597.768478,0,0,0,0.665651874,0.332825937,,7.24E-05,,7.24E-05,0.5,1,0.5,1,4597.768478,4597.768478,4597.768478,0,0,1,0,7.87E-09,31757553.47
15479475.39,4968890.548,15482475.39,4968890.548,15482475.39,4965890.548,15479475.39,4965890.548,63515106.93,7.87E-09,7.87E-09,6136.243492,3068.121746,3068.121746,0,0,0,0.296413609,0.148206805,,4.83E-05,,4.83E-05,0.5,1,0.5,1,3068.121746,3068.121746,3068.121746,0,0,1,0,7.87E-09,31757553.47
15479475.39,4965890.548,15482475.39,4965890.548,15482475.39,4962890.548,15479475.39,4962890.548,63515106.93,7.87E-09,7.87E-09,551.0980044,275.5490022,275.5490022,0,0,0,0.002390841,0.00119542,,4.34E-06,,4.34E-06,0.5,1,0.5,1,275.5490022,275.5490022,275.5490022,0,0,1,0,7.87E-09,31757553.47
15479475.39,4962890.548,15482475.39,4962890.548,15482475.39,4959890.548,15479475.39,4959890.548,63515106.93,0,0,0,0,0,0,0,0,0,0,,0,,0,0,0,0,0,0,0,0,0,0,0,0,0,0
15479475.39,4959890.548,15482475.39,4959890.548,15482475.39,4956890.548,15479475.39,4956890.548,63515106.93,0,0,0,0,0,0,0,0,0,0,,0,,0,0,0,0,0,0,0,0,0,0,0,0,0,0
15479475.39,4956890.548,15482475.39,4956890.548,15482475.39,4953890.548,15479475.39,4953890.548,63515106.93,0,0,0,0,0,0,0,0,0,0,,0,,0,0,0,0,0,0,0,0,0,0,0,0,0,0
15479475.39,4953890.548,15482475.39,4953890.548,15482475.39,4950890.548,15479475.39,4950890.548,63515106.93,0,0,0,0,0,0,0,0,0,0,,0,,0,0,0,0,0,0,0,0,0,0,0,0,0,0
15479475.39,4950890.548,15482475.39,4950890.548,15482475.39,4947890.548,15479475.39,4947890.548,63515106.93,0,0,0,0,0,0,0,0,0,0,,0,,0,0,0,0,0,0,0,0,0,0,0,0,0,0
15479475.39,4947890.548,15482475.39,4947890.548,15482475.39,4944890.548,15479475.39,4944890.548,63515106.93,0,0,0,0,0,0,0,0,0,0,,0,,0,0,0,0,0,0,0,0,0,0,0,0,0,0
15479475.39,4944890.548,15482475.39,4944890.548,15482475.39,4941890.548,15479475.39,4941890.548,63515106.93,0,0,0,0,0,0,0,0,0,0,,0,,0,0,0,0,0,0,0,0,0,0,0,0,0,0
15482475.39,5121890.548,15485475.39,5121890.548,15485475.39,5118890.548,15482475.39,5118890.548,63515106.93,0,0,0,0,0,0,0,0,0,0,,0,,0,0,0,0,0,0,0,0,0,0,0,0,0,0
15482475.39,5118890.548,15485475.39,5118890.548,15485475.39,5115890.548,15482475.39,5115890.548,63515106.93,0,0,0,0,0,0,0,0,0,0,,0,,0,0,0,0,0,0,0,0,0,0,0,0,0,0
15482475.39,5115890.548,15485475.39,5115890.548,15485475.39,5112890.548,15482475.39,5112890.548,63515106.93,0,0,0,0,0,0,0,0,0,0,,0,,0,0,0,0,0,0,0,0,0,0,0,0,0,0
15482475.39,5112890.548,15485475.39,5112890.548,15485475.39,5109890.548,15482475.39,5109890.548,63515106.93,0,0,0,0,0,0,0,0,0,0,,0,,0,0,0,0,0,0,0,0,0,0,0,0,0,0
15482475.39,5109890.548,15485475.39,5109890.548,15485475.39,5106890.548,15482475.39,5106890.548,63515106.93,0,0,0,0,0,0,0,0,0,0,,0,,0,0,0,0,0,0,0,0,0,0,0,0,0,0
15482475.39,5106890.548,15485475.39,5106890.548,15485475.39,5103890.548,15482475.39,5103890.548,63515106.93,0,0,0,0,0,0,0,0,0,0,,0,,0,0,0,0,0,0,0,0,0,0,0,0,0,0
15482475.39,5103890.548,15485475.39,5103890.548,15485475.39,5100890.548,15482475.39,5100890.548,63515106.93,0,0,0,0,0,0,0,0,0,0,,0,,0,0,0,0,0,0,0,0,0,0,0,0,0,0
15482475.39,5100890.548,15485475.39,5100890.548,15485475.39,5097890.548,15482475.39,5097890.548,63515106.93,0,0,0,0,0,0,0,0,0,0,,0,,0,0,0,0,0,0,0,0,0,0,0,0,0,0
15482475.39,5097890.548,15485475.39,5097890.548,15485475.39,5094890.548,15482475.39,5094890.548,63515106.93,0,0,0,0,0,0,0,0,0,0,,0,,0,0,0,0,0,0,0,0,0,0,0,0,0,0
15482475.39,5094890.548,15485475.39,5094890.548,15485475.39,5091890.548,15482475.39,5091890.548,63515106.93,0,0,0,0,0,0,0,0,0,0,,0,,0,0,0,0,0,0,0,0,0,0,0,0,0,0
15482475.39,5091890.548,15485475.39,5091890.548,15485475.39,5088890.548,15482475.39,5088890.548,63515106.93,0,0,0,0,0,0,0,0,0,0,,0,,0,0,0,0,0,0,0,0,0,0,0,0,0,0
15482475.39,5088890.548,15485475.39,5088890.548,15485475.39,5085890.548,15482475.39,5085890.548,63515106.93,7.87E-09,7.87E-09,2874.49997,1437.249985,1437.249985,0,0,0,0.06504555,0.032522775,,2.26E-05,,2.26E-05,0.5,1,0.5,1,1437.249985,1437.249985,1437.249985,0,0,1,0,7.87E-09,31757553.47
15482475.39,5085890.548,15485475.39,5085890.548,15485475.39,5082890.548,15482475.39,5082890.548,63515106.93,7.87E-09,7.87E-09,4177.045837,2088.522919,2088.522919,0,0,0,0.137350882,0.068675441,,3.29E-05,,3.29E-05,0.5,1,0.5,1,2088.522919,2088.522919,2088.522919,0,0,1,0,7.87E-09,31757553.47
15482475.39,5082890.548,15485475.39,5082890.548,15485475.39,5079890.548,15482475.39,5079890.548,63515106.93,7.87E-09,7.87E-09,2565.090542,1282.545271,1282.545271,0,0,0,0.051796256,0.025898128,,2.02E-05,,2.02E-05,0.5,1,0.5,1,1282.545271,1282.545271,1282.545271,0,0,1,0,7.87E-09,31757553.47
15482475.39,5079890.548,15485475.39,5079890.548,15485475.39,5076890.548,15482475.39,5076890.548,63515106.93,1.57E-08,1.57E-08,9984.768422,3329.335656,6655.432765,0,0,0,1.569636032,0.784818016,,0.000157203,,0.000157203,1,2,1,2,4992.384211,3329.335656,6655.432765,0,0,1,0,1.57E-08,63515106.93
15482475.39,5076890.548,15485475.39,5076890.548,15485475.39,5073890.548,15482475.39,5073890.548,63515106.93,1.57E-08,1.57E-08,12518.32638,3800.818396,8717.50798,0,0,0,2.467263346,1.233631673,,0.000197092,,0.000197092,1,2,1,2,6259.163188,3800.818396,8717.50798,0,0,1,0,1.57E-08,63515106.93
15482475.39,5073890.548,15485475.39,5073890.548,15485475.39,5070890.548,15482475.39,5070890.548,63515106.93,7.87E-09,7.87E-09,17607.16121,1419.131314,7384.44929,0,0,0,2.440459764,0.610114941,,0.000138606,,0.000138606,0.5,2,0.5,2,4401.790302,1419.131314,7384.44929,0,0,1,0,7.87E-09,31757553.47
15482475.39,5070890.548,15485475.39,5070890.548,15485475.39,5067890.548,15482475.39,5067890.548,63515106.93,7.87E-09,7.87E-09,7722.294676,3861.147338,3861.147338,0,0,0,0.469446073,0.234723037,,6.08E-05,,6.08E-05,0.5,1,0.5,1,3861.147338,3861.147338,3861.147338,0,0,1,0,7.87E-09,31757553.47
15482475.39,5067890.548,15485475.39,5067890.548,15485475.39,5064890.548,15482475.39,5064890.548,63515106.93,3.15E-08,1.57E-08,10957.14635,2743.471355,5683.518495,1.5,2,1.57E-08,3.780488197,1.890244099,,0.000345025,,0.000345025,2,5,1,4,5478.573173,3107.303448,7985.252821,0.5,1,3.5,1,3.000000008,31757554.47
15482475.39,5064890.548,15485475.39,5064890.548,15485475.39,5061890.548,15482475.39,5061890.548,63515106.93,2.36E-08,7.87E-09,16173.9137,2172.645167,8953.015838,2,4,1.57E-08,6.177951129,3.088975565,,0.00038197,,0.00038197,1.5,4,0.5,3,8086.95685,6451.448956,8953.015838,0.666666667,2,3,1,3,1
15482475.39,5061890.548,15485475.39,5061890.548,15485475.39,5058890.548,15482475.39,5058890.548,63515106.93,2.36E-08,7.87E-09,16052.21531,72.98760626,7615.987259,2,4,1.57E-08,6.085330615,1.825599185,,0.000379096,,0.000379096,1.5,6,0.5,5,4815.664594,72.98760626,7615.987259,0.666666667,2,3,1,3,1
15482475.39,5058890.548,15485475.39,5058890.548,15485475.39,5055890.548,15482475.39,5055890.548,63515106.93,2.36E-08,7.87E-09,6170.452892,255.3820295,8734.604745,2,4,1.57E-08,0.899183456,0.674387592,,0.000145724,,0.000145724,1.5,3,0.5,2,4627.839669,265.6925613,8989.986777,0.666666667,2,3,1,3,1
15482475.39,5055890.548,15485475.39,5055890.548,15485475.39,5052890.548,15482475.39,5052890.548,63515106.93,1.57E-08,1.57E-08,13193.34666,158.5782096,6599.439122,0,0,0,2.740519612,0.685129903,,0.00020772,,0.00020772,1,4,1,4,3298.336666,158.5782096,6599.438924,0,0,1,0,1.57E-08,63515106.93
15482475.39,5052890.548,15485475.39,5052890.548,15485475.39,5049890.548,15482475.39,5049890.548,63515106.93,3.15E-08,3.15E-08,11235.65955,1964.912725,8918.806758,0,0,0,3.975118728,1.590047491,,0.000353795,,0.000353795,2,5,2,5,4494.26382,1964.912725,8918.806758,0,0,1,0,3.15E-08,127030213.9
15482475.39,5049890.548,15485475.39,5049890.548,15485475.39,5046890.548,15482475.39,5046890.548,63515106.93,4.72E-08,4.72E-08,10658.6759,1198.37722,7744.383977,0,0,0,5.366000822,2.299714638,,0.00050344,,0.00050344,3,7,3,7,4568.003959,1198.37722,7744.383977,0,0,1,0,4.72E-08,190545320.8
15482475.39,5046890.548,15485475.39,5046890.548,15485475.39,5043890.548,15482475.39,5043890.548,63515106.93,4.72E-08,4.72E-08,7323.752327,2554.860514,5645.312219,0,0,0,2.533445226,1.520067136,,0.000345922,,0.000345922,3,5,3,5,4394.251396,2554.860514,5645.312219,0,0,1,0,4.72E-08,190545320.8
15482475.39,5043890.548,15485475.39,5043890.548,15485475.39,5040890.548,15482475.39,5040890.548,63515106.93,3.94E-08,3.94E-08,5704.417567,1326.076427,4998.333238,0,0,0,1.280812603,0.800507877,,0.00022453,,0.00022453,2.5,4,2.5,4,3565.260979,1326.076427,4998.333238,0,0,1,0,3.94E-08,158787767.3
15482475.39,5040890.548,15485475.39,5040890.548,15485475.39,5037890.548,15482475.39,5037890.548,63515106.93,2.36E-08,2.36E-08,6209.703958,1332.40622,5991.833018,0,0,0,0.91065949,0.455329745,,0.000146651,,0.000146651,1.5,3,1.5,3,3104.851979,1332.40622,5991.833018,0,0,1,0,2.36E-08,95272660.4
15482475.39,5037890.548,15485475.39,5037890.548,15485475.39,5034890.548,15482475.39,5034890.548,63515106.93,1.57E-08,1.57E-08,7946.32809,3235.511783,4710.816306,0,0,0,0.994159235,0.497079617,,0.000125109,,0.000125109,1,2,1,2,3973.164045,3235.511783,4710.816306,0,0,1,0,1.57E-08,63515106.93
15482475.39,5034890.548,15485475.39,5034890.548,15485475.39,5031890.548,15482475.39,5031890.548,63515106.93,1.57E-08,1.57E-08,4193.536744,1150.460622,3043.076122,0,0,0,0.276875082,0.138437541,,6.60E-05,,6.60E-05,1,2,1,2,2096.768372,1150.460622,3043.076122,0,0,1,0,1.57E-08,63515106.93
15482475.39,5031890.548,15485475.39,5031890.548,15485475.39,5028890.548,15482475.39,5028890.548,63515106.93,3.15E-08,3.15E-08,5227.927009,552.5649922,6796.646323,0,0,0,0.860621107,0.430310553,,0.00016462,,0.00016462,2,4,2,4,2613.963504,552.5649922,6796.646323,0,0,1,0,3.15E-08,127030213.9
15482475.39,5028890.548,15485475.39,5028890.548,15485475.39,5025890.548,15482475.39,5025890.548,63515106.93,5.51E-08,5.51E-08,6321.811691,134.8812499,7645.04143,0,0,0,2.202288046,1.284668027,,0.000348363,,0.000348363,3.5,6,3.5,6,3687.723487,134.8812499,7645.04143,0,0,1,0,5.51E-08,222302874.3
15482475.39,5025890.548,15485475.39,5025890.548,15485475.39,5022890.548,15482475.39,5022890.548,63515106.93,7.08E-08,7.08E-08,5838.338384,262.5560146,7269.242578,0,0,0,2.414982597,1.358427711,,0.000413642,,0.000413642,4.5,8,4.5,8,3284.065341,262.5560146,7269.242578,0,0,1,0,7.08E-08,285817981.2
15482475.39,5022890.548,15485475.39,5022890.548,15485475.39,5019890.548,15482475.39,5019890.548,63515106.93,4.72E-08,4.72E-08,8143.683462,1487.580461,6062.554005,0,0,0,3.132463292,1.566231646,,0.000384649,,0.000384649,3,6,3,6,4071.841731,1487.580461,6062.554005,0,0,1,0,4.72E-08,190545320.8
15482475.39,5019890.548,15485475.39,5019890.548,15485475.39,5016890.548,15482475.39,5016890.548,63515106.93,3.94E-08,3.94E-08,7225.084427,1916.57939,6998.778682,0,0,0,2.054701925,1.284188703,,0.000284384,,0.000284384,2.5,4,2.5,4,4515.677767,1916.57939,6998.778682,0,0,1,0,3.94E-08,158787767.3
15482475.39,5016890.548,15485475.39,5016890.548,15485475.39,5013890.548,15482475.39,5013890.548,63515106.93,1.57E-08,1.57E-08,12967.84643,2008.252152,6959.051161,0,0,0,2.647638476,0.882546159,,0.000204169,,0.000204169,1,3,1,3,4322.615476,2008.252152,6959.051161,0,0,1,0,1.57E-08,63515106.93
15482475.39,5013890.548,15485475.39,5013890.548,15485475.39,5010890.548,15482475.39,5010890.548,63515106.93,2.36E-08,2.36E-08,10058.81847,688.0032273,5483.385381,0,0,0,2.389506228,0.716851868,,0.000237553,,0.000237553,1.5,5,1.5,5,3017.645542,688.0032273,5483.385381,0,0,1,0,2.36E-08,95272660.4
15482475.39,5010890.548,15485475.39,5010890.548,15485475.39,5007890.548,15482475.39,5007890.548,63515106.93,5.51E-08,3.94E-08,6024.636916,1044.714731,7518.642609,0.857142857,0.8,1.57E-08,2.000104873,1.400073411,,0.000331988,,0.000331988,3.5,6,2.5,5,4217.245841,1342.911886,7518.642609,0.285714286,0.4,3.8,1,3.000000031,127030214.9
15482475.39,5007890.548,15485475.39,5007890.548,15485475.39,5004890.548,15482475.39,5004890.548,63515106.93,5.51E-08,3.94E-08,6728.644309,2393.631929,5857.068127,0.857142857,0.8,1.57E-08,2.494859845,1.746401891,,0.000370782,,0.000370782,3.5,6,2.5,5,4710.051016,2393.631929,7438.580493,0.285714286,0.4,3.8,1,3.000000031,127030214.9
15482475.39,5004890.548,15485475.39,5004890.548,15485475.39,5001890.548,15482475.39,5001890.548,63515106.93,5.51E-08,3.94E-08,5625.193978,1830.940092,5111.312255,0.857142857,0.8,1.57E-08,1.743676912,1.220573838,,0.000309976,,0.000309976,3.5,6,2.5,5,3937.635785,1830.940092,6996.946053,0.285714286,0.4,3.8,1,3.000000031,127030214.9
15482475.39,5001890.548,15485475.39,5001890.548,15485475.39,4998890.548,15482475.39,4998890.548,63515106.93,1.57E-08,1.57E-08,5039.642707,5039.642707,5039.642707,0,0,0,0.399873351,0.399873351,,7.93E-05,,7.93E-05,1,1,1,1,5039.642707,5039.642707,5039.642707,0,0,1,0,1.57E-08,63515106.93
15482475.39,4998890.548,15485475.39,4998890.548,15485475.39,4995890.548,15482475.39,4995890.548,63515106.93,7.87E-09,7.87E-09,5146.238769,2573.119385,2573.119385,0,0,0,0.20848405,0.104242025,,4.05E-05,,4.05E-05,0.5,1,0.5,1,2573.119385,2573.119385,2573.119385,0,0,1,0,7.87E-09,31757553.47
15482475.39,4995890.548,15485475.39,4995890.548,15485475.39,4992890.548,15482475.39,4992890.548,63515106.93,0,0,0,0,0,0,0,0,0,0,,0,,0,0,0,0,0,0,0,0,0,0,0,0,0,0
15482475.39,4992890.548,15485475.39,4992890.548,15485475.39,4989890.548,15482475.39,4989890.548,63515106.93,0,0,0,3560.647791,3560.647791,0,0,0,0,0.199609405,,5.61E-05,,5.61E-05,0,1,0,1,3560.647791,3560.647791,3560.647791,0,0,0,0,0,0
15482475.39,4989890.548,15485475.39,4989890.548,15485475.39,4986890.548,15482475.39,4986890.548,63515106.93,0,0,0,6901.188028,6901.188028,0,0,0,0,0.749843596,,0.000108654,,0.000108654,0,1,0,1,6901.188028,6901.188028,6901.188028,0,0,0,0,0,0
15482475.39,4986890.548,15485475.39,4986890.548,15485475.39,4983890.548,15482475.39,4983890.548,63515106.93,7.87E-09,7.87E-09,12693.0171,6346.508549,6346.508549,0,0,0,1.268302069,0.634151034,,9.99E-05,,9.99E-05,0.5,1,0.5,1,6346.508549,6346.508549,6346.508549,0,0,1,0,7.87E-09,31757553.47
15482475.39,4983890.548,15485475.39,4983890.548,15485475.39,4980890.548,15482475.39,4980890.548,63515106.93,1.57E-08,1.57E-08,4460.248357,579.3354375,3880.912919,0,0,0,0.313213917,0.156606958,,7.02E-05,,7.02E-05,1,2,1,2,2230.124178,579.3354375,3880.912919,0,0,1,0,1.57E-08,63515106.93
15482475.39,4980890.548,15485475.39,4980890.548,15485475.39,4977890.548,15482475.39,4977890.548,63515106.93,7.87E-09,7.87E-09,2146.596019,1073.29801,1073.29801,0,0,0,0.036273846,0.018136923,,1.69E-05,,1.69E-05,0.5,1,0.5,1,1073.29801,1073.29801,1073.29801,0,0,1,0,7.87E-09,31757553.47
15482475.39,4977890.548,15485475.39,4977890.548,15485475.39,4974890.548,15482475.39,4974890.548,63515106.93,0,0,0,3502.220793,3502.220793,0,0,0,0,0.193112333,,5.51E-05,,5.51E-05,0,1,0,1,3502.220793,3502.220793,3502.220793,0,0,0,0,0,0
15482475.39,4974890.548,15485475.39,4974890.548,15485475.39,4971890.548,15482475.39,4971890.548,63515106.93,0,0,0,8168.375538,8168.375538,0,0,0,0,1.050495892,,0.000128605,,0.000128605,0,1,0,1,8168.375538,8168.375538,8168.375538,0,0,0,0,0,0
15482475.39,4971890.548,15485475.39,4971890.548,15485475.39,4968890.548,15482475.39,4968890.548,63515106.93,7.87E-09,7.87E-09,14638.32423,7319.162117,7319.162117,0,0,0,1.68684701,0.843423505,,0.000115235,,0.000115235,0.5,1,0.5,1,7319.162117,7319.162117,7319.162117,0,0,1,0,7.87E-09,31757553.47
15482475.39,4968890.548,15485475.39,4968890.548,15485475.39,4965890.548,15482475.39,4965890.548,63515106.93,7.87E-09,7.87E-09,9429.542175,4714.771087,4714.771087,0,0,0,0.699961552,0.349980776,,7.42E-05,,7.42E-05,0.5,1,0.5,1,4714.771087,4714.771087,4714.771087,0,0,1,0,7.87E-09,31757553.47
15482475.39,4965890.548,15485475.39,4965890.548,15485475.39,4962890.548,15482475.39,4962890.548,63515106.93,0,0,0,0,0,0,0,0,0,0,,0,,0,0,0,0,0,0,0,0,0,0,0,0,0,0
15482475.39,4962890.548,15485475.39,4962890.548,15485475.39,4959890.548,15482475.39,4959890.548,63515106.93,0,0,0,0,0,0,0,0,0,0,,0,,0,0,0,0,0,0,0,0,0,0,0,0,0,0
15482475.39,4959890.548,15485475.39,4959890.548,15485475.39,4956890.548,15482475.39,4956890.548,63515106.93,0,0,0,0,0,0,0,0,0,0,,0,,0,0,0,0,0,0,0,0,0,0,0,0,0,0
15482475.39,4956890.548,15485475.39,4956890.548,15485475.39,4953890.548,15482475.39,4953890.548,63515106.93,0,0,0,0,0,0,0,0,0,0,,0,,0,0,0,0,0,0,0,0,0,0,0,0,0,0
15482475.39,4953890.548,15485475.39,4953890.548,15485475.39,4950890.548,15482475.39,4950890.548,63515106.93,0,0,0,0,0,0,0,0,0,0,,0,,0,0,0,0,0,0,0,0,0,0,0,0,0,0
15482475.39,4950890.548,15485475.39,4950890.548,15485475.39,4947890.548,15482475.39,4947890.548,63515106.93,0,0,0,0,0,0,0,0,0,0,,0,,0,0,0,0,0,0,0,0,0,0,0,0,0,0
15482475.39,4947890.548,15485475.39,4947890.548,15485475.39,4944890.548,15482475.39,4944890.548,63515106.93,0,0,0,0,0,0,0,0,0,0,,0,,0,0,0,0,0,0,0,0,0,0,0,0,0,0
15482475.39,4944890.548,15485475.39,4944890.548,15485475.39,4941890.548,15482475.39,4941890.548,63515106.93,0,0,0,0,0,0,0,0,0,0,,0,,0,0,0,0,0,0,0,0,0,0,0,0,0,0
15485475.39,5121890.548,15488475.39,5121890.548,15488475.39,5118890.548,15485475.39,5118890.548,63515106.93,0,0,0,0,0,0,0,0,0,0,,0,,0,0,0,0,0,0,0,0,0,0,0,0,0,0
15485475.39,5118890.548,15488475.39,5118890.548,15488475.39,5115890.548,15485475.39,5115890.548,63515106.93,0,0,0,0,0,0,0,0,0,0,,0,,0,0,0,0,0,0,0,0,0,0,0,0,0,0
15485475.39,5115890.548,15488475.39,5115890.548,15488475.39,5112890.548,15485475.39,5112890.548,63515106.93,0,0,0,0,0,0,0,0,0,0,,0,,0,0,0,0,0,0,0,0,0,0,0,0,0,0
15485475.39,5112890.548,15488475.39,5112890.548,15488475.39,5109890.548,15485475.39,5109890.548,63515106.93,0,0,0,0,0,0,0,0,0,0,,0,,0,0,0,0,0,0,0,0,0,0,0,0,0,0
15485475.39,5109890.548,15488475.39,5109890.548,15488475.39,5106890.548,15485475.39,5106890.548,63515106.93,0,0,0,0,0,0,0,0,0,0,,0,,0,0,0,0,0,0,0,0,0,0,0,0,0,0
15485475.39,5106890.548,15488475.39,5106890.548,15488475.39,5103890.548,15485475.39,5103890.548,63515106.93,0,0,0,0,0,0,0,0,0,0,,0,,0,0,0,0,0,0,0,0,0,0,0,0,0,0
15485475.39,5103890.548,15488475.39,5103890.548,15488475.39,5100890.548,15485475.39,5100890.548,63515106.93,0,0,0,0,0,0,0,0,0,0,,0,,0,0,0,0,0,0,0,0,0,0,0,0,0,0
15485475.39,5100890.548,15488475.39,5100890.548,15488475.39,5097890.548,15485475.39,5097890.548,63515106.93,0,0,0,0,0,0,0,0,0,0,,0,,0,0,0,0,0,0,0,0,0,0,0,0,0,0
15485475.39,5097890.548,15488475.39,5097890.548,15488475.39,5094890.548,15485475.39,5094890.548,63515106.93,0,0,0,0,0,0,0,0,0,0,,0,,0,0,0,0,0,0,0,0,0,0,0,0,0,0
15485475.39,5094890.548,15488475.39,5094890.548,15488475.39,5091890.548,15485475.39,5091890.548,63515106.93,0,0,0,0,0,0,0,0,0,0,,0,,0,0,0,0,0,0,0,0,0,0,0,0,0,0
15485475.39,5091890.548,15488475.39,5091890.548,15488475.39,5088890.548,15485475.39,5088890.548,63515106.93,0,0,0,0,0,0,0,0,0,0,,0,,0,0,0,0,0,0,0,0,0,0,0,0,0,0
15485475.39,5088890.548,15488475.39,5088890.548,15488475.39,5085890.548,15485475.39,5085890.548,63515106.93,7.87E-09,7.87E-09,8059.221899,4029.61095,4029.61095,0,0,0,0.511304009,0.255652005,,6.34E-05,,6.34E-05,0.5,1,0.5,1,4029.61095,4029.61095,4029.61095,0,0,1,0,7.87E-09,31757553.47
15485475.39,5085890.548,15488475.39,5085890.548,15488475.39,5082890.548,15485475.39,5082890.548,63515106.93,7.87E-09,7.87E-09,10388.0108,5194.005399,5194.005399,0,0,0,0.849488992,0.424744496,,8.18E-05,,8.18E-05,0.5,1,0.5,1,5194.005399,5194.005399,5194.005399,0,0,1,0,7.87E-09,31757553.47
15485475.39,5082890.548,15488475.39,5082890.548,15488475.39,5079890.548,15485475.39,5079890.548,63515106.93,1.57E-08,1.57E-08,6498.731836,2494.552414,4004.179422,0,0,0,0.66493654,0.33246827,,0.000102318,,0.000102318,1,2,1,2,3249.365918,2494.552414,4004.179422,0,0,1,0,1.57E-08,63515106.93
15485475.39,5079890.548,15488475.39,5079890.548,15488475.39,5076890.548,15485475.39,5076890.548,63515106.93,7.87E-09,7.87E-09,20704.07613,4619.879199,5732.158866,0,0,0,3.374463093,0.843615773,,0.000162985,,0.000162985,0.5,2,0.5,2,5176.019033,4619.879199,5732.158866,0,0,1,0,7.87E-09,31757553.47
15485475.39,5076890.548,15488475.39,5076890.548,15488475.39,5073890.548,15485475.39,5073890.548,63515106.93,7.87E-09,7.87E-09,31554.87625,7311.827555,8465.610571,0,0,0,7.838373132,1.959593283,,0.000248404,,0.000248404,0.5,2,0.5,2,7888.719063,7311.827555,8465.610571,0,0,1,0,7.87E-09,31757553.47
15485475.39,5073890.548,15488475.39,5073890.548,15488475.39,5070890.548,15485475.39,5070890.548,63515106.93,7.87E-09,7.87E-09,26236.87777,4390.158697,8728.280186,0,0,0,5.418976588,1.354744147,,0.00020654,,0.00020654,0.5,2,0.5,2,6559.219441,4390.158697,8728.280186,0,0,1,0,7.87E-09,31757553.47
15485475.39,5070890.548,15488475.39,5070890.548,15488475.39,5067890.548,15485475.39,5067890.548,63515106.93,1.57E-08,1.57E-08,10038.0083,607.3957298,4880.013523,0,0,0,1.586419603,0.528806534,,0.000158041,,0.000158041,1,3,1,3,3346.002768,607.3957298,4880.013523,0,0,1,0,1.57E-08,63515106.93
15485475.39,5067890.548,15488475.39,5067890.548,15488475.39,5064890.548,15485475.39,5064890.548,63515106.93,3.94E-08,2.36E-08,6532.917189,389.4690119,5941.980153,1.2,1.333333333,1.57E-08,1.679876216,1.049922635,,0.00025714,,0.00025714,2.5,5,1.5,4,4083.073243,389.4690119,8738.950732,0.4,0.666666667,3.666666667,1,3.000000016,63515107.93
15485475.39,5064890.548,15488475.39,5064890.548,15488475.39,5061890.548,15485475.39,5061890.548,63515106.93,3.15E-08,1.57E-08,8885.100746,3341.751704,6164.52205,1.5,2,1.57E-08,2.485865775,1.65724385,,0.000279779,,0.000279779,2,4,1,3,5923.400497,3341.751704,8263.927737,0.5,1,3.5,1,3.000000008,31757554.47
15485475.39,5061890.548,15488475.39,5061890.548,15488475.39,5058890.548,15485475.39,5058890.548,63515106.93,3.15E-08,1.57E-08,8424.714914,3026.899443,5716.256279,1.5,2,1.57E-08,2.234927242,1.489951495,,0.000265282,,0.000265282,2,4,1,3,5616.476609,3026.899443,8106.274106,0.5,1,3.5,1,3.000000008,31757554.47
15485475.39,5058890.548,15488475.39,5058890.548,15488475.39,5055890.548,15485475.39,5055890.548,63515106.93,2.36E-08,7.87E-09,8056.628674,3053.222021,5738.296093,2,4,1.57E-08,1.532925048,1.149693786,,0.000190269,,0.000190269,1.5,3,0.5,2,6042.471505,3293.424896,8791.518114,0.666666667,2,3,1,3,1
15485475.39,5055890.548,15488475.39,5055890.548,15488475.39,5052890.548,15485475.39,5052890.548,63515106.93,2.36E-08,7.87E-09,7694.196906,270.2493689,6313.747602,2,4,1.57E-08,1.398108314,0.699054157,,0.000181709,,0.000181709,1.5,4,0.5,3,3847.098453,500.4422848,6313.747602,0.666666667,2,3,1,3,1
15485475.39,5052890.548,15488475.39,5052890.548,15488475.39,5049890.548,15485475.39,5049890.548,63515106.93,4.72E-08,4.72E-08,8581.638017,669.9978755,8049.26276,0,0,0,3.478440702,2.087064421,,0.000405335,,0.000405335,3,5,3,5,5148.98281,669.9978755,8049.26276,0,0,1,0,4.72E-08,190545320.8
15485475.39,5049890.548,15488475.39,5049890.548,15488475.39,5046890.548,15485475.39,5046890.548,63515106.93,4.72E-08,4.72E-08,9911.247071,1541.794245,7307.14484,0,0,0,4.639816726,2.319908363,,0.000468137,,0.000468137,3,6,3,6,4955.623536,1541.794245,7307.14484,0,0,1,0,4.72E-08,190545320.8
15485475.39,5046890.548,15488475.39,5046890.548,15488475.39,5043890.548,15485475.39,5043890.548,63515106.93,3.15E-08,3.15E-08,9851.070619,3344.251536,4567.235505,0,0,0,3.055764117,1.222305647,,0.000310196,,0.000310196,2,5,2,5,3940.428247,3344.251536,4567.235505,0,0,1,0,3.15E-08,127030213.9
15485475.39,5043890.548,15488475.39,5043890.548,15488475.39,5040890.548,15485475.39,5040890.548,63515106.93,0,0,0,3600.208527,6892.318596,0,0,0,0,0.866668819,,0.000165197,,0.000165197,0,2,0,2,5246.263562,3600.208527,6892.318596,0,0,0,0,0,0
15485475.39,5040890.548,15488475.39,5040890.548,15488475.39,5037890.548,15485475.39,5037890.548,63515106.93,1.57E-08,1.57E-08,12831.78336,3883.43322,8948.350139,0,0,0,2.592370101,1.296185051,,0.000202027,,0.000202027,1,2,1,2,6415.89168,3883.43322,8948.350139,0,0,1,0,1.57E-08,63515106.93
15485475.39,5037890.548,15488475.39,5037890.548,15488475.39,5034890.548,15485475.39,5034890.548,63515106.93,3.15E-08,1.57E-08,7189.728174,883.5409045,6826.085016,1.5,2,1.57E-08,1.627713271,1.08514218,,0.000226394,,0.000226394,2,4,1,3,4793.152116,1352.277081,6826.085016,0.5,1,3.5,1,3.000000008,31757554.47
15485475.39,5034890.548,15488475.39,5034890.548,15488475.39,5031890.548,15485475.39,5031890.548,63515106.93,3.15E-08,1.57E-08,5099.768412,1325.056371,5136.202682,1.5,2,1.57E-08,0.81894337,0.545962247,,0.000160584,,0.000160584,2,4,1,3,3399.845608,1325.056371,6993.29761,0.5,1,3.5,1,3.000000008,31757554.47
15485475.39,5031890.548,15488475.39,5031890.548,15488475.39,5028890.548,15485475.39,5028890.548,63515106.93,3.15E-08,3.15E-08,4328.007532,924.6647629,4111.456082,0,0,0,0.589832879,0.29491644,,0.000136283,,0.000136283,2,4,2,4,2164.003766,924.6647629,4111.456082,0,0,1,0,3.15E-08,127030213.9
15485475.39,5028890.548,15488475.39,5028890.548,15488475.39,5025890.548,15485475.39,5025890.548,63515106.93,4.72E-08,4.72E-08,5788.387866,2634.925701,4434.512452,0,0,0,1.582557396,0.949534438,,0.000273402,,0.000273402,3,5,3,5,3473.032719,2634.925701,4434.512452,0,0,1,0,4.72E-08,190545320.8
15485475.39,5025890.548,15488475.39,5025890.548,15488475.39,5022890.548,15485475.39,5022890.548,63515106.93,5.51E-08,5.51E-08,4796.353866,548.4664869,6758.580008,0,0,0,1.26769111,0.887383777,,0.000264303,,0.000264303,3.5,5,3.5,5,3357.447706,548.4664869,6758.580008,0,0,1,0,5.51E-08,222302874.3
15485475.39,5022890.548,15488475.39,5022890.548,15488475.39,5019890.548,15485475.39,5019890.548,63515106.93,2.36E-08,2.36E-08,10068.44345,306.9178414,5440.892508,0,0,0,2.394081308,0.718224393,,0.000237781,,0.000237781,1.5,5,1.5,5,3020.533036,306.9178414,5440.892508,0,0,1,0,2.36E-08,95272660.4
15485475.39,5019890.548,15488475.39,5019890.548,15488475.39,5016890.548,15485475.39,5016890.548,63515106.93,1.57E-08,1.57E-08,7804.149006,2183.14308,2961.857562,0,0,0,0.958901664,0.319633888,,0.000122871,,0.000122871,1,3,1,3,2601.383002,2183.14308,2961.857562,0,0,1,0,1.57E-08,63515106.93
15485475.39,5016890.548,15488475.39,5016890.548,15488475.39,5013890.548,15485475.39,5013890.548,63515106.93,1.57E-08,1.57E-08,3928.004403,1229.592956,2698.411447,0,0,0,0.242922028,0.121461014,,6.18E-05,,6.18E-05,1,2,1,2,1964.002201,1229.592956,2698.411447,0,0,1,0,1.57E-08,63515106.93
15485475.39,5013890.548,15488475.39,5013890.548,15488475.39,5010890.548,15485475.39,5010890.548,63515106.93,3.94E-08,2.36E-08,4219.76823,283.7074584,7307.596593,1.2,1.333333333,1.57E-08,0.700874358,0.438046474,,0.000166093,,0.000166093,2.5,5,1.5,4,2637.355144,283.7074584,7307.596593,0.4,0.666666667,3.666666667,1,3.000000016,63515107.93
15485475.39,5010890.548,15488475.39,5010890.548,15488475.39,5007890.548,15485475.39,5007890.548,63515106.93,3.15E-08,1.57E-08,12693.60101,1956.554946,8953.519679,1.5,2,1.57E-08,5.073675051,2.536837526,,0.000399703,,0.000399703,2,5,1,4,6346.800507,2844.698537,8953.519679,0.5,1,3.5,1,3.000000008,31757554.47
15485475.39,5007890.548,15488475.39,5007890.548,15488475.39,5004890.548,15485475.39,5004890.548,63515106.93,5.51E-08,3.94E-08,7085.921962,586.1797415,6956.066268,0.857142857,0.8,1.57E-08,2.766838059,1.936786641,,0.00039047,,0.00039047,3.5,6,2.5,5,4960.145374,1219.560798,7520.928511,0.285714286,0.4,3.8,1,3.000000031,127030214.9
15485475.39,5004890.548,15488475.39,5004890.548,15488475.39,5001890.548,15485475.39,5001890.548,63515106.93,2.36E-08,2.36E-08,7898.889647,3217.890481,4865.442415,0,0,0,1.473487033,0.736743517,,0.000186544,,0.000186544,1.5,3,1.5,3,3949.444823,3217.890481,4865.442415,0,0,1,0,2.36E-08,95272660.4
15485475.39,5001890.548,15488475.39,5001890.548,15488475.39,4998890.548,15485475.39,4998890.548,63515106.93,1.57E-08,1.57E-08,4033.764748,5.927264699,4027.837483,0,0,0,0.256179338,0.128089669,,6.35E-05,,6.35E-05,1,2,1,2,2016.882374,5.927264699,4027.837483,0,0,1,0,1.57E-08,63515106.93
15485475.39,4998890.548,15488475.39,4998890.548,15488475.39,4995890.548,15485475.39,4995890.548,63515106.93,0,0,0,0,0,0,0,0,0,0,,0,,0,0,0,0,0,0,0,0,0,0,0,0,0,0
15485475.39,4995890.548,15488475.39,4995890.548,15488475.39,4992890.548,15485475.39,4992890.548,63515106.93,0,0,0,6264.422471,6264.422471,0,0,0,0,0.617852835,,9.86E-05,,9.86E-05,0,1,0,1,6264.422471,6264.422471,6264.422471,0,0,0,0,0,0
15485475.39,4992890.548,15488475.39,4992890.548,15488475.39,4989890.548,15485475.39,4989890.548,63515106.93,0,0,0,8331.018085,8331.018085,0,0,0,0,1.092745737,,0.000131166,,0.000131166,0,1,0,1,8331.018085,8331.018085,8331.018085,0,0,0,0,0,0
15485475.39,4989890.548,15488475.39,4989890.548,15488475.39,4986890.548,15485475.39,4986890.548,63515106.93,0,0,0,8994.172848,8994.172848,0,0,0,0,1.273636291,,0.000141607,,0.000141607,0,1,0,1,8994.172848,8994.172848,8994.172848,0,0,0,0,0,0
15485475.39,4986890.548,15488475.39,4986890.548,15488475.39,4983890.548,15485475.39,4983890.548,63515106.93,7.87E-09,7.87E-09,15454.39074,7727.195368,7727.195368,0,0,0,1.880168393,0.940084196,,0.000121659,,0.000121659,0.5,1,0.5,1,7727.195368,7727.195368,7727.195368,0,0,1,0,7.87E-09,31757553.47
15485475.39,4983890.548,15488475.39,4983890.548,15488475.39,4980890.548,15485475.39,4980890.548,63515106.93,7.87E-09,7.87E-09,8853.791846,4426.895923,4426.895923,0,0,0,0.617094372,0.308547186,,6.97E-05,,6.97E-05,0.5,1,0.5,1,4426.895923,4426.895923,4426.895923,0,0,1,0,7.87E-09,31757553.47
15485475.39,4980890.548,15488475.39,4980890.548,15488475.39,4977890.548,15485475.39,4977890.548,63515106.93,1.57E-08,1.57E-08,6078.439594,629.6807129,5448.758881,0,0,0,0.581710867,0.290855433,,9.57E-05,,9.57E-05,1,2,1,2,3039.219797,629.6807129,5448.758881,0,0,1,0,1.57E-08,63515106.93
15485475.39,4977890.548,15488475.39,4977890.548,15488475.39,4974890.548,15485475.39,4974890.548,63515106.93,0,0,0,8420.543379,8420.543379,0,0,0,0,1.116357261,,0.000132575,,0.000132575,0,1,0,1,8420.543379,8420.543379,8420.543379,0,0,0,0,0,0
15485475.39,4974890.548,15488475.39,4974890.548,15488475.39,4971890.548,15485475.39,4971890.548,63515106.93,0,0,0,8999.742466,8999.742466,0,0,0,0,1.275214171,,0.000141695,,0.000141695,0,1,0,1,8999.742466,8999.742466,8999.742466,0,0,0,0,0,0
15485475.39,4971890.548,15488475.39,4971890.548,15488475.39,4968890.548,15485475.39,4968890.548,63515106.93,0,0,0,7748.443896,7748.443896,0,0,0,0,0.945261461,,0.000121994,,0.000121994,0,1,0,1,7748.443896,7748.443896,7748.443896,0,0,0,0,0,0
15485475.39,4968890.548,15488475.39,4968890.548,15488475.39,4965890.548,15485475.39,4965890.548,63515106.93,0,0,0,3078.634695,3078.634695,0,0,0,0,0.149224209,,4.85E-05,,4.85E-05,0,1,0,1,3078.634695,3078.634695,3078.634695,0,0,0,0,0,0
15485475.39,4965890.548,15488475.39,4965890.548,15488475.39,4962890.548,15485475.39,4962890.548,63515106.93,0,0,0,0,0,0,0,0,0,0,,0,,0,0,0,0,0,0,0,0,0,0,0,0,0,0
15485475.39,4962890.548,15488475.39,4962890.548,15488475.39,4959890.548,15485475.39,4959890.548,63515106.93,0,0,0,0,0,0,0,0,0,0,,0,,0,0,0,0,0,0,0,0,0,0,0,0,0,0
15485475.39,4959890.548,15488475.39,4959890.548,15488475.39,4956890.548,15485475.39,4956890.548,63515106.93,0,0,0,0,0,0,0,0,0,0,,0,,0,0,0,0,0,0,0,0,0,0,0,0,0,0
15485475.39,4956890.548,15488475.39,4956890.548,15488475.39,4953890.548,15485475.39,4953890.548,63515106.93,0,0,0,0,0,0,0,0,0,0,,0,,0,0,0,0,0,0,0,0,0,0,0,0,0,0
15485475.39,4953890.548,15488475.39,4953890.548,15488475.39,4950890.548,15485475.39,4950890.548,63515106.93,0,0,0,0,0,0,0,0,0,0,,0,,0,0,0,0,0,0,0,0,0,0,0,0,0,0
15485475.39,4950890.548,15488475.39,4950890.548,15488475.39,4947890.548,15485475.39,4947890.548,63515106.93,0,0,0,0,0,0,0,0,0,0,,0,,0,0,0,0,0,0,0,0,0,0,0,0,0,0
15485475.39,4947890.548,15488475.39,4947890.548,15488475.39,4944890.548,15485475.39,4944890.548,63515106.93,0,0,0,0,0,0,0,0,0,0,,0,,0,0,0,0,0,0,0,0,0,0,0,0,0,0
15485475.39,4944890.548,15488475.39,4944890.548,15488475.39,4941890.548,15485475.39,4941890.548,63515106.93,0,0,0,0,0,0,0,0,0,0,,0,,0,0,0,0,0,0,0,0,0,0,0,0,0,0
15488475.39,5121890.548,15491475.39,5121890.548,15491475.39,5118890.548,15488475.39,5118890.548,63515106.93,0,0,0,0,0,0,0,0,0,0,,0,,0,0,0,0,0,0,0,0,0,0,0,0,0,0
15488475.39,5118890.548,15491475.39,5118890.548,15491475.39,5115890.548,15488475.39,5115890.548,63515106.93,0,0,0,0,0,0,0,0,0,0,,0,,0,0,0,0,0,0,0,0,0,0,0,0,0,0
15488475.39,5115890.548,15491475.39,5115890.548,15491475.39,5112890.548,15488475.39,5112890.548,63515106.93,0,0,0,0,0,0,0,0,0,0,,0,,0,0,0,0,0,0,0,0,0,0,0,0,0,0
15488475.39,5112890.548,15491475.39,5112890.548,15491475.39,5109890.548,15488475.39,5109890.548,63515106.93,0,0,0,0,0,0,0,0,0,0,,0,,0,0,0,0,0,0,0,0,0,0,0,0,0,0
15488475.39,5109890.548,15491475.39,5109890.548,15491475.39,5106890.548,15488475.39,5106890.548,63515106.93,0,0,0,0,0,0,0,0,0,0,,0,,0,0,0,0,0,0,0,0,0,0,0,0,0,0
15488475.39,5106890.548,15491475.39,5106890.548,15491475.39,5103890.548,15488475.39,5103890.548,63515106.93,0,0,0,0,0,0,0,0,0,0,,0,,0,0,0,0,0,0,0,0,0,0,0,0,0,0
15488475.39,5103890.548,15491475.39,5103890.548,15491475.39,5100890.548,15488475.39,5100890.548,63515106.93,0,0,0,0,0,0,0,0,0,0,,0,,0,0,0,0,0,0,0,0,0,0,0,0,0,0
15488475.39,5100890.548,15491475.39,5100890.548,15491475.39,5097890.548,15488475.39,5097890.548,63515106.93,0,0,0,0,0,0,0,0,0,0,,0,,0,0,0,0,0,0,0,0,0,0,0,0,0,0
15488475.39,5097890.548,15491475.39,5097890.548,15491475.39,5094890.548,15488475.39,5094890.548,63515106.93,0,0,0,0,0,0,0,0,0,0,,0,,0,0,0,0,0,0,0,0,0,0,0,0,0,0
15488475.39,5094890.548,15491475.39,5094890.548,15491475.39,5091890.548,15488475.39,5091890.548,63515106.93,0,0,0,0,0,0,0,0,0,0,,0,,0,0,0,0,0,0,0,0,0,0,0,0,0,0
15488475.39,5091890.548,15491475.39,5091890.548,15491475.39,5088890.548,15488475.39,5088890.548,63515106.93,7.87E-09,7.87E-09,1938.125248,969.0626242,969.0626242,0,0,0,0.029570363,0.014785181,,1.53E-05,,1.53E-05,0.5,1,0.5,1,969.0626242,969.0626242,969.0626242,0,0,1,0,7.87E-09,31757553.47
15488475.39,5088890.548,15491475.39,5088890.548,15491475.39,5085890.548,15488475.39,5085890.548,63515106.93,1.57E-08,1.57E-08,7470.726315,1008.492567,6462.233748,0,0,0,0.878716173,0.439358086,,0.000117621,,0.000117621,1,2,1,2,3735.363158,1008.492567,6462.233748,0,0,1,0,1.57E-08,63515106.93
15488475.39,5085890.548,15491475.39,5085890.548,15491475.39,5082890.548,15488475.39,5082890.548,63515106.93,7.87E-09,7.87E-09,16364.25876,8182.129378,8182.129378,0,0,0,2.108073005,1.054036502,,0.000128822,,0.000128822,0.5,1,0.5,1,8182.129378,8182.129378,8182.129378,0,0,1,0,7.87E-09,31757553.47
15488475.39,5082890.548,15491475.39,5082890.548,15491475.39,5079890.548,15488475.39,5079890.548,63515106.93,0,0,0,6612.653329,6612.653329,0,0,0,0,0.688453286,,0.000104112,,0.000104112,0,1,0,1,6612.653329,6612.653329,6612.653329,0,0,0,0,0,0
15488475.39,5079890.548,15491475.39,5079890.548,15491475.39,5076890.548,15488475.39,5076890.548,63515106.93,0,0,0,7084.327426,7084.327426,0,0,0,0,0.790169418,,0.000111538,,0.000111538,0,1,0,1,7084.327426,7084.327426,7084.327426,0,0,0,0,0,0
15488475.39,5076890.548,15491475.39,5076890.548,15491475.39,5073890.548,15488475.39,5073890.548,63515106.93,0,0,0,6357.952382,8973.051716,0,0,0,0,1.850266007,,0.000241376,,0.000241376,0,2,0,2,7665.502049,6357.952382,8973.051716,0,0,0,0,0,0
15488475.39,5073890.548,15491475.39,5073890.548,15491475.39,5070890.548,15488475.39,5070890.548,63515106.93,7.87E-09,7.87E-09,28418.46938,6322.434479,7886.800212,0,0,0,6.357616644,1.589404161,,0.000223714,,0.000223714,0.5,2,0.5,2,7104.617345,6322.434479,7886.800212,0,0,1,0,7.87E-09,31757553.47
15488475.39,5070890.548,15491475.39,5070890.548,15491475.39,5067890.548,15488475.39,5067890.548,63515106.93,7.87E-09,7.87E-09,21796.82536,4093.740999,6804.671991,0,0,0,3.740067668,0.935016917,,0.000171588,,0.000171588,0.5,2,0.5,2,5449.20634,4093.740999,6804.67168,0,0,1,0,7.87E-09,31757553.47
15488475.39,5067890.548,15491475.39,5067890.548,15491475.39,5064890.548,15488475.39,5064890.548,63515106.93,3.94E-08,2.36E-08,4570.147741,93.69962494,8898.181412,1.2,1.333333333,1.57E-08,0.822097741,0.513811088,,0.000179884,,0.000179884,2.5,5,1.5,4,2856.342338,94.91476802,8991.881036,0.4,0.666666667,3.666666667,1,3.000000016,63515107.93
15488475.39,5064890.548,15491475.39,5064890.548,15491475.39,5061890.548,15488475.39,5061890.548,63515106.93,3.15E-08,1.57E-08,7135.802882,126.0100645,6987.965981,1.5,2,1.57E-08,1.603388083,0.801694041,,0.000224696,,0.000224696,2,5,1,4,3567.901441,126.0100645,7128.749656,0.5,1,3.5,1,3.000000008,31757554.47
15488475.39,5061890.548,15491475.39,5061890.548,15491475.39,5058890.548,15488475.39,5058890.548,63515106.93,3.15E-08,1.57E-08,8561.679193,2003.583508,6695.622667,1.5,2,1.57E-08,2.308186324,1.538790883,,0.000269595,,0.000269595,2,4,1,3,5707.786129,2443.340878,8699.206229,0.5,1,3.5,1,3.000000008,31757554.47
15488475.39,5058890.548,15491475.39,5058890.548,15491475.39,5055890.548,15488475.39,5055890.548,63515106.93,2.36E-08,7.87E-09,9738.332942,2604.675201,6321.157231,2,4,1.57E-08,2.239667059,1.679750294,,0.000229985,,0.000229985,1.5,3,0.5,2,7303.749707,6321.157231,8286.342183,0.666666667,2,3,1,3,1
15488475.39,5055890.548,15491475.39,5055890.548,15491475.39,5052890.548,15488475.39,5052890.548,63515106.93,7.87E-09,7.87E-09,14179.13824,3390.953421,3698.615698,0,0,0,1.582678286,0.395669572,,0.00011162,,0.00011162,0.5,2,0.5,2,3544.78456,3390.953421,3698.615698,0,0,1,0,7.87E-09,31757553.47
15488475.39,5052890.548,15491475.39,5052890.548,15491475.39,5049890.548,15488475.39,5049890.548,63515106.93,1.57E-08,1.57E-08,14375.80409,2351.929733,6961.606552,0,0,0,3.25377305,1.084591017,,0.000226337,,0.000226337,1,3,1,3,4791.934696,2351.929733,6961.606552,0,0,1,0,1.57E-08,63515106.93
15488475.39,5049890.548,15491475.39,5049890.548,15491475.39,5046890.548,15488475.39,5046890.548,63515106.93,2.36E-08,2.36E-08,13159.237,3217.037628,8996.478655,0,0,0,4.089551136,1.533581676,,0.000310774,,0.000310774,1.5,4,1.5,4,4934.713876,3217.037628,8996.478655,0,0,1,0,2.36E-08,95272660.4
15488475.39,5046890.548,15491475.39,5046890.548,15491475.39,5043890.548,15488475.39,5043890.548,63515106.93,1.57E-08,1.57E-08,11483.63446,1848.008354,7262.517949,0,0,0,2.076259755,0.692086585,,0.000180802,,0.000180802,1,3,1,3,3827.878153,1848.008354,7262.517949,0,0,1,0,1.57E-08,63515106.93
15488475.39,5043890.548,15491475.39,5043890.548,15491475.39,5040890.548,15488475.39,5040890.548,63515106.93,0,0,0,7809.57044,7809.57044,0,0,0,0,0.960234398,,0.000122956,,0.000122956,0,1,0,1,7809.57044,7809.57044,7809.57044,0,0,0,0,0,0
15488475.39,5040890.548,15491475.39,5040890.548,15491475.39,5037890.548,15488475.39,5037890.548,63515106.93,7.87E-09,7.87E-09,26727.55592,4467.769026,8896.008932,0,0,0,5.623561699,1.405890425,,0.000210403,,0.000210403,0.5,2,0.5,2,6681.888979,4467.769026,8896.008932,0,0,1,0,7.87E-09,31757553.47
15488475.39,5037890.548,15491475.39,5037890.548,15491475.39,5034890.548,15488475.39,5034890.548,63515106.93,3.15E-08,1.57E-08,9194.868253,3014.530773,5317.55335,1.5,2,1.57E-08,2.662220258,1.774813506,,0.000289533,,0.000289533,2,4,1,3,6129.912169,4873.046565,8332.084123,0.5,1,3.5,1,3.000000008,31757554.47
15488475.39,5034890.548,15491475.39,5034890.548,15491475.39,5031890.548,15488475.39,5031890.548,63515106.93,2.36E-08,7.87E-09,8493.4633,3778.767053,4969.864306,2,4,1.57E-08,1.70366364,1.27774773,,0.000200585,,0.000200585,1.5,3,0.5,2,6370.097475,3991.563592,8748.631359,0.666666667,2,3,1,3,1
15488475.39,5031890.548,15491475.39,5031890.548,15491475.39,5028890.548,15488475.39,5028890.548,63515106.93,4.72E-08,3.15E-08,3564.483583,240.626825,5168.291315,1,1,1.57E-08,0.600119113,0.360071468,,0.000168361,,0.000168361,3,6,2,5,2138.69015,240.626825,5889.116442,0.333333333,0.5,3.75,1,3.000000024,95272661.4
15488475.39,5028890.548,15491475.39,5028890.548,15491475.39,5025890.548,15488475.39,5025890.548,63515106.93,4.72E-08,4.72E-08,3009.203273,214.3686151,3124.849603,0,0,0,0.4277079,0.25662474,,0.000142133,,0.000142133,3,5,3,5,1805.521964,214.3686151,3124.849603,0,0,1,0,4.72E-08,190545320.8
15488475.39,5025890.548,15491475.39,5025890.548,15491475.39,5022890.548,15488475.39,5022890.548,63515106.93,3.15E-08,3.15E-08,7653.375624,526.9946181,6930.465081,0,0,0,1.844416589,0.922208295,,0.000240994,,0.000240994,2,4,2,4,3826.687812,526.9946181,6930.465081,0,0,1,0,3.15E-08,127030213.9
15488475.39,5022890.548,15491475.39,5022890.548,15491475.39,5019890.548,15488475.39,5019890.548,63515106.93,2.36E-08,2.36E-08,7288.795834,163.1661802,7792.903322,0,0,0,1.25465926,0.62732963,,0.000172135,,0.000172135,1.5,3,1.5,3,3644.397917,163.1661802,7792.903322,0,0,1,0,2.36E-08,95272660.4
15488475.39,5019890.548,15491475.39,5019890.548,15491475.39,5016890.548,15488475.39,5016890.548,63515106.93,7.87E-09,7.87E-09,10974.68197,5487.340984,5487.340984,0,0,0,0.948149583,0.474074792,,8.64E-05,,8.64E-05,0.5,1,0.5,1,5487.340984,5487.340984,5487.340984,0,0,1,0,7.87E-09,31757553.47
15488475.39,5016890.548,15491475.39,5016890.548,15491475.39,5013890.548,15488475.39,5013890.548,63515106.93,1.57E-08,1.57E-08,5550.514845,2727.674766,2822.84008,0,0,0,0.485053345,0.242526672,,8.74E-05,,8.74E-05,1,2,1,2,2775.257423,2727.674766,2822.84008,0,0,1,0,1.57E-08,63515106.93
15488475.39,5013890.548,15491475.39,5013890.548,15491475.39,5010890.548,15488475.39,5010890.548,63515106.93,3.15E-08,1.57E-08,6488.883992,1242.449505,5415.474616,1.5,2,1.57E-08,1.325845692,0.883897128,,0.000204326,,0.000204326,2,4,1,3,4325.922661,1242.449505,6319.843862,0.5,1,3.5,1,3.000000008,31757554.47
15488475.39,5010890.548,15491475.39,5010890.548,15491475.39,5007890.548,15488475.39,5007890.548,63515106.93,3.15E-08,1.57E-08,10025.78554,4194.7885,6749.64728,1.5,2,1.57E-08,3.165117102,2.110078068,,0.000315698,,0.000315698,2,4,1,3,6683.857024,4238.000193,9063.923598,0.5,1,3.5,1,3.000000008,31757554.47
15488475.39,5007890.548,15491475.39,5007890.548,15491475.39,5004890.548,15488475.39,5004890.548,63515106.93,3.15E-08,1.57E-08,7455.221884,1130.531208,5645.824237,1.5,2,1.57E-08,1.750145312,1.166763542,,0.000234754,,0.000234754,2,4,1,3,4970.147922,1130.531208,8134.088323,0.5,1,3.5,1,3.000000008,31757554.47
15488475.39,5004890.548,15491475.39,5004890.548,15491475.39,5001890.548,15488475.39,5001890.548,63515106.93,7.87E-09,7.87E-09,8516.248444,4258.124222,4258.124222,0,0,0,0.570938876,0.285469438,,6.70E-05,,6.70E-05,0.5,1,0.5,1,4258.124222,4258.124222,4258.124222,0,0,1,0,7.87E-09,31757553.47
15488475.39,5001890.548,15491475.39,5001890.548,15491475.39,4998890.548,15488475.39,4998890.548,63515106.93,0,0,0,0,0,0,0,0,0,0,,0,,0,0,0,0,0,0,0,0,0,0,0,0,0,0
15488475.39,4998890.548,15491475.39,4998890.548,15491475.39,4995890.548,15488475.39,4995890.548,63515106.93,7.87E-09,7.87E-09,5851.80406,2925.90203,2925.90203,0,0,0,0.269570598,0.134785299,,4.61E-05,,4.61E-05,0.5,1,0.5,1,2925.90203,2925.90203,2925.90203,0,0,1,0,7.87E-09,31757553.47
15488475.39,4995890.548,15491475.39,4995890.548,15491475.39,4992890.548,15488475.39,4992890.548,63515106.93,7.87E-09,7.87E-09,11933.20198,5966.60099,5966.60099,0,0,0,1.121003462,0.560501731,,9.39E-05,,9.39E-05,0.5,1,0.5,1,5966.60099,5966.60099,5966.60099,0,0,1,0,7.87E-09,31757553.47
15488475.39,4992890.548,15491475.39,4992890.548,15491475.39,4989890.548,15488475.39,4989890.548,63515106.93,7.87E-09,7.87E-09,16943.61118,8471.805592,8471.805592,0,0,0,2.25998171,1.129990855,,0.000133383,,0.000133383,0.5,1,0.5,1,8471.805592,8471.805592,8471.805592,0,0,1,0,7.87E-09,31757553.47
15488475.39,4989890.548,15491475.39,4989890.548,15491475.39,4986890.548,15488475.39,4986890.548,63515106.93,0,0,0,7595.063154,7595.063154,0,0,0,0,0.908208883,,0.000119579,,0.000119579,0,1,0,1,7595.063154,7595.063154,7595.063154,0,0,0,0,0,0
15488475.39,4986890.548,15491475.39,4986890.548,15491475.39,4983890.548,15488475.39,4983890.548,63515106.93,0,0,0,4530.583487,4530.583487,0,0,0,0,0.323170152,,7.13E-05,,7.13E-05,0,1,0,1,4530.583487,4530.583487,4530.583487,0,0,0,0,0,0
15488475.39,4983890.548,15491475.39,4983890.548,15491475.39,4980890.548,15488475.39,4980890.548,63515106.93,7.87E-09,7.87E-09,4104.862828,2052.431414,2052.431414,0,0,0,0.132644812,0.066322406,,3.23E-05,,3.23E-05,0.5,1,0.5,1,2052.431414,2052.431414,2052.431414,0,0,1,0,7.87E-09,31757553.47
15488475.39,4980890.548,15491475.39,4980890.548,15491475.39,4977890.548,15488475.39,4977890.548,63515106.93,7.87E-09,7.87E-09,10580.45044,5290.225218,5290.225218,0,0,0,0.881254373,0.440627186,,8.33E-05,,8.33E-05,0.5,1,0.5,1,5290.225218,5290.225218,5290.225218,0,0,1,0,7.87E-09,31757553.47
15488475.39,4977890.548,15491475.39,4977890.548,15491475.39,4974890.548,15488475.39,4974890.548,63515106.93,7.87E-09,7.87E-09,15625.34352,7812.671758,7812.671758,0,0,0,1.921994403,0.960997201,,0.000123005,,0.000123005,0.5,1,0.5,1,7812.671758,7812.671758,7812.671758,0,0,1,0,7.87E-09,31757553.47
15488475.39,4974890.548,15491475.39,4974890.548,15491475.39,4971890.548,15488475.39,4971890.548,63515106.93,0,0,0,7385.815113,7385.815113,0,0,0,0,0.858854964,,0.000116284,,0.000116284,0,1,0,1,7385.815113,7385.815113,7385.815113,0,0,0,0,0,0
15488475.39,4971890.548,15491475.39,4971890.548,15491475.39,4968890.548,15488475.39,4968890.548,63515106.93,0,0,0,2723.869984,2723.869984,0,0,0,0,0.11681422,,4.29E-05,,4.29E-05,0,1,0,1,2723.869984,2723.869984,2723.869984,0,0,0,0,0,0
15488475.39,4968890.548,15491475.39,4968890.548,15491475.39,4965890.548,15488475.39,4965890.548,63515106.93,0,0,0,0,0,0,0,0,0,0,,0,,0,0,0,0,0,0,0,0,0,0,0,0,0,0
15488475.39,4965890.548,15491475.39,4965890.548,15491475.39,4962890.548,15488475.39,4962890.548,63515106.93,0,0,0,0,0,0,0,0,0,0,,0,,0,0,0,0,0,0,0,0,0,0,0,0,0,0
15488475.39,4962890.548,15491475.39,4962890.548,15491475.39,4959890.548,15488475.39,4959890.548,63515106.93,0,0,0,0,0,0,0,0,0,0,,0,,0,0,0,0,0,0,0,0,0,0,0,0,0,0
15488475.39,4959890.548,15491475.39,4959890.548,15491475.39,4956890.548,15488475.39,4956890.548,63515106.93,0,0,0,0,0,0,0,0,0,0,,0,,0,0,0,0,0,0,0,0,0,0,0,0,0,0
15488475.39,4956890.548,15491475.39,4956890.548,15491475.39,4953890.548,15488475.39,4953890.548,63515106.93,0,0,0,0,0,0,0,0,0,0,,0,,0,0,0,0,0,0,0,0,0,0,0,0,0,0
15488475.39,4953890.548,15491475.39,4953890.548,15491475.39,4950890.548,15488475.39,4950890.548,63515106.93,0,0,0,0,0,0,0,0,0,0,,0,,0,0,0,0,0,0,0,0,0,0,0,0,0,0
15488475.39,4950890.548,15491475.39,4950890.548,15491475.39,4947890.548,15488475.39,4947890.548,63515106.93,0,0,0,0,0,0,0,0,0,0,,0,,0,0,0,0,0,0,0,0,0,0,0,0,0,0
15488475.39,4947890.548,15491475.39,4947890.548,15491475.39,4944890.548,15488475.39,4944890.548,63515106.93,0,0,0,0,0,0,0,0,0,0,,0,,0,0,0,0,0,0,0,0,0,0,0,0,0,0
15488475.39,4944890.548,15491475.39,4944890.548,15491475.39,4941890.548,15488475.39,4941890.548,63515106.93,0,0,0,0,0,0,0,0,0,0,,0,,0,0,0,0,0,0,0,0,0,0,0,0,0,0
15491475.39,5121890.548,15494475.39,5121890.548,15494475.39,5118890.548,15491475.39,5118890.548,63515106.93,0,0,0,0,0,0,0,0,0,0,,0,,0,0,0,0,0,0,0,0,0,0,0,0,0,0
15491475.39,5118890.548,15494475.39,5118890.548,15494475.39,5115890.548,15491475.39,5115890.548,63515106.93,0,0,0,0,0,0,0,0,0,0,,0,,0,0,0,0,0,0,0,0,0,0,0,0,0,0
15491475.39,5115890.548,15494475.39,5115890.548,15494475.39,5112890.548,15491475.39,5112890.548,63515106.93,0,0,0,0,0,0,0,0,0,0,,0,,0,0,0,0,0,0,0,0,0,0,0,0,0,0
15491475.39,5112890.548,15494475.39,5112890.548,15494475.39,5109890.548,15491475.39,5109890.548,63515106.93,0,0,0,0,0,0,0,0,0,0,,0,,0,0,0,0,0,0,0,0,0,0,0,0,0,0
15491475.39,5109890.548,15494475.39,5109890.548,15494475.39,5106890.548,15491475.39,5106890.548,63515106.93,0,0,0,0,0,0,0,0,0,0,,0,,0,0,0,0,0,0,0,0,0,0,0,0,0,0
15491475.39,5106890.548,15494475.39,5106890.548,15494475.39,5103890.548,15491475.39,5103890.548,63515106.93,0,0,0,0,0,0,0,0,0,0,,0,,0,0,0,0,0,0,0,0,0,0,0,0,0,0
15491475.39,5103890.548,15494475.39,5103890.548,15494475.39,5100890.548,15491475.39,5100890.548,63515106.93,0,0,0,0,0,0,0,0,0,0,,0,,0,0,0,0,0,0,0,0,0,0,0,0,0,0
15491475.39,5100890.548,15494475.39,5100890.548,15494475.39,5097890.548,15491475.39,5097890.548,63515106.93,0,0,0,0,0,0,0,0,0,0,,0,,0,0,0,0,0,0,0,0,0,0,0,0,0,0
15491475.39,5097890.548,15494475.39,5097890.548,15494475.39,5094890.548,15491475.39,5094890.548,63515106.93,0,0,0,0,0,0,0,0,0,0,,0,,0,0,0,0,0,0,0,0,0,0,0,0,0,0
15491475.39,5094890.548,15494475.39,5094890.548,15494475.39,5091890.548,15491475.39,5091890.548,63515106.93,7.87E-09,7.87E-09,1265.286923,632.6434614,632.6434614,0,0,0,0.012602915,0.006301458,,9.96E-06,,9.96E-06,0.5,1,0.5,1,632.6434614,632.6434614,632.6434614,0,0,1,0,7.87E-09,31757553.47
15491475.39,5091890.548,15494475.39,5091890.548,15494475.39,5088890.548,15491475.39,5088890.548,63515106.93,7.87E-09,7.87E-09,7217.803223,3608.901612,3608.901612,0,0,0,0.410112538,0.205056269,,5.68E-05,,5.68E-05,0.5,1,0.5,1,3608.901612,3608.901612,3608.901612,0,0,1,0,7.87E-09,31757553.47
15491475.39,5088890.548,15494475.39,5088890.548,15494475.39,5085890.548,15491475.39,5085890.548,63515106.93,7.87E-09,7.87E-09,20529.82118,4634.634911,5630.275677,0,0,0,3.317900086,0.829475022,,0.000161614,,0.000161614,0.5,2,0.5,2,5132.455294,4634.634911,5630.275677,0,0,1,0,7.87E-09,31757553.47
15491475.39,5085890.548,15494475.39,5085890.548,15494475.39,5082890.548,15491475.39,5082890.548,63515106.93,0,0,0,8968.166065,8968.166065,0,0,0,0,1.266281463,,0.000141197,,0.000141197,0,1,0,1,8968.166065,8968.166065,8968.166065,0,0,0,0,0,0
15491475.39,5082890.548,15494475.39,5082890.548,15494475.39,5079890.548,15491475.39,5079890.548,63515106.93,0,0,0,7548.325815,7548.325815,0,0,0,0,0.89706568,,0.000118843,,0.000118843,0,1,0,1,7548.325815,7548.325815,7548.325815,0,0,0,0,0,0
15491475.39,5079890.548,15494475.39,5079890.548,15494475.39,5076890.548,15491475.39,5076890.548,63515106.93,0,0,0,1591.309681,1591.309681,0,0,0,0,0.039868728,,2.51E-05,,2.51E-05,0,1,0,1,1591.309681,1591.309681,1591.309681,0,0,0,0,0,0
15491475.39,5076890.548,15494475.39,5076890.548,15494475.39,5073890.548,15491475.39,5073890.548,63515106.93,7.87E-09,7.87E-09,14593.46907,7296.734537,7296.734537,0,0,0,1.676525081,0.83826254,,0.000114882,,0.000114882,0.5,1,0.5,1,7296.734537,7296.734537,7296.734537,0,0,1,0,7.87E-09,31757553.47
15491475.39,5073890.548,15494475.39,5073890.548,15494475.39,5070890.548,15491475.39,5070890.548,63515106.93,1.57E-08,1.57E-08,9323.717879,3305.51557,6018.20231,0,0,0,1.368677773,0.684338886,,0.000146795,,0.000146795,1,2,1,2,4661.85894,3305.51557,6018.20231,0,0,1,0,1.57E-08,63515106.93
15491475.39,5070890.548,15494475.39,5070890.548,15494475.39,5067890.548,15491475.39,5067890.548,63515106.93,2.36E-08,2.36E-08,7116.815785,2118.876593,5342.577995,0,0,0,1.196150082,0.598075041,,0.000168074,,0.000168074,1.5,3,1.5,3,3558.407892,2118.876593,5342.577952,0,0,1,0,2.36E-08,95272660.4
15491475.39,5067890.548,15494475.39,5067890.548,15494475.39,5064890.548,15491475.39,5064890.548,63515106.93,7.87E-09,7.87E-09,13298.9727,6649.486299,6649.486299,0,0,0,1.392288256,0.696144128,,0.000104691,,0.000104691,0.5,1,0.5,1,6649.486352,6649.486352,6649.486352,0,0,1,0,7.87E-09,31757553.47
15491475.39,5064890.548,15494475.39,5064890.548,15494475.39,5061890.548,15491475.39,5061890.548,63515106.93,1.57E-08,1.57E-08,9972.080094,196.3559633,5058.309038,0,0,0,1.565649279,0.521883093,,0.000157003,,0.000157003,1,3,1,3,3324.026698,196.3559633,5058.309259,0,0,1,0,1.57E-08,63515106.93
15491475.39,5061890.548,15494475.39,5061890.548,15494475.39,5058890.548,15491475.39,5058890.548,63515106.93,7.87E-09,7.87E-09,30065.69848,6914.514034,8118.335193,0,0,0,7.115993886,1.778998471,,0.000236681,,0.000236681,0.5,2,0.5,2,7516.42462,6914.514048,8118.335193,0,0,1,0,7.87E-09,31757553.47
15491475.39,5058890.548,15494475.39,5058890.548,15494475.39,5055890.548,15491475.39,5055890.548,63515106.93,7.87E-09,7.87E-09,31436.1035,6977.861307,8740.190566,0,0,0,7.779476814,1.944869204,,0.000247469,,0.000247469,0.5,2,0.5,2,7859.025876,6977.861186,8740.190566,0,0,1,0,7.87E-09,31757553.47
15491475.39,5055890.548,15494475.39,5055890.548,15494475.39,5052890.548,15491475.39,5052890.548,63515106.93,7.87E-09,7.87E-09,9533.29653,899.8129438,3866.835321,0,0,0,0.715449813,0.178862453,,7.50E-05,,7.50E-05,0.5,2,0.5,2,2383.324132,899.8129438,3866.835321,0,0,1,0,7.87E-09,31757553.47
15491475.39,5052890.548,15494475.39,5052890.548,15494475.39,5049890.548,15491475.39,5049890.548,63515106.93,7.87E-09,7.87E-09,12597.70715,2064.806305,4234.047272,0,0,0,1.249326603,0.312331651,,9.92E-05,,9.92E-05,0.5,2,0.5,2,3149.426788,2064.806305,4234.047272,0,0,1,0,7.87E-09,31757553.47
15491475.39,5049890.548,15494475.39,5049890.548,15494475.39,5046890.548,15491475.39,5046890.548,63515106.93,7.87E-09,7.87E-09,19047.07106,929.0657931,8594.469735,0,0,0,2.855941943,0.713985486,,0.000149941,,0.000149941,0.5,2,0.5,2,4761.767764,929.0657931,8594.469735,0,0,1,0,7.87E-09,31757553.47
15491475.39,5046890.548,15494475.39,5046890.548,15494475.39,5043890.548,15491475.39,5043890.548,63515106.93,7.87E-09,7.87E-09,16332.48818,8166.244088,8166.244088,0,0,0,2.099895465,1.049947732,,0.000128572,,0.000128572,0.5,1,0.5,1,8166.244088,8166.244088,8166.244088,0,0,1,0,7.87E-09,31757553.47
15491475.39,5043890.548,15494475.39,5043890.548,15494475.39,5040890.548,15491475.39,5040890.548,63515106.93,0,0,0,3423.920272,8329.420446,0,0,0,0,1.087465838,,0.000185048,,0.000185048,0,2,0,2,5876.670359,3423.920272,8329.420446,0,0,0,0,0,0
15491475.39,5040890.548,15494475.39,5040890.548,15494475.39,5037890.548,15491475.39,5037890.548,63515106.93,0,0,0,5511.054368,8657.835285,0,0,0,0,1.580391215,,0.000223079,,0.000223079,0,2,0,2,7084.444827,5511.054368,8657.835285,0,0,0,0,0,0
15491475.39,5037890.548,15494475.39,5037890.548,15494475.39,5034890.548,15491475.39,5034890.548,63515106.93,2.36E-08,7.87E-09,11077.04356,1930.243381,7935.307388,2,4,1.57E-08,2.897756924,1.448878462,,0.0002616,,0.0002616,1.5,4,0.5,3,5538.521778,2339.492549,7935.307388,0.666666667,2,3,1,3,1
15491475.39,5034890.548,15494475.39,5034890.548,15494475.39,5031890.548,15491475.39,5031890.548,63515106.93,2.36E-08,7.87E-09,10231.98904,1420.54364,7523.243578,2,4,1.57E-08,2.472488944,1.854366708,,0.000241643,,0.000241643,1.5,3,0.5,2,7673.991783,6404.196347,8943.787218,0.666666667,2,3,1,3,1
15491475.39,5031890.548,15494475.39,5031890.548,15494475.39,5028890.548,15491475.39,5028890.548,63515106.93,1.57E-08,1.57E-08,10055.09252,196.4799612,8223.132336,0,0,0,1.59182422,0.530608073,,0.00015831,,0.00015831,1,3,1,3,3351.697506,196.4799612,8223.132209,0,0,1,0,1.57E-08,63515106.93
15491475.39,5028890.548,15494475.39,5028890.548,15494475.39,5025890.548,15491475.39,5025890.548,63515106.93,1.57E-08,1.57E-08,9447.755098,2003.275327,4910.781026,0,0,0,1.405336159,0.468445386,,0.000148748,,0.000148748,1,3,1,3,3149.251699,2003.275327,4910.781026,0,0,1,0,1.57E-08,63515106.93
15491475.39,5025890.548,15494475.39,5025890.548,15494475.39,5022890.548,15491475.39,5022890.548,63515106.93,1.57E-08,1.57E-08,11883.37218,3829.052985,8054.319198,0,0,0,2.223321998,1.111660999,,0.000187095,,0.000187095,1,2,1,2,5941.686091,3829.052985,8054.319198,0,0,1,0,1.57E-08,63515106.93
15491475.39,5022890.548,15494475.39,5022890.548,15494475.39,5019890.548,15491475.39,5019890.548,63515106.93,1.57E-08,1.57E-08,15132.30436,1576.098195,8750.85461,0,0,0,3.605231042,1.201743681,,0.000238247,,0.000238247,1,3,1,3,5044.101452,1576.098195,8750.85461,0,0,1,0,1.57E-08,63515106.93
15491475.39,5019890.548,15494475.39,5019890.548,15494475.39,5016890.548,15491475.39,5016890.548,63515106.93,3.15E-08,3.15E-08,6681.203932,1410.935167,6403.23033,0,0,0,1.405602167,0.702801084,,0.000210382,,0.000210382,2,4,2,4,3340.601966,1410.935167,6403.23033,0,0,1,0,3.15E-08,127030213.9
15491475.39,5016890.548,15494475.39,5016890.548,15494475.39,5013890.548,15491475.39,5013890.548,63515106.93,3.15E-08,3.15E-08,2932.816874,325.9536541,2189.946182,0,0,0,0.270846267,0.135423134,,9.24E-05,,9.24E-05,2,4,2,4,1466.408437,325.9536541,2189.946182,0,0,1,0,3.15E-08,127030213.9
15491475.39,5013890.548,15494475.39,5013890.548,15494475.39,5010890.548,15491475.39,5010890.548,63515106.93,2.36E-08,2.36E-08,5356.763239,77.06217561,5256.468137,0,0,0,0.677671355,0.338835678,,0.000126508,,0.000126508,1.5,3,1.5,3,2678.38162,77.06217561,5256.468131,0,0,1,0,2.36E-08,95272660.4
15491475.39,5010890.548,15494475.39,5010890.548,15494475.39,5007890.548,15491475.39,5007890.548,63515106.93,3.94E-08,2.36E-08,4354.759722,1524.917563,5338.508085,1.2,1.333333333,1.57E-08,0.746433925,0.622028271,,0.000171406,,0.000171406,2.5,4,1.5,3,3628.966435,1900.67619,6863.425648,0.4,0.666666667,3.666666667,1,3.000000016,63515107.93
15491475.39,5007890.548,15494475.39,5007890.548,15494475.39,5004890.548,15491475.39,5004890.548,63515106.93,2.36E-08,7.87E-09,5621.989877,1245.712424,4594.579022,2,4,1.57E-08,0.746439037,0.559829278,,0.000132771,,0.000132771,1.5,3,0.5,2,4216.492408,2592.69337,5840.291446,0.666666667,2,3,1,3,1
15491475.39,5004890.548,15494475.39,5004890.548,15494475.39,5001890.548,15491475.39,5001890.548,63515106.93,0,0,0,0,0,0,0,0,0,0,,0,,0,0,0,0,0,0,0,0,0,0,0,0,0,0
15491475.39,5001890.548,15494475.39,5001890.548,15494475.39,4998890.548,15491475.39,4998890.548,63515106.93,0,0,0,0,0,0,0,0,0,0,,0,,0,0,0,0,0,0,0,0,0,0,0,0,0,0
15491475.39,4998890.548,15494475.39,4998890.548,15494475.39,4995890.548,15491475.39,4995890.548,63515106.93,7.87E-09,7.87E-09,3682.125135,1841.062568,1841.062568,0,0,0,0.106730872,0.053365436,,2.90E-05,,2.90E-05,0.5,1,0.5,1,1841.062568,1841.062568,1841.062568,0,0,1,0,7.87E-09,31757553.47
15491475.39,4995890.548,15494475.39,4995890.548,15494475.39,4992890.548,15491475.39,4992890.548,63515106.93,7.87E-09,7.87E-09,7792.537042,3896.268521,3896.268521,0,0,0,0.478025123,0.239012561,,6.13E-05,,6.13E-05,0.5,1,0.5,1,3896.268521,3896.268521,3896.268521,0,0,1,0,7.87E-09,31757553.47
15491475.39,4992890.548,15494475.39,4992890.548,15494475.39,4989890.548,15491475.39,4989890.548,63515106.93,7.87E-09,7.87E-09,10099.61306,5049.80653,5049.80653,0,0,0,0.802975771,0.401487886,,7.95E-05,,7.95E-05,0.5,1,0.5,1,5049.80653,5049.80653,5049.80653,0,0,1,0,7.87E-09,31757553.47
15491475.39,4989890.548,15494475.39,4989890.548,15494475.39,4986890.548,15491475.39,4986890.548,63515106.93,0,0,0,0,0,0,0,0,0,0,,0,,0,0,0,0,0,0,0,0,0,0,0,0,0,0
15491475.39,4986890.548,15494475.39,4986890.548,15494475.39,4983890.548,15491475.39,4983890.548,63515106.93,0,0,0,2747.394391,2747.394391,0,0,0,0,0.11884064,,4.33E-05,,4.33E-05,0,1,0,1,2747.394391,2747.394391,2747.394391,0,0,0,0,0,0
15491475.39,4983890.548,15494475.39,4983890.548,15494475.39,4980890.548,15491475.39,4980890.548,63515106.93,1.57E-08,1.57E-08,5960.68309,1232.282643,4728.400448,0,0,0,0.559390429,0.279695214,,9.38E-05,,9.38E-05,1,2,1,2,2980.341545,1232.282643,4728.400448,0,0,1,0,1.57E-08,63515106.93
15491475.39,4980890.548,15494475.39,4980890.548,15494475.39,4977890.548,15491475.39,4977890.548,63515106.93,1.57E-08,1.57E-08,6265.238653,2803.438148,3461.800505,0,0,0,0.618013844,0.309006922,,9.86E-05,,9.86E-05,1,2,1,2,3132.619327,2803.438148,3461.800505,0,0,1,0,1.57E-08,63515106.93
15491475.39,4977890.548,15494475.39,4977890.548,15494475.39,4974890.548,15491475.39,4974890.548,63515106.93,1.57E-08,1.57E-08,5302.04907,399.8198417,4902.229229,0,0,0,0.442599024,0.221299512,,8.35E-05,,8.35E-05,1,2,1,2,2651.024535,399.8198417,4902.229229,0,0,1,0,1.57E-08,63515106.93
15491475.39,4974890.548,15494475.39,4974890.548,15494475.39,4971890.548,15491475.39,4971890.548,63515106.93,0,0,0,0,0,0,0,0,0,0,,0,,0,0,0,0,0,0,0,0,0,0,0,0,0,0
15491475.39,4971890.548,15494475.39,4971890.548,15494475.39,4968890.548,15491475.39,4968890.548,63515106.93,0,0,0,0,0,0,0,0,0,0,,0,,0,0,0,0,0,0,0,0,0,0,0,0,0,0
15491475.39,4968890.548,15494475.39,4968890.548,15494475.39,4965890.548,15491475.39,4965890.548,63515106.93,0,0,0,0,0,0,0,0,0,0,,0,,0,0,0,0,0,0,0,0,0,0,0,0,0,0
15491475.39,4965890.548,15494475.39,4965890.548,15494475.39,4962890.548,15491475.39,4962890.548,63515106.93,0,0,0,0,0,0,0,0,0,0,,0,,0,0,0,0,0,0,0,0,0,0,0,0,0,0
15491475.39,4962890.548,15494475.39,4962890.548,15494475.39,4959890.548,15491475.39,4959890.548,63515106.93,0,0,0,0,0,0,0,0,0,0,,0,,0,0,0,0,0,0,0,0,0,0,0,0,0,0
15491475.39,4959890.548,15494475.39,4959890.548,15494475.39,4956890.548,15491475.39,4956890.548,63515106.93,0,0,0,0,0,0,0,0,0,0,,0,,0,0,0,0,0,0,0,0,0,0,0,0,0,0
15491475.39,4956890.548,15494475.39,4956890.548,15494475.39,4953890.548,15491475.39,4953890.548,63515106.93,0,0,0,0,0,0,0,0,0,0,,0,,0,0,0,0,0,0,0,0,0,0,0,0,0,0
15491475.39,4953890.548,15494475.39,4953890.548,15494475.39,4950890.548,15491475.39,4950890.548,63515106.93,0,0,0,0,0,0,0,0,0,0,,0,,0,0,0,0,0,0,0,0,0,0,0,0,0,0
15491475.39,4950890.548,15494475.39,4950890.548,15494475.39,4947890.548,15491475.39,4947890.548,63515106.93,0,0,0,0,0,0,0,0,0,0,,0,,0,0,0,0,0,0,0,0,0,0,0,0,0,0
15491475.39,4947890.548,15494475.39,4947890.548,15494475.39,4944890.548,15491475.39,4944890.548,63515106.93,0,0,0,0,0,0,0,0,0,0,,0,,0,0,0,0,0,0,0,0,0,0,0,0,0,0
15491475.39,4944890.548,15494475.39,4944890.548,15494475.39,4941890.548,15491475.39,4941890.548,63515106.93,0,0,0,0,0,0,0,0,0,0,,0,,0,0,0,0,0,0,0,0,0,0,0,0,0,0
15494475.39,5121890.548,15497475.39,5121890.548,15497475.39,5118890.548,15494475.39,5118890.548,63515106.93,0,0,0,0,0,0,0,0,0,0,,0,,0,0,0,0,0,0,0,0,0,0,0,0,0,0
15494475.39,5118890.548,15497475.39,5118890.548,15497475.39,5115890.548,15494475.39,5115890.548,63515106.93,0,0,0,0,0,0,0,0,0,0,,0,,0,0,0,0,0,0,0,0,0,0,0,0,0,0
15494475.39,5115890.548,15497475.39,5115890.548,15497475.39,5112890.548,15494475.39,5112890.548,63515106.93,0,0,0,0,0,0,0,0,0,0,,0,,0,0,0,0,0,0,0,0,0,0,0,0,0,0
15494475.39,5112890.548,15497475.39,5112890.548,15497475.39,5109890.548,15494475.39,5109890.548,63515106.93,0,0,0,0,0,0,0,0,0,0,,0,,0,0,0,0,0,0,0,0,0,0,0,0,0,0
15494475.39,5109890.548,15497475.39,5109890.548,15497475.39,5106890.548,15494475.39,5106890.548,63515106.93,0,0,0,0,0,0,0,0,0,0,,0,,0,0,0,0,0,0,0,0,0,0,0,0,0,0
15494475.39,5106890.548,15497475.39,5106890.548,15497475.39,5103890.548,15494475.39,5103890.548,63515106.93,0,0,0,0,0,0,0,0,0,0,,0,,0,0,0,0,0,0,0,0,0,0,0,0,0,0
15494475.39,5103890.548,15497475.39,5103890.548,15497475.39,5100890.548,15494475.39,5100890.548,63515106.93,0,0,0,0,0,0,0,0,0,0,,0,,0,0,0,0,0,0,0,0,0,0,0,0,0,0
15494475.39,5100890.548,15497475.39,5100890.548,15497475.39,5097890.548,15494475.39,5097890.548,63515106.93,0,0,0,0,0,0,0,0,0,0,,0,,0,0,0,0,0,0,0,0,0,0,0,0,0,0
15494475.39,5097890.548,15497475.39,5097890.548,15497475.39,5094890.548,15494475.39,5094890.548,63515106.93,0,0,0,0,0,0,0,0,0,0,,0,,0,0,0,0,0,0,0,0,0,0,0,0,0,0
15494475.39,5094890.548,15497475.39,5094890.548,15497475.39,5091890.548,15494475.39,5091890.548,63515106.93,0,0,0,0,0,0,0,0,0,0,,0,,0,0,0,0,0,0,0,0,0,0,0,0,0,0
15494475.39,5091890.548,15497475.39,5091890.548,15497475.39,5088890.548,15494475.39,5088890.548,63515106.93,7.87E-09,7.87E-09,11560.55305,5780.276525,5780.276525,0,0,0,1.052083459,0.52604173,,9.10E-05,,9.10E-05,0.5,1,0.5,1,5780.276525,5780.276525,5780.276525,0,0,1,0,7.87E-09,31757553.47
15494475.39,5088890.548,15497475.39,5088890.548,15497475.39,5085890.548,15494475.39,5085890.548,63515106.93,7.87E-09,7.87E-09,22684.37721,3639.58804,7702.600566,0,0,0,4.050854941,1.012713735,,0.000178575,,0.000178575,0.5,2,0.5,2,5671.094303,3639.58804,7702.600566,0,0,1,0,7.87E-09,31757553.47
15494475.39,5085890.548,15497475.39,5085890.548,15497475.39,5082890.548,15494475.39,5082890.548,63515106.93,0,0,0,6491.015734,8805.173821,0,0,0,0,1.841872164,,0.000240828,,0.000240828,0,2,0,2,7648.094777,6491.015734,8805.173821,0,0,0,0,0,0
15494475.39,5082890.548,15497475.39,5082890.548,15497475.39,5079890.548,15494475.39,5079890.548,63515106.93,0,0,0,8096.828168,8096.828168,0,0,0,0,1.032173754,,0.000127479,,0.000127479,0,1,0,1,8096.828168,8096.828168,8096.828168,0,0,0,0,0,0
15494475.39,5079890.548,15497475.39,5079890.548,15497475.39,5076890.548,15494475.39,5076890.548,63515106.93,0,0,0,0,0,0,0,0,0,0,,0,,0,0,0,0,0,0,0,0,0,0,0,0,0,0
15494475.39,5076890.548,15497475.39,5076890.548,15497475.39,5073890.548,15494475.39,5073890.548,63515106.93,7.87E-09,7.87E-09,6790.382127,3395.191064,3395.191064,0,0,0,0.362978917,0.181489458,,5.35E-05,,5.35E-05,0.5,1,0.5,1,3395.191064,3395.191064,3395.191064,0,0,1,0,7.87E-09,31757553.47
15494475.39,5073890.548,15497475.39,5073890.548,15497475.39,5070890.548,15494475.39,5070890.548,63515106.93,7.87E-09,7.87E-09,6831.404593,3415.702297,3415.702297,0,0,0,0.367377865,0.183688932,,5.38E-05,,5.38E-05,0.5,1,0.5,1,3415.702297,3415.702297,3415.702297,0,0,1,0,7.87E-09,31757553.47
15494475.39,5070890.548,15497475.39,5070890.548,15497475.39,5067890.548,15494475.39,5067890.548,63515106.93,1.57E-08,1.57E-08,4529.97276,1706.517036,2823.455725,0,0,0,0.32308303,0.161541515,,7.13E-05,,7.13E-05,1,2,1,2,2264.98638,1706.517036,2823.455725,0,0,1,0,1.57E-08,63515106.93
15494475.39,5067890.548,15497475.39,5067890.548,15497475.39,5064890.548,15494475.39,5064890.548,63515106.93,7.87E-09,7.87E-09,6989.628981,3494.81449,3494.81449,0,0,0,0.38459286,0.19229643,,5.50E-05,,5.50E-05,0.5,1,0.5,1,3494.81449,3494.81449,3494.81449,0,0,1,0,7.87E-09,31757553.47
15494475.39,5064890.548,15497475.39,5064890.548,15497475.39,5061890.548,15494475.39,5061890.548,63515106.93,7.87E-09,7.87E-09,5040.806574,2520.403287,2520.403287,0,0,0,0.200029034,0.100014517,,3.97E-05,,3.97E-05,0.5,1,0.5,1,2520.403287,2520.403287,2520.403287,0,0,1,0,7.87E-09,31757553.47
15494475.39,5061890.548,15497475.39,5061890.548,15497475.39,5058890.548,15494475.39,5058890.548,63515106.93,1.57E-08,1.57E-08,11178.73304,4021.473551,7157.259485,0,0,0,1.967470077,0.983735038,,0.000176001,,0.000176001,1,2,1,2,5589.366518,4021.473551,7157.259485,0,0,1,0,1.57E-08,63515106.93
15494475.39,5058890.548,15497475.39,5058890.548,15497475.39,5055890.548,15494475.39,5055890.548,63515106.93,1.57E-08,1.57E-08,10807.39077,3367.488145,7439.902625,0,0,0,1.83892779,0.919463895,,0.000170155,,0.000170155,1,2,1,2,5403.695385,3367.488145,7439.902625,0,0,1,0,1.57E-08,63515106.93
15494475.39,5055890.548,15497475.39,5055890.548,15497475.39,5052890.548,15494475.39,5052890.548,63515106.93,0,0,0,4262.412444,4262.412444,0,0,0,0,0.286044702,,6.71E-05,,6.71E-05,0,1,0,1,4262.412444,4262.412444,4262.412444,0,0,0,0,0,0
15494475.39,5052890.548,15497475.39,5052890.548,15497475.39,5049890.548,15494475.39,5049890.548,63515106.93,0,0,0,0,0,0,0,0,0,0,,0,,0,0,0,0,0,0,0,0,0,0,0,0,0,0
15494475.39,5049890.548,15497475.39,5049890.548,15497475.39,5046890.548,15494475.39,5046890.548,63515106.93,7.87E-09,7.87E-09,12460.5604,6230.280198,6230.280198,0,0,0,1.222272723,0.611136361,,9.81E-05,,9.81E-05,0.5,1,0.5,1,6230.280198,6230.280198,6230.280198,0,0,1,0,7.87E-09,31757553.47
15494475.39,5046890.548,15497475.39,5046890.548,15497475.39,5043890.548,15494475.39,5043890.548,63515106.93,7.87E-09,7.87E-09,18764.70769,3701.118886,5681.234957,0,0,0,2.771893739,0.692973435,,0.000147718,,0.000147718,0.5,2,0.5,2,4691.176921,3701.118886,5681.234957,0,0,1,0,7.87E-09,31757553.47
15494475.39,5043890.548,15497475.39,5043890.548,15497475.39,5040890.548,15494475.39,5040890.548,63515106.93,7.87E-09,7.87E-09,23961.67544,3342.340503,8638.497219,0,0,0,4.519884464,1.129971116,,0.00018863,,0.00018863,0.5,2,0.5,2,5990.418861,3342.340503,8638.497219,0,0,1,0,7.87E-09,31757553.47
15494475.39,5040890.548,15497475.39,5040890.548,15497475.39,5037890.548,15494475.39,5037890.548,63515106.93,0,0,0,6988.09598,8311.088819,0,0,0,0,1.842593572,,0.000240875,,0.000240875,0,2,0,2,7649.5924,6988.09598,8311.088819,0,0,0,0,0,0
15494475.39,5037890.548,15497475.39,5037890.548,15497475.39,5034890.548,15494475.39,5034890.548,63515106.93,0,0,0,9074.121917,9074.121917,0,0,0,0,1.296379594,,0.000142866,,0.000142866,0,1,0,1,9074.121917,9074.121917,9074.121917,0,0,0,0,0,0
15494475.39,5034890.548,15497475.39,5034890.548,15497475.39,5031890.548,15494475.39,5031890.548,63515106.93,0,0,0,6749.413545,7691.414468,0,0,0,0,1.641637145,,0.000227361,,0.000227361,0,2,0,2,7220.414073,6749.413545,7691.414602,0,0,0,0,0,0
15494475.39,5031890.548,15497475.39,5031890.548,15497475.39,5028890.548,15494475.39,5028890.548,63515106.93,7.87E-09,7.87E-09,20510.172,1278.977844,8976.108157,0,0,0,3.311551974,0.827887994,,0.000161459,,0.000161459,0.5,2,0.5,2,5127.543,1278.977844,8976.108157,0,0,1,0,7.87E-09,31757553.47
15494475.39,5028890.548,15497475.39,5028890.548,15497475.39,5025890.548,15494475.39,5025890.548,63515106.93,1.57E-08,1.57E-08,12071.50502,1205.180799,6894.648508,0,0,0,2.294276754,0.764758918,,0.000190057,,0.000190057,1,3,1,3,4023.835006,1205.180799,6894.648508,0,0,1,0,1.57E-08,63515106.93
15494475.39,5025890.548,15497475.39,5025890.548,15497475.39,5022890.548,15494475.39,5022890.548,63515106.93,1.57E-08,1.57E-08,12760.67324,1968.414199,6224.891894,0,0,0,2.56371735,0.85457245,,0.000200908,,0.000200908,1,3,1,3,4253.557748,1968.414199,6224.891894,0,0,1,0,1.57E-08,63515106.93
15494475.39,5022890.548,15497475.39,5022890.548,15497475.39,5019890.548,15494475.39,5019890.548,63515106.93,2.36E-08,2.36E-08,13033.71333,3609.744555,5469.366944,0,0,0,4.011904208,1.504464078,,0.00030781,,0.00030781,1.5,4,1.5,4,4887.642499,3609.744555,5469.366944,0,0,1,0,2.36E-08,95272660.4
15494475.39,5019890.548,15497475.39,5019890.548,15497475.39,5016890.548,15494475.39,5016890.548,63515106.93,2.36E-08,2.36E-08,9419.736161,4079.188607,5923.970436,0,0,0,2.095519483,1.047759741,,0.000222461,,0.000222461,1.5,3,1.5,3,4709.868081,4079.188607,5923.970436,0,0,1,0,2.36E-08,95272660.4
15494475.39,5016890.548,15497475.39,5016890.548,15497475.39,5013890.548,15494475.39,5013890.548,63515106.93,2.36E-08,2.36E-08,4388.5786,720.5797426,4720.70922,0,0,0,0.454843495,0.227421747,,0.000103643,,0.000103643,1.5,3,1.5,3,2194.2893,720.5797426,4720.70922,0,0,1,0,2.36E-08,95272660.4
15494475.39,5013890.548,15497475.39,5013890.548,15497475.39,5010890.548,15494475.39,5010890.548,63515106.93,1.57E-08,1.57E-08,3930.811293,1141.903787,2788.907506,0,0,0,0.243269329,0.121634664,,6.19E-05,,6.19E-05,1,2,1,2,1965.405647,1141.903787,2788.907506,0,0,1,0,1.57E-08,63515106.93
15494475.39,5010890.548,15497475.39,5010890.548,15497475.39,5007890.548,15494475.39,5007890.548,63515106.93,7.87E-09,7.87E-09,6446.931025,3223.465512,3223.465512,0,0,0,0.327189244,0.163594622,,5.08E-05,,5.08E-05,0.5,1,0.5,1,3223.465512,3223.465512,3223.465512,0,0,1,0,7.87E-09,31757553.47
15494475.39,5007890.548,15497475.39,5007890.548,15497475.39,5004890.548,15494475.39,5004890.548,63515106.93,0,0,0,0,0,0,0,0,0,0,,0,,0,0,0,0,0,0,0,0,0,0,0,0,0,0
15494475.39,5004890.548,15497475.39,5004890.548,15497475.39,5001890.548,15494475.39,5001890.548,63515106.93,0,0,0,0,0,0,0,0,0,0,,0,,0,0,0,0,0,0,0,0,0,0,0,0,0,0
15494475.39,5001890.548,15497475.39,5001890.548,15497475.39,4998890.548,15494475.39,4998890.548,63515106.93,0,0,0,0,0,0,0,0,0,0,,0,,0,0,0,0,0,0,0,0,0,0,0,0,0,0
15494475.39,4998890.548,15497475.39,4998890.548,15497475.39,4995890.548,15494475.39,4995890.548,63515106.93,0,0,0,0,0,0,0,0,0,0,,0,,0,0,0,0,0,0,0,0,0,0,0,0,0,0
15494475.39,4995890.548,15497475.39,4995890.548,15497475.39,4992890.548,15494475.39,4992890.548,63515106.93,0,0,0,0,0,0,0,0,0,0,,0,,0,0,0,0,0,0,0,0,0,0,0,0,0,0
15494475.39,4992890.548,15497475.39,4992890.548,15497475.39,4989890.548,15494475.39,4989890.548,63515106.93,0,0,0,2322.420834,2322.420834,0,0,0,0,0.084918987,,3.66E-05,,3.66E-05,0,1,0,1,2322.420834,2322.420834,2322.420834,0,0,0,0,0,0
15494475.39,4989890.548,15497475.39,4989890.548,15497475.39,4986890.548,15494475.39,4986890.548,63515106.93,0,0,0,6715.072013,6715.072013,0,0,0,0,0.709944363,,0.000105724,,0.000105724,0,1,0,1,6715.072013,6715.072013,6715.072013,0,0,0,0,0,0
15494475.39,4986890.548,15497475.39,4986890.548,15497475.39,4983890.548,15494475.39,4983890.548,63515106.93,0,0,0,8380.402341,8380.402341,0,0,0,0,1.105739198,,0.000131943,,0.000131943,0,1,0,1,8380.402341,8380.402341,8380.402341,0,0,0,0,0,0
15494475.39,4983890.548,15497475.39,4983890.548,15497475.39,4980890.548,15494475.39,4980890.548,63515106.93,7.87E-09,7.87E-09,14259.47939,7129.739695,7129.739695,0,0,0,1.60066449,0.800332245,,0.000112253,,0.000112253,0.5,1,0.5,1,7129.739695,7129.739695,7129.739695,0,0,1,0,7.87E-09,31757553.47
15494475.39,4980890.548,15497475.39,4980890.548,15497475.39,4977890.548,15494475.39,4977890.548,63515106.93,7.87E-09,7.87E-09,8623.603303,4311.801651,4311.801651,0,0,0,0.585423984,0.292711992,,6.79E-05,,6.79E-05,0.5,1,0.5,1,4311.801651,4311.801651,4311.801651,0,0,1,0,7.87E-09,31757553.47
15494475.39,4977890.548,15497475.39,4977890.548,15497475.39,4974890.548,15494475.39,4974890.548,63515106.93,7.87E-09,7.87E-09,2249.207607,1124.603803,1124.603803,0,0,0,0.039824658,0.019912329,,1.77E-05,,1.77E-05,0.5,1,0.5,1,1124.603803,1124.603803,1124.603803,0,0,1,0,7.87E-09,31757553.47
15494475.39,4974890.548,15497475.39,4974890.548,15497475.39,4971890.548,15494475.39,4971890.548,63515106.93,0,0,0,0,0,0,0,0,0,0,,0,,0,0,0,0,0,0,0,0,0,0,0,0,0,0
15494475.39,4971890.548,15497475.39,4971890.548,15497475.39,4968890.548,15494475.39,4968890.548,63515106.93,0,0,0,0,0,0,0,0,0,0,,0,,0,0,0,0,0,0,0,0,0,0,0,0,0,0
15494475.39,4968890.548,15497475.39,4968890.548,15497475.39,4965890.548,15494475.39,4965890.548,63515106.93,0,0,0,0,0,0,0,0,0,0,,0,,0,0,0,0,0,0,0,0,0,0,0,0,0,0
15494475.39,4965890.548,15497475.39,4965890.548,15497475.39,4962890.548,15494475.39,4962890.548,63515106.93,0,0,0,0,0,0,0,0,0,0,,0,,0,0,0,0,0,0,0,0,0,0,0,0,0,0
15494475.39,4962890.548,15497475.39,4962890.548,15497475.39,4959890.548,15494475.39,4959890.548,63515106.93,0,0,0,0,0,0,0,0,0,0,,0,,0,0,0,0,0,0,0,0,0,0,0,0,0,0
15494475.39,4959890.548,15497475.39,4959890.548,15497475.39,4956890.548,15494475.39,4956890.548,63515106.93,0,0,0,0,0,0,0,0,0,0,,0,,0,0,0,0,0,0,0,0,0,0,0,0,0,0
15494475.39,4956890.548,15497475.39,4956890.548,15497475.39,4953890.548,15494475.39,4953890.548,63515106.93,0,0,0,0,0,0,0,0,0,0,,0,,0,0,0,0,0,0,0,0,0,0,0,0,0,0
15494475.39,4953890.548,15497475.39,4953890.548,15497475.39,4950890.548,15494475.39,4950890.548,63515106.93,0,0,0,0,0,0,0,0,0,0,,0,,0,0,0,0,0,0,0,0,0,0,0,0,0,0
15494475.39,4950890.548,15497475.39,4950890.548,15497475.39,4947890.548,15494475.39,4947890.548,63515106.93,0,0,0,0,0,0,0,0,0,0,,0,,0,0,0,0,0,0,0,0,0,0,0,0,0,0
15494475.39,4947890.548,15497475.39,4947890.548,15497475.39,4944890.548,15494475.39,4944890.548,63515106.93,0,0,0,0,0,0,0,0,0,0,,0,,0,0,0,0,0,0,0,0,0,0,0,0,0,0
15494475.39,4944890.548,15497475.39,4944890.548,15497475.39,4941890.548,15494475.39,4941890.548,63515106.93,0,0,0,0,0,0,0,0,0,0,,0,,0,0,0,0,0,0,0,0,0,0,0,0,0,0
15497475.39,5121890.548,15500475.39,5121890.548,15500475.39,5118890.548,15497475.39,5118890.548,63515106.93,0,0,0,0,0,0,0,0,0,0,,0,,0,0,0,0,0,0,0,0,0,0,0,0,0,0
15497475.39,5118890.548,15500475.39,5118890.548,15500475.39,5115890.548,15497475.39,5115890.548,63515106.93,0,0,0,0,0,0,0,0,0,0,,0,,0,0,0,0,0,0,0,0,0,0,0,0,0,0
15497475.39,5115890.548,15500475.39,5115890.548,15500475.39,5112890.548,15497475.39,5112890.548,63515106.93,0,0,0,0,0,0,0,0,0,0,,0,,0,0,0,0,0,0,0,0,0,0,0,0,0,0
15497475.39,5112890.548,15500475.39,5112890.548,15500475.39,5109890.548,15497475.39,5109890.548,63515106.93,0,0,0,0,0,0,0,0,0,0,,0,,0,0,0,0,0,0,0,0,0,0,0,0,0,0
15497475.39,5109890.548,15500475.39,5109890.548,15500475.39,5106890.548,15497475.39,5106890.548,63515106.93,0,0,0,0,0,0,0,0,0,0,,0,,0,0,0,0,0,0,0,0,0,0,0,0,0,0
15497475.39,5106890.548,15500475.39,5106890.548,15500475.39,5103890.548,15497475.39,5103890.548,63515106.93,0,0,0,0,0,0,0,0,0,0,,0,,0,0,0,0,0,0,0,0,0,0,0,0,0,0
15497475.39,5103890.548,15500475.39,5103890.548,15500475.39,5100890.548,15497475.39,5100890.548,63515106.93,0,0,0,0,0,0,0,0,0,0,,0,,0,0,0,0,0,0,0,0,0,0,0,0,0,0
15497475.39,5100890.548,15500475.39,5100890.548,15500475.39,5097890.548,15497475.39,5097890.548,63515106.93,0,0,0,0,0,0,0,0,0,0,,0,,0,0,0,0,0,0,0,0,0,0,0,0,0,0
15497475.39,5097890.548,15500475.39,5097890.548,15500475.39,5094890.548,15497475.39,5094890.548,63515106.93,0,0,0,0,0,0,0,0,0,0,,0,,0,0,0,0,0,0,0,0,0,0,0,0,0,0
15497475.39,5094890.548,15500475.39,5094890.548,15500475.39,5091890.548,15497475.39,5091890.548,63515106.93,0,0,0,0,0,0,0,0,0,0,,0,,0,0,0,0,0,0,0,0,0,0,0,0,0,0
15497475.39,5091890.548,15500475.39,5091890.548,15500475.39,5088890.548,15497475.39,5088890.548,63515106.93,0,0,0,5502.326249,5502.326249,0,0,0,0,0.476667609,,8.66E-05,,8.66E-05,0,1,0,1,5502.326249,5502.326249,5502.326249,0,0,0,0,0,0
15497475.39,5088890.548,15500475.39,5088890.548,15500475.39,5085890.548,15497475.39,5085890.548,63515106.93,7.87E-09,7.87E-09,17253.23287,753.0605334,7873.555902,0,0,0,2.343332625,0.585833156,,0.00013582,,0.00013582,0.5,2,0.5,2,4313.308218,753.0605334,7873.555902,0,0,1,0,7.87E-09,31757553.47
15497475.39,5085890.548,15500475.39,5085890.548,15500475.39,5082890.548,15497475.39,5082890.548,63515106.93,1.57E-08,1.57E-08,13214.06434,6190.382685,7023.681655,0,0,0,2.749133314,1.374566657,,0.000208046,,0.000208046,1,2,1,2,6607.03217,6190.382685,7023.681655,0,0,1,0,1.57E-08,63515106.93
15497475.39,5082890.548,15500475.39,5082890.548,15500475.39,5079890.548,15497475.39,5079890.548,63515106.93,1.57E-08,1.57E-08,8424.571137,1731.958755,6692.612382,0,0,0,1.11742548,0.55871274,,0.000132639,,0.000132639,1,2,1,2,4212.285568,1731.958755,6692.612382,0,0,1,0,1.57E-08,63515106.93
15497475.39,5079890.548,15500475.39,5079890.548,15500475.39,5076890.548,15497475.39,5076890.548,63515106.93,0,0,0,796.3898781,796.3898781,0,0,0,0,0.009985606,,1.25E-05,,1.25E-05,0,1,0,1,796.3898781,796.3898781,796.3898781,0,0,0,0,0,0
15497475.39,5076890.548,15500475.39,5076890.548,15500475.39,5073890.548,15497475.39,5073890.548,63515106.93,0,0,0,0,0,0,0,0,0,0,,0,,0,0,0,0,0,0,0,0,0,0,0,0,0,0
15497475.39,5073890.548,15500475.39,5073890.548,15500475.39,5070890.548,15497475.39,5070890.548,63515106.93,0,0,0,0,0,0,0,0,0,0,,0,,0,0,0,0,0,0,0,0,0,0,0,0,0,0
15497475.39,5070890.548,15500475.39,5070890.548,15500475.39,5067890.548,15497475.39,5067890.548,63515106.93,7.87E-09,7.87E-09,180.9897056,90.49485282,90.49485282,0,0,0,0.00025787,0.000128935,,1.42E-06,,1.42E-06,0.5,1,0.5,1,90.49485282,90.49485282,90.49485282,0,0,1,0,7.87E-09,31757553.47
15497475.39,5067890.548,15500475.39,5067890.548,15500475.39,5064890.548,15497475.39,5064890.548,63515106.93,7.87E-09,7.87E-09,211.6849461,105.8424731,105.8424731,0,0,0,0.000352755,0.000176377,,1.67E-06,,1.67E-06,0.5,1,0.5,1,105.8424731,105.8424731,105.8424731,0,0,1,0,7.87E-09,31757553.47
15497475.39,5064890.548,15500475.39,5064890.548,15500475.39,5061890.548,15497475.39,5061890.548,63515106.93,7.87E-09,7.87E-09,110.6425689,55.32128444,55.32128444,0,0,0,9.64E-05,4.82E-05,,8.71E-07,,8.71E-07,0.5,1,0.5,1,55.32128444,55.32128444,55.32128444,0,0,1,0,7.87E-09,31757553.47
15497475.39,5061890.548,15500475.39,5061890.548,15500475.39,5058890.548,15497475.39,5058890.548,63515106.93,1.57E-08,1.57E-08,5070.203074,964.1249384,4106.078135,0,0,0,0.404737714,0.202368857,,7.98E-05,,7.98E-05,1,2,1,2,2535.101537,964.1249384,4106.078135,0,0,1,0,1.57E-08,63515106.93
15497475.39,5058890.548,15500475.39,5058890.548,15500475.39,5055890.548,15497475.39,5055890.548,63515106.93,7.87E-09,7.87E-09,8927.350977,4463.675489,4463.675489,0,0,0,0.627390863,0.313695431,,7.03E-05,,7.03E-05,0.5,1,0.5,1,4463.675489,4463.675489,4463.675489,0,0,1,0,7.87E-09,31757553.47
15497475.39,5055890.548,15500475.39,5055890.548,15500475.39,5052890.548,15497475.39,5052890.548,63515106.93,7.87E-09,7.87E-09,4527.149443,2263.574721,2263.574721,0,0,0,0.161340215,0.080670108,,3.56E-05,,3.56E-05,0.5,1,0.5,1,2263.574721,2263.574721,2263.574721,0,0,1,0,7.87E-09,31757553.47
15497475.39,5052890.548,15500475.39,5052890.548,15500475.39,5049890.548,15497475.39,5049890.548,63515106.93,0,0,0,0,0,0,0,0,0,0,,0,,0,0,0,0,0,0,0,0,0,0,0,0,0,0
15497475.39,5049890.548,15500475.39,5049890.548,15500475.39,5046890.548,15497475.39,5046890.548,63515106.93,7.87E-09,7.87E-09,4188.495131,2094.247566,2094.247566,0,0,0,0.138104872,0.069052436,,3.30E-05,,3.30E-05,0.5,1,0.5,1,2094.247566,2094.247566,2094.247566,0,0,1,0,7.87E-09,31757553.47
15497475.39,5046890.548,15500475.39,5046890.548,15500475.39,5043890.548,15497475.39,5043890.548,63515106.93,7.87E-09,7.87E-09,14965.46745,2836.603498,4646.130225,0,0,0,1.763086191,0.440771548,,0.00011781,,0.00011781,0.5,2,0.5,2,3741.366862,2836.603498,4646.130225,0,0,1,0,7.87E-09,31757553.47
15497475.39,5043890.548,15500475.39,5043890.548,15500475.39,5040890.548,15497475.39,5040890.548,63515106.93,7.87E-09,7.87E-09,20435.78146,1413.062882,8804.827847,0,0,0,3.287573492,0.821893373,,0.000160873,,0.000160873,0.5,2,0.5,2,5108.945365,1413.062882,8804.827847,0,0,1,0,7.87E-09,31757553.47
15497475.39,5040890.548,15500475.39,5040890.548,15500475.39,5037890.548,15497475.39,5037890.548,63515106.93,0,0,0,7639.948923,7975.320961,0,0,0,0,1.919516988,,0.000245851,,0.000245851,0,2,0,2,7807.634942,7639.948923,7975.320961,0,0,0,0,0,0
15497475.39,5037890.548,15500475.39,5037890.548,15500475.39,5034890.548,15497475.39,5034890.548,63515106.93,0,0,0,9029.525136,9029.525136,0,0,0,0,1.283668219,,0.000142163,,0.000142163,0,1,0,1,9029.525136,9029.525136,9029.525136,0,0,0,0,0,0
15497475.39,5034890.548,15500475.39,5034890.548,15500475.39,5031890.548,15497475.39,5031890.548,63515106.93,0,0,0,4691.186878,4937.375532,0,0,0,0,0.729820184,,0.000151595,,0.000151595,0,2,0,2,4814.281205,4691.186878,4937.375532,0,0,0,0,0,0
15497475.39,5031890.548,15500475.39,5031890.548,15500475.39,5028890.548,15497475.39,5028890.548,63515106.93,0,0,0,8692.156832,8692.156832,0,0,0,0,1.189537325,,0.000136852,,0.000136852,0,1,0,1,8692.156832,8692.156832,8692.156832,0,0,0,0,0,0
15497475.39,5028890.548,15500475.39,5028890.548,15500475.39,5025890.548,15497475.39,5025890.548,63515106.93,7.87E-09,7.87E-09,18372.12092,708.301288,8477.759172,0,0,0,2.657122403,0.664280601,,0.000144628,,0.000144628,0.5,2,0.5,2,4593.03023,708.301288,8477.759172,0,0,1,0,7.87E-09,31757553.47
15497475.39,5025890.548,15500475.39,5025890.548,15500475.39,5022890.548,15497475.39,5022890.548,63515106.93,7.87E-09,7.87E-09,27013.87373,3158.063538,6702.166953,0,0,0,5.744691375,0.957448563,,0.000212657,,0.000212657,0.5,3,0.5,3,4502.312289,3158.063538,6702.166953,0,0,1,0,7.87E-09,31757553.47
15497475.39,5022890.548,15500475.39,5022890.548,15500475.39,5019890.548,15497475.39,5019890.548,63515106.93,2.36E-08,2.36E-08,11629.38561,4061.231927,8230.913161,0,0,0,3.193947462,1.596973731,,0.000274645,,0.000274645,1.5,3,1.5,3,5814.692806,4061.231927,8230.913161,0,0,1,0,2.36E-08,95272660.4
15497475.39,5019890.548,15500475.39,5019890.548,15500475.39,5016890.548,15497475.39,5016890.548,63515106.93,3.15E-08,3.15E-08,7773.712129,2987.835923,6398.409311,0,0,0,1.90287329,1.268582194,,0.000244783,,0.000244783,2,3,2,3,5182.474752,2987.835923,6398.409311,0,0,1,0,3.15E-08,127030213.9
15497475.39,5016890.548,15500475.39,5016890.548,15500475.39,5013890.548,15497475.39,5013890.548,63515106.93,2.36E-08,2.36E-08,4245.634281,207.272398,6161.179023,0,0,0,0.425695822,0.319271867,,0.000100267,,0.000100267,1.5,2,1.5,2,3184.22571,207.272398,6161.179023,0,0,1,0,2.36E-08,95272660.4
15497475.39,5013890.548,15500475.39,5013890.548,15500475.39,5010890.548,15497475.39,5010890.548,63515106.93,0,0,0,0,0,0,0,0,0,0,,0,,0,0,0,0,0,0,0,0,0,0,0,0,0,0
15497475.39,5010890.548,15500475.39,5010890.548,15500475.39,5007890.548,15497475.39,5007890.548,63515106.93,0,0,0,0,0,0,0,0,0,0,,0,,0,0,0,0,0,0,0,0,0,0,0,0,0,0
15497475.39,5007890.548,15500475.39,5007890.548,15500475.39,5004890.548,15497475.39,5004890.548,63515106.93,0,0,0,0,0,0,0,0,0,0,,0,,0,0,0,0,0,0,0,0,0,0,0,0,0,0
15497475.39,5004890.548,15500475.39,5004890.548,15500475.39,5001890.548,15497475.39,5001890.548,63515106.93,0,0,0,0,0,0,0,0,0,0,,0,,0,0,0,0,0,0,0,0,0,0,0,0,0,0
15497475.39,5001890.548,15500475.39,5001890.548,15500475.39,4998890.548,15497475.39,4998890.548,63515106.93,0,0,0,0,0,0,0,0,0,0,,0,,0,0,0,0,0,0,0,0,0,0,0,0,0,0
15497475.39,4998890.548,15500475.39,4998890.548,15500475.39,4995890.548,15497475.39,4995890.548,63515106.93,0,0,0,0,0,0,0,0,0,0,,0,,0,0,0,0,0,0,0,0,0,0,0,0,0,0
15497475.39,4995890.548,15500475.39,4995890.548,15500475.39,4992890.548,15497475.39,4992890.548,63515106.93,7.87E-09,7.87E-09,6590.146997,3295.073499,3295.073499,0,0,0,0.341887462,0.170943731,,5.19E-05,,5.19E-05,0.5,1,0.5,1,3295.073499,3295.073499,3295.073499,0,0,1,0,7.87E-09,31757553.47
15497475.39,4992890.548,15500475.39,4992890.548,15500475.39,4989890.548,15497475.39,4989890.548,63515106.93,7.87E-09,7.87E-09,13941.12155,6970.560776,6970.560776,0,0,0,1.529989317,0.764994658,,0.000109747,,0.000109747,0.5,1,0.5,1,6970.560776,6970.560776,6970.560776,0,0,1,0,7.87E-09,31757553.47
15497475.39,4989890.548,15500475.39,4989890.548,15500475.39,4986890.548,15497475.39,4986890.548,63515106.93,0,0,0,8960.079899,8960.079899,0,0,0,0,1.263999002,,0.00014107,,0.00014107,0,1,0,1,8960.079899,8960.079899,8960.079899,0,0,0,0,0,0
15497475.39,4986890.548,15500475.39,4986890.548,15500475.39,4983890.548,15497475.39,4983890.548,63515106.93,0,0,0,8776.245589,8776.245589,0,0,0,0,1.212664047,,0.000138176,,0.000138176,0,1,0,1,8776.245589,8776.245589,8776.245589,0,0,0,0,0,0
15497475.39,4983890.548,15500475.39,4983890.548,15500475.39,4980890.548,15497475.39,4980890.548,63515106.93,0,0,0,7643.377159,7643.377159,0,0,0,0,0.9198003,,0.00012034,,0.00012034,0,1,0,1,7643.377159,7643.377159,7643.377159,0,0,0,0,0,0
15497475.39,4980890.548,15500475.39,4980890.548,15500475.39,4977890.548,15497475.39,4977890.548,63515106.93,7.87E-09,7.87E-09,7468.211061,3734.10553,3734.10553,0,0,0,0.439062289,0.219531144,,5.88E-05,,5.88E-05,0.5,1,0.5,1,3734.10553,3734.10553,3734.10553,0,0,1,0,7.87E-09,31757553.47
15497475.39,4977890.548,15500475.39,4977890.548,15500475.39,4974890.548,15497475.39,4974890.548,63515106.93,0,0,0,0,0,0,0,0,0,0,,0,,0,0,0,0,0,0,0,0,0,0,0,0,0,0
15497475.39,4974890.548,15500475.39,4974890.548,15500475.39,4971890.548,15497475.39,4971890.548,63515106.93,0,0,0,0,0,0,0,0,0,0,,0,,0,0,0,0,0,0,0,0,0,0,0,0,0,0
15497475.39,4971890.548,15500475.39,4971890.548,15500475.39,4968890.548,15497475.39,4968890.548,63515106.93,0,0,0,0,0,0,0,0,0,0,,0,,0,0,0,0,0,0,0,0,0,0,0,0,0,0
15497475.39,4968890.548,15500475.39,4968890.548,15500475.39,4965890.548,15497475.39,4965890.548,63515106.93,0,0,0,0,0,0,0,0,0,0,,0,,0,0,0,0,0,0,0,0,0,0,0,0,0,0
15497475.39,4965890.548,15500475.39,4965890.548,15500475.39,4962890.548,15497475.39,4962890.548,63515106.93,0,0,0,0,0,0,0,0,0,0,,0,,0,0,0,0,0,0,0,0,0,0,0,0,0,0
15497475.39,4962890.548,15500475.39,4962890.548,15500475.39,4959890.548,15497475.39,4959890.548,63515106.93,0,0,0,0,0,0,0,0,0,0,,0,,0,0,0,0,0,0,0,0,0,0,0,0,0,0
15497475.39,4959890.548,15500475.39,4959890.548,15500475.39,4956890.548,15497475.39,4956890.548,63515106.93,0,0,0,0,0,0,0,0,0,0,,0,,0,0,0,0,0,0,0,0,0,0,0,0,0,0
15497475.39,4956890.548,15500475.39,4956890.548,15500475.39,4953890.548,15497475.39,4953890.548,63515106.93,0,0,0,0,0,0,0,0,0,0,,0,,0,0,0,0,0,0,0,0,0,0,0,0,0,0
15497475.39,4953890.548,15500475.39,4953890.548,15500475.39,4950890.548,15497475.39,4950890.548,63515106.93,0,0,0,0,0,0,0,0,0,0,,0,,0,0,0,0,0,0,0,0,0,0,0,0,0,0
15497475.39,4950890.548,15500475.39,4950890.548,15500475.39,4947890.548,15497475.39,4947890.548,63515106.93,0,0,0,0,0,0,0,0,0,0,,0,,0,0,0,0,0,0,0,0,0,0,0,0,0,0
15497475.39,4947890.548,15500475.39,4947890.548,15500475.39,4944890.548,15497475.39,4944890.548,63515106.93,0,0,0,0,0,0,0,0,0,0,,0,,0,0,0,0,0,0,0,0,0,0,0,0,0,0
15497475.39,4944890.548,15500475.39,4944890.548,15500475.39,4941890.548,15497475.39,4941890.548,63515106.93,0,0,0,0,0,0,0,0,0,0,,0,,0,0,0,0,0,0,0,0,0,0,0,0,0,0
15500475.39,5121890.548,15503475.39,5121890.548,15503475.39,5118890.548,15500475.39,5118890.548,63515106.93,0,0,0,0,0,0,0,0,0,0,,0,,0,0,0,0,0,0,0,0,0,0,0,0,0,0
15500475.39,5118890.548,15503475.39,5118890.548,15503475.39,5115890.548,15500475.39,5115890.548,63515106.93,0,0,0,0,0,0,0,0,0,0,,0,,0,0,0,0,0,0,0,0,0,0,0,0,0,0
15500475.39,5115890.548,15503475.39,5115890.548,15503475.39,5112890.548,15500475.39,5112890.548,63515106.93,0,0,0,0,0,0,0,0,0,0,,0,,0,0,0,0,0,0,0,0,0,0,0,0,0,0
15500475.39,5112890.548,15503475.39,5112890.548,15503475.39,5109890.548,15500475.39,5109890.548,63515106.93,0,0,0,0,0,0,0,0,0,0,,0,,0,0,0,0,0,0,0,0,0,0,0,0,0,0
15500475.39,5109890.548,15503475.39,5109890.548,15503475.39,5106890.548,15500475.39,5106890.548,63515106.93,0,0,0,0,0,0,0,0,0,0,,0,,0,0,0,0,0,0,0,0,0,0,0,0,0,0
15500475.39,5106890.548,15503475.39,5106890.548,15503475.39,5103890.548,15500475.39,5103890.548,63515106.93,0,0,0,0,0,0,0,0,0,0,,0,,0,0,0,0,0,0,0,0,0,0,0,0,0,0
15500475.39,5103890.548,15503475.39,5103890.548,15503475.39,5100890.548,15500475.39,5100890.548,63515106.93,0,0,0,0,0,0,0,0,0,0,,0,,0,0,0,0,0,0,0,0,0,0,0,0,0,0
15500475.39,5100890.548,15503475.39,5100890.548,15503475.39,5097890.548,15500475.39,5097890.548,63515106.93,0,0,0,0,0,0,0,0,0,0,,0,,0,0,0,0,0,0,0,0,0,0,0,0,0,0
15500475.39,5097890.548,15503475.39,5097890.548,15503475.39,5094890.548,15500475.39,5094890.548,63515106.93,0,0,0,0,0,0,0,0,0,0,,0,,0,0,0,0,0,0,0,0,0,0,0,0,0,0
15500475.39,5094890.548,15503475.39,5094890.548,15503475.39,5091890.548,15500475.39,5091890.548,63515106.93,0,0,0,0,0,0,0,0,0,0,,0,,0,0,0,0,0,0,0,0,0,0,0,0,0,0
15500475.39,5091890.548,15503475.39,5091890.548,15503475.39,5088890.548,15500475.39,5088890.548,63515106.93,0,0,0,0,0,0,0,0,0,0,,0,,0,0,0,0,0,0,0,0,0,0,0,0,0,0
15500475.39,5088890.548,15503475.39,5088890.548,15503475.39,5085890.548,15500475.39,5085890.548,63515106.93,7.87E-09,7.87E-09,9375.910866,4687.955433,4687.955433,0,0,0,0.692022015,0.346011008,,7.38E-05,,7.38E-05,0.5,1,0.5,1,4687.955433,4687.955433,4687.955433,0,0,1,0,7.87E-09,31757553.47
15500475.39,5085890.548,15503475.39,5085890.548,15503475.39,5082890.548,15500475.39,5082890.548,63515106.93,1.57E-08,1.57E-08,7795.18183,3894.617156,3900.564674,0,0,0,0.956699322,0.478349661,,0.00012273,,0.00012273,1,2,1,2,3897.590915,3894.617156,3900.564674,0,0,1,0,1.57E-08,63515106.93
15500475.39,5082890.548,15503475.39,5082890.548,15503475.39,5079890.548,15500475.39,5079890.548,63515106.93,1.57E-08,1.57E-08,5233.341426,1414.174639,3819.166787,0,0,0,0.431202336,0.215601168,,8.24E-05,,8.24E-05,1,2,1,2,2616.670713,1414.174639,3819.166787,0,0,1,0,1.57E-08,63515106.93
15500475.39,5079890.548,15503475.39,5079890.548,15503475.39,5076890.548,15500475.39,5076890.548,63515106.93,7.87E-09,7.87E-09,1612.36032,806.1801601,806.1801601,0,0,0,0.020465256,0.010232628,,1.27E-05,,1.27E-05,0.5,1,0.5,1,806.1801601,806.1801601,806.1801601,0,0,1,0,7.87E-09,31757553.47
15500475.39,5076890.548,15503475.39,5076890.548,15503475.39,5073890.548,15500475.39,5073890.548,63515106.93,0,0,0,0,0,0,0,0,0,0,,0,,0,0,0,0,0,0,0,0,0,0,0,0,0,0
15500475.39,5073890.548,15503475.39,5073890.548,15503475.39,5070890.548,15500475.39,5070890.548,63515106.93,0,0,0,0,0,0,0,0,0,0,,0,,0,0,0,0,0,0,0,0,0,0,0,0,0,0
15500475.39,5070890.548,15503475.39,5070890.548,15503475.39,5067890.548,15500475.39,5067890.548,63515106.93,0,0,0,0,0,0,0,0,0,0,,0,,0,0,0,0,0,0,0,0,0,0,0,0,0,0
15500475.39,5067890.548,15503475.39,5067890.548,15503475.39,5064890.548,15500475.39,5064890.548,63515106.93,0,0,0,0,0,0,0,0,0,0,,0,,0,0,0,0,0,0,0,0,0,0,0,0,0,0
15500475.39,5064890.548,15503475.39,5064890.548,15503475.39,5061890.548,15500475.39,5061890.548,63515106.93,0,0,0,0,0,0,0,0,0,0,,0,,0,0,0,0,0,0,0,0,0,0,0,0,0,0
15500475.39,5061890.548,15503475.39,5061890.548,15503475.39,5058890.548,15500475.39,5058890.548,63515106.93,7.87E-09,7.87E-09,2109.79357,1054.896785,1054.896785,0,0,0,0.03504071,0.017520355,,1.66E-05,,1.66E-05,0.5,1,0.5,1,1054.896785,1054.896785,1054.896785,0,0,1,0,7.87E-09,31757553.47
15500475.39,5058890.548,15503475.39,5058890.548,15503475.39,5055890.548,15500475.39,5055890.548,63515106.93,7.87E-09,7.87E-09,2974.896705,1487.448352,1487.448352,0,0,0,0.069668547,0.034834273,,2.34E-05,,2.34E-05,0.5,1,0.5,1,1487.448352,1487.448352,1487.448352,0,0,1,0,7.87E-09,31757553.47
15500475.39,5055890.548,15503475.39,5055890.548,15503475.39,5052890.548,15500475.39,5052890.548,63515106.93,0,0,0,0,0,0,0,0,0,0,,0,,0,0,0,0,0,0,0,0,0,0,0,0,0,0
15500475.39,5052890.548,15503475.39,5052890.548,15503475.39,5049890.548,15500475.39,5049890.548,63515106.93,0,0,0,0,0,0,0,0,0,0,,0,,0,0,0,0,0,0,0,0,0,0,0,0,0,0
15500475.39,5049890.548,15503475.39,5049890.548,15503475.39,5046890.548,15500475.39,5046890.548,63515106.93,0,0,0,0,0,0,0,0,0,0,,0,,0,0,0,0,0,0,0,0,0,0,0,0,0,0
15500475.39,5046890.548,15503475.39,5046890.548,15503475.39,5043890.548,15500475.39,5043890.548,63515106.93,7.87E-09,7.87E-09,10241.00161,5120.500804,5120.500804,0,0,0,0.825615503,0.412807752,,8.06E-05,,8.06E-05,0.5,1,0.5,1,5120.500804,5120.500804,5120.500804,0,0,1,0,7.87E-09,31757553.47
15500475.39,5043890.548,15503475.39,5043890.548,15503475.39,5040890.548,15500475.39,5040890.548,63515106.93,7.87E-09,7.87E-09,14153.58246,7076.791229,7076.791229,0,0,0,1.576978345,0.788489172,,0.000111419,,0.000111419,0.5,1,0.5,1,7076.791229,7076.791229,7076.791229,0,0,1,0,7.87E-09,31757553.47
15500475.39,5040890.548,15503475.39,5040890.548,15503475.39,5037890.548,15500475.39,5037890.548,63515106.93,1.57E-08,1.57E-08,12972.04103,6321.134724,6650.906306,0,0,0,2.649351573,1.324675787,,0.000204236,,0.000204236,1,2,1,2,6486.020515,6321.134724,6650.906306,0,0,1,0,1.57E-08,63515106.93
15500475.39,5037890.548,15503475.39,5037890.548,15503475.39,5034890.548,15500475.39,5034890.548,63515106.93,7.87E-09,7.87E-09,13674.92788,6837.463939,6837.463939,0,0,0,1.472119481,0.73605974,,0.000107651,,0.000107651,0.5,1,0.5,1,6837.463939,6837.463939,6837.463939,0,0,1,0,7.87E-09,31757553.47
15500475.39,5034890.548,15503475.39,5034890.548,15503475.39,5031890.548,15500475.39,5031890.548,63515106.93,0,0,0,4363.587371,4363.587371,0,0,0,0,0.29978529,,6.87E-05,,6.87E-05,0,1,0,1,4363.587371,4363.587371,4363.587371,0,0,0,0,0,0
15500475.39,5031890.548,15503475.39,5031890.548,15503475.39,5028890.548,15500475.39,5028890.548,63515106.93,0,0,0,7341.314706,7341.314706,0,0,0,0,0.848536737,,0.000115584,,0.000115584,0,1,0,1,7341.314706,7341.314706,7341.314706,0,0,0,0,0,0
15500475.39,5028890.548,15503475.39,5028890.548,15503475.39,5025890.548,15500475.39,5025890.548,63515106.93,7.87E-09,7.87E-09,17178.73018,820.0729971,7769.292095,0,0,0,2.323138423,0.580784606,,0.000135233,,0.000135233,0.5,2,0.5,2,4294.682546,820.0729971,7769.292095,0,0,1,0,7.87E-09,31757553.47
15500475.39,5025890.548,15503475.39,5025890.548,15503475.39,5022890.548,15500475.39,5022890.548,63515106.93,7.87E-09,7.87E-09,22031.14622,5466.44503,5549.128082,0,0,0,3.820913066,0.955228267,,0.000173432,,0.000173432,0.5,2,0.5,2,5507.786556,5466.44503,5549.128082,0,0,1,0,7.87E-09,31757553.47
15500475.39,5022890.548,15503475.39,5022890.548,15503475.39,5019890.548,15500475.39,5019890.548,63515106.93,1.57E-08,1.57E-08,9066.23986,1990.448851,7075.791009,0,0,0,1.294128424,0.647064212,,0.000142741,,0.000142741,1,2,1,2,4533.11993,1990.448851,7075.791009,0,0,1,0,1.57E-08,63515106.93
15500475.39,5019890.548,15503475.39,5019890.548,15503475.39,5016890.548,15500475.39,5016890.548,63515106.93,7.87E-09,7.87E-09,17175.39808,3338.020968,5249.67807,0,0,0,2.322237286,0.580559321,,0.000135207,,0.000135207,0.5,2,0.5,2,4293.849519,3338.020968,5249.67807,0,0,1,0,7.87E-09,31757553.47
15500475.39,5016890.548,15503475.39,5016890.548,15503475.39,5013890.548,15500475.39,5013890.548,63515106.93,7.87E-09,7.87E-09,4948.336489,2474.168245,2474.168245,0,0,0,0.19275756,0.09637878,,3.90E-05,,3.90E-05,0.5,1,0.5,1,2474.168245,2474.168245,2474.168245,0,0,1,0,7.87E-09,31757553.47
15500475.39,5013890.548,15503475.39,5013890.548,15503475.39,5010890.548,15500475.39,5010890.548,63515106.93,0,0,0,0,0,0,0,0,0,0,,0,,0,0,0,0,0,0,0,0,0,0,0,0,0,0
15500475.39,5010890.548,15503475.39,5010890.548,15503475.39,5007890.548,15500475.39,5007890.548,63515106.93,0,0,0,0,0,0,0,0,0,0,,0,,0,0,0,0,0,0,0,0,0,0,0,0,0,0
15500475.39,5007890.548,15503475.39,5007890.548,15503475.39,5004890.548,15500475.39,5004890.548,63515106.93,0,0,0,0,0,0,0,0,0,0,,0,,0,0,0,0,0,0,0,0,0,0,0,0,0,0
15500475.39,5004890.548,15503475.39,5004890.548,15503475.39,5001890.548,15500475.39,5001890.548,63515106.93,0,0,0,0,0,0,0,0,0,0,,0,,0,0,0,0,0,0,0,0,0,0,0,0,0,0
15500475.39,5001890.548,15503475.39,5001890.548,15503475.39,4998890.548,15500475.39,4998890.548,63515106.93,0,0,0,0,0,0,0,0,0,0,,0,,0,0,0,0,0,0,0,0,0,0,0,0,0,0
15500475.39,4998890.548,15503475.39,4998890.548,15503475.39,4995890.548,15500475.39,4995890.548,63515106.93,0,0,0,0,0,0,0,0,0,0,,0,,0,0,0,0,0,0,0,0,0,0,0,0,0,0
15500475.39,4995890.548,15503475.39,4995890.548,15503475.39,4992890.548,15500475.39,4992890.548,63515106.93,7.87E-09,7.87E-09,6343.996395,3171.998197,3171.998197,0,0,0,0.316824549,0.158412275,,4.99E-05,,4.99E-05,0.5,1,0.5,1,3171.998197,3171.998197,3171.998197,0,0,1,0,7.87E-09,31757553.47
15500475.39,4992890.548,15503475.39,4992890.548,15503475.39,4989890.548,15500475.39,4989890.548,63515106.93,7.87E-09,7.87E-09,11474.16649,5737.083245,5737.083245,0,0,0,1.036418759,0.51820938,,9.03E-05,,9.03E-05,0.5,1,0.5,1,5737.083245,5737.083245,5737.083245,0,0,1,0,7.87E-09,31757553.47
15500475.39,4989890.548,15503475.39,4989890.548,15503475.39,4986890.548,15500475.39,4986890.548,63515106.93,7.87E-09,7.87E-09,15672.02069,7836.010347,7836.010347,0,0,0,1.933494601,0.9667473,,0.000123372,,0.000123372,0.5,1,0.5,1,7836.010347,7836.010347,7836.010347,0,0,1,0,7.87E-09,31757553.47
15500475.39,4986890.548,15503475.39,4986890.548,15503475.39,4983890.548,15500475.39,4983890.548,63515106.93,0,0,0,4946.97786,4946.97786,0,0,0,0,0.385303452,,7.79E-05,,7.79E-05,0,1,0,1,4946.97786,4946.97786,4946.97786,0,0,0,0,0,0
15500475.39,4983890.548,15503475.39,4983890.548,15503475.39,4980890.548,15500475.39,4980890.548,63515106.93,0,0,0,0,0,0,0,0,0,0,,0,,0,0,0,0,0,0,0,0,0,0,0,0,0,0
15500475.39,4980890.548,15503475.39,4980890.548,15503475.39,4977890.548,15500475.39,4977890.548,63515106.93,0,0,0,0,0,0,0,0,0,0,,0,,0,0,0,0,0,0,0,0,0,0,0,0,0,0
15500475.39,4977890.548,15503475.39,4977890.548,15503475.39,4974890.548,15500475.39,4974890.548,63515106.93,0,0,0,0,0,0,0,0,0,0,,0,,0,0,0,0,0,0,0,0,0,0,0,0,0,0
15500475.39,4974890.548,15503475.39,4974890.548,15503475.39,4971890.548,15500475.39,4971890.548,63515106.93,0,0,0,0,0,0,0,0,0,0,,0,,0,0,0,0,0,0,0,0,0,0,0,0,0,0
15500475.39,4971890.548,15503475.39,4971890.548,15503475.39,4968890.548,15500475.39,4968890.548,63515106.93,0,0,0,0,0,0,0,0,0,0,,0,,0,0,0,0,0,0,0,0,0,0,0,0,0,0
15500475.39,4968890.548,15503475.39,4968890.548,15503475.39,4965890.548,15500475.39,4965890.548,63515106.93,0,0,0,0,0,0,0,0,0,0,,0,,0,0,0,0,0,0,0,0,0,0,0,0,0,0
15500475.39,4965890.548,15503475.39,4965890.548,15503475.39,4962890.548,15500475.39,4962890.548,63515106.93,0,0,0,0,0,0,0,0,0,0,,0,,0,0,0,0,0,0,0,0,0,0,0,0,0,0
15500475.39,4962890.548,15503475.39,4962890.548,15503475.39,4959890.548,15500475.39,4959890.548,63515106.93,0,0,0,0,0,0,0,0,0,0,,0,,0,0,0,0,0,0,0,0,0,0,0,0,0,0
15500475.39,4959890.548,15503475.39,4959890.548,15503475.39,4956890.548,15500475.39,4956890.548,63515106.93,0,0,0,0,0,0,0,0,0,0,,0,,0,0,0,0,0,0,0,0,0,0,0,0,0,0
15500475.39,4956890.548,15503475.39,4956890.548,15503475.39,4953890.548,15500475.39,4953890.548,63515106.93,0,0,0,0,0,0,0,0,0,0,,0,,0,0,0,0,0,0,0,0,0,0,0,0,0,0
15500475.39,4953890.548,15503475.39,4953890.548,15503475.39,4950890.548,15500475.39,4950890.548,63515106.93,0,0,0,0,0,0,0,0,0,0,,0,,0,0,0,0,0,0,0,0,0,0,0,0,0,0
15500475.39,4950890.548,15503475.39,4950890.548,15503475.39,4947890.548,15500475.39,4947890.548,63515106.93,0,0,0,0,0,0,0,0,0,0,,0,,0,0,0,0,0,0,0,0,0,0,0,0,0,0
15500475.39,4947890.548,15503475.39,4947890.548,15503475.39,4944890.548,15500475.39,4944890.548,63515106.93,0,0,0,0,0,0,0,0,0,0,,0,,0,0,0,0,0,0,0,0,0,0,0,0,0,0
15500475.39,4944890.548,15503475.39,4944890.548,15503475.39,4941890.548,15500475.39,4941890.548,63515106.93,0,0,0,0,0,0,0,0,0,0,,0,,0,0,0,0,0,0,0,0,0,0,0,0,0,0
15503475.39,5121890.548,15506475.39,5121890.548,15506475.39,5118890.548,15503475.39,5118890.548,63515106.93,0,0,0,0,0,0,0,0,0,0,,0,,0,0,0,0,0,0,0,0,0,0,0,0,0,0
15503475.39,5118890.548,15506475.39,5118890.548,15506475.39,5115890.548,15503475.39,5115890.548,63515106.93,0,0,0,0,0,0,0,0,0,0,,0,,0,0,0,0,0,0,0,0,0,0,0,0,0,0
15503475.39,5115890.548,15506475.39,5115890.548,15506475.39,5112890.548,15503475.39,5112890.548,63515106.93,0,0,0,0,0,0,0,0,0,0,,0,,0,0,0,0,0,0,0,0,0,0,0,0,0,0
15503475.39,5112890.548,15506475.39,5112890.548,15506475.39,5109890.548,15503475.39,5109890.548,63515106.93,0,0,0,0,0,0,0,0,0,0,,0,,0,0,0,0,0,0,0,0,0,0,0,0,0,0
15503475.39,5109890.548,15506475.39,5109890.548,15506475.39,5106890.548,15503475.39,5106890.548,63515106.93,0,0,0,0,0,0,0,0,0,0,,0,,0,0,0,0,0,0,0,0,0,0,0,0,0,0
15503475.39,5106890.548,15506475.39,5106890.548,15506475.39,5103890.548,15503475.39,5103890.548,63515106.93,0,0,0,0,0,0,0,0,0,0,,0,,0,0,0,0,0,0,0,0,0,0,0,0,0,0
15503475.39,5103890.548,15506475.39,5103890.548,15506475.39,5100890.548,15503475.39,5100890.548,63515106.93,0,0,0,0,0,0,0,0,0,0,,0,,0,0,0,0,0,0,0,0,0,0,0,0,0,0
15503475.39,5100890.548,15506475.39,5100890.548,15506475.39,5097890.548,15503475.39,5097890.548,63515106.93,0,0,0,0,0,0,0,0,0,0,,0,,0,0,0,0,0,0,0,0,0,0,0,0,0,0
15503475.39,5097890.548,15506475.39,5097890.548,15506475.39,5094890.548,15503475.39,5094890.548,63515106.93,0,0,0,0,0,0,0,0,0,0,,0,,0,0,0,0,0,0,0,0,0,0,0,0,0,0
15503475.39,5094890.548,15506475.39,5094890.548,15506475.39,5091890.548,15503475.39,5091890.548,63515106.93,0,0,0,0,0,0,0,0,0,0,,0,,0,0,0,0,0,0,0,0,0,0,0,0,0,0
15503475.39,5091890.548,15506475.39,5091890.548,15506475.39,5088890.548,15503475.39,5088890.548,63515106.93,0,0,0,0,0,0,0,0,0,0,,0,,0,0,0,0,0,0,0,0,0,0,0,0,0,0
15503475.39,5088890.548,15506475.39,5088890.548,15506475.39,5085890.548,15503475.39,5085890.548,63515106.93,7.87E-09,7.87E-09,947.1414999,473.5707499,473.5707499,0,0,0,0.007061919,0.003530959,,7.46E-06,,7.46E-06,0.5,1,0.5,1,473.5707499,473.5707499,473.5707499,0,0,1,0,7.87E-09,31757553.47
15503475.39,5085890.548,15506475.39,5085890.548,15506475.39,5082890.548,15503475.39,5082890.548,63515106.93,1.57E-08,1.57E-08,1889.384367,785.3448504,1104.039516,0,0,0,0.056203531,0.028101766,,2.97E-05,,2.97E-05,1,2,1,2,944.6921833,785.3448504,1104.039516,0,0,1,0,1.57E-08,63515106.93
15503475.39,5082890.548,15506475.39,5082890.548,15506475.39,5079890.548,15503475.39,5079890.548,63515106.93,7.87E-09,7.87E-09,1805.020548,902.5102739,902.5102739,0,0,0,0.025648222,0.012824111,,1.42E-05,,1.42E-05,0.5,1,0.5,1,902.5102739,902.5102739,902.5102739,0,0,1,0,7.87E-09,31757553.47
15503475.39,5079890.548,15506475.39,5079890.548,15506475.39,5076890.548,15503475.39,5076890.548,63515106.93,0,0,0,0,0,0,0,0,0,0,,0,,0,0,0,0,0,0,0,0,0,0,0,0,0,0
15503475.39,5076890.548,15506475.39,5076890.548,15506475.39,5073890.548,15503475.39,5073890.548,63515106.93,0,0,0,0,0,0,0,0,0,0,,0,,0,0,0,0,0,0,0,0,0,0,0,0,0,0
15503475.39,5073890.548,15506475.39,5073890.548,15506475.39,5070890.548,15503475.39,5070890.548,63515106.93,0,0,0,0,0,0,0,0,0,0,,0,,0,0,0,0,0,0,0,0,0,0,0,0,0,0
15503475.39,5070890.548,15506475.39,5070890.548,15506475.39,5067890.548,15503475.39,5067890.548,63515106.93,0,0,0,0,0,0,0,0,0,0,,0,,0,0,0,0,0,0,0,0,0,0,0,0,0,0
15503475.39,5067890.548,15506475.39,5067890.548,15506475.39,5064890.548,15503475.39,5064890.548,63515106.93,0,0,0,0,0,0,0,0,0,0,,0,,0,0,0,0,0,0,0,0,0,0,0,0,0,0
15503475.39,5064890.548,15506475.39,5064890.548,15506475.39,5061890.548,15503475.39,5061890.548,63515106.93,0,0,0,0,0,0,0,0,0,0,,0,,0,0,0,0,0,0,0,0,0,0,0,0,0,0
15503475.39,5061890.548,15506475.39,5061890.548,15506475.39,5058890.548,15503475.39,5058890.548,63515106.93,0,0,0,0,0,0,0,0,0,0,,0,,0,0,0,0,0,0,0,0,0,0,0,0,0,0
15503475.39,5058890.548,15506475.39,5058890.548,15506475.39,5055890.548,15503475.39,5055890.548,63515106.93,0,0,0,0,0,0,0,0,0,0,,0,,0,0,0,0,0,0,0,0,0,0,0,0,0,0
15503475.39,5055890.548,15506475.39,5055890.548,15506475.39,5052890.548,15503475.39,5052890.548,63515106.93,0,0,0,0,0,0,0,0,0,0,,0,,0,0,0,0,0,0,0,0,0,0,0,0,0,0
15503475.39,5052890.548,15506475.39,5052890.548,15506475.39,5049890.548,15503475.39,5049890.548,63515106.93,0,0,0,0,0,0,0,0,0,0,,0,,0,0,0,0,0,0,0,0,0,0,0,0,0,0
15503475.39,5049890.548,15506475.39,5049890.548,15506475.39,5046890.548,15503475.39,5046890.548,63515106.93,0,0,0,0,0,0,0,0,0,0,,0,,0,0,0,0,0,0,0,0,0,0,0,0,0,0
15503475.39,5046890.548,15506475.39,5046890.548,15506475.39,5043890.548,15503475.39,5043890.548,63515106.93,7.87E-09,7.87E-09,4622.24107,2311.120535,2311.120535,0,0,0,0.168189219,0.08409461,,3.64E-05,,3.64E-05,0.5,1,0.5,1,2311.120535,2311.120535,2311.120535,0,0,1,0,7.87E-09,31757553.47
15503475.39,5043890.548,15506475.39,5043890.548,15506475.39,5040890.548,15503475.39,5040890.548,63515106.93,7.87E-09,7.87E-09,8211.733071,4105.866535,4105.866535,0,0,0,0.530838751,0.265419375,,6.46E-05,,6.46E-05,0.5,1,0.5,1,4105.866535,4105.866535,4105.866535,0,0,1,0,7.87E-09,31757553.47
15503475.39,5040890.548,15506475.39,5040890.548,15506475.39,5037890.548,15503475.39,5037890.548,63515106.93,1.57E-08,1.57E-08,6939.478273,3412.992556,3526.485716,0,0,0,0.758187477,0.379093739,,0.000109257,,0.000109257,1,2,1,2,3469.739136,3412.992556,3526.485716,0,0,1,0,1.57E-08,63515106.93
15503475.39,5037890.548,15506475.39,5037890.548,15506475.39,5034890.548,15503475.39,5034890.548,63515106.93,7.87E-09,7.87E-09,7535.342684,3767.671342,3767.671342,0,0,0,0.446991213,0.223495606,,5.93E-05,,5.93E-05,0.5,1,0.5,1,3767.671342,3767.671342,3767.671342,0,0,1,0,7.87E-09,31757553.47
15503475.39,5034890.548,15506475.39,5034890.548,15506475.39,5031890.548,15503475.39,5031890.548,63515106.93,7.87E-09,7.87E-09,2953.679006,1476.839503,1476.839503,0,0,0,0.068678304,0.034339152,,2.33E-05,,2.33E-05,0.5,1,0.5,1,1476.839503,1476.839503,1476.839503,0,0,1,0,7.87E-09,31757553.47
15503475.39,5031890.548,15506475.39,5031890.548,15506475.39,5028890.548,15503475.39,5028890.548,63515106.93,0,0,0,3994.971406,3994.971406,0,0,0,0,0.251275599,,6.29E-05,,6.29E-05,0,1,0,1,3994.971406,3994.971406,3994.971406,0,0,0,0,0,0
15503475.39,5028890.548,15506475.39,5028890.548,15506475.39,5025890.548,15503475.39,5025890.548,63515106.93,7.87E-09,7.87E-09,11039.95086,612.5677523,4907.407678,0,0,0,0.959460834,0.239865209,,8.69E-05,,8.69E-05,0.5,2,0.5,2,2759.987715,612.5677523,4907.407678,0,0,1,0,7.87E-09,31757553.47
15503475.39,5025890.548,15506475.39,5025890.548,15506475.39,5022890.548,15503475.39,5022890.548,63515106.93,7.87E-09,7.87E-09,13265.51392,3115.957877,3516.799085,0,0,0,1.385291375,0.346322844,,0.000104428,,0.000104428,0.5,2,0.5,2,3316.378481,3115.957877,3516.799085,0,0,1,0,7.87E-09,31757553.47
15503475.39,5022890.548,15506475.39,5022890.548,15506475.39,5019890.548,15503475.39,5019890.548,63515106.93,7.87E-09,7.87E-09,8093.010197,63.14503221,3983.360066,0,0,0,0.515600282,0.12890007,,6.37E-05,,6.37E-05,0.5,2,0.5,2,2023.252549,63.14503221,3983.360066,0,0,1,0,7.87E-09,31757553.47
15503475.39,5019890.548,15506475.39,5019890.548,15506475.39,5016890.548,15503475.39,5016890.548,63515106.93,7.87E-09,7.87E-09,401.5808389,200.7904194,200.7904194,0,0,0,0.001269518,0.000634759,,3.16E-06,,3.16E-06,0.5,1,0.5,1,200.7904194,200.7904194,200.7904194,0,0,1,0,7.87E-09,31757553.47
15503475.39,5016890.548,15506475.39,5016890.548,15506475.39,5013890.548,15503475.39,5013890.548,63515106.93,0,0,0,0,0,0,0,0,0,0,,0,,0,0,0,0,0,0,0,0,0,0,0,0,0,0
15503475.39,5013890.548,15506475.39,5013890.548,15506475.39,5010890.548,15503475.39,5010890.548,63515106.93,0,0,0,0,0,0,0,0,0,0,,0,,0,0,0,0,0,0,0,0,0,0,0,0,0,0
15503475.39,5010890.548,15506475.39,5010890.548,15506475.39,5007890.548,15503475.39,5007890.548,63515106.93,0,0,0,0,0,0,0,0,0,0,,0,,0,0,0,0,0,0,0,0,0,0,0,0,0,0
15503475.39,5007890.548,15506475.39,5007890.548,15506475.39,5004890.548,15503475.39,5004890.548,63515106.93,0,0,0,0,0,0,0,0,0,0,,0,,0,0,0,0,0,0,0,0,0,0,0,0,0,0
15503475.39,5004890.548,15506475.39,5004890.548,15506475.39,5001890.548,15503475.39,5001890.548,63515106.93,0,0,0,0,0,0,0,0,0,0,,0,,0,0,0,0,0,0,0,0,0,0,0,0,0,0
15503475.39,5001890.548,15506475.39,5001890.548,15506475.39,4998890.548,15503475.39,4998890.548,63515106.93,0,0,0,0,0,0,0,0,0,0,,0,,0,0,0,0,0,0,0,0,0,0,0,0,0,0
15503475.39,4998890.548,15506475.39,4998890.548,15506475.39,4995890.548,15503475.39,4995890.548,63515106.93,0,0,0,0,0,0,0,0,0,0,,0,,0,0,0,0,0,0,0,0,0,0,0,0,0,0
15503475.39,4995890.548,15506475.39,4995890.548,15506475.39,4992890.548,15503475.39,4992890.548,63515106.93,7.87E-09,7.87E-09,2765.920165,1382.960082,1382.960082,0,0,0,0.060224368,0.030112184,,2.18E-05,,2.18E-05,0.5,1,0.5,1,1382.960082,1382.960082,1382.960082,0,0,1,0,7.87E-09,31757553.47
15503475.39,4992890.548,15506475.39,4992890.548,15506475.39,4989890.548,15503475.39,4989890.548,63515106.93,7.87E-09,7.87E-09,5653.49434,2826.74717,2826.74717,0,0,0,0.251609419,0.125804709,,4.45E-05,,4.45E-05,0.5,1,0.5,1,2826.74717,2826.74717,2826.74717,0,0,1,0,7.87E-09,31757553.47
15503475.39,4989890.548,15506475.39,4989890.548,15506475.39,4986890.548,15503475.39,4986890.548,63515106.93,0,0,0,0,0,0,0,0,0,0,,0,,0,0,0,0,0,0,0,0,0,0,0,0,0,0
15503475.39,4986890.548,15506475.39,4986890.548,15506475.39,4983890.548,15503475.39,4983890.548,63515106.93,0,0,0,0,0,0,0,0,0,0,,0,,0,0,0,0,0,0,0,0,0,0,0,0,0,0
15503475.39,4983890.548,15506475.39,4983890.548,15506475.39,4980890.548,15503475.39,4980890.548,63515106.93,0,0,0,0,0,0,0,0,0,0,,0,,0,0,0,0,0,0,0,0,0,0,0,0,0,0
15503475.39,4980890.548,15506475.39,4980890.548,15506475.39,4977890.548,15503475.39,4977890.548,63515106.93,0,0,0,0,0,0,0,0,0,0,,0,,0,0,0,0,0,0,0,0,0,0,0,0,0,0
15503475.39,4977890.548,15506475.39,4977890.548,15506475.39,4974890.548,15503475.39,4974890.548,63515106.93,0,0,0,0,0,0,0,0,0,0,,0,,0,0,0,0,0,0,0,0,0,0,0,0,0,0
15503475.39,4974890.548,15506475.39,4974890.548,15506475.39,4971890.548,15503475.39,4971890.548,63515106.93,0,0,0,0,0,0,0,0,0,0,,0,,0,0,0,0,0,0,0,0,0,0,0,0,0,0
15503475.39,4971890.548,15506475.39,4971890.548,15506475.39,4968890.548,15503475.39,4968890.548,63515106.93,0,0,0,0,0,0,0,0,0,0,,0,,0,0,0,0,0,0,0,0,0,0,0,0,0,0
15503475.39,4968890.548,15506475.39,4968890.548,15506475.39,4965890.548,15503475.39,4965890.548,63515106.93,0,0,0,0,0,0,0,0,0,0,,0,,0,0,0,0,0,0,0,0,0,0,0,0,0,0
15503475.39,4965890.548,15506475.39,4965890.548,15506475.39,4962890.548,15503475.39,4962890.548,63515106.93,0,0,0,0,0,0,0,0,0,0,,0,,0,0,0,0,0,0,0,0,0,0,0,0,0,0
15503475.39,4962890.548,15506475.39,4962890.548,15506475.39,4959890.548,15503475.39,4959890.548,63515106.93,0,0,0,0,0,0,0,0,0,0,,0,,0,0,0,0,0,0,0,0,0,0,0,0,0,0
15503475.39,4959890.548,15506475.39,4959890.548,15506475.39,4956890.548,15503475.39,4956890.548,63515106.93,0,0,0,0,0,0,0,0,0,0,,0,,0,0,0,0,0,0,0,0,0,0,0,0,0,0
15503475.39,4956890.548,15506475.39,4956890.548,15506475.39,4953890.548,15503475.39,4953890.548,63515106.93,0,0,0,0,0,0,0,0,0,0,,0,,0,0,0,0,0,0,0,0,0,0,0,0,0,0
15503475.39,4953890.548,15506475.39,4953890.548,15506475.39,4950890.548,15503475.39,4950890.548,63515106.93,0,0,0,0,0,0,0,0,0,0,,0,,0,0,0,0,0,0,0,0,0,0,0,0,0,0
15503475.39,4950890.548,15506475.39,4950890.548,15506475.39,4947890.548,15503475.39,4947890.548,63515106.93,0,0,0,0,0,0,0,0,0,0,,0,,0,0,0,0,0,0,0,0,0,0,0,0,0,0
15503475.39,4947890.548,15506475.39,4947890.548,15506475.39,4944890.548,15503475.39,4944890.548,63515106.93,0,0,0,0,0,0,0,0,0,0,,0,,0,0,0,0,0,0,0,0,0,0,0,0,0,0
15503475.39,4944890.548,15506475.39,4944890.548,15506475.39,4941890.548,15503475.39,4941890.548,63515106.93,0,0,0,0,0,0,0,0,0,0,,0,,0,0,0,0,0,0,0,0,0,0,0,0,0,0
