vertex1_x,vertex1_y,vertex2_x,vertex2_y,vertex3_x,vertex3_y,vertex4_x,vertex4_y,Area,Areal Frequency B20,Areal Frequency P20,Branch Mean Length,Branch Min Length,Branch Max Length,Connections per Branch,Connections per Trace,Connection Frequency,Dimensionless Intensity B22,Dimensionless Intensity P22,Fracture Density (Mauldon),Fracture Intensity B21,Fracture Intensity (Mauldon),Fracture Intensity P21,Number of Branches,Number of Branches (Real),Number of Traces,Number of Traces (Real),Trace Mean Length,Trace Min Length,Trace Max Length,1(NC/NB)Number of connected nodes per branch,2(NC/NL)Number of connected nodes per fault line,3(NB/NL)Number of branches per fault line,4(NC/A)Number of connected nodes per unit area,5(NB/A)Number of branch faults per unit area ,6(N_LA)The number of fault lines per unit area 
15334126.94,5088944.148,15337126.94,5088944.148,15337126.94,5085944.148,15334126.94,5085944.148,63515106.93,0,0,0,0,0,0,0,0,0,0,,0,,0,0,0,0,0,0,0,0,0,0,0,0,0,0
15334126.94,5085944.148,15337126.94,5085944.148,15337126.94,5082944.148,15334126.94,5082944.148,63515106.93,0,0,0,0,0,0,0,0,0,0,,0,,0,0,0,0,0,0,0,0,0,0,0,0,0,0
15334126.94,5082944.148,15337126.94,5082944.148,15337126.94,5079944.148,15334126.94,5079944.148,63515106.93,0,0,0,0,0,0,0,0,0,0,,0,,0,0,0,0,0,0,0,0,0,0,0,0,0,0
15334126.94,5079944.148,15337126.94,5079944.148,15337126.94,5076944.148,15334126.94,5076944.148,63515106.93,0,0,0,0,0,0,0,0,0,0,,0,,0,0,0,0,0,0,0,0,0,0,0,0,0,0
15334126.94,5076944.148,15337126.94,5076944.148,15337126.94,5073944.148,15334126.94,5073944.148,63515106.93,0,0,0,0,0,0,0,0,0,0,,0,,0,0,0,0,0,0,0,0,0,0,0,0,0,0
15334126.94,5073944.148,15337126.94,5073944.148,15337126.94,5070944.148,15334126.94,5070944.148,63515106.93,0,0,0,0,0,0,0,0,0,0,,0,,0,0,0,0,0,0,0,0,0,0,0,0,0,0
15334126.94,5070944.148,15337126.94,5070944.148,15337126.94,5067944.148,15334126.94,5067944.148,63515106.93,0,0,0,0,0,0,0,0,0,0,,0,,0,0,0,0,0,0,0,0,0,0,0,0,0,0
15334126.94,5067944.148,15337126.94,5067944.148,15337126.94,5064944.148,15334126.94,5064944.148,63515106.93,0,0,0,0,0,0,0,0,0,0,,0,,0,0,0,0,0,0,0,0,0,0,0,0,0,0
15334126.94,5064944.148,15337126.94,5064944.148,15337126.94,5061944.148,15334126.94,5061944.148,63515106.93,0,0,0,0,0,0,0,0,0,0,,0,,0,0,0,0,0,0,0,0,0,0,0,0,0,0
15334126.94,5061944.148,15337126.94,5061944.148,15337126.94,5058944.148,15334126.94,5058944.148,63515106.93,0,0,0,0,0,0,0,0,0,0,,0,,0,0,0,0,0,0,0,0,0,0,0,0,0,0
15334126.94,5058944.148,15337126.94,5058944.148,15337126.94,5055944.148,15334126.94,5055944.148,63515106.93,0,0,0,0,0,0,0,0,0,0,,0,,0,0,0,0,0,0,0,0,0,0,0,0,0,0
15334126.94,5055944.148,15337126.94,5055944.148,15337126.94,5052944.148,15334126.94,5052944.148,63515106.93,0,0,0,0,0,0,0,0,0,0,,0,,0,0,0,0,0,0,0,0,0,0,0,0,0,0
15334126.94,5052944.148,15337126.94,5052944.148,15337126.94,5049944.148,15334126.94,5049944.148,63515106.93,0,0,0,0,0,0,0,0,0,0,,0,,0,0,0,0,0,0,0,0,0,0,0,0,0,0
15334126.94,5049944.148,15337126.94,5049944.148,15337126.94,5046944.148,15334126.94,5046944.148,63515106.93,0,0,0,0,0,0,0,0,0,0,,0,,0,0,0,0,0,0,0,0,0,0,0,0,0,0
15334126.94,5046944.148,15337126.94,5046944.148,15337126.94,5043944.148,15334126.94,5043944.148,63515106.93,0,0,0,0,0,0,0,0,0,0,,0,,0,0,0,0,0,0,0,0,0,0,0,0,0,0
15334126.94,5043944.148,15337126.94,5043944.148,15337126.94,5040944.148,15334126.94,5040944.148,63515106.93,0,0,0,0,0,0,0,0,0,0,,0,,0,0,0,0,0,0,0,0,0,0,0,0,0,0
15334126.94,5040944.148,15337126.94,5040944.148,15337126.94,5037944.148,15334126.94,5037944.148,63515106.93,0,0,0,0,0,0,0,0,0,0,,0,,0,0,0,0,0,0,0,0,0,0,0,0,0,0
15334126.94,5037944.148,15337126.94,5037944.148,15337126.94,5034944.148,15334126.94,5034944.148,63515106.93,0,0,0,0,0,0,0,0,0,0,,0,,0,0,0,0,0,0,0,0,0,0,0,0,0,0
15334126.94,5034944.148,15337126.94,5034944.148,15337126.94,5031944.148,15334126.94,5031944.148,63515106.93,0,0,0,0,0,0,0,0,0,0,,0,,0,0,0,0,0,0,0,0,0,0,0,0,0,0
15334126.94,5031944.148,15337126.94,5031944.148,15337126.94,5028944.148,15334126.94,5028944.148,63515106.93,0,0,0,0,0,0,0,0,0,0,,0,,0,0,0,0,0,0,0,0,0,0,0,0,0,0
15334126.94,5028944.148,15337126.94,5028944.148,15337126.94,5025944.148,15334126.94,5025944.148,63515106.93,0,0,0,0,0,0,0,0,0,0,,0,,0,0,0,0,0,0,0,0,0,0,0,0,0,0
15334126.94,5025944.148,15337126.94,5025944.148,15337126.94,5022944.148,15334126.94,5022944.148,63515106.93,0,0,0,0,0,0,0,0,0,0,,0,,0,0,0,0,0,0,0,0,0,0,0,0,0,0
15334126.94,5022944.148,15337126.94,5022944.148,15337126.94,5019944.148,15334126.94,5019944.148,63515106.93,0,0,0,0,0,0,0,0,0,0,,0,,0,0,0,0,0,0,0,0,0,0,0,0,0,0
15334126.94,5019944.148,15337126.94,5019944.148,15337126.94,5016944.148,15334126.94,5016944.148,63515106.93,0,0,0,0,0,0,0,0,0,0,,0,,0,0,0,0,0,0,0,0,0,0,0,0,0,0
15334126.94,5016944.148,15337126.94,5016944.148,15337126.94,5013944.148,15334126.94,5013944.148,63515106.93,0,0,0,0,0,0,0,0,0,0,,0,,0,0,0,0,0,0,0,0,0,0,0,0,0,0
15334126.94,5013944.148,15337126.94,5013944.148,15337126.94,5010944.148,15334126.94,5010944.148,63515106.93,0,0,0,0,0,0,0,0,0,0,,0,,0,0,0,0,0,0,0,0,0,0,0,0,0,0
15334126.94,5010944.148,15337126.94,5010944.148,15337126.94,5007944.148,15334126.94,5007944.148,63515106.93,0,0,0,0,0,0,0,0,0,0,,0,,0,0,0,0,0,0,0,0,0,0,0,0,0,0
15334126.94,5007944.148,15337126.94,5007944.148,15337126.94,5004944.148,15334126.94,5004944.148,63515106.93,0,0,0,0,0,0,0,0,0,0,,0,,0,0,0,0,0,0,0,0,0,0,0,0,0,0
15334126.94,5004944.148,15337126.94,5004944.148,15337126.94,5001944.148,15334126.94,5001944.148,63515106.93,0,0,0,0,0,0,0,0,0,0,,0,,0,0,0,0,0,0,0,0,0,0,0,0,0,0
15334126.94,5001944.148,15337126.94,5001944.148,15337126.94,4998944.148,15334126.94,4998944.148,63515106.93,0,0,0,0,0,0,0,0,0,0,,0,,0,0,0,0,0,0,0,0,0,0,0,0,0,0
15334126.94,4998944.148,15337126.94,4998944.148,15337126.94,4995944.148,15334126.94,4995944.148,63515106.93,7.87E-09,7.87E-09,2316.616454,1158.308227,1158.308227,0,0,0,0.042247522,0.021123761,,1.82E-05,,1.82E-05,0.5,1,0.5,1,1158.308227,1158.308227,1158.308227,0,0,1,0,7.87E-09,31757553.47
15334126.94,4995944.148,15337126.94,4995944.148,15337126.94,4992944.148,15334126.94,4992944.148,63515106.93,7.87E-09,7.87E-09,188.4420565,94.22102825,94.22102825,0,0,0,0.000279543,0.000139772,,1.48E-06,,1.48E-06,0.5,1,0.5,1,94.22102825,94.22102825,94.22102825,0,0,1,0,7.87E-09,31757553.47
15334126.94,4992944.148,15337126.94,4992944.148,15337126.94,4989944.148,15334126.94,4989944.148,63515106.93,1.57E-08,1.57E-08,8407.457724,1383.549831,5382.192426,0,0,0,1.112890284,0.370963428,,0.000132369,,0.000132369,1,3,1,3,2802.485908,1383.549831,5382.192426,0,0,1,0,1.57E-08,63515106.93
15334126.94,4989944.148,15337126.94,4989944.148,15337126.94,4986944.148,15334126.94,4986944.148,63515106.93,2.36E-08,2.36E-08,11647.2175,3240.859764,6125.60721,0,0,0,3.203749834,1.201406188,,0.000275066,,0.000275066,1.5,4,1.5,4,4367.706563,3240.859764,6125.60721,0,0,1,0,2.36E-08,95272660.4
15334126.94,4986944.148,15337126.94,4986944.148,15337126.94,4983944.148,15334126.94,4983944.148,63515106.93,2.36E-08,2.36E-08,10214.03478,2749.224762,5782.421397,0,0,0,2.463819511,0.923932317,,0.000241219,,0.000241219,1.5,4,1.5,4,3830.263042,2749.224762,5782.421397,0,0,1,0,2.36E-08,95272660.4
15334126.94,4983944.148,15337126.94,4983944.148,15337126.94,4980944.148,15334126.94,4980944.148,63515106.93,7.87E-09,7.87E-09,9975.172609,4987.586305,4987.586305,0,0,0,0.78331025,0.391655125,,7.85E-05,,7.85E-05,0.5,1,0.5,1,4987.586305,4987.586305,4987.586305,0,0,1,0,7.87E-09,31757553.47
15334126.94,4980944.148,15337126.94,4980944.148,15337126.94,4977944.148,15334126.94,4977944.148,63515106.93,0,0,0,0,0,0,0,0,0,0,,0,,0,0,0,0,0,0,0,0,0,0,0,0,0,0
15334126.94,4977944.148,15337126.94,4977944.148,15337126.94,4974944.148,15334126.94,4974944.148,63515106.93,0,0,0,0,0,0,0,0,0,0,,0,,0,0,0,0,0,0,0,0,0,0,0,0,0,0
15334126.94,4974944.148,15337126.94,4974944.148,15337126.94,4971944.148,15334126.94,4971944.148,63515106.93,0,0,0,0,0,0,0,0,0,0,,0,,0,0,0,0,0,0,0,0,0,0,0,0,0,0
15334126.94,4971944.148,15337126.94,4971944.148,15337126.94,4968944.148,15334126.94,4968944.148,63515106.93,0,0,0,0,0,0,0,0,0,0,,0,,0,0,0,0,0,0,0,0,0,0,0,0,0,0
15334126.94,4968944.148,15337126.94,4968944.148,15337126.94,4965944.148,15334126.94,4965944.148,63515106.93,0,0,0,0,0,0,0,0,0,0,,0,,0,0,0,0,0,0,0,0,0,0,0,0,0,0
15334126.94,4965944.148,15337126.94,4965944.148,15337126.94,4962944.148,15334126.94,4962944.148,63515106.93,0,0,0,0,0,0,0,0,0,0,,0,,0,0,0,0,0,0,0,0,0,0,0,0,0,0
15334126.94,4962944.148,15337126.94,4962944.148,15337126.94,4959944.148,15334126.94,4959944.148,63515106.93,0,0,0,0,0,0,0,0,0,0,,0,,0,0,0,0,0,0,0,0,0,0,0,0,0,0
15334126.94,4959944.148,15337126.94,4959944.148,15337126.94,4956944.148,15334126.94,4956944.148,63515106.93,0,0,0,0,0,0,0,0,0,0,,0,,0,0,0,0,0,0,0,0,0,0,0,0,0,0
15334126.94,4956944.148,15337126.94,4956944.148,15337126.94,4953944.148,15334126.94,4953944.148,63515106.93,0,0,0,0,0,0,0,0,0,0,,0,,0,0,0,0,0,0,0,0,0,0,0,0,0,0
15334126.94,4953944.148,15337126.94,4953944.148,15337126.94,4950944.148,15334126.94,4950944.148,63515106.93,0,0,0,0,0,0,0,0,0,0,,0,,0,0,0,0,0,0,0,0,0,0,0,0,0,0
15334126.94,4950944.148,15337126.94,4950944.148,15337126.94,4947944.148,15334126.94,4947944.148,63515106.93,0,0,0,0,0,0,0,0,0,0,,0,,0,0,0,0,0,0,0,0,0,0,0,0,0,0
15334126.94,4947944.148,15337126.94,4947944.148,15337126.94,4944944.148,15334126.94,4944944.148,63515106.93,0,0,0,0,0,0,0,0,0,0,,0,,0,0,0,0,0,0,0,0,0,0,0,0,0,0
15334126.94,4944944.148,15337126.94,4944944.148,15337126.94,4941944.148,15334126.94,4941944.148,63515106.93,0,0,0,0,0,0,0,0,0,0,,0,,0,0,0,0,0,0,0,0,0,0,0,0,0,0
15337126.94,5088944.148,15340126.94,5088944.148,15340126.94,5085944.148,15337126.94,5085944.148,63515106.93,0,0,0,0,0,0,0,0,0,0,,0,,0,0,0,0,0,0,0,0,0,0,0,0,0,0
15337126.94,5085944.148,15340126.94,5085944.148,15340126.94,5082944.148,15337126.94,5082944.148,63515106.93,0,0,0,0,0,0,0,0,0,0,,0,,0,0,0,0,0,0,0,0,0,0,0,0,0,0
15337126.94,5082944.148,15340126.94,5082944.148,15340126.94,5079944.148,15337126.94,5079944.148,63515106.93,0,0,0,0,0,0,0,0,0,0,,0,,0,0,0,0,0,0,0,0,0,0,0,0,0,0
15337126.94,5079944.148,15340126.94,5079944.148,15340126.94,5076944.148,15337126.94,5076944.148,63515106.93,0,0,0,0,0,0,0,0,0,0,,0,,0,0,0,0,0,0,0,0,0,0,0,0,0,0
15337126.94,5076944.148,15340126.94,5076944.148,15340126.94,5073944.148,15337126.94,5073944.148,63515106.93,0,0,0,0,0,0,0,0,0,0,,0,,0,0,0,0,0,0,0,0,0,0,0,0,0,0
15337126.94,5073944.148,15340126.94,5073944.148,15340126.94,5070944.148,15337126.94,5070944.148,63515106.93,0,0,0,0,0,0,0,0,0,0,,0,,0,0,0,0,0,0,0,0,0,0,0,0,0,0
15337126.94,5070944.148,15340126.94,5070944.148,15340126.94,5067944.148,15337126.94,5067944.148,63515106.93,0,0,0,0,0,0,0,0,0,0,,0,,0,0,0,0,0,0,0,0,0,0,0,0,0,0
15337126.94,5067944.148,15340126.94,5067944.148,15340126.94,5064944.148,15337126.94,5064944.148,63515106.93,0,0,0,0,0,0,0,0,0,0,,0,,0,0,0,0,0,0,0,0,0,0,0,0,0,0
15337126.94,5064944.148,15340126.94,5064944.148,15340126.94,5061944.148,15337126.94,5061944.148,63515106.93,0,0,0,0,0,0,0,0,0,0,,0,,0,0,0,0,0,0,0,0,0,0,0,0,0,0
15337126.94,5061944.148,15340126.94,5061944.148,15340126.94,5058944.148,15337126.94,5058944.148,63515106.93,0,0,0,0,0,0,0,0,0,0,,0,,0,0,0,0,0,0,0,0,0,0,0,0,0,0
15337126.94,5058944.148,15340126.94,5058944.148,15340126.94,5055944.148,15337126.94,5055944.148,63515106.93,0,0,0,0,0,0,0,0,0,0,,0,,0,0,0,0,0,0,0,0,0,0,0,0,0,0
15337126.94,5055944.148,15340126.94,5055944.148,15340126.94,5052944.148,15337126.94,5052944.148,63515106.93,0,0,0,0,0,0,0,0,0,0,,0,,0,0,0,0,0,0,0,0,0,0,0,0,0,0
15337126.94,5052944.148,15340126.94,5052944.148,15340126.94,5049944.148,15337126.94,5049944.148,63515106.93,0,0,0,0,0,0,0,0,0,0,,0,,0,0,0,0,0,0,0,0,0,0,0,0,0,0
15337126.94,5049944.148,15340126.94,5049944.148,15340126.94,5046944.148,15337126.94,5046944.148,63515106.93,0,0,0,0,0,0,0,0,0,0,,0,,0,0,0,0,0,0,0,0,0,0,0,0,0,0
15337126.94,5046944.148,15340126.94,5046944.148,15340126.94,5043944.148,15337126.94,5043944.148,63515106.93,0,0,0,0,0,0,0,0,0,0,,0,,0,0,0,0,0,0,0,0,0,0,0,0,0,0
15337126.94,5043944.148,15340126.94,5043944.148,15340126.94,5040944.148,15337126.94,5040944.148,63515106.93,0,0,0,0,0,0,0,0,0,0,,0,,0,0,0,0,0,0,0,0,0,0,0,0,0,0
15337126.94,5040944.148,15340126.94,5040944.148,15340126.94,5037944.148,15337126.94,5037944.148,63515106.93,0,0,0,0,0,0,0,0,0,0,,0,,0,0,0,0,0,0,0,0,0,0,0,0,0,0
15337126.94,5037944.148,15340126.94,5037944.148,15340126.94,5034944.148,15337126.94,5034944.148,63515106.93,0,0,0,0,0,0,0,0,0,0,,0,,0,0,0,0,0,0,0,0,0,0,0,0,0,0
15337126.94,5034944.148,15340126.94,5034944.148,15340126.94,5031944.148,15337126.94,5031944.148,63515106.93,0,0,0,0,0,0,0,0,0,0,,0,,0,0,0,0,0,0,0,0,0,0,0,0,0,0
15337126.94,5031944.148,15340126.94,5031944.148,15340126.94,5028944.148,15337126.94,5028944.148,63515106.93,0,0,0,0,0,0,0,0,0,0,,0,,0,0,0,0,0,0,0,0,0,0,0,0,0,0
15337126.94,5028944.148,15340126.94,5028944.148,15340126.94,5025944.148,15337126.94,5025944.148,63515106.93,0,0,0,0,0,0,0,0,0,0,,0,,0,0,0,0,0,0,0,0,0,0,0,0,0,0
15337126.94,5025944.148,15340126.94,5025944.148,15340126.94,5022944.148,15337126.94,5022944.148,63515106.93,0,0,0,0,0,0,0,0,0,0,,0,,0,0,0,0,0,0,0,0,0,0,0,0,0,0
15337126.94,5022944.148,15340126.94,5022944.148,15340126.94,5019944.148,15337126.94,5019944.148,63515106.93,0,0,0,0,0,0,0,0,0,0,,0,,0,0,0,0,0,0,0,0,0,0,0,0,0,0
15337126.94,5019944.148,15340126.94,5019944.148,15340126.94,5016944.148,15337126.94,5016944.148,63515106.93,0,0,0,0,0,0,0,0,0,0,,0,,0,0,0,0,0,0,0,0,0,0,0,0,0,0
15337126.94,5016944.148,15340126.94,5016944.148,15340126.94,5013944.148,15337126.94,5013944.148,63515106.93,0,0,0,0,0,0,0,0,0,0,,0,,0,0,0,0,0,0,0,0,0,0,0,0,0,0
15337126.94,5013944.148,15340126.94,5013944.148,15340126.94,5010944.148,15337126.94,5010944.148,63515106.93,0,0,0,0,0,0,0,0,0,0,,0,,0,0,0,0,0,0,0,0,0,0,0,0,0,0
15337126.94,5010944.148,15340126.94,5010944.148,15340126.94,5007944.148,15337126.94,5007944.148,63515106.93,0,0,0,0,0,0,0,0,0,0,,0,,0,0,0,0,0,0,0,0,0,0,0,0,0,0
15337126.94,5007944.148,15340126.94,5007944.148,15340126.94,5004944.148,15337126.94,5004944.148,63515106.93,0,0,0,0,0,0,0,0,0,0,,0,,0,0,0,0,0,0,0,0,0,0,0,0,0,0
15337126.94,5004944.148,15340126.94,5004944.148,15340126.94,5001944.148,15337126.94,5001944.148,63515106.93,7.87E-09,7.87E-09,2007.403008,1003.701504,1003.701504,0,0,0,0.031722113,0.015861057,,1.58E-05,,1.58E-05,0.5,1,0.5,1,1003.701504,1003.701504,1003.701504,0,0,1,0,7.87E-09,31757553.47
15337126.94,5001944.148,15340126.94,5001944.148,15340126.94,4998944.148,15337126.94,4998944.148,63515106.93,2.36E-08,2.36E-08,5652.689455,2640.153694,2925.383052,0,0,0,0.754613342,0.377306671,,0.000133496,,0.000133496,1.5,3,1.5,3,2826.344728,2640.153694,2925.383052,0,0,1,0,2.36E-08,95272660.4
15337126.94,4998944.148,15340126.94,4998944.148,15340126.94,4995944.148,15337126.94,4995944.148,63515106.93,3.15E-08,3.15E-08,4406.039077,2481.039721,3493.741,0,0,0,0.611293322,0.407528881,,0.00013874,,0.00013874,2,3,2,3,2937.359384,2481.039721,3493.741,0,0,1,0,3.15E-08,127030213.9
15337126.94,4995944.148,15340126.94,4995944.148,15340126.94,4992944.148,15337126.94,4992944.148,63515106.93,7.87E-09,7.87E-09,6188.442057,3094.221028,3094.221028,0,0,0,0.301478002,0.150739001,,4.87E-05,,4.87E-05,0.5,1,0.5,1,3094.221028,3094.221028,3094.221028,0,0,1,0,7.87E-09,31757553.47
15337126.94,4992944.148,15340126.94,4992944.148,15340126.94,4989944.148,15337126.94,4989944.148,63515106.93,3.15E-08,3.15E-08,7215.05312,337.1421567,7779.032596,0,0,0,1.639200311,0.819600156,,0.000227192,,0.000227192,2,4,2,4,3607.52656,337.1421567,7779.032596,0,0,1,0,3.15E-08,127030213.9
15337126.94,4989944.148,15340126.94,4989944.148,15340126.94,4986944.148,15337126.94,4986944.148,63515106.93,4.72E-08,4.72E-08,9006.070862,542.5343705,8897.536449,0,0,0,3.8310246,1.9155123,,0.000425382,,0.000425382,3,6,3,6,4503.035431,542.5343705,8897.536449,0,0,1,0,4.72E-08,190545320.8
15337126.94,4986944.148,15340126.94,4986944.148,15340126.94,4983944.148,15337126.94,4983944.148,63515106.93,5.51E-08,5.51E-08,7535.749281,1296.039373,8694.605991,0,0,0,3.129276166,1.825411097,,0.000415257,,0.000415257,3.5,6,3.5,6,4395.853747,1296.039373,8694.605991,0,0,1,0,5.51E-08,222302874.3
15337126.94,4983944.148,15340126.94,4983944.148,15340126.94,4980944.148,15337126.94,4980944.148,63515106.93,0,0,0,566.4141284,7244.619088,0,0,0,0,0.480297073,,0.000122979,,0.000122979,0,2,0,2,3905.516608,566.4141284,7244.619088,0,0,0,0,0,0
15337126.94,4980944.148,15340126.94,4980944.148,15340126.94,4977944.148,15337126.94,4977944.148,63515106.93,0,0,0,0,0,0,0,0,0,0,,0,,0,0,0,0,0,0,0,0,0,0,0,0,0,0
15337126.94,4977944.148,15340126.94,4977944.148,15340126.94,4974944.148,15337126.94,4974944.148,63515106.93,7.87E-09,7.87E-09,14.91922014,7.45961007,7.45961007,0,0,0,1.75E-06,8.76E-07,,1.17E-07,,1.17E-07,0.5,1,0.5,1,7.45961007,7.45961007,7.45961007,0,0,1,0,7.87E-09,31757553.47
15337126.94,4974944.148,15340126.94,4974944.148,15340126.94,4971944.148,15337126.94,4971944.148,63515106.93,0,0,0,0,0,0,0,0,0,0,,0,,0,0,0,0,0,0,0,0,0,0,0,0,0,0
15337126.94,4971944.148,15340126.94,4971944.148,15340126.94,4968944.148,15337126.94,4968944.148,63515106.93,0,0,0,0,0,0,0,0,0,0,,0,,0,0,0,0,0,0,0,0,0,0,0,0,0,0
15337126.94,4968944.148,15340126.94,4968944.148,15340126.94,4965944.148,15337126.94,4965944.148,63515106.93,0,0,0,0,0,0,0,0,0,0,,0,,0,0,0,0,0,0,0,0,0,0,0,0,0,0
15337126.94,4965944.148,15340126.94,4965944.148,15340126.94,4962944.148,15337126.94,4962944.148,63515106.93,0,0,0,0,0,0,0,0,0,0,,0,,0,0,0,0,0,0,0,0,0,0,0,0,0,0
15337126.94,4962944.148,15340126.94,4962944.148,15340126.94,4959944.148,15337126.94,4959944.148,63515106.93,0,0,0,0,0,0,0,0,0,0,,0,,0,0,0,0,0,0,0,0,0,0,0,0,0,0
15337126.94,4959944.148,15340126.94,4959944.148,15340126.94,4956944.148,15337126.94,4956944.148,63515106.93,0,0,0,0,0,0,0,0,0,0,,0,,0,0,0,0,0,0,0,0,0,0,0,0,0,0
15337126.94,4956944.148,15340126.94,4956944.148,15340126.94,4953944.148,15337126.94,4953944.148,63515106.93,0,0,0,0,0,0,0,0,0,0,,0,,0,0,0,0,0,0,0,0,0,0,0,0,0,0
15337126.94,4953944.148,15340126.94,4953944.148,15340126.94,4950944.148,15337126.94,4950944.148,63515106.93,0,0,0,0,0,0,0,0,0,0,,0,,0,0,0,0,0,0,0,0,0,0,0,0,0,0
15337126.94,4950944.148,15340126.94,4950944.148,15340126.94,4947944.148,15337126.94,4947944.148,63515106.93,0,0,0,0,0,0,0,0,0,0,,0,,0,0,0,0,0,0,0,0,0,0,0,0,0,0
15337126.94,4947944.148,15340126.94,4947944.148,15340126.94,4944944.148,15337126.94,4944944.148,63515106.93,0,0,0,0,0,0,0,0,0,0,,0,,0,0,0,0,0,0,0,0,0,0,0,0,0,0
15337126.94,4944944.148,15340126.94,4944944.148,15340126.94,4941944.148,15337126.94,4941944.148,63515106.93,0,0,0,0,0,0,0,0,0,0,,0,,0,0,0,0,0,0,0,0,0,0,0,0,0,0
15340126.94,5088944.148,15343126.94,5088944.148,15343126.94,5085944.148,15340126.94,5085944.148,63515106.93,0,0,0,0,0,0,0,0,0,0,,0,,0,0,0,0,0,0,0,0,0,0,0,0,0,0
15340126.94,5085944.148,15343126.94,5085944.148,15343126.94,5082944.148,15340126.94,5082944.148,63515106.93,0,0,0,0,0,0,0,0,0,0,,0,,0,0,0,0,0,0,0,0,0,0,0,0,0,0
15340126.94,5082944.148,15343126.94,5082944.148,15343126.94,5079944.148,15340126.94,5079944.148,63515106.93,0,0,0,0,0,0,0,0,0,0,,0,,0,0,0,0,0,0,0,0,0,0,0,0,0,0
15340126.94,5079944.148,15343126.94,5079944.148,15343126.94,5076944.148,15340126.94,5076944.148,63515106.93,0,0,0,0,0,0,0,0,0,0,,0,,0,0,0,0,0,0,0,0,0,0,0,0,0,0
15340126.94,5076944.148,15343126.94,5076944.148,15343126.94,5073944.148,15340126.94,5073944.148,63515106.93,0,0,0,0,0,0,0,0,0,0,,0,,0,0,0,0,0,0,0,0,0,0,0,0,0,0
15340126.94,5073944.148,15343126.94,5073944.148,15343126.94,5070944.148,15340126.94,5070944.148,63515106.93,0,0,0,0,0,0,0,0,0,0,,0,,0,0,0,0,0,0,0,0,0,0,0,0,0,0
15340126.94,5070944.148,15343126.94,5070944.148,15343126.94,5067944.148,15340126.94,5067944.148,63515106.93,0,0,0,0,0,0,0,0,0,0,,0,,0,0,0,0,0,0,0,0,0,0,0,0,0,0
15340126.94,5067944.148,15343126.94,5067944.148,15343126.94,5064944.148,15340126.94,5064944.148,63515106.93,0,0,0,0,0,0,0,0,0,0,,0,,0,0,0,0,0,0,0,0,0,0,0,0,0,0
15340126.94,5064944.148,15343126.94,5064944.148,15343126.94,5061944.148,15340126.94,5061944.148,63515106.93,0,0,0,0,0,0,0,0,0,0,,0,,0,0,0,0,0,0,0,0,0,0,0,0,0,0
15340126.94,5061944.148,15343126.94,5061944.148,15343126.94,5058944.148,15340126.94,5058944.148,63515106.93,0,0,0,0,0,0,0,0,0,0,,0,,0,0,0,0,0,0,0,0,0,0,0,0,0,0
15340126.94,5058944.148,15343126.94,5058944.148,15343126.94,5055944.148,15340126.94,5055944.148,63515106.93,0,0,0,0,0,0,0,0,0,0,,0,,0,0,0,0,0,0,0,0,0,0,0,0,0,0
15340126.94,5055944.148,15343126.94,5055944.148,15343126.94,5052944.148,15340126.94,5052944.148,63515106.93,0,0,0,0,0,0,0,0,0,0,,0,,0,0,0,0,0,0,0,0,0,0,0,0,0,0
15340126.94,5052944.148,15343126.94,5052944.148,15343126.94,5049944.148,15340126.94,5049944.148,63515106.93,0,0,0,0,0,0,0,0,0,0,,0,,0,0,0,0,0,0,0,0,0,0,0,0,0,0
15340126.94,5049944.148,15343126.94,5049944.148,15343126.94,5046944.148,15340126.94,5046944.148,63515106.93,0,0,0,0,0,0,0,0,0,0,,0,,0,0,0,0,0,0,0,0,0,0,0,0,0,0
15340126.94,5046944.148,15343126.94,5046944.148,15343126.94,5043944.148,15340126.94,5043944.148,63515106.93,0,0,0,0,0,0,0,0,0,0,,0,,0,0,0,0,0,0,0,0,0,0,0,0,0,0
15340126.94,5043944.148,15343126.94,5043944.148,15343126.94,5040944.148,15340126.94,5040944.148,63515106.93,0,0,0,0,0,0,0,0,0,0,,0,,0,0,0,0,0,0,0,0,0,0,0,0,0,0
15340126.94,5040944.148,15343126.94,5040944.148,15343126.94,5037944.148,15340126.94,5037944.148,63515106.93,0,0,0,0,0,0,0,0,0,0,,0,,0,0,0,0,0,0,0,0,0,0,0,0,0,0
15340126.94,5037944.148,15343126.94,5037944.148,15343126.94,5034944.148,15340126.94,5034944.148,63515106.93,0,0,0,0,0,0,0,0,0,0,,0,,0,0,0,0,0,0,0,0,0,0,0,0,0,0
15340126.94,5034944.148,15343126.94,5034944.148,15343126.94,5031944.148,15340126.94,5031944.148,63515106.93,0,0,0,0,0,0,0,0,0,0,,0,,0,0,0,0,0,0,0,0,0,0,0,0,0,0
15340126.94,5031944.148,15343126.94,5031944.148,15343126.94,5028944.148,15340126.94,5028944.148,63515106.93,0,0,0,0,0,0,0,0,0,0,,0,,0,0,0,0,0,0,0,0,0,0,0,0,0,0
15340126.94,5028944.148,15343126.94,5028944.148,15343126.94,5025944.148,15340126.94,5025944.148,63515106.93,0,0,0,0,0,0,0,0,0,0,,0,,0,0,0,0,0,0,0,0,0,0,0,0,0,0
15340126.94,5025944.148,15343126.94,5025944.148,15343126.94,5022944.148,15340126.94,5022944.148,63515106.93,0,0,0,0,0,0,0,0,0,0,,0,,0,0,0,0,0,0,0,0,0,0,0,0,0,0
15340126.94,5022944.148,15343126.94,5022944.148,15343126.94,5019944.148,15340126.94,5019944.148,63515106.93,0,0,0,0,0,0,0,0,0,0,,0,,0,0,0,0,0,0,0,0,0,0,0,0,0,0
15340126.94,5019944.148,15343126.94,5019944.148,15343126.94,5016944.148,15340126.94,5016944.148,63515106.93,0,0,0,0,0,0,0,0,0,0,,0,,0,0,0,0,0,0,0,0,0,0,0,0,0,0
15340126.94,5016944.148,15343126.94,5016944.148,15343126.94,5013944.148,15340126.94,5013944.148,63515106.93,0,0,0,0,0,0,0,0,0,0,,0,,0,0,0,0,0,0,0,0,0,0,0,0,0,0
15340126.94,5013944.148,15343126.94,5013944.148,15343126.94,5010944.148,15340126.94,5010944.148,63515106.93,0,0,0,0,0,0,0,0,0,0,,0,,0,0,0,0,0,0,0,0,0,0,0,0,0,0
15340126.94,5010944.148,15343126.94,5010944.148,15343126.94,5007944.148,15340126.94,5007944.148,63515106.93,0,0,0,0,0,0,0,0,0,0,,0,,0,0,0,0,0,0,0,0,0,0,0,0,0,0
15340126.94,5007944.148,15343126.94,5007944.148,15343126.94,5004944.148,15340126.94,5004944.148,63515106.93,1.57E-08,1.57E-08,144.3474631,52.13097166,92.21649145,0,0,0,0.000328051,0.000164025,,2.27E-06,,2.27E-06,1,2,1,2,72.17373155,52.13097166,92.21649145,0,0,1,0,1.57E-08,63515106.93
15340126.94,5004944.148,15343126.94,5004944.148,15343126.94,5001944.148,15340126.94,5001944.148,63515106.93,3.94E-08,3.94E-08,3734.875083,385.1717337,3589.043301,0,0,0,0.549054097,0.274527049,,0.000147007,,0.000147007,2.5,5,2.5,5,1867.437542,385.1717337,3589.043301,0,0,1,0,3.94E-08,158787767.3
15340126.94,5001944.148,15343126.94,5001944.148,15343126.94,4998944.148,15340126.94,4998944.148,63515106.93,7.87E-08,7.87E-08,3770.864149,647.5379173,4611.681334,0,0,0,1.119372785,0.799551989,,0.000296848,,0.000296848,5,7,5,7,2693.474392,647.5379173,4611.681334,0,0,1,0,7.87E-08,317575534.7
15340126.94,4998944.148,15343126.94,4998944.148,15343126.94,4995944.148,15340126.94,4995944.148,63515106.93,5.51E-08,5.51E-08,3990.882801,1428.759953,4611.681334,0,0,0,0.877665363,0.767957192,,0.000219918,,0.000219918,3.5,4,3.5,4,3492.022451,1428.759953,4611.681334,0,0,1,0,5.51E-08,222302874.3
15340126.94,4995944.148,15343126.94,4995944.148,15343126.94,4992944.148,15340126.94,4992944.148,63515106.93,1.57E-08,1.57E-08,6097.882005,2604.141005,3493.741,0,0,0,0.585438122,0.292719061,,9.60E-05,,9.60E-05,1,2,1,2,3048.941003,2604.141005,3493.741,0,0,1,0,1.57E-08,63515106.93
15340126.94,4992944.148,15343126.94,4992944.148,15343126.94,4989944.148,15340126.94,4989944.148,63515106.93,1.57E-08,1.57E-08,10211.07038,1346.417306,6777.754553,0,0,0,1.641593052,0.547197684,,0.000160766,,0.000160766,1,3,1,3,3403.690125,1346.417306,6777.754553,0,0,1,0,1.57E-08,63515106.93
15340126.94,4989944.148,15343126.94,4989944.148,15343126.94,4986944.148,15340126.94,4986944.148,63515106.93,4.72E-08,4.72E-08,8736.42451,2618.237009,8914.687327,0,0,0,3.605053203,1.802526601,,0.000412646,,0.000412646,3,6,3,6,4368.212255,2618.237009,8914.687327,0,0,1,0,4.72E-08,190545320.8
15340126.94,4986944.148,15343126.94,4986944.148,15343126.94,4983944.148,15340126.94,4983944.148,63515106.93,4.72E-08,4.72E-08,9215.902851,2209.713539,7700.634846,0,0,0,4.011621933,2.005810967,,0.000435293,,0.000435293,3,6,3,6,4607.951425,2209.713539,7700.634846,0,0,1,0,4.72E-08,190545320.8
15340126.94,4983944.148,15343126.94,4983944.148,15343126.94,4980944.148,15340126.94,4980944.148,63515106.93,2.36E-08,2.36E-08,7370.800223,1135.853848,6579.898773,0,0,0,1.283049779,0.641524889,,0.000174072,,0.000174072,1.5,3,1.5,3,3685.400112,1135.853848,6579.898773,0,0,1,0,2.36E-08,95272660.4
15340126.94,4980944.148,15343126.94,4980944.148,15343126.94,4977944.148,15340126.94,4977944.148,63515106.93,1.57E-08,1.57E-08,1718.121378,171.7224959,1546.398882,0,0,0,0.046476204,0.023238102,,2.71E-05,,2.71E-05,1,2,1,2,859.0606888,171.7224959,1546.398882,0,0,1,0,1.57E-08,63515106.93
15340126.94,4977944.148,15343126.94,4977944.148,15343126.94,4974944.148,15340126.94,4974944.148,63515106.93,1.57E-08,1.57E-08,5538.96147,2707.995257,2830.966213,0,0,0,0.483036173,0.241518086,,8.72E-05,,8.72E-05,1,2,1,2,2769.480735,2707.995257,2830.966213,0,0,1,0,1.57E-08,63515106.93
15340126.94,4974944.148,15343126.94,4974944.148,15343126.94,4971944.148,15340126.94,4971944.148,63515106.93,2.36E-08,2.36E-08,4026.376976,1403.65867,3165.933699,0,0,0,0.382862732,0.191431366,,9.51E-05,,9.51E-05,1.5,3,1.5,3,2013.188488,1403.65867,3165.933699,0,0,1,0,2.36E-08,95272660.4
15340126.94,4971944.148,15343126.94,4971944.148,15343126.94,4968944.148,15340126.94,4968944.148,63515106.93,1.57E-08,1.57E-08,3422.17673,1414.591215,2007.585515,0,0,0,0.184385954,0.092192977,,5.39E-05,,5.39E-05,1,2,1,2,1711.088365,1414.591215,2007.585515,0,0,1,0,1.57E-08,63515106.93
15340126.94,4968944.148,15343126.94,4968944.148,15343126.94,4965944.148,15340126.94,4965944.148,63515106.93,2.36E-08,2.36E-08,3022.566891,636.8184764,2513.369545,0,0,0,0.215757582,0.107878791,,7.14E-05,,7.14E-05,1.5,3,1.5,3,1511.283445,636.8184764,2513.369545,0,0,1,0,2.36E-08,95272660.4
15340126.94,4965944.148,15343126.94,4965944.148,15343126.94,4962944.148,15340126.94,4962944.148,63515106.93,2.36E-08,2.36E-08,2431.514673,242.0955179,2739.815221,0,0,0,0.139626552,0.069813276,,5.74E-05,,5.74E-05,1.5,3,1.5,3,1215.757336,242.0955179,2739.815221,0,0,1,0,2.36E-08,95272660.4
15340126.94,4962944.148,15343126.94,4962944.148,15343126.94,4959944.148,15340126.94,4959944.148,63515106.93,1.57E-08,1.57E-08,2900.343609,1076.839883,1823.503726,0,0,0,0.132440823,0.066220412,,4.57E-05,,4.57E-05,1,2,1,2,1450.171804,1076.839883,1823.503726,0,0,1,0,1.57E-08,63515106.93
15340126.94,4959944.148,15343126.94,4959944.148,15343126.94,4956944.148,15340126.94,4956944.148,63515106.93,0,0,0,0,0,0,0,0,0,0,,0,,0,0,0,0,0,0,0,0,0,0,0,0,0,0
15340126.94,4956944.148,15343126.94,4956944.148,15343126.94,4953944.148,15340126.94,4953944.148,63515106.93,0,0,0,0,0,0,0,0,0,0,,0,,0,0,0,0,0,0,0,0,0,0,0,0,0,0
15340126.94,4953944.148,15343126.94,4953944.148,15343126.94,4950944.148,15340126.94,4950944.148,63515106.93,0,0,0,0,0,0,0,0,0,0,,0,,0,0,0,0,0,0,0,0,0,0,0,0,0,0
15340126.94,4950944.148,15343126.94,4950944.148,15343126.94,4947944.148,15340126.94,4947944.148,63515106.93,0,0,0,0,0,0,0,0,0,0,,0,,0,0,0,0,0,0,0,0,0,0,0,0,0,0
15340126.94,4947944.148,15343126.94,4947944.148,15343126.94,4944944.148,15340126.94,4944944.148,63515106.93,0,0,0,0,0,0,0,0,0,0,,0,,0,0,0,0,0,0,0,0,0,0,0,0,0,0
15340126.94,4944944.148,15343126.94,4944944.148,15343126.94,4941944.148,15340126.94,4941944.148,63515106.93,0,0,0,0,0,0,0,0,0,0,,0,,0,0,0,0,0,0,0,0,0,0,0,0,0,0
15343126.94,5088944.148,15346126.94,5088944.148,15346126.94,5085944.148,15343126.94,5085944.148,63515106.93,0,0,0,0,0,0,0,0,0,0,,0,,0,0,0,0,0,0,0,0,0,0,0,0,0,0
15343126.94,5085944.148,15346126.94,5085944.148,15346126.94,5082944.148,15343126.94,5082944.148,63515106.93,0,0,0,0,0,0,0,0,0,0,,0,,0,0,0,0,0,0,0,0,0,0,0,0,0,0
15343126.94,5082944.148,15346126.94,5082944.148,15346126.94,5079944.148,15343126.94,5079944.148,63515106.93,0,0,0,0,0,0,0,0,0,0,,0,,0,0,0,0,0,0,0,0,0,0,0,0,0,0
15343126.94,5079944.148,15346126.94,5079944.148,15346126.94,5076944.148,15343126.94,5076944.148,63515106.93,0,0,0,0,0,0,0,0,0,0,,0,,0,0,0,0,0,0,0,0,0,0,0,0,0,0
15343126.94,5076944.148,15346126.94,5076944.148,15346126.94,5073944.148,15343126.94,5073944.148,63515106.93,0,0,0,0,0,0,0,0,0,0,,0,,0,0,0,0,0,0,0,0,0,0,0,0,0,0
15343126.94,5073944.148,15346126.94,5073944.148,15346126.94,5070944.148,15343126.94,5070944.148,63515106.93,0,0,0,0,0,0,0,0,0,0,,0,,0,0,0,0,0,0,0,0,0,0,0,0,0,0
15343126.94,5070944.148,15346126.94,5070944.148,15346126.94,5067944.148,15343126.94,5067944.148,63515106.93,0,0,0,0,0,0,0,0,0,0,,0,,0,0,0,0,0,0,0,0,0,0,0,0,0,0
15343126.94,5067944.148,15346126.94,5067944.148,15346126.94,5064944.148,15343126.94,5064944.148,63515106.93,0,0,0,0,0,0,0,0,0,0,,0,,0,0,0,0,0,0,0,0,0,0,0,0,0,0
15343126.94,5064944.148,15346126.94,5064944.148,15346126.94,5061944.148,15343126.94,5061944.148,63515106.93,0,0,0,0,0,0,0,0,0,0,,0,,0,0,0,0,0,0,0,0,0,0,0,0,0,0
15343126.94,5061944.148,15346126.94,5061944.148,15346126.94,5058944.148,15343126.94,5058944.148,63515106.93,0,0,0,0,0,0,0,0,0,0,,0,,0,0,0,0,0,0,0,0,0,0,0,0,0,0
15343126.94,5058944.148,15346126.94,5058944.148,15346126.94,5055944.148,15343126.94,5055944.148,63515106.93,0,0,0,0,0,0,0,0,0,0,,0,,0,0,0,0,0,0,0,0,0,0,0,0,0,0
15343126.94,5055944.148,15346126.94,5055944.148,15346126.94,5052944.148,15343126.94,5052944.148,63515106.93,0,0,0,0,0,0,0,0,0,0,,0,,0,0,0,0,0,0,0,0,0,0,0,0,0,0
15343126.94,5052944.148,15346126.94,5052944.148,15346126.94,5049944.148,15343126.94,5049944.148,63515106.93,0,0,0,0,0,0,0,0,0,0,,0,,0,0,0,0,0,0,0,0,0,0,0,0,0,0
15343126.94,5049944.148,15346126.94,5049944.148,15346126.94,5046944.148,15343126.94,5046944.148,63515106.93,0,0,0,0,0,0,0,0,0,0,,0,,0,0,0,0,0,0,0,0,0,0,0,0,0,0
15343126.94,5046944.148,15346126.94,5046944.148,15346126.94,5043944.148,15343126.94,5043944.148,63515106.93,0,0,0,0,0,0,0,0,0,0,,0,,0,0,0,0,0,0,0,0,0,0,0,0,0,0
15343126.94,5043944.148,15346126.94,5043944.148,15346126.94,5040944.148,15343126.94,5040944.148,63515106.93,0,0,0,0,0,0,0,0,0,0,,0,,0,0,0,0,0,0,0,0,0,0,0,0,0,0
15343126.94,5040944.148,15346126.94,5040944.148,15346126.94,5037944.148,15343126.94,5037944.148,63515106.93,0,0,0,0,0,0,0,0,0,0,,0,,0,0,0,0,0,0,0,0,0,0,0,0,0,0
15343126.94,5037944.148,15346126.94,5037944.148,15346126.94,5034944.148,15343126.94,5034944.148,63515106.93,0,0,0,0,0,0,0,0,0,0,,0,,0,0,0,0,0,0,0,0,0,0,0,0,0,0
15343126.94,5034944.148,15346126.94,5034944.148,15346126.94,5031944.148,15343126.94,5031944.148,63515106.93,0,0,0,0,0,0,0,0,0,0,,0,,0,0,0,0,0,0,0,0,0,0,0,0,0,0
15343126.94,5031944.148,15346126.94,5031944.148,15346126.94,5028944.148,15343126.94,5028944.148,63515106.93,0,0,0,0,0,0,0,0,0,0,,0,,0,0,0,0,0,0,0,0,0,0,0,0,0,0
15343126.94,5028944.148,15346126.94,5028944.148,15346126.94,5025944.148,15343126.94,5025944.148,63515106.93,0,0,0,0,0,0,0,0,0,0,,0,,0,0,0,0,0,0,0,0,0,0,0,0,0,0
15343126.94,5025944.148,15346126.94,5025944.148,15346126.94,5022944.148,15343126.94,5022944.148,63515106.93,0,0,0,0,0,0,0,0,0,0,,0,,0,0,0,0,0,0,0,0,0,0,0,0,0,0
15343126.94,5022944.148,15346126.94,5022944.148,15346126.94,5019944.148,15343126.94,5019944.148,63515106.93,0,0,0,0,0,0,0,0,0,0,,0,,0,0,0,0,0,0,0,0,0,0,0,0,0,0
15343126.94,5019944.148,15346126.94,5019944.148,15346126.94,5016944.148,15343126.94,5016944.148,63515106.93,0,0,0,0,0,0,0,0,0,0,,0,,0,0,0,0,0,0,0,0,0,0,0,0,0,0
15343126.94,5016944.148,15346126.94,5016944.148,15346126.94,5013944.148,15343126.94,5013944.148,63515106.93,0,0,0,0,0,0,0,0,0,0,,0,,0,0,0,0,0,0,0,0,0,0,0,0,0,0
15343126.94,5013944.148,15346126.94,5013944.148,15346126.94,5010944.148,15343126.94,5010944.148,63515106.93,0,0,0,0,0,0,0,0,0,0,,0,,0,0,0,0,0,0,0,0,0,0,0,0,0,0
15343126.94,5010944.148,15346126.94,5010944.148,15346126.94,5007944.148,15343126.94,5007944.148,63515106.93,0,0,0,0,0,0,0,0,0,0,,0,,0,0,0,0,0,0,0,0,0,0,0,0,0,0
15343126.94,5007944.148,15346126.94,5007944.148,15346126.94,5004944.148,15343126.94,5004944.148,63515106.93,1.57E-08,1.57E-08,5493.964237,2684.208119,2809.756118,0,0,0,0.475219904,0.237609952,,8.65E-05,,8.65E-05,1,2,1,2,2746.982119,2684.208119,2809.756118,0,0,1,0,1.57E-08,63515106.93
15343126.94,5004944.148,15346126.94,5004944.148,15346126.94,5001944.148,15343126.94,5001944.148,63515106.93,4.72E-08,4.72E-08,6239.256916,2233.092574,4778.462892,0,0,0,1.838696118,1.103217671,,0.000294698,,0.000294698,3,5,3,5,3743.554149,2233.092574,4778.462892,0,0,1,0,4.72E-08,190545320.8
15343126.94,5001944.148,15346126.94,5001944.148,15346126.94,4998944.148,15343126.94,4998944.148,63515106.93,7.08E-08,7.08E-08,6181.516565,1093.356052,5288.248293,0,0,0,2.7072325,1.74036375,,0.000437956,,0.000437956,4.5,7,4.5,7,3973.832078,1093.356052,5288.248293,0,0,1,0,7.08E-08,285817981.2
15343126.94,4998944.148,15346126.94,4998944.148,15346126.94,4995944.148,15343126.94,4995944.148,63515106.93,3.94E-08,3.94E-08,7096.865343,2326.281227,4506.030925,0,0,0,1.982421983,0.991210991,,0.000279338,,0.000279338,2.5,5,2.5,5,3548.432671,2326.281227,4506.030925,0,0,1,0,3.94E-08,158787767.3
15343126.94,4995944.148,15346126.94,4995944.148,15346126.94,4992944.148,15343126.94,4992944.148,63515106.93,1.57E-08,1.57E-08,2955.447921,1262.194028,1693.253893,0,0,0,0.137521179,0.06876059,,4.65E-05,,4.65E-05,1,2,1,2,1477.723961,1262.194028,1693.253893,0,0,1,0,1.57E-08,63515106.93
15343126.94,4992944.148,15346126.94,4992944.148,15346126.94,4989944.148,15343126.94,4989944.148,63515106.93,7.87E-09,7.87E-09,9807.6391,4903.81955,4903.81955,0,0,0,0.757219734,0.378609867,,7.72E-05,,7.72E-05,0.5,1,0.5,1,4903.81955,4903.81955,4903.81955,0,0,1,0,7.87E-09,31757553.47
15343126.94,4989944.148,15346126.94,4989944.148,15346126.94,4986944.148,15343126.94,4986944.148,63515106.93,4.72E-08,4.72E-08,4671.248352,724.6792024,5943.54795,0,0,0,1.030647458,0.772985593,,0.000220636,,0.000220636,3,4,3,4,3503.436264,724.6792024,5943.54795,0,0,1,0,4.72E-08,190545320.8
15343126.94,4986944.148,15346126.94,4986944.148,15346126.94,4983944.148,15343126.94,4983944.148,63515106.93,4.72E-08,4.72E-08,5786.755691,976.1428035,4727.280896,0,0,0,1.581665042,0.948999025,,0.000273325,,0.000273325,3,5,3,5,3472.053415,976.1428035,4727.280896,0,0,1,0,4.72E-08,190545320.8
15343126.94,4983944.148,15346126.94,4983944.148,15346126.94,4980944.148,15343126.94,4980944.148,63515106.93,1.57E-08,1.57E-08,8613.424134,3996.336683,4617.087451,0,0,0,1.168085498,0.584042749,,0.000135612,,0.000135612,1,2,1,2,4306.712067,3996.336683,4617.087451,0,0,1,0,1.57E-08,63515106.93
15343126.94,4980944.148,15346126.94,4980944.148,15346126.94,4977944.148,15343126.94,4977944.148,63515106.93,1.57E-08,1.57E-08,5660.262082,642.0031134,3811.144829,0,0,0,0.504424355,0.168141452,,8.91E-05,,8.91E-05,1,3,1,3,1886.754027,642.0031134,3811.144829,0,0,1,0,1.57E-08,63515106.93
15343126.94,4977944.148,15346126.94,4977944.148,15346126.94,4974944.148,15343126.94,4974944.148,63515106.93,1.57E-08,1.57E-08,11887.71801,660.6892659,5688.875467,0,0,0,2.224948464,0.741649488,,0.000187164,,0.000187164,1,3,1,3,3962.572671,660.6892659,5688.875467,0,0,1,0,1.57E-08,63515106.93
15343126.94,4974944.148,15346126.94,4974944.148,15346126.94,4971944.148,15343126.94,4971944.148,63515106.93,2.36E-08,2.36E-08,10974.51127,4528.830496,6356.43582,0,0,0,2.844360267,1.422180133,,0.000259179,,0.000259179,1.5,3,1.5,3,5487.255636,4528.830496,6356.43582,0,0,1,0,2.36E-08,95272660.4
15343126.94,4971944.148,15346126.94,4971944.148,15346126.94,4968944.148,15343126.94,4968944.148,63515106.93,2.36E-08,2.36E-08,8221.41555,50.57132446,4811.512127,0,0,0,1.596273947,0.59860273,,0.00019416,,0.00019416,1.5,4,1.5,4,3083.030831,50.57132446,4811.512127,0,0,1,0,2.36E-08,95272660.4
15343126.94,4968944.148,15346126.94,4968944.148,15346126.94,4965944.148,15343126.94,4965944.148,63515106.93,2.36E-08,2.36E-08,8795.796435,3500.685252,5588.070227,0,0,0,1.827109454,0.913554727,,0.000207725,,0.000207725,1.5,3,1.5,3,4397.898217,3500.685252,5588.070227,0,0,1,0,2.36E-08,95272660.4
15343126.94,4965944.148,15346126.94,4965944.148,15346126.94,4962944.148,15343126.94,4962944.148,63515106.93,3.94E-08,3.94E-08,7185.4605,1538.172746,5719.431202,0,0,0,2.032226862,1.016113431,,0.000282825,,0.000282825,2.5,5,2.5,5,3592.73025,1538.172746,5719.431202,0,0,1,0,3.94E-08,158787767.3
15343126.94,4962944.148,15346126.94,4962944.148,15346126.94,4959944.148,15343126.94,4959944.148,63515106.93,3.15E-08,3.15E-08,5580.449704,105.2958116,5057.885693,0,0,0,0.980598802,0.490299401,,0.00017572,,0.00017572,2,4,2,4,2790.224852,105.2958116,5057.885693,0,0,1,0,3.15E-08,127030213.9
15343126.94,4959944.148,15346126.94,4959944.148,15346126.94,4956944.148,15343126.94,4956944.148,63515106.93,1.57E-08,1.57E-08,3821.748077,1060.448379,2761.299698,0,0,0,0.229957235,0.114978617,,6.02E-05,,6.02E-05,1,2,1,2,1910.874038,1060.448379,2761.299698,0,0,1,0,1.57E-08,63515106.93
15343126.94,4956944.148,15346126.94,4956944.148,15346126.94,4953944.148,15343126.94,4953944.148,63515106.93,7.87E-09,7.87E-09,4191.081712,2095.540856,2095.540856,0,0,0,0.138275497,0.069137748,,3.30E-05,,3.30E-05,0.5,1,0.5,1,2095.540856,2095.540856,2095.540856,0,0,1,0,7.87E-09,31757553.47
15343126.94,4953944.148,15346126.94,4953944.148,15346126.94,4950944.148,15343126.94,4950944.148,63515106.93,0,0,0,0,0,0,0,0,0,0,,0,,0,0,0,0,0,0,0,0,0,0,0,0,0,0
15343126.94,4950944.148,15346126.94,4950944.148,15346126.94,4947944.148,15343126.94,4947944.148,63515106.93,0,0,0,0,0,0,0,0,0,0,,0,,0,0,0,0,0,0,0,0,0,0,0,0,0,0
15343126.94,4947944.148,15346126.94,4947944.148,15346126.94,4944944.148,15343126.94,4944944.148,63515106.93,0,0,0,0,0,0,0,0,0,0,,0,,0,0,0,0,0,0,0,0,0,0,0,0,0,0
15343126.94,4944944.148,15346126.94,4944944.148,15346126.94,4941944.148,15343126.94,4941944.148,63515106.93,0,0,0,0,0,0,0,0,0,0,,0,,0,0,0,0,0,0,0,0,0,0,0,0,0,0
15346126.94,5088944.148,15349126.94,5088944.148,15349126.94,5085944.148,15346126.94,5085944.148,63515106.93,0,0,0,0,0,0,0,0,0,0,,0,,0,0,0,0,0,0,0,0,0,0,0,0,0,0
15346126.94,5085944.148,15349126.94,5085944.148,15349126.94,5082944.148,15346126.94,5082944.148,63515106.93,0,0,0,0,0,0,0,0,0,0,,0,,0,0,0,0,0,0,0,0,0,0,0,0,0,0
15346126.94,5082944.148,15349126.94,5082944.148,15349126.94,5079944.148,15346126.94,5079944.148,63515106.93,0,0,0,0,0,0,0,0,0,0,,0,,0,0,0,0,0,0,0,0,0,0,0,0,0,0
15346126.94,5079944.148,15349126.94,5079944.148,15349126.94,5076944.148,15346126.94,5076944.148,63515106.93,0,0,0,0,0,0,0,0,0,0,,0,,0,0,0,0,0,0,0,0,0,0,0,0,0,0
15346126.94,5076944.148,15349126.94,5076944.148,15349126.94,5073944.148,15346126.94,5073944.148,63515106.93,0,0,0,0,0,0,0,0,0,0,,0,,0,0,0,0,0,0,0,0,0,0,0,0,0,0
15346126.94,5073944.148,15349126.94,5073944.148,15349126.94,5070944.148,15346126.94,5070944.148,63515106.93,0,0,0,0,0,0,0,0,0,0,,0,,0,0,0,0,0,0,0,0,0,0,0,0,0,0
15346126.94,5070944.148,15349126.94,5070944.148,15349126.94,5067944.148,15346126.94,5067944.148,63515106.93,0,0,0,0,0,0,0,0,0,0,,0,,0,0,0,0,0,0,0,0,0,0,0,0,0,0
15346126.94,5067944.148,15349126.94,5067944.148,15349126.94,5064944.148,15346126.94,5064944.148,63515106.93,0,0,0,0,0,0,0,0,0,0,,0,,0,0,0,0,0,0,0,0,0,0,0,0,0,0
15346126.94,5064944.148,15349126.94,5064944.148,15349126.94,5061944.148,15346126.94,5061944.148,63515106.93,0,0,0,0,0,0,0,0,0,0,,0,,0,0,0,0,0,0,0,0,0,0,0,0,0,0
15346126.94,5061944.148,15349126.94,5061944.148,15349126.94,5058944.148,15346126.94,5058944.148,63515106.93,0,0,0,0,0,0,0,0,0,0,,0,,0,0,0,0,0,0,0,0,0,0,0,0,0,0
15346126.94,5058944.148,15349126.94,5058944.148,15349126.94,5055944.148,15346126.94,5055944.148,63515106.93,0,0,0,0,0,0,0,0,0,0,,0,,0,0,0,0,0,0,0,0,0,0,0,0,0,0
15346126.94,5055944.148,15349126.94,5055944.148,15349126.94,5052944.148,15346126.94,5052944.148,63515106.93,0,0,0,0,0,0,0,0,0,0,,0,,0,0,0,0,0,0,0,0,0,0,0,0,0,0
15346126.94,5052944.148,15349126.94,5052944.148,15349126.94,5049944.148,15346126.94,5049944.148,63515106.93,0,0,0,0,0,0,0,0,0,0,,0,,0,0,0,0,0,0,0,0,0,0,0,0,0,0
15346126.94,5049944.148,15349126.94,5049944.148,15349126.94,5046944.148,15346126.94,5046944.148,63515106.93,0,0,0,0,0,0,0,0,0,0,,0,,0,0,0,0,0,0,0,0,0,0,0,0,0,0
15346126.94,5046944.148,15349126.94,5046944.148,15349126.94,5043944.148,15346126.94,5043944.148,63515106.93,0,0,0,0,0,0,0,0,0,0,,0,,0,0,0,0,0,0,0,0,0,0,0,0,0,0
15346126.94,5043944.148,15349126.94,5043944.148,15349126.94,5040944.148,15346126.94,5040944.148,63515106.93,0,0,0,0,0,0,0,0,0,0,,0,,0,0,0,0,0,0,0,0,0,0,0,0,0,0
15346126.94,5040944.148,15349126.94,5040944.148,15349126.94,5037944.148,15346126.94,5037944.148,63515106.93,0,0,0,0,0,0,0,0,0,0,,0,,0,0,0,0,0,0,0,0,0,0,0,0,0,0
15346126.94,5037944.148,15349126.94,5037944.148,15349126.94,5034944.148,15346126.94,5034944.148,63515106.93,0,0,0,0,0,0,0,0,0,0,,0,,0,0,0,0,0,0,0,0,0,0,0,0,0,0
15346126.94,5034944.148,15349126.94,5034944.148,15349126.94,5031944.148,15346126.94,5031944.148,63515106.93,0,0,0,0,0,0,0,0,0,0,,0,,0,0,0,0,0,0,0,0,0,0,0,0,0,0
15346126.94,5031944.148,15349126.94,5031944.148,15349126.94,5028944.148,15346126.94,5028944.148,63515106.93,0,0,0,0,0,0,0,0,0,0,,0,,0,0,0,0,0,0,0,0,0,0,0,0,0,0
15346126.94,5028944.148,15349126.94,5028944.148,15349126.94,5025944.148,15346126.94,5025944.148,63515106.93,0,0,0,0,0,0,0,0,0,0,,0,,0,0,0,0,0,0,0,0,0,0,0,0,0,0
15346126.94,5025944.148,15349126.94,5025944.148,15349126.94,5022944.148,15346126.94,5022944.148,63515106.93,0,0,0,0,0,0,0,0,0,0,,0,,0,0,0,0,0,0,0,0,0,0,0,0,0,0
15346126.94,5022944.148,15349126.94,5022944.148,15349126.94,5019944.148,15346126.94,5019944.148,63515106.93,0,0,0,0,0,0,0,0,0,0,,0,,0,0,0,0,0,0,0,0,0,0,0,0,0,0
15346126.94,5019944.148,15349126.94,5019944.148,15349126.94,5016944.148,15346126.94,5016944.148,63515106.93,0,0,0,0,0,0,0,0,0,0,,0,,0,0,0,0,0,0,0,0,0,0,0,0,0,0
15346126.94,5016944.148,15349126.94,5016944.148,15349126.94,5013944.148,15346126.94,5013944.148,63515106.93,0,0,0,0,0,0,0,0,0,0,,0,,0,0,0,0,0,0,0,0,0,0,0,0,0,0
15346126.94,5013944.148,15349126.94,5013944.148,15349126.94,5010944.148,15346126.94,5010944.148,63515106.93,0,0,0,0,0,0,0,0,0,0,,0,,0,0,0,0,0,0,0,0,0,0,0,0,0,0
15346126.94,5010944.148,15349126.94,5010944.148,15349126.94,5007944.148,15346126.94,5007944.148,63515106.93,0,0,0,0,0,0,0,0,0,0,,0,,0,0,0,0,0,0,0,0,0,0,0,0,0,0
15346126.94,5007944.148,15349126.94,5007944.148,15349126.94,5004944.148,15346126.94,5004944.148,63515106.93,1.57E-08,1.57E-08,8416.401414,3127.388684,5289.01273,0,0,0,1.115259285,0.557629643,,0.00013251,,0.00013251,1,2,1,2,4208.200707,3127.388684,5289.01273,0,0,1,0,1.57E-08,63515106.93
15346126.94,5004944.148,15349126.94,5004944.148,15349126.94,5001944.148,15346126.94,5001944.148,63515106.93,5.51E-08,5.51E-08,6452.088062,383.784888,7408.285996,0,0,0,2.293990332,1.605793232,,0.000355542,,0.000355542,3.5,5,3.5,5,4516.461643,383.784888,7408.285996,0,0,1,0,5.51E-08,222302874.3
15346126.94,5001944.148,15349126.94,5001944.148,15349126.94,4998944.148,15346126.94,4998944.148,63515106.93,7.87E-08,7.87E-08,5429.500744,1207.224299,7269.609023,0,0,0,2.320666669,1.65761905,,0.000427418,,0.000427418,5,7,5,7,3878.214817,1207.224299,7269.609023,0,0,1,0,7.87E-08,317575534.7
15346126.94,4998944.148,15349126.94,4998944.148,15349126.94,4995944.148,15346126.94,4995944.148,63515106.93,3.94E-08,3.94E-08,4924.899157,727.2462107,4624.031509,0,0,0,0.954679638,0.477339819,,0.000193848,,0.000193848,2.5,5,2.5,5,2462.449579,727.2462107,4624.031509,0,0,1,0,3.94E-08,158787767.3
15346126.94,4995944.148,15349126.94,4995944.148,15349126.94,4992944.148,15346126.94,4992944.148,63515106.93,0,0,0,0,0,0,0,0,0,0,,0,,0,0,0,0,0,0,0,0,0,0,0,0,0,0
15346126.94,4992944.148,15349126.94,4992944.148,15349126.94,4989944.148,15346126.94,4989944.148,63515106.93,7.87E-09,7.87E-09,208.9727325,104.4863662,104.4863662,0,0,0,0.000343773,0.000171887,,1.65E-06,,1.65E-06,0.5,1,0.5,1,104.4863662,104.4863662,104.4863662,0,0,1,0,7.87E-09,31757553.47
15346126.94,4989944.148,15349126.94,4989944.148,15349126.94,4986944.148,15346126.94,4986944.148,63515106.93,1.57E-08,1.57E-08,5159.493883,2298.393062,2861.100821,0,0,0,0.419118827,0.209559414,,8.12E-05,,8.12E-05,1,2,1,2,2579.746942,2298.393062,2861.100821,0,0,1,0,1.57E-08,63515106.93
15346126.94,4986944.148,15349126.94,4986944.148,15349126.94,4983944.148,15346126.94,4983944.148,63515106.93,2.36E-08,2.36E-08,4385.746031,1058.783984,3397.363544,0,0,0,0.454256535,0.227128267,,0.000103576,,0.000103576,1.5,3,1.5,3,2192.873015,1058.783984,3397.363544,0,0,1,0,2.36E-08,95272660.4
15346126.94,4983944.148,15349126.94,4983944.148,15349126.94,4980944.148,15346126.94,4980944.148,63515106.93,1.57E-08,1.57E-08,3401.884602,1218.574021,2183.310581,0,0,0,0.182205768,0.091102884,,5.36E-05,,5.36E-05,1,2,1,2,1700.942301,1218.574021,2183.310581,0,0,1,0,1.57E-08,63515106.93
15346126.94,4980944.148,15349126.94,4980944.148,15349126.94,4977944.148,15346126.94,4977944.148,63515106.93,0,0,0,5206.438712,5206.438712,0,0,0,0,0.426780421,,8.20E-05,,8.20E-05,0,1,0,1,5206.438712,5206.438712,5206.438712,0,0,0,0,0,0
15346126.94,4977944.148,15349126.94,4977944.148,15349126.94,4974944.148,15346126.94,4974944.148,63515106.93,7.87E-09,7.87E-09,37353.52464,2487.377797,8427.078203,0,0,0,10.98388927,1.830648212,,0.000294052,,0.000294052,0.5,3,0.5,3,6225.58744,2487.377797,8427.078203,0,0,1,0,7.87E-09,31757553.47
15346126.94,4974944.148,15349126.94,4974944.148,15349126.94,4971944.148,15346126.94,4971944.148,63515106.93,1.57E-08,1.57E-08,24214.64136,7575.163443,8895.469235,0,0,0,9.231644004,3.077214668,,0.000381242,,0.000381242,1,3,1,3,8071.547119,7575.163443,8895.469235,0,0,1,0,1.57E-08,63515106.93
15346126.94,4971944.148,15349126.94,4971944.148,15349126.94,4968944.148,15346126.94,4968944.148,63515106.93,7.87E-09,7.87E-09,40821.14937,5555.451658,7566.930772,0,0,0,13.11787318,2.186312197,,0.00032135,,0.00032135,0.5,3,0.5,3,6803.524894,5555.451658,7566.930772,0,0,1,0,7.87E-09,31757553.47
15346126.94,4968944.148,15349126.94,4968944.148,15349126.94,4965944.148,15346126.94,4965944.148,63515106.93,1.57E-08,1.57E-08,20916.33708,5803.041823,8629.177392,0,0,0,6.888017324,2.296005775,,0.000329313,,0.000329313,1,3,1,3,6972.11236,5803.041823,8629.177392,0,0,1,0,1.57E-08,63515106.93
15346126.94,4965944.148,15349126.94,4965944.148,15349126.94,4962944.148,15346126.94,4962944.148,63515106.93,3.94E-08,3.94E-08,12816.33441,572.0162052,8715.621497,0,0,0,6.465329104,2.693887127,,0.00050446,,0.00050446,2.5,6,2.5,6,5340.139338,572.0162052,8715.621497,0,0,1,0,3.94E-08,158787767.3
15346126.94,4962944.148,15349126.94,4962944.148,15349126.94,4959944.148,15346126.94,4959944.148,63515106.93,4.72E-08,4.72E-08,8423.897857,10.47293439,7358.002664,0,0,0,3.351740643,1.436460275,,0.000397885,,0.000397885,3,7,3,7,3610.241939,10.47293439,7358.002664,0,0,1,0,4.72E-08,190545320.8
15346126.94,4959944.148,15349126.94,4959944.148,15349126.94,4956944.148,15346126.94,4956944.148,63515106.93,3.94E-08,3.94E-08,6867.651603,2277.459676,5982.375622,0,0,0,1.856433879,0.928216939,,0.000270316,,0.000270316,2.5,5,2.5,5,3433.825801,2277.459676,5982.375622,0,0,1,0,3.94E-08,158787767.3
15346126.94,4956944.148,15349126.94,4956944.148,15349126.94,4953944.148,15346126.94,4953944.148,63515106.93,1.57E-08,1.57E-08,8724.670249,3223.016218,5501.65403,0,0,0,1.198453008,0.599226504,,0.000137364,,0.000137364,1,2,1,2,4362.335124,3223.016218,5501.65403,0,0,1,0,1.57E-08,63515106.93
15346126.94,4953944.148,15349126.94,4953944.148,15349126.94,4950944.148,15346126.94,4950944.148,63515106.93,0,0,0,7284.853087,7284.853087,0,0,0,0,0.835534837,,0.000114695,,0.000114695,0,1,0,1,7284.853087,7284.853087,7284.853087,0,0,0,0,0,0
15346126.94,4950944.148,15349126.94,4950944.148,15349126.94,4947944.148,15346126.94,4947944.148,63515106.93,0,0,0,2000.64688,2000.64688,0,0,0,0,0.063017889,,3.15E-05,,3.15E-05,0,1,0,1,2000.64688,2000.64688,2000.64688,0,0,0,0,0,0
15346126.94,4947944.148,15349126.94,4947944.148,15349126.94,4944944.148,15346126.94,4944944.148,63515106.93,0,0,0,0,0,0,0,0,0,0,,0,,0,0,0,0,0,0,0,0,0,0,0,0,0,0
15346126.94,4944944.148,15349126.94,4944944.148,15349126.94,4941944.148,15346126.94,4941944.148,63515106.93,0,0,0,0,0,0,0,0,0,0,,0,,0,0,0,0,0,0,0,0,0,0,0,0,0,0
15349126.94,5088944.148,15352126.94,5088944.148,15352126.94,5085944.148,15349126.94,5085944.148,63515106.93,0,0,0,0,0,0,0,0,0,0,,0,,0,0,0,0,0,0,0,0,0,0,0,0,0,0
15349126.94,5085944.148,15352126.94,5085944.148,15352126.94,5082944.148,15349126.94,5082944.148,63515106.93,0,0,0,0,0,0,0,0,0,0,,0,,0,0,0,0,0,0,0,0,0,0,0,0,0,0
15349126.94,5082944.148,15352126.94,5082944.148,15352126.94,5079944.148,15349126.94,5079944.148,63515106.93,0,0,0,0,0,0,0,0,0,0,,0,,0,0,0,0,0,0,0,0,0,0,0,0,0,0
15349126.94,5079944.148,15352126.94,5079944.148,15352126.94,5076944.148,15349126.94,5076944.148,63515106.93,0,0,0,0,0,0,0,0,0,0,,0,,0,0,0,0,0,0,0,0,0,0,0,0,0,0
15349126.94,5076944.148,15352126.94,5076944.148,15352126.94,5073944.148,15349126.94,5073944.148,63515106.93,0,0,0,0,0,0,0,0,0,0,,0,,0,0,0,0,0,0,0,0,0,0,0,0,0,0
15349126.94,5073944.148,15352126.94,5073944.148,15352126.94,5070944.148,15349126.94,5070944.148,63515106.93,0,0,0,0,0,0,0,0,0,0,,0,,0,0,0,0,0,0,0,0,0,0,0,0,0,0
15349126.94,5070944.148,15352126.94,5070944.148,15352126.94,5067944.148,15349126.94,5067944.148,63515106.93,0,0,0,0,0,0,0,0,0,0,,0,,0,0,0,0,0,0,0,0,0,0,0,0,0,0
15349126.94,5067944.148,15352126.94,5067944.148,15352126.94,5064944.148,15349126.94,5064944.148,63515106.93,0,0,0,0,0,0,0,0,0,0,,0,,0,0,0,0,0,0,0,0,0,0,0,0,0,0
15349126.94,5064944.148,15352126.94,5064944.148,15352126.94,5061944.148,15349126.94,5061944.148,63515106.93,0,0,0,0,0,0,0,0,0,0,,0,,0,0,0,0,0,0,0,0,0,0,0,0,0,0
15349126.94,5061944.148,15352126.94,5061944.148,15352126.94,5058944.148,15349126.94,5058944.148,63515106.93,0,0,0,0,0,0,0,0,0,0,,0,,0,0,0,0,0,0,0,0,0,0,0,0,0,0
15349126.94,5058944.148,15352126.94,5058944.148,15352126.94,5055944.148,15349126.94,5055944.148,63515106.93,0,0,0,0,0,0,0,0,0,0,,0,,0,0,0,0,0,0,0,0,0,0,0,0,0,0
15349126.94,5055944.148,15352126.94,5055944.148,15352126.94,5052944.148,15349126.94,5052944.148,63515106.93,0,0,0,0,0,0,0,0,0,0,,0,,0,0,0,0,0,0,0,0,0,0,0,0,0,0
15349126.94,5052944.148,15352126.94,5052944.148,15352126.94,5049944.148,15349126.94,5049944.148,63515106.93,0,0,0,0,0,0,0,0,0,0,,0,,0,0,0,0,0,0,0,0,0,0,0,0,0,0
15349126.94,5049944.148,15352126.94,5049944.148,15352126.94,5046944.148,15349126.94,5046944.148,63515106.93,0,0,0,0,0,0,0,0,0,0,,0,,0,0,0,0,0,0,0,0,0,0,0,0,0,0
15349126.94,5046944.148,15352126.94,5046944.148,15352126.94,5043944.148,15349126.94,5043944.148,63515106.93,7.87E-09,7.87E-09,1742.672446,871.336223,871.336223,0,0,0,0.023906968,0.011953484,,1.37E-05,,1.37E-05,0.5,1,0.5,1,871.336223,871.336223,871.336223,0,0,1,0,7.87E-09,31757553.47
15349126.94,5043944.148,15352126.94,5043944.148,15352126.94,5040944.148,15349126.94,5040944.148,63515106.93,7.87E-09,7.87E-09,818.0404901,409.020245,409.020245,0,0,0,0.005267961,0.002633981,,6.44E-06,,6.44E-06,0.5,1,0.5,1,409.020245,409.020245,409.020245,0,0,1,0,7.87E-09,31757553.47
15349126.94,5040944.148,15352126.94,5040944.148,15352126.94,5037944.148,15349126.94,5037944.148,63515106.93,0,0,0,0,0,0,0,0,0,0,,0,,0,0,0,0,0,0,0,0,0,0,0,0,0,0
15349126.94,5037944.148,15352126.94,5037944.148,15352126.94,5034944.148,15349126.94,5034944.148,63515106.93,0,0,0,0,0,0,0,0,0,0,,0,,0,0,0,0,0,0,0,0,0,0,0,0,0,0
15349126.94,5034944.148,15352126.94,5034944.148,15352126.94,5031944.148,15349126.94,5031944.148,63515106.93,0,0,0,0,0,0,0,0,0,0,,0,,0,0,0,0,0,0,0,0,0,0,0,0,0,0
15349126.94,5031944.148,15352126.94,5031944.148,15352126.94,5028944.148,15349126.94,5028944.148,63515106.93,0,0,0,0,0,0,0,0,0,0,,0,,0,0,0,0,0,0,0,0,0,0,0,0,0,0
15349126.94,5028944.148,15352126.94,5028944.148,15352126.94,5025944.148,15349126.94,5025944.148,63515106.93,0,0,0,0,0,0,0,0,0,0,,0,,0,0,0,0,0,0,0,0,0,0,0,0,0,0
15349126.94,5025944.148,15352126.94,5025944.148,15352126.94,5022944.148,15349126.94,5022944.148,63515106.93,0,0,0,0,0,0,0,0,0,0,,0,,0,0,0,0,0,0,0,0,0,0,0,0,0,0
15349126.94,5022944.148,15352126.94,5022944.148,15352126.94,5019944.148,15349126.94,5019944.148,63515106.93,0,0,0,0,0,0,0,0,0,0,,0,,0,0,0,0,0,0,0,0,0,0,0,0,0,0
15349126.94,5019944.148,15352126.94,5019944.148,15352126.94,5016944.148,15349126.94,5016944.148,63515106.93,7.87E-09,7.87E-09,5097.293042,2548.646521,2548.646521,0,0,0,0.204537138,0.102268569,,4.01E-05,,4.01E-05,0.5,1,0.5,1,2548.646521,2548.646521,2548.646521,0,0,1,0,7.87E-09,31757553.47
15349126.94,5016944.148,15352126.94,5016944.148,15352126.94,5013944.148,15349126.94,5013944.148,63515106.93,7.87E-09,7.87E-09,5625.328303,2812.664152,2812.664152,0,0,0,0.249108598,0.124554299,,4.43E-05,,4.43E-05,0.5,1,0.5,1,2812.664152,2812.664152,2812.664152,0,0,1,0,7.87E-09,31757553.47
15349126.94,5013944.148,15352126.94,5013944.148,15352126.94,5010944.148,15349126.94,5010944.148,63515106.93,0,0,0,0,0,0,0,0,0,0,,0,,0,0,0,0,0,0,0,0,0,0,0,0,0,0
15349126.94,5010944.148,15352126.94,5010944.148,15352126.94,5007944.148,15349126.94,5007944.148,63515106.93,0,0,0,0,0,0,0,0,0,0,,0,,0,0,0,0,0,0,0,0,0,0,0,0,0,0
15349126.94,5007944.148,15352126.94,5007944.148,15352126.94,5004944.148,15349126.94,5004944.148,63515106.93,1.57E-08,1.57E-08,6125.115977,475.2472219,4042.456315,0,0,0,0.590679093,0.196893031,,9.64E-05,,9.64E-05,1,3,1,3,2041.705326,475.2472219,4042.456315,0,0,1,0,1.57E-08,63515106.93
15349126.94,5004944.148,15352126.94,5004944.148,15352126.94,5001944.148,15349126.94,5001944.148,63515106.93,6.30E-08,6.30E-08,5013.020949,312.0379966,6451.453805,0,0,0,1.582639485,0.791319742,,0.000315706,,0.000315706,4,8,4,8,2506.510474,312.0379966,6451.453805,0,0,1,0,6.30E-08,254060427.7
15349126.94,5001944.148,15352126.94,5001944.148,15352126.94,4998944.148,15349126.94,4998944.148,63515106.93,5.51E-08,5.51E-08,5467.171673,1555.250899,5703.938358,0,0,0,1.647086597,0.960800515,,0.000301268,,0.000301268,3.5,6,3.5,6,3189.183476,1555.250899,5703.938358,0,0,1,0,5.51E-08,222302874.3
15349126.94,4998944.148,15352126.94,4998944.148,15352126.94,4995944.148,15349126.94,4995944.148,63515106.93,3.15E-08,3.15E-08,3801.824544,1959.383143,3380.036841,0,0,0,0.455131718,0.303421145,,0.000119714,,0.000119714,2,3,2,3,2534.549696,1959.383143,3380.036841,0,0,1,0,3.15E-08,127030213.9
15349126.94,4995944.148,15352126.94,4995944.148,15352126.94,4992944.148,15349126.94,4992944.148,63515106.93,0,0,0,0,0,0,0,0,0,0,,0,,0,0,0,0,0,0,0,0,0,0,0,0,0,0
15349126.94,4992944.148,15352126.94,4992944.148,15352126.94,4989944.148,15349126.94,4989944.148,63515106.93,0,0,0,0,0,0,0,0,0,0,,0,,0,0,0,0,0,0,0,0,0,0,0,0,0,0
15349126.94,4989944.148,15352126.94,4989944.148,15352126.94,4986944.148,15349126.94,4986944.148,63515106.93,0,0,0,0,0,0,0,0,0,0,,0,,0,0,0,0,0,0,0,0,0,0,0,0,0,0
15349126.94,4986944.148,15352126.94,4986944.148,15352126.94,4983944.148,15349126.94,4983944.148,63515106.93,7.87E-09,7.87E-09,618.9447974,309.4723987,309.4723987,0,0,0,0.00301576,0.00150788,,4.87E-06,,4.87E-06,0.5,1,0.5,1,309.4723987,309.4723987,309.4723987,0,0,1,0,7.87E-09,31757553.47
15349126.94,4983944.148,15352126.94,4983944.148,15352126.94,4980944.148,15349126.94,4980944.148,63515106.93,0,0,0,0,0,0,0,0,0,0,,0,,0,0,0,0,0,0,0,0,0,0,0,0,0,0
15349126.94,4980944.148,15352126.94,4980944.148,15352126.94,4977944.148,15349126.94,4977944.148,63515106.93,0,0,0,0,0,0,0,0,0,0,,0,,0,0,0,0,0,0,0,0,0,0,0,0,0,0
15349126.94,4977944.148,15352126.94,4977944.148,15352126.94,4974944.148,15349126.94,4974944.148,63515106.93,1.57E-08,1.57E-08,15246.03169,3426.044356,5998.934777,0,0,0,3.659625141,1.219875047,,0.000240038,,0.000240038,1,3,1,3,5082.010562,3426.044356,5998.934777,0,0,1,0,1.57E-08,63515106.93
15349126.94,4974944.148,15352126.94,4974944.148,15352126.94,4971944.148,15349126.94,4971944.148,63515106.93,2.36E-08,2.36E-08,13150.52757,5279.773916,8135.848665,0,0,0,4.084139592,2.042069796,,0.000310568,,0.000310568,1.5,3,1.5,3,6575.263784,5279.773916,8135.848665,0,0,1,0,2.36E-08,95272660.4
15349126.94,4971944.148,15352126.94,4971944.148,15352126.94,4968944.148,15349126.94,4968944.148,63515106.93,2.36E-08,2.36E-08,14690.52671,2320.550358,8059.787656,0,0,0,5.096698693,1.91126201,,0.000346938,,0.000346938,1.5,4,1.5,4,5508.947516,2320.550358,8059.787656,0,0,1,0,2.36E-08,95272660.4
15349126.94,4968944.148,15352126.94,4968944.148,15352126.94,4965944.148,15349126.94,4965944.148,63515106.93,7.87E-09,7.87E-09,43307.67073,5382.118184,8290.771813,0,0,0,14.76463187,2.460771978,,0.000340924,,0.000340924,0.5,3,0.5,3,7217.945122,5382.118184,8290.771813,0,0,1,0,7.87E-09,31757553.47
15349126.94,4965944.148,15352126.94,4965944.148,15352126.94,4962944.148,15349126.94,4962944.148,63515106.93,3.15E-08,3.15E-08,19282.26582,2574.724281,8936.627751,0,0,0,11.70763282,3.902544274,,0.000607171,,0.000607171,2,6,2,6,6427.421942,2574.724281,8936.627751,0,0,1,0,3.15E-08,127030213.9
15349126.94,4962944.148,15352126.94,4962944.148,15352126.94,4959944.148,15349126.94,4959944.148,63515106.93,3.94E-08,3.94E-08,12445.5575,735.5376563,7561.45785,0,0,0,6.096655937,2.540273307,,0.000489866,,0.000489866,2.5,6,2.5,6,5185.648959,735.5376563,7561.45785,0,0,1,0,3.94E-08,158787767.3
15349126.94,4959944.148,15352126.94,4959944.148,15352126.94,4956944.148,15349126.94,4956944.148,63515106.93,3.15E-08,3.15E-08,11720.8261,3763.138599,6190.668422,0,0,0,4.325829593,1.730331837,,0.000369072,,0.000369072,2,5,2,5,4688.330442,3763.138599,6190.668422,0,0,1,0,3.15E-08,127030213.9
15349126.94,4956944.148,15352126.94,4956944.148,15352126.94,4953944.148,15349126.94,4953944.148,63515106.93,1.57E-08,1.57E-08,13524.03039,6436.027023,7088.003366,0,0,0,2.879620405,1.439810203,,0.000212926,,0.000212926,1,2,1,2,6762.015195,6436.027023,7088.003366,0,0,1,0,1.57E-08,63515106.93
15349126.94,4953944.148,15352126.94,4953944.148,15352126.94,4950944.148,15349126.94,4950944.148,63515106.93,0,0,0,6273.769635,9045.705676,0,0,0,0,1.847484285,,0.000241194,,0.000241194,0,2,0,2,7659.737656,6273.769635,9045.705676,0,0,0,0,0,0
15349126.94,4950944.148,15352126.94,4950944.148,15352126.94,4947944.148,15349126.94,4947944.148,63515106.93,0,0,0,8498.851481,8498.851481,0,0,0,0,1.13721727,,0.000133808,,0.000133808,0,1,0,1,8498.851481,8498.851481,8498.851481,0,0,0,0,0,0
15349126.94,4947944.148,15352126.94,4947944.148,15352126.94,4944944.148,15349126.94,4944944.148,63515106.93,0,0,0,6648.339705,6648.339705,0,0,0,0,0.695904061,,0.000104673,,0.000104673,0,1,0,1,6648.339705,6648.339705,6648.339705,0,0,0,0,0,0
15349126.94,4944944.148,15352126.94,4944944.148,15352126.94,4941944.148,15349126.94,4941944.148,63515106.93,0,0,0,2415.818808,2415.818808,0,0,0,0,0.091886494,,3.80E-05,,3.80E-05,0,1,0,1,2415.818808,2415.818808,2415.818808,0,0,0,0,0,0
15352126.94,5088944.148,15355126.94,5088944.148,15355126.94,5085944.148,15352126.94,5085944.148,63515106.93,0,0,0,0,0,0,0,0,0,0,,0,,0,0,0,0,0,0,0,0,0,0,0,0,0,0
15352126.94,5085944.148,15355126.94,5085944.148,15355126.94,5082944.148,15352126.94,5082944.148,63515106.93,0,0,0,0,0,0,0,0,0,0,,0,,0,0,0,0,0,0,0,0,0,0,0,0,0,0
15352126.94,5082944.148,15355126.94,5082944.148,15355126.94,5079944.148,15352126.94,5079944.148,63515106.93,0,0,0,0,0,0,0,0,0,0,,0,,0,0,0,0,0,0,0,0,0,0,0,0,0,0
15352126.94,5079944.148,15355126.94,5079944.148,15355126.94,5076944.148,15352126.94,5076944.148,63515106.93,0,0,0,0,0,0,0,0,0,0,,0,,0,0,0,0,0,0,0,0,0,0,0,0,0,0
15352126.94,5076944.148,15355126.94,5076944.148,15355126.94,5073944.148,15352126.94,5073944.148,63515106.93,0,0,0,0,0,0,0,0,0,0,,0,,0,0,0,0,0,0,0,0,0,0,0,0,0,0
15352126.94,5073944.148,15355126.94,5073944.148,15355126.94,5070944.148,15352126.94,5070944.148,63515106.93,0,0,0,0,0,0,0,0,0,0,,0,,0,0,0,0,0,0,0,0,0,0,0,0,0,0
15352126.94,5070944.148,15355126.94,5070944.148,15355126.94,5067944.148,15352126.94,5067944.148,63515106.93,0,0,0,0,0,0,0,0,0,0,,0,,0,0,0,0,0,0,0,0,0,0,0,0,0,0
15352126.94,5067944.148,15355126.94,5067944.148,15355126.94,5064944.148,15352126.94,5064944.148,63515106.93,0,0,0,0,0,0,0,0,0,0,,0,,0,0,0,0,0,0,0,0,0,0,0,0,0,0
15352126.94,5064944.148,15355126.94,5064944.148,15355126.94,5061944.148,15352126.94,5061944.148,63515106.93,0,0,0,0,0,0,0,0,0,0,,0,,0,0,0,0,0,0,0,0,0,0,0,0,0,0
15352126.94,5061944.148,15355126.94,5061944.148,15355126.94,5058944.148,15352126.94,5058944.148,63515106.93,0,0,0,0,0,0,0,0,0,0,,0,,0,0,0,0,0,0,0,0,0,0,0,0,0,0
15352126.94,5058944.148,15355126.94,5058944.148,15355126.94,5055944.148,15352126.94,5055944.148,63515106.93,0,0,0,0,0,0,0,0,0,0,,0,,0,0,0,0,0,0,0,0,0,0,0,0,0,0
15352126.94,5055944.148,15355126.94,5055944.148,15355126.94,5052944.148,15352126.94,5052944.148,63515106.93,0,0,0,0,0,0,0,0,0,0,,0,,0,0,0,0,0,0,0,0,0,0,0,0,0,0
15352126.94,5052944.148,15355126.94,5052944.148,15355126.94,5049944.148,15352126.94,5049944.148,63515106.93,0,0,0,0,0,0,0,0,0,0,,0,,0,0,0,0,0,0,0,0,0,0,0,0,0,0
15352126.94,5049944.148,15355126.94,5049944.148,15355126.94,5046944.148,15352126.94,5046944.148,63515106.93,7.87E-09,7.87E-09,5205.100759,2602.550379,2602.550379,0,0,0,0.21328055,0.106640275,,4.10E-05,,4.10E-05,0.5,1,0.5,1,2602.550379,2602.550379,2602.550379,0,0,1,0,7.87E-09,31757553.47
15352126.94,5046944.148,15355126.94,5046944.148,15355126.94,5043944.148,15352126.94,5043944.148,63515106.93,7.87E-09,7.87E-09,8177.116265,4088.558133,4088.558133,0,0,0,0.526372651,0.263186325,,6.44E-05,,6.44E-05,0.5,1,0.5,1,4088.558133,4088.558133,4088.558133,0,0,1,0,7.87E-09,31757553.47
15352126.94,5043944.148,15355126.94,5043944.148,15355126.94,5040944.148,15352126.94,5040944.148,63515106.93,7.87E-09,7.87E-09,6035.424547,3017.712274,3017.712274,0,0,0,0.286753429,0.143376715,,4.75E-05,,4.75E-05,0.5,1,0.5,1,3017.712274,3017.712274,3017.712274,0,0,1,0,7.87E-09,31757553.47
15352126.94,5040944.148,15355126.94,5040944.148,15355126.94,5037944.148,15352126.94,5037944.148,63515106.93,0,0,0,0,0,0,0,0,0,0,,0,,0,0,0,0,0,0,0,0,0,0,0,0,0,0
15352126.94,5037944.148,15355126.94,5037944.148,15355126.94,5034944.148,15352126.94,5034944.148,63515106.93,0,0,0,0,0,0,0,0,0,0,,0,,0,0,0,0,0,0,0,0,0,0,0,0,0,0
15352126.94,5034944.148,15355126.94,5034944.148,15355126.94,5031944.148,15352126.94,5031944.148,63515106.93,0,0,0,0,0,0,0,0,0,0,,0,,0,0,0,0,0,0,0,0,0,0,0,0,0,0
15352126.94,5031944.148,15355126.94,5031944.148,15355126.94,5028944.148,15352126.94,5028944.148,63515106.93,0,0,0,0,0,0,0,0,0,0,,0,,0,0,0,0,0,0,0,0,0,0,0,0,0,0
15352126.94,5028944.148,15355126.94,5028944.148,15355126.94,5025944.148,15352126.94,5025944.148,63515106.93,0,0,0,0,0,0,0,0,0,0,,0,,0,0,0,0,0,0,0,0,0,0,0,0,0,0
15352126.94,5025944.148,15355126.94,5025944.148,15355126.94,5022944.148,15352126.94,5022944.148,63515106.93,0,0,0,0,0,0,0,0,0,0,,0,,0,0,0,0,0,0,0,0,0,0,0,0,0,0
15352126.94,5022944.148,15355126.94,5022944.148,15355126.94,5019944.148,15352126.94,5019944.148,63515106.93,0,0,0,0,0,0,0,0,0,0,,0,,0,0,0,0,0,0,0,0,0,0,0,0,0,0
15352126.94,5019944.148,15355126.94,5019944.148,15355126.94,5016944.148,15352126.94,5016944.148,63515106.93,2.36E-08,2.36E-08,3004.181099,15.14460045,4491.127048,0,0,0,0.213140728,0.159855546,,7.09E-05,,7.09E-05,1.5,2,1.5,2,2253.135824,15.14460045,4491.127048,0,0,1,0,2.36E-08,95272660.4
15352126.94,5016944.148,15355126.94,5016944.148,15355126.94,5013944.148,15352126.94,5013944.148,63515106.93,2.36E-08,2.36E-08,3391.608479,596.2856699,4491.127048,0,0,0,0.271659971,0.203744978,,8.01E-05,,8.01E-05,1.5,2,1.5,2,2543.706359,596.2856699,4491.127048,0,0,1,0,2.36E-08,95272660.4
15352126.94,5013944.148,15355126.94,5013944.148,15355126.94,5010944.148,15352126.94,5010944.148,63515106.93,0,0,0,3150.11373,3150.11373,0,0,0,0,0.156233957,,4.96E-05,,4.96E-05,0,1,0,1,3150.11373,3150.11373,3150.11373,0,0,0,0,0,0
15352126.94,5010944.148,15355126.94,5010944.148,15355126.94,5007944.148,15352126.94,5007944.148,63515106.93,7.87E-09,7.87E-09,985.7105688,492.8552844,492.8552844,0,0,0,0.007648773,0.003824387,,7.76E-06,,7.76E-06,0.5,1,0.5,1,492.8552844,492.8552844,492.8552844,0,0,1,0,7.87E-09,31757553.47
15352126.94,5007944.148,15355126.94,5007944.148,15355126.94,5004944.148,15352126.94,5004944.148,63515106.93,3.15E-08,3.15E-08,3402.831066,421.1040326,3305.005713,0,0,0,0.364614336,0.243076224,,0.00010715,,0.00010715,2,3,2,3,2268.554044,421.1040326,3305.005713,0,0,1,0,3.15E-08,127030213.9
15352126.94,5004944.148,15355126.94,5004944.148,15355126.94,5001944.148,15352126.94,5001944.148,63515106.93,7.08E-08,7.08E-08,4324.076221,748.4952984,4386.636383,0,0,0,1.324714108,0.851601927,,0.000306358,,0.000306358,4.5,7,4.5,7,2779.763285,748.4952984,4386.636383,0,0,1,0,7.08E-08,285817981.2
15352126.94,5001944.148,15355126.94,5001944.148,15355126.94,4998944.148,15352126.94,4998944.148,63515106.93,6.30E-08,6.30E-08,3857.728692,70.16305154,4624.381495,0,0,0,0.937230299,0.624820199,,0.000242949,,0.000242949,4,6,4,6,2571.819128,70.16305154,4624.381495,0,0,1,0,6.30E-08,254060427.7
15352126.94,4998944.148,15355126.94,4998944.148,15355126.94,4995944.148,15352126.94,4995944.148,63515106.93,1.57E-08,1.57E-08,3702.914578,322.8777363,3380.036841,0,0,0,0.215878978,0.107939489,,5.83E-05,,5.83E-05,1,2,1,2,1851.457289,322.8777363,3380.036841,0,0,1,0,1.57E-08,63515106.93
15352126.94,4995944.148,15355126.94,4995944.148,15355126.94,4992944.148,15352126.94,4992944.148,63515106.93,0,0,0,0,0,0,0,0,0,0,,0,,0,0,0,0,0,0,0,0,0,0,0,0,0,0
15352126.94,4992944.148,15355126.94,4992944.148,15355126.94,4989944.148,15352126.94,4989944.148,63515106.93,0,0,0,0,0,0,0,0,0,0,,0,,0,0,0,0,0,0,0,0,0,0,0,0,0,0
15352126.94,4989944.148,15355126.94,4989944.148,15355126.94,4986944.148,15352126.94,4986944.148,63515106.93,0,0,0,0,0,0,0,0,0,0,,0,,0,0,0,0,0,0,0,0,0,0,0,0,0,0
15352126.94,4986944.148,15355126.94,4986944.148,15355126.94,4983944.148,15352126.94,4983944.148,63515106.93,0,0,0,0,0,0,0,0,0,0,,0,,0,0,0,0,0,0,0,0,0,0,0,0,0,0
15352126.94,4983944.148,15355126.94,4983944.148,15355126.94,4980944.148,15352126.94,4980944.148,63515106.93,0,0,0,0,0,0,0,0,0,0,,0,,0,0,0,0,0,0,0,0,0,0,0,0,0,0
15352126.94,4980944.148,15355126.94,4980944.148,15355126.94,4977944.148,15352126.94,4977944.148,63515106.93,0,0,0,0,0,0,0,0,0,0,,0,,0,0,0,0,0,0,0,0,0,0,0,0,0,0
15352126.94,4977944.148,15355126.94,4977944.148,15355126.94,4974944.148,15352126.94,4974944.148,63515106.93,2.36E-08,2.36E-08,4892.52995,2115.166153,2700.40208,0,0,0,0.565302897,0.282651449,,0.000115544,,0.000115544,1.5,3,1.5,3,2446.264975,2115.166153,2700.40208,0,0,1,0,2.36E-08,95272660.4
15352126.94,4974944.148,15355126.94,4974944.148,15355126.94,4971944.148,15352126.94,4971944.148,63515106.93,2.36E-08,2.36E-08,7372.370976,2559.816295,5181.547902,0,0,0,1.283596685,0.641798343,,0.000174109,,0.000174109,1.5,3,1.5,3,3686.185488,2559.816295,5181.547902,0,0,1,0,2.36E-08,95272660.4
15352126.94,4971944.148,15355126.94,4971944.148,15355126.94,4968944.148,15352126.94,4968944.148,63515106.93,3.15E-08,3.15E-08,5912.684451,610.0960479,4988.795956,0,0,0,1.100835348,0.550417674,,0.000186182,,0.000186182,2,4,2,4,2956.342226,610.0960479,4988.795956,0,0,1,0,3.15E-08,127030213.9
15352126.94,4968944.148,15355126.94,4968944.148,15355126.94,4965944.148,15352126.94,4965944.148,63515106.93,2.36E-08,2.36E-08,11490.44691,5004.558764,7118.340692,0,0,0,3.118085837,1.559042918,,0.000271363,,0.000271363,1.5,3,1.5,3,5745.223456,5004.558764,7118.340692,0,0,1,0,2.36E-08,95272660.4
15352126.94,4965944.148,15355126.94,4965944.148,15355126.94,4962944.148,15352126.94,4962944.148,63515106.93,3.94E-08,3.94E-08,9779.014718,1583.022263,7433.994633,0,0,0,3.764030853,1.882015426,,0.000384909,,0.000384909,2.5,5,2.5,5,4889.507359,1583.022263,7433.994633,0,0,1,0,3.94E-08,158787767.3
15352126.94,4962944.148,15355126.94,4962944.148,15355126.94,4959944.148,15352126.94,4959944.148,63515106.93,3.15E-08,3.15E-08,12068.83899,2715.908122,6336.730588,0,0,0,4.586526944,1.834610777,,0.000380031,,0.000380031,2,5,2,5,4827.535597,2715.908122,6336.730588,0,0,1,0,3.15E-08,127030213.9
15352126.94,4959944.148,15355126.94,4959944.148,15355126.94,4956944.148,15352126.94,4956944.148,63515106.93,3.15E-08,3.15E-08,8054.69063,1548.874775,5864.024754,0,0,0,2.042916852,1.021458426,,0.000253631,,0.000253631,2,4,2,4,4027.345315,1548.874775,5864.024754,0,0,1,0,3.15E-08,127030213.9
15352126.94,4956944.148,15355126.94,4956944.148,15355126.94,4953944.148,15352126.94,4953944.148,63515106.93,2.36E-08,2.36E-08,9935.508574,2737.712148,7616.982587,0,0,0,2.33127996,1.16563998,,0.000234641,,0.000234641,1.5,3,1.5,3,4967.754287,2737.712148,7616.982587,0,0,1,0,2.36E-08,95272660.4
15352126.94,4953944.148,15355126.94,4953944.148,15355126.94,4950944.148,15352126.94,4950944.148,63515106.93,7.87E-09,7.87E-09,26146.31692,5667.161553,7405.996905,0,0,0,5.381632192,1.345408048,,0.000205828,,0.000205828,0.5,2,0.5,2,6536.579229,5667.161553,7405.996905,0,0,1,0,7.87E-09,31757553.47
15352126.94,4950944.148,15355126.94,4950944.148,15355126.94,4947944.148,15352126.94,4947944.148,63515106.93,7.87E-09,7.87E-09,21825.73764,2103.601269,8809.267553,0,0,0,3.749996235,0.937499059,,0.000171815,,0.000171815,0.5,2,0.5,2,5456.434411,2103.601269,8809.267553,0,0,1,0,7.87E-09,31757553.47
15352126.94,4947944.148,15355126.94,4947944.148,15355126.94,4944944.148,15352126.94,4944944.148,63515106.93,0,0,0,6465.28616,6465.28616,0,0,0,0,0.65810997,,0.000101791,,0.000101791,0,1,0,1,6465.28616,6465.28616,6465.28616,0,0,0,0,0,0
15352126.94,4944944.148,15355126.94,4944944.148,15355126.94,4941944.148,15352126.94,4941944.148,63515106.93,0,0,0,3542.425357,3542.425357,0,0,0,0,0.197571539,,5.58E-05,,5.58E-05,0,1,0,1,3542.425357,3542.425357,3542.425357,0,0,0,0,0,0
15355126.94,5088944.148,15358126.94,5088944.148,15358126.94,5085944.148,15355126.94,5085944.148,63515106.93,0,0,0,0,0,0,0,0,0,0,,0,,0,0,0,0,0,0,0,0,0,0,0,0,0,0
15355126.94,5085944.148,15358126.94,5085944.148,15358126.94,5082944.148,15355126.94,5082944.148,63515106.93,0,0,0,0,0,0,0,0,0,0,,0,,0,0,0,0,0,0,0,0,0,0,0,0,0,0
15355126.94,5082944.148,15358126.94,5082944.148,15358126.94,5079944.148,15355126.94,5079944.148,63515106.93,0,0,0,0,0,0,0,0,0,0,,0,,0,0,0,0,0,0,0,0,0,0,0,0,0,0
15355126.94,5079944.148,15358126.94,5079944.148,15358126.94,5076944.148,15355126.94,5076944.148,63515106.93,0,0,0,0,0,0,0,0,0,0,,0,,0,0,0,0,0,0,0,0,0,0,0,0,0,0
15355126.94,5076944.148,15358126.94,5076944.148,15358126.94,5073944.148,15355126.94,5073944.148,63515106.93,0,0,0,0,0,0,0,0,0,0,,0,,0,0,0,0,0,0,0,0,0,0,0,0,0,0
15355126.94,5073944.148,15358126.94,5073944.148,15358126.94,5070944.148,15355126.94,5070944.148,63515106.93,0,0,0,0,0,0,0,0,0,0,,0,,0,0,0,0,0,0,0,0,0,0,0,0,0,0
15355126.94,5070944.148,15358126.94,5070944.148,15358126.94,5067944.148,15355126.94,5067944.148,63515106.93,0,0,0,0,0,0,0,0,0,0,,0,,0,0,0,0,0,0,0,0,0,0,0,0,0,0
15355126.94,5067944.148,15358126.94,5067944.148,15358126.94,5064944.148,15355126.94,5064944.148,63515106.93,0,0,0,0,0,0,0,0,0,0,,0,,0,0,0,0,0,0,0,0,0,0,0,0,0,0
15355126.94,5064944.148,15358126.94,5064944.148,15358126.94,5061944.148,15355126.94,5061944.148,63515106.93,0,0,0,0,0,0,0,0,0,0,,0,,0,0,0,0,0,0,0,0,0,0,0,0,0,0
15355126.94,5061944.148,15358126.94,5061944.148,15358126.94,5058944.148,15355126.94,5058944.148,63515106.93,0,0,0,0,0,0,0,0,0,0,,0,,0,0,0,0,0,0,0,0,0,0,0,0,0,0
15355126.94,5058944.148,15358126.94,5058944.148,15358126.94,5055944.148,15355126.94,5055944.148,63515106.93,0,0,0,0,0,0,0,0,0,0,,0,,0,0,0,0,0,0,0,0,0,0,0,0,0,0
15355126.94,5055944.148,15358126.94,5055944.148,15358126.94,5052944.148,15355126.94,5052944.148,63515106.93,0,0,0,0,0,0,0,0,0,0,,0,,0,0,0,0,0,0,0,0,0,0,0,0,0,0
15355126.94,5052944.148,15358126.94,5052944.148,15358126.94,5049944.148,15355126.94,5049944.148,63515106.93,0,0,0,0,0,0,0,0,0,0,,0,,0,0,0,0,0,0,0,0,0,0,0,0,0,0
15355126.94,5049944.148,15358126.94,5049944.148,15358126.94,5046944.148,15355126.94,5046944.148,63515106.93,0,0,0,6561.703977,6561.703977,0,0,0,0,0.677885328,,0.000103309,,0.000103309,0,1,0,1,6561.703977,6561.703977,6561.703977,0,0,0,0,0,0
15355126.94,5046944.148,15358126.94,5046944.148,15358126.94,5043944.148,15355126.94,5043944.148,63515106.93,7.87E-09,7.87E-09,14218.35412,7109.177061,7109.177061,0,0,0,1.591444963,0.795722481,,0.000111929,,0.000111929,0.5,1,0.5,1,7109.177061,7109.177061,7109.177061,0,0,1,0,7.87E-09,31757553.47
15355126.94,5043944.148,15358126.94,5043944.148,15358126.94,5040944.148,15355126.94,5040944.148,63515106.93,7.87E-09,7.87E-09,10807.4751,5403.73755,5403.73755,0,0,0,0.919478245,0.459739122,,8.51E-05,,8.51E-05,0.5,1,0.5,1,5403.73755,5403.73755,5403.73755,0,0,1,0,7.87E-09,31757553.47
15355126.94,5040944.148,15358126.94,5040944.148,15358126.94,5037944.148,15355126.94,5037944.148,63515106.93,0,0,0,0,0,0,0,0,0,0,,0,,0,0,0,0,0,0,0,0,0,0,0,0,0,0
15355126.94,5037944.148,15358126.94,5037944.148,15358126.94,5034944.148,15355126.94,5034944.148,63515106.93,0,0,0,0,0,0,0,0,0,0,,0,,0,0,0,0,0,0,0,0,0,0,0,0,0,0
15355126.94,5034944.148,15358126.94,5034944.148,15358126.94,5031944.148,15355126.94,5031944.148,63515106.93,0,0,0,0,0,0,0,0,0,0,,0,,0,0,0,0,0,0,0,0,0,0,0,0,0,0
15355126.94,5031944.148,15358126.94,5031944.148,15358126.94,5028944.148,15355126.94,5028944.148,63515106.93,0,0,0,0,0,0,0,0,0,0,,0,,0,0,0,0,0,0,0,0,0,0,0,0,0,0
15355126.94,5028944.148,15358126.94,5028944.148,15358126.94,5025944.148,15355126.94,5025944.148,63515106.93,0,0,0,0,0,0,0,0,0,0,,0,,0,0,0,0,0,0,0,0,0,0,0,0,0,0
15355126.94,5025944.148,15358126.94,5025944.148,15358126.94,5022944.148,15355126.94,5022944.148,63515106.93,0,0,0,0,0,0,0,0,0,0,,0,,0,0,0,0,0,0,0,0,0,0,0,0,0,0
15355126.94,5022944.148,15358126.94,5022944.148,15358126.94,5019944.148,15355126.94,5019944.148,63515106.93,0,0,0,0,0,0,0,0,0,0,,0,,0,0,0,0,0,0,0,0,0,0,0,0,0,0
15355126.94,5019944.148,15358126.94,5019944.148,15358126.94,5016944.148,15355126.94,5016944.148,63515106.93,3.15E-08,3.15E-08,3852.950109,619.7832212,4293.657041,0,0,0,0.467454918,0.311636612,,0.000121324,,0.000121324,2,3,2,3,2568.633406,619.7832212,4293.657041,0,0,1,0,3.15E-08,127030213.9
15355126.94,5016944.148,15358126.94,5016944.148,15358126.94,5013944.148,15355126.94,5013944.148,63515106.93,3.15E-08,3.15E-08,4195.252873,1286.377141,4311.668648,0,0,0,0.554203481,0.369468987,,0.000132103,,0.000132103,2,3,2,3,2796.835248,1286.377141,4311.668648,0,0,1,0,3.15E-08,127030213.9
15355126.94,5013944.148,15358126.94,5013944.148,15358126.94,5010944.148,15355126.94,5010944.148,63515106.93,2.36E-08,2.36E-08,3108.177183,859.4818188,1984.127066,0,0,0,0.228152778,0.114076389,,7.34E-05,,7.34E-05,1.5,3,1.5,3,1554.088592,859.4818188,1984.127066,0,0,1,0,2.36E-08,95272660.4
15355126.94,5010944.148,15358126.94,5010944.148,15358126.94,5007944.148,15355126.94,5007944.148,63515106.93,1.57E-08,1.57E-08,2222.339696,940.2569289,1282.082767,0,0,0,0.07775778,0.03887889,,3.50E-05,,3.50E-05,1,2,1,2,1111.169848,940.2569289,1282.082767,0,0,1,0,1.57E-08,63515106.93
15355126.94,5007944.148,15358126.94,5007944.148,15358126.94,5004944.148,15355126.94,5004944.148,63515106.93,6.30E-08,6.30E-08,4031.709394,1062.85465,6041.057404,0,0,0,1.023673354,0.682448903,,0.000253906,,0.000253906,4,6,4,6,2687.806262,1062.85465,6041.057404,0,0,1,0,6.30E-08,254060427.7
15355126.94,5004944.148,15358126.94,5004944.148,15358126.94,5001944.148,15355126.94,5001944.148,63515106.93,9.45E-08,9.45E-08,3768.260824,122.600187,6528.270376,0,0,0,1.341393284,1.006044963,,0.000355971,,0.000355971,6,8,6,8,2826.195618,122.600187,6528.270376,0,0,1,0,9.45E-08,381090641.6
15355126.94,5001944.148,15358126.94,5001944.148,15358126.94,4998944.148,15355126.94,4998944.148,63515106.93,4.72E-08,4.72E-08,5319.339581,93.72419207,6275.368407,0,0,0,1.336471351,0.668235675,,0.000251248,,0.000251248,3,6,3,6,2659.669791,93.72419207,6275.368407,0,0,1,0,4.72E-08,190545320.8
15355126.94,4998944.148,15358126.94,4998944.148,15358126.94,4995944.148,15355126.94,4995944.148,63515106.93,7.87E-09,7.87E-09,7623.32971,796.4101709,3015.254684,0,0,0,0.457490813,0.114372703,,6.00E-05,,6.00E-05,0.5,2,0.5,2,1905.832428,796.4101709,3015.254684,0,0,1,0,7.87E-09,31757553.47
15355126.94,4995944.148,15358126.94,4995944.148,15358126.94,4992944.148,15355126.94,4992944.148,63515106.93,0,0,0,0,0,0,0,0,0,0,,0,,0,0,0,0,0,0,0,0,0,0,0,0,0,0
15355126.94,4992944.148,15358126.94,4992944.148,15358126.94,4989944.148,15355126.94,4989944.148,63515106.93,0,0,0,0,0,0,0,0,0,0,,0,,0,0,0,0,0,0,0,0,0,0,0,0,0,0
15355126.94,4989944.148,15358126.94,4989944.148,15358126.94,4986944.148,15355126.94,4986944.148,63515106.93,0,0,0,0,0,0,0,0,0,0,,0,,0,0,0,0,0,0,0,0,0,0,0,0,0,0
15355126.94,4986944.148,15358126.94,4986944.148,15358126.94,4983944.148,15355126.94,4983944.148,63515106.93,0,0,0,0,0,0,0,0,0,0,,0,,0,0,0,0,0,0,0,0,0,0,0,0,0,0
15355126.94,4983944.148,15358126.94,4983944.148,15358126.94,4980944.148,15355126.94,4980944.148,63515106.93,0,0,0,0,0,0,0,0,0,0,,0,,0,0,0,0,0,0,0,0,0,0,0,0,0,0
15355126.94,4980944.148,15358126.94,4980944.148,15358126.94,4977944.148,15355126.94,4977944.148,63515106.93,0,0,0,0,0,0,0,0,0,0,,0,,0,0,0,0,0,0,0,0,0,0,0,0,0,0
15355126.94,4977944.148,15358126.94,4977944.148,15358126.94,4974944.148,15355126.94,4974944.148,63515106.93,7.87E-09,7.87E-09,1.529907691,0.764953845,0.764953845,0,0,0,1.84E-08,9.21E-09,,1.20E-08,,1.20E-08,0.5,1,0.5,1,0.764953845,0.764953845,0.764953845,0,0,1,0,7.87E-09,31757553.47
15355126.94,4974944.148,15358126.94,4974944.148,15358126.94,4971944.148,15355126.94,4971944.148,63515106.93,2.36E-08,2.36E-08,1662.906145,24.75906081,2217.739777,0,0,0,0.065305491,0.032652746,,3.93E-05,,3.93E-05,1.5,3,1.5,3,831.4530727,24.75906081,2217.739777,0,0,1,0,2.36E-08,95272660.4
15355126.94,4971944.148,15358126.94,4971944.148,15358126.94,4968944.148,15355126.94,4968944.148,63515106.93,1.57E-08,1.57E-08,2559.891738,655.5692955,1904.322442,0,0,0,0.103173025,0.051586512,,4.03E-05,,4.03E-05,1,2,1,2,1279.945869,655.5692955,1904.322442,0,0,1,0,1.57E-08,63515106.93
15355126.94,4968944.148,15358126.94,4968944.148,15358126.94,4965944.148,15355126.94,4965944.148,63515106.93,2.36E-08,2.36E-08,5449.946143,1996.654645,4101.159293,0,0,0,0.701453112,0.350726556,,0.000128708,,0.000128708,1.5,3,1.5,3,2724.973072,1996.654645,4101.159293,0,0,1,0,2.36E-08,95272660.4
15355126.94,4965944.148,15358126.94,4965944.148,15358126.94,4962944.148,15355126.94,4962944.148,63515106.93,3.15E-08,3.15E-08,5497.120477,974.4655788,4442.692559,0,0,0,0.951532163,0.475766081,,0.000173096,,0.000173096,2,4,2,4,2748.560238,974.4655788,4442.692559,0,0,1,0,3.15E-08,127030213.9
15355126.94,4962944.148,15358126.94,4962944.148,15358126.94,4959944.148,15355126.94,4959944.148,63515106.93,3.15E-08,3.15E-08,5217.285074,1893.970514,3352.155514,0,0,0,0.857120923,0.428560461,,0.000164285,,0.000164285,2,4,2,4,2608.642537,1893.970514,3352.155514,0,0,1,0,3.15E-08,127030213.9
15355126.94,4959944.148,15358126.94,4959944.148,15358126.94,4956944.148,15355126.94,4956944.148,63515106.93,1.57E-08,1.57E-08,3540.01823,530.9569286,3009.061301,0,0,0,0.197303125,0.098651562,,5.57E-05,,5.57E-05,1,2,1,2,1770.009115,530.9569286,3009.061301,0,0,1,0,1.57E-08,63515106.93
15355126.94,4956944.148,15358126.94,4956944.148,15358126.94,4953944.148,15355126.94,4953944.148,63515106.93,1.57E-08,1.57E-08,5046.238524,660.0524822,4386.186042,0,0,0,0.400920733,0.200460367,,7.94E-05,,7.94E-05,1,2,1,2,2523.119262,660.0524822,4386.186042,0,0,1,0,1.57E-08,63515106.93
15355126.94,4953944.148,15358126.94,4953944.148,15358126.94,4950944.148,15355126.94,4950944.148,63515106.93,7.87E-09,7.87E-09,7008.866195,3504.433098,3504.433098,0,0,0,0.386712766,0.193356383,,5.52E-05,,5.52E-05,0.5,1,0.5,1,3504.433098,3504.433098,3504.433098,0,0,1,0,7.87E-09,31757553.47
15355126.94,4950944.148,15358126.94,4950944.148,15358126.94,4947944.148,15355126.94,4947944.148,63515106.93,7.87E-09,7.87E-09,12479.13368,1296.056036,4943.510803,0,0,0,1.225919194,0.306479798,,9.82E-05,,9.82E-05,0.5,2,0.5,2,3119.78342,1296.056036,4943.510803,0,0,1,0,7.87E-09,31757553.47
15355126.94,4947944.148,15358126.94,4947944.148,15358126.94,4944944.148,15355126.94,4944944.148,63515106.93,0,0,0,4358.245194,4358.245194,0,0,0,0,0.299051707,,6.86E-05,,6.86E-05,0,1,0,1,4358.245194,4358.245194,4358.245194,0,0,0,0,0,0
15355126.94,4944944.148,15358126.94,4944944.148,15358126.94,4941944.148,15355126.94,4941944.148,63515106.93,0,0,0,2263.485987,2263.485987,0,0,0,0,0.080663783,,3.56E-05,,3.56E-05,0,1,0,1,2263.485987,2263.485987,2263.485987,0,0,0,0,0,0
15358126.94,5088944.148,15361126.94,5088944.148,15361126.94,5085944.148,15358126.94,5085944.148,63515106.93,0,0,0,0,0,0,0,0,0,0,,0,,0,0,0,0,0,0,0,0,0,0,0,0,0,0
15358126.94,5085944.148,15361126.94,5085944.148,15361126.94,5082944.148,15358126.94,5082944.148,63515106.93,0,0,0,0,0,0,0,0,0,0,,0,,0,0,0,0,0,0,0,0,0,0,0,0,0,0
15358126.94,5082944.148,15361126.94,5082944.148,15361126.94,5079944.148,15358126.94,5079944.148,63515106.93,0,0,0,0,0,0,0,0,0,0,,0,,0,0,0,0,0,0,0,0,0,0,0,0,0,0
15358126.94,5079944.148,15361126.94,5079944.148,15361126.94,5076944.148,15358126.94,5076944.148,63515106.93,0,0,0,0,0,0,0,0,0,0,,0,,0,0,0,0,0,0,0,0,0,0,0,0,0,0
15358126.94,5076944.148,15361126.94,5076944.148,15361126.94,5073944.148,15358126.94,5073944.148,63515106.93,0,0,0,0,0,0,0,0,0,0,,0,,0,0,0,0,0,0,0,0,0,0,0,0,0,0
15358126.94,5073944.148,15361126.94,5073944.148,15361126.94,5070944.148,15358126.94,5070944.148,63515106.93,0,0,0,0,0,0,0,0,0,0,,0,,0,0,0,0,0,0,0,0,0,0,0,0,0,0
15358126.94,5070944.148,15361126.94,5070944.148,15361126.94,5067944.148,15358126.94,5067944.148,63515106.93,0,0,0,0,0,0,0,0,0,0,,0,,0,0,0,0,0,0,0,0,0,0,0,0,0,0
15358126.94,5067944.148,15361126.94,5067944.148,15361126.94,5064944.148,15358126.94,5064944.148,63515106.93,0,0,0,0,0,0,0,0,0,0,,0,,0,0,0,0,0,0,0,0,0,0,0,0,0,0
15358126.94,5064944.148,15361126.94,5064944.148,15361126.94,5061944.148,15358126.94,5061944.148,63515106.93,0,0,0,0,0,0,0,0,0,0,,0,,0,0,0,0,0,0,0,0,0,0,0,0,0,0
15358126.94,5061944.148,15361126.94,5061944.148,15361126.94,5058944.148,15358126.94,5058944.148,63515106.93,0,0,0,0,0,0,0,0,0,0,,0,,0,0,0,0,0,0,0,0,0,0,0,0,0,0
15358126.94,5058944.148,15361126.94,5058944.148,15361126.94,5055944.148,15358126.94,5055944.148,63515106.93,0,0,0,0,0,0,0,0,0,0,,0,,0,0,0,0,0,0,0,0,0,0,0,0,0,0
15358126.94,5055944.148,15361126.94,5055944.148,15361126.94,5052944.148,15358126.94,5052944.148,63515106.93,0,0,0,0,0,0,0,0,0,0,,0,,0,0,0,0,0,0,0,0,0,0,0,0,0,0
15358126.94,5052944.148,15361126.94,5052944.148,15361126.94,5049944.148,15358126.94,5049944.148,63515106.93,0,0,0,0,0,0,0,0,0,0,,0,,0,0,0,0,0,0,0,0,0,0,0,0,0,0
15358126.94,5049944.148,15361126.94,5049944.148,15361126.94,5046944.148,15358126.94,5046944.148,63515106.93,0,0,0,8200.919027,8200.919027,0,0,0,0,1.058883093,,0.000129118,,0.000129118,0,1,0,1,8200.919027,8200.919027,8200.919027,0,0,0,0,0,0
15358126.94,5046944.148,15361126.94,5046944.148,15361126.94,5043944.148,15358126.94,5043944.148,63515106.93,7.87E-09,7.87E-09,21189.53902,1758.227259,8836.542251,0,0,0,3.534565126,0.883641281,,0.000166807,,0.000166807,0.5,2,0.5,2,5297.384755,1758.227259,8836.542251,0,0,1,0,7.87E-09,31757553.47
15358126.94,5043944.148,15361126.94,5043944.148,15361126.94,5040944.148,15358126.94,5040944.148,63515106.93,7.87E-09,7.87E-09,12948.20904,909.2996788,5564.804844,0,0,0,1.31981292,0.32995323,,0.00010193,,0.00010193,0.5,2,0.5,2,3237.052261,909.2996788,5564.804844,0,0,1,0,7.87E-09,31757553.47
15358126.94,5040944.148,15361126.94,5040944.148,15361126.94,5037944.148,15358126.94,5037944.148,63515106.93,0,0,0,0,0,0,0,0,0,0,,0,,0,0,0,0,0,0,0,0,0,0,0,0,0,0
15358126.94,5037944.148,15361126.94,5037944.148,15361126.94,5034944.148,15358126.94,5034944.148,63515106.93,0,0,0,0,0,0,0,0,0,0,,0,,0,0,0,0,0,0,0,0,0,0,0,0,0,0
15358126.94,5034944.148,15361126.94,5034944.148,15361126.94,5031944.148,15358126.94,5031944.148,63515106.93,0,0,0,0,0,0,0,0,0,0,,0,,0,0,0,0,0,0,0,0,0,0,0,0,0,0
15358126.94,5031944.148,15361126.94,5031944.148,15361126.94,5028944.148,15358126.94,5028944.148,63515106.93,0,0,0,0,0,0,0,0,0,0,,0,,0,0,0,0,0,0,0,0,0,0,0,0,0,0
15358126.94,5028944.148,15361126.94,5028944.148,15361126.94,5025944.148,15358126.94,5025944.148,63515106.93,0,0,0,0,0,0,0,0,0,0,,0,,0,0,0,0,0,0,0,0,0,0,0,0,0,0
15358126.94,5025944.148,15361126.94,5025944.148,15361126.94,5022944.148,15358126.94,5022944.148,63515106.93,0,0,0,0,0,0,0,0,0,0,,0,,0,0,0,0,0,0,0,0,0,0,0,0,0,0
15358126.94,5022944.148,15361126.94,5022944.148,15361126.94,5019944.148,15358126.94,5019944.148,63515106.93,0,0,0,0,0,0,0,0,0,0,,0,,0,0,0,0,0,0,0,0,0,0,0,0,0,0
15358126.94,5019944.148,15361126.94,5019944.148,15361126.94,5016944.148,15358126.94,5016944.148,63515106.93,4.72E-08,4.72E-08,2292.222934,196.4116185,2870.759493,0,0,0,0.248174941,0.186131206,,0.000108268,,0.000108268,3,4,3,4,1719.167201,196.4116185,2870.759493,0,0,1,0,4.72E-08,190545320.8
15358126.94,5016944.148,15361126.94,5016944.148,15361126.94,5013944.148,15358126.94,5013944.148,63515106.93,5.51E-08,5.51E-08,3029.726861,1027.325964,2870.759493,0,0,0,0.505822292,0.354075605,,0.000166953,,0.000166953,3.5,5,3.5,5,2120.808803,1027.325964,2870.759493,0,0,1,0,5.51E-08,222302874.3
15358126.94,5013944.148,15361126.94,5013944.148,15361126.94,5010944.148,15358126.94,5010944.148,63515106.93,4.72E-08,4.72E-08,3711.033517,1605.264204,3864.616899,0,0,0,0.65048004,0.48786003,,0.000175283,,0.000175283,3,4,3,4,2783.275138,1605.264204,3864.616899,0,0,1,0,4.72E-08,190545320.8
15358126.94,5010944.148,15361126.94,5010944.148,15361126.94,5007944.148,15358126.94,5007944.148,63515106.93,4.72E-08,4.72E-08,4649.15659,2137.410468,4088.012633,0,0,0,1.020922016,0.612553209,,0.000219593,,0.000219593,3,5,3,5,2789.493954,2137.410468,4088.012633,0,0,1,0,4.72E-08,190545320.8
15358126.94,5007944.148,15361126.94,5007944.148,15361126.94,5004944.148,15358126.94,5004944.148,63515106.93,7.08E-08,7.08E-08,5013.041846,297.9866083,5630.686253,0,0,0,1.780484265,1.144597028,,0.00035517,,0.00035517,4.5,7,4.5,7,3222.669758,297.9866083,5630.686253,0,0,1,0,7.08E-08,285817981.2
15358126.94,5004944.148,15361126.94,5004944.148,15361126.94,5001944.148,15358126.94,5001944.148,63515106.93,7.08E-08,7.08E-08,5240.734404,877.7837318,5552.231882,0,0,0,1.945896699,1.250933592,,0.000371302,,0.000371302,4.5,7,4.5,7,3369.043545,877.7837318,5552.231882,0,0,1,0,7.08E-08,285817981.2
15358126.94,5001944.148,15361126.94,5001944.148,15361126.94,4998944.148,15358126.94,4998944.148,63515106.93,3.15E-08,3.15E-08,6046.203833,3165.204916,4623.046965,0,0,0,1.151114516,0.767409677,,0.000190386,,0.000190386,2,3,2,3,4030.802556,3165.204916,4623.046965,0,0,1,0,3.15E-08,127030213.9
15358126.94,4998944.148,15361126.94,4998944.148,15361126.94,4995944.148,15358126.94,4995944.148,63515106.93,7.87E-09,7.87E-09,3400.742882,1700.371441,1700.371441,0,0,0,0.091041744,0.045520872,,2.68E-05,,2.68E-05,0.5,1,0.5,1,1700.371441,1700.371441,1700.371441,0,0,1,0,7.87E-09,31757553.47
15358126.94,4995944.148,15361126.94,4995944.148,15361126.94,4992944.148,15358126.94,4992944.148,63515106.93,0,0,0,0,0,0,0,0,0,0,,0,,0,0,0,0,0,0,0,0,0,0,0,0,0,0
15358126.94,4992944.148,15361126.94,4992944.148,15361126.94,4989944.148,15358126.94,4989944.148,63515106.93,0,0,0,0,0,0,0,0,0,0,,0,,0,0,0,0,0,0,0,0,0,0,0,0,0,0
15358126.94,4989944.148,15361126.94,4989944.148,15361126.94,4986944.148,15358126.94,4986944.148,63515106.93,0,0,0,0,0,0,0,0,0,0,,0,,0,0,0,0,0,0,0,0,0,0,0,0,0,0
15358126.94,4986944.148,15361126.94,4986944.148,15361126.94,4983944.148,15358126.94,4983944.148,63515106.93,0,0,0,0,0,0,0,0,0,0,,0,,0,0,0,0,0,0,0,0,0,0,0,0,0,0
15358126.94,4983944.148,15361126.94,4983944.148,15361126.94,4980944.148,15358126.94,4980944.148,63515106.93,0,0,0,0,0,0,0,0,0,0,,0,,0,0,0,0,0,0,0,0,0,0,0,0,0,0
15358126.94,4980944.148,15361126.94,4980944.148,15361126.94,4977944.148,15358126.94,4977944.148,63515106.93,0,0,0,0,0,0,0,0,0,0,,0,,0,0,0,0,0,0,0,0,0,0,0,0,0,0
15358126.94,4977944.148,15361126.94,4977944.148,15361126.94,4974944.148,15358126.94,4974944.148,63515106.93,7.87E-09,7.87E-09,2964.34114,1482.17057,1482.17057,0,0,0,0.069175026,0.034587513,,2.33E-05,,2.33E-05,0.5,1,0.5,1,1482.17057,1482.17057,1482.17057,0,0,1,0,7.87E-09,31757553.47
15358126.94,4974944.148,15361126.94,4974944.148,15361126.94,4971944.148,15358126.94,4971944.148,63515106.93,7.87E-09,7.87E-09,6518.017196,3259.008598,3259.008598,0,0,0,0.334444436,0.167222218,,5.13E-05,,5.13E-05,0.5,1,0.5,1,3259.008598,3259.008598,3259.008598,0,0,1,0,7.87E-09,31757553.47
15358126.94,4971944.148,15361126.94,4971944.148,15361126.94,4968944.148,15358126.94,4968944.148,63515106.93,7.87E-09,7.87E-09,6559.42139,3279.710695,3279.710695,0,0,0,0.338706892,0.169353446,,5.16E-05,,5.16E-05,0.5,1,0.5,1,3279.710695,3279.710695,3279.710695,0,0,1,0,7.87E-09,31757553.47
15358126.94,4968944.148,15361126.94,4968944.148,15361126.94,4965944.148,15358126.94,4965944.148,63515106.93,7.87E-09,7.87E-09,2325.037408,1162.518704,1162.518704,0,0,0,0.042555222,0.021277611,,1.83E-05,,1.83E-05,0.5,1,0.5,1,1162.518704,1162.518704,1162.518704,0,0,1,0,7.87E-09,31757553.47
15358126.94,4965944.148,15361126.94,4965944.148,15361126.94,4962944.148,15358126.94,4962944.148,63515106.93,1.57E-08,1.57E-08,2352.14672,944.7423786,1407.404341,0,0,0,0.087106745,0.043553372,,3.70E-05,,3.70E-05,1,2,1,2,1176.07336,944.7423786,1407.404341,0,0,1,0,1.57E-08,63515106.93
15358126.94,4962944.148,15361126.94,4962944.148,15361126.94,4959944.148,15358126.94,4959944.148,63515106.93,7.87E-09,7.87E-09,735.1608807,367.5804404,367.5804404,0,0,0,0.00425459,0.002127295,,5.79E-06,,5.79E-06,0.5,1,0.5,1,367.5804404,367.5804404,367.5804404,0,0,1,0,7.87E-09,31757553.47
15358126.94,4959944.148,15361126.94,4959944.148,15361126.94,4956944.148,15358126.94,4956944.148,63515106.93,7.87E-09,7.87E-09,202.1321267,101.0660633,101.0660633,0,0,0,0.000321635,0.000160818,,1.59E-06,,1.59E-06,0.5,1,0.5,1,101.0660633,101.0660633,101.0660633,0,0,1,0,7.87E-09,31757553.47
15358126.94,4956944.148,15361126.94,4956944.148,15361126.94,4953944.148,15358126.94,4953944.148,63515106.93,0,0,0,0,0,0,0,0,0,0,,0,,0,0,0,0,0,0,0,0,0,0,0,0,0,0
15358126.94,4953944.148,15361126.94,4953944.148,15361126.94,4950944.148,15358126.94,4950944.148,63515106.93,7.87E-09,7.87E-09,952.6707627,476.3353814,476.3353814,0,0,0,0.007144612,0.003572306,,7.50E-06,,7.50E-06,0.5,1,0.5,1,476.3353814,476.3353814,476.3353814,0,0,1,0,7.87E-09,31757553.47
15358126.94,4950944.148,15361126.94,4950944.148,15361126.94,4947944.148,15358126.94,4947944.148,63515106.93,0,0,0,0,0,0,0,0,0,0,,0,,0,0,0,0,0,0,0,0,0,0,0,0,0,0
15358126.94,4947944.148,15361126.94,4947944.148,15361126.94,4944944.148,15358126.94,4944944.148,63515106.93,0,0,0,0,0,0,0,0,0,0,,0,,0,0,0,0,0,0,0,0,0,0,0,0,0,0
15358126.94,4944944.148,15361126.94,4944944.148,15361126.94,4941944.148,15358126.94,4941944.148,63515106.93,0,0,0,0,0,0,0,0,0,0,,0,,0,0,0,0,0,0,0,0,0,0,0,0,0,0
15361126.94,5088944.148,15364126.94,5088944.148,15364126.94,5085944.148,15361126.94,5085944.148,63515106.93,0,0,0,0,0,0,0,0,0,0,,0,,0,0,0,0,0,0,0,0,0,0,0,0,0,0
15361126.94,5085944.148,15364126.94,5085944.148,15364126.94,5082944.148,15361126.94,5082944.148,63515106.93,0,0,0,0,0,0,0,0,0,0,,0,,0,0,0,0,0,0,0,0,0,0,0,0,0,0
15361126.94,5082944.148,15364126.94,5082944.148,15364126.94,5079944.148,15361126.94,5079944.148,63515106.93,0,0,0,0,0,0,0,0,0,0,,0,,0,0,0,0,0,0,0,0,0,0,0,0,0,0
15361126.94,5079944.148,15364126.94,5079944.148,15364126.94,5076944.148,15361126.94,5076944.148,63515106.93,0,0,0,0,0,0,0,0,0,0,,0,,0,0,0,0,0,0,0,0,0,0,0,0,0,0
15361126.94,5076944.148,15364126.94,5076944.148,15364126.94,5073944.148,15361126.94,5073944.148,63515106.93,0,0,0,0,0,0,0,0,0,0,,0,,0,0,0,0,0,0,0,0,0,0,0,0,0,0
15361126.94,5073944.148,15364126.94,5073944.148,15364126.94,5070944.148,15361126.94,5070944.148,63515106.93,0,0,0,0,0,0,0,0,0,0,,0,,0,0,0,0,0,0,0,0,0,0,0,0,0,0
15361126.94,5070944.148,15364126.94,5070944.148,15364126.94,5067944.148,15361126.94,5067944.148,63515106.93,0,0,0,0,0,0,0,0,0,0,,0,,0,0,0,0,0,0,0,0,0,0,0,0,0,0
15361126.94,5067944.148,15364126.94,5067944.148,15364126.94,5064944.148,15361126.94,5064944.148,63515106.93,0,0,0,0,0,0,0,0,0,0,,0,,0,0,0,0,0,0,0,0,0,0,0,0,0,0
15361126.94,5064944.148,15364126.94,5064944.148,15364126.94,5061944.148,15361126.94,5061944.148,63515106.93,0,0,0,0,0,0,0,0,0,0,,0,,0,0,0,0,0,0,0,0,0,0,0,0,0,0
15361126.94,5061944.148,15364126.94,5061944.148,15364126.94,5058944.148,15361126.94,5058944.148,63515106.93,0,0,0,0,0,0,0,0,0,0,,0,,0,0,0,0,0,0,0,0,0,0,0,0,0,0
15361126.94,5058944.148,15364126.94,5058944.148,15364126.94,5055944.148,15361126.94,5055944.148,63515106.93,0,0,0,0,0,0,0,0,0,0,,0,,0,0,0,0,0,0,0,0,0,0,0,0,0,0
15361126.94,5055944.148,15364126.94,5055944.148,15364126.94,5052944.148,15361126.94,5052944.148,63515106.93,0,0,0,0,0,0,0,0,0,0,,0,,0,0,0,0,0,0,0,0,0,0,0,0,0,0
15361126.94,5052944.148,15364126.94,5052944.148,15364126.94,5049944.148,15361126.94,5049944.148,63515106.93,0,0,0,5744.376851,5744.376851,0,0,0,0,0.519527826,,9.04E-05,,9.04E-05,0,1,0,1,5744.376851,5744.376851,5744.376851,0,0,0,0,0,0
15361126.94,5049944.148,15364126.94,5049944.148,15364126.94,5046944.148,15361126.94,5046944.148,63515106.93,7.87E-09,7.87E-09,28148.08246,5151.222151,8922.819079,0,0,0,6.237213353,1.559303338,,0.000221586,,0.000221586,0.5,2,0.5,2,7037.020615,5151.222151,8922.819079,0,0,1,0,7.87E-09,31757553.47
15361126.94,5046944.148,15364126.94,5046944.148,15364126.94,5043944.148,15361126.94,5043944.148,63515106.93,7.87E-09,7.87E-09,25994.35875,4978.796791,8018.382583,0,0,0,5.319259617,1.329814904,,0.000204631,,0.000204631,0.5,2,0.5,2,6498.589687,4978.796791,8018.382583,0,0,1,0,7.87E-09,31757553.47
15361126.94,5043944.148,15364126.94,5043944.148,15364126.94,5040944.148,15361126.94,5040944.148,63515106.93,7.87E-09,7.87E-09,6225.28554,3112.64277,3112.64277,0,0,0,0.305078445,0.152539222,,4.90E-05,,4.90E-05,0.5,1,0.5,1,3112.64277,3112.64277,3112.64277,0,0,1,0,7.87E-09,31757553.47
15361126.94,5040944.148,15364126.94,5040944.148,15364126.94,5037944.148,15361126.94,5037944.148,63515106.93,0,0,0,0,0,0,0,0,0,0,,0,,0,0,0,0,0,0,0,0,0,0,0,0,0,0
15361126.94,5037944.148,15364126.94,5037944.148,15364126.94,5034944.148,15361126.94,5034944.148,63515106.93,0,0,0,0,0,0,0,0,0,0,,0,,0,0,0,0,0,0,0,0,0,0,0,0,0,0
15361126.94,5034944.148,15364126.94,5034944.148,15364126.94,5031944.148,15361126.94,5031944.148,63515106.93,0,0,0,0,0,0,0,0,0,0,,0,,0,0,0,0,0,0,0,0,0,0,0,0,0,0
15361126.94,5031944.148,15364126.94,5031944.148,15364126.94,5028944.148,15361126.94,5028944.148,63515106.93,0,0,0,0,0,0,0,0,0,0,,0,,0,0,0,0,0,0,0,0,0,0,0,0,0,0
15361126.94,5028944.148,15364126.94,5028944.148,15364126.94,5025944.148,15361126.94,5025944.148,63515106.93,0,0,0,0,0,0,0,0,0,0,,0,,0,0,0,0,0,0,0,0,0,0,0,0,0,0
15361126.94,5025944.148,15364126.94,5025944.148,15364126.94,5022944.148,15361126.94,5022944.148,63515106.93,0,0,0,0,0,0,0,0,0,0,,0,,0,0,0,0,0,0,0,0,0,0,0,0,0,0
15361126.94,5022944.148,15364126.94,5022944.148,15364126.94,5019944.148,15361126.94,5019944.148,63515106.93,0,0,0,0,0,0,0,0,0,0,,0,,0,0,0,0,0,0,0,0,0,0,0,0,0,0
15361126.94,5019944.148,15364126.94,5019944.148,15364126.94,5016944.148,15361126.94,5016944.148,63515106.93,3.94E-08,3.94E-08,2841.003835,1466.204356,2870.759493,0,0,0,0.317692246,0.264743538,,0.000111824,,0.000111824,2.5,3,2.5,3,2367.503196,1466.204356,2870.759493,0,0,1,0,3.94E-08,158787767.3
15361126.94,5016944.148,15364126.94,5016944.148,15364126.94,5013944.148,15361126.94,5013944.148,63515106.93,4.72E-08,4.72E-08,4289.399188,2083.782796,5148.109537,0,0,0,0.869034768,0.651776076,,0.000202601,,0.000202601,3,4,3,4,3217.049391,2083.782796,5148.109537,0,0,1,0,4.72E-08,190545320.8
15361126.94,5013944.148,15364126.94,5013944.148,15364126.94,5010944.148,15361126.94,5010944.148,63515106.93,5.51E-08,5.51E-08,4710.056795,510.5138258,6363.225814,0,0,0,1.222484324,0.855739027,,0.000259548,,0.000259548,3.5,5,3.5,5,3297.039757,510.5138258,6363.225814,0,0,1,0,5.51E-08,222302874.3
15361126.94,5010944.148,15364126.94,5010944.148,15364126.94,5007944.148,15361126.94,5007944.148,63515106.93,3.15E-08,3.15E-08,11698.77002,4655.298664,6901.808754,0,0,0,4.309564344,2.154782172,,0.000368378,,0.000368378,2,4,2,4,5849.385012,4655.298664,6901.808754,0,0,1,0,3.15E-08,127030213.9
15361126.94,5007944.148,15364126.94,5007944.148,15364126.94,5004944.148,15361126.94,5004944.148,63515106.93,5.51E-08,5.51E-08,7029.080607,1762.759875,7763.572183,0,0,0,2.722626442,1.588198758,,0.000387337,,0.000387337,3.5,6,3.5,6,4100.297021,1762.759875,7763.572183,0,0,1,0,5.51E-08,222302874.3
15361126.94,5004944.148,15364126.94,5004944.148,15364126.94,5001944.148,15361126.94,5001944.148,63515106.93,4.72E-08,4.72E-08,6646.107503,1090.981466,5930.204219,0,0,0,2.086310505,1.043155253,,0.000313915,,0.000313915,3,6,3,6,3323.053752,1090.981466,5930.204219,0,0,1,0,4.72E-08,190545320.8
15361126.94,5001944.148,15364126.94,5001944.148,15364126.94,4998944.148,15361126.94,4998944.148,63515106.93,2.36E-08,2.36E-08,3513.432194,932.1914825,3000.796775,0,0,0,0.291526057,0.145763028,,8.30E-05,,8.30E-05,1.5,3,1.5,3,1756.716097,932.1914825,3000.796775,0,0,1,0,2.36E-08,95272660.4
15361126.94,4998944.148,15364126.94,4998944.148,15364126.94,4995944.148,15361126.94,4995944.148,63515106.93,0,0,0,0,0,0,0,0,0,0,,0,,0,0,0,0,0,0,0,0,0,0,0,0,0,0
15361126.94,4995944.148,15364126.94,4995944.148,15364126.94,4992944.148,15361126.94,4992944.148,63515106.93,0,0,0,0,0,0,0,0,0,0,,0,,0,0,0,0,0,0,0,0,0,0,0,0,0,0
15361126.94,4992944.148,15364126.94,4992944.148,15364126.94,4989944.148,15361126.94,4989944.148,63515106.93,0,0,0,0,0,0,0,0,0,0,,0,,0,0,0,0,0,0,0,0,0,0,0,0,0,0
15361126.94,4989944.148,15364126.94,4989944.148,15364126.94,4986944.148,15361126.94,4986944.148,63515106.93,0,0,0,0,0,0,0,0,0,0,,0,,0,0,0,0,0,0,0,0,0,0,0,0,0,0
15361126.94,4986944.148,15364126.94,4986944.148,15364126.94,4983944.148,15361126.94,4983944.148,63515106.93,0,0,0,0,0,0,0,0,0,0,,0,,0,0,0,0,0,0,0,0,0,0,0,0,0,0
15361126.94,4983944.148,15364126.94,4983944.148,15364126.94,4980944.148,15361126.94,4980944.148,63515106.93,0,0,0,0,0,0,0,0,0,0,,0,,0,0,0,0,0,0,0,0,0,0,0,0,0,0
15361126.94,4980944.148,15364126.94,4980944.148,15364126.94,4977944.148,15361126.94,4977944.148,63515106.93,0,0,0,0,0,0,0,0,0,0,,0,,0,0,0,0,0,0,0,0,0,0,0,0,0,0
15361126.94,4977944.148,15364126.94,4977944.148,15364126.94,4974944.148,15361126.94,4974944.148,63515106.93,7.87E-09,7.87E-09,5997.004771,2998.502386,2998.502386,0,0,0,0.28311427,0.141557135,,4.72E-05,,4.72E-05,0.5,1,0.5,1,2998.502386,2998.502386,2998.502386,0,0,1,0,7.87E-09,31757553.47
15361126.94,4974944.148,15364126.94,4974944.148,15364126.94,4971944.148,15361126.94,4971944.148,63515106.93,7.87E-09,7.87E-09,11724.60374,5862.301869,5862.301869,0,0,0,1.08215462,0.54107731,,9.23E-05,,9.23E-05,0.5,1,0.5,1,5862.301869,5862.301869,5862.301869,0,0,1,0,7.87E-09,31757553.47
15361126.94,4971944.148,15364126.94,4971944.148,15364126.94,4968944.148,15361126.94,4968944.148,63515106.93,1.57E-08,1.57E-08,6222.29226,6222.29226,6222.29226,0,0,0,0.609570271,0.609570271,,9.80E-05,,9.80E-05,1,1,1,1,6222.29226,6222.29226,6222.29226,0,0,1,0,1.57E-08,63515106.93
15361126.94,4968944.148,15364126.94,4968944.148,15364126.94,4965944.148,15361126.94,4965944.148,63515106.93,0,0,0,1292.433462,1292.433462,0,0,0,0,0.026299007,,2.03E-05,,2.03E-05,0,1,0,1,1292.433462,1292.433462,1292.433462,0,0,0,0,0,0
15361126.94,4965944.148,15364126.94,4965944.148,15364126.94,4962944.148,15361126.94,4962944.148,63515106.93,0,0,0,0,0,0,0,0,0,0,,0,,0,0,0,0,0,0,0,0,0,0,0,0,0,0
15361126.94,4962944.148,15364126.94,4962944.148,15364126.94,4959944.148,15361126.94,4959944.148,63515106.93,7.87E-09,7.87E-09,4052.430645,2026.215322,2026.215322,0,0,0,0.129277859,0.06463893,,3.19E-05,,3.19E-05,0.5,1,0.5,1,2026.215322,2026.215322,2026.215322,0,0,1,0,7.87E-09,31757553.47
15361126.94,4959944.148,15364126.94,4959944.148,15364126.94,4956944.148,15361126.94,4956944.148,63515106.93,7.87E-09,7.87E-09,4601.037402,2300.518701,2300.518701,0,0,0,0.166649685,0.083324843,,3.62E-05,,3.62E-05,0.5,1,0.5,1,2300.518701,2300.518701,2300.518701,0,0,1,0,7.87E-09,31757553.47
15361126.94,4956944.148,15364126.94,4956944.148,15364126.94,4953944.148,15361126.94,4953944.148,63515106.93,0,0,0,0,0,0,0,0,0,0,,0,,0,0,0,0,0,0,0,0,0,0,0,0,0,0
15361126.94,4953944.148,15364126.94,4953944.148,15364126.94,4950944.148,15361126.94,4950944.148,63515106.93,0,0,0,0,0,0,0,0,0,0,,0,,0,0,0,0,0,0,0,0,0,0,0,0,0,0
15361126.94,4950944.148,15364126.94,4950944.148,15364126.94,4947944.148,15361126.94,4947944.148,63515106.93,0,0,0,0,0,0,0,0,0,0,,0,,0,0,0,0,0,0,0,0,0,0,0,0,0,0
15361126.94,4947944.148,15364126.94,4947944.148,15364126.94,4944944.148,15361126.94,4944944.148,63515106.93,0,0,0,0,0,0,0,0,0,0,,0,,0,0,0,0,0,0,0,0,0,0,0,0,0,0
15361126.94,4944944.148,15364126.94,4944944.148,15364126.94,4941944.148,15361126.94,4941944.148,63515106.93,0,0,0,0,0,0,0,0,0,0,,0,,0,0,0,0,0,0,0,0,0,0,0,0,0,0
15364126.94,5088944.148,15367126.94,5088944.148,15367126.94,5085944.148,15364126.94,5085944.148,63515106.93,0,0,0,0,0,0,0,0,0,0,,0,,0,0,0,0,0,0,0,0,0,0,0,0,0,0
15364126.94,5085944.148,15367126.94,5085944.148,15367126.94,5082944.148,15364126.94,5082944.148,63515106.93,0,0,0,0,0,0,0,0,0,0,,0,,0,0,0,0,0,0,0,0,0,0,0,0,0,0
15364126.94,5082944.148,15367126.94,5082944.148,15367126.94,5079944.148,15364126.94,5079944.148,63515106.93,0,0,0,0,0,0,0,0,0,0,,0,,0,0,0,0,0,0,0,0,0,0,0,0,0,0
15364126.94,5079944.148,15367126.94,5079944.148,15367126.94,5076944.148,15364126.94,5076944.148,63515106.93,0,0,0,0,0,0,0,0,0,0,,0,,0,0,0,0,0,0,0,0,0,0,0,0,0,0
15364126.94,5076944.148,15367126.94,5076944.148,15367126.94,5073944.148,15364126.94,5073944.148,63515106.93,0,0,0,0,0,0,0,0,0,0,,0,,0,0,0,0,0,0,0,0,0,0,0,0,0,0
15364126.94,5073944.148,15367126.94,5073944.148,15367126.94,5070944.148,15364126.94,5070944.148,63515106.93,0,0,0,0,0,0,0,0,0,0,,0,,0,0,0,0,0,0,0,0,0,0,0,0,0,0
15364126.94,5070944.148,15367126.94,5070944.148,15367126.94,5067944.148,15364126.94,5067944.148,63515106.93,0,0,0,0,0,0,0,0,0,0,,0,,0,0,0,0,0,0,0,0,0,0,0,0,0,0
15364126.94,5067944.148,15367126.94,5067944.148,15367126.94,5064944.148,15364126.94,5064944.148,63515106.93,0,0,0,0,0,0,0,0,0,0,,0,,0,0,0,0,0,0,0,0,0,0,0,0,0,0
15364126.94,5064944.148,15367126.94,5064944.148,15367126.94,5061944.148,15364126.94,5061944.148,63515106.93,0,0,0,0,0,0,0,0,0,0,,0,,0,0,0,0,0,0,0,0,0,0,0,0,0,0
15364126.94,5061944.148,15367126.94,5061944.148,15367126.94,5058944.148,15364126.94,5058944.148,63515106.93,0,0,0,0,0,0,0,0,0,0,,0,,0,0,0,0,0,0,0,0,0,0,0,0,0,0
15364126.94,5058944.148,15367126.94,5058944.148,15367126.94,5055944.148,15364126.94,5055944.148,63515106.93,0,0,0,0,0,0,0,0,0,0,,0,,0,0,0,0,0,0,0,0,0,0,0,0,0,0
15364126.94,5055944.148,15367126.94,5055944.148,15367126.94,5052944.148,15364126.94,5052944.148,63515106.93,0,0,0,0,0,0,0,0,0,0,,0,,0,0,0,0,0,0,0,0,0,0,0,0,0,0
15364126.94,5052944.148,15367126.94,5052944.148,15367126.94,5049944.148,15364126.94,5049944.148,63515106.93,7.87E-09,7.87E-09,15761.06506,3061.634023,4818.898506,0,0,0,1.95552825,0.488882062,,0.000124073,,0.000124073,0.5,2,0.5,2,3940.266265,3061.634023,4818.898506,0,0,1,0,7.87E-09,31757553.47
15364126.94,5049944.148,15367126.94,5049944.148,15367126.94,5046944.148,15364126.94,5046944.148,63515106.93,7.87E-09,7.87E-09,30020.37265,6705.041349,8305.144977,0,0,0,7.09455449,1.773638622,,0.000236325,,0.000236325,0.5,2,0.5,2,7505.093163,6705.041349,8305.144977,0,0,1,0,7.87E-09,31757553.47
15364126.94,5046944.148,15367126.94,5046944.148,15367126.94,5043944.148,15364126.94,5043944.148,63515106.93,7.87E-09,7.87E-09,27470.1428,6220.467013,7514.604385,0,0,0,5.940387899,1.485096975,,0.000216249,,0.000216249,0.5,2,0.5,2,6867.535699,6220.467013,7514.604385,0,0,1,0,7.87E-09,31757553.47
15364126.94,5043944.148,15367126.94,5043944.148,15367126.94,5040944.148,15364126.94,5040944.148,63515106.93,1.57E-08,1.57E-08,4919.402804,432.3846734,4487.018131,0,0,0,0.381019967,0.190509984,,7.75E-05,,7.75E-05,1,2,1,2,2459.701402,432.3846734,4487.018131,0,0,1,0,1.57E-08,63515106.93
15364126.94,5040944.148,15367126.94,5040944.148,15367126.94,5037944.148,15364126.94,5037944.148,63515106.93,7.87E-09,7.87E-09,1616.39976,808.1998802,808.1998802,0,0,0,0.020567927,0.010283964,,1.27E-05,,1.27E-05,0.5,1,0.5,1,808.1998802,808.1998802,808.1998802,0,0,1,0,7.87E-09,31757553.47
15364126.94,5037944.148,15367126.94,5037944.148,15367126.94,5034944.148,15364126.94,5034944.148,63515106.93,0,0,0,0,0,0,0,0,0,0,,0,,0,0,0,0,0,0,0,0,0,0,0,0,0,0
15364126.94,5034944.148,15367126.94,5034944.148,15367126.94,5031944.148,15364126.94,5031944.148,63515106.93,0,0,0,0,0,0,0,0,0,0,,0,,0,0,0,0,0,0,0,0,0,0,0,0,0,0
15364126.94,5031944.148,15367126.94,5031944.148,15367126.94,5028944.148,15364126.94,5028944.148,63515106.93,0,0,0,0,0,0,0,0,0,0,,0,,0,0,0,0,0,0,0,0,0,0,0,0,0,0
15364126.94,5028944.148,15367126.94,5028944.148,15367126.94,5025944.148,15364126.94,5025944.148,63515106.93,0,0,0,0,0,0,0,0,0,0,,0,,0,0,0,0,0,0,0,0,0,0,0,0,0,0
15364126.94,5025944.148,15367126.94,5025944.148,15367126.94,5022944.148,15364126.94,5022944.148,63515106.93,0,0,0,0,0,0,0,0,0,0,,0,,0,0,0,0,0,0,0,0,0,0,0,0,0,0
15364126.94,5022944.148,15367126.94,5022944.148,15367126.94,5019944.148,15364126.94,5019944.148,63515106.93,0,0,0,0,0,0,0,0,0,0,,0,,0,0,0,0,0,0,0,0,0,0,0,0,0,0
15364126.94,5019944.148,15367126.94,5019944.148,15367126.94,5016944.148,15364126.94,5016944.148,63515106.93,2.36E-08,2.36E-08,2187.324327,515.4407519,2765.545739,0,0,0,0.112990152,0.084742614,,5.17E-05,,5.17E-05,1.5,2,1.5,2,1640.493245,515.4407519,2765.545739,0,0,1,0,2.36E-08,95272660.4
15364126.94,5016944.148,15367126.94,5016944.148,15367126.94,5013944.148,15364126.94,5013944.148,63515106.93,3.15E-08,3.15E-08,4235.780054,1532.906962,4173.107408,0,0,0,0.564962685,0.37664179,,0.000133379,,0.000133379,2,3,2,3,2823.85337,1532.906962,4173.107408,0,0,1,0,3.15E-08,127030213.9
15364126.94,5013944.148,15367126.94,5013944.148,15367126.94,5010944.148,15364126.94,5010944.148,63515106.93,3.94E-08,3.94E-08,5586.47918,261.205981,5502.074045,0,0,0,1.228398689,0.767749181,,0.000219888,,0.000219888,2.5,4,2.5,4,3491.549488,261.205981,5502.074045,0,0,1,0,3.94E-08,158787767.3
15364126.94,5010944.148,15367126.94,5010944.148,15367126.94,5007944.148,15364126.94,5007944.148,63515106.93,3.94E-08,3.94E-08,7374.622102,2603.504275,5757.058929,0,0,0,2.140634479,1.33789655,,0.00029027,,0.00029027,2.5,4,2.5,4,4609.138814,2603.504275,5757.058929,0,0,1,0,3.94E-08,158787767.3
15364126.94,5007944.148,15367126.94,5007944.148,15367126.94,5004944.148,15364126.94,5004944.148,63515106.93,2.36E-08,2.36E-08,10346.07239,4736.235918,6006.010928,0,0,0,2.527931208,1.263965604,,0.000244337,,0.000244337,1.5,3,1.5,3,5173.036197,4736.235918,6006.010928,0,0,1,0,2.36E-08,95272660.4
15364126.94,5004944.148,15367126.94,5004944.148,15367126.94,5001944.148,15364126.94,5001944.148,63515106.93,2.36E-08,2.36E-08,5958.16199,624.8920859,4166.742864,0,0,0,0.838376002,0.419188001,,0.000140711,,0.000140711,1.5,3,1.5,3,2979.080995,624.8920859,4166.742864,0,0,1,0,2.36E-08,95272660.4
15364126.94,5001944.148,15367126.94,5001944.148,15367126.94,4998944.148,15364126.94,4998944.148,63515106.93,7.87E-09,7.87E-09,329.8427105,164.9213553,164.9213553,0,0,0,0.000856459,0.00042823,,2.60E-06,,2.60E-06,0.5,1,0.5,1,164.9213553,164.9213553,164.9213553,0,0,1,0,7.87E-09,31757553.47
15364126.94,4998944.148,15367126.94,4998944.148,15367126.94,4995944.148,15364126.94,4995944.148,63515106.93,0,0,0,0,0,0,0,0,0,0,,0,,0,0,0,0,0,0,0,0,0,0,0,0,0,0
15364126.94,4995944.148,15367126.94,4995944.148,15367126.94,4992944.148,15364126.94,4992944.148,63515106.93,0,0,0,0,0,0,0,0,0,0,,0,,0,0,0,0,0,0,0,0,0,0,0,0,0,0
15364126.94,4992944.148,15367126.94,4992944.148,15367126.94,4989944.148,15364126.94,4989944.148,63515106.93,0,0,0,0,0,0,0,0,0,0,,0,,0,0,0,0,0,0,0,0,0,0,0,0,0,0
15364126.94,4989944.148,15367126.94,4989944.148,15367126.94,4986944.148,15364126.94,4986944.148,63515106.93,0,0,0,0,0,0,0,0,0,0,,0,,0,0,0,0,0,0,0,0,0,0,0,0,0,0
15364126.94,4986944.148,15367126.94,4986944.148,15367126.94,4983944.148,15364126.94,4983944.148,63515106.93,0,0,0,0,0,0,0,0,0,0,,0,,0,0,0,0,0,0,0,0,0,0,0,0,0,0
15364126.94,4983944.148,15367126.94,4983944.148,15367126.94,4980944.148,15364126.94,4980944.148,63515106.93,0,0,0,0,0,0,0,0,0,0,,0,,0,0,0,0,0,0,0,0,0,0,0,0,0,0
15364126.94,4980944.148,15367126.94,4980944.148,15367126.94,4977944.148,15364126.94,4977944.148,63515106.93,0,0,0,0,0,0,0,0,0,0,,0,,0,0,0,0,0,0,0,0,0,0,0,0,0,0
15364126.94,4977944.148,15367126.94,4977944.148,15367126.94,4974944.148,15364126.94,4974944.148,63515106.93,0,0,0,0,0,0,0,0,0,0,,0,,0,0,0,0,0,0,0,0,0,0,0,0,0,0
15364126.94,4974944.148,15367126.94,4974944.148,15367126.94,4971944.148,15364126.94,4971944.148,63515106.93,7.87E-09,7.87E-09,12350.17627,6175.088135,6175.088135,0,0,0,1.200713194,0.600356597,,9.72E-05,,9.72E-05,0.5,1,0.5,1,6175.088135,6175.088135,6175.088135,0,0,1,0,7.87E-09,31757553.47
15364126.94,4971944.148,15367126.94,4971944.148,15367126.94,4968944.148,15364126.94,4968944.148,63515106.93,7.87E-09,7.87E-09,10321.4528,5160.726398,5160.726398,0,0,0,0.838638184,0.419319092,,8.13E-05,,8.13E-05,0.5,1,0.5,1,5160.726398,5160.726398,5160.726398,0,0,1,0,7.87E-09,31757553.47
15364126.94,4968944.148,15367126.94,4968944.148,15367126.94,4965944.148,15364126.94,4965944.148,63515106.93,1.57E-08,1.57E-08,3382.376452,827.3091458,2555.067306,0,0,0,0.180122037,0.090061019,,5.33E-05,,5.33E-05,1,2,1,2,1691.188226,827.3091458,2555.067306,0,0,1,0,1.57E-08,63515106.93
15364126.94,4965944.148,15367126.94,4965944.148,15367126.94,4962944.148,15364126.94,4962944.148,63515106.93,7.87E-09,7.87E-09,3570.519308,1785.259654,1785.259654,0,0,0,0.100358865,0.050179433,,2.81E-05,,2.81E-05,0.5,1,0.5,1,1785.259654,1785.259654,1785.259654,0,0,1,0,7.87E-09,31757553.47
15364126.94,4962944.148,15367126.94,4962944.148,15367126.94,4959944.148,15364126.94,4959944.148,63515106.93,7.87E-09,7.87E-09,9674.532091,4837.266045,4837.266045,0,0,0,0.736805586,0.368402793,,7.62E-05,,7.62E-05,0.5,1,0.5,1,4837.266045,4837.266045,4837.266045,0,0,1,0,7.87E-09,31757553.47
15364126.94,4959944.148,15367126.94,4959944.148,15367126.94,4956944.148,15364126.94,4956944.148,63515106.93,7.87E-09,7.87E-09,10854.80724,5427.40362,5427.40362,0,0,0,0.927549727,0.463774864,,8.55E-05,,8.55E-05,0.5,1,0.5,1,5427.40362,5427.40362,5427.40362,0,0,1,0,7.87E-09,31757553.47
15364126.94,4956944.148,15367126.94,4956944.148,15367126.94,4953944.148,15364126.94,4953944.148,63515106.93,0,0,0,2950.177795,2950.177795,0,0,0,0,0.137031164,,4.64E-05,,4.64E-05,0,1,0,1,2950.177795,2950.177795,2950.177795,0,0,0,0,0,0
15364126.94,4953944.148,15367126.94,4953944.148,15367126.94,4950944.148,15364126.94,4950944.148,63515106.93,0,0,0,0,0,0,0,0,0,0,,0,,0,0,0,0,0,0,0,0,0,0,0,0,0,0
15364126.94,4950944.148,15367126.94,4950944.148,15367126.94,4947944.148,15364126.94,4947944.148,63515106.93,0,0,0,0,0,0,0,0,0,0,,0,,0,0,0,0,0,0,0,0,0,0,0,0,0,0
15364126.94,4947944.148,15367126.94,4947944.148,15367126.94,4944944.148,15364126.94,4944944.148,63515106.93,0,0,0,0,0,0,0,0,0,0,,0,,0,0,0,0,0,0,0,0,0,0,0,0,0,0
15364126.94,4944944.148,15367126.94,4944944.148,15367126.94,4941944.148,15364126.94,4941944.148,63515106.93,0,0,0,0,0,0,0,0,0,0,,0,,0,0,0,0,0,0,0,0,0,0,0,0,0,0
15367126.94,5088944.148,15370126.94,5088944.148,15370126.94,5085944.148,15367126.94,5085944.148,63515106.93,0,0,0,0,0,0,0,0,0,0,,0,,0,0,0,0,0,0,0,0,0,0,0,0,0,0
15367126.94,5085944.148,15370126.94,5085944.148,15370126.94,5082944.148,15367126.94,5082944.148,63515106.93,0,0,0,0,0,0,0,0,0,0,,0,,0,0,0,0,0,0,0,0,0,0,0,0,0,0
15367126.94,5082944.148,15370126.94,5082944.148,15370126.94,5079944.148,15367126.94,5079944.148,63515106.93,0,0,0,0,0,0,0,0,0,0,,0,,0,0,0,0,0,0,0,0,0,0,0,0,0,0
15367126.94,5079944.148,15370126.94,5079944.148,15370126.94,5076944.148,15367126.94,5076944.148,63515106.93,0,0,0,0,0,0,0,0,0,0,,0,,0,0,0,0,0,0,0,0,0,0,0,0,0,0
15367126.94,5076944.148,15370126.94,5076944.148,15370126.94,5073944.148,15367126.94,5073944.148,63515106.93,0,0,0,0,0,0,0,0,0,0,,0,,0,0,0,0,0,0,0,0,0,0,0,0,0,0
15367126.94,5073944.148,15370126.94,5073944.148,15370126.94,5070944.148,15367126.94,5070944.148,63515106.93,0,0,0,0,0,0,0,0,0,0,,0,,0,0,0,0,0,0,0,0,0,0,0,0,0,0
15367126.94,5070944.148,15370126.94,5070944.148,15370126.94,5067944.148,15367126.94,5067944.148,63515106.93,0,0,0,0,0,0,0,0,0,0,,0,,0,0,0,0,0,0,0,0,0,0,0,0,0,0
15367126.94,5067944.148,15370126.94,5067944.148,15370126.94,5064944.148,15367126.94,5064944.148,63515106.93,0,0,0,0,0,0,0,0,0,0,,0,,0,0,0,0,0,0,0,0,0,0,0,0,0,0
15367126.94,5064944.148,15370126.94,5064944.148,15370126.94,5061944.148,15367126.94,5061944.148,63515106.93,0,0,0,0,0,0,0,0,0,0,,0,,0,0,0,0,0,0,0,0,0,0,0,0,0,0
15367126.94,5061944.148,15370126.94,5061944.148,15370126.94,5058944.148,15367126.94,5058944.148,63515106.93,0,0,0,0,0,0,0,0,0,0,,0,,0,0,0,0,0,0,0,0,0,0,0,0,0,0
15367126.94,5058944.148,15370126.94,5058944.148,15370126.94,5055944.148,15367126.94,5055944.148,63515106.93,0,0,0,0,0,0,0,0,0,0,,0,,0,0,0,0,0,0,0,0,0,0,0,0,0,0
15367126.94,5055944.148,15370126.94,5055944.148,15370126.94,5052944.148,15367126.94,5052944.148,63515106.93,0,0,0,0,0,0,0,0,0,0,,0,,0,0,0,0,0,0,0,0,0,0,0,0,0,0
15367126.94,5052944.148,15370126.94,5052944.148,15370126.94,5049944.148,15367126.94,5049944.148,63515106.93,1.57E-08,1.57E-08,7255.736037,2633.235829,4622.500207,0,0,0,0.828869036,0.414434518,,0.000114236,,0.000114236,1,2,1,2,3627.868018,2633.235829,4622.500207,0,0,1,0,1.57E-08,63515106.93
15367126.94,5049944.148,15370126.94,5049944.148,15370126.94,5046944.148,15367126.94,5046944.148,63515106.93,1.57E-08,1.57E-08,10743.41946,3624.712559,7118.706898,0,0,0,1.817222189,0.908611094,,0.000169147,,0.000169147,1,2,1,2,5371.709729,3624.712559,7118.706898,0,0,1,0,1.57E-08,63515106.93
15367126.94,5046944.148,15370126.94,5046944.148,15370126.94,5043944.148,15367126.94,5043944.148,63515106.93,0,0,0,7612.823628,7612.823628,0,0,0,0,0.912461403,,0.000119858,,0.000119858,0,1,0,1,7612.823628,7612.823628,7612.823628,0,0,0,0,0,0
15367126.94,5043944.148,15370126.94,5043944.148,15370126.94,5040944.148,15367126.94,5040944.148,63515106.93,7.87E-09,7.87E-09,8072.020354,4036.010177,4036.010177,0,0,0,0.512929252,0.256464626,,6.35E-05,,6.35E-05,0.5,1,0.5,1,4036.010177,4036.010177,4036.010177,0,0,1,0,7.87E-09,31757553.47
15367126.94,5040944.148,15370126.94,5040944.148,15370126.94,5037944.148,15367126.94,5037944.148,63515106.93,7.87E-09,7.87E-09,7256.176597,3628.088298,3628.088298,0,0,0,0.414484847,0.207242424,,5.71E-05,,5.71E-05,0.5,1,0.5,1,3628.088298,3628.088298,3628.088298,0,0,1,0,7.87E-09,31757553.47
15367126.94,5037944.148,15370126.94,5037944.148,15370126.94,5034944.148,15367126.94,5034944.148,63515106.93,7.87E-09,7.87E-09,2265.79866,1132.89933,1132.89933,0,0,0,0.04041435,0.020207175,,1.78E-05,,1.78E-05,0.5,1,0.5,1,1132.89933,1132.89933,1132.89933,0,0,1,0,7.87E-09,31757553.47
15367126.94,5034944.148,15370126.94,5034944.148,15370126.94,5031944.148,15367126.94,5031944.148,63515106.93,0,0,0,0,0,0,0,0,0,0,,0,,0,0,0,0,0,0,0,0,0,0,0,0,0,0
15367126.94,5031944.148,15370126.94,5031944.148,15370126.94,5028944.148,15367126.94,5028944.148,63515106.93,0,0,0,0,0,0,0,0,0,0,,0,,0,0,0,0,0,0,0,0,0,0,0,0,0,0
15367126.94,5028944.148,15370126.94,5028944.148,15370126.94,5025944.148,15367126.94,5025944.148,63515106.93,0,0,0,0,0,0,0,0,0,0,,0,,0,0,0,0,0,0,0,0,0,0,0,0,0,0
15367126.94,5025944.148,15370126.94,5025944.148,15370126.94,5022944.148,15367126.94,5022944.148,63515106.93,0,0,0,0,0,0,0,0,0,0,,0,,0,0,0,0,0,0,0,0,0,0,0,0,0,0
15367126.94,5022944.148,15370126.94,5022944.148,15370126.94,5019944.148,15367126.94,5019944.148,63515106.93,0,0,0,0,0,0,0,0,0,0,,0,,0,0,0,0,0,0,0,0,0,0,0,0,0,0
15367126.94,5019944.148,15370126.94,5019944.148,15370126.94,5016944.148,15367126.94,5016944.148,63515106.93,7.87E-09,7.87E-09,1009.624666,504.8123328,504.8123328,0,0,0,0.008024406,0.004012203,,7.95E-06,,7.95E-06,0.5,1,0.5,1,504.8123328,504.8123328,504.8123328,0,0,1,0,7.87E-09,31757553.47
15367126.94,5016944.148,15370126.94,5016944.148,15370126.94,5013944.148,15367126.94,5013944.148,63515106.93,1.57E-08,1.57E-08,2333.190307,617.9587619,1715.231545,0,0,0,0.085708381,0.042854191,,3.67E-05,,3.67E-05,1,2,1,2,1166.595154,617.9587619,1715.231545,0,0,1,0,1.57E-08,63515106.93
15367126.94,5013944.148,15370126.94,5013944.148,15370126.94,5010944.148,15367126.94,5010944.148,63515106.93,2.36E-08,2.36E-08,3378.223637,570.1036275,2459.481971,0,0,0,0.269520012,0.134760006,,7.98E-05,,7.98E-05,1.5,3,1.5,3,1689.111818,570.1036275,2459.481971,0,0,1,0,2.36E-08,95272660.4
15367126.94,5010944.148,15370126.94,5010944.148,15370126.94,5007944.148,15367126.94,5007944.148,63515106.93,2.36E-08,2.36E-08,4811.570993,1708.45942,3229.288797,0,0,0,0.54674903,0.273374515,,0.000113632,,0.000113632,1.5,3,1.5,3,2405.785496,1708.45942,3229.288797,0,0,1,0,2.36E-08,95272660.4
15367126.94,5007944.148,15370126.94,5007944.148,15370126.94,5004944.148,15367126.94,5004944.148,63515106.93,2.36E-08,2.36E-08,4542.757568,1692.269668,3048.864098,0,0,0,0.487363888,0.243681944,,0.000107284,,0.000107284,1.5,3,1.5,3,2271.378784,1692.269668,3048.864098,0,0,1,0,2.36E-08,95272660.4
15367126.94,5004944.148,15370126.94,5004944.148,15370126.94,5001944.148,15367126.94,5001944.148,63515106.93,1.57E-08,1.57E-08,2859.37531,1328.564123,1530.811187,0,0,0,0.128725709,0.064362854,,4.50E-05,,4.50E-05,1,2,1,2,1429.687655,1328.564123,1530.811187,0,0,1,0,1.57E-08,63515106.93
15367126.94,5001944.148,15370126.94,5001944.148,15370126.94,4998944.148,15367126.94,4998944.148,63515106.93,0,0,0,0,0,0,0,0,0,0,,0,,0,0,0,0,0,0,0,0,0,0,0,0,0,0
15367126.94,4998944.148,15370126.94,4998944.148,15370126.94,4995944.148,15367126.94,4995944.148,63515106.93,0,0,0,0,0,0,0,0,0,0,,0,,0,0,0,0,0,0,0,0,0,0,0,0,0,0
15367126.94,4995944.148,15370126.94,4995944.148,15370126.94,4992944.148,15367126.94,4992944.148,63515106.93,0,0,0,0,0,0,0,0,0,0,,0,,0,0,0,0,0,0,0,0,0,0,0,0,0,0
15367126.94,4992944.148,15370126.94,4992944.148,15370126.94,4989944.148,15367126.94,4989944.148,63515106.93,0,0,0,0,0,0,0,0,0,0,,0,,0,0,0,0,0,0,0,0,0,0,0,0,0,0
15367126.94,4989944.148,15370126.94,4989944.148,15370126.94,4986944.148,15367126.94,4986944.148,63515106.93,0,0,0,0,0,0,0,0,0,0,,0,,0,0,0,0,0,0,0,0,0,0,0,0,0,0
15367126.94,4986944.148,15370126.94,4986944.148,15370126.94,4983944.148,15367126.94,4983944.148,63515106.93,0,0,0,0,0,0,0,0,0,0,,0,,0,0,0,0,0,0,0,0,0,0,0,0,0,0
15367126.94,4983944.148,15370126.94,4983944.148,15370126.94,4980944.148,15367126.94,4980944.148,63515106.93,0,0,0,0,0,0,0,0,0,0,,0,,0,0,0,0,0,0,0,0,0,0,0,0,0,0
15367126.94,4980944.148,15370126.94,4980944.148,15370126.94,4977944.148,15367126.94,4977944.148,63515106.93,0,0,0,0,0,0,0,0,0,0,,0,,0,0,0,0,0,0,0,0,0,0,0,0,0,0
15367126.94,4977944.148,15370126.94,4977944.148,15370126.94,4974944.148,15367126.94,4974944.148,63515106.93,0,0,0,0,0,0,0,0,0,0,,0,,0,0,0,0,0,0,0,0,0,0,0,0,0,0
15367126.94,4974944.148,15370126.94,4974944.148,15370126.94,4971944.148,15367126.94,4971944.148,63515106.93,7.87E-09,7.87E-09,4193.308852,2096.654426,2096.654426,0,0,0,0.138422495,0.069211247,,3.30E-05,,3.30E-05,0.5,1,0.5,1,2096.654426,2096.654426,2096.654426,0,0,1,0,7.87E-09,31757553.47
15367126.94,4971944.148,15370126.94,4971944.148,15370126.94,4968944.148,15367126.94,4968944.148,63515106.93,7.87E-09,7.87E-09,4891.292708,2445.646354,2445.646354,0,0,0,0.188339007,0.094169504,,3.85E-05,,3.85E-05,0.5,1,0.5,1,2445.646354,2445.646354,2445.646354,0,0,1,0,7.87E-09,31757553.47
15367126.94,4968944.148,15370126.94,4968944.148,15370126.94,4965944.148,15367126.94,4965944.148,63515106.93,1.57E-08,1.57E-08,3785.787179,855.613481,2930.173698,0,0,0,0.225650011,0.112825005,,5.96E-05,,5.96E-05,1,2,1,2,1892.893589,855.613481,2930.173698,0,0,1,0,1.57E-08,63515106.93
15367126.94,4965944.148,15370126.94,4965944.148,15370126.94,4962944.148,15367126.94,4962944.148,63515106.93,7.87E-09,7.87E-09,9992.561281,4996.280641,4996.280641,0,0,0,0.786043555,0.393021778,,7.87E-05,,7.87E-05,0.5,1,0.5,1,4996.280641,4996.280641,4996.280641,0,0,1,0,7.87E-09,31757553.47
15367126.94,4962944.148,15370126.94,4962944.148,15370126.94,4959944.148,15367126.94,4959944.148,63515106.93,2.36E-08,2.36E-08,8481.353328,5130.212658,7591.817334,0,0,0,1.698808939,1.274106704,,0.000200299,,0.000200299,1.5,2,1.5,2,6361.014996,5130.212658,7591.817334,0,0,1,0,2.36E-08,95272660.4
15367126.94,4959944.148,15370126.94,4959944.148,15370126.94,4956944.148,15367126.94,4956944.148,63515106.93,1.57E-08,1.57E-08,7749.519713,7749.519713,7749.519713,0,0,0,0.945523966,0.945523966,,0.000122011,,0.000122011,1,1,1,1,7749.519713,7749.519713,7749.519713,0,0,1,0,1.57E-08,63515106.93
15367126.94,4956944.148,15370126.94,4956944.148,15370126.94,4953944.148,15367126.94,4953944.148,63515106.93,0,0,0,4808.74475,4808.74475,0,0,0,0,0.364071277,,7.57E-05,,7.57E-05,0,1,0,1,4808.74475,4808.74475,4808.74475,0,0,0,0,0,0
15367126.94,4953944.148,15370126.94,4953944.148,15370126.94,4950944.148,15367126.94,4950944.148,63515106.93,0,0,0,0,0,0,0,0,0,0,,0,,0,0,0,0,0,0,0,0,0,0,0,0,0,0
15367126.94,4950944.148,15370126.94,4950944.148,15370126.94,4947944.148,15367126.94,4947944.148,63515106.93,0,0,0,0,0,0,0,0,0,0,,0,,0,0,0,0,0,0,0,0,0,0,0,0,0,0
15367126.94,4947944.148,15370126.94,4947944.148,15370126.94,4944944.148,15367126.94,4944944.148,63515106.93,0,0,0,0,0,0,0,0,0,0,,0,,0,0,0,0,0,0,0,0,0,0,0,0,0,0
15367126.94,4944944.148,15370126.94,4944944.148,15370126.94,4941944.148,15367126.94,4941944.148,63515106.93,0,0,0,0,0,0,0,0,0,0,,0,,0,0,0,0,0,0,0,0,0,0,0,0,0,0
15370126.94,5088944.148,15373126.94,5088944.148,15373126.94,5085944.148,15370126.94,5085944.148,63515106.93,0,0,0,0,0,0,0,0,0,0,,0,,0,0,0,0,0,0,0,0,0,0,0,0,0,0
15370126.94,5085944.148,15373126.94,5085944.148,15373126.94,5082944.148,15370126.94,5082944.148,63515106.93,0,0,0,0,0,0,0,0,0,0,,0,,0,0,0,0,0,0,0,0,0,0,0,0,0,0
15370126.94,5082944.148,15373126.94,5082944.148,15373126.94,5079944.148,15370126.94,5079944.148,63515106.93,0,0,0,0,0,0,0,0,0,0,,0,,0,0,0,0,0,0,0,0,0,0,0,0,0,0
15370126.94,5079944.148,15373126.94,5079944.148,15373126.94,5076944.148,15370126.94,5076944.148,63515106.93,0,0,0,0,0,0,0,0,0,0,,0,,0,0,0,0,0,0,0,0,0,0,0,0,0,0
15370126.94,5076944.148,15373126.94,5076944.148,15373126.94,5073944.148,15370126.94,5073944.148,63515106.93,0,0,0,0,0,0,0,0,0,0,,0,,0,0,0,0,0,0,0,0,0,0,0,0,0,0
15370126.94,5073944.148,15373126.94,5073944.148,15373126.94,5070944.148,15370126.94,5070944.148,63515106.93,0,0,0,0,0,0,0,0,0,0,,0,,0,0,0,0,0,0,0,0,0,0,0,0,0,0
15370126.94,5070944.148,15373126.94,5070944.148,15373126.94,5067944.148,15370126.94,5067944.148,63515106.93,0,0,0,0,0,0,0,0,0,0,,0,,0,0,0,0,0,0,0,0,0,0,0,0,0,0
15370126.94,5067944.148,15373126.94,5067944.148,15373126.94,5064944.148,15370126.94,5064944.148,63515106.93,0,0,0,0,0,0,0,0,0,0,,0,,0,0,0,0,0,0,0,0,0,0,0,0,0,0
15370126.94,5064944.148,15373126.94,5064944.148,15373126.94,5061944.148,15370126.94,5061944.148,63515106.93,0,0,0,0,0,0,0,0,0,0,,0,,0,0,0,0,0,0,0,0,0,0,0,0,0,0
15370126.94,5061944.148,15373126.94,5061944.148,15373126.94,5058944.148,15370126.94,5058944.148,63515106.93,0,0,0,0,0,0,0,0,0,0,,0,,0,0,0,0,0,0,0,0,0,0,0,0,0,0
15370126.94,5058944.148,15373126.94,5058944.148,15373126.94,5055944.148,15370126.94,5055944.148,63515106.93,0,0,0,0,0,0,0,0,0,0,,0,,0,0,0,0,0,0,0,0,0,0,0,0,0,0
15370126.94,5055944.148,15373126.94,5055944.148,15373126.94,5052944.148,15370126.94,5052944.148,63515106.93,0,0,0,0,0,0,0,0,0,0,,0,,0,0,0,0,0,0,0,0,0,0,0,0,0,0
15370126.94,5052944.148,15373126.94,5052944.148,15373126.94,5049944.148,15370126.94,5049944.148,63515106.93,7.87E-09,7.87E-09,5688.10114,2844.05057,2844.05057,0,0,0,0.254699206,0.127349603,,4.48E-05,,4.48E-05,0.5,1,0.5,1,2844.05057,2844.05057,2844.05057,0,0,1,0,7.87E-09,31757553.47
15370126.94,5049944.148,15373126.94,5049944.148,15373126.94,5046944.148,15370126.94,5046944.148,63515106.93,7.87E-09,7.87E-09,8692.084741,4346.042371,4346.042371,0,0,0,0.594758797,0.297379398,,6.84E-05,,6.84E-05,0.5,1,0.5,1,4346.042371,4346.042371,4346.042371,0,0,1,0,7.87E-09,31757553.47
15370126.94,5046944.148,15373126.94,5046944.148,15373126.94,5043944.148,15370126.94,5043944.148,63515106.93,7.87E-09,7.87E-09,14729.89333,3525.553712,3839.392953,0,0,0,1.708016943,0.427004236,,0.000115956,,0.000115956,0.5,2,0.5,2,3682.473333,3525.553712,3839.392953,0,0,1,0,7.87E-09,31757553.47
15370126.94,5043944.148,15373126.94,5043944.148,15373126.94,5040944.148,15370126.94,5040944.148,63515106.93,7.87E-09,7.87E-09,14574.91493,7287.457463,7287.457463,0,0,0,1.67226472,0.83613236,,0.000114736,,0.000114736,0.5,1,0.5,1,7287.457463,7287.457463,7287.457463,0,0,1,0,7.87E-09,31757553.47
15370126.94,5040944.148,15373126.94,5040944.148,15373126.94,5037944.148,15370126.94,5037944.148,63515106.93,7.87E-09,7.87E-09,12456.93724,6228.468619,6228.468619,0,0,0,1.221562025,0.610781013,,9.81E-05,,9.81E-05,0.5,1,0.5,1,6228.468619,6228.468619,6228.468619,0,0,1,0,7.87E-09,31757553.47
15370126.94,5037944.148,15373126.94,5037944.148,15373126.94,5034944.148,15370126.94,5034944.148,63515106.93,0,0,0,2023.412607,2023.412607,0,0,0,0,0.064460233,,3.19E-05,,3.19E-05,0,1,0,1,2023.412607,2023.412607,2023.412607,0,0,0,0,0,0
15370126.94,5034944.148,15373126.94,5034944.148,15373126.94,5031944.148,15370126.94,5031944.148,63515106.93,0,0,0,0,0,0,0,0,0,0,,0,,0,0,0,0,0,0,0,0,0,0,0,0,0,0
15370126.94,5031944.148,15373126.94,5031944.148,15373126.94,5028944.148,15370126.94,5028944.148,63515106.93,0,0,0,0,0,0,0,0,0,0,,0,,0,0,0,0,0,0,0,0,0,0,0,0,0,0
15370126.94,5028944.148,15373126.94,5028944.148,15373126.94,5025944.148,15370126.94,5025944.148,63515106.93,0,0,0,0,0,0,0,0,0,0,,0,,0,0,0,0,0,0,0,0,0,0,0,0,0,0
15370126.94,5025944.148,15373126.94,5025944.148,15373126.94,5022944.148,15370126.94,5022944.148,63515106.93,0,0,0,0,0,0,0,0,0,0,,0,,0,0,0,0,0,0,0,0,0,0,0,0,0,0
15370126.94,5022944.148,15373126.94,5022944.148,15373126.94,5019944.148,15370126.94,5019944.148,63515106.93,0,0,0,0,0,0,0,0,0,0,,0,,0,0,0,0,0,0,0,0,0,0,0,0,0,0
15370126.94,5019944.148,15373126.94,5019944.148,15373126.94,5016944.148,15370126.94,5016944.148,63515106.93,0,0,0,0,0,0,0,0,0,0,,0,,0,0,0,0,0,0,0,0,0,0,0,0,0,0
15370126.94,5016944.148,15373126.94,5016944.148,15373126.94,5013944.148,15370126.94,5013944.148,63515106.93,0,0,0,0,0,0,0,0,0,0,,0,,0,0,0,0,0,0,0,0,0,0,0,0,0,0
15370126.94,5013944.148,15373126.94,5013944.148,15373126.94,5010944.148,15370126.94,5010944.148,63515106.93,0,0,0,0,0,0,0,0,0,0,,0,,0,0,0,0,0,0,0,0,0,0,0,0,0,0
15370126.94,5010944.148,15373126.94,5010944.148,15373126.94,5007944.148,15370126.94,5007944.148,63515106.93,7.87E-09,7.87E-09,198.1516726,99.07583631,99.07583631,0,0,0,0.000309092,0.000154546,,1.56E-06,,1.56E-06,0.5,1,0.5,1,99.07583631,99.07583631,99.07583631,0,0,1,0,7.87E-09,31757553.47
15370126.94,5007944.148,15373126.94,5007944.148,15373126.94,5004944.148,15370126.94,5004944.148,63515106.93,7.87E-09,7.87E-09,118.2077683,59.10388413,59.10388413,0,0,0,0.000109998,5.50E-05,,9.31E-07,,9.31E-07,0.5,1,0.5,1,59.10388413,59.10388413,59.10388413,0,0,1,0,7.87E-09,31757553.47
15370126.94,5004944.148,15373126.94,5004944.148,15373126.94,5001944.148,15370126.94,5001944.148,63515106.93,0,0,0,0,0,0,0,0,0,0,,0,,0,0,0,0,0,0,0,0,0,0,0,0,0,0
15370126.94,5001944.148,15373126.94,5001944.148,15373126.94,4998944.148,15370126.94,4998944.148,63515106.93,0,0,0,0,0,0,0,0,0,0,,0,,0,0,0,0,0,0,0,0,0,0,0,0,0,0
15370126.94,4998944.148,15373126.94,4998944.148,15373126.94,4995944.148,15370126.94,4995944.148,63515106.93,0,0,0,0,0,0,0,0,0,0,,0,,0,0,0,0,0,0,0,0,0,0,0,0,0,0
15370126.94,4995944.148,15373126.94,4995944.148,15373126.94,4992944.148,15370126.94,4992944.148,63515106.93,0,0,0,0,0,0,0,0,0,0,,0,,0,0,0,0,0,0,0,0,0,0,0,0,0,0
15370126.94,4992944.148,15373126.94,4992944.148,15373126.94,4989944.148,15370126.94,4989944.148,63515106.93,0,0,0,0,0,0,0,0,0,0,,0,,0,0,0,0,0,0,0,0,0,0,0,0,0,0
15370126.94,4989944.148,15373126.94,4989944.148,15373126.94,4986944.148,15370126.94,4986944.148,63515106.93,0,0,0,0,0,0,0,0,0,0,,0,,0,0,0,0,0,0,0,0,0,0,0,0,0,0
15370126.94,4986944.148,15373126.94,4986944.148,15373126.94,4983944.148,15370126.94,4983944.148,63515106.93,0,0,0,0,0,0,0,0,0,0,,0,,0,0,0,0,0,0,0,0,0,0,0,0,0,0
15370126.94,4983944.148,15373126.94,4983944.148,15373126.94,4980944.148,15370126.94,4980944.148,63515106.93,0,0,0,0,0,0,0,0,0,0,,0,,0,0,0,0,0,0,0,0,0,0,0,0,0,0
15370126.94,4980944.148,15373126.94,4980944.148,15373126.94,4977944.148,15370126.94,4977944.148,63515106.93,0,0,0,0,0,0,0,0,0,0,,0,,0,0,0,0,0,0,0,0,0,0,0,0,0,0
15370126.94,4977944.148,15373126.94,4977944.148,15373126.94,4974944.148,15370126.94,4974944.148,63515106.93,0,0,0,0,0,0,0,0,0,0,,0,,0,0,0,0,0,0,0,0,0,0,0,0,0,0
15370126.94,4974944.148,15373126.94,4974944.148,15373126.94,4971944.148,15370126.94,4971944.148,63515106.93,0,0,0,0,0,0,0,0,0,0,,0,,0,0,0,0,0,0,0,0,0,0,0,0,0,0
15370126.94,4971944.148,15373126.94,4971944.148,15373126.94,4968944.148,15370126.94,4968944.148,63515106.93,0,0,0,0,0,0,0,0,0,0,,0,,0,0,0,0,0,0,0,0,0,0,0,0,0,0
15370126.94,4968944.148,15373126.94,4968944.148,15373126.94,4965944.148,15370126.94,4965944.148,63515106.93,7.87E-09,7.87E-09,7948.845022,3974.422511,3974.422511,0,0,0,0.497394559,0.248697279,,6.26E-05,,6.26E-05,0.5,1,0.5,1,3974.422511,3974.422511,3974.422511,0,0,1,0,7.87E-09,31757553.47
15370126.94,4965944.148,15373126.94,4965944.148,15373126.94,4962944.148,15370126.94,4962944.148,63515106.93,1.57E-08,1.57E-08,5130.212658,5130.212658,5130.212658,0,0,0,0.414375149,0.414375149,,8.08E-05,,8.08E-05,1,1,1,1,5130.212658,5130.212658,5130.212658,0,0,1,0,1.57E-08,63515106.93
15370126.94,4962944.148,15373126.94,4962944.148,15373126.94,4959944.148,15370126.94,4959944.148,63515106.93,1.57E-08,1.57E-08,9459.314002,4632.16855,4827.145452,0,0,0,1.408776994,0.704388497,,0.00014893,,0.00014893,1,2,1,2,4729.657001,4632.16855,4827.145452,0,0,1,0,1.57E-08,63515106.93
15370126.94,4959944.148,15373126.94,4959944.148,15373126.94,4956944.148,15370126.94,4956944.148,63515106.93,1.57E-08,1.57E-08,6304.451821,1128.273488,5176.178333,0,0,0,0.625774161,0.312887081,,9.93E-05,,9.93E-05,1,2,1,2,3152.22591,1128.273488,5176.178333,0,0,1,0,1.57E-08,63515106.93
15370126.94,4956944.148,15373126.94,4956944.148,15373126.94,4953944.148,15370126.94,4953944.148,63515106.93,7.87E-09,7.87E-09,6501.543988,3250.771994,3250.771994,0,0,0,0.332756066,0.166378033,,5.12E-05,,5.12E-05,0.5,1,0.5,1,3250.771994,3250.771994,3250.771994,0,0,1,0,7.87E-09,31757553.47
15370126.94,4953944.148,15373126.94,4953944.148,15373126.94,4950944.148,15370126.94,4950944.148,63515106.93,0,0,0,0,0,0,0,0,0,0,,0,,0,0,0,0,0,0,0,0,0,0,0,0,0,0
15370126.94,4950944.148,15373126.94,4950944.148,15373126.94,4947944.148,15370126.94,4947944.148,63515106.93,0,0,0,0,0,0,0,0,0,0,,0,,0,0,0,0,0,0,0,0,0,0,0,0,0,0
15370126.94,4947944.148,15373126.94,4947944.148,15373126.94,4944944.148,15370126.94,4944944.148,63515106.93,0,0,0,0,0,0,0,0,0,0,,0,,0,0,0,0,0,0,0,0,0,0,0,0,0,0
15370126.94,4944944.148,15373126.94,4944944.148,15373126.94,4941944.148,15370126.94,4941944.148,63515106.93,0,0,0,0,0,0,0,0,0,0,,0,,0,0,0,0,0,0,0,0,0,0,0,0,0,0
15373126.94,5088944.148,15376126.94,5088944.148,15376126.94,5085944.148,15373126.94,5085944.148,63515106.93,0,0,0,0,0,0,0,0,0,0,,0,,0,0,0,0,0,0,0,0,0,0,0,0,0,0
15373126.94,5085944.148,15376126.94,5085944.148,15376126.94,5082944.148,15373126.94,5082944.148,63515106.93,0,0,0,0,0,0,0,0,0,0,,0,,0,0,0,0,0,0,0,0,0,0,0,0,0,0
15373126.94,5082944.148,15376126.94,5082944.148,15376126.94,5079944.148,15373126.94,5079944.148,63515106.93,0,0,0,0,0,0,0,0,0,0,,0,,0,0,0,0,0,0,0,0,0,0,0,0,0,0
15373126.94,5079944.148,15376126.94,5079944.148,15376126.94,5076944.148,15373126.94,5076944.148,63515106.93,0,0,0,0,0,0,0,0,0,0,,0,,0,0,0,0,0,0,0,0,0,0,0,0,0,0
15373126.94,5076944.148,15376126.94,5076944.148,15376126.94,5073944.148,15373126.94,5073944.148,63515106.93,0,0,0,0,0,0,0,0,0,0,,0,,0,0,0,0,0,0,0,0,0,0,0,0,0,0
15373126.94,5073944.148,15376126.94,5073944.148,15376126.94,5070944.148,15373126.94,5070944.148,63515106.93,0,0,0,0,0,0,0,0,0,0,,0,,0,0,0,0,0,0,0,0,0,0,0,0,0,0
15373126.94,5070944.148,15376126.94,5070944.148,15376126.94,5067944.148,15373126.94,5067944.148,63515106.93,0,0,0,0,0,0,0,0,0,0,,0,,0,0,0,0,0,0,0,0,0,0,0,0,0,0
15373126.94,5067944.148,15376126.94,5067944.148,15376126.94,5064944.148,15373126.94,5064944.148,63515106.93,0,0,0,0,0,0,0,0,0,0,,0,,0,0,0,0,0,0,0,0,0,0,0,0,0,0
15373126.94,5064944.148,15376126.94,5064944.148,15376126.94,5061944.148,15373126.94,5061944.148,63515106.93,0,0,0,0,0,0,0,0,0,0,,0,,0,0,0,0,0,0,0,0,0,0,0,0,0,0
15373126.94,5061944.148,15376126.94,5061944.148,15376126.94,5058944.148,15373126.94,5058944.148,63515106.93,0,0,0,0,0,0,0,0,0,0,,0,,0,0,0,0,0,0,0,0,0,0,0,0,0,0
15373126.94,5058944.148,15376126.94,5058944.148,15376126.94,5055944.148,15373126.94,5055944.148,63515106.93,0,0,0,0,0,0,0,0,0,0,,0,,0,0,0,0,0,0,0,0,0,0,0,0,0,0
15373126.94,5055944.148,15376126.94,5055944.148,15376126.94,5052944.148,15373126.94,5052944.148,63515106.93,0,0,0,0,0,0,0,0,0,0,,0,,0,0,0,0,0,0,0,0,0,0,0,0,0,0
15373126.94,5052944.148,15376126.94,5052944.148,15376126.94,5049944.148,15373126.94,5049944.148,63515106.93,7.87E-09,7.87E-09,773.2314847,386.6157424,386.6157424,0,0,0,0.004706651,0.002353326,,6.09E-06,,6.09E-06,0.5,1,0.5,1,386.6157424,386.6157424,386.6157424,0,0,1,0,7.87E-09,31757553.47
15373126.94,5049944.148,15376126.94,5049944.148,15376126.94,5046944.148,15373126.94,5046944.148,63515106.93,7.87E-09,7.87E-09,1454.812589,727.4062944,727.4062944,0,0,0,0.01666123,0.008330615,,1.15E-05,,1.15E-05,0.5,1,0.5,1,727.4062944,727.4062944,727.4062944,0,0,1,0,7.87E-09,31757553.47
15373126.94,5046944.148,15376126.94,5046944.148,15376126.94,5043944.148,15373126.94,5043944.148,63515106.93,7.87E-09,7.87E-09,10805.63236,5402.816179,5402.816179,0,0,0,0.919164717,0.459582359,,8.51E-05,,8.51E-05,0.5,1,0.5,1,5402.816179,5402.816179,5402.816179,0,0,1,0,7.87E-09,31757553.47
15373126.94,5043944.148,15376126.94,5043944.148,15376126.94,5040944.148,15373126.94,5040944.148,63515106.93,7.87E-09,7.87E-09,15323.87757,7661.938784,7661.938784,0,0,0,1.848546236,0.924273118,,0.000120632,,0.000120632,0.5,1,0.5,1,7661.938784,7661.938784,7661.938784,0,0,1,0,7.87E-09,31757553.47
15373126.94,5040944.148,15376126.94,5040944.148,15376126.94,5037944.148,15373126.94,5037944.148,63515106.93,0,0,0,7461.945776,7461.945776,0,0,0,0,0.876651831,,0.000117483,,0.000117483,0,1,0,1,7461.945776,7461.945776,7461.945776,0,0,0,0,0,0
15373126.94,5037944.148,15376126.94,5037944.148,15376126.94,5034944.148,15373126.94,5034944.148,63515106.93,0,0,0,0,0,0,0,0,0,0,,0,,0,0,0,0,0,0,0,0,0,0,0,0,0,0
15373126.94,5034944.148,15376126.94,5034944.148,15376126.94,5031944.148,15373126.94,5031944.148,63515106.93,0,0,0,0,0,0,0,0,0,0,,0,,0,0,0,0,0,0,0,0,0,0,0,0,0,0
15373126.94,5031944.148,15376126.94,5031944.148,15376126.94,5028944.148,15373126.94,5028944.148,63515106.93,0,0,0,0,0,0,0,0,0,0,,0,,0,0,0,0,0,0,0,0,0,0,0,0,0,0
15373126.94,5028944.148,15376126.94,5028944.148,15376126.94,5025944.148,15373126.94,5025944.148,63515106.93,0,0,0,0,0,0,0,0,0,0,,0,,0,0,0,0,0,0,0,0,0,0,0,0,0,0
15373126.94,5025944.148,15376126.94,5025944.148,15376126.94,5022944.148,15373126.94,5022944.148,63515106.93,0,0,0,0,0,0,0,0,0,0,,0,,0,0,0,0,0,0,0,0,0,0,0,0,0,0
15373126.94,5022944.148,15376126.94,5022944.148,15376126.94,5019944.148,15373126.94,5019944.148,63515106.93,0,0,0,0,0,0,0,0,0,0,,0,,0,0,0,0,0,0,0,0,0,0,0,0,0,0
15373126.94,5019944.148,15376126.94,5019944.148,15376126.94,5016944.148,15373126.94,5016944.148,63515106.93,0,0,0,0,0,0,0,0,0,0,,0,,0,0,0,0,0,0,0,0,0,0,0,0,0,0
15373126.94,5016944.148,15376126.94,5016944.148,15376126.94,5013944.148,15373126.94,5013944.148,63515106.93,0,0,0,0,0,0,0,0,0,0,,0,,0,0,0,0,0,0,0,0,0,0,0,0,0,0
15373126.94,5013944.148,15376126.94,5013944.148,15376126.94,5010944.148,15373126.94,5010944.148,63515106.93,0,0,0,0,0,0,0,0,0,0,,0,,0,0,0,0,0,0,0,0,0,0,0,0,0,0
15373126.94,5010944.148,15376126.94,5010944.148,15376126.94,5007944.148,15373126.94,5007944.148,63515106.93,0,0,0,0,0,0,0,0,0,0,,0,,0,0,0,0,0,0,0,0,0,0,0,0,0,0
15373126.94,5007944.148,15376126.94,5007944.148,15376126.94,5004944.148,15373126.94,5004944.148,63515106.93,0,0,0,0,0,0,0,0,0,0,,0,,0,0,0,0,0,0,0,0,0,0,0,0,0,0
15373126.94,5004944.148,15376126.94,5004944.148,15376126.94,5001944.148,15373126.94,5001944.148,63515106.93,0,0,0,0,0,0,0,0,0,0,,0,,0,0,0,0,0,0,0,0,0,0,0,0,0,0
15373126.94,5001944.148,15376126.94,5001944.148,15376126.94,4998944.148,15373126.94,4998944.148,63515106.93,0,0,0,0,0,0,0,0,0,0,,0,,0,0,0,0,0,0,0,0,0,0,0,0,0,0
15373126.94,4998944.148,15376126.94,4998944.148,15376126.94,4995944.148,15373126.94,4995944.148,63515106.93,0,0,0,0,0,0,0,0,0,0,,0,,0,0,0,0,0,0,0,0,0,0,0,0,0,0
15373126.94,4995944.148,15376126.94,4995944.148,15376126.94,4992944.148,15373126.94,4992944.148,63515106.93,0,0,0,0,0,0,0,0,0,0,,0,,0,0,0,0,0,0,0,0,0,0,0,0,0,0
15373126.94,4992944.148,15376126.94,4992944.148,15376126.94,4989944.148,15373126.94,4989944.148,63515106.93,0,0,0,0,0,0,0,0,0,0,,0,,0,0,0,0,0,0,0,0,0,0,0,0,0,0
15373126.94,4989944.148,15376126.94,4989944.148,15376126.94,4986944.148,15373126.94,4986944.148,63515106.93,0,0,0,0,0,0,0,0,0,0,,0,,0,0,0,0,0,0,0,0,0,0,0,0,0,0
15373126.94,4986944.148,15376126.94,4986944.148,15376126.94,4983944.148,15373126.94,4983944.148,63515106.93,0,0,0,0,0,0,0,0,0,0,,0,,0,0,0,0,0,0,0,0,0,0,0,0,0,0
15373126.94,4983944.148,15376126.94,4983944.148,15376126.94,4980944.148,15373126.94,4980944.148,63515106.93,0,0,0,0,0,0,0,0,0,0,,0,,0,0,0,0,0,0,0,0,0,0,0,0,0,0
15373126.94,4980944.148,15376126.94,4980944.148,15376126.94,4977944.148,15373126.94,4977944.148,63515106.93,0,0,0,0,0,0,0,0,0,0,,0,,0,0,0,0,0,0,0,0,0,0,0,0,0,0
15373126.94,4977944.148,15376126.94,4977944.148,15376126.94,4974944.148,15373126.94,4974944.148,63515106.93,0,0,0,0,0,0,0,0,0,0,,0,,0,0,0,0,0,0,0,0,0,0,0,0,0,0
15373126.94,4974944.148,15376126.94,4974944.148,15376126.94,4971944.148,15373126.94,4971944.148,63515106.93,0,0,0,0,0,0,0,0,0,0,,0,,0,0,0,0,0,0,0,0,0,0,0,0,0,0
15373126.94,4971944.148,15376126.94,4971944.148,15376126.94,4968944.148,15373126.94,4968944.148,63515106.93,0,0,0,0,0,0,0,0,0,0,,0,,0,0,0,0,0,0,0,0,0,0,0,0,0,0
15373126.94,4968944.148,15376126.94,4968944.148,15376126.94,4965944.148,15373126.94,4965944.148,63515106.93,0,0,0,0,0,0,0,0,0,0,,0,,0,0,0,0,0,0,0,0,0,0,0,0,0,0
15373126.94,4965944.148,15376126.94,4965944.148,15376126.94,4962944.148,15373126.94,4962944.148,63515106.93,7.87E-09,7.87E-09,6668.232737,3334.116368,3334.116368,0,0,0,0.350037416,0.175018708,,5.25E-05,,5.25E-05,0.5,1,0.5,1,3334.116368,3334.116368,3334.116368,0,0,1,0,7.87E-09,31757553.47
15373126.94,4962944.148,15376126.94,4962944.148,15376126.94,4959944.148,15373126.94,4959944.148,63515106.93,1.57E-08,1.57E-08,3970.057435,1505.753385,2464.30405,0,0,0,0.248151295,0.124075648,,6.25E-05,,6.25E-05,1,2,1,2,1985.028718,1505.753385,2464.30405,0,0,1,0,1.57E-08,63515106.93
15373126.94,4959944.148,15376126.94,4959944.148,15376126.94,4956944.148,15373126.94,4956944.148,63515106.93,1.57E-08,1.57E-08,2507.24221,281.155583,2226.086627,0,0,0,0.09897273,0.049486365,,3.95E-05,,3.95E-05,1,2,1,2,1253.621105,281.155583,2226.086627,0,0,1,0,1.57E-08,63515106.93
15373126.94,4956944.148,15376126.94,4956944.148,15376126.94,4953944.148,15373126.94,4953944.148,63515106.93,7.87E-09,7.87E-09,1434.819938,717.4099692,717.4099692,0,0,0,0.016206446,0.008103223,,1.13E-05,,1.13E-05,0.5,1,0.5,1,717.4099692,717.4099692,717.4099692,0,0,1,0,7.87E-09,31757553.47
15373126.94,4953944.148,15376126.94,4953944.148,15376126.94,4950944.148,15373126.94,4950944.148,63515106.93,0,0,0,0,0,0,0,0,0,0,,0,,0,0,0,0,0,0,0,0,0,0,0,0,0,0
15373126.94,4950944.148,15376126.94,4950944.148,15376126.94,4947944.148,15373126.94,4947944.148,63515106.93,0,0,0,0,0,0,0,0,0,0,,0,,0,0,0,0,0,0,0,0,0,0,0,0,0,0
15373126.94,4947944.148,15376126.94,4947944.148,15376126.94,4944944.148,15373126.94,4944944.148,63515106.93,0,0,0,0,0,0,0,0,0,0,,0,,0,0,0,0,0,0,0,0,0,0,0,0,0,0
15373126.94,4944944.148,15376126.94,4944944.148,15376126.94,4941944.148,15373126.94,4941944.148,63515106.93,0,0,0,0,0,0,0,0,0,0,,0,,0,0,0,0,0,0,0,0,0,0,0,0,0,0
15376126.94,5088944.148,15379126.94,5088944.148,15379126.94,5085944.148,15376126.94,5085944.148,63515106.93,0,0,0,0,0,0,0,0,0,0,,0,,0,0,0,0,0,0,0,0,0,0,0,0,0,0
15376126.94,5085944.148,15379126.94,5085944.148,15379126.94,5082944.148,15376126.94,5082944.148,63515106.93,0,0,0,0,0,0,0,0,0,0,,0,,0,0,0,0,0,0,0,0,0,0,0,0,0,0
15376126.94,5082944.148,15379126.94,5082944.148,15379126.94,5079944.148,15376126.94,5079944.148,63515106.93,0,0,0,0,0,0,0,0,0,0,,0,,0,0,0,0,0,0,0,0,0,0,0,0,0,0
15376126.94,5079944.148,15379126.94,5079944.148,15379126.94,5076944.148,15376126.94,5076944.148,63515106.93,0,0,0,0,0,0,0,0,0,0,,0,,0,0,0,0,0,0,0,0,0,0,0,0,0,0
15376126.94,5076944.148,15379126.94,5076944.148,15379126.94,5073944.148,15376126.94,5073944.148,63515106.93,0,0,0,0,0,0,0,0,0,0,,0,,0,0,0,0,0,0,0,0,0,0,0,0,0,0
15376126.94,5073944.148,15379126.94,5073944.148,15379126.94,5070944.148,15376126.94,5070944.148,63515106.93,0,0,0,0,0,0,0,0,0,0,,0,,0,0,0,0,0,0,0,0,0,0,0,0,0,0
15376126.94,5070944.148,15379126.94,5070944.148,15379126.94,5067944.148,15376126.94,5067944.148,63515106.93,0,0,0,0,0,0,0,0,0,0,,0,,0,0,0,0,0,0,0,0,0,0,0,0,0,0
15376126.94,5067944.148,15379126.94,5067944.148,15379126.94,5064944.148,15376126.94,5064944.148,63515106.93,0,0,0,0,0,0,0,0,0,0,,0,,0,0,0,0,0,0,0,0,0,0,0,0,0,0
15376126.94,5064944.148,15379126.94,5064944.148,15379126.94,5061944.148,15376126.94,5061944.148,63515106.93,0,0,0,0,0,0,0,0,0,0,,0,,0,0,0,0,0,0,0,0,0,0,0,0,0,0
15376126.94,5061944.148,15379126.94,5061944.148,15379126.94,5058944.148,15376126.94,5058944.148,63515106.93,0,0,0,0,0,0,0,0,0,0,,0,,0,0,0,0,0,0,0,0,0,0,0,0,0,0
15376126.94,5058944.148,15379126.94,5058944.148,15379126.94,5055944.148,15376126.94,5055944.148,63515106.93,0,0,0,0,0,0,0,0,0,0,,0,,0,0,0,0,0,0,0,0,0,0,0,0,0,0
15376126.94,5055944.148,15379126.94,5055944.148,15379126.94,5052944.148,15376126.94,5052944.148,63515106.93,0,0,0,0,0,0,0,0,0,0,,0,,0,0,0,0,0,0,0,0,0,0,0,0,0,0
15376126.94,5052944.148,15379126.94,5052944.148,15379126.94,5049944.148,15376126.94,5049944.148,63515106.93,0,0,0,0,0,0,0,0,0,0,,0,,0,0,0,0,0,0,0,0,0,0,0,0,0,0
15376126.94,5049944.148,15379126.94,5049944.148,15379126.94,5046944.148,15376126.94,5046944.148,63515106.93,0,0,0,0,0,0,0,0,0,0,,0,,0,0,0,0,0,0,0,0,0,0,0,0,0,0
15376126.94,5046944.148,15379126.94,5046944.148,15379126.94,5043944.148,15376126.94,5043944.148,63515106.93,7.87E-09,7.87E-09,6600.257456,3300.128728,3300.128728,0,0,0,0.342937299,0.17146865,,5.20E-05,,5.20E-05,0.5,1,0.5,1,3300.128728,3300.128728,3300.128728,0,0,1,0,7.87E-09,31757553.47
15376126.94,5043944.148,15379126.94,5043944.148,15379126.94,5040944.148,15376126.94,5040944.148,63515106.93,7.87E-09,7.87E-09,9569.963447,4784.981723,4784.981723,0,0,0,0.720963915,0.360481958,,7.53E-05,,7.53E-05,0.5,1,0.5,1,4784.981723,4784.981723,4784.981723,0,0,1,0,7.87E-09,31757553.47
15376126.94,5040944.148,15379126.94,5040944.148,15379126.94,5037944.148,15376126.94,5037944.148,63515106.93,7.87E-09,7.87E-09,8248.733054,4124.366527,4124.366527,0,0,0,0.535633177,0.267816588,,6.49E-05,,6.49E-05,0.5,1,0.5,1,4124.366527,4124.366527,4124.366527,0,0,1,0,7.87E-09,31757553.47
15376126.94,5037944.148,15379126.94,5037944.148,15379126.94,5034944.148,15376126.94,5034944.148,63515106.93,0,0,0,0,0,0,0,0,0,0,,0,,0,0,0,0,0,0,0,0,0,0,0,0,0,0
15376126.94,5034944.148,15379126.94,5034944.148,15379126.94,5031944.148,15376126.94,5031944.148,63515106.93,0,0,0,0,0,0,0,0,0,0,,0,,0,0,0,0,0,0,0,0,0,0,0,0,0,0
15376126.94,5031944.148,15379126.94,5031944.148,15379126.94,5028944.148,15376126.94,5028944.148,63515106.93,0,0,0,0,0,0,0,0,0,0,,0,,0,0,0,0,0,0,0,0,0,0,0,0,0,0
15376126.94,5028944.148,15379126.94,5028944.148,15379126.94,5025944.148,15376126.94,5025944.148,63515106.93,0,0,0,0,0,0,0,0,0,0,,0,,0,0,0,0,0,0,0,0,0,0,0,0,0,0
15376126.94,5025944.148,15379126.94,5025944.148,15379126.94,5022944.148,15376126.94,5022944.148,63515106.93,0,0,0,0,0,0,0,0,0,0,,0,,0,0,0,0,0,0,0,0,0,0,0,0,0,0
15376126.94,5022944.148,15379126.94,5022944.148,15379126.94,5019944.148,15376126.94,5019944.148,63515106.93,0,0,0,0,0,0,0,0,0,0,,0,,0,0,0,0,0,0,0,0,0,0,0,0,0,0
15376126.94,5019944.148,15379126.94,5019944.148,15379126.94,5016944.148,15376126.94,5016944.148,63515106.93,0,0,0,0,0,0,0,0,0,0,,0,,0,0,0,0,0,0,0,0,0,0,0,0,0,0
15376126.94,5016944.148,15379126.94,5016944.148,15379126.94,5013944.148,15376126.94,5013944.148,63515106.93,0,0,0,0,0,0,0,0,0,0,,0,,0,0,0,0,0,0,0,0,0,0,0,0,0,0
15376126.94,5013944.148,15379126.94,5013944.148,15379126.94,5010944.148,15376126.94,5010944.148,63515106.93,0,0,0,0,0,0,0,0,0,0,,0,,0,0,0,0,0,0,0,0,0,0,0,0,0,0
15376126.94,5010944.148,15379126.94,5010944.148,15379126.94,5007944.148,15376126.94,5007944.148,63515106.93,0,0,0,0,0,0,0,0,0,0,,0,,0,0,0,0,0,0,0,0,0,0,0,0,0,0
15376126.94,5007944.148,15379126.94,5007944.148,15379126.94,5004944.148,15376126.94,5004944.148,63515106.93,0,0,0,0,0,0,0,0,0,0,,0,,0,0,0,0,0,0,0,0,0,0,0,0,0,0
15376126.94,5004944.148,15379126.94,5004944.148,15379126.94,5001944.148,15376126.94,5001944.148,63515106.93,0,0,0,0,0,0,0,0,0,0,,0,,0,0,0,0,0,0,0,0,0,0,0,0,0,0
15376126.94,5001944.148,15379126.94,5001944.148,15379126.94,4998944.148,15376126.94,4998944.148,63515106.93,0,0,0,0,0,0,0,0,0,0,,0,,0,0,0,0,0,0,0,0,0,0,0,0,0,0
15376126.94,4998944.148,15379126.94,4998944.148,15379126.94,4995944.148,15376126.94,4995944.148,63515106.93,0,0,0,0,0,0,0,0,0,0,,0,,0,0,0,0,0,0,0,0,0,0,0,0,0,0
15376126.94,4995944.148,15379126.94,4995944.148,15379126.94,4992944.148,15376126.94,4992944.148,63515106.93,0,0,0,0,0,0,0,0,0,0,,0,,0,0,0,0,0,0,0,0,0,0,0,0,0,0
15376126.94,4992944.148,15379126.94,4992944.148,15379126.94,4989944.148,15376126.94,4989944.148,63515106.93,0,0,0,0,0,0,0,0,0,0,,0,,0,0,0,0,0,0,0,0,0,0,0,0,0,0
15376126.94,4989944.148,15379126.94,4989944.148,15379126.94,4986944.148,15376126.94,4986944.148,63515106.93,0,0,0,0,0,0,0,0,0,0,,0,,0,0,0,0,0,0,0,0,0,0,0,0,0,0
15376126.94,4986944.148,15379126.94,4986944.148,15379126.94,4983944.148,15376126.94,4983944.148,63515106.93,0,0,0,0,0,0,0,0,0,0,,0,,0,0,0,0,0,0,0,0,0,0,0,0,0,0
15376126.94,4983944.148,15379126.94,4983944.148,15379126.94,4980944.148,15376126.94,4980944.148,63515106.93,0,0,0,0,0,0,0,0,0,0,,0,,0,0,0,0,0,0,0,0,0,0,0,0,0,0
15376126.94,4980944.148,15379126.94,4980944.148,15379126.94,4977944.148,15376126.94,4977944.148,63515106.93,0,0,0,0,0,0,0,0,0,0,,0,,0,0,0,0,0,0,0,0,0,0,0,0,0,0
15376126.94,4977944.148,15379126.94,4977944.148,15379126.94,4974944.148,15376126.94,4974944.148,63515106.93,0,0,0,0,0,0,0,0,0,0,,0,,0,0,0,0,0,0,0,0,0,0,0,0,0,0
15376126.94,4974944.148,15379126.94,4974944.148,15379126.94,4971944.148,15376126.94,4971944.148,63515106.93,0,0,0,0,0,0,0,0,0,0,,0,,0,0,0,0,0,0,0,0,0,0,0,0,0,0
15376126.94,4971944.148,15379126.94,4971944.148,15379126.94,4968944.148,15376126.94,4968944.148,63515106.93,0,0,0,0,0,0,0,0,0,0,,0,,0,0,0,0,0,0,0,0,0,0,0,0,0,0
15376126.94,4968944.148,15379126.94,4968944.148,15379126.94,4965944.148,15376126.94,4965944.148,63515106.93,0,0,0,0,0,0,0,0,0,0,,0,,0,0,0,0,0,0,0,0,0,0,0,0,0,0
15376126.94,4965944.148,15379126.94,4965944.148,15379126.94,4962944.148,15376126.94,4962944.148,63515106.93,0,0,0,0,0,0,0,0,0,0,,0,,0,0,0,0,0,0,0,0,0,0,0,0,0,0
15376126.94,4962944.148,15379126.94,4962944.148,15379126.94,4959944.148,15376126.94,4959944.148,63515106.93,0,0,0,0,0,0,0,0,0,0,,0,,0,0,0,0,0,0,0,0,0,0,0,0,0,0
15376126.94,4959944.148,15379126.94,4959944.148,15379126.94,4956944.148,15376126.94,4956944.148,63515106.93,0,0,0,0,0,0,0,0,0,0,,0,,0,0,0,0,0,0,0,0,0,0,0,0,0,0
15376126.94,4956944.148,15379126.94,4956944.148,15379126.94,4953944.148,15376126.94,4953944.148,63515106.93,0,0,0,0,0,0,0,0,0,0,,0,,0,0,0,0,0,0,0,0,0,0,0,0,0,0
15376126.94,4953944.148,15379126.94,4953944.148,15379126.94,4950944.148,15376126.94,4950944.148,63515106.93,0,0,0,0,0,0,0,0,0,0,,0,,0,0,0,0,0,0,0,0,0,0,0,0,0,0
15376126.94,4950944.148,15379126.94,4950944.148,15379126.94,4947944.148,15376126.94,4947944.148,63515106.93,0,0,0,0,0,0,0,0,0,0,,0,,0,0,0,0,0,0,0,0,0,0,0,0,0,0
15376126.94,4947944.148,15379126.94,4947944.148,15379126.94,4944944.148,15376126.94,4944944.148,63515106.93,0,0,0,0,0,0,0,0,0,0,,0,,0,0,0,0,0,0,0,0,0,0,0,0,0,0
15376126.94,4944944.148,15379126.94,4944944.148,15379126.94,4941944.148,15376126.94,4941944.148,63515106.93,0,0,0,0,0,0,0,0,0,0,,0,,0,0,0,0,0,0,0,0,0,0,0,0,0,0
15379126.94,5088944.148,15382126.94,5088944.148,15382126.94,5085944.148,15379126.94,5085944.148,63515106.93,0,0,0,0,0,0,0,0,0,0,,0,,0,0,0,0,0,0,0,0,0,0,0,0,0,0
15379126.94,5085944.148,15382126.94,5085944.148,15382126.94,5082944.148,15379126.94,5082944.148,63515106.93,0,0,0,0,0,0,0,0,0,0,,0,,0,0,0,0,0,0,0,0,0,0,0,0,0,0
15379126.94,5082944.148,15382126.94,5082944.148,15382126.94,5079944.148,15379126.94,5079944.148,63515106.93,0,0,0,0,0,0,0,0,0,0,,0,,0,0,0,0,0,0,0,0,0,0,0,0,0,0
15379126.94,5079944.148,15382126.94,5079944.148,15382126.94,5076944.148,15379126.94,5076944.148,63515106.93,0,0,0,0,0,0,0,0,0,0,,0,,0,0,0,0,0,0,0,0,0,0,0,0,0,0
15379126.94,5076944.148,15382126.94,5076944.148,15382126.94,5073944.148,15379126.94,5073944.148,63515106.93,0,0,0,0,0,0,0,0,0,0,,0,,0,0,0,0,0,0,0,0,0,0,0,0,0,0
15379126.94,5073944.148,15382126.94,5073944.148,15382126.94,5070944.148,15379126.94,5070944.148,63515106.93,0,0,0,0,0,0,0,0,0,0,,0,,0,0,0,0,0,0,0,0,0,0,0,0,0,0
15379126.94,5070944.148,15382126.94,5070944.148,15382126.94,5067944.148,15379126.94,5067944.148,63515106.93,0,0,0,0,0,0,0,0,0,0,,0,,0,0,0,0,0,0,0,0,0,0,0,0,0,0
15379126.94,5067944.148,15382126.94,5067944.148,15382126.94,5064944.148,15379126.94,5064944.148,63515106.93,0,0,0,0,0,0,0,0,0,0,,0,,0,0,0,0,0,0,0,0,0,0,0,0,0,0
15379126.94,5064944.148,15382126.94,5064944.148,15382126.94,5061944.148,15379126.94,5061944.148,63515106.93,0,0,0,0,0,0,0,0,0,0,,0,,0,0,0,0,0,0,0,0,0,0,0,0,0,0
15379126.94,5061944.148,15382126.94,5061944.148,15382126.94,5058944.148,15379126.94,5058944.148,63515106.93,0,0,0,0,0,0,0,0,0,0,,0,,0,0,0,0,0,0,0,0,0,0,0,0,0,0
15379126.94,5058944.148,15382126.94,5058944.148,15382126.94,5055944.148,15379126.94,5055944.148,63515106.93,0,0,0,0,0,0,0,0,0,0,,0,,0,0,0,0,0,0,0,0,0,0,0,0,0,0
15379126.94,5055944.148,15382126.94,5055944.148,15382126.94,5052944.148,15379126.94,5052944.148,63515106.93,0,0,0,0,0,0,0,0,0,0,,0,,0,0,0,0,0,0,0,0,0,0,0,0,0,0
15379126.94,5052944.148,15382126.94,5052944.148,15382126.94,5049944.148,15379126.94,5049944.148,63515106.93,0,0,0,0,0,0,0,0,0,0,,0,,0,0,0,0,0,0,0,0,0,0,0,0,0,0
15379126.94,5049944.148,15382126.94,5049944.148,15382126.94,5046944.148,15379126.94,5046944.148,63515106.93,0,0,0,0,0,0,0,0,0,0,,0,,0,0,0,0,0,0,0,0,0,0,0,0,0,0
15379126.94,5046944.148,15382126.94,5046944.148,15382126.94,5043944.148,15379126.94,5043944.148,63515106.93,7.87E-09,7.87E-09,1708.998946,854.499473,854.499473,0,0,0,0.02299199,0.011495995,,1.35E-05,,1.35E-05,0.5,1,0.5,1,854.499473,854.499473,854.499473,0,0,1,0,7.87E-09,31757553.47
15379126.94,5043944.148,15382126.94,5043944.148,15382126.94,5040944.148,15379126.94,5040944.148,63515106.93,7.87E-09,7.87E-09,3374.65676,1687.32838,1687.32838,0,0,0,0.08965039,0.044825195,,2.66E-05,,2.66E-05,0.5,1,0.5,1,1687.32838,1687.32838,1687.32838,0,0,1,0,7.87E-09,31757553.47
15379126.94,5040944.148,15382126.94,5040944.148,15382126.94,5037944.148,15379126.94,5037944.148,63515106.93,0,0,0,0,0,0,0,0,0,0,,0,,0,0,0,0,0,0,0,0,0,0,0,0,0,0
15379126.94,5037944.148,15382126.94,5037944.148,15382126.94,5034944.148,15379126.94,5034944.148,63515106.93,0,0,0,0,0,0,0,0,0,0,,0,,0,0,0,0,0,0,0,0,0,0,0,0,0,0
15379126.94,5034944.148,15382126.94,5034944.148,15382126.94,5031944.148,15379126.94,5031944.148,63515106.93,0,0,0,0,0,0,0,0,0,0,,0,,0,0,0,0,0,0,0,0,0,0,0,0,0,0
15379126.94,5031944.148,15382126.94,5031944.148,15382126.94,5028944.148,15379126.94,5028944.148,63515106.93,0,0,0,0,0,0,0,0,0,0,,0,,0,0,0,0,0,0,0,0,0,0,0,0,0,0
15379126.94,5028944.148,15382126.94,5028944.148,15382126.94,5025944.148,15379126.94,5025944.148,63515106.93,0,0,0,0,0,0,0,0,0,0,,0,,0,0,0,0,0,0,0,0,0,0,0,0,0,0
15379126.94,5025944.148,15382126.94,5025944.148,15382126.94,5022944.148,15379126.94,5022944.148,63515106.93,0,0,0,0,0,0,0,0,0,0,,0,,0,0,0,0,0,0,0,0,0,0,0,0,0,0
15379126.94,5022944.148,15382126.94,5022944.148,15382126.94,5019944.148,15379126.94,5019944.148,63515106.93,0,0,0,0,0,0,0,0,0,0,,0,,0,0,0,0,0,0,0,0,0,0,0,0,0,0
15379126.94,5019944.148,15382126.94,5019944.148,15382126.94,5016944.148,15379126.94,5016944.148,63515106.93,0,0,0,0,0,0,0,0,0,0,,0,,0,0,0,0,0,0,0,0,0,0,0,0,0,0
15379126.94,5016944.148,15382126.94,5016944.148,15382126.94,5013944.148,15379126.94,5013944.148,63515106.93,0,0,0,0,0,0,0,0,0,0,,0,,0,0,0,0,0,0,0,0,0,0,0,0,0,0
15379126.94,5013944.148,15382126.94,5013944.148,15382126.94,5010944.148,15379126.94,5010944.148,63515106.93,0,0,0,0,0,0,0,0,0,0,,0,,0,0,0,0,0,0,0,0,0,0,0,0,0,0
15379126.94,5010944.148,15382126.94,5010944.148,15382126.94,5007944.148,15379126.94,5007944.148,63515106.93,0,0,0,0,0,0,0,0,0,0,,0,,0,0,0,0,0,0,0,0,0,0,0,0,0,0
15379126.94,5007944.148,15382126.94,5007944.148,15382126.94,5004944.148,15379126.94,5004944.148,63515106.93,0,0,0,0,0,0,0,0,0,0,,0,,0,0,0,0,0,0,0,0,0,0,0,0,0,0
15379126.94,5004944.148,15382126.94,5004944.148,15382126.94,5001944.148,15379126.94,5001944.148,63515106.93,0,0,0,0,0,0,0,0,0,0,,0,,0,0,0,0,0,0,0,0,0,0,0,0,0,0
15379126.94,5001944.148,15382126.94,5001944.148,15382126.94,4998944.148,15379126.94,4998944.148,63515106.93,0,0,0,0,0,0,0,0,0,0,,0,,0,0,0,0,0,0,0,0,0,0,0,0,0,0
15379126.94,4998944.148,15382126.94,4998944.148,15382126.94,4995944.148,15379126.94,4995944.148,63515106.93,0,0,0,0,0,0,0,0,0,0,,0,,0,0,0,0,0,0,0,0,0,0,0,0,0,0
15379126.94,4995944.148,15382126.94,4995944.148,15382126.94,4992944.148,15379126.94,4992944.148,63515106.93,0,0,0,0,0,0,0,0,0,0,,0,,0,0,0,0,0,0,0,0,0,0,0,0,0,0
15379126.94,4992944.148,15382126.94,4992944.148,15382126.94,4989944.148,15379126.94,4989944.148,63515106.93,0,0,0,0,0,0,0,0,0,0,,0,,0,0,0,0,0,0,0,0,0,0,0,0,0,0
15379126.94,4989944.148,15382126.94,4989944.148,15382126.94,4986944.148,15379126.94,4986944.148,63515106.93,0,0,0,0,0,0,0,0,0,0,,0,,0,0,0,0,0,0,0,0,0,0,0,0,0,0
15379126.94,4986944.148,15382126.94,4986944.148,15382126.94,4983944.148,15379126.94,4983944.148,63515106.93,0,0,0,0,0,0,0,0,0,0,,0,,0,0,0,0,0,0,0,0,0,0,0,0,0,0
15379126.94,4983944.148,15382126.94,4983944.148,15382126.94,4980944.148,15379126.94,4980944.148,63515106.93,0,0,0,0,0,0,0,0,0,0,,0,,0,0,0,0,0,0,0,0,0,0,0,0,0,0
15379126.94,4980944.148,15382126.94,4980944.148,15382126.94,4977944.148,15379126.94,4977944.148,63515106.93,0,0,0,0,0,0,0,0,0,0,,0,,0,0,0,0,0,0,0,0,0,0,0,0,0,0
15379126.94,4977944.148,15382126.94,4977944.148,15382126.94,4974944.148,15379126.94,4974944.148,63515106.93,0,0,0,0,0,0,0,0,0,0,,0,,0,0,0,0,0,0,0,0,0,0,0,0,0,0
15379126.94,4974944.148,15382126.94,4974944.148,15382126.94,4971944.148,15379126.94,4971944.148,63515106.93,0,0,0,0,0,0,0,0,0,0,,0,,0,0,0,0,0,0,0,0,0,0,0,0,0,0
15379126.94,4971944.148,15382126.94,4971944.148,15382126.94,4968944.148,15379126.94,4968944.148,63515106.93,0,0,0,0,0,0,0,0,0,0,,0,,0,0,0,0,0,0,0,0,0,0,0,0,0,0
15379126.94,4968944.148,15382126.94,4968944.148,15382126.94,4965944.148,15379126.94,4965944.148,63515106.93,0,0,0,0,0,0,0,0,0,0,,0,,0,0,0,0,0,0,0,0,0,0,0,0,0,0
15379126.94,4965944.148,15382126.94,4965944.148,15382126.94,4962944.148,15379126.94,4962944.148,63515106.93,0,0,0,0,0,0,0,0,0,0,,0,,0,0,0,0,0,0,0,0,0,0,0,0,0,0
15379126.94,4962944.148,15382126.94,4962944.148,15382126.94,4959944.148,15379126.94,4959944.148,63515106.93,0,0,0,0,0,0,0,0,0,0,,0,,0,0,0,0,0,0,0,0,0,0,0,0,0,0
15379126.94,4959944.148,15382126.94,4959944.148,15382126.94,4956944.148,15379126.94,4956944.148,63515106.93,0,0,0,0,0,0,0,0,0,0,,0,,0,0,0,0,0,0,0,0,0,0,0,0,0,0
15379126.94,4956944.148,15382126.94,4956944.148,15382126.94,4953944.148,15379126.94,4953944.148,63515106.93,0,0,0,0,0,0,0,0,0,0,,0,,0,0,0,0,0,0,0,0,0,0,0,0,0,0
15379126.94,4953944.148,15382126.94,4953944.148,15382126.94,4950944.148,15379126.94,4950944.148,63515106.93,0,0,0,0,0,0,0,0,0,0,,0,,0,0,0,0,0,0,0,0,0,0,0,0,0,0
15379126.94,4950944.148,15382126.94,4950944.148,15382126.94,4947944.148,15379126.94,4947944.148,63515106.93,0,0,0,0,0,0,0,0,0,0,,0,,0,0,0,0,0,0,0,0,0,0,0,0,0,0
15379126.94,4947944.148,15382126.94,4947944.148,15382126.94,4944944.148,15379126.94,4944944.148,63515106.93,0,0,0,0,0,0,0,0,0,0,,0,,0,0,0,0,0,0,0,0,0,0,0,0,0,0
15379126.94,4944944.148,15382126.94,4944944.148,15382126.94,4941944.148,15379126.94,4941944.148,63515106.93,0,0,0,0,0,0,0,0,0,0,,0,,0,0,0,0,0,0,0,0,0,0,0,0,0,0
15382126.94,5088944.148,15385126.94,5088944.148,15385126.94,5085944.148,15382126.94,5085944.148,63515106.93,0,0,0,0,0,0,0,0,0,0,,0,,0,0,0,0,0,0,0,0,0,0,0,0,0,0
15382126.94,5085944.148,15385126.94,5085944.148,15385126.94,5082944.148,15382126.94,5082944.148,63515106.93,0,0,0,0,0,0,0,0,0,0,,0,,0,0,0,0,0,0,0,0,0,0,0,0,0,0
15382126.94,5082944.148,15385126.94,5082944.148,15385126.94,5079944.148,15382126.94,5079944.148,63515106.93,0,0,0,0,0,0,0,0,0,0,,0,,0,0,0,0,0,0,0,0,0,0,0,0,0,0
15382126.94,5079944.148,15385126.94,5079944.148,15385126.94,5076944.148,15382126.94,5076944.148,63515106.93,0,0,0,0,0,0,0,0,0,0,,0,,0,0,0,0,0,0,0,0,0,0,0,0,0,0
15382126.94,5076944.148,15385126.94,5076944.148,15385126.94,5073944.148,15382126.94,5073944.148,63515106.93,0,0,0,0,0,0,0,0,0,0,,0,,0,0,0,0,0,0,0,0,0,0,0,0,0,0
15382126.94,5073944.148,15385126.94,5073944.148,15385126.94,5070944.148,15382126.94,5070944.148,63515106.93,0,0,0,0,0,0,0,0,0,0,,0,,0,0,0,0,0,0,0,0,0,0,0,0,0,0
15382126.94,5070944.148,15385126.94,5070944.148,15385126.94,5067944.148,15382126.94,5067944.148,63515106.93,0,0,0,0,0,0,0,0,0,0,,0,,0,0,0,0,0,0,0,0,0,0,0,0,0,0
15382126.94,5067944.148,15385126.94,5067944.148,15385126.94,5064944.148,15382126.94,5064944.148,63515106.93,0,0,0,0,0,0,0,0,0,0,,0,,0,0,0,0,0,0,0,0,0,0,0,0,0,0
15382126.94,5064944.148,15385126.94,5064944.148,15385126.94,5061944.148,15382126.94,5061944.148,63515106.93,0,0,0,0,0,0,0,0,0,0,,0,,0,0,0,0,0,0,0,0,0,0,0,0,0,0
15382126.94,5061944.148,15385126.94,5061944.148,15385126.94,5058944.148,15382126.94,5058944.148,63515106.93,0,0,0,0,0,0,0,0,0,0,,0,,0,0,0,0,0,0,0,0,0,0,0,0,0,0
15382126.94,5058944.148,15385126.94,5058944.148,15385126.94,5055944.148,15382126.94,5055944.148,63515106.93,0,0,0,0,0,0,0,0,0,0,,0,,0,0,0,0,0,0,0,0,0,0,0,0,0,0
15382126.94,5055944.148,15385126.94,5055944.148,15385126.94,5052944.148,15382126.94,5052944.148,63515106.93,0,0,0,0,0,0,0,0,0,0,,0,,0,0,0,0,0,0,0,0,0,0,0,0,0,0
15382126.94,5052944.148,15385126.94,5052944.148,15385126.94,5049944.148,15382126.94,5049944.148,63515106.93,0,0,0,0,0,0,0,0,0,0,,0,,0,0,0,0,0,0,0,0,0,0,0,0,0,0
15382126.94,5049944.148,15385126.94,5049944.148,15385126.94,5046944.148,15382126.94,5046944.148,63515106.93,0,0,0,0,0,0,0,0,0,0,,0,,0,0,0,0,0,0,0,0,0,0,0,0,0,0
15382126.94,5046944.148,15385126.94,5046944.148,15385126.94,5043944.148,15382126.94,5043944.148,63515106.93,0,0,0,0,0,0,0,0,0,0,,0,,0,0,0,0,0,0,0,0,0,0,0,0,0,0
15382126.94,5043944.148,15385126.94,5043944.148,15385126.94,5040944.148,15382126.94,5040944.148,63515106.93,0,0,0,0,0,0,0,0,0,0,,0,,0,0,0,0,0,0,0,0,0,0,0,0,0,0
15382126.94,5040944.148,15385126.94,5040944.148,15385126.94,5037944.148,15382126.94,5037944.148,63515106.93,0,0,0,0,0,0,0,0,0,0,,0,,0,0,0,0,0,0,0,0,0,0,0,0,0,0
15382126.94,5037944.148,15385126.94,5037944.148,15385126.94,5034944.148,15382126.94,5034944.148,63515106.93,0,0,0,0,0,0,0,0,0,0,,0,,0,0,0,0,0,0,0,0,0,0,0,0,0,0
15382126.94,5034944.148,15385126.94,5034944.148,15385126.94,5031944.148,15382126.94,5031944.148,63515106.93,0,0,0,0,0,0,0,0,0,0,,0,,0,0,0,0,0,0,0,0,0,0,0,0,0,0
15382126.94,5031944.148,15385126.94,5031944.148,15385126.94,5028944.148,15382126.94,5028944.148,63515106.93,0,0,0,0,0,0,0,0,0,0,,0,,0,0,0,0,0,0,0,0,0,0,0,0,0,0
15382126.94,5028944.148,15385126.94,5028944.148,15385126.94,5025944.148,15382126.94,5025944.148,63515106.93,0,0,0,0,0,0,0,0,0,0,,0,,0,0,0,0,0,0,0,0,0,0,0,0,0,0
15382126.94,5025944.148,15385126.94,5025944.148,15385126.94,5022944.148,15382126.94,5022944.148,63515106.93,0,0,0,0,0,0,0,0,0,0,,0,,0,0,0,0,0,0,0,0,0,0,0,0,0,0
15382126.94,5022944.148,15385126.94,5022944.148,15385126.94,5019944.148,15382126.94,5019944.148,63515106.93,0,0,0,0,0,0,0,0,0,0,,0,,0,0,0,0,0,0,0,0,0,0,0,0,0,0
15382126.94,5019944.148,15385126.94,5019944.148,15385126.94,5016944.148,15382126.94,5016944.148,63515106.93,0,0,0,0,0,0,0,0,0,0,,0,,0,0,0,0,0,0,0,0,0,0,0,0,0,0
15382126.94,5016944.148,15385126.94,5016944.148,15385126.94,5013944.148,15382126.94,5013944.148,63515106.93,0,0,0,0,0,0,0,0,0,0,,0,,0,0,0,0,0,0,0,0,0,0,0,0,0,0
15382126.94,5013944.148,15385126.94,5013944.148,15385126.94,5010944.148,15382126.94,5010944.148,63515106.93,0,0,0,0,0,0,0,0,0,0,,0,,0,0,0,0,0,0,0,0,0,0,0,0,0,0
15382126.94,5010944.148,15385126.94,5010944.148,15385126.94,5007944.148,15382126.94,5007944.148,63515106.93,0,0,0,0,0,0,0,0,0,0,,0,,0,0,0,0,0,0,0,0,0,0,0,0,0,0
15382126.94,5007944.148,15385126.94,5007944.148,15385126.94,5004944.148,15382126.94,5004944.148,63515106.93,0,0,0,0,0,0,0,0,0,0,,0,,0,0,0,0,0,0,0,0,0,0,0,0,0,0
15382126.94,5004944.148,15385126.94,5004944.148,15385126.94,5001944.148,15382126.94,5001944.148,63515106.93,0,0,0,0,0,0,0,0,0,0,,0,,0,0,0,0,0,0,0,0,0,0,0,0,0,0
15382126.94,5001944.148,15385126.94,5001944.148,15385126.94,4998944.148,15382126.94,4998944.148,63515106.93,0,0,0,0,0,0,0,0,0,0,,0,,0,0,0,0,0,0,0,0,0,0,0,0,0,0
15382126.94,4998944.148,15385126.94,4998944.148,15385126.94,4995944.148,15382126.94,4995944.148,63515106.93,0,0,0,0,0,0,0,0,0,0,,0,,0,0,0,0,0,0,0,0,0,0,0,0,0,0
15382126.94,4995944.148,15385126.94,4995944.148,15385126.94,4992944.148,15382126.94,4992944.148,63515106.93,0,0,0,0,0,0,0,0,0,0,,0,,0,0,0,0,0,0,0,0,0,0,0,0,0,0
15382126.94,4992944.148,15385126.94,4992944.148,15385126.94,4989944.148,15382126.94,4989944.148,63515106.93,0,0,0,0,0,0,0,0,0,0,,0,,0,0,0,0,0,0,0,0,0,0,0,0,0,0
15382126.94,4989944.148,15385126.94,4989944.148,15385126.94,4986944.148,15382126.94,4986944.148,63515106.93,0,0,0,0,0,0,0,0,0,0,,0,,0,0,0,0,0,0,0,0,0,0,0,0,0,0
15382126.94,4986944.148,15385126.94,4986944.148,15385126.94,4983944.148,15382126.94,4983944.148,63515106.93,0,0,0,0,0,0,0,0,0,0,,0,,0,0,0,0,0,0,0,0,0,0,0,0,0,0
15382126.94,4983944.148,15385126.94,4983944.148,15385126.94,4980944.148,15382126.94,4980944.148,63515106.93,0,0,0,0,0,0,0,0,0,0,,0,,0,0,0,0,0,0,0,0,0,0,0,0,0,0
15382126.94,4980944.148,15385126.94,4980944.148,15385126.94,4977944.148,15382126.94,4977944.148,63515106.93,0,0,0,0,0,0,0,0,0,0,,0,,0,0,0,0,0,0,0,0,0,0,0,0,0,0
15382126.94,4977944.148,15385126.94,4977944.148,15385126.94,4974944.148,15382126.94,4974944.148,63515106.93,0,0,0,0,0,0,0,0,0,0,,0,,0,0,0,0,0,0,0,0,0,0,0,0,0,0
15382126.94,4974944.148,15385126.94,4974944.148,15385126.94,4971944.148,15382126.94,4971944.148,63515106.93,0,0,0,0,0,0,0,0,0,0,,0,,0,0,0,0,0,0,0,0,0,0,0,0,0,0
15382126.94,4971944.148,15385126.94,4971944.148,15385126.94,4968944.148,15382126.94,4968944.148,63515106.93,0,0,0,0,0,0,0,0,0,0,,0,,0,0,0,0,0,0,0,0,0,0,0,0,0,0
15382126.94,4968944.148,15385126.94,4968944.148,15385126.94,4965944.148,15382126.94,4965944.148,63515106.93,0,0,0,0,0,0,0,0,0,0,,0,,0,0,0,0,0,0,0,0,0,0,0,0,0,0
15382126.94,4965944.148,15385126.94,4965944.148,15385126.94,4962944.148,15382126.94,4962944.148,63515106.93,0,0,0,0,0,0,0,0,0,0,,0,,0,0,0,0,0,0,0,0,0,0,0,0,0,0
15382126.94,4962944.148,15385126.94,4962944.148,15385126.94,4959944.148,15382126.94,4959944.148,63515106.93,0,0,0,0,0,0,0,0,0,0,,0,,0,0,0,0,0,0,0,0,0,0,0,0,0,0
15382126.94,4959944.148,15385126.94,4959944.148,15385126.94,4956944.148,15382126.94,4956944.148,63515106.93,0,0,0,0,0,0,0,0,0,0,,0,,0,0,0,0,0,0,0,0,0,0,0,0,0,0
15382126.94,4956944.148,15385126.94,4956944.148,15385126.94,4953944.148,15382126.94,4953944.148,63515106.93,0,0,0,0,0,0,0,0,0,0,,0,,0,0,0,0,0,0,0,0,0,0,0,0,0,0
15382126.94,4953944.148,15385126.94,4953944.148,15385126.94,4950944.148,15382126.94,4950944.148,63515106.93,0,0,0,0,0,0,0,0,0,0,,0,,0,0,0,0,0,0,0,0,0,0,0,0,0,0
15382126.94,4950944.148,15385126.94,4950944.148,15385126.94,4947944.148,15382126.94,4947944.148,63515106.93,0,0,0,0,0,0,0,0,0,0,,0,,0,0,0,0,0,0,0,0,0,0,0,0,0,0
15382126.94,4947944.148,15385126.94,4947944.148,15385126.94,4944944.148,15382126.94,4944944.148,63515106.93,0,0,0,0,0,0,0,0,0,0,,0,,0,0,0,0,0,0,0,0,0,0,0,0,0,0
15382126.94,4944944.148,15385126.94,4944944.148,15385126.94,4941944.148,15382126.94,4941944.148,63515106.93,0,0,0,0,0,0,0,0,0,0,,0,,0,0,0,0,0,0,0,0,0,0,0,0,0,0
15385126.94,5088944.148,15388126.94,5088944.148,15388126.94,5085944.148,15385126.94,5085944.148,63515106.93,0,0,0,0,0,0,0,0,0,0,,0,,0,0,0,0,0,0,0,0,0,0,0,0,0,0
15385126.94,5085944.148,15388126.94,5085944.148,15388126.94,5082944.148,15385126.94,5082944.148,63515106.93,0,0,0,0,0,0,0,0,0,0,,0,,0,0,0,0,0,0,0,0,0,0,0,0,0,0
15385126.94,5082944.148,15388126.94,5082944.148,15388126.94,5079944.148,15385126.94,5079944.148,63515106.93,0,0,0,0,0,0,0,0,0,0,,0,,0,0,0,0,0,0,0,0,0,0,0,0,0,0
15385126.94,5079944.148,15388126.94,5079944.148,15388126.94,5076944.148,15385126.94,5076944.148,63515106.93,0,0,0,0,0,0,0,0,0,0,,0,,0,0,0,0,0,0,0,0,0,0,0,0,0,0
15385126.94,5076944.148,15388126.94,5076944.148,15388126.94,5073944.148,15385126.94,5073944.148,63515106.93,0,0,0,0,0,0,0,0,0,0,,0,,0,0,0,0,0,0,0,0,0,0,0,0,0,0
15385126.94,5073944.148,15388126.94,5073944.148,15388126.94,5070944.148,15385126.94,5070944.148,63515106.93,0,0,0,0,0,0,0,0,0,0,,0,,0,0,0,0,0,0,0,0,0,0,0,0,0,0
15385126.94,5070944.148,15388126.94,5070944.148,15388126.94,5067944.148,15385126.94,5067944.148,63515106.93,0,0,0,0,0,0,0,0,0,0,,0,,0,0,0,0,0,0,0,0,0,0,0,0,0,0
15385126.94,5067944.148,15388126.94,5067944.148,15388126.94,5064944.148,15385126.94,5064944.148,63515106.93,0,0,0,0,0,0,0,0,0,0,,0,,0,0,0,0,0,0,0,0,0,0,0,0,0,0
15385126.94,5064944.148,15388126.94,5064944.148,15388126.94,5061944.148,15385126.94,5061944.148,63515106.93,0,0,0,0,0,0,0,0,0,0,,0,,0,0,0,0,0,0,0,0,0,0,0,0,0,0
15385126.94,5061944.148,15388126.94,5061944.148,15388126.94,5058944.148,15385126.94,5058944.148,63515106.93,0,0,0,0,0,0,0,0,0,0,,0,,0,0,0,0,0,0,0,0,0,0,0,0,0,0
15385126.94,5058944.148,15388126.94,5058944.148,15388126.94,5055944.148,15385126.94,5055944.148,63515106.93,0,0,0,0,0,0,0,0,0,0,,0,,0,0,0,0,0,0,0,0,0,0,0,0,0,0
15385126.94,5055944.148,15388126.94,5055944.148,15388126.94,5052944.148,15385126.94,5052944.148,63515106.93,0,0,0,0,0,0,0,0,0,0,,0,,0,0,0,0,0,0,0,0,0,0,0,0,0,0
15385126.94,5052944.148,15388126.94,5052944.148,15388126.94,5049944.148,15385126.94,5049944.148,63515106.93,0,0,0,0,0,0,0,0,0,0,,0,,0,0,0,0,0,0,0,0,0,0,0,0,0,0
15385126.94,5049944.148,15388126.94,5049944.148,15388126.94,5046944.148,15385126.94,5046944.148,63515106.93,0,0,0,0,0,0,0,0,0,0,,0,,0,0,0,0,0,0,0,0,0,0,0,0,0,0
15385126.94,5046944.148,15388126.94,5046944.148,15388126.94,5043944.148,15385126.94,5043944.148,63515106.93,0,0,0,0,0,0,0,0,0,0,,0,,0,0,0,0,0,0,0,0,0,0,0,0,0,0
15385126.94,5043944.148,15388126.94,5043944.148,15388126.94,5040944.148,15385126.94,5040944.148,63515106.93,0,0,0,0,0,0,0,0,0,0,,0,,0,0,0,0,0,0,0,0,0,0,0,0,0,0
15385126.94,5040944.148,15388126.94,5040944.148,15388126.94,5037944.148,15385126.94,5037944.148,63515106.93,0,0,0,0,0,0,0,0,0,0,,0,,0,0,0,0,0,0,0,0,0,0,0,0,0,0
15385126.94,5037944.148,15388126.94,5037944.148,15388126.94,5034944.148,15385126.94,5034944.148,63515106.93,0,0,0,0,0,0,0,0,0,0,,0,,0,0,0,0,0,0,0,0,0,0,0,0,0,0
15385126.94,5034944.148,15388126.94,5034944.148,15388126.94,5031944.148,15385126.94,5031944.148,63515106.93,0,0,0,0,0,0,0,0,0,0,,0,,0,0,0,0,0,0,0,0,0,0,0,0,0,0
15385126.94,5031944.148,15388126.94,5031944.148,15388126.94,5028944.148,15385126.94,5028944.148,63515106.93,0,0,0,0,0,0,0,0,0,0,,0,,0,0,0,0,0,0,0,0,0,0,0,0,0,0
15385126.94,5028944.148,15388126.94,5028944.148,15388126.94,5025944.148,15385126.94,5025944.148,63515106.93,0,0,0,0,0,0,0,0,0,0,,0,,0,0,0,0,0,0,0,0,0,0,0,0,0,0
15385126.94,5025944.148,15388126.94,5025944.148,15388126.94,5022944.148,15385126.94,5022944.148,63515106.93,0,0,0,0,0,0,0,0,0,0,,0,,0,0,0,0,0,0,0,0,0,0,0,0,0,0
15385126.94,5022944.148,15388126.94,5022944.148,15388126.94,5019944.148,15385126.94,5019944.148,63515106.93,0,0,0,0,0,0,0,0,0,0,,0,,0,0,0,0,0,0,0,0,0,0,0,0,0,0
15385126.94,5019944.148,15388126.94,5019944.148,15388126.94,5016944.148,15385126.94,5016944.148,63515106.93,0,0,0,0,0,0,0,0,0,0,,0,,0,0,0,0,0,0,0,0,0,0,0,0,0,0
15385126.94,5016944.148,15388126.94,5016944.148,15388126.94,5013944.148,15385126.94,5013944.148,63515106.93,0,0,0,0,0,0,0,0,0,0,,0,,0,0,0,0,0,0,0,0,0,0,0,0,0,0
15385126.94,5013944.148,15388126.94,5013944.148,15388126.94,5010944.148,15385126.94,5010944.148,63515106.93,0,0,0,0,0,0,0,0,0,0,,0,,0,0,0,0,0,0,0,0,0,0,0,0,0,0
15385126.94,5010944.148,15388126.94,5010944.148,15388126.94,5007944.148,15385126.94,5007944.148,63515106.93,0,0,0,0,0,0,0,0,0,0,,0,,0,0,0,0,0,0,0,0,0,0,0,0,0,0
15385126.94,5007944.148,15388126.94,5007944.148,15388126.94,5004944.148,15385126.94,5004944.148,63515106.93,0,0,0,0,0,0,0,0,0,0,,0,,0,0,0,0,0,0,0,0,0,0,0,0,0,0
15385126.94,5004944.148,15388126.94,5004944.148,15388126.94,5001944.148,15385126.94,5001944.148,63515106.93,0,0,0,0,0,0,0,0,0,0,,0,,0,0,0,0,0,0,0,0,0,0,0,0,0,0
15385126.94,5001944.148,15388126.94,5001944.148,15388126.94,4998944.148,15385126.94,4998944.148,63515106.93,0,0,0,0,0,0,0,0,0,0,,0,,0,0,0,0,0,0,0,0,0,0,0,0,0,0
15385126.94,4998944.148,15388126.94,4998944.148,15388126.94,4995944.148,15385126.94,4995944.148,63515106.93,0,0,0,0,0,0,0,0,0,0,,0,,0,0,0,0,0,0,0,0,0,0,0,0,0,0
15385126.94,4995944.148,15388126.94,4995944.148,15388126.94,4992944.148,15385126.94,4992944.148,63515106.93,0,0,0,0,0,0,0,0,0,0,,0,,0,0,0,0,0,0,0,0,0,0,0,0,0,0
15385126.94,4992944.148,15388126.94,4992944.148,15388126.94,4989944.148,15385126.94,4989944.148,63515106.93,0,0,0,0,0,0,0,0,0,0,,0,,0,0,0,0,0,0,0,0,0,0,0,0,0,0
15385126.94,4989944.148,15388126.94,4989944.148,15388126.94,4986944.148,15385126.94,4986944.148,63515106.93,0,0,0,0,0,0,0,0,0,0,,0,,0,0,0,0,0,0,0,0,0,0,0,0,0,0
15385126.94,4986944.148,15388126.94,4986944.148,15388126.94,4983944.148,15385126.94,4983944.148,63515106.93,0,0,0,0,0,0,0,0,0,0,,0,,0,0,0,0,0,0,0,0,0,0,0,0,0,0
15385126.94,4983944.148,15388126.94,4983944.148,15388126.94,4980944.148,15385126.94,4980944.148,63515106.93,0,0,0,0,0,0,0,0,0,0,,0,,0,0,0,0,0,0,0,0,0,0,0,0,0,0
15385126.94,4980944.148,15388126.94,4980944.148,15388126.94,4977944.148,15385126.94,4977944.148,63515106.93,0,0,0,0,0,0,0,0,0,0,,0,,0,0,0,0,0,0,0,0,0,0,0,0,0,0
15385126.94,4977944.148,15388126.94,4977944.148,15388126.94,4974944.148,15385126.94,4974944.148,63515106.93,0,0,0,0,0,0,0,0,0,0,,0,,0,0,0,0,0,0,0,0,0,0,0,0,0,0
15385126.94,4974944.148,15388126.94,4974944.148,15388126.94,4971944.148,15385126.94,4971944.148,63515106.93,0,0,0,0,0,0,0,0,0,0,,0,,0,0,0,0,0,0,0,0,0,0,0,0,0,0
15385126.94,4971944.148,15388126.94,4971944.148,15388126.94,4968944.148,15385126.94,4968944.148,63515106.93,0,0,0,0,0,0,0,0,0,0,,0,,0,0,0,0,0,0,0,0,0,0,0,0,0,0
15385126.94,4968944.148,15388126.94,4968944.148,15388126.94,4965944.148,15385126.94,4965944.148,63515106.93,0,0,0,0,0,0,0,0,0,0,,0,,0,0,0,0,0,0,0,0,0,0,0,0,0,0
15385126.94,4965944.148,15388126.94,4965944.148,15388126.94,4962944.148,15385126.94,4962944.148,63515106.93,0,0,0,0,0,0,0,0,0,0,,0,,0,0,0,0,0,0,0,0,0,0,0,0,0,0
15385126.94,4962944.148,15388126.94,4962944.148,15388126.94,4959944.148,15385126.94,4959944.148,63515106.93,0,0,0,0,0,0,0,0,0,0,,0,,0,0,0,0,0,0,0,0,0,0,0,0,0,0
15385126.94,4959944.148,15388126.94,4959944.148,15388126.94,4956944.148,15385126.94,4956944.148,63515106.93,0,0,0,0,0,0,0,0,0,0,,0,,0,0,0,0,0,0,0,0,0,0,0,0,0,0
15385126.94,4956944.148,15388126.94,4956944.148,15388126.94,4953944.148,15385126.94,4953944.148,63515106.93,0,0,0,0,0,0,0,0,0,0,,0,,0,0,0,0,0,0,0,0,0,0,0,0,0,0
15385126.94,4953944.148,15388126.94,4953944.148,15388126.94,4950944.148,15385126.94,4950944.148,63515106.93,0,0,0,0,0,0,0,0,0,0,,0,,0,0,0,0,0,0,0,0,0,0,0,0,0,0
15385126.94,4950944.148,15388126.94,4950944.148,15388126.94,4947944.148,15385126.94,4947944.148,63515106.93,0,0,0,0,0,0,0,0,0,0,,0,,0,0,0,0,0,0,0,0,0,0,0,0,0,0
15385126.94,4947944.148,15388126.94,4947944.148,15388126.94,4944944.148,15385126.94,4944944.148,63515106.93,0,0,0,0,0,0,0,0,0,0,,0,,0,0,0,0,0,0,0,0,0,0,0,0,0,0
15385126.94,4944944.148,15388126.94,4944944.148,15388126.94,4941944.148,15385126.94,4941944.148,63515106.93,0,0,0,0,0,0,0,0,0,0,,0,,0,0,0,0,0,0,0,0,0,0,0,0,0,0
15388126.94,5088944.148,15391126.94,5088944.148,15391126.94,5085944.148,15388126.94,5085944.148,63515106.93,0,0,0,0,0,0,0,0,0,0,,0,,0,0,0,0,0,0,0,0,0,0,0,0,0,0
15388126.94,5085944.148,15391126.94,5085944.148,15391126.94,5082944.148,15388126.94,5082944.148,63515106.93,0,0,0,0,0,0,0,0,0,0,,0,,0,0,0,0,0,0,0,0,0,0,0,0,0,0
15388126.94,5082944.148,15391126.94,5082944.148,15391126.94,5079944.148,15388126.94,5079944.148,63515106.93,0,0,0,0,0,0,0,0,0,0,,0,,0,0,0,0,0,0,0,0,0,0,0,0,0,0
15388126.94,5079944.148,15391126.94,5079944.148,15391126.94,5076944.148,15388126.94,5076944.148,63515106.93,0,0,0,0,0,0,0,0,0,0,,0,,0,0,0,0,0,0,0,0,0,0,0,0,0,0
15388126.94,5076944.148,15391126.94,5076944.148,15391126.94,5073944.148,15388126.94,5073944.148,63515106.93,0,0,0,0,0,0,0,0,0,0,,0,,0,0,0,0,0,0,0,0,0,0,0,0,0,0
15388126.94,5073944.148,15391126.94,5073944.148,15391126.94,5070944.148,15388126.94,5070944.148,63515106.93,0,0,0,0,0,0,0,0,0,0,,0,,0,0,0,0,0,0,0,0,0,0,0,0,0,0
15388126.94,5070944.148,15391126.94,5070944.148,15391126.94,5067944.148,15388126.94,5067944.148,63515106.93,0,0,0,0,0,0,0,0,0,0,,0,,0,0,0,0,0,0,0,0,0,0,0,0,0,0
15388126.94,5067944.148,15391126.94,5067944.148,15391126.94,5064944.148,15388126.94,5064944.148,63515106.93,0,0,0,0,0,0,0,0,0,0,,0,,0,0,0,0,0,0,0,0,0,0,0,0,0,0
15388126.94,5064944.148,15391126.94,5064944.148,15391126.94,5061944.148,15388126.94,5061944.148,63515106.93,0,0,0,0,0,0,0,0,0,0,,0,,0,0,0,0,0,0,0,0,0,0,0,0,0,0
15388126.94,5061944.148,15391126.94,5061944.148,15391126.94,5058944.148,15388126.94,5058944.148,63515106.93,0,0,0,0,0,0,0,0,0,0,,0,,0,0,0,0,0,0,0,0,0,0,0,0,0,0
15388126.94,5058944.148,15391126.94,5058944.148,15391126.94,5055944.148,15388126.94,5055944.148,63515106.93,0,0,0,0,0,0,0,0,0,0,,0,,0,0,0,0,0,0,0,0,0,0,0,0,0,0
15388126.94,5055944.148,15391126.94,5055944.148,15391126.94,5052944.148,15388126.94,5052944.148,63515106.93,0,0,0,0,0,0,0,0,0,0,,0,,0,0,0,0,0,0,0,0,0,0,0,0,0,0
15388126.94,5052944.148,15391126.94,5052944.148,15391126.94,5049944.148,15388126.94,5049944.148,63515106.93,0,0,0,0,0,0,0,0,0,0,,0,,0,0,0,0,0,0,0,0,0,0,0,0,0,0
15388126.94,5049944.148,15391126.94,5049944.148,15391126.94,5046944.148,15388126.94,5046944.148,63515106.93,0,0,0,0,0,0,0,0,0,0,,0,,0,0,0,0,0,0,0,0,0,0,0,0,0,0
15388126.94,5046944.148,15391126.94,5046944.148,15391126.94,5043944.148,15388126.94,5043944.148,63515106.93,0,0,0,0,0,0,0,0,0,0,,0,,0,0,0,0,0,0,0,0,0,0,0,0,0,0
15388126.94,5043944.148,15391126.94,5043944.148,15391126.94,5040944.148,15388126.94,5040944.148,63515106.93,0,0,0,0,0,0,0,0,0,0,,0,,0,0,0,0,0,0,0,0,0,0,0,0,0,0
15388126.94,5040944.148,15391126.94,5040944.148,15391126.94,5037944.148,15388126.94,5037944.148,63515106.93,0,0,0,0,0,0,0,0,0,0,,0,,0,0,0,0,0,0,0,0,0,0,0,0,0,0
15388126.94,5037944.148,15391126.94,5037944.148,15391126.94,5034944.148,15388126.94,5034944.148,63515106.93,0,0,0,0,0,0,0,0,0,0,,0,,0,0,0,0,0,0,0,0,0,0,0,0,0,0
15388126.94,5034944.148,15391126.94,5034944.148,15391126.94,5031944.148,15388126.94,5031944.148,63515106.93,0,0,0,0,0,0,0,0,0,0,,0,,0,0,0,0,0,0,0,0,0,0,0,0,0,0
15388126.94,5031944.148,15391126.94,5031944.148,15391126.94,5028944.148,15388126.94,5028944.148,63515106.93,0,0,0,0,0,0,0,0,0,0,,0,,0,0,0,0,0,0,0,0,0,0,0,0,0,0
15388126.94,5028944.148,15391126.94,5028944.148,15391126.94,5025944.148,15388126.94,5025944.148,63515106.93,0,0,0,0,0,0,0,0,0,0,,0,,0,0,0,0,0,0,0,0,0,0,0,0,0,0
15388126.94,5025944.148,15391126.94,5025944.148,15391126.94,5022944.148,15388126.94,5022944.148,63515106.93,0,0,0,0,0,0,0,0,0,0,,0,,0,0,0,0,0,0,0,0,0,0,0,0,0,0
15388126.94,5022944.148,15391126.94,5022944.148,15391126.94,5019944.148,15388126.94,5019944.148,63515106.93,0,0,0,0,0,0,0,0,0,0,,0,,0,0,0,0,0,0,0,0,0,0,0,0,0,0
15388126.94,5019944.148,15391126.94,5019944.148,15391126.94,5016944.148,15388126.94,5016944.148,63515106.93,0,0,0,0,0,0,0,0,0,0,,0,,0,0,0,0,0,0,0,0,0,0,0,0,0,0
15388126.94,5016944.148,15391126.94,5016944.148,15391126.94,5013944.148,15388126.94,5013944.148,63515106.93,0,0,0,0,0,0,0,0,0,0,,0,,0,0,0,0,0,0,0,0,0,0,0,0,0,0
15388126.94,5013944.148,15391126.94,5013944.148,15391126.94,5010944.148,15388126.94,5010944.148,63515106.93,0,0,0,0,0,0,0,0,0,0,,0,,0,0,0,0,0,0,0,0,0,0,0,0,0,0
15388126.94,5010944.148,15391126.94,5010944.148,15391126.94,5007944.148,15388126.94,5007944.148,63515106.93,0,0,0,0,0,0,0,0,0,0,,0,,0,0,0,0,0,0,0,0,0,0,0,0,0,0
15388126.94,5007944.148,15391126.94,5007944.148,15391126.94,5004944.148,15388126.94,5004944.148,63515106.93,0,0,0,0,0,0,0,0,0,0,,0,,0,0,0,0,0,0,0,0,0,0,0,0,0,0
15388126.94,5004944.148,15391126.94,5004944.148,15391126.94,5001944.148,15388126.94,5001944.148,63515106.93,0,0,0,0,0,0,0,0,0,0,,0,,0,0,0,0,0,0,0,0,0,0,0,0,0,0
15388126.94,5001944.148,15391126.94,5001944.148,15391126.94,4998944.148,15388126.94,4998944.148,63515106.93,0,0,0,0,0,0,0,0,0,0,,0,,0,0,0,0,0,0,0,0,0,0,0,0,0,0
15388126.94,4998944.148,15391126.94,4998944.148,15391126.94,4995944.148,15388126.94,4995944.148,63515106.93,0,0,0,0,0,0,0,0,0,0,,0,,0,0,0,0,0,0,0,0,0,0,0,0,0,0
15388126.94,4995944.148,15391126.94,4995944.148,15391126.94,4992944.148,15388126.94,4992944.148,63515106.93,0,0,0,0,0,0,0,0,0,0,,0,,0,0,0,0,0,0,0,0,0,0,0,0,0,0
15388126.94,4992944.148,15391126.94,4992944.148,15391126.94,4989944.148,15388126.94,4989944.148,63515106.93,0,0,0,0,0,0,0,0,0,0,,0,,0,0,0,0,0,0,0,0,0,0,0,0,0,0
15388126.94,4989944.148,15391126.94,4989944.148,15391126.94,4986944.148,15388126.94,4986944.148,63515106.93,0,0,0,0,0,0,0,0,0,0,,0,,0,0,0,0,0,0,0,0,0,0,0,0,0,0
15388126.94,4986944.148,15391126.94,4986944.148,15391126.94,4983944.148,15388126.94,4983944.148,63515106.93,0,0,0,0,0,0,0,0,0,0,,0,,0,0,0,0,0,0,0,0,0,0,0,0,0,0
15388126.94,4983944.148,15391126.94,4983944.148,15391126.94,4980944.148,15388126.94,4980944.148,63515106.93,0,0,0,0,0,0,0,0,0,0,,0,,0,0,0,0,0,0,0,0,0,0,0,0,0,0
15388126.94,4980944.148,15391126.94,4980944.148,15391126.94,4977944.148,15388126.94,4977944.148,63515106.93,0,0,0,0,0,0,0,0,0,0,,0,,0,0,0,0,0,0,0,0,0,0,0,0,0,0
15388126.94,4977944.148,15391126.94,4977944.148,15391126.94,4974944.148,15388126.94,4974944.148,63515106.93,0,0,0,0,0,0,0,0,0,0,,0,,0,0,0,0,0,0,0,0,0,0,0,0,0,0
15388126.94,4974944.148,15391126.94,4974944.148,15391126.94,4971944.148,15388126.94,4971944.148,63515106.93,0,0,0,0,0,0,0,0,0,0,,0,,0,0,0,0,0,0,0,0,0,0,0,0,0,0
15388126.94,4971944.148,15391126.94,4971944.148,15391126.94,4968944.148,15388126.94,4968944.148,63515106.93,0,0,0,0,0,0,0,0,0,0,,0,,0,0,0,0,0,0,0,0,0,0,0,0,0,0
15388126.94,4968944.148,15391126.94,4968944.148,15391126.94,4965944.148,15388126.94,4965944.148,63515106.93,0,0,0,0,0,0,0,0,0,0,,0,,0,0,0,0,0,0,0,0,0,0,0,0,0,0
15388126.94,4965944.148,15391126.94,4965944.148,15391126.94,4962944.148,15388126.94,4962944.148,63515106.93,0,0,0,0,0,0,0,0,0,0,,0,,0,0,0,0,0,0,0,0,0,0,0,0,0,0
15388126.94,4962944.148,15391126.94,4962944.148,15391126.94,4959944.148,15388126.94,4959944.148,63515106.93,0,0,0,0,0,0,0,0,0,0,,0,,0,0,0,0,0,0,0,0,0,0,0,0,0,0
15388126.94,4959944.148,15391126.94,4959944.148,15391126.94,4956944.148,15388126.94,4956944.148,63515106.93,0,0,0,0,0,0,0,0,0,0,,0,,0,0,0,0,0,0,0,0,0,0,0,0,0,0
15388126.94,4956944.148,15391126.94,4956944.148,15391126.94,4953944.148,15388126.94,4953944.148,63515106.93,0,0,0,0,0,0,0,0,0,0,,0,,0,0,0,0,0,0,0,0,0,0,0,0,0,0
15388126.94,4953944.148,15391126.94,4953944.148,15391126.94,4950944.148,15388126.94,4950944.148,63515106.93,0,0,0,0,0,0,0,0,0,0,,0,,0,0,0,0,0,0,0,0,0,0,0,0,0,0
15388126.94,4950944.148,15391126.94,4950944.148,15391126.94,4947944.148,15388126.94,4947944.148,63515106.93,0,0,0,0,0,0,0,0,0,0,,0,,0,0,0,0,0,0,0,0,0,0,0,0,0,0
15388126.94,4947944.148,15391126.94,4947944.148,15391126.94,4944944.148,15388126.94,4944944.148,63515106.93,0,0,0,0,0,0,0,0,0,0,,0,,0,0,0,0,0,0,0,0,0,0,0,0,0,0
15388126.94,4944944.148,15391126.94,4944944.148,15391126.94,4941944.148,15388126.94,4941944.148,63515106.93,0,0,0,0,0,0,0,0,0,0,,0,,0,0,0,0,0,0,0,0,0,0,0,0,0,0
15391126.94,5088944.148,15394126.94,5088944.148,15394126.94,5085944.148,15391126.94,5085944.148,63515106.93,0,0,0,0,0,0,0,0,0,0,,0,,0,0,0,0,0,0,0,0,0,0,0,0,0,0
15391126.94,5085944.148,15394126.94,5085944.148,15394126.94,5082944.148,15391126.94,5082944.148,63515106.93,0,0,0,0,0,0,0,0,0,0,,0,,0,0,0,0,0,0,0,0,0,0,0,0,0,0
15391126.94,5082944.148,15394126.94,5082944.148,15394126.94,5079944.148,15391126.94,5079944.148,63515106.93,0,0,0,0,0,0,0,0,0,0,,0,,0,0,0,0,0,0,0,0,0,0,0,0,0,0
15391126.94,5079944.148,15394126.94,5079944.148,15394126.94,5076944.148,15391126.94,5076944.148,63515106.93,0,0,0,0,0,0,0,0,0,0,,0,,0,0,0,0,0,0,0,0,0,0,0,0,0,0
15391126.94,5076944.148,15394126.94,5076944.148,15394126.94,5073944.148,15391126.94,5073944.148,63515106.93,0,0,0,0,0,0,0,0,0,0,,0,,0,0,0,0,0,0,0,0,0,0,0,0,0,0
15391126.94,5073944.148,15394126.94,5073944.148,15394126.94,5070944.148,15391126.94,5070944.148,63515106.93,0,0,0,0,0,0,0,0,0,0,,0,,0,0,0,0,0,0,0,0,0,0,0,0,0,0
15391126.94,5070944.148,15394126.94,5070944.148,15394126.94,5067944.148,15391126.94,5067944.148,63515106.93,0,0,0,0,0,0,0,0,0,0,,0,,0,0,0,0,0,0,0,0,0,0,0,0,0,0
15391126.94,5067944.148,15394126.94,5067944.148,15394126.94,5064944.148,15391126.94,5064944.148,63515106.93,0,0,0,0,0,0,0,0,0,0,,0,,0,0,0,0,0,0,0,0,0,0,0,0,0,0
15391126.94,5064944.148,15394126.94,5064944.148,15394126.94,5061944.148,15391126.94,5061944.148,63515106.93,0,0,0,0,0,0,0,0,0,0,,0,,0,0,0,0,0,0,0,0,0,0,0,0,0,0
15391126.94,5061944.148,15394126.94,5061944.148,15394126.94,5058944.148,15391126.94,5058944.148,63515106.93,0,0,0,0,0,0,0,0,0,0,,0,,0,0,0,0,0,0,0,0,0,0,0,0,0,0
15391126.94,5058944.148,15394126.94,5058944.148,15394126.94,5055944.148,15391126.94,5055944.148,63515106.93,0,0,0,0,0,0,0,0,0,0,,0,,0,0,0,0,0,0,0,0,0,0,0,0,0,0
15391126.94,5055944.148,15394126.94,5055944.148,15394126.94,5052944.148,15391126.94,5052944.148,63515106.93,0,0,0,0,0,0,0,0,0,0,,0,,0,0,0,0,0,0,0,0,0,0,0,0,0,0
15391126.94,5052944.148,15394126.94,5052944.148,15394126.94,5049944.148,15391126.94,5049944.148,63515106.93,0,0,0,0,0,0,0,0,0,0,,0,,0,0,0,0,0,0,0,0,0,0,0,0,0,0
15391126.94,5049944.148,15394126.94,5049944.148,15394126.94,5046944.148,15391126.94,5046944.148,63515106.93,0,0,0,0,0,0,0,0,0,0,,0,,0,0,0,0,0,0,0,0,0,0,0,0,0,0
15391126.94,5046944.148,15394126.94,5046944.148,15394126.94,5043944.148,15391126.94,5043944.148,63515106.93,0,0,0,0,0,0,0,0,0,0,,0,,0,0,0,0,0,0,0,0,0,0,0,0,0,0
15391126.94,5043944.148,15394126.94,5043944.148,15394126.94,5040944.148,15391126.94,5040944.148,63515106.93,0,0,0,0,0,0,0,0,0,0,,0,,0,0,0,0,0,0,0,0,0,0,0,0,0,0
15391126.94,5040944.148,15394126.94,5040944.148,15394126.94,5037944.148,15391126.94,5037944.148,63515106.93,0,0,0,0,0,0,0,0,0,0,,0,,0,0,0,0,0,0,0,0,0,0,0,0,0,0
15391126.94,5037944.148,15394126.94,5037944.148,15394126.94,5034944.148,15391126.94,5034944.148,63515106.93,0,0,0,0,0,0,0,0,0,0,,0,,0,0,0,0,0,0,0,0,0,0,0,0,0,0
15391126.94,5034944.148,15394126.94,5034944.148,15394126.94,5031944.148,15391126.94,5031944.148,63515106.93,0,0,0,0,0,0,0,0,0,0,,0,,0,0,0,0,0,0,0,0,0,0,0,0,0,0
15391126.94,5031944.148,15394126.94,5031944.148,15394126.94,5028944.148,15391126.94,5028944.148,63515106.93,0,0,0,0,0,0,0,0,0,0,,0,,0,0,0,0,0,0,0,0,0,0,0,0,0,0
15391126.94,5028944.148,15394126.94,5028944.148,15394126.94,5025944.148,15391126.94,5025944.148,63515106.93,0,0,0,0,0,0,0,0,0,0,,0,,0,0,0,0,0,0,0,0,0,0,0,0,0,0
15391126.94,5025944.148,15394126.94,5025944.148,15394126.94,5022944.148,15391126.94,5022944.148,63515106.93,0,0,0,0,0,0,0,0,0,0,,0,,0,0,0,0,0,0,0,0,0,0,0,0,0,0
15391126.94,5022944.148,15394126.94,5022944.148,15394126.94,5019944.148,15391126.94,5019944.148,63515106.93,0,0,0,0,0,0,0,0,0,0,,0,,0,0,0,0,0,0,0,0,0,0,0,0,0,0
15391126.94,5019944.148,15394126.94,5019944.148,15394126.94,5016944.148,15391126.94,5016944.148,63515106.93,0,0,0,0,0,0,0,0,0,0,,0,,0,0,0,0,0,0,0,0,0,0,0,0,0,0
15391126.94,5016944.148,15394126.94,5016944.148,15394126.94,5013944.148,15391126.94,5013944.148,63515106.93,0,0,0,0,0,0,0,0,0,0,,0,,0,0,0,0,0,0,0,0,0,0,0,0,0,0
15391126.94,5013944.148,15394126.94,5013944.148,15394126.94,5010944.148,15391126.94,5010944.148,63515106.93,0,0,0,0,0,0,0,0,0,0,,0,,0,0,0,0,0,0,0,0,0,0,0,0,0,0
15391126.94,5010944.148,15394126.94,5010944.148,15394126.94,5007944.148,15391126.94,5007944.148,63515106.93,0,0,0,0,0,0,0,0,0,0,,0,,0,0,0,0,0,0,0,0,0,0,0,0,0,0
15391126.94,5007944.148,15394126.94,5007944.148,15394126.94,5004944.148,15391126.94,5004944.148,63515106.93,0,0,0,0,0,0,0,0,0,0,,0,,0,0,0,0,0,0,0,0,0,0,0,0,0,0
15391126.94,5004944.148,15394126.94,5004944.148,15394126.94,5001944.148,15391126.94,5001944.148,63515106.93,0,0,0,0,0,0,0,0,0,0,,0,,0,0,0,0,0,0,0,0,0,0,0,0,0,0
15391126.94,5001944.148,15394126.94,5001944.148,15394126.94,4998944.148,15391126.94,4998944.148,63515106.93,0,0,0,0,0,0,0,0,0,0,,0,,0,0,0,0,0,0,0,0,0,0,0,0,0,0
15391126.94,4998944.148,15394126.94,4998944.148,15394126.94,4995944.148,15391126.94,4995944.148,63515106.93,0,0,0,0,0,0,0,0,0,0,,0,,0,0,0,0,0,0,0,0,0,0,0,0,0,0
15391126.94,4995944.148,15394126.94,4995944.148,15394126.94,4992944.148,15391126.94,4992944.148,63515106.93,0,0,0,0,0,0,0,0,0,0,,0,,0,0,0,0,0,0,0,0,0,0,0,0,0,0
15391126.94,4992944.148,15394126.94,4992944.148,15394126.94,4989944.148,15391126.94,4989944.148,63515106.93,0,0,0,0,0,0,0,0,0,0,,0,,0,0,0,0,0,0,0,0,0,0,0,0,0,0
15391126.94,4989944.148,15394126.94,4989944.148,15394126.94,4986944.148,15391126.94,4986944.148,63515106.93,0,0,0,0,0,0,0,0,0,0,,0,,0,0,0,0,0,0,0,0,0,0,0,0,0,0
15391126.94,4986944.148,15394126.94,4986944.148,15394126.94,4983944.148,15391126.94,4983944.148,63515106.93,0,0,0,0,0,0,0,0,0,0,,0,,0,0,0,0,0,0,0,0,0,0,0,0,0,0
15391126.94,4983944.148,15394126.94,4983944.148,15394126.94,4980944.148,15391126.94,4980944.148,63515106.93,0,0,0,0,0,0,0,0,0,0,,0,,0,0,0,0,0,0,0,0,0,0,0,0,0,0
15391126.94,4980944.148,15394126.94,4980944.148,15394126.94,4977944.148,15391126.94,4977944.148,63515106.93,0,0,0,0,0,0,0,0,0,0,,0,,0,0,0,0,0,0,0,0,0,0,0,0,0,0
15391126.94,4977944.148,15394126.94,4977944.148,15394126.94,4974944.148,15391126.94,4974944.148,63515106.93,0,0,0,0,0,0,0,0,0,0,,0,,0,0,0,0,0,0,0,0,0,0,0,0,0,0
15391126.94,4974944.148,15394126.94,4974944.148,15394126.94,4971944.148,15391126.94,4971944.148,63515106.93,0,0,0,0,0,0,0,0,0,0,,0,,0,0,0,0,0,0,0,0,0,0,0,0,0,0
15391126.94,4971944.148,15394126.94,4971944.148,15394126.94,4968944.148,15391126.94,4968944.148,63515106.93,0,0,0,0,0,0,0,0,0,0,,0,,0,0,0,0,0,0,0,0,0,0,0,0,0,0
15391126.94,4968944.148,15394126.94,4968944.148,15394126.94,4965944.148,15391126.94,4965944.148,63515106.93,0,0,0,0,0,0,0,0,0,0,,0,,0,0,0,0,0,0,0,0,0,0,0,0,0,0
15391126.94,4965944.148,15394126.94,4965944.148,15394126.94,4962944.148,15391126.94,4962944.148,63515106.93,0,0,0,0,0,0,0,0,0,0,,0,,0,0,0,0,0,0,0,0,0,0,0,0,0,0
15391126.94,4962944.148,15394126.94,4962944.148,15394126.94,4959944.148,15391126.94,4959944.148,63515106.93,0,0,0,0,0,0,0,0,0,0,,0,,0,0,0,0,0,0,0,0,0,0,0,0,0,0
15391126.94,4959944.148,15394126.94,4959944.148,15394126.94,4956944.148,15391126.94,4956944.148,63515106.93,0,0,0,0,0,0,0,0,0,0,,0,,0,0,0,0,0,0,0,0,0,0,0,0,0,0
15391126.94,4956944.148,15394126.94,4956944.148,15394126.94,4953944.148,15391126.94,4953944.148,63515106.93,0,0,0,0,0,0,0,0,0,0,,0,,0,0,0,0,0,0,0,0,0,0,0,0,0,0
15391126.94,4953944.148,15394126.94,4953944.148,15394126.94,4950944.148,15391126.94,4950944.148,63515106.93,0,0,0,0,0,0,0,0,0,0,,0,,0,0,0,0,0,0,0,0,0,0,0,0,0,0
15391126.94,4950944.148,15394126.94,4950944.148,15394126.94,4947944.148,15391126.94,4947944.148,63515106.93,0,0,0,0,0,0,0,0,0,0,,0,,0,0,0,0,0,0,0,0,0,0,0,0,0,0
15391126.94,4947944.148,15394126.94,4947944.148,15394126.94,4944944.148,15391126.94,4944944.148,63515106.93,0,0,0,0,0,0,0,0,0,0,,0,,0,0,0,0,0,0,0,0,0,0,0,0,0,0
15391126.94,4944944.148,15394126.94,4944944.148,15394126.94,4941944.148,15391126.94,4941944.148,63515106.93,0,0,0,0,0,0,0,0,0,0,,0,,0,0,0,0,0,0,0,0,0,0,0,0,0,0
15394126.94,5088944.148,15397126.94,5088944.148,15397126.94,5085944.148,15394126.94,5085944.148,63515106.93,0,0,0,0,0,0,0,0,0,0,,0,,0,0,0,0,0,0,0,0,0,0,0,0,0,0
15394126.94,5085944.148,15397126.94,5085944.148,15397126.94,5082944.148,15394126.94,5082944.148,63515106.93,0,0,0,0,0,0,0,0,0,0,,0,,0,0,0,0,0,0,0,0,0,0,0,0,0,0
15394126.94,5082944.148,15397126.94,5082944.148,15397126.94,5079944.148,15394126.94,5079944.148,63515106.93,0,0,0,0,0,0,0,0,0,0,,0,,0,0,0,0,0,0,0,0,0,0,0,0,0,0
15394126.94,5079944.148,15397126.94,5079944.148,15397126.94,5076944.148,15394126.94,5076944.148,63515106.93,0,0,0,0,0,0,0,0,0,0,,0,,0,0,0,0,0,0,0,0,0,0,0,0,0,0
15394126.94,5076944.148,15397126.94,5076944.148,15397126.94,5073944.148,15394126.94,5073944.148,63515106.93,0,0,0,0,0,0,0,0,0,0,,0,,0,0,0,0,0,0,0,0,0,0,0,0,0,0
15394126.94,5073944.148,15397126.94,5073944.148,15397126.94,5070944.148,15394126.94,5070944.148,63515106.93,0,0,0,0,0,0,0,0,0,0,,0,,0,0,0,0,0,0,0,0,0,0,0,0,0,0
15394126.94,5070944.148,15397126.94,5070944.148,15397126.94,5067944.148,15394126.94,5067944.148,63515106.93,0,0,0,0,0,0,0,0,0,0,,0,,0,0,0,0,0,0,0,0,0,0,0,0,0,0
15394126.94,5067944.148,15397126.94,5067944.148,15397126.94,5064944.148,15394126.94,5064944.148,63515106.93,0,0,0,0,0,0,0,0,0,0,,0,,0,0,0,0,0,0,0,0,0,0,0,0,0,0
15394126.94,5064944.148,15397126.94,5064944.148,15397126.94,5061944.148,15394126.94,5061944.148,63515106.93,0,0,0,0,0,0,0,0,0,0,,0,,0,0,0,0,0,0,0,0,0,0,0,0,0,0
15394126.94,5061944.148,15397126.94,5061944.148,15397126.94,5058944.148,15394126.94,5058944.148,63515106.93,0,0,0,0,0,0,0,0,0,0,,0,,0,0,0,0,0,0,0,0,0,0,0,0,0,0
15394126.94,5058944.148,15397126.94,5058944.148,15397126.94,5055944.148,15394126.94,5055944.148,63515106.93,0,0,0,0,0,0,0,0,0,0,,0,,0,0,0,0,0,0,0,0,0,0,0,0,0,0
15394126.94,5055944.148,15397126.94,5055944.148,15397126.94,5052944.148,15394126.94,5052944.148,63515106.93,0,0,0,0,0,0,0,0,0,0,,0,,0,0,0,0,0,0,0,0,0,0,0,0,0,0
15394126.94,5052944.148,15397126.94,5052944.148,15397126.94,5049944.148,15394126.94,5049944.148,63515106.93,0,0,0,0,0,0,0,0,0,0,,0,,0,0,0,0,0,0,0,0,0,0,0,0,0,0
15394126.94,5049944.148,15397126.94,5049944.148,15397126.94,5046944.148,15394126.94,5046944.148,63515106.93,0,0,0,0,0,0,0,0,0,0,,0,,0,0,0,0,0,0,0,0,0,0,0,0,0,0
15394126.94,5046944.148,15397126.94,5046944.148,15397126.94,5043944.148,15394126.94,5043944.148,63515106.93,0,0,0,0,0,0,0,0,0,0,,0,,0,0,0,0,0,0,0,0,0,0,0,0,0,0
15394126.94,5043944.148,15397126.94,5043944.148,15397126.94,5040944.148,15394126.94,5040944.148,63515106.93,0,0,0,0,0,0,0,0,0,0,,0,,0,0,0,0,0,0,0,0,0,0,0,0,0,0
15394126.94,5040944.148,15397126.94,5040944.148,15397126.94,5037944.148,15394126.94,5037944.148,63515106.93,0,0,0,0,0,0,0,0,0,0,,0,,0,0,0,0,0,0,0,0,0,0,0,0,0,0
15394126.94,5037944.148,15397126.94,5037944.148,15397126.94,5034944.148,15394126.94,5034944.148,63515106.93,0,0,0,0,0,0,0,0,0,0,,0,,0,0,0,0,0,0,0,0,0,0,0,0,0,0
15394126.94,5034944.148,15397126.94,5034944.148,15397126.94,5031944.148,15394126.94,5031944.148,63515106.93,0,0,0,0,0,0,0,0,0,0,,0,,0,0,0,0,0,0,0,0,0,0,0,0,0,0
15394126.94,5031944.148,15397126.94,5031944.148,15397126.94,5028944.148,15394126.94,5028944.148,63515106.93,0,0,0,0,0,0,0,0,0,0,,0,,0,0,0,0,0,0,0,0,0,0,0,0,0,0
15394126.94,5028944.148,15397126.94,5028944.148,15397126.94,5025944.148,15394126.94,5025944.148,63515106.93,7.87E-09,7.87E-09,3491.400468,1745.700234,1745.700234,0,0,0,0.095960456,0.047980228,,2.75E-05,,2.75E-05,0.5,1,0.5,1,1745.700234,1745.700234,1745.700234,0,0,1,0,7.87E-09,31757553.47
15394126.94,5025944.148,15397126.94,5025944.148,15397126.94,5022944.148,15394126.94,5022944.148,63515106.93,7.87E-09,7.87E-09,3289.397966,1644.698983,1644.698983,0,0,0,0.085177681,0.04258884,,2.59E-05,,2.59E-05,0.5,1,0.5,1,1644.698983,1644.698983,1644.698983,0,0,1,0,7.87E-09,31757553.47
15394126.94,5022944.148,15397126.94,5022944.148,15397126.94,5019944.148,15394126.94,5019944.148,63515106.93,0,0,0,0,0,0,0,0,0,0,,0,,0,0,0,0,0,0,0,0,0,0,0,0,0,0
15394126.94,5019944.148,15397126.94,5019944.148,15397126.94,5016944.148,15394126.94,5016944.148,63515106.93,0,0,0,0,0,0,0,0,0,0,,0,,0,0,0,0,0,0,0,0,0,0,0,0,0,0
15394126.94,5016944.148,15397126.94,5016944.148,15397126.94,5013944.148,15394126.94,5013944.148,63515106.93,0,0,0,0,0,0,0,0,0,0,,0,,0,0,0,0,0,0,0,0,0,0,0,0,0,0
15394126.94,5013944.148,15397126.94,5013944.148,15397126.94,5010944.148,15394126.94,5010944.148,63515106.93,0,0,0,0,0,0,0,0,0,0,,0,,0,0,0,0,0,0,0,0,0,0,0,0,0,0
15394126.94,5010944.148,15397126.94,5010944.148,15397126.94,5007944.148,15394126.94,5007944.148,63515106.93,0,0,0,0,0,0,0,0,0,0,,0,,0,0,0,0,0,0,0,0,0,0,0,0,0,0
15394126.94,5007944.148,15397126.94,5007944.148,15397126.94,5004944.148,15394126.94,5004944.148,63515106.93,0,0,0,0,0,0,0,0,0,0,,0,,0,0,0,0,0,0,0,0,0,0,0,0,0,0
15394126.94,5004944.148,15397126.94,5004944.148,15397126.94,5001944.148,15394126.94,5001944.148,63515106.93,0,0,0,0,0,0,0,0,0,0,,0,,0,0,0,0,0,0,0,0,0,0,0,0,0,0
15394126.94,5001944.148,15397126.94,5001944.148,15397126.94,4998944.148,15394126.94,4998944.148,63515106.93,0,0,0,0,0,0,0,0,0,0,,0,,0,0,0,0,0,0,0,0,0,0,0,0,0,0
15394126.94,4998944.148,15397126.94,4998944.148,15397126.94,4995944.148,15394126.94,4995944.148,63515106.93,0,0,0,0,0,0,0,0,0,0,,0,,0,0,0,0,0,0,0,0,0,0,0,0,0,0
15394126.94,4995944.148,15397126.94,4995944.148,15397126.94,4992944.148,15394126.94,4992944.148,63515106.93,0,0,0,0,0,0,0,0,0,0,,0,,0,0,0,0,0,0,0,0,0,0,0,0,0,0
15394126.94,4992944.148,15397126.94,4992944.148,15397126.94,4989944.148,15394126.94,4989944.148,63515106.93,0,0,0,0,0,0,0,0,0,0,,0,,0,0,0,0,0,0,0,0,0,0,0,0,0,0
15394126.94,4989944.148,15397126.94,4989944.148,15397126.94,4986944.148,15394126.94,4986944.148,63515106.93,0,0,0,0,0,0,0,0,0,0,,0,,0,0,0,0,0,0,0,0,0,0,0,0,0,0
15394126.94,4986944.148,15397126.94,4986944.148,15397126.94,4983944.148,15394126.94,4983944.148,63515106.93,0,0,0,0,0,0,0,0,0,0,,0,,0,0,0,0,0,0,0,0,0,0,0,0,0,0
15394126.94,4983944.148,15397126.94,4983944.148,15397126.94,4980944.148,15394126.94,4980944.148,63515106.93,0,0,0,0,0,0,0,0,0,0,,0,,0,0,0,0,0,0,0,0,0,0,0,0,0,0
15394126.94,4980944.148,15397126.94,4980944.148,15397126.94,4977944.148,15394126.94,4977944.148,63515106.93,0,0,0,0,0,0,0,0,0,0,,0,,0,0,0,0,0,0,0,0,0,0,0,0,0,0
15394126.94,4977944.148,15397126.94,4977944.148,15397126.94,4974944.148,15394126.94,4974944.148,63515106.93,0,0,0,0,0,0,0,0,0,0,,0,,0,0,0,0,0,0,0,0,0,0,0,0,0,0
15394126.94,4974944.148,15397126.94,4974944.148,15397126.94,4971944.148,15394126.94,4971944.148,63515106.93,0,0,0,0,0,0,0,0,0,0,,0,,0,0,0,0,0,0,0,0,0,0,0,0,0,0
15394126.94,4971944.148,15397126.94,4971944.148,15397126.94,4968944.148,15394126.94,4968944.148,63515106.93,0,0,0,0,0,0,0,0,0,0,,0,,0,0,0,0,0,0,0,0,0,0,0,0,0,0
15394126.94,4968944.148,15397126.94,4968944.148,15397126.94,4965944.148,15394126.94,4965944.148,63515106.93,0,0,0,0,0,0,0,0,0,0,,0,,0,0,0,0,0,0,0,0,0,0,0,0,0,0
15394126.94,4965944.148,15397126.94,4965944.148,15397126.94,4962944.148,15394126.94,4962944.148,63515106.93,0,0,0,0,0,0,0,0,0,0,,0,,0,0,0,0,0,0,0,0,0,0,0,0,0,0
15394126.94,4962944.148,15397126.94,4962944.148,15397126.94,4959944.148,15394126.94,4959944.148,63515106.93,0,0,0,0,0,0,0,0,0,0,,0,,0,0,0,0,0,0,0,0,0,0,0,0,0,0
15394126.94,4959944.148,15397126.94,4959944.148,15397126.94,4956944.148,15394126.94,4956944.148,63515106.93,0,0,0,0,0,0,0,0,0,0,,0,,0,0,0,0,0,0,0,0,0,0,0,0,0,0
15394126.94,4956944.148,15397126.94,4956944.148,15397126.94,4953944.148,15394126.94,4953944.148,63515106.93,0,0,0,0,0,0,0,0,0,0,,0,,0,0,0,0,0,0,0,0,0,0,0,0,0,0
15394126.94,4953944.148,15397126.94,4953944.148,15397126.94,4950944.148,15394126.94,4950944.148,63515106.93,0,0,0,0,0,0,0,0,0,0,,0,,0,0,0,0,0,0,0,0,0,0,0,0,0,0
15394126.94,4950944.148,15397126.94,4950944.148,15397126.94,4947944.148,15394126.94,4947944.148,63515106.93,0,0,0,0,0,0,0,0,0,0,,0,,0,0,0,0,0,0,0,0,0,0,0,0,0,0
15394126.94,4947944.148,15397126.94,4947944.148,15397126.94,4944944.148,15394126.94,4944944.148,63515106.93,0,0,0,0,0,0,0,0,0,0,,0,,0,0,0,0,0,0,0,0,0,0,0,0,0,0
15394126.94,4944944.148,15397126.94,4944944.148,15397126.94,4941944.148,15394126.94,4941944.148,63515106.93,0,0,0,0,0,0,0,0,0,0,,0,,0,0,0,0,0,0,0,0,0,0,0,0,0,0
15397126.94,5088944.148,15400126.94,5088944.148,15400126.94,5085944.148,15397126.94,5085944.148,63515106.93,0,0,0,0,0,0,0,0,0,0,,0,,0,0,0,0,0,0,0,0,0,0,0,0,0,0
15397126.94,5085944.148,15400126.94,5085944.148,15400126.94,5082944.148,15397126.94,5082944.148,63515106.93,0,0,0,0,0,0,0,0,0,0,,0,,0,0,0,0,0,0,0,0,0,0,0,0,0,0
15397126.94,5082944.148,15400126.94,5082944.148,15400126.94,5079944.148,15397126.94,5079944.148,63515106.93,0,0,0,0,0,0,0,0,0,0,,0,,0,0,0,0,0,0,0,0,0,0,0,0,0,0
15397126.94,5079944.148,15400126.94,5079944.148,15400126.94,5076944.148,15397126.94,5076944.148,63515106.93,0,0,0,0,0,0,0,0,0,0,,0,,0,0,0,0,0,0,0,0,0,0,0,0,0,0
15397126.94,5076944.148,15400126.94,5076944.148,15400126.94,5073944.148,15397126.94,5073944.148,63515106.93,0,0,0,0,0,0,0,0,0,0,,0,,0,0,0,0,0,0,0,0,0,0,0,0,0,0
15397126.94,5073944.148,15400126.94,5073944.148,15400126.94,5070944.148,15397126.94,5070944.148,63515106.93,0,0,0,0,0,0,0,0,0,0,,0,,0,0,0,0,0,0,0,0,0,0,0,0,0,0
15397126.94,5070944.148,15400126.94,5070944.148,15400126.94,5067944.148,15397126.94,5067944.148,63515106.93,0,0,0,0,0,0,0,0,0,0,,0,,0,0,0,0,0,0,0,0,0,0,0,0,0,0
15397126.94,5067944.148,15400126.94,5067944.148,15400126.94,5064944.148,15397126.94,5064944.148,63515106.93,0,0,0,0,0,0,0,0,0,0,,0,,0,0,0,0,0,0,0,0,0,0,0,0,0,0
15397126.94,5064944.148,15400126.94,5064944.148,15400126.94,5061944.148,15397126.94,5061944.148,63515106.93,0,0,0,0,0,0,0,0,0,0,,0,,0,0,0,0,0,0,0,0,0,0,0,0,0,0
15397126.94,5061944.148,15400126.94,5061944.148,15400126.94,5058944.148,15397126.94,5058944.148,63515106.93,0,0,0,0,0,0,0,0,0,0,,0,,0,0,0,0,0,0,0,0,0,0,0,0,0,0
15397126.94,5058944.148,15400126.94,5058944.148,15400126.94,5055944.148,15397126.94,5055944.148,63515106.93,0,0,0,0,0,0,0,0,0,0,,0,,0,0,0,0,0,0,0,0,0,0,0,0,0,0
15397126.94,5055944.148,15400126.94,5055944.148,15400126.94,5052944.148,15397126.94,5052944.148,63515106.93,0,0,0,0,0,0,0,0,0,0,,0,,0,0,0,0,0,0,0,0,0,0,0,0,0,0
15397126.94,5052944.148,15400126.94,5052944.148,15400126.94,5049944.148,15397126.94,5049944.148,63515106.93,0,0,0,0,0,0,0,0,0,0,,0,,0,0,0,0,0,0,0,0,0,0,0,0,0,0
15397126.94,5049944.148,15400126.94,5049944.148,15400126.94,5046944.148,15397126.94,5046944.148,63515106.93,0,0,0,0,0,0,0,0,0,0,,0,,0,0,0,0,0,0,0,0,0,0,0,0,0,0
15397126.94,5046944.148,15400126.94,5046944.148,15400126.94,5043944.148,15397126.94,5043944.148,63515106.93,0,0,0,0,0,0,0,0,0,0,,0,,0,0,0,0,0,0,0,0,0,0,0,0,0,0
15397126.94,5043944.148,15400126.94,5043944.148,15400126.94,5040944.148,15397126.94,5040944.148,63515106.93,0,0,0,0,0,0,0,0,0,0,,0,,0,0,0,0,0,0,0,0,0,0,0,0,0,0
15397126.94,5040944.148,15400126.94,5040944.148,15400126.94,5037944.148,15397126.94,5037944.148,63515106.93,0,0,0,0,0,0,0,0,0,0,,0,,0,0,0,0,0,0,0,0,0,0,0,0,0,0
15397126.94,5037944.148,15400126.94,5037944.148,15400126.94,5034944.148,15397126.94,5034944.148,63515106.93,0,0,0,0,0,0,0,0,0,0,,0,,0,0,0,0,0,0,0,0,0,0,0,0,0,0
15397126.94,5034944.148,15400126.94,5034944.148,15400126.94,5031944.148,15397126.94,5031944.148,63515106.93,0,0,0,0,0,0,0,0,0,0,,0,,0,0,0,0,0,0,0,0,0,0,0,0,0,0
15397126.94,5031944.148,15400126.94,5031944.148,15400126.94,5028944.148,15397126.94,5028944.148,63515106.93,7.87E-09,7.87E-09,3225.037631,1612.518815,1612.518815,0,0,0,0.081877117,0.040938559,,2.54E-05,,2.54E-05,0.5,1,0.5,1,1612.518815,1612.518815,1612.518815,0,0,1,0,7.87E-09,31757553.47
15397126.94,5028944.148,15400126.94,5028944.148,15400126.94,5025944.148,15397126.94,5025944.148,63515106.93,7.87E-09,7.87E-09,9141.248649,4570.624324,4570.624324,0,0,0,0.657815368,0.328907684,,7.20E-05,,7.20E-05,0.5,1,0.5,1,4570.624324,4570.624324,4570.624324,0,0,1,0,7.87E-09,31757553.47
15397126.94,5025944.148,15400126.94,5025944.148,15400126.94,5022944.148,15397126.94,5022944.148,63515106.93,7.87E-09,7.87E-09,9844.575728,4922.287864,4922.287864,0,0,0,0.762934016,0.381467008,,7.75E-05,,7.75E-05,0.5,1,0.5,1,4922.287864,4922.287864,4922.287864,0,0,1,0,7.87E-09,31757553.47
15397126.94,5022944.148,15400126.94,5022944.148,15400126.94,5019944.148,15397126.94,5019944.148,63515106.93,0,0,0,0,0,0,0,0,0,0,,0,,0,0,0,0,0,0,0,0,0,0,0,0,0,0
15397126.94,5019944.148,15400126.94,5019944.148,15400126.94,5016944.148,15397126.94,5016944.148,63515106.93,0,0,0,0,0,0,0,0,0,0,,0,,0,0,0,0,0,0,0,0,0,0,0,0,0,0
15397126.94,5016944.148,15400126.94,5016944.148,15400126.94,5013944.148,15397126.94,5013944.148,63515106.93,0,0,0,0,0,0,0,0,0,0,,0,,0,0,0,0,0,0,0,0,0,0,0,0,0,0
15397126.94,5013944.148,15400126.94,5013944.148,15400126.94,5010944.148,15397126.94,5010944.148,63515106.93,0,0,0,0,0,0,0,0,0,0,,0,,0,0,0,0,0,0,0,0,0,0,0,0,0,0
15397126.94,5010944.148,15400126.94,5010944.148,15400126.94,5007944.148,15397126.94,5007944.148,63515106.93,0,0,0,0,0,0,0,0,0,0,,0,,0,0,0,0,0,0,0,0,0,0,0,0,0,0
15397126.94,5007944.148,15400126.94,5007944.148,15400126.94,5004944.148,15397126.94,5004944.148,63515106.93,0,0,0,0,0,0,0,0,0,0,,0,,0,0,0,0,0,0,0,0,0,0,0,0,0,0
15397126.94,5004944.148,15400126.94,5004944.148,15400126.94,5001944.148,15397126.94,5001944.148,63515106.93,0,0,0,0,0,0,0,0,0,0,,0,,0,0,0,0,0,0,0,0,0,0,0,0,0,0
15397126.94,5001944.148,15400126.94,5001944.148,15400126.94,4998944.148,15397126.94,4998944.148,63515106.93,0,0,0,0,0,0,0,0,0,0,,0,,0,0,0,0,0,0,0,0,0,0,0,0,0,0
15397126.94,4998944.148,15400126.94,4998944.148,15400126.94,4995944.148,15397126.94,4995944.148,63515106.93,0,0,0,0,0,0,0,0,0,0,,0,,0,0,0,0,0,0,0,0,0,0,0,0,0,0
15397126.94,4995944.148,15400126.94,4995944.148,15400126.94,4992944.148,15397126.94,4992944.148,63515106.93,0,0,0,0,0,0,0,0,0,0,,0,,0,0,0,0,0,0,0,0,0,0,0,0,0,0
15397126.94,4992944.148,15400126.94,4992944.148,15400126.94,4989944.148,15397126.94,4989944.148,63515106.93,0,0,0,0,0,0,0,0,0,0,,0,,0,0,0,0,0,0,0,0,0,0,0,0,0,0
15397126.94,4989944.148,15400126.94,4989944.148,15400126.94,4986944.148,15397126.94,4986944.148,63515106.93,0,0,0,0,0,0,0,0,0,0,,0,,0,0,0,0,0,0,0,0,0,0,0,0,0,0
15397126.94,4986944.148,15400126.94,4986944.148,15400126.94,4983944.148,15397126.94,4983944.148,63515106.93,0,0,0,0,0,0,0,0,0,0,,0,,0,0,0,0,0,0,0,0,0,0,0,0,0,0
15397126.94,4983944.148,15400126.94,4983944.148,15400126.94,4980944.148,15397126.94,4980944.148,63515106.93,0,0,0,0,0,0,0,0,0,0,,0,,0,0,0,0,0,0,0,0,0,0,0,0,0,0
15397126.94,4980944.148,15400126.94,4980944.148,15400126.94,4977944.148,15397126.94,4977944.148,63515106.93,0,0,0,0,0,0,0,0,0,0,,0,,0,0,0,0,0,0,0,0,0,0,0,0,0,0
15397126.94,4977944.148,15400126.94,4977944.148,15400126.94,4974944.148,15397126.94,4974944.148,63515106.93,0,0,0,0,0,0,0,0,0,0,,0,,0,0,0,0,0,0,0,0,0,0,0,0,0,0
15397126.94,4974944.148,15400126.94,4974944.148,15400126.94,4971944.148,15397126.94,4971944.148,63515106.93,0,0,0,0,0,0,0,0,0,0,,0,,0,0,0,0,0,0,0,0,0,0,0,0,0,0
15397126.94,4971944.148,15400126.94,4971944.148,15400126.94,4968944.148,15397126.94,4968944.148,63515106.93,0,0,0,0,0,0,0,0,0,0,,0,,0,0,0,0,0,0,0,0,0,0,0,0,0,0
15397126.94,4968944.148,15400126.94,4968944.148,15400126.94,4965944.148,15397126.94,4965944.148,63515106.93,0,0,0,0,0,0,0,0,0,0,,0,,0,0,0,0,0,0,0,0,0,0,0,0,0,0
15397126.94,4965944.148,15400126.94,4965944.148,15400126.94,4962944.148,15397126.94,4962944.148,63515106.93,0,0,0,0,0,0,0,0,0,0,,0,,0,0,0,0,0,0,0,0,0,0,0,0,0,0
15397126.94,4962944.148,15400126.94,4962944.148,15400126.94,4959944.148,15397126.94,4959944.148,63515106.93,0,0,0,0,0,0,0,0,0,0,,0,,0,0,0,0,0,0,0,0,0,0,0,0,0,0
15397126.94,4959944.148,15400126.94,4959944.148,15400126.94,4956944.148,15397126.94,4956944.148,63515106.93,0,0,0,0,0,0,0,0,0,0,,0,,0,0,0,0,0,0,0,0,0,0,0,0,0,0
15397126.94,4956944.148,15400126.94,4956944.148,15400126.94,4953944.148,15397126.94,4953944.148,63515106.93,0,0,0,0,0,0,0,0,0,0,,0,,0,0,0,0,0,0,0,0,0,0,0,0,0,0
15397126.94,4953944.148,15400126.94,4953944.148,15400126.94,4950944.148,15397126.94,4950944.148,63515106.93,0,0,0,0,0,0,0,0,0,0,,0,,0,0,0,0,0,0,0,0,0,0,0,0,0,0
15397126.94,4950944.148,15400126.94,4950944.148,15400126.94,4947944.148,15397126.94,4947944.148,63515106.93,0,0,0,0,0,0,0,0,0,0,,0,,0,0,0,0,0,0,0,0,0,0,0,0,0,0
15397126.94,4947944.148,15400126.94,4947944.148,15400126.94,4944944.148,15397126.94,4944944.148,63515106.93,0,0,0,0,0,0,0,0,0,0,,0,,0,0,0,0,0,0,0,0,0,0,0,0,0,0
15397126.94,4944944.148,15400126.94,4944944.148,15400126.94,4941944.148,15397126.94,4941944.148,63515106.93,0,0,0,0,0,0,0,0,0,0,,0,,0,0,0,0,0,0,0,0,0,0,0,0,0,0
15400126.94,5088944.148,15403126.94,5088944.148,15403126.94,5085944.148,15400126.94,5085944.148,63515106.93,0,0,0,0,0,0,0,0,0,0,,0,,0,0,0,0,0,0,0,0,0,0,0,0,0,0
15400126.94,5085944.148,15403126.94,5085944.148,15403126.94,5082944.148,15400126.94,5082944.148,63515106.93,0,0,0,0,0,0,0,0,0,0,,0,,0,0,0,0,0,0,0,0,0,0,0,0,0,0
15400126.94,5082944.148,15403126.94,5082944.148,15403126.94,5079944.148,15400126.94,5079944.148,63515106.93,0,0,0,0,0,0,0,0,0,0,,0,,0,0,0,0,0,0,0,0,0,0,0,0,0,0
15400126.94,5079944.148,15403126.94,5079944.148,15403126.94,5076944.148,15400126.94,5076944.148,63515106.93,0,0,0,0,0,0,0,0,0,0,,0,,0,0,0,0,0,0,0,0,0,0,0,0,0,0
15400126.94,5076944.148,15403126.94,5076944.148,15403126.94,5073944.148,15400126.94,5073944.148,63515106.93,0,0,0,0,0,0,0,0,0,0,,0,,0,0,0,0,0,0,0,0,0,0,0,0,0,0
15400126.94,5073944.148,15403126.94,5073944.148,15403126.94,5070944.148,15400126.94,5070944.148,63515106.93,0,0,0,0,0,0,0,0,0,0,,0,,0,0,0,0,0,0,0,0,0,0,0,0,0,0
15400126.94,5070944.148,15403126.94,5070944.148,15403126.94,5067944.148,15400126.94,5067944.148,63515106.93,0,0,0,0,0,0,0,0,0,0,,0,,0,0,0,0,0,0,0,0,0,0,0,0,0,0
15400126.94,5067944.148,15403126.94,5067944.148,15403126.94,5064944.148,15400126.94,5064944.148,63515106.93,0,0,0,0,0,0,0,0,0,0,,0,,0,0,0,0,0,0,0,0,0,0,0,0,0,0
15400126.94,5064944.148,15403126.94,5064944.148,15403126.94,5061944.148,15400126.94,5061944.148,63515106.93,0,0,0,0,0,0,0,0,0,0,,0,,0,0,0,0,0,0,0,0,0,0,0,0,0,0
15400126.94,5061944.148,15403126.94,5061944.148,15403126.94,5058944.148,15400126.94,5058944.148,63515106.93,0,0,0,0,0,0,0,0,0,0,,0,,0,0,0,0,0,0,0,0,0,0,0,0,0,0
15400126.94,5058944.148,15403126.94,5058944.148,15403126.94,5055944.148,15400126.94,5055944.148,63515106.93,0,0,0,0,0,0,0,0,0,0,,0,,0,0,0,0,0,0,0,0,0,0,0,0,0,0
15400126.94,5055944.148,15403126.94,5055944.148,15403126.94,5052944.148,15400126.94,5052944.148,63515106.93,0,0,0,0,0,0,0,0,0,0,,0,,0,0,0,0,0,0,0,0,0,0,0,0,0,0
15400126.94,5052944.148,15403126.94,5052944.148,15403126.94,5049944.148,15400126.94,5049944.148,63515106.93,0,0,0,0,0,0,0,0,0,0,,0,,0,0,0,0,0,0,0,0,0,0,0,0,0,0
15400126.94,5049944.148,15403126.94,5049944.148,15403126.94,5046944.148,15400126.94,5046944.148,63515106.93,0,0,0,0,0,0,0,0,0,0,,0,,0,0,0,0,0,0,0,0,0,0,0,0,0,0
15400126.94,5046944.148,15403126.94,5046944.148,15403126.94,5043944.148,15400126.94,5043944.148,63515106.93,0,0,0,0,0,0,0,0,0,0,,0,,0,0,0,0,0,0,0,0,0,0,0,0,0,0
15400126.94,5043944.148,15403126.94,5043944.148,15403126.94,5040944.148,15400126.94,5040944.148,63515106.93,0,0,0,0,0,0,0,0,0,0,,0,,0,0,0,0,0,0,0,0,0,0,0,0,0,0
15400126.94,5040944.148,15403126.94,5040944.148,15403126.94,5037944.148,15400126.94,5037944.148,63515106.93,0,0,0,0,0,0,0,0,0,0,,0,,0,0,0,0,0,0,0,0,0,0,0,0,0,0
15400126.94,5037944.148,15403126.94,5037944.148,15403126.94,5034944.148,15400126.94,5034944.148,63515106.93,0,0,0,0,0,0,0,0,0,0,,0,,0,0,0,0,0,0,0,0,0,0,0,0,0,0
15400126.94,5034944.148,15403126.94,5034944.148,15403126.94,5031944.148,15400126.94,5031944.148,63515106.93,0,0,0,0,0,0,0,0,0,0,,0,,0,0,0,0,0,0,0,0,0,0,0,0,0,0
15400126.94,5031944.148,15403126.94,5031944.148,15403126.94,5028944.148,15400126.94,5028944.148,63515106.93,0,0,0,0,0,0,0,0,0,0,,0,,0,0,0,0,0,0,0,0,0,0,0,0,0,0
15400126.94,5028944.148,15403126.94,5028944.148,15403126.94,5025944.148,15400126.94,5025944.148,63515106.93,7.87E-09,7.87E-09,14654.85189,7327.425944,7327.425944,0,0,0,1.690658287,0.845329144,,0.000115365,,0.000115365,0.5,1,0.5,1,7327.425944,7327.425944,7327.425944,0,0,1,0,7.87E-09,31757553.47
15400126.94,5025944.148,15403126.94,5025944.148,15403126.94,5022944.148,15400126.94,5022944.148,63515106.93,7.87E-09,7.87E-09,16137.47446,8068.737232,8068.737232,0,0,0,2.050048364,1.025024182,,0.000127037,,0.000127037,0.5,1,0.5,1,8068.737232,8068.737232,8068.737232,0,0,1,0,7.87E-09,31757553.47
15400126.94,5022944.148,15403126.94,5022944.148,15403126.94,5019944.148,15400126.94,5019944.148,63515106.93,0,0,0,3317.845293,3317.845293,0,0,0,0,0.173314632,,5.22E-05,,5.22E-05,0,1,0,1,3317.845293,3317.845293,3317.845293,0,0,0,0,0,0
15400126.94,5019944.148,15403126.94,5019944.148,15403126.94,5016944.148,15400126.94,5016944.148,63515106.93,0,0,0,0,0,0,0,0,0,0,,0,,0,0,0,0,0,0,0,0,0,0,0,0,0,0
15400126.94,5016944.148,15403126.94,5016944.148,15403126.94,5013944.148,15400126.94,5013944.148,63515106.93,0,0,0,0,0,0,0,0,0,0,,0,,0,0,0,0,0,0,0,0,0,0,0,0,0,0
15400126.94,5013944.148,15403126.94,5013944.148,15403126.94,5010944.148,15400126.94,5010944.148,63515106.93,0,0,0,0,0,0,0,0,0,0,,0,,0,0,0,0,0,0,0,0,0,0,0,0,0,0
15400126.94,5010944.148,15403126.94,5010944.148,15403126.94,5007944.148,15400126.94,5007944.148,63515106.93,0,0,0,0,0,0,0,0,0,0,,0,,0,0,0,0,0,0,0,0,0,0,0,0,0,0
15400126.94,5007944.148,15403126.94,5007944.148,15403126.94,5004944.148,15400126.94,5004944.148,63515106.93,0,0,0,0,0,0,0,0,0,0,,0,,0,0,0,0,0,0,0,0,0,0,0,0,0,0
15400126.94,5004944.148,15403126.94,5004944.148,15403126.94,5001944.148,15400126.94,5001944.148,63515106.93,0,0,0,0,0,0,0,0,0,0,,0,,0,0,0,0,0,0,0,0,0,0,0,0,0,0
15400126.94,5001944.148,15403126.94,5001944.148,15403126.94,4998944.148,15400126.94,4998944.148,63515106.93,0,0,0,0,0,0,0,0,0,0,,0,,0,0,0,0,0,0,0,0,0,0,0,0,0,0
15400126.94,4998944.148,15403126.94,4998944.148,15403126.94,4995944.148,15400126.94,4995944.148,63515106.93,0,0,0,0,0,0,0,0,0,0,,0,,0,0,0,0,0,0,0,0,0,0,0,0,0,0
15400126.94,4995944.148,15403126.94,4995944.148,15403126.94,4992944.148,15400126.94,4992944.148,63515106.93,0,0,0,0,0,0,0,0,0,0,,0,,0,0,0,0,0,0,0,0,0,0,0,0,0,0
15400126.94,4992944.148,15403126.94,4992944.148,15403126.94,4989944.148,15400126.94,4989944.148,63515106.93,0,0,0,0,0,0,0,0,0,0,,0,,0,0,0,0,0,0,0,0,0,0,0,0,0,0
15400126.94,4989944.148,15403126.94,4989944.148,15403126.94,4986944.148,15400126.94,4986944.148,63515106.93,0,0,0,0,0,0,0,0,0,0,,0,,0,0,0,0,0,0,0,0,0,0,0,0,0,0
15400126.94,4986944.148,15403126.94,4986944.148,15403126.94,4983944.148,15400126.94,4983944.148,63515106.93,0,0,0,0,0,0,0,0,0,0,,0,,0,0,0,0,0,0,0,0,0,0,0,0,0,0
15400126.94,4983944.148,15403126.94,4983944.148,15403126.94,4980944.148,15400126.94,4980944.148,63515106.93,0,0,0,0,0,0,0,0,0,0,,0,,0,0,0,0,0,0,0,0,0,0,0,0,0,0
15400126.94,4980944.148,15403126.94,4980944.148,15403126.94,4977944.148,15400126.94,4977944.148,63515106.93,0,0,0,0,0,0,0,0,0,0,,0,,0,0,0,0,0,0,0,0,0,0,0,0,0,0
15400126.94,4977944.148,15403126.94,4977944.148,15403126.94,4974944.148,15400126.94,4974944.148,63515106.93,0,0,0,0,0,0,0,0,0,0,,0,,0,0,0,0,0,0,0,0,0,0,0,0,0,0
15400126.94,4974944.148,15403126.94,4974944.148,15403126.94,4971944.148,15400126.94,4971944.148,63515106.93,0,0,0,0,0,0,0,0,0,0,,0,,0,0,0,0,0,0,0,0,0,0,0,0,0,0
15400126.94,4971944.148,15403126.94,4971944.148,15403126.94,4968944.148,15400126.94,4968944.148,63515106.93,0,0,0,0,0,0,0,0,0,0,,0,,0,0,0,0,0,0,0,0,0,0,0,0,0,0
15400126.94,4968944.148,15403126.94,4968944.148,15403126.94,4965944.148,15400126.94,4965944.148,63515106.93,0,0,0,0,0,0,0,0,0,0,,0,,0,0,0,0,0,0,0,0,0,0,0,0,0,0
15400126.94,4965944.148,15403126.94,4965944.148,15403126.94,4962944.148,15400126.94,4962944.148,63515106.93,0,0,0,0,0,0,0,0,0,0,,0,,0,0,0,0,0,0,0,0,0,0,0,0,0,0
15400126.94,4962944.148,15403126.94,4962944.148,15403126.94,4959944.148,15400126.94,4959944.148,63515106.93,0,0,0,0,0,0,0,0,0,0,,0,,0,0,0,0,0,0,0,0,0,0,0,0,0,0
15400126.94,4959944.148,15403126.94,4959944.148,15403126.94,4956944.148,15400126.94,4956944.148,63515106.93,0,0,0,0,0,0,0,0,0,0,,0,,0,0,0,0,0,0,0,0,0,0,0,0,0,0
15400126.94,4956944.148,15403126.94,4956944.148,15403126.94,4953944.148,15400126.94,4953944.148,63515106.93,0,0,0,0,0,0,0,0,0,0,,0,,0,0,0,0,0,0,0,0,0,0,0,0,0,0
15400126.94,4953944.148,15403126.94,4953944.148,15403126.94,4950944.148,15400126.94,4950944.148,63515106.93,0,0,0,0,0,0,0,0,0,0,,0,,0,0,0,0,0,0,0,0,0,0,0,0,0,0
15400126.94,4950944.148,15403126.94,4950944.148,15403126.94,4947944.148,15400126.94,4947944.148,63515106.93,0,0,0,0,0,0,0,0,0,0,,0,,0,0,0,0,0,0,0,0,0,0,0,0,0,0
15400126.94,4947944.148,15403126.94,4947944.148,15403126.94,4944944.148,15400126.94,4944944.148,63515106.93,0,0,0,0,0,0,0,0,0,0,,0,,0,0,0,0,0,0,0,0,0,0,0,0,0,0
15400126.94,4944944.148,15403126.94,4944944.148,15403126.94,4941944.148,15400126.94,4941944.148,63515106.93,0,0,0,0,0,0,0,0,0,0,,0,,0,0,0,0,0,0,0,0,0,0,0,0,0,0
15403126.94,5088944.148,15406126.94,5088944.148,15406126.94,5085944.148,15403126.94,5085944.148,63515106.93,0,0,0,0,0,0,0,0,0,0,,0,,0,0,0,0,0,0,0,0,0,0,0,0,0,0
15403126.94,5085944.148,15406126.94,5085944.148,15406126.94,5082944.148,15403126.94,5082944.148,63515106.93,0,0,0,0,0,0,0,0,0,0,,0,,0,0,0,0,0,0,0,0,0,0,0,0,0,0
15403126.94,5082944.148,15406126.94,5082944.148,15406126.94,5079944.148,15403126.94,5079944.148,63515106.93,0,0,0,0,0,0,0,0,0,0,,0,,0,0,0,0,0,0,0,0,0,0,0,0,0,0
15403126.94,5079944.148,15406126.94,5079944.148,15406126.94,5076944.148,15403126.94,5076944.148,63515106.93,0,0,0,0,0,0,0,0,0,0,,0,,0,0,0,0,0,0,0,0,0,0,0,0,0,0
15403126.94,5076944.148,15406126.94,5076944.148,15406126.94,5073944.148,15403126.94,5073944.148,63515106.93,0,0,0,0,0,0,0,0,0,0,,0,,0,0,0,0,0,0,0,0,0,0,0,0,0,0
15403126.94,5073944.148,15406126.94,5073944.148,15406126.94,5070944.148,15403126.94,5070944.148,63515106.93,0,0,0,0,0,0,0,0,0,0,,0,,0,0,0,0,0,0,0,0,0,0,0,0,0,0
15403126.94,5070944.148,15406126.94,5070944.148,15406126.94,5067944.148,15403126.94,5067944.148,63515106.93,0,0,0,0,0,0,0,0,0,0,,0,,0,0,0,0,0,0,0,0,0,0,0,0,0,0
15403126.94,5067944.148,15406126.94,5067944.148,15406126.94,5064944.148,15403126.94,5064944.148,63515106.93,0,0,0,0,0,0,0,0,0,0,,0,,0,0,0,0,0,0,0,0,0,0,0,0,0,0
15403126.94,5064944.148,15406126.94,5064944.148,15406126.94,5061944.148,15403126.94,5061944.148,63515106.93,0,0,0,0,0,0,0,0,0,0,,0,,0,0,0,0,0,0,0,0,0,0,0,0,0,0
15403126.94,5061944.148,15406126.94,5061944.148,15406126.94,5058944.148,15403126.94,5058944.148,63515106.93,0,0,0,0,0,0,0,0,0,0,,0,,0,0,0,0,0,0,0,0,0,0,0,0,0,0
15403126.94,5058944.148,15406126.94,5058944.148,15406126.94,5055944.148,15403126.94,5055944.148,63515106.93,0,0,0,0,0,0,0,0,0,0,,0,,0,0,0,0,0,0,0,0,0,0,0,0,0,0
15403126.94,5055944.148,15406126.94,5055944.148,15406126.94,5052944.148,15403126.94,5052944.148,63515106.93,0,0,0,0,0,0,0,0,0,0,,0,,0,0,0,0,0,0,0,0,0,0,0,0,0,0
15403126.94,5052944.148,15406126.94,5052944.148,15406126.94,5049944.148,15403126.94,5049944.148,63515106.93,0,0,0,0,0,0,0,0,0,0,,0,,0,0,0,0,0,0,0,0,0,0,0,0,0,0
15403126.94,5049944.148,15406126.94,5049944.148,15406126.94,5046944.148,15403126.94,5046944.148,63515106.93,0,0,0,0,0,0,0,0,0,0,,0,,0,0,0,0,0,0,0,0,0,0,0,0,0,0
15403126.94,5046944.148,15406126.94,5046944.148,15406126.94,5043944.148,15403126.94,5043944.148,63515106.93,0,0,0,0,0,0,0,0,0,0,,0,,0,0,0,0,0,0,0,0,0,0,0,0,0,0
15403126.94,5043944.148,15406126.94,5043944.148,15406126.94,5040944.148,15403126.94,5040944.148,63515106.93,0,0,0,0,0,0,0,0,0,0,,0,,0,0,0,0,0,0,0,0,0,0,0,0,0,0
15403126.94,5040944.148,15406126.94,5040944.148,15406126.94,5037944.148,15403126.94,5037944.148,63515106.93,0,0,0,0,0,0,0,0,0,0,,0,,0,0,0,0,0,0,0,0,0,0,0,0,0,0
15403126.94,5037944.148,15406126.94,5037944.148,15406126.94,5034944.148,15403126.94,5034944.148,63515106.93,0,0,0,0,0,0,0,0,0,0,,0,,0,0,0,0,0,0,0,0,0,0,0,0,0,0
15403126.94,5034944.148,15406126.94,5034944.148,15406126.94,5031944.148,15403126.94,5031944.148,63515106.93,0,0,0,0,0,0,0,0,0,0,,0,,0,0,0,0,0,0,0,0,0,0,0,0,0,0
15403126.94,5031944.148,15406126.94,5031944.148,15406126.94,5028944.148,15403126.94,5028944.148,63515106.93,0,0,0,0,0,0,0,0,0,0,,0,,0,0,0,0,0,0,0,0,0,0,0,0,0,0
15403126.94,5028944.148,15406126.94,5028944.148,15406126.94,5025944.148,15403126.94,5025944.148,63515106.93,7.87E-09,7.87E-09,12183.9134,6091.956699,6091.956699,0,0,0,1.168601872,0.584300936,,9.59E-05,,9.59E-05,0.5,1,0.5,1,6091.956699,6091.956699,6091.956699,0,0,1,0,7.87E-09,31757553.47
15403126.94,5025944.148,15406126.94,5025944.148,15406126.94,5022944.148,15403126.94,5022944.148,63515106.93,7.87E-09,7.87E-09,12145.66724,6072.833618,6072.833618,0,0,0,1.16127674,0.58063837,,9.56E-05,,9.56E-05,0.5,1,0.5,1,6072.833618,6072.833618,6072.833618,0,0,1,0,7.87E-09,31757553.47
15403126.94,5022944.148,15406126.94,5022944.148,15406126.94,5019944.148,15403126.94,5019944.148,63515106.93,7.87E-09,7.87E-09,7510.436335,3755.218167,3755.218167,0,0,0,0.444041242,0.222020621,,5.91E-05,,5.91E-05,0.5,1,0.5,1,3755.218167,3755.218167,3755.218167,0,0,1,0,7.87E-09,31757553.47
15403126.94,5019944.148,15406126.94,5019944.148,15406126.94,5016944.148,15403126.94,5016944.148,63515106.93,0,0,0,0,0,0,0,0,0,0,,0,,0,0,0,0,0,0,0,0,0,0,0,0,0,0
15403126.94,5016944.148,15406126.94,5016944.148,15406126.94,5013944.148,15403126.94,5013944.148,63515106.93,0,0,0,0,0,0,0,0,0,0,,0,,0,0,0,0,0,0,0,0,0,0,0,0,0,0
15403126.94,5013944.148,15406126.94,5013944.148,15406126.94,5010944.148,15403126.94,5010944.148,63515106.93,0,0,0,0,0,0,0,0,0,0,,0,,0,0,0,0,0,0,0,0,0,0,0,0,0,0
15403126.94,5010944.148,15406126.94,5010944.148,15406126.94,5007944.148,15403126.94,5007944.148,63515106.93,0,0,0,0,0,0,0,0,0,0,,0,,0,0,0,0,0,0,0,0,0,0,0,0,0,0
15403126.94,5007944.148,15406126.94,5007944.148,15406126.94,5004944.148,15403126.94,5004944.148,63515106.93,0,0,0,0,0,0,0,0,0,0,,0,,0,0,0,0,0,0,0,0,0,0,0,0,0,0
15403126.94,5004944.148,15406126.94,5004944.148,15406126.94,5001944.148,15403126.94,5001944.148,63515106.93,0,0,0,0,0,0,0,0,0,0,,0,,0,0,0,0,0,0,0,0,0,0,0,0,0,0
15403126.94,5001944.148,15406126.94,5001944.148,15406126.94,4998944.148,15403126.94,4998944.148,63515106.93,0,0,0,0,0,0,0,0,0,0,,0,,0,0,0,0,0,0,0,0,0,0,0,0,0,0
15403126.94,4998944.148,15406126.94,4998944.148,15406126.94,4995944.148,15403126.94,4995944.148,63515106.93,0,0,0,0,0,0,0,0,0,0,,0,,0,0,0,0,0,0,0,0,0,0,0,0,0,0
15403126.94,4995944.148,15406126.94,4995944.148,15406126.94,4992944.148,15403126.94,4992944.148,63515106.93,0,0,0,0,0,0,0,0,0,0,,0,,0,0,0,0,0,0,0,0,0,0,0,0,0,0
15403126.94,4992944.148,15406126.94,4992944.148,15406126.94,4989944.148,15403126.94,4989944.148,63515106.93,0,0,0,0,0,0,0,0,0,0,,0,,0,0,0,0,0,0,0,0,0,0,0,0,0,0
15403126.94,4989944.148,15406126.94,4989944.148,15406126.94,4986944.148,15403126.94,4986944.148,63515106.93,0,0,0,0,0,0,0,0,0,0,,0,,0,0,0,0,0,0,0,0,0,0,0,0,0,0
15403126.94,4986944.148,15406126.94,4986944.148,15406126.94,4983944.148,15403126.94,4983944.148,63515106.93,0,0,0,0,0,0,0,0,0,0,,0,,0,0,0,0,0,0,0,0,0,0,0,0,0,0
15403126.94,4983944.148,15406126.94,4983944.148,15406126.94,4980944.148,15403126.94,4980944.148,63515106.93,0,0,0,0,0,0,0,0,0,0,,0,,0,0,0,0,0,0,0,0,0,0,0,0,0,0
15403126.94,4980944.148,15406126.94,4980944.148,15406126.94,4977944.148,15403126.94,4977944.148,63515106.93,0,0,0,0,0,0,0,0,0,0,,0,,0,0,0,0,0,0,0,0,0,0,0,0,0,0
15403126.94,4977944.148,15406126.94,4977944.148,15406126.94,4974944.148,15403126.94,4974944.148,63515106.93,0,0,0,0,0,0,0,0,0,0,,0,,0,0,0,0,0,0,0,0,0,0,0,0,0,0
15403126.94,4974944.148,15406126.94,4974944.148,15406126.94,4971944.148,15403126.94,4971944.148,63515106.93,0,0,0,0,0,0,0,0,0,0,,0,,0,0,0,0,0,0,0,0,0,0,0,0,0,0
15403126.94,4971944.148,15406126.94,4971944.148,15406126.94,4968944.148,15403126.94,4968944.148,63515106.93,0,0,0,0,0,0,0,0,0,0,,0,,0,0,0,0,0,0,0,0,0,0,0,0,0,0
15403126.94,4968944.148,15406126.94,4968944.148,15406126.94,4965944.148,15403126.94,4965944.148,63515106.93,0,0,0,0,0,0,0,0,0,0,,0,,0,0,0,0,0,0,0,0,0,0,0,0,0,0
15403126.94,4965944.148,15406126.94,4965944.148,15406126.94,4962944.148,15403126.94,4962944.148,63515106.93,0,0,0,0,0,0,0,0,0,0,,0,,0,0,0,0,0,0,0,0,0,0,0,0,0,0
15403126.94,4962944.148,15406126.94,4962944.148,15406126.94,4959944.148,15403126.94,4959944.148,63515106.93,0,0,0,0,0,0,0,0,0,0,,0,,0,0,0,0,0,0,0,0,0,0,0,0,0,0
15403126.94,4959944.148,15406126.94,4959944.148,15406126.94,4956944.148,15403126.94,4956944.148,63515106.93,0,0,0,0,0,0,0,0,0,0,,0,,0,0,0,0,0,0,0,0,0,0,0,0,0,0
15403126.94,4956944.148,15406126.94,4956944.148,15406126.94,4953944.148,15403126.94,4953944.148,63515106.93,0,0,0,0,0,0,0,0,0,0,,0,,0,0,0,0,0,0,0,0,0,0,0,0,0,0
15403126.94,4953944.148,15406126.94,4953944.148,15406126.94,4950944.148,15403126.94,4950944.148,63515106.93,0,0,0,0,0,0,0,0,0,0,,0,,0,0,0,0,0,0,0,0,0,0,0,0,0,0
15403126.94,4950944.148,15406126.94,4950944.148,15406126.94,4947944.148,15403126.94,4947944.148,63515106.93,0,0,0,0,0,0,0,0,0,0,,0,,0,0,0,0,0,0,0,0,0,0,0,0,0,0
15403126.94,4947944.148,15406126.94,4947944.148,15406126.94,4944944.148,15403126.94,4944944.148,63515106.93,0,0,0,0,0,0,0,0,0,0,,0,,0,0,0,0,0,0,0,0,0,0,0,0,0,0
15403126.94,4944944.148,15406126.94,4944944.148,15406126.94,4941944.148,15403126.94,4941944.148,63515106.93,0,0,0,0,0,0,0,0,0,0,,0,,0,0,0,0,0,0,0,0,0,0,0,0,0,0
15406126.94,5088944.148,15409126.94,5088944.148,15409126.94,5085944.148,15406126.94,5085944.148,63515106.93,0,0,0,0,0,0,0,0,0,0,,0,,0,0,0,0,0,0,0,0,0,0,0,0,0,0
15406126.94,5085944.148,15409126.94,5085944.148,15409126.94,5082944.148,15406126.94,5082944.148,63515106.93,0,0,0,0,0,0,0,0,0,0,,0,,0,0,0,0,0,0,0,0,0,0,0,0,0,0
15406126.94,5082944.148,15409126.94,5082944.148,15409126.94,5079944.148,15406126.94,5079944.148,63515106.93,0,0,0,0,0,0,0,0,0,0,,0,,0,0,0,0,0,0,0,0,0,0,0,0,0,0
15406126.94,5079944.148,15409126.94,5079944.148,15409126.94,5076944.148,15406126.94,5076944.148,63515106.93,0,0,0,0,0,0,0,0,0,0,,0,,0,0,0,0,0,0,0,0,0,0,0,0,0,0
15406126.94,5076944.148,15409126.94,5076944.148,15409126.94,5073944.148,15406126.94,5073944.148,63515106.93,0,0,0,0,0,0,0,0,0,0,,0,,0,0,0,0,0,0,0,0,0,0,0,0,0,0
15406126.94,5073944.148,15409126.94,5073944.148,15409126.94,5070944.148,15406126.94,5070944.148,63515106.93,0,0,0,0,0,0,0,0,0,0,,0,,0,0,0,0,0,0,0,0,0,0,0,0,0,0
15406126.94,5070944.148,15409126.94,5070944.148,15409126.94,5067944.148,15406126.94,5067944.148,63515106.93,0,0,0,0,0,0,0,0,0,0,,0,,0,0,0,0,0,0,0,0,0,0,0,0,0,0
15406126.94,5067944.148,15409126.94,5067944.148,15409126.94,5064944.148,15406126.94,5064944.148,63515106.93,0,0,0,0,0,0,0,0,0,0,,0,,0,0,0,0,0,0,0,0,0,0,0,0,0,0
15406126.94,5064944.148,15409126.94,5064944.148,15409126.94,5061944.148,15406126.94,5061944.148,63515106.93,0,0,0,0,0,0,0,0,0,0,,0,,0,0,0,0,0,0,0,0,0,0,0,0,0,0
15406126.94,5061944.148,15409126.94,5061944.148,15409126.94,5058944.148,15406126.94,5058944.148,63515106.93,0,0,0,0,0,0,0,0,0,0,,0,,0,0,0,0,0,0,0,0,0,0,0,0,0,0
15406126.94,5058944.148,15409126.94,5058944.148,15409126.94,5055944.148,15406126.94,5055944.148,63515106.93,0,0,0,0,0,0,0,0,0,0,,0,,0,0,0,0,0,0,0,0,0,0,0,0,0,0
15406126.94,5055944.148,15409126.94,5055944.148,15409126.94,5052944.148,15406126.94,5052944.148,63515106.93,7.87E-09,7.87E-09,873.1480425,436.5740212,436.5740212,0,0,0,0.006001623,0.003000812,,6.87E-06,,6.87E-06,0.5,1,0.5,1,436.5740212,436.5740212,436.5740212,0,0,1,0,7.87E-09,31757553.47
15406126.94,5052944.148,15409126.94,5052944.148,15409126.94,5049944.148,15406126.94,5049944.148,63515106.93,7.87E-09,7.87E-09,4801.107669,2400.553835,2400.553835,0,0,0,0.181457892,0.090728946,,3.78E-05,,3.78E-05,0.5,1,0.5,1,2400.553835,2400.553835,2400.553835,0,0,1,0,7.87E-09,31757553.47
15406126.94,5049944.148,15409126.94,5049944.148,15409126.94,5046944.148,15406126.94,5046944.148,63515106.93,7.87E-09,7.87E-09,3688.542992,1844.271496,1844.271496,0,0,0,0.107103255,0.053551628,,2.90E-05,,2.90E-05,0.5,1,0.5,1,1844.271496,1844.271496,1844.271496,0,0,1,0,7.87E-09,31757553.47
15406126.94,5046944.148,15409126.94,5046944.148,15409126.94,5043944.148,15406126.94,5043944.148,63515106.93,0,0,0,0,0,0,0,0,0,0,,0,,0,0,0,0,0,0,0,0,0,0,0,0,0,0
15406126.94,5043944.148,15409126.94,5043944.148,15409126.94,5040944.148,15406126.94,5040944.148,63515106.93,0,0,0,0,0,0,0,0,0,0,,0,,0,0,0,0,0,0,0,0,0,0,0,0,0,0
15406126.94,5040944.148,15409126.94,5040944.148,15409126.94,5037944.148,15406126.94,5037944.148,63515106.93,7.87E-09,7.87E-09,481.4250818,240.7125409,240.7125409,0,0,0,0.001824527,0.000912264,,3.79E-06,,3.79E-06,0.5,1,0.5,1,240.7125409,240.7125409,240.7125409,0,0,1,0,7.87E-09,31757553.47
15406126.94,5037944.148,15409126.94,5037944.148,15409126.94,5034944.148,15406126.94,5034944.148,63515106.93,7.87E-09,7.87E-09,2791.285395,1395.642698,1395.642698,0,0,0,0.061334024,0.030667012,,2.20E-05,,2.20E-05,0.5,1,0.5,1,1395.642698,1395.642698,1395.642698,0,0,1,0,7.87E-09,31757553.47
15406126.94,5034944.148,15409126.94,5034944.148,15409126.94,5031944.148,15406126.94,5031944.148,63515106.93,7.87E-09,7.87E-09,342.6181648,171.3090824,171.3090824,0,0,0,0.000924089,0.000462044,,2.70E-06,,2.70E-06,0.5,1,0.5,1,171.3090824,171.3090824,171.3090824,0,0,1,0,7.87E-09,31757553.47
15406126.94,5031944.148,15409126.94,5031944.148,15409126.94,5028944.148,15406126.94,5028944.148,63515106.93,0,0,0,0,0,0,0,0,0,0,,0,,0,0,0,0,0,0,0,0,0,0,0,0,0,0
15406126.94,5028944.148,15409126.94,5028944.148,15409126.94,5025944.148,15406126.94,5025944.148,63515106.93,7.87E-09,7.87E-09,5432.194232,2716.097116,2716.097116,0,0,0,0.232296973,0.116148487,,4.28E-05,,4.28E-05,0.5,1,0.5,1,2716.097116,2716.097116,2716.097116,0,0,1,0,7.87E-09,31757553.47
15406126.94,5025944.148,15409126.94,5025944.148,15409126.94,5022944.148,15406126.94,5022944.148,63515106.93,7.87E-09,7.87E-09,6366.893297,3183.446648,3183.446648,0,0,0,0.319115658,0.159557829,,5.01E-05,,5.01E-05,0.5,1,0.5,1,3183.446648,3183.446648,3183.446648,0,0,1,0,7.87E-09,31757553.47
15406126.94,5022944.148,15409126.94,5022944.148,15409126.94,5019944.148,15406126.94,5019944.148,63515106.93,7.87E-09,7.87E-09,2881.838097,1440.919048,1440.919048,0,0,0,0.065378075,0.032689037,,2.27E-05,,2.27E-05,0.5,1,0.5,1,1440.919048,1440.919048,1440.919048,0,0,1,0,7.87E-09,31757553.47
15406126.94,5019944.148,15409126.94,5019944.148,15409126.94,5016944.148,15406126.94,5016944.148,63515106.93,0,0,0,0,0,0,0,0,0,0,,0,,0,0,0,0,0,0,0,0,0,0,0,0,0,0
15406126.94,5016944.148,15409126.94,5016944.148,15409126.94,5013944.148,15406126.94,5013944.148,63515106.93,0,0,0,0,0,0,0,0,0,0,,0,,0,0,0,0,0,0,0,0,0,0,0,0,0,0
15406126.94,5013944.148,15409126.94,5013944.148,15409126.94,5010944.148,15406126.94,5010944.148,63515106.93,0,0,0,0,0,0,0,0,0,0,,0,,0,0,0,0,0,0,0,0,0,0,0,0,0,0
15406126.94,5010944.148,15409126.94,5010944.148,15409126.94,5007944.148,15406126.94,5007944.148,63515106.93,0,0,0,0,0,0,0,0,0,0,,0,,0,0,0,0,0,0,0,0,0,0,0,0,0,0
15406126.94,5007944.148,15409126.94,5007944.148,15409126.94,5004944.148,15406126.94,5004944.148,63515106.93,0,0,0,0,0,0,0,0,0,0,,0,,0,0,0,0,0,0,0,0,0,0,0,0,0,0
15406126.94,5004944.148,15409126.94,5004944.148,15409126.94,5001944.148,15406126.94,5001944.148,63515106.93,0,0,0,0,0,0,0,0,0,0,,0,,0,0,0,0,0,0,0,0,0,0,0,0,0,0
15406126.94,5001944.148,15409126.94,5001944.148,15409126.94,4998944.148,15406126.94,4998944.148,63515106.93,0,0,0,0,0,0,0,0,0,0,,0,,0,0,0,0,0,0,0,0,0,0,0,0,0,0
15406126.94,4998944.148,15409126.94,4998944.148,15409126.94,4995944.148,15406126.94,4995944.148,63515106.93,0,0,0,0,0,0,0,0,0,0,,0,,0,0,0,0,0,0,0,0,0,0,0,0,0,0
15406126.94,4995944.148,15409126.94,4995944.148,15409126.94,4992944.148,15406126.94,4992944.148,63515106.93,0,0,0,0,0,0,0,0,0,0,,0,,0,0,0,0,0,0,0,0,0,0,0,0,0,0
15406126.94,4992944.148,15409126.94,4992944.148,15409126.94,4989944.148,15406126.94,4989944.148,63515106.93,0,0,0,0,0,0,0,0,0,0,,0,,0,0,0,0,0,0,0,0,0,0,0,0,0,0
15406126.94,4989944.148,15409126.94,4989944.148,15409126.94,4986944.148,15406126.94,4986944.148,63515106.93,0,0,0,0,0,0,0,0,0,0,,0,,0,0,0,0,0,0,0,0,0,0,0,0,0,0
15406126.94,4986944.148,15409126.94,4986944.148,15409126.94,4983944.148,15406126.94,4983944.148,63515106.93,0,0,0,0,0,0,0,0,0,0,,0,,0,0,0,0,0,0,0,0,0,0,0,0,0,0
15406126.94,4983944.148,15409126.94,4983944.148,15409126.94,4980944.148,15406126.94,4980944.148,63515106.93,0,0,0,0,0,0,0,0,0,0,,0,,0,0,0,0,0,0,0,0,0,0,0,0,0,0
15406126.94,4980944.148,15409126.94,4980944.148,15409126.94,4977944.148,15406126.94,4977944.148,63515106.93,0,0,0,0,0,0,0,0,0,0,,0,,0,0,0,0,0,0,0,0,0,0,0,0,0,0
15406126.94,4977944.148,15409126.94,4977944.148,15409126.94,4974944.148,15406126.94,4974944.148,63515106.93,0,0,0,0,0,0,0,0,0,0,,0,,0,0,0,0,0,0,0,0,0,0,0,0,0,0
15406126.94,4974944.148,15409126.94,4974944.148,15409126.94,4971944.148,15406126.94,4971944.148,63515106.93,0,0,0,0,0,0,0,0,0,0,,0,,0,0,0,0,0,0,0,0,0,0,0,0,0,0
15406126.94,4971944.148,15409126.94,4971944.148,15409126.94,4968944.148,15406126.94,4968944.148,63515106.93,0,0,0,0,0,0,0,0,0,0,,0,,0,0,0,0,0,0,0,0,0,0,0,0,0,0
15406126.94,4968944.148,15409126.94,4968944.148,15409126.94,4965944.148,15406126.94,4965944.148,63515106.93,0,0,0,0,0,0,0,0,0,0,,0,,0,0,0,0,0,0,0,0,0,0,0,0,0,0
15406126.94,4965944.148,15409126.94,4965944.148,15409126.94,4962944.148,15406126.94,4962944.148,63515106.93,0,0,0,0,0,0,0,0,0,0,,0,,0,0,0,0,0,0,0,0,0,0,0,0,0,0
15406126.94,4962944.148,15409126.94,4962944.148,15409126.94,4959944.148,15406126.94,4959944.148,63515106.93,0,0,0,0,0,0,0,0,0,0,,0,,0,0,0,0,0,0,0,0,0,0,0,0,0,0
15406126.94,4959944.148,15409126.94,4959944.148,15409126.94,4956944.148,15406126.94,4956944.148,63515106.93,0,0,0,0,0,0,0,0,0,0,,0,,0,0,0,0,0,0,0,0,0,0,0,0,0,0
15406126.94,4956944.148,15409126.94,4956944.148,15409126.94,4953944.148,15406126.94,4953944.148,63515106.93,0,0,0,0,0,0,0,0,0,0,,0,,0,0,0,0,0,0,0,0,0,0,0,0,0,0
15406126.94,4953944.148,15409126.94,4953944.148,15409126.94,4950944.148,15406126.94,4950944.148,63515106.93,0,0,0,0,0,0,0,0,0,0,,0,,0,0,0,0,0,0,0,0,0,0,0,0,0,0
15406126.94,4950944.148,15409126.94,4950944.148,15409126.94,4947944.148,15406126.94,4947944.148,63515106.93,0,0,0,0,0,0,0,0,0,0,,0,,0,0,0,0,0,0,0,0,0,0,0,0,0,0
15406126.94,4947944.148,15409126.94,4947944.148,15409126.94,4944944.148,15406126.94,4944944.148,63515106.93,0,0,0,0,0,0,0,0,0,0,,0,,0,0,0,0,0,0,0,0,0,0,0,0,0,0
15406126.94,4944944.148,15409126.94,4944944.148,15409126.94,4941944.148,15406126.94,4941944.148,63515106.93,0,0,0,0,0,0,0,0,0,0,,0,,0,0,0,0,0,0,0,0,0,0,0,0,0,0
15409126.94,5088944.148,15412126.94,5088944.148,15412126.94,5085944.148,15409126.94,5085944.148,63515106.93,7.87E-09,7.87E-09,701.8330479,350.916524,350.916524,0,0,0,0.003877579,0.001938789,,5.52E-06,,5.52E-06,0.5,1,0.5,1,350.916524,350.916524,350.916524,0,0,1,0,7.87E-09,31757553.47
15409126.94,5085944.148,15412126.94,5085944.148,15412126.94,5082944.148,15409126.94,5082944.148,63515106.93,7.87E-09,7.87E-09,1692.155023,846.0775117,846.0775117,0,0,0,0.022541005,0.011270502,,1.33E-05,,1.33E-05,0.5,1,0.5,1,846.0775117,846.0775117,846.0775117,0,0,1,0,7.87E-09,31757553.47
15409126.94,5082944.148,15412126.94,5082944.148,15412126.94,5079944.148,15409126.94,5079944.148,63515106.93,0,0,0,0,0,0,0,0,0,0,,0,,0,0,0,0,0,0,0,0,0,0,0,0,0,0
15409126.94,5079944.148,15412126.94,5079944.148,15412126.94,5076944.148,15409126.94,5076944.148,63515106.93,0,0,0,0,0,0,0,0,0,0,,0,,0,0,0,0,0,0,0,0,0,0,0,0,0,0
15409126.94,5076944.148,15412126.94,5076944.148,15412126.94,5073944.148,15409126.94,5073944.148,63515106.93,0,0,0,0,0,0,0,0,0,0,,0,,0,0,0,0,0,0,0,0,0,0,0,0,0,0
15409126.94,5073944.148,15412126.94,5073944.148,15412126.94,5070944.148,15409126.94,5070944.148,63515106.93,0,0,0,0,0,0,0,0,0,0,,0,,0,0,0,0,0,0,0,0,0,0,0,0,0,0
15409126.94,5070944.148,15412126.94,5070944.148,15412126.94,5067944.148,15409126.94,5067944.148,63515106.93,0,0,0,0,0,0,0,0,0,0,,0,,0,0,0,0,0,0,0,0,0,0,0,0,0,0
15409126.94,5067944.148,15412126.94,5067944.148,15412126.94,5064944.148,15409126.94,5064944.148,63515106.93,0,0,0,0,0,0,0,0,0,0,,0,,0,0,0,0,0,0,0,0,0,0,0,0,0,0
15409126.94,5064944.148,15412126.94,5064944.148,15412126.94,5061944.148,15409126.94,5061944.148,63515106.93,0,0,0,0,0,0,0,0,0,0,,0,,0,0,0,0,0,0,0,0,0,0,0,0,0,0
15409126.94,5061944.148,15412126.94,5061944.148,15412126.94,5058944.148,15409126.94,5058944.148,63515106.93,0,0,0,0,0,0,0,0,0,0,,0,,0,0,0,0,0,0,0,0,0,0,0,0,0,0
15409126.94,5058944.148,15412126.94,5058944.148,15412126.94,5055944.148,15409126.94,5055944.148,63515106.93,0,0,0,0,0,0,0,0,0,0,,0,,0,0,0,0,0,0,0,0,0,0,0,0,0,0
15409126.94,5055944.148,15412126.94,5055944.148,15412126.94,5052944.148,15409126.94,5052944.148,63515106.93,7.87E-09,7.87E-09,7038.291499,3519.145749,3519.145749,0,0,0,0.389966652,0.194983326,,5.54E-05,,5.54E-05,0.5,1,0.5,1,3519.145749,3519.145749,3519.145749,0,0,1,0,7.87E-09,31757553.47
15409126.94,5052944.148,15412126.94,5052944.148,15412126.94,5049944.148,15409126.94,5049944.148,63515106.93,7.87E-09,7.87E-09,10818.64566,5409.322831,5409.322831,0,0,0,0.921379965,0.460689982,,8.52E-05,,8.52E-05,0.5,1,0.5,1,5409.322831,5409.322831,5409.322831,0,0,1,0,7.87E-09,31757553.47
15409126.94,5049944.148,15412126.94,5049944.148,15412126.94,5046944.148,15409126.94,5046944.148,63515106.93,7.87E-09,7.87E-09,9623.764296,4811.882148,4811.882148,0,0,0,0.729092996,0.364546498,,7.58E-05,,7.58E-05,0.5,1,0.5,1,4811.882148,4811.882148,4811.882148,0,0,1,0,7.87E-09,31757553.47
15409126.94,5046944.148,15412126.94,5046944.148,15412126.94,5043944.148,15409126.94,5043944.148,63515106.93,0,0,0,0,0,0,0,0,0,0,,0,,0,0,0,0,0,0,0,0,0,0,0,0,0,0
15409126.94,5043944.148,15412126.94,5043944.148,15412126.94,5040944.148,15409126.94,5040944.148,63515106.93,0,0,0,0,0,0,0,0,0,0,,0,,0,0,0,0,0,0,0,0,0,0,0,0,0,0
15409126.94,5040944.148,15412126.94,5040944.148,15412126.94,5037944.148,15409126.94,5037944.148,63515106.93,7.87E-09,7.87E-09,5280.229046,2640.114523,2640.114523,0,0,0,0.21948179,0.109740895,,4.16E-05,,4.16E-05,0.5,1,0.5,1,2640.114523,2640.114523,2640.114523,0,0,1,0,7.87E-09,31757553.47
15409126.94,5037944.148,15412126.94,5037944.148,15412126.94,5034944.148,15409126.94,5034944.148,63515106.93,7.87E-09,7.87E-09,8767.739726,4383.869863,4383.869863,0,0,0,0.605157289,0.302578645,,6.90E-05,,6.90E-05,0.5,1,0.5,1,4383.869863,4383.869863,4383.869863,0,0,1,0,7.87E-09,31757553.47
15409126.94,5034944.148,15412126.94,5034944.148,15412126.94,5031944.148,15409126.94,5031944.148,63515106.93,7.87E-09,7.87E-09,7949.372526,3974.686263,3974.686263,0,0,0,0.497460578,0.248730289,,6.26E-05,,6.26E-05,0.5,1,0.5,1,3974.686263,3974.686263,3974.686263,0,0,1,0,7.87E-09,31757553.47
15409126.94,5031944.148,15412126.94,5031944.148,15412126.94,5028944.148,15409126.94,5028944.148,63515106.93,0,0,0,0,0,0,0,0,0,0,,0,,0,0,0,0,0,0,0,0,0,0,0,0,0,0
15409126.94,5028944.148,15412126.94,5028944.148,15412126.94,5025944.148,15409126.94,5025944.148,63515106.93,0,0,0,0,0,0,0,0,0,0,,0,,0,0,0,0,0,0,0,0,0,0,0,0,0,0
15409126.94,5025944.148,15412126.94,5025944.148,15412126.94,5022944.148,15409126.94,5022944.148,63515106.93,7.87E-09,7.87E-09,423.8914312,211.9457156,211.9457156,0,0,0,0.001414498,0.000707249,,3.34E-06,,3.34E-06,0.5,1,0.5,1,211.9457156,211.9457156,211.9457156,0,0,1,0,7.87E-09,31757553.47
15409126.94,5022944.148,15412126.94,5022944.148,15412126.94,5019944.148,15409126.94,5019944.148,63515106.93,0,0,0,0,0,0,0,0,0,0,,0,,0,0,0,0,0,0,0,0,0,0,0,0,0,0
15409126.94,5019944.148,15412126.94,5019944.148,15412126.94,5016944.148,15409126.94,5016944.148,63515106.93,0,0,0,0,0,0,0,0,0,0,,0,,0,0,0,0,0,0,0,0,0,0,0,0,0,0
15409126.94,5016944.148,15412126.94,5016944.148,15412126.94,5013944.148,15409126.94,5013944.148,63515106.93,0,0,0,0,0,0,0,0,0,0,,0,,0,0,0,0,0,0,0,0,0,0,0,0,0,0
15409126.94,5013944.148,15412126.94,5013944.148,15412126.94,5010944.148,15409126.94,5010944.148,63515106.93,0,0,0,0,0,0,0,0,0,0,,0,,0,0,0,0,0,0,0,0,0,0,0,0,0,0
15409126.94,5010944.148,15412126.94,5010944.148,15412126.94,5007944.148,15409126.94,5007944.148,63515106.93,0,0,0,0,0,0,0,0,0,0,,0,,0,0,0,0,0,0,0,0,0,0,0,0,0,0
15409126.94,5007944.148,15412126.94,5007944.148,15412126.94,5004944.148,15409126.94,5004944.148,63515106.93,0,0,0,0,0,0,0,0,0,0,,0,,0,0,0,0,0,0,0,0,0,0,0,0,0,0
15409126.94,5004944.148,15412126.94,5004944.148,15412126.94,5001944.148,15409126.94,5001944.148,63515106.93,0,0,0,0,0,0,0,0,0,0,,0,,0,0,0,0,0,0,0,0,0,0,0,0,0,0
15409126.94,5001944.148,15412126.94,5001944.148,15412126.94,4998944.148,15409126.94,4998944.148,63515106.93,0,0,0,0,0,0,0,0,0,0,,0,,0,0,0,0,0,0,0,0,0,0,0,0,0,0
15409126.94,4998944.148,15412126.94,4998944.148,15412126.94,4995944.148,15409126.94,4995944.148,63515106.93,0,0,0,0,0,0,0,0,0,0,,0,,0,0,0,0,0,0,0,0,0,0,0,0,0,0
15409126.94,4995944.148,15412126.94,4995944.148,15412126.94,4992944.148,15409126.94,4992944.148,63515106.93,0,0,0,0,0,0,0,0,0,0,,0,,0,0,0,0,0,0,0,0,0,0,0,0,0,0
15409126.94,4992944.148,15412126.94,4992944.148,15412126.94,4989944.148,15409126.94,4989944.148,63515106.93,0,0,0,0,0,0,0,0,0,0,,0,,0,0,0,0,0,0,0,0,0,0,0,0,0,0
15409126.94,4989944.148,15412126.94,4989944.148,15412126.94,4986944.148,15409126.94,4986944.148,63515106.93,0,0,0,0,0,0,0,0,0,0,,0,,0,0,0,0,0,0,0,0,0,0,0,0,0,0
15409126.94,4986944.148,15412126.94,4986944.148,15412126.94,4983944.148,15409126.94,4983944.148,63515106.93,0,0,0,0,0,0,0,0,0,0,,0,,0,0,0,0,0,0,0,0,0,0,0,0,0,0
15409126.94,4983944.148,15412126.94,4983944.148,15412126.94,4980944.148,15409126.94,4980944.148,63515106.93,0,0,0,0,0,0,0,0,0,0,,0,,0,0,0,0,0,0,0,0,0,0,0,0,0,0
15409126.94,4980944.148,15412126.94,4980944.148,15412126.94,4977944.148,15409126.94,4977944.148,63515106.93,0,0,0,0,0,0,0,0,0,0,,0,,0,0,0,0,0,0,0,0,0,0,0,0,0,0
15409126.94,4977944.148,15412126.94,4977944.148,15412126.94,4974944.148,15409126.94,4974944.148,63515106.93,0,0,0,0,0,0,0,0,0,0,,0,,0,0,0,0,0,0,0,0,0,0,0,0,0,0
15409126.94,4974944.148,15412126.94,4974944.148,15412126.94,4971944.148,15409126.94,4971944.148,63515106.93,0,0,0,0,0,0,0,0,0,0,,0,,0,0,0,0,0,0,0,0,0,0,0,0,0,0
15409126.94,4971944.148,15412126.94,4971944.148,15412126.94,4968944.148,15409126.94,4968944.148,63515106.93,0,0,0,0,0,0,0,0,0,0,,0,,0,0,0,0,0,0,0,0,0,0,0,0,0,0
15409126.94,4968944.148,15412126.94,4968944.148,15412126.94,4965944.148,15409126.94,4965944.148,63515106.93,0,0,0,0,0,0,0,0,0,0,,0,,0,0,0,0,0,0,0,0,0,0,0,0,0,0
15409126.94,4965944.148,15412126.94,4965944.148,15412126.94,4962944.148,15409126.94,4962944.148,63515106.93,0,0,0,0,0,0,0,0,0,0,,0,,0,0,0,0,0,0,0,0,0,0,0,0,0,0
15409126.94,4962944.148,15412126.94,4962944.148,15412126.94,4959944.148,15409126.94,4959944.148,63515106.93,0,0,0,0,0,0,0,0,0,0,,0,,0,0,0,0,0,0,0,0,0,0,0,0,0,0
15409126.94,4959944.148,15412126.94,4959944.148,15412126.94,4956944.148,15409126.94,4956944.148,63515106.93,0,0,0,0,0,0,0,0,0,0,,0,,0,0,0,0,0,0,0,0,0,0,0,0,0,0
15409126.94,4956944.148,15412126.94,4956944.148,15412126.94,4953944.148,15409126.94,4953944.148,63515106.93,0,0,0,0,0,0,0,0,0,0,,0,,0,0,0,0,0,0,0,0,0,0,0,0,0,0
15409126.94,4953944.148,15412126.94,4953944.148,15412126.94,4950944.148,15409126.94,4950944.148,63515106.93,0,0,0,0,0,0,0,0,0,0,,0,,0,0,0,0,0,0,0,0,0,0,0,0,0,0
15409126.94,4950944.148,15412126.94,4950944.148,15412126.94,4947944.148,15409126.94,4947944.148,63515106.93,0,0,0,0,0,0,0,0,0,0,,0,,0,0,0,0,0,0,0,0,0,0,0,0,0,0
15409126.94,4947944.148,15412126.94,4947944.148,15412126.94,4944944.148,15409126.94,4944944.148,63515106.93,0,0,0,0,0,0,0,0,0,0,,0,,0,0,0,0,0,0,0,0,0,0,0,0,0,0
15409126.94,4944944.148,15412126.94,4944944.148,15412126.94,4941944.148,15409126.94,4941944.148,63515106.93,0,0,0,0,0,0,0,0,0,0,,0,,0,0,0,0,0,0,0,0,0,0,0,0,0,0
15412126.94,5088944.148,15415126.94,5088944.148,15415126.94,5085944.148,15412126.94,5085944.148,63515106.93,7.87E-09,7.87E-09,6666.422302,3333.211151,3333.211151,0,0,0,0.349847371,0.174923685,,5.25E-05,,5.25E-05,0.5,1,0.5,1,3333.211151,3333.211151,3333.211151,0,0,1,0,7.87E-09,31757553.47
15412126.94,5085944.148,15415126.94,5085944.148,15415126.94,5082944.148,15412126.94,5082944.148,63515106.93,7.87E-09,7.87E-09,7696.641047,3848.320524,3848.320524,0,0,0,0.466332234,0.233166117,,6.06E-05,,6.06E-05,0.5,1,0.5,1,3848.320524,3848.320524,3848.320524,0,0,1,0,7.87E-09,31757553.47
15412126.94,5082944.148,15415126.94,5082944.148,15415126.94,5079944.148,15412126.94,5079944.148,63515106.93,7.87E-09,7.87E-09,3657.67634,1828.83817,1828.83817,0,0,0,0.105318222,0.052659111,,2.88E-05,,2.88E-05,0.5,1,0.5,1,1828.83817,1828.83817,1828.83817,0,0,1,0,7.87E-09,31757553.47
15412126.94,5079944.148,15415126.94,5079944.148,15415126.94,5076944.148,15412126.94,5076944.148,63515106.93,0,0,0,0,0,0,0,0,0,0,,0,,0,0,0,0,0,0,0,0,0,0,0,0,0,0
15412126.94,5076944.148,15415126.94,5076944.148,15415126.94,5073944.148,15412126.94,5073944.148,63515106.93,0,0,0,0,0,0,0,0,0,0,,0,,0,0,0,0,0,0,0,0,0,0,0,0,0,0
15412126.94,5073944.148,15415126.94,5073944.148,15415126.94,5070944.148,15412126.94,5070944.148,63515106.93,0,0,0,0,0,0,0,0,0,0,,0,,0,0,0,0,0,0,0,0,0,0,0,0,0,0
15412126.94,5070944.148,15415126.94,5070944.148,15415126.94,5067944.148,15412126.94,5067944.148,63515106.93,0,0,0,0,0,0,0,0,0,0,,0,,0,0,0,0,0,0,0,0,0,0,0,0,0,0
15412126.94,5067944.148,15415126.94,5067944.148,15415126.94,5064944.148,15412126.94,5064944.148,63515106.93,0,0,0,0,0,0,0,0,0,0,,0,,0,0,0,0,0,0,0,0,0,0,0,0,0,0
15412126.94,5064944.148,15415126.94,5064944.148,15415126.94,5061944.148,15412126.94,5061944.148,63515106.93,0,0,0,0,0,0,0,0,0,0,,0,,0,0,0,0,0,0,0,0,0,0,0,0,0,0
15412126.94,5061944.148,15415126.94,5061944.148,15415126.94,5058944.148,15412126.94,5058944.148,63515106.93,0,0,0,0,0,0,0,0,0,0,,0,,0,0,0,0,0,0,0,0,0,0,0,0,0,0
15412126.94,5058944.148,15415126.94,5058944.148,15415126.94,5055944.148,15412126.94,5055944.148,63515106.93,0,0,0,0,0,0,0,0,0,0,,0,,0,0,0,0,0,0,0,0,0,0,0,0,0,0
15412126.94,5055944.148,15415126.94,5055944.148,15415126.94,5052944.148,15412126.94,5052944.148,63515106.93,0,0,0,5136.547928,5136.547928,0,0,0,0,0.4153992,,8.09E-05,,8.09E-05,0,1,0,1,5136.547928,5136.547928,5136.547928,0,0,0,0,0,0
15412126.94,5052944.148,15415126.94,5052944.148,15415126.94,5049944.148,15412126.94,5049944.148,63515106.93,7.87E-09,7.87E-09,16836.18365,8418.091827,8418.091827,0,0,0,2.231414649,1.115707324,,0.000132537,,0.000132537,0.5,1,0.5,1,8418.091827,8418.091827,8418.091827,0,0,1,0,7.87E-09,31757553.47
15412126.94,5049944.148,15415126.94,5049944.148,15415126.94,5046944.148,15412126.94,5046944.148,63515106.93,0,0,0,7716.378766,7716.378766,0,0,0,0,0.937454161,,0.000121489,,0.000121489,0,1,0,1,7716.378766,7716.378766,7716.378766,0,0,0,0,0,0
15412126.94,5046944.148,15415126.94,5046944.148,15415126.94,5043944.148,15412126.94,5043944.148,63515106.93,0,0,0,0,0,0,0,0,0,0,,0,,0,0,0,0,0,0,0,0,0,0,0,0,0,0
15412126.94,5043944.148,15415126.94,5043944.148,15415126.94,5040944.148,15412126.94,5040944.148,63515106.93,0,0,0,0,0,0,0,0,0,0,,0,,0,0,0,0,0,0,0,0,0,0,0,0,0,0
15412126.94,5040944.148,15415126.94,5040944.148,15415126.94,5037944.148,15412126.94,5037944.148,63515106.93,7.87E-09,7.87E-09,9804.370231,4902.185116,4902.185116,0,0,0,0.756715058,0.378357529,,7.72E-05,,7.72E-05,0.5,1,0.5,1,4902.185116,4902.185116,4902.185116,0,0,1,0,7.87E-09,31757553.47
15412126.94,5037944.148,15415126.94,5037944.148,15415126.94,5034944.148,15412126.94,5034944.148,63515106.93,7.87E-09,7.87E-09,14571.29799,7285.648996,7285.648996,0,0,0,1.67143484,0.83571742,,0.000114707,,0.000114707,0.5,1,0.5,1,7285.648996,7285.648996,7285.648996,0,0,1,0,7.87E-09,31757553.47
15412126.94,5034944.148,15415126.94,5034944.148,15415126.94,5031944.148,15412126.94,5031944.148,63515106.93,7.87E-09,7.87E-09,14530.35052,7265.175261,7265.175261,0,0,0,1.662054088,0.831027044,,0.000114385,,0.000114385,0.5,1,0.5,1,7265.175261,7265.175261,7265.175261,0,0,1,0,7.87E-09,31757553.47
15412126.94,5031944.148,15415126.94,5031944.148,15415126.94,5028944.148,15412126.94,5028944.148,63515106.93,0,0,0,0,0,0,0,0,0,0,,0,,0,0,0,0,0,0,0,0,0,0,0,0,0,0
15412126.94,5028944.148,15415126.94,5028944.148,15415126.94,5025944.148,15412126.94,5025944.148,63515106.93,0,0,0,0,0,0,0,0,0,0,,0,,0,0,0,0,0,0,0,0,0,0,0,0,0,0
15412126.94,5025944.148,15415126.94,5025944.148,15415126.94,5022944.148,15412126.94,5022944.148,63515106.93,0,0,0,0,0,0,0,0,0,0,,0,,0,0,0,0,0,0,0,0,0,0,0,0,0,0
15412126.94,5022944.148,15415126.94,5022944.148,15415126.94,5019944.148,15412126.94,5019944.148,63515106.93,0,0,0,0,0,0,0,0,0,0,,0,,0,0,0,0,0,0,0,0,0,0,0,0,0,0
15412126.94,5019944.148,15415126.94,5019944.148,15415126.94,5016944.148,15412126.94,5016944.148,63515106.93,0,0,0,0,0,0,0,0,0,0,,0,,0,0,0,0,0,0,0,0,0,0,0,0,0,0
15412126.94,5016944.148,15415126.94,5016944.148,15415126.94,5013944.148,15412126.94,5013944.148,63515106.93,0,0,0,0,0,0,0,0,0,0,,0,,0,0,0,0,0,0,0,0,0,0,0,0,0,0
15412126.94,5013944.148,15415126.94,5013944.148,15415126.94,5010944.148,15412126.94,5010944.148,63515106.93,0,0,0,0,0,0,0,0,0,0,,0,,0,0,0,0,0,0,0,0,0,0,0,0,0,0
15412126.94,5010944.148,15415126.94,5010944.148,15415126.94,5007944.148,15412126.94,5007944.148,63515106.93,0,0,0,0,0,0,0,0,0,0,,0,,0,0,0,0,0,0,0,0,0,0,0,0,0,0
15412126.94,5007944.148,15415126.94,5007944.148,15415126.94,5004944.148,15412126.94,5004944.148,63515106.93,0,0,0,0,0,0,0,0,0,0,,0,,0,0,0,0,0,0,0,0,0,0,0,0,0,0
15412126.94,5004944.148,15415126.94,5004944.148,15415126.94,5001944.148,15412126.94,5001944.148,63515106.93,0,0,0,0,0,0,0,0,0,0,,0,,0,0,0,0,0,0,0,0,0,0,0,0,0,0
15412126.94,5001944.148,15415126.94,5001944.148,15415126.94,4998944.148,15412126.94,4998944.148,63515106.93,0,0,0,0,0,0,0,0,0,0,,0,,0,0,0,0,0,0,0,0,0,0,0,0,0,0
15412126.94,4998944.148,15415126.94,4998944.148,15415126.94,4995944.148,15412126.94,4995944.148,63515106.93,0,0,0,0,0,0,0,0,0,0,,0,,0,0,0,0,0,0,0,0,0,0,0,0,0,0
15412126.94,4995944.148,15415126.94,4995944.148,15415126.94,4992944.148,15412126.94,4992944.148,63515106.93,0,0,0,0,0,0,0,0,0,0,,0,,0,0,0,0,0,0,0,0,0,0,0,0,0,0
15412126.94,4992944.148,15415126.94,4992944.148,15415126.94,4989944.148,15412126.94,4989944.148,63515106.93,0,0,0,0,0,0,0,0,0,0,,0,,0,0,0,0,0,0,0,0,0,0,0,0,0,0
15412126.94,4989944.148,15415126.94,4989944.148,15415126.94,4986944.148,15412126.94,4986944.148,63515106.93,0,0,0,0,0,0,0,0,0,0,,0,,0,0,0,0,0,0,0,0,0,0,0,0,0,0
15412126.94,4986944.148,15415126.94,4986944.148,15415126.94,4983944.148,15412126.94,4983944.148,63515106.93,0,0,0,0,0,0,0,0,0,0,,0,,0,0,0,0,0,0,0,0,0,0,0,0,0,0
15412126.94,4983944.148,15415126.94,4983944.148,15415126.94,4980944.148,15412126.94,4980944.148,63515106.93,0,0,0,0,0,0,0,0,0,0,,0,,0,0,0,0,0,0,0,0,0,0,0,0,0,0
15412126.94,4980944.148,15415126.94,4980944.148,15415126.94,4977944.148,15412126.94,4977944.148,63515106.93,0,0,0,0,0,0,0,0,0,0,,0,,0,0,0,0,0,0,0,0,0,0,0,0,0,0
15412126.94,4977944.148,15415126.94,4977944.148,15415126.94,4974944.148,15412126.94,4974944.148,63515106.93,0,0,0,0,0,0,0,0,0,0,,0,,0,0,0,0,0,0,0,0,0,0,0,0,0,0
15412126.94,4974944.148,15415126.94,4974944.148,15415126.94,4971944.148,15412126.94,4971944.148,63515106.93,0,0,0,0,0,0,0,0,0,0,,0,,0,0,0,0,0,0,0,0,0,0,0,0,0,0
15412126.94,4971944.148,15415126.94,4971944.148,15415126.94,4968944.148,15412126.94,4968944.148,63515106.93,0,0,0,0,0,0,0,0,0,0,,0,,0,0,0,0,0,0,0,0,0,0,0,0,0,0
15412126.94,4968944.148,15415126.94,4968944.148,15415126.94,4965944.148,15412126.94,4965944.148,63515106.93,0,0,0,0,0,0,0,0,0,0,,0,,0,0,0,0,0,0,0,0,0,0,0,0,0,0
15412126.94,4965944.148,15415126.94,4965944.148,15415126.94,4962944.148,15412126.94,4962944.148,63515106.93,0,0,0,0,0,0,0,0,0,0,,0,,0,0,0,0,0,0,0,0,0,0,0,0,0,0
15412126.94,4962944.148,15415126.94,4962944.148,15415126.94,4959944.148,15412126.94,4959944.148,63515106.93,0,0,0,0,0,0,0,0,0,0,,0,,0,0,0,0,0,0,0,0,0,0,0,0,0,0
15412126.94,4959944.148,15415126.94,4959944.148,15415126.94,4956944.148,15412126.94,4956944.148,63515106.93,0,0,0,0,0,0,0,0,0,0,,0,,0,0,0,0,0,0,0,0,0,0,0,0,0,0
15412126.94,4956944.148,15415126.94,4956944.148,15415126.94,4953944.148,15412126.94,4953944.148,63515106.93,0,0,0,0,0,0,0,0,0,0,,0,,0,0,0,0,0,0,0,0,0,0,0,0,0,0
15412126.94,4953944.148,15415126.94,4953944.148,15415126.94,4950944.148,15412126.94,4950944.148,63515106.93,0,0,0,0,0,0,0,0,0,0,,0,,0,0,0,0,0,0,0,0,0,0,0,0,0,0
15412126.94,4950944.148,15415126.94,4950944.148,15415126.94,4947944.148,15412126.94,4947944.148,63515106.93,0,0,0,0,0,0,0,0,0,0,,0,,0,0,0,0,0,0,0,0,0,0,0,0,0,0
15412126.94,4947944.148,15415126.94,4947944.148,15415126.94,4944944.148,15412126.94,4944944.148,63515106.93,0,0,0,0,0,0,0,0,0,0,,0,,0,0,0,0,0,0,0,0,0,0,0,0,0,0
15412126.94,4944944.148,15415126.94,4944944.148,15415126.94,4941944.148,15412126.94,4941944.148,63515106.93,0,0,0,0,0,0,0,0,0,0,,0,,0,0,0,0,0,0,0,0,0,0,0,0,0,0
15415126.94,5088944.148,15418126.94,5088944.148,15418126.94,5085944.148,15415126.94,5085944.148,63515106.93,7.87E-09,7.87E-09,12817.33799,6408.668995,6408.668995,0,0,0,1.293268335,0.646634167,,0.0001009,,0.0001009,0.5,1,0.5,1,6408.668995,6408.668995,6408.668995,0,0,1,0,7.87E-09,31757553.47
15415126.94,5085944.148,15418126.94,5085944.148,15418126.94,5082944.148,15415126.94,5082944.148,63515106.93,7.87E-09,7.87E-09,13648.5763,6824.28815,6824.28815,0,0,0,1.4664514,0.7332257,,0.000107444,,0.000107444,0.5,1,0.5,1,6824.28815,6824.28815,6824.28815,0,0,1,0,7.87E-09,31757553.47
15415126.94,5082944.148,15418126.94,5082944.148,15418126.94,5079944.148,15415126.94,5079944.148,63515106.93,0,0,0,4720.143878,4720.143878,0,0,0,0,0.350778882,,7.43E-05,,7.43E-05,0,1,0,1,4720.143878,4720.143878,4720.143878,0,0,0,0,0,0
15415126.94,5079944.148,15418126.94,5079944.148,15418126.94,5076944.148,15415126.94,5076944.148,63515106.93,0,0,0,0,0,0,0,0,0,0,,0,,0,0,0,0,0,0,0,0,0,0,0,0,0,0
15415126.94,5076944.148,15418126.94,5076944.148,15418126.94,5073944.148,15415126.94,5073944.148,63515106.93,0,0,0,0,0,0,0,0,0,0,,0,,0,0,0,0,0,0,0,0,0,0,0,0,0,0
15415126.94,5073944.148,15418126.94,5073944.148,15418126.94,5070944.148,15415126.94,5070944.148,63515106.93,0,0,0,0,0,0,0,0,0,0,,0,,0,0,0,0,0,0,0,0,0,0,0,0,0,0
15415126.94,5070944.148,15418126.94,5070944.148,15418126.94,5067944.148,15415126.94,5067944.148,63515106.93,0,0,0,0,0,0,0,0,0,0,,0,,0,0,0,0,0,0,0,0,0,0,0,0,0,0
15415126.94,5067944.148,15418126.94,5067944.148,15418126.94,5064944.148,15415126.94,5064944.148,63515106.93,0,0,0,0,0,0,0,0,0,0,,0,,0,0,0,0,0,0,0,0,0,0,0,0,0,0
15415126.94,5064944.148,15418126.94,5064944.148,15418126.94,5061944.148,15415126.94,5061944.148,63515106.93,0,0,0,0,0,0,0,0,0,0,,0,,0,0,0,0,0,0,0,0,0,0,0,0,0,0
15415126.94,5061944.148,15418126.94,5061944.148,15418126.94,5058944.148,15415126.94,5058944.148,63515106.93,0,0,0,0,0,0,0,0,0,0,,0,,0,0,0,0,0,0,0,0,0,0,0,0,0,0
15415126.94,5058944.148,15418126.94,5058944.148,15418126.94,5055944.148,15415126.94,5055944.148,63515106.93,0,0,0,0,0,0,0,0,0,0,,0,,0,0,0,0,0,0,0,0,0,0,0,0,0,0
15415126.94,5055944.148,15418126.94,5055944.148,15418126.94,5052944.148,15415126.94,5052944.148,63515106.93,0,0,0,5286.316004,5286.316004,0,0,0,0,0.439976224,,8.32E-05,,8.32E-05,0,1,0,1,5286.316004,5286.316004,5286.316004,0,0,0,0,0,0
15415126.94,5052944.148,15418126.94,5052944.148,15418126.94,5049944.148,15415126.94,5049944.148,63515106.93,0,0,0,8900.114082,8900.114082,0,0,0,0,1.247136855,,0.000140126,,0.000140126,0,1,0,1,8900.114082,8900.114082,8900.114082,0,0,0,0,0,0
15415126.94,5049944.148,15418126.94,5049944.148,15418126.94,5046944.148,15415126.94,5046944.148,63515106.93,0,0,0,7649.835864,7649.835864,0,0,0,0,0.921355431,,0.000120441,,0.000120441,0,1,0,1,7649.835864,7649.835864,7649.835864,0,0,0,0,0,0
15415126.94,5046944.148,15418126.94,5046944.148,15418126.94,5043944.148,15415126.94,5043944.148,63515106.93,0,0,0,0,0,0,0,0,0,0,,0,,0,0,0,0,0,0,0,0,0,0,0,0,0,0
15415126.94,5043944.148,15418126.94,5043944.148,15418126.94,5040944.148,15415126.94,5040944.148,63515106.93,7.87E-09,7.87E-09,3429.219602,1714.609801,1714.609801,0,0,0,0.092572835,0.046286418,,2.70E-05,,2.70E-05,0.5,1,0.5,1,1714.609801,1714.609801,1714.609801,0,0,1,0,7.87E-09,31757553.47
15415126.94,5040944.148,15418126.94,5040944.148,15418126.94,5037944.148,15415126.94,5037944.148,63515106.93,7.87E-09,7.87E-09,9292.984963,1461.645248,3184.847234,0,0,0,0.679834875,0.169958719,,7.32E-05,,7.32E-05,0.5,2,0.5,2,2323.246241,1461.645248,3184.847234,0,0,1,0,7.87E-09,31757553.47
15415126.94,5037944.148,15418126.94,5037944.148,15418126.94,5034944.148,15415126.94,5034944.148,63515106.93,0,0,0,8758.58954,8758.58954,0,0,0,0,1.207789681,,0.000137898,,0.000137898,0,1,0,1,8758.58954,8758.58954,8758.58954,0,0,0,0,0,0
15415126.94,5034944.148,15418126.94,5034944.148,15418126.94,5031944.148,15415126.94,5031944.148,63515106.93,0,0,0,8188.127428,8188.127428,0,0,0,0,1.055582428,,0.000128916,,0.000128916,0,1,0,1,8188.127428,8188.127428,8188.127428,0,0,0,0,0,0
15415126.94,5031944.148,15418126.94,5031944.148,15418126.94,5028944.148,15415126.94,5028944.148,63515106.93,0,0,0,0,0,0,0,0,0,0,,0,,0,0,0,0,0,0,0,0,0,0,0,0,0,0
15415126.94,5028944.148,15418126.94,5028944.148,15418126.94,5025944.148,15415126.94,5025944.148,63515106.93,0,0,0,0,0,0,0,0,0,0,,0,,0,0,0,0,0,0,0,0,0,0,0,0,0,0
15415126.94,5025944.148,15418126.94,5025944.148,15418126.94,5022944.148,15415126.94,5022944.148,63515106.93,0,0,0,0,0,0,0,0,0,0,,0,,0,0,0,0,0,0,0,0,0,0,0,0,0,0
15415126.94,5022944.148,15418126.94,5022944.148,15418126.94,5019944.148,15415126.94,5019944.148,63515106.93,0,0,0,0,0,0,0,0,0,0,,0,,0,0,0,0,0,0,0,0,0,0,0,0,0,0
15415126.94,5019944.148,15418126.94,5019944.148,15418126.94,5016944.148,15415126.94,5016944.148,63515106.93,0,0,0,0,0,0,0,0,0,0,,0,,0,0,0,0,0,0,0,0,0,0,0,0,0,0
15415126.94,5016944.148,15418126.94,5016944.148,15418126.94,5013944.148,15415126.94,5013944.148,63515106.93,0,0,0,0,0,0,0,0,0,0,,0,,0,0,0,0,0,0,0,0,0,0,0,0,0,0
15415126.94,5013944.148,15418126.94,5013944.148,15418126.94,5010944.148,15415126.94,5010944.148,63515106.93,0,0,0,0,0,0,0,0,0,0,,0,,0,0,0,0,0,0,0,0,0,0,0,0,0,0
15415126.94,5010944.148,15418126.94,5010944.148,15418126.94,5007944.148,15415126.94,5007944.148,63515106.93,0,0,0,0,0,0,0,0,0,0,,0,,0,0,0,0,0,0,0,0,0,0,0,0,0,0
15415126.94,5007944.148,15418126.94,5007944.148,15418126.94,5004944.148,15415126.94,5004944.148,63515106.93,0,0,0,0,0,0,0,0,0,0,,0,,0,0,0,0,0,0,0,0,0,0,0,0,0,0
15415126.94,5004944.148,15418126.94,5004944.148,15418126.94,5001944.148,15415126.94,5001944.148,63515106.93,0,0,0,0,0,0,0,0,0,0,,0,,0,0,0,0,0,0,0,0,0,0,0,0,0,0
15415126.94,5001944.148,15418126.94,5001944.148,15418126.94,4998944.148,15415126.94,4998944.148,63515106.93,0,0,0,0,0,0,0,0,0,0,,0,,0,0,0,0,0,0,0,0,0,0,0,0,0,0
15415126.94,4998944.148,15418126.94,4998944.148,15418126.94,4995944.148,15415126.94,4995944.148,63515106.93,0,0,0,0,0,0,0,0,0,0,,0,,0,0,0,0,0,0,0,0,0,0,0,0,0,0
15415126.94,4995944.148,15418126.94,4995944.148,15418126.94,4992944.148,15415126.94,4992944.148,63515106.93,0,0,0,0,0,0,0,0,0,0,,0,,0,0,0,0,0,0,0,0,0,0,0,0,0,0
15415126.94,4992944.148,15418126.94,4992944.148,15418126.94,4989944.148,15415126.94,4989944.148,63515106.93,0,0,0,0,0,0,0,0,0,0,,0,,0,0,0,0,0,0,0,0,0,0,0,0,0,0
15415126.94,4989944.148,15418126.94,4989944.148,15418126.94,4986944.148,15415126.94,4986944.148,63515106.93,0,0,0,0,0,0,0,0,0,0,,0,,0,0,0,0,0,0,0,0,0,0,0,0,0,0
15415126.94,4986944.148,15418126.94,4986944.148,15418126.94,4983944.148,15415126.94,4983944.148,63515106.93,0,0,0,0,0,0,0,0,0,0,,0,,0,0,0,0,0,0,0,0,0,0,0,0,0,0
15415126.94,4983944.148,15418126.94,4983944.148,15418126.94,4980944.148,15415126.94,4980944.148,63515106.93,0,0,0,0,0,0,0,0,0,0,,0,,0,0,0,0,0,0,0,0,0,0,0,0,0,0
15415126.94,4980944.148,15418126.94,4980944.148,15418126.94,4977944.148,15415126.94,4977944.148,63515106.93,0,0,0,0,0,0,0,0,0,0,,0,,0,0,0,0,0,0,0,0,0,0,0,0,0,0
15415126.94,4977944.148,15418126.94,4977944.148,15418126.94,4974944.148,15415126.94,4974944.148,63515106.93,0,0,0,0,0,0,0,0,0,0,,0,,0,0,0,0,0,0,0,0,0,0,0,0,0,0
15415126.94,4974944.148,15418126.94,4974944.148,15418126.94,4971944.148,15415126.94,4971944.148,63515106.93,0,0,0,0,0,0,0,0,0,0,,0,,0,0,0,0,0,0,0,0,0,0,0,0,0,0
15415126.94,4971944.148,15418126.94,4971944.148,15418126.94,4968944.148,15415126.94,4968944.148,63515106.93,0,0,0,0,0,0,0,0,0,0,,0,,0,0,0,0,0,0,0,0,0,0,0,0,0,0
15415126.94,4968944.148,15418126.94,4968944.148,15418126.94,4965944.148,15415126.94,4965944.148,63515106.93,0,0,0,0,0,0,0,0,0,0,,0,,0,0,0,0,0,0,0,0,0,0,0,0,0,0
15415126.94,4965944.148,15418126.94,4965944.148,15418126.94,4962944.148,15415126.94,4962944.148,63515106.93,0,0,0,0,0,0,0,0,0,0,,0,,0,0,0,0,0,0,0,0,0,0,0,0,0,0
15415126.94,4962944.148,15418126.94,4962944.148,15418126.94,4959944.148,15415126.94,4959944.148,63515106.93,0,0,0,0,0,0,0,0,0,0,,0,,0,0,0,0,0,0,0,0,0,0,0,0,0,0
15415126.94,4959944.148,15418126.94,4959944.148,15418126.94,4956944.148,15415126.94,4956944.148,63515106.93,0,0,0,0,0,0,0,0,0,0,,0,,0,0,0,0,0,0,0,0,0,0,0,0,0,0
15415126.94,4956944.148,15418126.94,4956944.148,15418126.94,4953944.148,15415126.94,4953944.148,63515106.93,0,0,0,0,0,0,0,0,0,0,,0,,0,0,0,0,0,0,0,0,0,0,0,0,0,0
15415126.94,4953944.148,15418126.94,4953944.148,15418126.94,4950944.148,15415126.94,4950944.148,63515106.93,0,0,0,0,0,0,0,0,0,0,,0,,0,0,0,0,0,0,0,0,0,0,0,0,0,0
15415126.94,4950944.148,15418126.94,4950944.148,15418126.94,4947944.148,15415126.94,4947944.148,63515106.93,0,0,0,0,0,0,0,0,0,0,,0,,0,0,0,0,0,0,0,0,0,0,0,0,0,0
15415126.94,4947944.148,15418126.94,4947944.148,15418126.94,4944944.148,15415126.94,4944944.148,63515106.93,0,0,0,0,0,0,0,0,0,0,,0,,0,0,0,0,0,0,0,0,0,0,0,0,0,0
15415126.94,4944944.148,15418126.94,4944944.148,15418126.94,4941944.148,15415126.94,4941944.148,63515106.93,0,0,0,0,0,0,0,0,0,0,,0,,0,0,0,0,0,0,0,0,0,0,0,0,0,0
15418126.94,5088944.148,15421126.94,5088944.148,15421126.94,5085944.148,15418126.94,5085944.148,63515106.93,0,0,0,8094.661642,8094.661642,0,0,0,0,1.031621456,,0.000127445,,0.000127445,0,1,0,1,8094.661642,8094.661642,8094.661642,0,0,0,0,0,0
15418126.94,5085944.148,15421126.94,5085944.148,15421126.94,5082944.148,15418126.94,5082944.148,63515106.93,0,0,0,8761.05436,8761.05436,0,0,0,0,1.208469563,,0.000137937,,0.000137937,0,1,0,1,8761.05436,8761.05436,8761.05436,0,0,0,0,0,0
15418126.94,5082944.148,15421126.94,5082944.148,15421126.94,5079944.148,15418126.94,5079944.148,63515106.93,0,0,0,4460.25758,4460.25758,0,0,0,0,0.313215212,,7.02E-05,,7.02E-05,0,1,0,1,4460.25758,4460.25758,4460.25758,0,0,0,0,0,0
15418126.94,5079944.148,15421126.94,5079944.148,15421126.94,5076944.148,15418126.94,5076944.148,63515106.93,7.87E-09,7.87E-09,1887.764768,943.8823842,943.8823842,0,0,0,0.028053608,0.014026804,,1.49E-05,,1.49E-05,0.5,1,0.5,1,943.8823842,943.8823842,943.8823842,0,0,1,0,7.87E-09,31757553.47
15418126.94,5076944.148,15421126.94,5076944.148,15421126.94,5073944.148,15418126.94,5073944.148,63515106.93,7.87E-09,7.87E-09,2722.905034,1361.452517,1361.452517,0,0,0,0.058365735,0.029182868,,2.14E-05,,2.14E-05,0.5,1,0.5,1,1361.452517,1361.452517,1361.452517,0,0,1,0,7.87E-09,31757553.47
15418126.94,5073944.148,15421126.94,5073944.148,15421126.94,5070944.148,15418126.94,5070944.148,63515106.93,0,0,0,0,0,0,0,0,0,0,,0,,0,0,0,0,0,0,0,0,0,0,0,0,0,0
15418126.94,5070944.148,15421126.94,5070944.148,15421126.94,5067944.148,15418126.94,5067944.148,63515106.93,0,0,0,0,0,0,0,0,0,0,,0,,0,0,0,0,0,0,0,0,0,0,0,0,0,0
15418126.94,5067944.148,15421126.94,5067944.148,15421126.94,5064944.148,15418126.94,5064944.148,63515106.93,0,0,0,0,0,0,0,0,0,0,,0,,0,0,0,0,0,0,0,0,0,0,0,0,0,0
15418126.94,5064944.148,15421126.94,5064944.148,15421126.94,5061944.148,15418126.94,5061944.148,63515106.93,0,0,0,0,0,0,0,0,0,0,,0,,0,0,0,0,0,0,0,0,0,0,0,0,0,0
15418126.94,5061944.148,15421126.94,5061944.148,15421126.94,5058944.148,15418126.94,5058944.148,63515106.93,0,0,0,0,0,0,0,0,0,0,,0,,0,0,0,0,0,0,0,0,0,0,0,0,0,0
15418126.94,5058944.148,15421126.94,5058944.148,15421126.94,5055944.148,15418126.94,5055944.148,63515106.93,0,0,0,0,0,0,0,0,0,0,,0,,0,0,0,0,0,0,0,0,0,0,0,0,0,0
15418126.94,5055944.148,15421126.94,5055944.148,15421126.94,5052944.148,15418126.94,5052944.148,63515106.93,0,0,0,5436.08408,5436.08408,0,0,0,0,0.465259551,,8.56E-05,,8.56E-05,0,1,0,1,5436.08408,5436.08408,5436.08408,0,0,0,0,0,0
15418126.94,5052944.148,15421126.94,5052944.148,15421126.94,5049944.148,15418126.94,5049944.148,63515106.93,7.87E-09,7.87E-09,15445.30707,7722.653537,7722.653537,0,0,0,1.87795882,0.93897941,,0.000121588,,0.000121588,0.5,1,0.5,1,7722.653537,7722.653537,7722.653537,0,0,1,0,7.87E-09,31757553.47
15418126.94,5049944.148,15421126.94,5049944.148,15421126.94,5046944.148,15418126.94,5046944.148,63515106.93,7.87E-09,7.87E-09,14220.5635,7110.281751,7110.281751,0,0,0,1.591939588,0.795969794,,0.000111946,,0.000111946,0.5,1,0.5,1,7110.281751,7110.281751,7110.281751,0,0,1,0,7.87E-09,31757553.47
15418126.94,5046944.148,15421126.94,5046944.148,15421126.94,5043944.148,15418126.94,5043944.148,63515106.93,7.87E-09,7.87E-09,3820.478275,1910.239137,1910.239137,0,0,0,0.114902225,0.057451113,,3.01E-05,,3.01E-05,0.5,1,0.5,1,1910.239137,1910.239137,1910.239137,0,0,1,0,7.87E-09,31757553.47
15418126.94,5043944.148,15421126.94,5043944.148,15421126.94,5040944.148,15418126.94,5040944.148,63515106.93,7.87E-09,7.87E-09,9206.507122,4603.253561,4603.253561,0,0,0,0.667241051,0.333620525,,7.25E-05,,7.25E-05,0.5,1,0.5,1,4603.253561,4603.253561,4603.253561,0,0,1,0,7.87E-09,31757553.47
15418126.94,5040944.148,15421126.94,5040944.148,15421126.94,5037944.148,15418126.94,5037944.148,63515106.93,7.87E-09,7.87E-09,9416.323405,4708.161702,4708.161702,0,0,0,0.69800045,0.349000225,,7.41E-05,,7.41E-05,0.5,1,0.5,1,4708.161702,4708.161702,4708.161702,0,0,1,0,7.87E-09,31757553.47
15418126.94,5037944.148,15421126.94,5037944.148,15421126.94,5034944.148,15418126.94,5034944.148,63515106.93,7.87E-09,7.87E-09,12605.49884,6302.749419,6302.749419,0,0,0,1.250872498,0.625436249,,9.92E-05,,9.92E-05,0.5,1,0.5,1,6302.749419,6302.749419,6302.749419,0,0,1,0,7.87E-09,31757553.47
15418126.94,5034944.148,15421126.94,5034944.148,15421126.94,5031944.148,15418126.94,5031944.148,63515106.93,7.87E-09,7.87E-09,11971.62823,5985.814116,5985.814116,0,0,0,1.1282346,0.5641173,,9.42E-05,,9.42E-05,0.5,1,0.5,1,5985.814116,5985.814116,5985.814116,0,0,1,0,7.87E-09,31757553.47
15418126.94,5031944.148,15421126.94,5031944.148,15421126.94,5028944.148,15418126.94,5028944.148,63515106.93,0,0,0,2571.725296,2571.725296,0,0,0,0,0.104129101,,4.05E-05,,4.05E-05,0,1,0,1,2571.725296,2571.725296,2571.725296,0,0,0,0,0,0
15418126.94,5028944.148,15421126.94,5028944.148,15421126.94,5025944.148,15418126.94,5025944.148,63515106.93,0,0,0,0,0,0,0,0,0,0,,0,,0,0,0,0,0,0,0,0,0,0,0,0,0,0
15418126.94,5025944.148,15421126.94,5025944.148,15421126.94,5022944.148,15418126.94,5022944.148,63515106.93,0,0,0,0,0,0,0,0,0,0,,0,,0,0,0,0,0,0,0,0,0,0,0,0,0,0
15418126.94,5022944.148,15421126.94,5022944.148,15421126.94,5019944.148,15418126.94,5019944.148,63515106.93,0,0,0,0,0,0,0,0,0,0,,0,,0,0,0,0,0,0,0,0,0,0,0,0,0,0
15418126.94,5019944.148,15421126.94,5019944.148,15421126.94,5016944.148,15418126.94,5016944.148,63515106.93,0,0,0,0,0,0,0,0,0,0,,0,,0,0,0,0,0,0,0,0,0,0,0,0,0,0
15418126.94,5016944.148,15421126.94,5016944.148,15421126.94,5013944.148,15418126.94,5013944.148,63515106.93,0,0,0,0,0,0,0,0,0,0,,0,,0,0,0,0,0,0,0,0,0,0,0,0,0,0
15418126.94,5013944.148,15421126.94,5013944.148,15421126.94,5010944.148,15418126.94,5010944.148,63515106.93,0,0,0,0,0,0,0,0,0,0,,0,,0,0,0,0,0,0,0,0,0,0,0,0,0,0
15418126.94,5010944.148,15421126.94,5010944.148,15421126.94,5007944.148,15418126.94,5007944.148,63515106.93,0,0,0,0,0,0,0,0,0,0,,0,,0,0,0,0,0,0,0,0,0,0,0,0,0,0
15418126.94,5007944.148,15421126.94,5007944.148,15421126.94,5004944.148,15418126.94,5004944.148,63515106.93,0,0,0,0,0,0,0,0,0,0,,0,,0,0,0,0,0,0,0,0,0,0,0,0,0,0
15418126.94,5004944.148,15421126.94,5004944.148,15421126.94,5001944.148,15418126.94,5001944.148,63515106.93,0,0,0,0,0,0,0,0,0,0,,0,,0,0,0,0,0,0,0,0,0,0,0,0,0,0
15418126.94,5001944.148,15421126.94,5001944.148,15421126.94,4998944.148,15418126.94,4998944.148,63515106.93,0,0,0,0,0,0,0,0,0,0,,0,,0,0,0,0,0,0,0,0,0,0,0,0,0,0
15418126.94,4998944.148,15421126.94,4998944.148,15421126.94,4995944.148,15418126.94,4995944.148,63515106.93,0,0,0,0,0,0,0,0,0,0,,0,,0,0,0,0,0,0,0,0,0,0,0,0,0,0
15418126.94,4995944.148,15421126.94,4995944.148,15421126.94,4992944.148,15418126.94,4992944.148,63515106.93,0,0,0,0,0,0,0,0,0,0,,0,,0,0,0,0,0,0,0,0,0,0,0,0,0,0
15418126.94,4992944.148,15421126.94,4992944.148,15421126.94,4989944.148,15418126.94,4989944.148,63515106.93,0,0,0,0,0,0,0,0,0,0,,0,,0,0,0,0,0,0,0,0,0,0,0,0,0,0
15418126.94,4989944.148,15421126.94,4989944.148,15421126.94,4986944.148,15418126.94,4986944.148,63515106.93,0,0,0,0,0,0,0,0,0,0,,0,,0,0,0,0,0,0,0,0,0,0,0,0,0,0
15418126.94,4986944.148,15421126.94,4986944.148,15421126.94,4983944.148,15418126.94,4983944.148,63515106.93,0,0,0,0,0,0,0,0,0,0,,0,,0,0,0,0,0,0,0,0,0,0,0,0,0,0
15418126.94,4983944.148,15421126.94,4983944.148,15421126.94,4980944.148,15418126.94,4980944.148,63515106.93,0,0,0,0,0,0,0,0,0,0,,0,,0,0,0,0,0,0,0,0,0,0,0,0,0,0
15418126.94,4980944.148,15421126.94,4980944.148,15421126.94,4977944.148,15418126.94,4977944.148,63515106.93,0,0,0,0,0,0,0,0,0,0,,0,,0,0,0,0,0,0,0,0,0,0,0,0,0,0
15418126.94,4977944.148,15421126.94,4977944.148,15421126.94,4974944.148,15418126.94,4974944.148,63515106.93,0,0,0,0,0,0,0,0,0,0,,0,,0,0,0,0,0,0,0,0,0,0,0,0,0,0
15418126.94,4974944.148,15421126.94,4974944.148,15421126.94,4971944.148,15418126.94,4971944.148,63515106.93,0,0,0,0,0,0,0,0,0,0,,0,,0,0,0,0,0,0,0,0,0,0,0,0,0,0
15418126.94,4971944.148,15421126.94,4971944.148,15421126.94,4968944.148,15418126.94,4968944.148,63515106.93,0,0,0,0,0,0,0,0,0,0,,0,,0,0,0,0,0,0,0,0,0,0,0,0,0,0
15418126.94,4968944.148,15421126.94,4968944.148,15421126.94,4965944.148,15418126.94,4965944.148,63515106.93,0,0,0,0,0,0,0,0,0,0,,0,,0,0,0,0,0,0,0,0,0,0,0,0,0,0
15418126.94,4965944.148,15421126.94,4965944.148,15421126.94,4962944.148,15418126.94,4962944.148,63515106.93,0,0,0,0,0,0,0,0,0,0,,0,,0,0,0,0,0,0,0,0,0,0,0,0,0,0
15418126.94,4962944.148,15421126.94,4962944.148,15421126.94,4959944.148,15418126.94,4959944.148,63515106.93,0,0,0,0,0,0,0,0,0,0,,0,,0,0,0,0,0,0,0,0,0,0,0,0,0,0
15418126.94,4959944.148,15421126.94,4959944.148,15421126.94,4956944.148,15418126.94,4956944.148,63515106.93,0,0,0,0,0,0,0,0,0,0,,0,,0,0,0,0,0,0,0,0,0,0,0,0,0,0
15418126.94,4956944.148,15421126.94,4956944.148,15421126.94,4953944.148,15418126.94,4953944.148,63515106.93,0,0,0,0,0,0,0,0,0,0,,0,,0,0,0,0,0,0,0,0,0,0,0,0,0,0
15418126.94,4953944.148,15421126.94,4953944.148,15421126.94,4950944.148,15418126.94,4950944.148,63515106.93,0,0,0,0,0,0,0,0,0,0,,0,,0,0,0,0,0,0,0,0,0,0,0,0,0,0
15418126.94,4950944.148,15421126.94,4950944.148,15421126.94,4947944.148,15418126.94,4947944.148,63515106.93,0,0,0,0,0,0,0,0,0,0,,0,,0,0,0,0,0,0,0,0,0,0,0,0,0,0
15418126.94,4947944.148,15421126.94,4947944.148,15421126.94,4944944.148,15418126.94,4944944.148,63515106.93,0,0,0,0,0,0,0,0,0,0,,0,,0,0,0,0,0,0,0,0,0,0,0,0,0,0
15418126.94,4944944.148,15421126.94,4944944.148,15421126.94,4941944.148,15418126.94,4941944.148,63515106.93,0,0,0,0,0,0,0,0,0,0,,0,,0,0,0,0,0,0,0,0,0,0,0,0,0,0
15421126.94,5088944.148,15424126.94,5088944.148,15424126.94,5085944.148,15421126.94,5085944.148,63515106.93,7.87E-09,7.87E-09,12843.24175,6421.620876,6421.620876,0,0,0,1.298500992,0.649250496,,0.000101104,,0.000101104,0.5,1,0.5,1,6421.620876,6421.620876,6421.620876,0,0,1,0,7.87E-09,31757553.47
15421126.94,5085944.148,15424126.94,5085944.148,15424126.94,5082944.148,15421126.94,5082944.148,63515106.93,7.87E-09,7.87E-09,13822.02366,6911.01183,6911.01183,0,0,0,1.503959824,0.751979912,,0.000108809,,0.000108809,0.5,1,0.5,1,6911.01183,6911.01183,6911.01183,0,0,1,0,7.87E-09,31757553.47
15421126.94,5082944.148,15424126.94,5082944.148,15424126.94,5079944.148,15421126.94,5079944.148,63515106.93,0,0,0,3618.980294,3618.980294,0,0,0,0,0.206203201,,5.70E-05,,5.70E-05,0,1,0,1,3618.980294,3618.980294,3618.980294,0,0,0,0,0,0
15421126.94,5079944.148,15424126.94,5079944.148,15424126.94,5076944.148,15421126.94,5076944.148,63515106.93,7.87E-09,7.87E-09,7516.738675,3758.369337,3758.369337,0,0,0,0.444786784,0.222393392,,5.92E-05,,5.92E-05,0.5,1,0.5,1,3758.369337,3758.369337,3758.369337,0,0,1,0,7.87E-09,31757553.47
15421126.94,5076944.148,15424126.94,5076944.148,15424126.94,5073944.148,15421126.94,5073944.148,63515106.93,7.87E-09,7.87E-09,8892.998744,4446.499372,4446.499372,0,0,0,0.622571782,0.311285891,,7.00E-05,,7.00E-05,0.5,1,0.5,1,4446.499372,4446.499372,4446.499372,0,0,1,0,7.87E-09,31757553.47
15421126.94,5073944.148,15424126.94,5073944.148,15424126.94,5070944.148,15421126.94,5070944.148,63515106.93,7.87E-09,7.87E-09,4903.217771,2451.608885,2451.608885,0,0,0,0.189258475,0.094629237,,3.86E-05,,3.86E-05,0.5,1,0.5,1,2451.608885,2451.608885,2451.608885,0,0,1,0,7.87E-09,31757553.47
15421126.94,5070944.148,15424126.94,5070944.148,15424126.94,5067944.148,15421126.94,5067944.148,63515106.93,0,0,0,0,0,0,0,0,0,0,,0,,0,0,0,0,0,0,0,0,0,0,0,0,0,0
15421126.94,5067944.148,15424126.94,5067944.148,15424126.94,5064944.148,15421126.94,5064944.148,63515106.93,0,0,0,0,0,0,0,0,0,0,,0,,0,0,0,0,0,0,0,0,0,0,0,0,0,0
15421126.94,5064944.148,15424126.94,5064944.148,15424126.94,5061944.148,15421126.94,5061944.148,63515106.93,0,0,0,0,0,0,0,0,0,0,,0,,0,0,0,0,0,0,0,0,0,0,0,0,0,0
15421126.94,5061944.148,15424126.94,5061944.148,15424126.94,5058944.148,15421126.94,5058944.148,63515106.93,0,0,0,0,0,0,0,0,0,0,,0,,0,0,0,0,0,0,0,0,0,0,0,0,0,0
15421126.94,5058944.148,15424126.94,5058944.148,15424126.94,5055944.148,15421126.94,5055944.148,63515106.93,0,0,0,0,0,0,0,0,0,0,,0,,0,0,0,0,0,0,0,0,0,0,0,0,0,0
15421126.94,5055944.148,15424126.94,5055944.148,15424126.94,5052944.148,15421126.94,5052944.148,63515106.93,7.87E-09,7.87E-09,5998.698782,2999.349391,2999.349391,0,0,0,0.283274238,0.141637119,,4.72E-05,,4.72E-05,0.5,1,0.5,1,2999.349391,2999.349391,2999.349391,0,0,1,0,7.87E-09,31757553.47
15421126.94,5052944.148,15424126.94,5052944.148,15424126.94,5049944.148,15421126.94,5049944.148,63515106.93,7.87E-09,7.87E-09,9460.70184,4730.35092,4730.35092,0,0,0,0.704595203,0.352297601,,7.45E-05,,7.45E-05,0.5,1,0.5,1,4730.35092,4730.35092,4730.35092,0,0,1,0,7.87E-09,31757553.47
15421126.94,5049944.148,15424126.94,5049944.148,15424126.94,5046944.148,15421126.94,5046944.148,63515106.93,7.87E-09,7.87E-09,8152.256393,4076.128196,4076.128196,0,0,0,0.523176985,0.261588492,,6.42E-05,,6.42E-05,0.5,1,0.5,1,4076.128196,4076.128196,4076.128196,0,0,1,0,7.87E-09,31757553.47
15421126.94,5046944.148,15424126.94,5046944.148,15424126.94,5043944.148,15421126.94,5043944.148,63515106.93,0,0,0,1745.112316,1745.112316,0,0,0,0,0.047947916,,2.75E-05,,2.75E-05,0,1,0,1,1745.112316,1745.112316,1745.112316,0,0,0,0,0,0
15421126.94,5043944.148,15424126.94,5043944.148,15424126.94,5040944.148,15421126.94,5040944.148,63515106.93,7.87E-09,7.87E-09,15138.59635,7569.298175,7569.298175,0,0,0,1.804114883,0.902057441,,0.000119173,,0.000119173,0.5,1,0.5,1,7569.298175,7569.298175,7569.298175,0,0,1,0,7.87E-09,31757553.47
15421126.94,5040944.148,15424126.94,5040944.148,15424126.94,5037944.148,15421126.94,5037944.148,63515106.93,7.87E-09,7.87E-09,15484.36694,7742.183472,7742.183472,0,0,0,1.887469228,0.943734614,,0.000121895,,0.000121895,0.5,1,0.5,1,7742.183472,7742.183472,7742.183472,0,0,1,0,7.87E-09,31757553.47
15421126.94,5037944.148,15424126.94,5037944.148,15424126.94,5034944.148,15421126.94,5034944.148,63515106.93,7.87E-09,7.87E-09,7702.868196,740.6655915,3110.768507,0,0,0,0.467087133,0.116771783,,6.06E-05,,6.06E-05,0.5,2,0.5,2,1925.717049,740.6655915,3110.768507,0,0,1,0,7.87E-09,31757553.47
15421126.94,5034944.148,15424126.94,5034944.148,15424126.94,5031944.148,15421126.94,5031944.148,63515106.93,7.87E-09,7.87E-09,6263.479817,3131.739909,3131.739909,0,0,0,0.308833452,0.154416726,,4.93E-05,,4.93E-05,0.5,1,0.5,1,3131.739909,3131.739909,3131.739909,0,0,1,0,7.87E-09,31757553.47
15421126.94,5031944.148,15424126.94,5031944.148,15424126.94,5028944.148,15421126.94,5028944.148,63515106.93,7.87E-09,7.87E-09,1017.01127,508.5056349,508.5056349,0,0,0,0.008142251,0.004071126,,8.01E-06,,8.01E-06,0.5,1,0.5,1,508.5056349,508.5056349,508.5056349,0,0,1,0,7.87E-09,31757553.47
15421126.94,5028944.148,15424126.94,5028944.148,15424126.94,5025944.148,15421126.94,5025944.148,63515106.93,0,0,0,0,0,0,0,0,0,0,,0,,0,0,0,0,0,0,0,0,0,0,0,0,0,0
15421126.94,5025944.148,15424126.94,5025944.148,15424126.94,5022944.148,15421126.94,5022944.148,63515106.93,0,0,0,0,0,0,0,0,0,0,,0,,0,0,0,0,0,0,0,0,0,0,0,0,0,0
15421126.94,5022944.148,15424126.94,5022944.148,15424126.94,5019944.148,15421126.94,5019944.148,63515106.93,0,0,0,0,0,0,0,0,0,0,,0,,0,0,0,0,0,0,0,0,0,0,0,0,0,0
15421126.94,5019944.148,15424126.94,5019944.148,15424126.94,5016944.148,15421126.94,5016944.148,63515106.93,0,0,0,0,0,0,0,0,0,0,,0,,0,0,0,0,0,0,0,0,0,0,0,0,0,0
15421126.94,5016944.148,15424126.94,5016944.148,15424126.94,5013944.148,15421126.94,5013944.148,63515106.93,0,0,0,0,0,0,0,0,0,0,,0,,0,0,0,0,0,0,0,0,0,0,0,0,0,0
15421126.94,5013944.148,15424126.94,5013944.148,15424126.94,5010944.148,15421126.94,5010944.148,63515106.93,0,0,0,0,0,0,0,0,0,0,,0,,0,0,0,0,0,0,0,0,0,0,0,0,0,0
15421126.94,5010944.148,15424126.94,5010944.148,15424126.94,5007944.148,15421126.94,5007944.148,63515106.93,0,0,0,0,0,0,0,0,0,0,,0,,0,0,0,0,0,0,0,0,0,0,0,0,0,0
15421126.94,5007944.148,15424126.94,5007944.148,15424126.94,5004944.148,15421126.94,5004944.148,63515106.93,0,0,0,0,0,0,0,0,0,0,,0,,0,0,0,0,0,0,0,0,0,0,0,0,0,0
15421126.94,5004944.148,15424126.94,5004944.148,15424126.94,5001944.148,15421126.94,5001944.148,63515106.93,0,0,0,0,0,0,0,0,0,0,,0,,0,0,0,0,0,0,0,0,0,0,0,0,0,0
15421126.94,5001944.148,15424126.94,5001944.148,15424126.94,4998944.148,15421126.94,4998944.148,63515106.93,0,0,0,0,0,0,0,0,0,0,,0,,0,0,0,0,0,0,0,0,0,0,0,0,0,0
15421126.94,4998944.148,15424126.94,4998944.148,15424126.94,4995944.148,15421126.94,4995944.148,63515106.93,0,0,0,0,0,0,0,0,0,0,,0,,0,0,0,0,0,0,0,0,0,0,0,0,0,0
15421126.94,4995944.148,15424126.94,4995944.148,15424126.94,4992944.148,15421126.94,4992944.148,63515106.93,0,0,0,0,0,0,0,0,0,0,,0,,0,0,0,0,0,0,0,0,0,0,0,0,0,0
15421126.94,4992944.148,15424126.94,4992944.148,15424126.94,4989944.148,15421126.94,4989944.148,63515106.93,0,0,0,0,0,0,0,0,0,0,,0,,0,0,0,0,0,0,0,0,0,0,0,0,0,0
15421126.94,4989944.148,15424126.94,4989944.148,15424126.94,4986944.148,15421126.94,4986944.148,63515106.93,0,0,0,0,0,0,0,0,0,0,,0,,0,0,0,0,0,0,0,0,0,0,0,0,0,0
15421126.94,4986944.148,15424126.94,4986944.148,15424126.94,4983944.148,15421126.94,4983944.148,63515106.93,0,0,0,0,0,0,0,0,0,0,,0,,0,0,0,0,0,0,0,0,0,0,0,0,0,0
15421126.94,4983944.148,15424126.94,4983944.148,15424126.94,4980944.148,15421126.94,4980944.148,63515106.93,0,0,0,0,0,0,0,0,0,0,,0,,0,0,0,0,0,0,0,0,0,0,0,0,0,0
15421126.94,4980944.148,15424126.94,4980944.148,15424126.94,4977944.148,15421126.94,4977944.148,63515106.93,0,0,0,0,0,0,0,0,0,0,,0,,0,0,0,0,0,0,0,0,0,0,0,0,0,0
15421126.94,4977944.148,15424126.94,4977944.148,15424126.94,4974944.148,15421126.94,4974944.148,63515106.93,0,0,0,0,0,0,0,0,0,0,,0,,0,0,0,0,0,0,0,0,0,0,0,0,0,0
15421126.94,4974944.148,15424126.94,4974944.148,15424126.94,4971944.148,15421126.94,4971944.148,63515106.93,0,0,0,0,0,0,0,0,0,0,,0,,0,0,0,0,0,0,0,0,0,0,0,0,0,0
15421126.94,4971944.148,15424126.94,4971944.148,15424126.94,4968944.148,15421126.94,4968944.148,63515106.93,0,0,0,0,0,0,0,0,0,0,,0,,0,0,0,0,0,0,0,0,0,0,0,0,0,0
15421126.94,4968944.148,15424126.94,4968944.148,15424126.94,4965944.148,15421126.94,4965944.148,63515106.93,0,0,0,0,0,0,0,0,0,0,,0,,0,0,0,0,0,0,0,0,0,0,0,0,0,0
15421126.94,4965944.148,15424126.94,4965944.148,15424126.94,4962944.148,15421126.94,4962944.148,63515106.93,0,0,0,0,0,0,0,0,0,0,,0,,0,0,0,0,0,0,0,0,0,0,0,0,0,0
15421126.94,4962944.148,15424126.94,4962944.148,15424126.94,4959944.148,15421126.94,4959944.148,63515106.93,0,0,0,0,0,0,0,0,0,0,,0,,0,0,0,0,0,0,0,0,0,0,0,0,0,0
15421126.94,4959944.148,15424126.94,4959944.148,15424126.94,4956944.148,15421126.94,4956944.148,63515106.93,0,0,0,0,0,0,0,0,0,0,,0,,0,0,0,0,0,0,0,0,0,0,0,0,0,0
15421126.94,4956944.148,15424126.94,4956944.148,15424126.94,4953944.148,15421126.94,4953944.148,63515106.93,0,0,0,0,0,0,0,0,0,0,,0,,0,0,0,0,0,0,0,0,0,0,0,0,0,0
15421126.94,4953944.148,15424126.94,4953944.148,15424126.94,4950944.148,15421126.94,4950944.148,63515106.93,0,0,0,0,0,0,0,0,0,0,,0,,0,0,0,0,0,0,0,0,0,0,0,0,0,0
15421126.94,4950944.148,15424126.94,4950944.148,15424126.94,4947944.148,15421126.94,4947944.148,63515106.93,0,0,0,0,0,0,0,0,0,0,,0,,0,0,0,0,0,0,0,0,0,0,0,0,0,0
15421126.94,4947944.148,15424126.94,4947944.148,15424126.94,4944944.148,15421126.94,4944944.148,63515106.93,0,0,0,0,0,0,0,0,0,0,,0,,0,0,0,0,0,0,0,0,0,0,0,0,0,0
15421126.94,4944944.148,15424126.94,4944944.148,15424126.94,4941944.148,15421126.94,4941944.148,63515106.93,0,0,0,0,0,0,0,0,0,0,,0,,0,0,0,0,0,0,0,0,0,0,0,0,0,0
15424126.94,5088944.148,15427126.94,5088944.148,15427126.94,5085944.148,15424126.94,5085944.148,63515106.93,7.87E-09,7.87E-09,7016.227506,3508.113753,3508.113753,0,0,0,0.38752551,0.193762755,,5.52E-05,,5.52E-05,0.5,1,0.5,1,3508.113753,3508.113753,3508.113753,0,0,1,0,7.87E-09,31757553.47
15424126.94,5085944.148,15427126.94,5085944.148,15427126.94,5082944.148,15424126.94,5082944.148,63515106.93,7.87E-09,7.87E-09,7745.287284,3872.643642,3872.643642,0,0,0,0.472245722,0.236122861,,6.10E-05,,6.10E-05,0.5,1,0.5,1,3872.643642,3872.643642,3872.643642,0,0,1,0,7.87E-09,31757553.47
15424126.94,5082944.148,15427126.94,5082944.148,15427126.94,5079944.148,15424126.94,5079944.148,63515106.93,7.87E-09,7.87E-09,1252.648868,626.324434,626.324434,0,0,0,0.012352409,0.006176205,,9.86E-06,,9.86E-06,0.5,1,0.5,1,626.324434,626.324434,626.324434,0,0,1,0,7.87E-09,31757553.47
15424126.94,5079944.148,15427126.94,5079944.148,15427126.94,5076944.148,15424126.94,5076944.148,63515106.93,7.87E-09,7.87E-09,13057.55306,6528.776528,6528.776528,0,0,0,1.342197944,0.671098972,,0.000102791,,0.000102791,0.5,1,0.5,1,6528.776528,6528.776528,6528.776528,0,0,1,0,7.87E-09,31757553.47
15424126.94,5076944.148,15427126.94,5076944.148,15427126.94,5073944.148,15424126.94,5073944.148,63515106.93,7.87E-09,7.87E-09,14991.5817,7495.790852,7495.790852,0,0,0,1.769244616,0.884622308,,0.000118016,,0.000118016,0.5,1,0.5,1,7495.790852,7495.790852,7495.790852,0,0,1,0,7.87E-09,31757553.47
15424126.94,5073944.148,15427126.94,5073944.148,15427126.94,5070944.148,15424126.94,5070944.148,63515106.93,0,0,0,5253.992477,5253.992477,0,0,0,0,0.434612146,,8.27E-05,,8.27E-05,0,1,0,1,5253.992477,5253.992477,5253.992477,0,0,0,0,0,0
15424126.94,5070944.148,15427126.94,5070944.148,15427126.94,5067944.148,15424126.94,5067944.148,63515106.93,0,0,0,0,0,0,0,0,0,0,,0,,0,0,0,0,0,0,0,0,0,0,0,0,0,0
15424126.94,5067944.148,15427126.94,5067944.148,15427126.94,5064944.148,15424126.94,5064944.148,63515106.93,0,0,0,0,0,0,0,0,0,0,,0,,0,0,0,0,0,0,0,0,0,0,0,0,0,0
15424126.94,5064944.148,15427126.94,5064944.148,15427126.94,5061944.148,15424126.94,5061944.148,63515106.93,0,0,0,0,0,0,0,0,0,0,,0,,0,0,0,0,0,0,0,0,0,0,0,0,0,0
15424126.94,5061944.148,15427126.94,5061944.148,15427126.94,5058944.148,15424126.94,5058944.148,63515106.93,0,0,0,0,0,0,0,0,0,0,,0,,0,0,0,0,0,0,0,0,0,0,0,0,0,0
15424126.94,5058944.148,15427126.94,5058944.148,15427126.94,5055944.148,15424126.94,5055944.148,63515106.93,0,0,0,0,0,0,0,0,0,0,,0,,0,0,0,0,0,0,0,0,0,0,0,0,0,0
15424126.94,5055944.148,15427126.94,5055944.148,15427126.94,5052944.148,15424126.94,5052944.148,63515106.93,7.87E-09,7.87E-09,143.7049794,71.85248969,71.85248969,0,0,0,0.000162569,8.13E-05,,1.13E-06,,1.13E-06,0.5,1,0.5,1,71.85248969,71.85248969,71.85248969,0,0,1,0,7.87E-09,31757553.47
15424126.94,5052944.148,15427126.94,5052944.148,15427126.94,5049944.148,15424126.94,5049944.148,63515106.93,7.87E-09,7.87E-09,3476.096606,1738.048303,1738.048303,0,0,0,0.095121052,0.047560526,,2.74E-05,,2.74E-05,0.5,1,0.5,1,1738.048303,1738.048303,1738.048303,0,0,1,0,7.87E-09,31757553.47
15424126.94,5049944.148,15427126.94,5049944.148,15427126.94,5046944.148,15424126.94,5046944.148,63515106.93,7.87E-09,7.87E-09,2083.949284,1041.974642,1041.974642,0,0,0,0.034187494,0.017093747,,1.64E-05,,1.64E-05,0.5,1,0.5,1,1041.974642,1041.974642,1041.974642,0,0,1,0,7.87E-09,31757553.47
15424126.94,5046944.148,15427126.94,5046944.148,15427126.94,5043944.148,15424126.94,5043944.148,63515106.93,7.87E-09,7.87E-09,2761.196504,1380.598252,1380.598252,0,0,0,0.06001884,0.03000942,,2.17E-05,,2.17E-05,0.5,1,0.5,1,1380.598252,1380.598252,1380.598252,0,0,1,0,7.87E-09,31757553.47
15424126.94,5043944.148,15427126.94,5043944.148,15427126.94,5040944.148,15424126.94,5040944.148,63515106.93,1.57E-08,1.57E-08,8564.88081,2091.991902,6472.888907,0,0,0,1.154956463,0.577478232,,0.000134848,,0.000134848,1,2,1,2,4282.440405,2091.991902,6472.888907,0,0,1,0,1.57E-08,63515106.93
15424126.94,5040944.148,15427126.94,5040944.148,15427126.94,5037944.148,15424126.94,5037944.148,63515106.93,7.87E-09,7.87E-09,12629.06128,6314.53064,6314.53064,0,0,0,1.255553179,0.627776589,,9.94E-05,,9.94E-05,0.5,1,0.5,1,6314.53064,6314.53064,6314.53064,0,0,1,0,7.87E-09,31757553.47
15424126.94,5037944.148,15427126.94,5037944.148,15427126.94,5034944.148,15424126.94,5034944.148,63515106.93,0,0,0,2784.790899,2784.790899,0,0,0,0,0.122097887,,4.38E-05,,4.38E-05,0,1,0,1,2784.790899,2784.790899,2784.790899,0,0,0,0,0,0
15424126.94,5034944.148,15427126.94,5034944.148,15427126.94,5031944.148,15424126.94,5031944.148,63515106.93,7.87E-09,7.87E-09,423.382838,211.691419,211.691419,0,0,0,0.001411105,0.000705553,,3.33E-06,,3.33E-06,0.5,1,0.5,1,211.691419,211.691419,211.691419,0,0,1,0,7.87E-09,31757553.47
15424126.94,5031944.148,15427126.94,5031944.148,15427126.94,5028944.148,15424126.94,5028944.148,63515106.93,0,0,0,0,0,0,0,0,0,0,,0,,0,0,0,0,0,0,0,0,0,0,0,0,0,0
15424126.94,5028944.148,15427126.94,5028944.148,15427126.94,5025944.148,15424126.94,5025944.148,63515106.93,0,0,0,0,0,0,0,0,0,0,,0,,0,0,0,0,0,0,0,0,0,0,0,0,0,0
15424126.94,5025944.148,15427126.94,5025944.148,15427126.94,5022944.148,15424126.94,5022944.148,63515106.93,0,0,0,0,0,0,0,0,0,0,,0,,0,0,0,0,0,0,0,0,0,0,0,0,0,0
15424126.94,5022944.148,15427126.94,5022944.148,15427126.94,5019944.148,15424126.94,5019944.148,63515106.93,0,0,0,0,0,0,0,0,0,0,,0,,0,0,0,0,0,0,0,0,0,0,0,0,0,0
15424126.94,5019944.148,15427126.94,5019944.148,15427126.94,5016944.148,15424126.94,5016944.148,63515106.93,0,0,0,0,0,0,0,0,0,0,,0,,0,0,0,0,0,0,0,0,0,0,0,0,0,0
15424126.94,5016944.148,15427126.94,5016944.148,15427126.94,5013944.148,15424126.94,5013944.148,63515106.93,0,0,0,0,0,0,0,0,0,0,,0,,0,0,0,0,0,0,0,0,0,0,0,0,0,0
15424126.94,5013944.148,15427126.94,5013944.148,15427126.94,5010944.148,15424126.94,5010944.148,63515106.93,0,0,0,0,0,0,0,0,0,0,,0,,0,0,0,0,0,0,0,0,0,0,0,0,0,0
15424126.94,5010944.148,15427126.94,5010944.148,15427126.94,5007944.148,15424126.94,5007944.148,63515106.93,0,0,0,0,0,0,0,0,0,0,,0,,0,0,0,0,0,0,0,0,0,0,0,0,0,0
15424126.94,5007944.148,15427126.94,5007944.148,15427126.94,5004944.148,15424126.94,5004944.148,63515106.93,0,0,0,0,0,0,0,0,0,0,,0,,0,0,0,0,0,0,0,0,0,0,0,0,0,0
15424126.94,5004944.148,15427126.94,5004944.148,15427126.94,5001944.148,15424126.94,5001944.148,63515106.93,0,0,0,0,0,0,0,0,0,0,,0,,0,0,0,0,0,0,0,0,0,0,0,0,0,0
15424126.94,5001944.148,15427126.94,5001944.148,15427126.94,4998944.148,15424126.94,4998944.148,63515106.93,0,0,0,0,0,0,0,0,0,0,,0,,0,0,0,0,0,0,0,0,0,0,0,0,0,0
15424126.94,4998944.148,15427126.94,4998944.148,15427126.94,4995944.148,15424126.94,4995944.148,63515106.93,0,0,0,0,0,0,0,0,0,0,,0,,0,0,0,0,0,0,0,0,0,0,0,0,0,0
15424126.94,4995944.148,15427126.94,4995944.148,15427126.94,4992944.148,15424126.94,4992944.148,63515106.93,0,0,0,0,0,0,0,0,0,0,,0,,0,0,0,0,0,0,0,0,0,0,0,0,0,0
15424126.94,4992944.148,15427126.94,4992944.148,15427126.94,4989944.148,15424126.94,4989944.148,63515106.93,0,0,0,0,0,0,0,0,0,0,,0,,0,0,0,0,0,0,0,0,0,0,0,0,0,0
15424126.94,4989944.148,15427126.94,4989944.148,15427126.94,4986944.148,15424126.94,4986944.148,63515106.93,0,0,0,0,0,0,0,0,0,0,,0,,0,0,0,0,0,0,0,0,0,0,0,0,0,0
15424126.94,4986944.148,15427126.94,4986944.148,15427126.94,4983944.148,15424126.94,4983944.148,63515106.93,0,0,0,0,0,0,0,0,0,0,,0,,0,0,0,0,0,0,0,0,0,0,0,0,0,0
15424126.94,4983944.148,15427126.94,4983944.148,15427126.94,4980944.148,15424126.94,4980944.148,63515106.93,0,0,0,0,0,0,0,0,0,0,,0,,0,0,0,0,0,0,0,0,0,0,0,0,0,0
15424126.94,4980944.148,15427126.94,4980944.148,15427126.94,4977944.148,15424126.94,4977944.148,63515106.93,0,0,0,0,0,0,0,0,0,0,,0,,0,0,0,0,0,0,0,0,0,0,0,0,0,0
15424126.94,4977944.148,15427126.94,4977944.148,15427126.94,4974944.148,15424126.94,4974944.148,63515106.93,0,0,0,0,0,0,0,0,0,0,,0,,0,0,0,0,0,0,0,0,0,0,0,0,0,0
15424126.94,4974944.148,15427126.94,4974944.148,15427126.94,4971944.148,15424126.94,4971944.148,63515106.93,0,0,0,0,0,0,0,0,0,0,,0,,0,0,0,0,0,0,0,0,0,0,0,0,0,0
15424126.94,4971944.148,15427126.94,4971944.148,15427126.94,4968944.148,15424126.94,4968944.148,63515106.93,0,0,0,0,0,0,0,0,0,0,,0,,0,0,0,0,0,0,0,0,0,0,0,0,0,0
15424126.94,4968944.148,15427126.94,4968944.148,15427126.94,4965944.148,15424126.94,4965944.148,63515106.93,0,0,0,0,0,0,0,0,0,0,,0,,0,0,0,0,0,0,0,0,0,0,0,0,0,0
15424126.94,4965944.148,15427126.94,4965944.148,15427126.94,4962944.148,15424126.94,4962944.148,63515106.93,0,0,0,0,0,0,0,0,0,0,,0,,0,0,0,0,0,0,0,0,0,0,0,0,0,0
15424126.94,4962944.148,15427126.94,4962944.148,15427126.94,4959944.148,15424126.94,4959944.148,63515106.93,0,0,0,0,0,0,0,0,0,0,,0,,0,0,0,0,0,0,0,0,0,0,0,0,0,0
15424126.94,4959944.148,15427126.94,4959944.148,15427126.94,4956944.148,15424126.94,4956944.148,63515106.93,0,0,0,0,0,0,0,0,0,0,,0,,0,0,0,0,0,0,0,0,0,0,0,0,0,0
15424126.94,4956944.148,15427126.94,4956944.148,15427126.94,4953944.148,15424126.94,4953944.148,63515106.93,0,0,0,0,0,0,0,0,0,0,,0,,0,0,0,0,0,0,0,0,0,0,0,0,0,0
15424126.94,4953944.148,15427126.94,4953944.148,15427126.94,4950944.148,15424126.94,4950944.148,63515106.93,0,0,0,0,0,0,0,0,0,0,,0,,0,0,0,0,0,0,0,0,0,0,0,0,0,0
15424126.94,4950944.148,15427126.94,4950944.148,15427126.94,4947944.148,15424126.94,4947944.148,63515106.93,0,0,0,0,0,0,0,0,0,0,,0,,0,0,0,0,0,0,0,0,0,0,0,0,0,0
15424126.94,4947944.148,15427126.94,4947944.148,15427126.94,4944944.148,15424126.94,4944944.148,63515106.93,0,0,0,0,0,0,0,0,0,0,,0,,0,0,0,0,0,0,0,0,0,0,0,0,0,0
15424126.94,4944944.148,15427126.94,4944944.148,15427126.94,4941944.148,15424126.94,4941944.148,63515106.93,0,0,0,0,0,0,0,0,0,0,,0,,0,0,0,0,0,0,0,0,0,0,0,0,0,0
15427126.94,5088944.148,15430126.94,5088944.148,15430126.94,5085944.148,15427126.94,5085944.148,63515106.93,7.87E-09,7.87E-09,1277.611593,638.8057964,638.8057964,0,0,0,0.012849631,0.006424816,,1.01E-05,,1.01E-05,0.5,1,0.5,1,638.8057964,638.8057964,638.8057964,0,0,1,0,7.87E-09,31757553.47
15427126.94,5085944.148,15430126.94,5085944.148,15430126.94,5082944.148,15427126.94,5082944.148,63515106.93,7.87E-09,7.87E-09,1518.730919,759.3654594,759.3654594,0,0,0,0.018157441,0.00907872,,1.20E-05,,1.20E-05,0.5,1,0.5,1,759.3654594,759.3654594,759.3654594,0,0,1,0,7.87E-09,31757553.47
15427126.94,5082944.148,15430126.94,5082944.148,15430126.94,5079944.148,15427126.94,5079944.148,63515106.93,0,0,0,0,0,0,0,0,0,0,,0,,0,0,0,0,0,0,0,0,0,0,0,0,0,0
15427126.94,5079944.148,15430126.94,5079944.148,15430126.94,5076944.148,15427126.94,5076944.148,63515106.93,0,0,0,7213.547163,7213.547163,0,0,0,0,0.81925805,,0.000113572,,0.000113572,0,1,0,1,7213.547163,7213.547163,7213.547163,0,0,0,0,0,0
15427126.94,5076944.148,15430126.94,5076944.148,15430126.94,5073944.148,15427126.94,5073944.148,63515106.93,0,0,0,8975.705272,8975.705272,0,0,0,0,1.268411391,,0.000141316,,0.000141316,0,1,0,1,8975.705272,8975.705272,8975.705272,0,0,0,0,0,0
15427126.94,5073944.148,15430126.94,5073944.148,15430126.94,5070944.148,15427126.94,5070944.148,63515106.93,0,0,0,6184.627886,6184.627886,0,0,0,0,0.602212984,,9.74E-05,,9.74E-05,0,1,0,1,6184.627886,6184.627886,6184.627886,0,0,0,0,0,0
15427126.94,5070944.148,15430126.94,5070944.148,15430126.94,5067944.148,15427126.94,5067944.148,63515106.93,0,0,0,0,0,0,0,0,0,0,,0,,0,0,0,0,0,0,0,0,0,0,0,0,0,0
15427126.94,5067944.148,15430126.94,5067944.148,15430126.94,5064944.148,15427126.94,5064944.148,63515106.93,7.87E-09,7.87E-09,1386.613273,693.3066363,693.3066363,0,0,0,0.015135741,0.00756787,,1.09E-05,,1.09E-05,0.5,1,0.5,1,693.3066363,693.3066363,693.3066363,0,0,1,0,7.87E-09,31757553.47
15427126.94,5064944.148,15430126.94,5064944.148,15430126.94,5061944.148,15427126.94,5061944.148,63515106.93,0,0,0,0,0,0,0,0,0,0,,0,,0,0,0,0,0,0,0,0,0,0,0,0,0,0
15427126.94,5061944.148,15430126.94,5061944.148,15430126.94,5058944.148,15427126.94,5058944.148,63515106.93,0,0,0,0,0,0,0,0,0,0,,0,,0,0,0,0,0,0,0,0,0,0,0,0,0,0
15427126.94,5058944.148,15430126.94,5058944.148,15430126.94,5055944.148,15427126.94,5055944.148,63515106.93,0,0,0,0,0,0,0,0,0,0,,0,,0,0,0,0,0,0,0,0,0,0,0,0,0,0
15427126.94,5055944.148,15430126.94,5055944.148,15430126.94,5052944.148,15427126.94,5052944.148,63515106.93,0,0,0,0,0,0,0,0,0,0,,0,,0,0,0,0,0,0,0,0,0,0,0,0,0,0
15427126.94,5052944.148,15430126.94,5052944.148,15430126.94,5049944.148,15427126.94,5049944.148,63515106.93,0,0,0,0,0,0,0,0,0,0,,0,,0,0,0,0,0,0,0,0,0,0,0,0,0,0
15427126.94,5049944.148,15430126.94,5049944.148,15430126.94,5046944.148,15427126.94,5046944.148,63515106.93,0,0,0,0,0,0,0,0,0,0,,0,,0,0,0,0,0,0,0,0,0,0,0,0,0,0
15427126.94,5046944.148,15430126.94,5046944.148,15430126.94,5043944.148,15427126.94,5043944.148,63515106.93,7.87E-09,7.87E-09,8153.566847,4076.783424,4076.783424,0,0,0,0.523345197,0.261672599,,6.42E-05,,6.42E-05,0.5,1,0.5,1,4076.783424,4076.783424,4076.783424,0,0,1,0,7.87E-09,31757553.47
15427126.94,5043944.148,15430126.94,5043944.148,15430126.94,5040944.148,15427126.94,5040944.148,63515106.93,1.57E-08,1.57E-08,8423.196114,3275.199716,5147.996398,0,0,0,1.117060747,0.558530373,,0.000132617,,0.000132617,1,2,1,2,4211.598057,3275.199716,5147.996398,0,0,1,0,1.57E-08,63515106.93
15427126.94,5040944.148,15430126.94,5040944.148,15430126.94,5037944.148,15427126.94,5037944.148,63515106.93,1.57E-08,1.57E-08,7312.196417,3430.067255,3882.129161,0,0,0,0.841818884,0.420909442,,0.000115125,,0.000115125,1,2,1,2,3656.098208,3430.067255,3882.129161,0,0,1,0,1.57E-08,63515106.93
15427126.94,5037944.148,15430126.94,5037944.148,15430126.94,5034944.148,15427126.94,5034944.148,63515106.93,7.87E-09,7.87E-09,1138.678577,569.3392887,569.3392887,0,0,0,0.010206933,0.005103467,,8.96E-06,,8.96E-06,0.5,1,0.5,1,569.3392887,569.3392887,569.3392887,0,0,1,0,7.87E-09,31757553.47
15427126.94,5034944.148,15430126.94,5034944.148,15430126.94,5031944.148,15427126.94,5031944.148,63515106.93,0,0,0,0,0,0,0,0,0,0,,0,,0,0,0,0,0,0,0,0,0,0,0,0,0,0
15427126.94,5031944.148,15430126.94,5031944.148,15430126.94,5028944.148,15427126.94,5028944.148,63515106.93,0,0,0,0,0,0,0,0,0,0,,0,,0,0,0,0,0,0,0,0,0,0,0,0,0,0
15427126.94,5028944.148,15430126.94,5028944.148,15430126.94,5025944.148,15427126.94,5025944.148,63515106.93,0,0,0,0,0,0,0,0,0,0,,0,,0,0,0,0,0,0,0,0,0,0,0,0,0,0
15427126.94,5025944.148,15430126.94,5025944.148,15430126.94,5022944.148,15427126.94,5022944.148,63515106.93,0,0,0,0,0,0,0,0,0,0,,0,,0,0,0,0,0,0,0,0,0,0,0,0,0,0
15427126.94,5022944.148,15430126.94,5022944.148,15430126.94,5019944.148,15427126.94,5019944.148,63515106.93,0,0,0,0,0,0,0,0,0,0,,0,,0,0,0,0,0,0,0,0,0,0,0,0,0,0
15427126.94,5019944.148,15430126.94,5019944.148,15430126.94,5016944.148,15427126.94,5016944.148,63515106.93,0,0,0,0,0,0,0,0,0,0,,0,,0,0,0,0,0,0,0,0,0,0,0,0,0,0
15427126.94,5016944.148,15430126.94,5016944.148,15430126.94,5013944.148,15427126.94,5013944.148,63515106.93,0,0,0,0,0,0,0,0,0,0,,0,,0,0,0,0,0,0,0,0,0,0,0,0,0,0
15427126.94,5013944.148,15430126.94,5013944.148,15430126.94,5010944.148,15427126.94,5010944.148,63515106.93,0,0,0,0,0,0,0,0,0,0,,0,,0,0,0,0,0,0,0,0,0,0,0,0,0,0
15427126.94,5010944.148,15430126.94,5010944.148,15430126.94,5007944.148,15427126.94,5007944.148,63515106.93,0,0,0,0,0,0,0,0,0,0,,0,,0,0,0,0,0,0,0,0,0,0,0,0,0,0
15427126.94,5007944.148,15430126.94,5007944.148,15430126.94,5004944.148,15427126.94,5004944.148,63515106.93,0,0,0,0,0,0,0,0,0,0,,0,,0,0,0,0,0,0,0,0,0,0,0,0,0,0
15427126.94,5004944.148,15430126.94,5004944.148,15430126.94,5001944.148,15427126.94,5001944.148,63515106.93,0,0,0,0,0,0,0,0,0,0,,0,,0,0,0,0,0,0,0,0,0,0,0,0,0,0
15427126.94,5001944.148,15430126.94,5001944.148,15430126.94,4998944.148,15427126.94,4998944.148,63515106.93,0,0,0,0,0,0,0,0,0,0,,0,,0,0,0,0,0,0,0,0,0,0,0,0,0,0
15427126.94,4998944.148,15430126.94,4998944.148,15430126.94,4995944.148,15427126.94,4995944.148,63515106.93,0,0,0,0,0,0,0,0,0,0,,0,,0,0,0,0,0,0,0,0,0,0,0,0,0,0
15427126.94,4995944.148,15430126.94,4995944.148,15430126.94,4992944.148,15427126.94,4992944.148,63515106.93,0,0,0,0,0,0,0,0,0,0,,0,,0,0,0,0,0,0,0,0,0,0,0,0,0,0
15427126.94,4992944.148,15430126.94,4992944.148,15430126.94,4989944.148,15427126.94,4989944.148,63515106.93,0,0,0,0,0,0,0,0,0,0,,0,,0,0,0,0,0,0,0,0,0,0,0,0,0,0
15427126.94,4989944.148,15430126.94,4989944.148,15430126.94,4986944.148,15427126.94,4986944.148,63515106.93,0,0,0,0,0,0,0,0,0,0,,0,,0,0,0,0,0,0,0,0,0,0,0,0,0,0
15427126.94,4986944.148,15430126.94,4986944.148,15430126.94,4983944.148,15427126.94,4983944.148,63515106.93,0,0,0,0,0,0,0,0,0,0,,0,,0,0,0,0,0,0,0,0,0,0,0,0,0,0
15427126.94,4983944.148,15430126.94,4983944.148,15430126.94,4980944.148,15427126.94,4980944.148,63515106.93,0,0,0,0,0,0,0,0,0,0,,0,,0,0,0,0,0,0,0,0,0,0,0,0,0,0
15427126.94,4980944.148,15430126.94,4980944.148,15430126.94,4977944.148,15427126.94,4977944.148,63515106.93,0,0,0,0,0,0,0,0,0,0,,0,,0,0,0,0,0,0,0,0,0,0,0,0,0,0
15427126.94,4977944.148,15430126.94,4977944.148,15430126.94,4974944.148,15427126.94,4974944.148,63515106.93,0,0,0,0,0,0,0,0,0,0,,0,,0,0,0,0,0,0,0,0,0,0,0,0,0,0
15427126.94,4974944.148,15430126.94,4974944.148,15430126.94,4971944.148,15427126.94,4971944.148,63515106.93,0,0,0,0,0,0,0,0,0,0,,0,,0,0,0,0,0,0,0,0,0,0,0,0,0,0
15427126.94,4971944.148,15430126.94,4971944.148,15430126.94,4968944.148,15427126.94,4968944.148,63515106.93,0,0,0,0,0,0,0,0,0,0,,0,,0,0,0,0,0,0,0,0,0,0,0,0,0,0
15427126.94,4968944.148,15430126.94,4968944.148,15430126.94,4965944.148,15427126.94,4965944.148,63515106.93,0,0,0,0,0,0,0,0,0,0,,0,,0,0,0,0,0,0,0,0,0,0,0,0,0,0
15427126.94,4965944.148,15430126.94,4965944.148,15430126.94,4962944.148,15427126.94,4962944.148,63515106.93,0,0,0,0,0,0,0,0,0,0,,0,,0,0,0,0,0,0,0,0,0,0,0,0,0,0
15427126.94,4962944.148,15430126.94,4962944.148,15430126.94,4959944.148,15427126.94,4959944.148,63515106.93,0,0,0,0,0,0,0,0,0,0,,0,,0,0,0,0,0,0,0,0,0,0,0,0,0,0
15427126.94,4959944.148,15430126.94,4959944.148,15430126.94,4956944.148,15427126.94,4956944.148,63515106.93,0,0,0,0,0,0,0,0,0,0,,0,,0,0,0,0,0,0,0,0,0,0,0,0,0,0
15427126.94,4956944.148,15430126.94,4956944.148,15430126.94,4953944.148,15427126.94,4953944.148,63515106.93,0,0,0,0,0,0,0,0,0,0,,0,,0,0,0,0,0,0,0,0,0,0,0,0,0,0
15427126.94,4953944.148,15430126.94,4953944.148,15430126.94,4950944.148,15427126.94,4950944.148,63515106.93,0,0,0,0,0,0,0,0,0,0,,0,,0,0,0,0,0,0,0,0,0,0,0,0,0,0
15427126.94,4950944.148,15430126.94,4950944.148,15430126.94,4947944.148,15427126.94,4947944.148,63515106.93,0,0,0,0,0,0,0,0,0,0,,0,,0,0,0,0,0,0,0,0,0,0,0,0,0,0
15427126.94,4947944.148,15430126.94,4947944.148,15430126.94,4944944.148,15427126.94,4944944.148,63515106.93,0,0,0,0,0,0,0,0,0,0,,0,,0,0,0,0,0,0,0,0,0,0,0,0,0,0
15427126.94,4944944.148,15430126.94,4944944.148,15430126.94,4941944.148,15427126.94,4941944.148,63515106.93,0,0,0,0,0,0,0,0,0,0,,0,,0,0,0,0,0,0,0,0,0,0,0,0,0,0
15430126.94,5088944.148,15433126.94,5088944.148,15433126.94,5085944.148,15430126.94,5085944.148,63515106.93,0,0,0,0,0,0,0,0,0,0,,0,,0,0,0,0,0,0,0,0,0,0,0,0,0,0
15430126.94,5085944.148,15433126.94,5085944.148,15433126.94,5082944.148,15430126.94,5082944.148,63515106.93,0,0,0,0,0,0,0,0,0,0,,0,,0,0,0,0,0,0,0,0,0,0,0,0,0,0
15430126.94,5082944.148,15433126.94,5082944.148,15433126.94,5079944.148,15430126.94,5079944.148,63515106.93,0,0,0,0,0,0,0,0,0,0,,0,,0,0,0,0,0,0,0,0,0,0,0,0,0,0
15430126.94,5079944.148,15433126.94,5079944.148,15433126.94,5076944.148,15430126.94,5076944.148,63515106.93,0,0,0,6571.827855,6571.827855,0,0,0,0,0.679978724,,0.000103469,,0.000103469,0,1,0,1,6571.827855,6571.827855,6571.827855,0,0,0,0,0,0
15430126.94,5076944.148,15433126.94,5076944.148,15433126.94,5073944.148,15430126.94,5073944.148,63515106.93,0,0,0,8990.712235,8990.712235,0,0,0,0,1.272656387,,0.000141552,,0.000141552,0,1,0,1,8990.712235,8990.712235,8990.712235,0,0,0,0,0,0
15430126.94,5073944.148,15433126.94,5073944.148,15433126.94,5070944.148,15430126.94,5070944.148,63515106.93,0,0,0,6903.539861,6903.539861,0,0,0,0,0.750354757,,0.000108691,,0.000108691,0,1,0,1,6903.539861,6903.539861,6903.539861,0,0,0,0,0,0
15430126.94,5070944.148,15433126.94,5070944.148,15433126.94,5067944.148,15430126.94,5067944.148,63515106.93,7.87E-09,7.87E-09,3274.859447,1637.429724,1637.429724,0,0,0,0.084426406,0.042213203,,2.58E-05,,2.58E-05,0.5,1,0.5,1,1637.429724,1637.429724,1637.429724,0,0,1,0,7.87E-09,31757553.47
15430126.94,5067944.148,15433126.94,5067944.148,15433126.94,5064944.148,15430126.94,5064944.148,63515106.93,7.87E-09,7.87E-09,7261.631047,3630.815523,3630.815523,0,0,0,0.415108216,0.207554108,,5.72E-05,,5.72E-05,0.5,1,0.5,1,3630.815523,3630.815523,3630.815523,0,0,1,0,7.87E-09,31757553.47
15430126.94,5064944.148,15433126.94,5064944.148,15433126.94,5061944.148,15430126.94,5061944.148,63515106.93,7.87E-09,7.87E-09,6861.245575,3430.622787,3430.622787,0,0,0,0.370594439,0.185297219,,5.40E-05,,5.40E-05,0.5,1,0.5,1,3430.622787,3430.622787,3430.622787,0,0,1,0,7.87E-09,31757553.47
15430126.94,5061944.148,15433126.94,5061944.148,15433126.94,5058944.148,15430126.94,5058944.148,63515106.93,0,0,0,0,0,0,0,0,0,0,,0,,0,0,0,0,0,0,0,0,0,0,0,0,0,0
15430126.94,5058944.148,15433126.94,5058944.148,15433126.94,5055944.148,15430126.94,5055944.148,63515106.93,0,0,0,0,0,0,0,0,0,0,,0,,0,0,0,0,0,0,0,0,0,0,0,0,0,0
15430126.94,5055944.148,15433126.94,5055944.148,15433126.94,5052944.148,15430126.94,5052944.148,63515106.93,0,0,0,0,0,0,0,0,0,0,,0,,0,0,0,0,0,0,0,0,0,0,0,0,0,0
15430126.94,5052944.148,15433126.94,5052944.148,15433126.94,5049944.148,15430126.94,5049944.148,63515106.93,0,0,0,0,0,0,0,0,0,0,,0,,0,0,0,0,0,0,0,0,0,0,0,0,0,0
15430126.94,5049944.148,15433126.94,5049944.148,15433126.94,5046944.148,15430126.94,5046944.148,63515106.93,0,0,0,0,0,0,0,0,0,0,,0,,0,0,0,0,0,0,0,0,0,0,0,0,0,0
15430126.94,5046944.148,15433126.94,5046944.148,15433126.94,5043944.148,15430126.94,5043944.148,63515106.93,7.87E-09,7.87E-09,13639.73239,6819.866194,6819.866194,0,0,0,1.464551574,0.732275787,,0.000107374,,0.000107374,0.5,1,0.5,1,6819.866194,6819.866194,6819.866194,0,0,1,0,7.87E-09,31757553.47
15430126.94,5043944.148,15433126.94,5043944.148,15433126.94,5040944.148,15430126.94,5040944.148,63515106.93,1.57E-08,1.57E-08,8412.144591,264.5762322,8147.568359,0,0,0,1.114131425,0.557065713,,0.000132443,,0.000132443,1,2,1,2,4206.072296,264.5762322,8147.568359,0,0,1,0,1.57E-08,63515106.93
15430126.94,5040944.148,15433126.94,5040944.148,15433126.94,5037944.148,15430126.94,5037944.148,63515106.93,7.87E-09,7.87E-09,13350.50856,437.4615299,6237.792751,0,0,0,1.403099888,0.350774972,,0.000105097,,0.000105097,0.5,2,0.5,2,3337.62714,437.4615299,6237.792751,0,0,1,0,7.87E-09,31757553.47
15430126.94,5037944.148,15433126.94,5037944.148,15433126.94,5034944.148,15430126.94,5034944.148,63515106.93,0,0,0,0,0,0,0,0,0,0,,0,,0,0,0,0,0,0,0,0,0,0,0,0,0,0
15430126.94,5034944.148,15433126.94,5034944.148,15433126.94,5031944.148,15430126.94,5031944.148,63515106.93,0,0,0,0,0,0,0,0,0,0,,0,,0,0,0,0,0,0,0,0,0,0,0,0,0,0
15430126.94,5031944.148,15433126.94,5031944.148,15433126.94,5028944.148,15430126.94,5028944.148,63515106.93,0,0,0,0,0,0,0,0,0,0,,0,,0,0,0,0,0,0,0,0,0,0,0,0,0,0
15430126.94,5028944.148,15433126.94,5028944.148,15433126.94,5025944.148,15430126.94,5025944.148,63515106.93,0,0,0,0,0,0,0,0,0,0,,0,,0,0,0,0,0,0,0,0,0,0,0,0,0,0
15430126.94,5025944.148,15433126.94,5025944.148,15433126.94,5022944.148,15430126.94,5022944.148,63515106.93,0,0,0,0,0,0,0,0,0,0,,0,,0,0,0,0,0,0,0,0,0,0,0,0,0,0
15430126.94,5022944.148,15433126.94,5022944.148,15433126.94,5019944.148,15430126.94,5019944.148,63515106.93,0,0,0,0,0,0,0,0,0,0,,0,,0,0,0,0,0,0,0,0,0,0,0,0,0,0
15430126.94,5019944.148,15433126.94,5019944.148,15433126.94,5016944.148,15430126.94,5016944.148,63515106.93,0,0,0,0,0,0,0,0,0,0,,0,,0,0,0,0,0,0,0,0,0,0,0,0,0,0
15430126.94,5016944.148,15433126.94,5016944.148,15433126.94,5013944.148,15430126.94,5013944.148,63515106.93,0,0,0,0,0,0,0,0,0,0,,0,,0,0,0,0,0,0,0,0,0,0,0,0,0,0
15430126.94,5013944.148,15433126.94,5013944.148,15433126.94,5010944.148,15430126.94,5010944.148,63515106.93,0,0,0,0,0,0,0,0,0,0,,0,,0,0,0,0,0,0,0,0,0,0,0,0,0,0
15430126.94,5010944.148,15433126.94,5010944.148,15433126.94,5007944.148,15430126.94,5007944.148,63515106.93,0,0,0,0,0,0,0,0,0,0,,0,,0,0,0,0,0,0,0,0,0,0,0,0,0,0
15430126.94,5007944.148,15433126.94,5007944.148,15433126.94,5004944.148,15430126.94,5004944.148,63515106.93,0,0,0,0,0,0,0,0,0,0,,0,,0,0,0,0,0,0,0,0,0,0,0,0,0,0
15430126.94,5004944.148,15433126.94,5004944.148,15433126.94,5001944.148,15430126.94,5001944.148,63515106.93,0,0,0,0,0,0,0,0,0,0,,0,,0,0,0,0,0,0,0,0,0,0,0,0,0,0
15430126.94,5001944.148,15433126.94,5001944.148,15433126.94,4998944.148,15430126.94,4998944.148,63515106.93,0,0,0,0,0,0,0,0,0,0,,0,,0,0,0,0,0,0,0,0,0,0,0,0,0,0
15430126.94,4998944.148,15433126.94,4998944.148,15433126.94,4995944.148,15430126.94,4995944.148,63515106.93,0,0,0,0,0,0,0,0,0,0,,0,,0,0,0,0,0,0,0,0,0,0,0,0,0,0
15430126.94,4995944.148,15433126.94,4995944.148,15433126.94,4992944.148,15430126.94,4992944.148,63515106.93,0,0,0,0,0,0,0,0,0,0,,0,,0,0,0,0,0,0,0,0,0,0,0,0,0,0
15430126.94,4992944.148,15433126.94,4992944.148,15433126.94,4989944.148,15430126.94,4989944.148,63515106.93,0,0,0,0,0,0,0,0,0,0,,0,,0,0,0,0,0,0,0,0,0,0,0,0,0,0
15430126.94,4989944.148,15433126.94,4989944.148,15433126.94,4986944.148,15430126.94,4986944.148,63515106.93,0,0,0,0,0,0,0,0,0,0,,0,,0,0,0,0,0,0,0,0,0,0,0,0,0,0
15430126.94,4986944.148,15433126.94,4986944.148,15433126.94,4983944.148,15430126.94,4983944.148,63515106.93,0,0,0,0,0,0,0,0,0,0,,0,,0,0,0,0,0,0,0,0,0,0,0,0,0,0
15430126.94,4983944.148,15433126.94,4983944.148,15433126.94,4980944.148,15430126.94,4980944.148,63515106.93,0,0,0,0,0,0,0,0,0,0,,0,,0,0,0,0,0,0,0,0,0,0,0,0,0,0
15430126.94,4980944.148,15433126.94,4980944.148,15433126.94,4977944.148,15430126.94,4977944.148,63515106.93,0,0,0,0,0,0,0,0,0,0,,0,,0,0,0,0,0,0,0,0,0,0,0,0,0,0
15430126.94,4977944.148,15433126.94,4977944.148,15433126.94,4974944.148,15430126.94,4974944.148,63515106.93,0,0,0,0,0,0,0,0,0,0,,0,,0,0,0,0,0,0,0,0,0,0,0,0,0,0
15430126.94,4974944.148,15433126.94,4974944.148,15433126.94,4971944.148,15430126.94,4971944.148,63515106.93,0,0,0,0,0,0,0,0,0,0,,0,,0,0,0,0,0,0,0,0,0,0,0,0,0,0
15430126.94,4971944.148,15433126.94,4971944.148,15433126.94,4968944.148,15430126.94,4968944.148,63515106.93,0,0,0,0,0,0,0,0,0,0,,0,,0,0,0,0,0,0,0,0,0,0,0,0,0,0
15430126.94,4968944.148,15433126.94,4968944.148,15433126.94,4965944.148,15430126.94,4965944.148,63515106.93,0,0,0,0,0,0,0,0,0,0,,0,,0,0,0,0,0,0,0,0,0,0,0,0,0,0
15430126.94,4965944.148,15433126.94,4965944.148,15433126.94,4962944.148,15430126.94,4962944.148,63515106.93,0,0,0,0,0,0,0,0,0,0,,0,,0,0,0,0,0,0,0,0,0,0,0,0,0,0
15430126.94,4962944.148,15433126.94,4962944.148,15433126.94,4959944.148,15430126.94,4959944.148,63515106.93,0,0,0,0,0,0,0,0,0,0,,0,,0,0,0,0,0,0,0,0,0,0,0,0,0,0
15430126.94,4959944.148,15433126.94,4959944.148,15433126.94,4956944.148,15430126.94,4956944.148,63515106.93,0,0,0,0,0,0,0,0,0,0,,0,,0,0,0,0,0,0,0,0,0,0,0,0,0,0
15430126.94,4956944.148,15433126.94,4956944.148,15433126.94,4953944.148,15430126.94,4953944.148,63515106.93,0,0,0,0,0,0,0,0,0,0,,0,,0,0,0,0,0,0,0,0,0,0,0,0,0,0
15430126.94,4953944.148,15433126.94,4953944.148,15433126.94,4950944.148,15430126.94,4950944.148,63515106.93,0,0,0,0,0,0,0,0,0,0,,0,,0,0,0,0,0,0,0,0,0,0,0,0,0,0
15430126.94,4950944.148,15433126.94,4950944.148,15433126.94,4947944.148,15430126.94,4947944.148,63515106.93,0,0,0,0,0,0,0,0,0,0,,0,,0,0,0,0,0,0,0,0,0,0,0,0,0,0
15430126.94,4947944.148,15433126.94,4947944.148,15433126.94,4944944.148,15430126.94,4944944.148,63515106.93,0,0,0,0,0,0,0,0,0,0,,0,,0,0,0,0,0,0,0,0,0,0,0,0,0,0
15430126.94,4944944.148,15433126.94,4944944.148,15433126.94,4941944.148,15430126.94,4941944.148,63515106.93,0,0,0,0,0,0,0,0,0,0,,0,,0,0,0,0,0,0,0,0,0,0,0,0,0,0
15433126.94,5088944.148,15436126.94,5088944.148,15436126.94,5085944.148,15433126.94,5085944.148,63515106.93,0,0,0,0,0,0,0,0,0,0,,0,,0,0,0,0,0,0,0,0,0,0,0,0,0,0
15433126.94,5085944.148,15436126.94,5085944.148,15436126.94,5082944.148,15433126.94,5082944.148,63515106.93,0,0,0,0,0,0,0,0,0,0,,0,,0,0,0,0,0,0,0,0,0,0,0,0,0,0
15433126.94,5082944.148,15436126.94,5082944.148,15436126.94,5079944.148,15433126.94,5079944.148,63515106.93,0,0,0,0,0,0,0,0,0,0,,0,,0,0,0,0,0,0,0,0,0,0,0,0,0,0
15433126.94,5079944.148,15436126.94,5079944.148,15436126.94,5076944.148,15433126.94,5076944.148,63515106.93,7.87E-09,7.87E-09,9969.015818,4984.507909,4984.507909,0,0,0,0.782343612,0.391171806,,7.85E-05,,7.85E-05,0.5,1,0.5,1,4984.507909,4984.507909,4984.507909,0,0,1,0,7.87E-09,31757553.47
15433126.94,5076944.148,15436126.94,5076944.148,15436126.94,5073944.148,15433126.94,5073944.148,63515106.93,7.87E-09,7.87E-09,12390.43227,6195.216137,6195.216137,0,0,0,1.208553519,0.604276759,,9.75E-05,,9.75E-05,0.5,1,0.5,1,6195.216137,6195.216137,6195.216137,0,0,1,0,7.87E-09,31757553.47
15433126.94,5073944.148,15436126.94,5073944.148,15436126.94,5070944.148,15433126.94,5070944.148,63515106.93,7.87E-09,7.87E-09,10158.21093,5079.105466,5079.105466,0,0,0,0.81232052,0.40616026,,8.00E-05,,8.00E-05,0.5,1,0.5,1,5079.105466,5079.105466,5079.105466,0,0,1,0,7.87E-09,31757553.47
15433126.94,5070944.148,15436126.94,5070944.148,15436126.94,5067944.148,15433126.94,5067944.148,63515106.93,7.87E-09,7.87E-09,7436.013856,3718.006928,3718.006928,0,0,0,0.435284649,0.217642325,,5.85E-05,,5.85E-05,0.5,1,0.5,1,3718.006928,3718.006928,3718.006928,0,0,1,0,7.87E-09,31757553.47
15433126.94,5067944.148,15436126.94,5067944.148,15436126.94,5064944.148,15433126.94,5064944.148,63515106.93,7.87E-09,7.87E-09,12987.64335,6493.821676,6493.821676,0,0,0,1.327864251,0.663932126,,0.000102241,,0.000102241,0.5,1,0.5,1,6493.821676,6493.821676,6493.821676,0,0,1,0,7.87E-09,31757553.47
15433126.94,5064944.148,15436126.94,5064944.148,15436126.94,5061944.148,15433126.94,5061944.148,63515106.93,1.57E-08,1.57E-08,9249.449324,2554.115926,6695.333399,0,0,0,1.346960069,0.673480034,,0.000145626,,0.000145626,1,2,1,2,4624.724662,2554.115926,6695.333399,0,0,1,0,1.57E-08,63515106.93
15433126.94,5061944.148,15436126.94,5061944.148,15436126.94,5058944.148,15433126.94,5058944.148,63515106.93,7.87E-09,7.87E-09,5804.068611,2902.034305,2902.034305,0,0,0,0.265190551,0.132595276,,4.57E-05,,4.57E-05,0.5,1,0.5,1,2902.034305,2902.034305,2902.034305,0,0,1,0,7.87E-09,31757553.47
15433126.94,5058944.148,15436126.94,5058944.148,15436126.94,5055944.148,15433126.94,5055944.148,63515106.93,0,0,0,0,0,0,0,0,0,0,,0,,0,0,0,0,0,0,0,0,0,0,0,0,0,0
15433126.94,5055944.148,15436126.94,5055944.148,15436126.94,5052944.148,15433126.94,5052944.148,63515106.93,0,0,0,0,0,0,0,0,0,0,,0,,0,0,0,0,0,0,0,0,0,0,0,0,0,0
15433126.94,5052944.148,15436126.94,5052944.148,15436126.94,5049944.148,15433126.94,5049944.148,63515106.93,0,0,0,0,0,0,0,0,0,0,,0,,0,0,0,0,0,0,0,0,0,0,0,0,0,0
15433126.94,5049944.148,15436126.94,5049944.148,15436126.94,5046944.148,15433126.94,5046944.148,63515106.93,0,0,0,0,0,0,0,0,0,0,,0,,0,0,0,0,0,0,0,0,0,0,0,0,0,0
15433126.94,5046944.148,15436126.94,5046944.148,15436126.94,5043944.148,15433126.94,5043944.148,63515106.93,0,0,0,6587.856634,6587.856634,0,0,0,0,0.683299724,,0.000103721,,0.000103721,0,1,0,1,6587.856634,6587.856634,6587.856634,0,0,0,0,0,0
15433126.94,5043944.148,15436126.94,5043944.148,15436126.94,5040944.148,15433126.94,5040944.148,63515106.93,7.87E-09,7.87E-09,17483.31727,8741.658633,8741.658633,0,0,0,2.406249453,1.203124727,,0.000137631,,0.000137631,0.5,1,0.5,1,8741.658633,8741.658633,8741.658633,0,0,1,0,7.87E-09,31757553.47
15433126.94,5040944.148,15436126.94,5040944.148,15436126.94,5037944.148,15433126.94,5037944.148,63515106.93,0,0,0,6862.334379,6862.334379,0,0,0,0,0.741424134,,0.000108043,,0.000108043,0,1,0,1,6862.334379,6862.334379,6862.334379,0,0,0,0,0,0
15433126.94,5037944.148,15436126.94,5037944.148,15436126.94,5034944.148,15433126.94,5034944.148,63515106.93,0,0,0,0,0,0,0,0,0,0,,0,,0,0,0,0,0,0,0,0,0,0,0,0,0,0
15433126.94,5034944.148,15436126.94,5034944.148,15436126.94,5031944.148,15433126.94,5031944.148,63515106.93,0,0,0,0,0,0,0,0,0,0,,0,,0,0,0,0,0,0,0,0,0,0,0,0,0,0
15433126.94,5031944.148,15436126.94,5031944.148,15436126.94,5028944.148,15433126.94,5028944.148,63515106.93,0,0,0,0,0,0,0,0,0,0,,0,,0,0,0,0,0,0,0,0,0,0,0,0,0,0
15433126.94,5028944.148,15436126.94,5028944.148,15436126.94,5025944.148,15433126.94,5025944.148,63515106.93,0,0,0,0,0,0,0,0,0,0,,0,,0,0,0,0,0,0,0,0,0,0,0,0,0,0
15433126.94,5025944.148,15436126.94,5025944.148,15436126.94,5022944.148,15433126.94,5022944.148,63515106.93,0,0,0,0,0,0,0,0,0,0,,0,,0,0,0,0,0,0,0,0,0,0,0,0,0,0
15433126.94,5022944.148,15436126.94,5022944.148,15436126.94,5019944.148,15433126.94,5019944.148,63515106.93,0,0,0,0,0,0,0,0,0,0,,0,,0,0,0,0,0,0,0,0,0,0,0,0,0,0
15433126.94,5019944.148,15436126.94,5019944.148,15436126.94,5016944.148,15433126.94,5016944.148,63515106.93,0,0,0,0,0,0,0,0,0,0,,0,,0,0,0,0,0,0,0,0,0,0,0,0,0,0
15433126.94,5016944.148,15436126.94,5016944.148,15436126.94,5013944.148,15433126.94,5013944.148,63515106.93,0,0,0,0,0,0,0,0,0,0,,0,,0,0,0,0,0,0,0,0,0,0,0,0,0,0
15433126.94,5013944.148,15436126.94,5013944.148,15436126.94,5010944.148,15433126.94,5010944.148,63515106.93,0,0,0,0,0,0,0,0,0,0,,0,,0,0,0,0,0,0,0,0,0,0,0,0,0,0
15433126.94,5010944.148,15436126.94,5010944.148,15436126.94,5007944.148,15433126.94,5007944.148,63515106.93,0,0,0,0,0,0,0,0,0,0,,0,,0,0,0,0,0,0,0,0,0,0,0,0,0,0
15433126.94,5007944.148,15436126.94,5007944.148,15436126.94,5004944.148,15433126.94,5004944.148,63515106.93,0,0,0,0,0,0,0,0,0,0,,0,,0,0,0,0,0,0,0,0,0,0,0,0,0,0
15433126.94,5004944.148,15436126.94,5004944.148,15436126.94,5001944.148,15433126.94,5001944.148,63515106.93,0,0,0,0,0,0,0,0,0,0,,0,,0,0,0,0,0,0,0,0,0,0,0,0,0,0
15433126.94,5001944.148,15436126.94,5001944.148,15436126.94,4998944.148,15433126.94,4998944.148,63515106.93,0,0,0,0,0,0,0,0,0,0,,0,,0,0,0,0,0,0,0,0,0,0,0,0,0,0
15433126.94,4998944.148,15436126.94,4998944.148,15436126.94,4995944.148,15433126.94,4995944.148,63515106.93,0,0,0,0,0,0,0,0,0,0,,0,,0,0,0,0,0,0,0,0,0,0,0,0,0,0
15433126.94,4995944.148,15436126.94,4995944.148,15436126.94,4992944.148,15433126.94,4992944.148,63515106.93,0,0,0,0,0,0,0,0,0,0,,0,,0,0,0,0,0,0,0,0,0,0,0,0,0,0
15433126.94,4992944.148,15436126.94,4992944.148,15436126.94,4989944.148,15433126.94,4989944.148,63515106.93,0,0,0,0,0,0,0,0,0,0,,0,,0,0,0,0,0,0,0,0,0,0,0,0,0,0
15433126.94,4989944.148,15436126.94,4989944.148,15436126.94,4986944.148,15433126.94,4986944.148,63515106.93,0,0,0,0,0,0,0,0,0,0,,0,,0,0,0,0,0,0,0,0,0,0,0,0,0,0
15433126.94,4986944.148,15436126.94,4986944.148,15436126.94,4983944.148,15433126.94,4983944.148,63515106.93,0,0,0,0,0,0,0,0,0,0,,0,,0,0,0,0,0,0,0,0,0,0,0,0,0,0
15433126.94,4983944.148,15436126.94,4983944.148,15436126.94,4980944.148,15433126.94,4980944.148,63515106.93,0,0,0,0,0,0,0,0,0,0,,0,,0,0,0,0,0,0,0,0,0,0,0,0,0,0
15433126.94,4980944.148,15436126.94,4980944.148,15436126.94,4977944.148,15433126.94,4977944.148,63515106.93,0,0,0,0,0,0,0,0,0,0,,0,,0,0,0,0,0,0,0,0,0,0,0,0,0,0
15433126.94,4977944.148,15436126.94,4977944.148,15436126.94,4974944.148,15433126.94,4974944.148,63515106.93,0,0,0,0,0,0,0,0,0,0,,0,,0,0,0,0,0,0,0,0,0,0,0,0,0,0
15433126.94,4974944.148,15436126.94,4974944.148,15436126.94,4971944.148,15433126.94,4971944.148,63515106.93,0,0,0,0,0,0,0,0,0,0,,0,,0,0,0,0,0,0,0,0,0,0,0,0,0,0
15433126.94,4971944.148,15436126.94,4971944.148,15436126.94,4968944.148,15433126.94,4968944.148,63515106.93,0,0,0,0,0,0,0,0,0,0,,0,,0,0,0,0,0,0,0,0,0,0,0,0,0,0
15433126.94,4968944.148,15436126.94,4968944.148,15436126.94,4965944.148,15433126.94,4965944.148,63515106.93,0,0,0,0,0,0,0,0,0,0,,0,,0,0,0,0,0,0,0,0,0,0,0,0,0,0
15433126.94,4965944.148,15436126.94,4965944.148,15436126.94,4962944.148,15433126.94,4962944.148,63515106.93,0,0,0,0,0,0,0,0,0,0,,0,,0,0,0,0,0,0,0,0,0,0,0,0,0,0
15433126.94,4962944.148,15436126.94,4962944.148,15436126.94,4959944.148,15433126.94,4959944.148,63515106.93,0,0,0,0,0,0,0,0,0,0,,0,,0,0,0,0,0,0,0,0,0,0,0,0,0,0
15433126.94,4959944.148,15436126.94,4959944.148,15436126.94,4956944.148,15433126.94,4956944.148,63515106.93,0,0,0,0,0,0,0,0,0,0,,0,,0,0,0,0,0,0,0,0,0,0,0,0,0,0
15433126.94,4956944.148,15436126.94,4956944.148,15436126.94,4953944.148,15433126.94,4953944.148,63515106.93,0,0,0,0,0,0,0,0,0,0,,0,,0,0,0,0,0,0,0,0,0,0,0,0,0,0
15433126.94,4953944.148,15436126.94,4953944.148,15436126.94,4950944.148,15433126.94,4950944.148,63515106.93,0,0,0,0,0,0,0,0,0,0,,0,,0,0,0,0,0,0,0,0,0,0,0,0,0,0
15433126.94,4950944.148,15436126.94,4950944.148,15436126.94,4947944.148,15433126.94,4947944.148,63515106.93,0,0,0,0,0,0,0,0,0,0,,0,,0,0,0,0,0,0,0,0,0,0,0,0,0,0
15433126.94,4947944.148,15436126.94,4947944.148,15436126.94,4944944.148,15433126.94,4944944.148,63515106.93,0,0,0,0,0,0,0,0,0,0,,0,,0,0,0,0,0,0,0,0,0,0,0,0,0,0
15433126.94,4944944.148,15436126.94,4944944.148,15436126.94,4941944.148,15433126.94,4941944.148,63515106.93,0,0,0,0,0,0,0,0,0,0,,0,,0,0,0,0,0,0,0,0,0,0,0,0,0,0
15436126.94,5088944.148,15439126.94,5088944.148,15439126.94,5085944.148,15436126.94,5085944.148,63515106.93,0,0,0,0,0,0,0,0,0,0,,0,,0,0,0,0,0,0,0,0,0,0,0,0,0,0
15436126.94,5085944.148,15439126.94,5085944.148,15439126.94,5082944.148,15436126.94,5082944.148,63515106.93,0,0,0,0,0,0,0,0,0,0,,0,,0,0,0,0,0,0,0,0,0,0,0,0,0,0
15436126.94,5082944.148,15439126.94,5082944.148,15439126.94,5079944.148,15436126.94,5079944.148,63515106.93,0,0,0,0,0,0,0,0,0,0,,0,,0,0,0,0,0,0,0,0,0,0,0,0,0,0
15436126.94,5079944.148,15439126.94,5079944.148,15439126.94,5076944.148,15436126.94,5076944.148,63515106.93,7.87E-09,7.87E-09,2952.00995,1476.004975,1476.004975,0,0,0,0.068600709,0.034300355,,2.32E-05,,2.32E-05,0.5,1,0.5,1,1476.004975,1476.004975,1476.004975,0,0,1,0,7.87E-09,31757553.47
15436126.94,5076944.148,15439126.94,5076944.148,15439126.94,5073944.148,15436126.94,5073944.148,63515106.93,7.87E-09,7.87E-09,6321.1626,3160.5813,3160.5813,0,0,0,0.314547976,0.157273988,,4.98E-05,,4.98E-05,0.5,1,0.5,1,3160.5813,3160.5813,3160.5813,0,0,1,0,7.87E-09,31757553.47
15436126.94,5073944.148,15439126.94,5073944.148,15439126.94,5070944.148,15436126.94,5070944.148,63515106.93,7.87E-09,7.87E-09,4668.097505,2334.048753,2334.048753,0,0,0,0.171542924,0.085771462,,3.67E-05,,3.67E-05,0.5,1,0.5,1,2334.048753,2334.048753,2334.048753,0,0,1,0,7.87E-09,31757553.47
15436126.94,5070944.148,15439126.94,5070944.148,15439126.94,5067944.148,15436126.94,5067944.148,63515106.93,7.87E-09,7.87E-09,2372.60958,1186.30479,1186.30479,0,0,0,0.044314467,0.022157233,,1.87E-05,,1.87E-05,0.5,1,0.5,1,1186.30479,1186.30479,1186.30479,0,0,1,0,7.87E-09,31757553.47
15436126.94,5067944.148,15439126.94,5067944.148,15439126.94,5064944.148,15436126.94,5064944.148,63515106.93,7.87E-09,7.87E-09,21292.83376,2161.933322,8484.483558,0,0,0,3.569109708,0.892277427,,0.00016762,,0.00016762,0.5,2,0.5,2,5323.20844,2161.933322,8484.483558,0,0,1,0,7.87E-09,31757553.47
15436126.94,5064944.148,15439126.94,5064944.148,15439126.94,5061944.148,15436126.94,5061944.148,63515106.93,1.57E-08,1.57E-08,14415.01326,650.8163138,8521.368205,0,0,0,3.271546211,1.090515404,,0.000226954,,0.000226954,1,3,1,3,4805.004421,650.8163138,8521.368205,0,0,1,0,1.57E-08,63515106.93
15436126.94,5061944.148,15439126.94,5061944.148,15439126.94,5058944.148,15436126.94,5058944.148,63515106.93,7.87E-09,7.87E-09,16567.73178,2172.018523,6111.847365,0,0,0,2.160822437,0.540205609,,0.000130424,,0.000130424,0.5,2,0.5,2,4141.932944,2172.018523,6111.847365,0,0,1,0,7.87E-09,31757553.47
15436126.94,5058944.148,15439126.94,5058944.148,15439126.94,5055944.148,15436126.94,5055944.148,63515106.93,0,0,0,3253.750646,3253.750646,0,0,0,0,0.166683074,,5.12E-05,,5.12E-05,0,1,0,1,3253.750646,3253.750646,3253.750646,0,0,0,0,0,0
15436126.94,5055944.148,15439126.94,5055944.148,15439126.94,5052944.148,15436126.94,5052944.148,63515106.93,0,0,0,0,0,0,0,0,0,0,,0,,0,0,0,0,0,0,0,0,0,0,0,0,0,0
15436126.94,5052944.148,15439126.94,5052944.148,15439126.94,5049944.148,15436126.94,5049944.148,63515106.93,0,0,0,0,0,0,0,0,0,0,,0,,0,0,0,0,0,0,0,0,0,0,0,0,0,0
15436126.94,5049944.148,15439126.94,5049944.148,15439126.94,5046944.148,15436126.94,5046944.148,63515106.93,0,0,0,0,0,0,0,0,0,0,,0,,0,0,0,0,0,0,0,0,0,0,0,0,0,0
15436126.94,5046944.148,15439126.94,5046944.148,15439126.94,5043944.148,15436126.94,5043944.148,63515106.93,7.87E-09,7.87E-09,8840.192756,4420.096378,4420.096378,0,0,0,0.615200161,0.30760008,,6.96E-05,,6.96E-05,0.5,1,0.5,1,4420.096378,4420.096378,4420.096378,0,0,1,0,7.87E-09,31757553.47
15436126.94,5043944.148,15439126.94,5043944.148,15439126.94,5040944.148,15436126.94,5040944.148,63515106.93,7.87E-09,7.87E-09,11452.59375,5726.296877,5726.296877,0,0,0,1.032525253,0.516262626,,9.02E-05,,9.02E-05,0.5,1,0.5,1,5726.296877,5726.296877,5726.296877,0,0,1,0,7.87E-09,31757553.47
15436126.94,5040944.148,15439126.94,5040944.148,15439126.94,5037944.148,15436126.94,5037944.148,63515106.93,7.87E-09,7.87E-09,9376.37105,4688.185525,4688.185525,0,0,0,0.692089948,0.346044974,,7.38E-05,,7.38E-05,0.5,1,0.5,1,4688.185525,4688.185525,4688.185525,0,0,1,0,7.87E-09,31757553.47
15436126.94,5037944.148,15439126.94,5037944.148,15439126.94,5034944.148,15436126.94,5034944.148,63515106.93,0,0,0,0,0,0,0,0,0,0,,0,,0,0,0,0,0,0,0,0,0,0,0,0,0,0
15436126.94,5034944.148,15439126.94,5034944.148,15439126.94,5031944.148,15436126.94,5031944.148,63515106.93,0,0,0,0,0,0,0,0,0,0,,0,,0,0,0,0,0,0,0,0,0,0,0,0,0,0
15436126.94,5031944.148,15439126.94,5031944.148,15439126.94,5028944.148,15436126.94,5028944.148,63515106.93,0,0,0,0,0,0,0,0,0,0,,0,,0,0,0,0,0,0,0,0,0,0,0,0,0,0
15436126.94,5028944.148,15439126.94,5028944.148,15439126.94,5025944.148,15436126.94,5025944.148,63515106.93,7.87E-09,7.87E-09,694.6115854,347.3057927,347.3057927,0,0,0,0.003798193,0.001899096,,5.47E-06,,5.47E-06,0.5,1,0.5,1,347.3057927,347.3057927,347.3057927,0,0,1,0,7.87E-09,31757553.47
15436126.94,5025944.148,15439126.94,5025944.148,15439126.94,5022944.148,15436126.94,5022944.148,63515106.93,7.87E-09,7.87E-09,1663.880371,831.9401856,831.9401856,0,0,0,0.021794011,0.010897006,,1.31E-05,,1.31E-05,0.5,1,0.5,1,831.9401856,831.9401856,831.9401856,0,0,1,0,7.87E-09,31757553.47
15436126.94,5022944.148,15439126.94,5022944.148,15439126.94,5019944.148,15436126.94,5019944.148,63515106.93,0,0,0,0,0,0,0,0,0,0,,0,,0,0,0,0,0,0,0,0,0,0,0,0,0,0
15436126.94,5019944.148,15439126.94,5019944.148,15439126.94,5016944.148,15436126.94,5016944.148,63515106.93,0,0,0,0,0,0,0,0,0,0,,0,,0,0,0,0,0,0,0,0,0,0,0,0,0,0
15436126.94,5016944.148,15439126.94,5016944.148,15439126.94,5013944.148,15436126.94,5013944.148,63515106.93,0,0,0,0,0,0,0,0,0,0,,0,,0,0,0,0,0,0,0,0,0,0,0,0,0,0
15436126.94,5013944.148,15439126.94,5013944.148,15439126.94,5010944.148,15436126.94,5010944.148,63515106.93,0,0,0,0,0,0,0,0,0,0,,0,,0,0,0,0,0,0,0,0,0,0,0,0,0,0
15436126.94,5010944.148,15439126.94,5010944.148,15439126.94,5007944.148,15436126.94,5007944.148,63515106.93,0,0,0,0,0,0,0,0,0,0,,0,,0,0,0,0,0,0,0,0,0,0,0,0,0,0
15436126.94,5007944.148,15439126.94,5007944.148,15439126.94,5004944.148,15436126.94,5004944.148,63515106.93,0,0,0,0,0,0,0,0,0,0,,0,,0,0,0,0,0,0,0,0,0,0,0,0,0,0
15436126.94,5004944.148,15439126.94,5004944.148,15439126.94,5001944.148,15436126.94,5001944.148,63515106.93,0,0,0,0,0,0,0,0,0,0,,0,,0,0,0,0,0,0,0,0,0,0,0,0,0,0
15436126.94,5001944.148,15439126.94,5001944.148,15439126.94,4998944.148,15436126.94,4998944.148,63515106.93,0,0,0,0,0,0,0,0,0,0,,0,,0,0,0,0,0,0,0,0,0,0,0,0,0,0
15436126.94,4998944.148,15439126.94,4998944.148,15439126.94,4995944.148,15436126.94,4995944.148,63515106.93,0,0,0,0,0,0,0,0,0,0,,0,,0,0,0,0,0,0,0,0,0,0,0,0,0,0
15436126.94,4995944.148,15439126.94,4995944.148,15439126.94,4992944.148,15436126.94,4992944.148,63515106.93,0,0,0,0,0,0,0,0,0,0,,0,,0,0,0,0,0,0,0,0,0,0,0,0,0,0
15436126.94,4992944.148,15439126.94,4992944.148,15439126.94,4989944.148,15436126.94,4989944.148,63515106.93,0,0,0,0,0,0,0,0,0,0,,0,,0,0,0,0,0,0,0,0,0,0,0,0,0,0
15436126.94,4989944.148,15439126.94,4989944.148,15439126.94,4986944.148,15436126.94,4986944.148,63515106.93,0,0,0,0,0,0,0,0,0,0,,0,,0,0,0,0,0,0,0,0,0,0,0,0,0,0
15436126.94,4986944.148,15439126.94,4986944.148,15439126.94,4983944.148,15436126.94,4983944.148,63515106.93,0,0,0,0,0,0,0,0,0,0,,0,,0,0,0,0,0,0,0,0,0,0,0,0,0,0
15436126.94,4983944.148,15439126.94,4983944.148,15439126.94,4980944.148,15436126.94,4980944.148,63515106.93,0,0,0,0,0,0,0,0,0,0,,0,,0,0,0,0,0,0,0,0,0,0,0,0,0,0
15436126.94,4980944.148,15439126.94,4980944.148,15439126.94,4977944.148,15436126.94,4977944.148,63515106.93,0,0,0,0,0,0,0,0,0,0,,0,,0,0,0,0,0,0,0,0,0,0,0,0,0,0
15436126.94,4977944.148,15439126.94,4977944.148,15439126.94,4974944.148,15436126.94,4974944.148,63515106.93,0,0,0,0,0,0,0,0,0,0,,0,,0,0,0,0,0,0,0,0,0,0,0,0,0,0
15436126.94,4974944.148,15439126.94,4974944.148,15439126.94,4971944.148,15436126.94,4971944.148,63515106.93,0,0,0,0,0,0,0,0,0,0,,0,,0,0,0,0,0,0,0,0,0,0,0,0,0,0
15436126.94,4971944.148,15439126.94,4971944.148,15439126.94,4968944.148,15436126.94,4968944.148,63515106.93,0,0,0,0,0,0,0,0,0,0,,0,,0,0,0,0,0,0,0,0,0,0,0,0,0,0
15436126.94,4968944.148,15439126.94,4968944.148,15439126.94,4965944.148,15436126.94,4965944.148,63515106.93,0,0,0,0,0,0,0,0,0,0,,0,,0,0,0,0,0,0,0,0,0,0,0,0,0,0
15436126.94,4965944.148,15439126.94,4965944.148,15439126.94,4962944.148,15436126.94,4962944.148,63515106.93,0,0,0,0,0,0,0,0,0,0,,0,,0,0,0,0,0,0,0,0,0,0,0,0,0,0
15436126.94,4962944.148,15439126.94,4962944.148,15439126.94,4959944.148,15436126.94,4959944.148,63515106.93,0,0,0,0,0,0,0,0,0,0,,0,,0,0,0,0,0,0,0,0,0,0,0,0,0,0
15436126.94,4959944.148,15439126.94,4959944.148,15439126.94,4956944.148,15436126.94,4956944.148,63515106.93,0,0,0,0,0,0,0,0,0,0,,0,,0,0,0,0,0,0,0,0,0,0,0,0,0,0
15436126.94,4956944.148,15439126.94,4956944.148,15439126.94,4953944.148,15436126.94,4953944.148,63515106.93,0,0,0,0,0,0,0,0,0,0,,0,,0,0,0,0,0,0,0,0,0,0,0,0,0,0
15436126.94,4953944.148,15439126.94,4953944.148,15439126.94,4950944.148,15436126.94,4950944.148,63515106.93,0,0,0,0,0,0,0,0,0,0,,0,,0,0,0,0,0,0,0,0,0,0,0,0,0,0
15436126.94,4950944.148,15439126.94,4950944.148,15439126.94,4947944.148,15436126.94,4947944.148,63515106.93,0,0,0,0,0,0,0,0,0,0,,0,,0,0,0,0,0,0,0,0,0,0,0,0,0,0
15436126.94,4947944.148,15439126.94,4947944.148,15439126.94,4944944.148,15436126.94,4944944.148,63515106.93,0,0,0,0,0,0,0,0,0,0,,0,,0,0,0,0,0,0,0,0,0,0,0,0,0,0
15436126.94,4944944.148,15439126.94,4944944.148,15439126.94,4941944.148,15436126.94,4941944.148,63515106.93,0,0,0,0,0,0,0,0,0,0,,0,,0,0,0,0,0,0,0,0,0,0,0,0,0,0
15439126.94,5088944.148,15442126.94,5088944.148,15442126.94,5085944.148,15439126.94,5085944.148,63515106.93,0,0,0,0,0,0,0,0,0,0,,0,,0,0,0,0,0,0,0,0,0,0,0,0,0,0
15439126.94,5085944.148,15442126.94,5085944.148,15442126.94,5082944.148,15439126.94,5082944.148,63515106.93,0,0,0,0,0,0,0,0,0,0,,0,,0,0,0,0,0,0,0,0,0,0,0,0,0,0
15439126.94,5082944.148,15442126.94,5082944.148,15442126.94,5079944.148,15439126.94,5079944.148,63515106.93,0,0,0,0,0,0,0,0,0,0,,0,,0,0,0,0,0,0,0,0,0,0,0,0,0,0
15439126.94,5079944.148,15442126.94,5079944.148,15442126.94,5076944.148,15439126.94,5076944.148,63515106.93,0,0,0,0,0,0,0,0,0,0,,0,,0,0,0,0,0,0,0,0,0,0,0,0,0,0
15439126.94,5076944.148,15442126.94,5076944.148,15442126.94,5073944.148,15439126.94,5073944.148,63515106.93,7.87E-09,7.87E-09,183.1920669,91.59603343,91.59603343,0,0,0,0.000264184,0.000132092,,1.44E-06,,1.44E-06,0.5,1,0.5,1,91.59603343,91.59603343,91.59603343,0,0,1,0,7.87E-09,31757553.47
15439126.94,5073944.148,15442126.94,5073944.148,15442126.94,5070944.148,15439126.94,5070944.148,63515106.93,0,0,0,0,0,0,0,0,0,0,,0,,0,0,0,0,0,0,0,0,0,0,0,0,0,0
15439126.94,5070944.148,15442126.94,5070944.148,15442126.94,5067944.148,15439126.94,5067944.148,63515106.93,7.87E-09,7.87E-09,7553.69868,3776.84934,3776.84934,0,0,0,0.449171595,0.224585797,,5.95E-05,,5.95E-05,0.5,1,0.5,1,3776.84934,3776.84934,3776.84934,0,0,1,0,7.87E-09,31757553.47
15439126.94,5067944.148,15442126.94,5067944.148,15442126.94,5064944.148,15439126.94,5064944.148,63515106.93,7.87E-09,7.87E-09,26171.34944,5184.237683,7901.43704,0,0,0,5.391941892,1.347985473,,0.000206025,,0.000206025,0.5,2,0.5,2,6542.837361,5184.237683,7901.43704,0,0,1,0,7.87E-09,31757553.47
15439126.94,5064944.148,15442126.94,5064944.148,15442126.94,5061944.148,15439126.94,5061944.148,63515106.93,2.36E-08,2.36E-08,13140.70269,4362.344917,8706.386845,0,0,0,4.078039276,2.039019638,,0.000310336,,0.000310336,1.5,3,1.5,3,6570.351344,4362.344917,8706.386845,0,0,1,0,2.36E-08,95272660.4
15439126.94,5061944.148,15442126.94,5061944.148,15442126.94,5058944.148,15439126.94,5058944.148,63515106.93,7.87E-09,7.87E-09,22934.85409,4926.432427,6540.994618,0,0,0,4.140806475,1.035201619,,0.000180546,,0.000180546,0.5,2,0.5,2,5733.713523,4926.432427,6540.994618,0,0,1,0,7.87E-09,31757553.47
15439126.94,5058944.148,15442126.94,5058944.148,15442126.94,5055944.148,15439126.94,5055944.148,63515106.93,7.87E-09,7.87E-09,8434.03037,4217.015185,4217.015185,0,0,0,0.559968106,0.279984053,,6.64E-05,,6.64E-05,0.5,1,0.5,1,4217.015185,4217.015185,4217.015185,0,0,1,0,7.87E-09,31757553.47
15439126.94,5055944.148,15442126.94,5055944.148,15442126.94,5052944.148,15439126.94,5052944.148,63515106.93,0,0,0,0,0,0,0,0,0,0,,0,,0,0,0,0,0,0,0,0,0,0,0,0,0,0
15439126.94,5052944.148,15442126.94,5052944.148,15442126.94,5049944.148,15439126.94,5049944.148,63515106.93,0,0,0,0,0,0,0,0,0,0,,0,,0,0,0,0,0,0,0,0,0,0,0,0,0,0
15439126.94,5049944.148,15442126.94,5049944.148,15442126.94,5046944.148,15439126.94,5046944.148,63515106.93,0,0,0,0,0,0,0,0,0,0,,0,,0,0,0,0,0,0,0,0,0,0,0,0,0,0
15439126.94,5046944.148,15442126.94,5046944.148,15442126.94,5043944.148,15439126.94,5043944.148,63515106.93,7.87E-09,7.87E-09,2439.230116,1219.615058,1219.615058,0,0,0,0.046838019,0.023419009,,1.92E-05,,1.92E-05,0.5,1,0.5,1,1219.615058,1219.615058,1219.615058,0,0,1,0,7.87E-09,31757553.47
15439126.94,5043944.148,15442126.94,5043944.148,15442126.94,5040944.148,15439126.94,5040944.148,63515106.93,7.87E-09,7.87E-09,5403.956194,2701.978097,2701.978097,0,0,0,0.229888163,0.114944082,,4.25E-05,,4.25E-05,0.5,1,0.5,1,2701.978097,2701.978097,2701.978097,0,0,1,0,7.87E-09,31757553.47
15439126.94,5040944.148,15442126.94,5040944.148,15442126.94,5037944.148,15439126.94,5037944.148,63515106.93,7.87E-09,7.87E-09,3635.6174,1817.8087,1817.8087,0,0,0,0.104051733,0.052025866,,2.86E-05,,2.86E-05,0.5,1,0.5,1,1817.8087,1817.8087,1817.8087,0,0,1,0,7.87E-09,31757553.47
15439126.94,5037944.148,15442126.94,5037944.148,15442126.94,5034944.148,15439126.94,5034944.148,63515106.93,0,0,0,0,0,0,0,0,0,0,,0,,0,0,0,0,0,0,0,0,0,0,0,0,0,0
15439126.94,5034944.148,15442126.94,5034944.148,15442126.94,5031944.148,15439126.94,5031944.148,63515106.93,0,0,0,0,0,0,0,0,0,0,,0,,0,0,0,0,0,0,0,0,0,0,0,0,0,0
15439126.94,5031944.148,15442126.94,5031944.148,15442126.94,5028944.148,15439126.94,5028944.148,63515106.93,0,0,0,0,0,0,0,0,0,0,,0,,0,0,0,0,0,0,0,0,0,0,0,0,0,0
15439126.94,5028944.148,15442126.94,5028944.148,15442126.94,5025944.148,15439126.94,5025944.148,63515106.93,7.87E-09,7.87E-09,8017.248238,4008.624119,4008.624119,0,0,0,0.505991979,0.252995989,,6.31E-05,,6.31E-05,0.5,1,0.5,1,4008.624119,4008.624119,4008.624119,0,0,1,0,7.87E-09,31757553.47
15439126.94,5025944.148,15442126.94,5025944.148,15442126.94,5022944.148,15439126.94,5022944.148,63515106.93,7.87E-09,7.87E-09,7342.363029,3671.181514,3671.181514,0,0,0,0.424389546,0.212194773,,5.78E-05,,5.78E-05,0.5,1,0.5,1,3671.181514,3671.181514,3671.181514,0,0,1,0,7.87E-09,31757553.47
15439126.94,5022944.148,15442126.94,5022944.148,15442126.94,5019944.148,15439126.94,5019944.148,63515106.93,7.87E-09,7.87E-09,2545.497658,1272.748829,1272.748829,0,0,0,0.051008009,0.025504005,,2.00E-05,,2.00E-05,0.5,1,0.5,1,1272.748829,1272.748829,1272.748829,0,0,1,0,7.87E-09,31757553.47
15439126.94,5019944.148,15442126.94,5019944.148,15442126.94,5016944.148,15439126.94,5016944.148,63515106.93,0,0,0,0,0,0,0,0,0,0,,0,,0,0,0,0,0,0,0,0,0,0,0,0,0,0
15439126.94,5016944.148,15442126.94,5016944.148,15442126.94,5013944.148,15439126.94,5013944.148,63515106.93,0,0,0,0,0,0,0,0,0,0,,0,,0,0,0,0,0,0,0,0,0,0,0,0,0,0
15439126.94,5013944.148,15442126.94,5013944.148,15442126.94,5010944.148,15439126.94,5010944.148,63515106.93,0,0,0,0,0,0,0,0,0,0,,0,,0,0,0,0,0,0,0,0,0,0,0,0,0,0
15439126.94,5010944.148,15442126.94,5010944.148,15442126.94,5007944.148,15439126.94,5007944.148,63515106.93,0,0,0,0,0,0,0,0,0,0,,0,,0,0,0,0,0,0,0,0,0,0,0,0,0,0
15439126.94,5007944.148,15442126.94,5007944.148,15442126.94,5004944.148,15439126.94,5004944.148,63515106.93,0,0,0,0,0,0,0,0,0,0,,0,,0,0,0,0,0,0,0,0,0,0,0,0,0,0
15439126.94,5004944.148,15442126.94,5004944.148,15442126.94,5001944.148,15439126.94,5001944.148,63515106.93,0,0,0,0,0,0,0,0,0,0,,0,,0,0,0,0,0,0,0,0,0,0,0,0,0,0
15439126.94,5001944.148,15442126.94,5001944.148,15442126.94,4998944.148,15439126.94,4998944.148,63515106.93,0,0,0,0,0,0,0,0,0,0,,0,,0,0,0,0,0,0,0,0,0,0,0,0,0,0
15439126.94,4998944.148,15442126.94,4998944.148,15442126.94,4995944.148,15439126.94,4995944.148,63515106.93,0,0,0,0,0,0,0,0,0,0,,0,,0,0,0,0,0,0,0,0,0,0,0,0,0,0
15439126.94,4995944.148,15442126.94,4995944.148,15442126.94,4992944.148,15439126.94,4992944.148,63515106.93,0,0,0,0,0,0,0,0,0,0,,0,,0,0,0,0,0,0,0,0,0,0,0,0,0,0
15439126.94,4992944.148,15442126.94,4992944.148,15442126.94,4989944.148,15439126.94,4989944.148,63515106.93,0,0,0,0,0,0,0,0,0,0,,0,,0,0,0,0,0,0,0,0,0,0,0,0,0,0
15439126.94,4989944.148,15442126.94,4989944.148,15442126.94,4986944.148,15439126.94,4986944.148,63515106.93,0,0,0,0,0,0,0,0,0,0,,0,,0,0,0,0,0,0,0,0,0,0,0,0,0,0
15439126.94,4986944.148,15442126.94,4986944.148,15442126.94,4983944.148,15439126.94,4983944.148,63515106.93,0,0,0,0,0,0,0,0,0,0,,0,,0,0,0,0,0,0,0,0,0,0,0,0,0,0
15439126.94,4983944.148,15442126.94,4983944.148,15442126.94,4980944.148,15439126.94,4980944.148,63515106.93,0,0,0,0,0,0,0,0,0,0,,0,,0,0,0,0,0,0,0,0,0,0,0,0,0,0
15439126.94,4980944.148,15442126.94,4980944.148,15442126.94,4977944.148,15439126.94,4977944.148,63515106.93,0,0,0,0,0,0,0,0,0,0,,0,,0,0,0,0,0,0,0,0,0,0,0,0,0,0
15439126.94,4977944.148,15442126.94,4977944.148,15442126.94,4974944.148,15439126.94,4974944.148,63515106.93,0,0,0,0,0,0,0,0,0,0,,0,,0,0,0,0,0,0,0,0,0,0,0,0,0,0
15439126.94,4974944.148,15442126.94,4974944.148,15442126.94,4971944.148,15439126.94,4971944.148,63515106.93,0,0,0,0,0,0,0,0,0,0,,0,,0,0,0,0,0,0,0,0,0,0,0,0,0,0
15439126.94,4971944.148,15442126.94,4971944.148,15442126.94,4968944.148,15439126.94,4968944.148,63515106.93,0,0,0,0,0,0,0,0,0,0,,0,,0,0,0,0,0,0,0,0,0,0,0,0,0,0
15439126.94,4968944.148,15442126.94,4968944.148,15442126.94,4965944.148,15439126.94,4965944.148,63515106.93,0,0,0,0,0,0,0,0,0,0,,0,,0,0,0,0,0,0,0,0,0,0,0,0,0,0
15439126.94,4965944.148,15442126.94,4965944.148,15442126.94,4962944.148,15439126.94,4962944.148,63515106.93,0,0,0,0,0,0,0,0,0,0,,0,,0,0,0,0,0,0,0,0,0,0,0,0,0,0
15439126.94,4962944.148,15442126.94,4962944.148,15442126.94,4959944.148,15439126.94,4959944.148,63515106.93,0,0,0,0,0,0,0,0,0,0,,0,,0,0,0,0,0,0,0,0,0,0,0,0,0,0
15439126.94,4959944.148,15442126.94,4959944.148,15442126.94,4956944.148,15439126.94,4956944.148,63515106.93,0,0,0,0,0,0,0,0,0,0,,0,,0,0,0,0,0,0,0,0,0,0,0,0,0,0
15439126.94,4956944.148,15442126.94,4956944.148,15442126.94,4953944.148,15439126.94,4953944.148,63515106.93,0,0,0,0,0,0,0,0,0,0,,0,,0,0,0,0,0,0,0,0,0,0,0,0,0,0
15439126.94,4953944.148,15442126.94,4953944.148,15442126.94,4950944.148,15439126.94,4950944.148,63515106.93,0,0,0,0,0,0,0,0,0,0,,0,,0,0,0,0,0,0,0,0,0,0,0,0,0,0
15439126.94,4950944.148,15442126.94,4950944.148,15442126.94,4947944.148,15439126.94,4947944.148,63515106.93,0,0,0,0,0,0,0,0,0,0,,0,,0,0,0,0,0,0,0,0,0,0,0,0,0,0
15439126.94,4947944.148,15442126.94,4947944.148,15442126.94,4944944.148,15439126.94,4944944.148,63515106.93,0,0,0,0,0,0,0,0,0,0,,0,,0,0,0,0,0,0,0,0,0,0,0,0,0,0
15439126.94,4944944.148,15442126.94,4944944.148,15442126.94,4941944.148,15439126.94,4941944.148,63515106.93,0,0,0,0,0,0,0,0,0,0,,0,,0,0,0,0,0,0,0,0,0,0,0,0,0,0
15442126.94,5088944.148,15445126.94,5088944.148,15445126.94,5085944.148,15442126.94,5085944.148,63515106.93,0,0,0,0,0,0,0,0,0,0,,0,,0,0,0,0,0,0,0,0,0,0,0,0,0,0
15442126.94,5085944.148,15445126.94,5085944.148,15445126.94,5082944.148,15442126.94,5082944.148,63515106.93,0,0,0,0,0,0,0,0,0,0,,0,,0,0,0,0,0,0,0,0,0,0,0,0,0,0
15442126.94,5082944.148,15445126.94,5082944.148,15445126.94,5079944.148,15442126.94,5079944.148,63515106.93,0,0,0,0,0,0,0,0,0,0,,0,,0,0,0,0,0,0,0,0,0,0,0,0,0,0
15442126.94,5079944.148,15445126.94,5079944.148,15445126.94,5076944.148,15442126.94,5076944.148,63515106.93,0,0,0,0,0,0,0,0,0,0,,0,,0,0,0,0,0,0,0,0,0,0,0,0,0,0
15442126.94,5076944.148,15445126.94,5076944.148,15445126.94,5073944.148,15442126.94,5073944.148,63515106.93,0,0,0,0,0,0,0,0,0,0,,0,,0,0,0,0,0,0,0,0,0,0,0,0,0,0
15442126.94,5073944.148,15445126.94,5073944.148,15445126.94,5070944.148,15442126.94,5070944.148,63515106.93,7.87E-09,7.87E-09,3525.563322,1762.781661,1762.781661,0,0,0,0.097847562,0.048923781,,2.78E-05,,2.78E-05,0.5,1,0.5,1,1762.781661,1762.781661,1762.781661,0,0,1,0,7.87E-09,31757553.47
15442126.94,5070944.148,15445126.94,5070944.148,15445126.94,5067944.148,15442126.94,5067944.148,63515106.93,1.57E-08,1.57E-08,8134.978771,1935.357321,6199.62145,0,0,0,1.041923454,0.520961727,,0.000128079,,0.000128079,1,2,1,2,4067.489386,1935.357321,6199.62145,0,0,1,0,1.57E-08,63515106.93
15442126.94,5067944.148,15445126.94,5067944.148,15445126.94,5064944.148,15442126.94,5064944.148,63515106.93,1.57E-08,1.57E-08,13669.32731,5541.349335,8127.977973,0,0,0,2.941827828,1.470913914,,0.000215214,,0.000215214,1,2,1,2,6834.663654,5541.349335,8127.977973,0,0,1,0,1.57E-08,63515106.93
15442126.94,5064944.148,15445126.94,5064944.148,15445126.94,5061944.148,15442126.94,5061944.148,63515106.93,1.57E-08,1.57E-08,16240.55331,3165.04868,7252.283131,0,0,0,4.152643122,1.384214374,,0.000255696,,0.000255696,1,3,1,3,5413.517771,3165.04868,7252.283131,0,0,1,0,1.57E-08,63515106.93
15442126.94,5061944.148,15445126.94,5061944.148,15445126.94,5058944.148,15442126.94,5058944.148,63515106.93,1.57E-08,1.57E-08,7538.362909,3664.055332,3874.307578,0,0,0,0.8946992,0.4473496,,0.000118686,,0.000118686,1,2,1,2,3769.181455,3664.055332,3874.307578,0,0,1,0,1.57E-08,63515106.93
15442126.94,5058944.148,15445126.94,5058944.148,15445126.94,5055944.148,15442126.94,5055944.148,63515106.93,7.87E-09,7.87E-09,4033.466926,2016.733463,2016.733463,0,0,0,0.128070755,0.064035378,,3.18E-05,,3.18E-05,0.5,1,0.5,1,2016.733463,2016.733463,2016.733463,0,0,1,0,7.87E-09,31757553.47
15442126.94,5055944.148,15445126.94,5055944.148,15445126.94,5052944.148,15442126.94,5052944.148,63515106.93,0,0,0,0,0,0,0,0,0,0,,0,,0,0,0,0,0,0,0,0,0,0,0,0,0,0
15442126.94,5052944.148,15445126.94,5052944.148,15445126.94,5049944.148,15442126.94,5049944.148,63515106.93,0,0,0,0,0,0,0,0,0,0,,0,,0,0,0,0,0,0,0,0,0,0,0,0,0,0
15442126.94,5049944.148,15445126.94,5049944.148,15445126.94,5046944.148,15442126.94,5046944.148,63515106.93,0,0,0,0,0,0,0,0,0,0,,0,,0,0,0,0,0,0,0,0,0,0,0,0,0,0
15442126.94,5046944.148,15445126.94,5046944.148,15445126.94,5043944.148,15442126.94,5043944.148,63515106.93,0,0,0,0,0,0,0,0,0,0,,0,,0,0,0,0,0,0,0,0,0,0,0,0,0,0
15442126.94,5043944.148,15445126.94,5043944.148,15445126.94,5040944.148,15442126.94,5040944.148,63515106.93,0,0,0,0,0,0,0,0,0,0,,0,,0,0,0,0,0,0,0,0,0,0,0,0,0,0
15442126.94,5040944.148,15445126.94,5040944.148,15445126.94,5037944.148,15442126.94,5037944.148,63515106.93,0,0,0,0,0,0,0,0,0,0,,0,,0,0,0,0,0,0,0,0,0,0,0,0,0,0
15442126.94,5037944.148,15445126.94,5037944.148,15445126.94,5034944.148,15442126.94,5034944.148,63515106.93,0,0,0,0,0,0,0,0,0,0,,0,,0,0,0,0,0,0,0,0,0,0,0,0,0,0
15442126.94,5034944.148,15445126.94,5034944.148,15445126.94,5031944.148,15442126.94,5031944.148,63515106.93,0,0,0,0,0,0,0,0,0,0,,0,,0,0,0,0,0,0,0,0,0,0,0,0,0,0
15442126.94,5031944.148,15445126.94,5031944.148,15445126.94,5028944.148,15442126.94,5028944.148,63515106.93,0,0,0,3337.894841,3337.894841,0,0,0,0,0.175415622,,5.26E-05,,5.26E-05,0,1,0,1,3337.894841,3337.894841,3337.894841,0,0,0,0,0,0
15442126.94,5028944.148,15445126.94,5028944.148,15445126.94,5025944.148,15442126.94,5025944.148,63515106.93,7.87E-09,7.87E-09,14704.12652,7352.063259,7352.063259,0,0,0,1.702046545,0.851023273,,0.000115753,,0.000115753,0.5,1,0.5,1,7352.063259,7352.063259,7352.063259,0,0,1,0,7.87E-09,31757553.47
15442126.94,5025944.148,15445126.94,5025944.148,15445126.94,5022944.148,15442126.94,5022944.148,63515106.93,7.87E-09,7.87E-09,12508.01744,6254.008718,6254.008718,0,0,0,1.231600699,0.61580035,,9.85E-05,,9.85E-05,0.5,1,0.5,1,6254.008718,6254.008718,6254.008718,0,0,1,0,7.87E-09,31757553.47
15442126.94,5022944.148,15445126.94,5022944.148,15445126.94,5019944.148,15442126.94,5019944.148,63515106.93,7.87E-09,7.87E-09,4864.051759,2432.02588,2432.02588,0,0,0,0.186247026,0.093123513,,3.83E-05,,3.83E-05,0.5,1,0.5,1,2432.02588,2432.02588,2432.02588,0,0,1,0,7.87E-09,31757553.47
15442126.94,5019944.148,15445126.94,5019944.148,15445126.94,5016944.148,15442126.94,5016944.148,63515106.93,0,0,0,0,0,0,0,0,0,0,,0,,0,0,0,0,0,0,0,0,0,0,0,0,0,0
15442126.94,5016944.148,15445126.94,5016944.148,15445126.94,5013944.148,15442126.94,5013944.148,63515106.93,0,0,0,0,0,0,0,0,0,0,,0,,0,0,0,0,0,0,0,0,0,0,0,0,0,0
15442126.94,5013944.148,15445126.94,5013944.148,15445126.94,5010944.148,15442126.94,5010944.148,63515106.93,0,0,0,0,0,0,0,0,0,0,,0,,0,0,0,0,0,0,0,0,0,0,0,0,0,0
15442126.94,5010944.148,15445126.94,5010944.148,15445126.94,5007944.148,15442126.94,5007944.148,63515106.93,0,0,0,0,0,0,0,0,0,0,,0,,0,0,0,0,0,0,0,0,0,0,0,0,0,0
15442126.94,5007944.148,15445126.94,5007944.148,15445126.94,5004944.148,15442126.94,5004944.148,63515106.93,0,0,0,0,0,0,0,0,0,0,,0,,0,0,0,0,0,0,0,0,0,0,0,0,0,0
15442126.94,5004944.148,15445126.94,5004944.148,15445126.94,5001944.148,15442126.94,5001944.148,63515106.93,0,0,0,0,0,0,0,0,0,0,,0,,0,0,0,0,0,0,0,0,0,0,0,0,0,0
15442126.94,5001944.148,15445126.94,5001944.148,15445126.94,4998944.148,15442126.94,4998944.148,63515106.93,0,0,0,0,0,0,0,0,0,0,,0,,0,0,0,0,0,0,0,0,0,0,0,0,0,0
15442126.94,4998944.148,15445126.94,4998944.148,15445126.94,4995944.148,15442126.94,4995944.148,63515106.93,0,0,0,0,0,0,0,0,0,0,,0,,0,0,0,0,0,0,0,0,0,0,0,0,0,0
15442126.94,4995944.148,15445126.94,4995944.148,15445126.94,4992944.148,15442126.94,4992944.148,63515106.93,0,0,0,0,0,0,0,0,0,0,,0,,0,0,0,0,0,0,0,0,0,0,0,0,0,0
15442126.94,4992944.148,15445126.94,4992944.148,15445126.94,4989944.148,15442126.94,4989944.148,63515106.93,0,0,0,0,0,0,0,0,0,0,,0,,0,0,0,0,0,0,0,0,0,0,0,0,0,0
15442126.94,4989944.148,15445126.94,4989944.148,15445126.94,4986944.148,15442126.94,4986944.148,63515106.93,0,0,0,0,0,0,0,0,0,0,,0,,0,0,0,0,0,0,0,0,0,0,0,0,0,0
15442126.94,4986944.148,15445126.94,4986944.148,15445126.94,4983944.148,15442126.94,4983944.148,63515106.93,0,0,0,0,0,0,0,0,0,0,,0,,0,0,0,0,0,0,0,0,0,0,0,0,0,0
15442126.94,4983944.148,15445126.94,4983944.148,15445126.94,4980944.148,15442126.94,4980944.148,63515106.93,0,0,0,0,0,0,0,0,0,0,,0,,0,0,0,0,0,0,0,0,0,0,0,0,0,0
15442126.94,4980944.148,15445126.94,4980944.148,15445126.94,4977944.148,15442126.94,4977944.148,63515106.93,0,0,0,0,0,0,0,0,0,0,,0,,0,0,0,0,0,0,0,0,0,0,0,0,0,0
15442126.94,4977944.148,15445126.94,4977944.148,15445126.94,4974944.148,15442126.94,4974944.148,63515106.93,0,0,0,0,0,0,0,0,0,0,,0,,0,0,0,0,0,0,0,0,0,0,0,0,0,0
15442126.94,4974944.148,15445126.94,4974944.148,15445126.94,4971944.148,15442126.94,4971944.148,63515106.93,0,0,0,0,0,0,0,0,0,0,,0,,0,0,0,0,0,0,0,0,0,0,0,0,0,0
15442126.94,4971944.148,15445126.94,4971944.148,15445126.94,4968944.148,15442126.94,4968944.148,63515106.93,0,0,0,0,0,0,0,0,0,0,,0,,0,0,0,0,0,0,0,0,0,0,0,0,0,0
15442126.94,4968944.148,15445126.94,4968944.148,15445126.94,4965944.148,15442126.94,4965944.148,63515106.93,0,0,0,0,0,0,0,0,0,0,,0,,0,0,0,0,0,0,0,0,0,0,0,0,0,0
15442126.94,4965944.148,15445126.94,4965944.148,15445126.94,4962944.148,15442126.94,4962944.148,63515106.93,0,0,0,0,0,0,0,0,0,0,,0,,0,0,0,0,0,0,0,0,0,0,0,0,0,0
15442126.94,4962944.148,15445126.94,4962944.148,15445126.94,4959944.148,15442126.94,4959944.148,63515106.93,0,0,0,0,0,0,0,0,0,0,,0,,0,0,0,0,0,0,0,0,0,0,0,0,0,0
15442126.94,4959944.148,15445126.94,4959944.148,15445126.94,4956944.148,15442126.94,4956944.148,63515106.93,0,0,0,0,0,0,0,0,0,0,,0,,0,0,0,0,0,0,0,0,0,0,0,0,0,0
15442126.94,4956944.148,15445126.94,4956944.148,15445126.94,4953944.148,15442126.94,4953944.148,63515106.93,0,0,0,0,0,0,0,0,0,0,,0,,0,0,0,0,0,0,0,0,0,0,0,0,0,0
15442126.94,4953944.148,15445126.94,4953944.148,15445126.94,4950944.148,15442126.94,4950944.148,63515106.93,0,0,0,0,0,0,0,0,0,0,,0,,0,0,0,0,0,0,0,0,0,0,0,0,0,0
15442126.94,4950944.148,15445126.94,4950944.148,15445126.94,4947944.148,15442126.94,4947944.148,63515106.93,0,0,0,0,0,0,0,0,0,0,,0,,0,0,0,0,0,0,0,0,0,0,0,0,0,0
15442126.94,4947944.148,15445126.94,4947944.148,15445126.94,4944944.148,15442126.94,4944944.148,63515106.93,0,0,0,0,0,0,0,0,0,0,,0,,0,0,0,0,0,0,0,0,0,0,0,0,0,0
15442126.94,4944944.148,15445126.94,4944944.148,15445126.94,4941944.148,15442126.94,4941944.148,63515106.93,0,0,0,0,0,0,0,0,0,0,,0,,0,0,0,0,0,0,0,0,0,0,0,0,0,0
15445126.94,5088944.148,15448126.94,5088944.148,15448126.94,5085944.148,15445126.94,5085944.148,63515106.93,0,0,0,0,0,0,0,0,0,0,,0,,0,0,0,0,0,0,0,0,0,0,0,0,0,0
15445126.94,5085944.148,15448126.94,5085944.148,15448126.94,5082944.148,15445126.94,5082944.148,63515106.93,0,0,0,0,0,0,0,0,0,0,,0,,0,0,0,0,0,0,0,0,0,0,0,0,0,0
15445126.94,5082944.148,15448126.94,5082944.148,15448126.94,5079944.148,15445126.94,5079944.148,63515106.93,0,0,0,0,0,0,0,0,0,0,,0,,0,0,0,0,0,0,0,0,0,0,0,0,0,0
15445126.94,5079944.148,15448126.94,5079944.148,15448126.94,5076944.148,15445126.94,5076944.148,63515106.93,0,0,0,0,0,0,0,0,0,0,,0,,0,0,0,0,0,0,0,0,0,0,0,0,0,0
15445126.94,5076944.148,15448126.94,5076944.148,15448126.94,5073944.148,15445126.94,5073944.148,63515106.93,0,0,0,0,0,0,0,0,0,0,,0,,0,0,0,0,0,0,0,0,0,0,0,0,0,0
15445126.94,5073944.148,15448126.94,5073944.148,15448126.94,5070944.148,15445126.94,5070944.148,63515106.93,7.87E-09,7.87E-09,9525.563322,4762.781661,4762.781661,0,0,0,0.714289568,0.357144784,,7.50E-05,,7.50E-05,0.5,1,0.5,1,4762.781661,4762.781661,4762.781661,0,0,1,0,7.87E-09,31757553.47
15445126.94,5070944.148,15448126.94,5070944.148,15448126.94,5067944.148,15445126.94,5067944.148,63515106.93,7.87E-09,7.87E-09,19372.27983,4750.782593,4935.357321,0,0,0,2.954298937,0.738574734,,0.000152501,,0.000152501,0.5,2,0.5,2,4843.069957,4750.782593,4935.357321,0,0,1,0,7.87E-09,31757553.47
15445126.94,5067944.148,15448126.94,5067944.148,15448126.94,5064944.148,15445126.94,5064944.148,63515106.93,2.36E-08,2.36E-08,8273.671982,2037.818866,8306.542998,0,0,0,1.616630705,0.808315352,,0.000195395,,0.000195395,1.5,3,1.5,3,4136.835991,2037.818866,8306.542998,0,0,1,0,2.36E-08,95272660.4
15445126.94,5064944.148,15448126.94,5064944.148,15448126.94,5061944.148,15445126.94,5061944.148,63515106.93,1.57E-08,1.57E-08,10155.25835,2877.104657,7278.153692,0,0,0,1.623696741,0.811848371,,0.000159887,,0.000159887,1,2,1,2,5077.629175,2877.104657,7278.153692,0,0,1,0,1.57E-08,63515106.93
15445126.94,5061944.148,15448126.94,5061944.148,15448126.94,5058944.148,15445126.94,5058944.148,63515106.93,1.57E-08,1.57E-08,2145.410301,652.3626557,1493.047645,0,0,0,0.072467568,0.036233784,,3.38E-05,,3.38E-05,1,2,1,2,1072.70515,652.3626557,1493.047645,0,0,1,0,1.57E-08,63515106.93
15445126.94,5058944.148,15448126.94,5058944.148,15448126.94,5055944.148,15445126.94,5055944.148,63515106.93,0,0,0,0,0,0,0,0,0,0,,0,,0,0,0,0,0,0,0,0,0,0,0,0,0,0
15445126.94,5055944.148,15448126.94,5055944.148,15448126.94,5052944.148,15445126.94,5052944.148,63515106.93,0,0,0,0,0,0,0,0,0,0,,0,,0,0,0,0,0,0,0,0,0,0,0,0,0,0
15445126.94,5052944.148,15448126.94,5052944.148,15448126.94,5049944.148,15445126.94,5049944.148,63515106.93,0,0,0,0,0,0,0,0,0,0,,0,,0,0,0,0,0,0,0,0,0,0,0,0,0,0
15445126.94,5049944.148,15448126.94,5049944.148,15448126.94,5046944.148,15445126.94,5046944.148,63515106.93,0,0,0,0,0,0,0,0,0,0,,0,,0,0,0,0,0,0,0,0,0,0,0,0,0,0
15445126.94,5046944.148,15448126.94,5046944.148,15448126.94,5043944.148,15445126.94,5043944.148,63515106.93,0,0,0,0,0,0,0,0,0,0,,0,,0,0,0,0,0,0,0,0,0,0,0,0,0,0
15445126.94,5043944.148,15448126.94,5043944.148,15448126.94,5040944.148,15445126.94,5040944.148,63515106.93,0,0,0,0,0,0,0,0,0,0,,0,,0,0,0,0,0,0,0,0,0,0,0,0,0,0
15445126.94,5040944.148,15448126.94,5040944.148,15448126.94,5037944.148,15445126.94,5037944.148,63515106.93,0,0,0,0,0,0,0,0,0,0,,0,,0,0,0,0,0,0,0,0,0,0,0,0,0,0
15445126.94,5037944.148,15448126.94,5037944.148,15448126.94,5034944.148,15445126.94,5034944.148,63515106.93,0,0,0,0,0,0,0,0,0,0,,0,,0,0,0,0,0,0,0,0,0,0,0,0,0,0
15445126.94,5034944.148,15448126.94,5034944.148,15448126.94,5031944.148,15445126.94,5031944.148,63515106.93,0,0,0,0,0,0,0,0,0,0,,0,,0,0,0,0,0,0,0,0,0,0,0,0,0,0
15445126.94,5031944.148,15448126.94,5031944.148,15448126.94,5028944.148,15445126.94,5028944.148,63515106.93,0,0,0,6466.64745,6466.64745,0,0,0,0,0.658387134,,0.000101813,,0.000101813,0,1,0,1,6466.64745,6466.64745,6466.64745,0,0,0,0,0,0
15445126.94,5028944.148,15448126.94,5028944.148,15448126.94,5025944.148,15445126.94,5025944.148,63515106.93,0,0,0,8979.264519,8979.264519,0,0,0,0,1.269417548,,0.000141372,,0.000141372,0,1,0,1,8979.264519,8979.264519,8979.264519,0,0,0,0,0,0
15445126.94,5025944.148,15448126.94,5025944.148,15448126.94,5022944.148,15445126.94,5022944.148,63515106.93,0,0,0,7420.580787,7420.580787,0,0,0,0,0.866959403,,0.000116832,,0.000116832,0,1,0,1,7420.580787,7420.580787,7420.580787,0,0,0,0,0,0
15445126.94,5022944.148,15448126.94,5022944.148,15448126.94,5019944.148,15445126.94,5019944.148,63515106.93,0,0,0,0,0,0,0,0,0,0,,0,,0,0,0,0,0,0,0,0,0,0,0,0,0,0
15445126.94,5019944.148,15448126.94,5019944.148,15448126.94,5016944.148,15445126.94,5016944.148,63515106.93,0,0,0,0,0,0,0,0,0,0,,0,,0,0,0,0,0,0,0,0,0,0,0,0,0,0
15445126.94,5016944.148,15448126.94,5016944.148,15448126.94,5013944.148,15445126.94,5013944.148,63515106.93,7.87E-09,7.87E-09,3361.051976,1680.525988,1680.525988,0,0,0,0.088929004,0.044464502,,2.65E-05,,2.65E-05,0.5,1,0.5,1,1680.525988,1680.525988,1680.525988,0,0,1,0,7.87E-09,31757553.47
15445126.94,5013944.148,15448126.94,5013944.148,15448126.94,5010944.148,15445126.94,5010944.148,63515106.93,7.87E-09,7.87E-09,2721.47719,1360.738595,1360.738595,0,0,0,0.058304539,0.02915227,,2.14E-05,,2.14E-05,0.5,1,0.5,1,1360.738595,1360.738595,1360.738595,0,0,1,0,7.87E-09,31757553.47
15445126.94,5010944.148,15448126.94,5010944.148,15448126.94,5007944.148,15445126.94,5007944.148,63515106.93,0,0,0,0,0,0,0,0,0,0,,0,,0,0,0,0,0,0,0,0,0,0,0,0,0,0
15445126.94,5007944.148,15448126.94,5007944.148,15448126.94,5004944.148,15445126.94,5004944.148,63515106.93,0,0,0,0,0,0,0,0,0,0,,0,,0,0,0,0,0,0,0,0,0,0,0,0,0,0
15445126.94,5004944.148,15448126.94,5004944.148,15448126.94,5001944.148,15445126.94,5001944.148,63515106.93,0,0,0,0,0,0,0,0,0,0,,0,,0,0,0,0,0,0,0,0,0,0,0,0,0,0
15445126.94,5001944.148,15448126.94,5001944.148,15448126.94,4998944.148,15445126.94,4998944.148,63515106.93,0,0,0,0,0,0,0,0,0,0,,0,,0,0,0,0,0,0,0,0,0,0,0,0,0,0
15445126.94,4998944.148,15448126.94,4998944.148,15448126.94,4995944.148,15445126.94,4995944.148,63515106.93,0,0,0,0,0,0,0,0,0,0,,0,,0,0,0,0,0,0,0,0,0,0,0,0,0,0
15445126.94,4995944.148,15448126.94,4995944.148,15448126.94,4992944.148,15445126.94,4992944.148,63515106.93,0,0,0,0,0,0,0,0,0,0,,0,,0,0,0,0,0,0,0,0,0,0,0,0,0,0
15445126.94,4992944.148,15448126.94,4992944.148,15448126.94,4989944.148,15445126.94,4989944.148,63515106.93,0,0,0,0,0,0,0,0,0,0,,0,,0,0,0,0,0,0,0,0,0,0,0,0,0,0
15445126.94,4989944.148,15448126.94,4989944.148,15448126.94,4986944.148,15445126.94,4986944.148,63515106.93,0,0,0,0,0,0,0,0,0,0,,0,,0,0,0,0,0,0,0,0,0,0,0,0,0,0
15445126.94,4986944.148,15448126.94,4986944.148,15448126.94,4983944.148,15445126.94,4983944.148,63515106.93,0,0,0,0,0,0,0,0,0,0,,0,,0,0,0,0,0,0,0,0,0,0,0,0,0,0
15445126.94,4983944.148,15448126.94,4983944.148,15448126.94,4980944.148,15445126.94,4980944.148,63515106.93,0,0,0,0,0,0,0,0,0,0,,0,,0,0,0,0,0,0,0,0,0,0,0,0,0,0
15445126.94,4980944.148,15448126.94,4980944.148,15448126.94,4977944.148,15445126.94,4977944.148,63515106.93,0,0,0,0,0,0,0,0,0,0,,0,,0,0,0,0,0,0,0,0,0,0,0,0,0,0
15445126.94,4977944.148,15448126.94,4977944.148,15448126.94,4974944.148,15445126.94,4974944.148,63515106.93,0,0,0,0,0,0,0,0,0,0,,0,,0,0,0,0,0,0,0,0,0,0,0,0,0,0
15445126.94,4974944.148,15448126.94,4974944.148,15448126.94,4971944.148,15445126.94,4971944.148,63515106.93,0,0,0,0,0,0,0,0,0,0,,0,,0,0,0,0,0,0,0,0,0,0,0,0,0,0
15445126.94,4971944.148,15448126.94,4971944.148,15448126.94,4968944.148,15445126.94,4968944.148,63515106.93,0,0,0,0,0,0,0,0,0,0,,0,,0,0,0,0,0,0,0,0,0,0,0,0,0,0
15445126.94,4968944.148,15448126.94,4968944.148,15448126.94,4965944.148,15445126.94,4965944.148,63515106.93,0,0,0,0,0,0,0,0,0,0,,0,,0,0,0,0,0,0,0,0,0,0,0,0,0,0
15445126.94,4965944.148,15448126.94,4965944.148,15448126.94,4962944.148,15445126.94,4962944.148,63515106.93,0,0,0,0,0,0,0,0,0,0,,0,,0,0,0,0,0,0,0,0,0,0,0,0,0,0
15445126.94,4962944.148,15448126.94,4962944.148,15448126.94,4959944.148,15445126.94,4959944.148,63515106.93,0,0,0,0,0,0,0,0,0,0,,0,,0,0,0,0,0,0,0,0,0,0,0,0,0,0
15445126.94,4959944.148,15448126.94,4959944.148,15448126.94,4956944.148,15445126.94,4956944.148,63515106.93,7.87E-09,7.87E-09,3547.662773,1773.831386,1773.831386,0,0,0,0.099078091,0.049539046,,2.79E-05,,2.79E-05,0.5,1,0.5,1,1773.831386,1773.831386,1773.831386,0,0,1,0,7.87E-09,31757553.47
15445126.94,4956944.148,15448126.94,4956944.148,15448126.94,4953944.148,15445126.94,4953944.148,63515106.93,7.87E-09,7.87E-09,4639.530555,2319.765277,2319.765277,0,0,0,0.169449796,0.084724898,,3.65E-05,,3.65E-05,0.5,1,0.5,1,2319.765277,2319.765277,2319.765277,0,0,1,0,7.87E-09,31757553.47
15445126.94,4953944.148,15448126.94,4953944.148,15448126.94,4950944.148,15445126.94,4950944.148,63515106.93,0,0,0,0,0,0,0,0,0,0,,0,,0,0,0,0,0,0,0,0,0,0,0,0,0,0
15445126.94,4950944.148,15448126.94,4950944.148,15448126.94,4947944.148,15445126.94,4947944.148,63515106.93,0,0,0,0,0,0,0,0,0,0,,0,,0,0,0,0,0,0,0,0,0,0,0,0,0,0
15445126.94,4947944.148,15448126.94,4947944.148,15448126.94,4944944.148,15445126.94,4944944.148,63515106.93,0,0,0,0,0,0,0,0,0,0,,0,,0,0,0,0,0,0,0,0,0,0,0,0,0,0
15445126.94,4944944.148,15448126.94,4944944.148,15448126.94,4941944.148,15445126.94,4941944.148,63515106.93,0,0,0,0,0,0,0,0,0,0,,0,,0,0,0,0,0,0,0,0,0,0,0,0,0,0
15448126.94,5088944.148,15451126.94,5088944.148,15451126.94,5085944.148,15448126.94,5085944.148,63515106.93,0,0,0,0,0,0,0,0,0,0,,0,,0,0,0,0,0,0,0,0,0,0,0,0,0,0
15448126.94,5085944.148,15451126.94,5085944.148,15451126.94,5082944.148,15448126.94,5082944.148,63515106.93,0,0,0,0,0,0,0,0,0,0,,0,,0,0,0,0,0,0,0,0,0,0,0,0,0,0
15448126.94,5082944.148,15451126.94,5082944.148,15451126.94,5079944.148,15448126.94,5079944.148,63515106.93,0,0,0,0,0,0,0,0,0,0,,0,,0,0,0,0,0,0,0,0,0,0,0,0,0,0
15448126.94,5079944.148,15451126.94,5079944.148,15451126.94,5076944.148,15448126.94,5076944.148,63515106.93,0,0,0,0,0,0,0,0,0,0,,0,,0,0,0,0,0,0,0,0,0,0,0,0,0,0
15448126.94,5076944.148,15451126.94,5076944.148,15451126.94,5073944.148,15448126.94,5073944.148,63515106.93,0,0,0,0,0,0,0,0,0,0,,0,,0,0,0,0,0,0,0,0,0,0,0,0,0,0
15448126.94,5073944.148,15451126.94,5073944.148,15451126.94,5070944.148,15448126.94,5070944.148,63515106.93,7.87E-09,7.87E-09,15675.00185,7837.500926,7837.500926,0,0,0,1.934230256,0.967115128,,0.000123396,,0.000123396,0.5,1,0.5,1,7837.500926,7837.500926,7837.500926,0,0,1,0,7.87E-09,31757553.47
15448126.94,5070944.148,15451126.94,5070944.148,15451126.94,5067944.148,15448126.94,5067944.148,63515106.93,7.87E-09,7.87E-09,18008.73341,1121.218583,7883.148121,0,0,0,2.553049933,0.638262483,,0.000141767,,0.000141767,0.5,2,0.5,2,4502.183352,1121.218583,7883.148121,0,0,1,0,7.87E-09,31757553.47
15448126.94,5067944.148,15451126.94,5067944.148,15451126.94,5064944.148,15448126.94,5064944.148,63515106.93,7.87E-09,7.87E-09,16217.13328,2899.810218,5208.756422,0,0,0,2.070337472,0.517584368,,0.000127664,,0.000127664,0.5,2,0.5,2,4054.28332,2899.810218,5208.756422,0,0,1,0,7.87E-09,31757553.47
15448126.94,5064944.148,15451126.94,5064944.148,15451126.94,5061944.148,15448126.94,5061944.148,63515106.93,7.87E-09,7.87E-09,9190.117307,4595.058653,4595.058653,0,0,0,0.664867464,0.332433732,,7.23E-05,,7.23E-05,0.5,1,0.5,1,4595.058653,4595.058653,4595.058653,0,0,1,0,7.87E-09,31757553.47
15448126.94,5061944.148,15451126.94,5061944.148,15451126.94,5058944.148,15448126.94,5058944.148,63515106.93,7.87E-09,7.87E-09,1899.396633,949.6983166,949.6983166,0,0,0,0.02840039,0.014200195,,1.50E-05,,1.50E-05,0.5,1,0.5,1,949.6983166,949.6983166,949.6983166,0,0,1,0,7.87E-09,31757553.47
15448126.94,5058944.148,15451126.94,5058944.148,15451126.94,5055944.148,15448126.94,5055944.148,63515106.93,0,0,0,0,0,0,0,0,0,0,,0,,0,0,0,0,0,0,0,0,0,0,0,0,0,0
15448126.94,5055944.148,15451126.94,5055944.148,15451126.94,5052944.148,15448126.94,5052944.148,63515106.93,7.87E-09,7.87E-09,913.5343074,456.7671537,456.7671537,0,0,0,0.006569657,0.003284828,,7.19E-06,,7.19E-06,0.5,1,0.5,1,456.7671537,456.7671537,456.7671537,0,0,1,0,7.87E-09,31757553.47
15448126.94,5052944.148,15451126.94,5052944.148,15451126.94,5049944.148,15448126.94,5049944.148,63515106.93,7.87E-09,7.87E-09,4834.983086,2417.491543,2417.491543,0,0,0,0.184027569,0.092013784,,3.81E-05,,3.81E-05,0.5,1,0.5,1,2417.491543,2417.491543,2417.491543,0,0,1,0,7.87E-09,31757553.47
15448126.94,5049944.148,15451126.94,5049944.148,15451126.94,5046944.148,15448126.94,5046944.148,63515106.93,7.87E-09,7.87E-09,3700.163996,1850.081998,1850.081998,0,0,0,0.10777919,0.053889595,,2.91E-05,,2.91E-05,0.5,1,0.5,1,1850.081998,1850.081998,1850.081998,0,0,1,0,7.87E-09,31757553.47
15448126.94,5046944.148,15451126.94,5046944.148,15451126.94,5043944.148,15448126.94,5043944.148,63515106.93,0,0,0,0,0,0,0,0,0,0,,0,,0,0,0,0,0,0,0,0,0,0,0,0,0,0
15448126.94,5043944.148,15451126.94,5043944.148,15451126.94,5040944.148,15448126.94,5040944.148,63515106.93,0,0,0,0,0,0,0,0,0,0,,0,,0,0,0,0,0,0,0,0,0,0,0,0,0,0
15448126.94,5040944.148,15451126.94,5040944.148,15451126.94,5037944.148,15448126.94,5037944.148,63515106.93,0,0,0,0,0,0,0,0,0,0,,0,,0,0,0,0,0,0,0,0,0,0,0,0,0,0
15448126.94,5037944.148,15451126.94,5037944.148,15451126.94,5034944.148,15448126.94,5034944.148,63515106.93,0,0,0,0,0,0,0,0,0,0,,0,,0,0,0,0,0,0,0,0,0,0,0,0,0,0
15448126.94,5034944.148,15451126.94,5034944.148,15451126.94,5031944.148,15448126.94,5031944.148,63515106.93,0,0,0,0,0,0,0,0,0,0,,0,,0,0,0,0,0,0,0,0,0,0,0,0,0,0
15448126.94,5031944.148,15451126.94,5031944.148,15451126.94,5028944.148,15448126.94,5028944.148,63515106.93,7.87E-09,7.87E-09,13250.62449,6625.312247,6625.312247,0,0,0,1.382183373,0.691091687,,0.000104311,,0.000104311,0.5,1,0.5,1,6625.312247,6625.312247,6625.312247,0,0,1,0,7.87E-09,31757553.47
15448126.94,5028944.148,15451126.94,5028944.148,15451126.94,5025944.148,15448126.94,5025944.148,63515106.93,7.87E-09,7.87E-09,16255.14415,8127.572075,8127.572075,0,0,0,2.080054054,1.040027027,,0.000127963,,0.000127963,0.5,1,0.5,1,8127.572075,8127.572075,8127.572075,0,0,1,0,7.87E-09,31757553.47
15448126.94,5025944.148,15451126.94,5025944.148,15451126.94,5022944.148,15448126.94,5022944.148,63515106.93,0,0,0,5500.282781,5500.282781,0,0,0,0,0.476313622,,8.66E-05,,8.66E-05,0,1,0,1,5500.282781,5500.282781,5500.282781,0,0,0,0,0,0
15448126.94,5022944.148,15451126.94,5022944.148,15451126.94,5019944.148,15448126.94,5019944.148,63515106.93,0,0,0,0,0,0,0,0,0,0,,0,,0,0,0,0,0,0,0,0,0,0,0,0,0,0
15448126.94,5019944.148,15451126.94,5019944.148,15451126.94,5016944.148,15448126.94,5016944.148,63515106.93,7.87E-09,7.87E-09,4217.614686,2108.807343,2108.807343,0,0,0,0.140031833,0.070015916,,3.32E-05,,3.32E-05,0.5,1,0.5,1,2108.807343,2108.807343,2108.807343,0,0,1,0,7.87E-09,31757553.47
15448126.94,5016944.148,15451126.94,5016944.148,15451126.94,5013944.148,15448126.94,5013944.148,63515106.93,7.87E-09,7.87E-09,9211.944356,4605.972178,4605.972178,0,0,0,0.66802941,0.334014705,,7.25E-05,,7.25E-05,0.5,1,0.5,1,4605.972178,4605.972178,4605.972178,0,0,1,0,7.87E-09,31757553.47
15448126.94,5013944.148,15451126.94,5013944.148,15451126.94,5010944.148,15448126.94,5010944.148,63515106.93,7.87E-09,7.87E-09,9071.392786,4535.696393,4535.696393,0,0,0,0.647799957,0.323899979,,7.14E-05,,7.14E-05,0.5,1,0.5,1,4535.696393,4535.696393,4535.696393,0,0,1,0,7.87E-09,31757553.47
15448126.94,5010944.148,15451126.94,5010944.148,15451126.94,5007944.148,15448126.94,5007944.148,63515106.93,0,0,0,0,0,0,0,0,0,0,,0,,0,0,0,0,0,0,0,0,0,0,0,0,0,0
15448126.94,5007944.148,15451126.94,5007944.148,15451126.94,5004944.148,15448126.94,5004944.148,63515106.93,0,0,0,0,0,0,0,0,0,0,,0,,0,0,0,0,0,0,0,0,0,0,0,0,0,0
15448126.94,5004944.148,15451126.94,5004944.148,15451126.94,5001944.148,15448126.94,5001944.148,63515106.93,0,0,0,0,0,0,0,0,0,0,,0,,0,0,0,0,0,0,0,0,0,0,0,0,0,0
15448126.94,5001944.148,15451126.94,5001944.148,15451126.94,4998944.148,15448126.94,4998944.148,63515106.93,0,0,0,0,0,0,0,0,0,0,,0,,0,0,0,0,0,0,0,0,0,0,0,0,0,0
15448126.94,4998944.148,15451126.94,4998944.148,15451126.94,4995944.148,15448126.94,4995944.148,63515106.93,0,0,0,0,0,0,0,0,0,0,,0,,0,0,0,0,0,0,0,0,0,0,0,0,0,0
15448126.94,4995944.148,15451126.94,4995944.148,15451126.94,4992944.148,15448126.94,4992944.148,63515106.93,0,0,0,0,0,0,0,0,0,0,,0,,0,0,0,0,0,0,0,0,0,0,0,0,0,0
15448126.94,4992944.148,15451126.94,4992944.148,15451126.94,4989944.148,15448126.94,4989944.148,63515106.93,0,0,0,0,0,0,0,0,0,0,,0,,0,0,0,0,0,0,0,0,0,0,0,0,0,0
15448126.94,4989944.148,15451126.94,4989944.148,15451126.94,4986944.148,15448126.94,4986944.148,63515106.93,0,0,0,0,0,0,0,0,0,0,,0,,0,0,0,0,0,0,0,0,0,0,0,0,0,0
15448126.94,4986944.148,15451126.94,4986944.148,15451126.94,4983944.148,15448126.94,4983944.148,63515106.93,0,0,0,0,0,0,0,0,0,0,,0,,0,0,0,0,0,0,0,0,0,0,0,0,0,0
15448126.94,4983944.148,15451126.94,4983944.148,15451126.94,4980944.148,15448126.94,4980944.148,63515106.93,0,0,0,0,0,0,0,0,0,0,,0,,0,0,0,0,0,0,0,0,0,0,0,0,0,0
15448126.94,4980944.148,15451126.94,4980944.148,15451126.94,4977944.148,15448126.94,4977944.148,63515106.93,0,0,0,0,0,0,0,0,0,0,,0,,0,0,0,0,0,0,0,0,0,0,0,0,0,0
15448126.94,4977944.148,15451126.94,4977944.148,15451126.94,4974944.148,15448126.94,4974944.148,63515106.93,7.87E-09,7.87E-09,2975.00229,1487.501145,1487.501145,0,0,0,0.069673492,0.034836746,,2.34E-05,,2.34E-05,0.5,1,0.5,1,1487.501145,1487.501145,1487.501145,0,0,1,0,7.87E-09,31757553.47
15448126.94,4974944.148,15451126.94,4974944.148,15451126.94,4971944.148,15448126.94,4971944.148,63515106.93,7.87E-09,7.87E-09,2259.042902,1129.521451,1129.521451,0,0,0,0.040173709,0.020086854,,1.78E-05,,1.78E-05,0.5,1,0.5,1,1129.521451,1129.521451,1129.521451,0,0,1,0,7.87E-09,31757553.47
15448126.94,4971944.148,15451126.94,4971944.148,15451126.94,4968944.148,15448126.94,4968944.148,63515106.93,0,0,0,0,0,0,0,0,0,0,,0,,0,0,0,0,0,0,0,0,0,0,0,0,0,0
15448126.94,4968944.148,15451126.94,4968944.148,15451126.94,4965944.148,15448126.94,4965944.148,63515106.93,0,0,0,0,0,0,0,0,0,0,,0,,0,0,0,0,0,0,0,0,0,0,0,0,0,0
15448126.94,4965944.148,15451126.94,4965944.148,15451126.94,4962944.148,15448126.94,4962944.148,63515106.93,0,0,0,0,0,0,0,0,0,0,,0,,0,0,0,0,0,0,0,0,0,0,0,0,0,0
15448126.94,4962944.148,15451126.94,4962944.148,15451126.94,4959944.148,15448126.94,4959944.148,63515106.93,0,0,0,0,0,0,0,0,0,0,,0,,0,0,0,0,0,0,0,0,0,0,0,0,0,0
15448126.94,4959944.148,15451126.94,4959944.148,15451126.94,4956944.148,15448126.94,4956944.148,63515106.93,7.87E-09,7.87E-09,8833.789507,4416.894753,4416.894753,0,0,0,0.614309263,0.307154631,,6.95E-05,,6.95E-05,0.5,1,0.5,1,4416.894753,4416.894753,4416.894753,0,0,1,0,7.87E-09,31757553.47
15448126.94,4956944.148,15451126.94,4956944.148,15451126.94,4953944.148,15448126.94,4953944.148,63515106.93,7.87E-09,7.87E-09,10902.08451,5451.042256,5451.042256,0,0,0,0.935647064,0.467823532,,8.58E-05,,8.58E-05,0.5,1,0.5,1,5451.042256,5451.042256,5451.042256,0,0,1,0,7.87E-09,31757553.47
15448126.94,4953944.148,15451126.94,4953944.148,15451126.94,4950944.148,15448126.94,4950944.148,63515106.93,7.87E-09,7.87E-09,8169.372996,4084.686498,4084.686498,0,0,0,0.525376232,0.262688116,,6.43E-05,,6.43E-05,0.5,1,0.5,1,4084.686498,4084.686498,4084.686498,0,0,1,0,7.87E-09,31757553.47
15448126.94,4950944.148,15451126.94,4950944.148,15451126.94,4947944.148,15448126.94,4947944.148,63515106.93,0,0,0,0,0,0,0,0,0,0,,0,,0,0,0,0,0,0,0,0,0,0,0,0,0,0
15448126.94,4947944.148,15451126.94,4947944.148,15451126.94,4944944.148,15448126.94,4944944.148,63515106.93,0,0,0,0,0,0,0,0,0,0,,0,,0,0,0,0,0,0,0,0,0,0,0,0,0,0
15448126.94,4944944.148,15451126.94,4944944.148,15451126.94,4941944.148,15448126.94,4941944.148,63515106.93,0,0,0,0,0,0,0,0,0,0,,0,,0,0,0,0,0,0,0,0,0,0,0,0,0,0
15451126.94,5088944.148,15454126.94,5088944.148,15454126.94,5085944.148,15451126.94,5085944.148,63515106.93,0,0,0,0,0,0,0,0,0,0,,0,,0,0,0,0,0,0,0,0,0,0,0,0,0,0
15451126.94,5085944.148,15454126.94,5085944.148,15454126.94,5082944.148,15451126.94,5082944.148,63515106.93,0,0,0,0,0,0,0,0,0,0,,0,,0,0,0,0,0,0,0,0,0,0,0,0,0,0
15451126.94,5082944.148,15454126.94,5082944.148,15454126.94,5079944.148,15451126.94,5079944.148,63515106.93,0,0,0,0,0,0,0,0,0,0,,0,,0,0,0,0,0,0,0,0,0,0,0,0,0,0
15451126.94,5079944.148,15454126.94,5079944.148,15454126.94,5076944.148,15451126.94,5076944.148,63515106.93,0,0,0,0,0,0,0,0,0,0,,0,,0,0,0,0,0,0,0,0,0,0,0,0,0,0
15451126.94,5076944.148,15454126.94,5076944.148,15454126.94,5073944.148,15451126.94,5073944.148,63515106.93,0,0,0,0,0,0,0,0,0,0,,0,,0,0,0,0,0,0,0,0,0,0,0,0,0,0
15451126.94,5073944.148,15454126.94,5073944.148,15454126.94,5070944.148,15451126.94,5070944.148,63515106.93,0,0,0,8544.405611,8544.405611,0,0,0,0,1.149440988,,0.000134526,,0.000134526,0,1,0,1,8544.405611,8544.405611,8544.405611,0,0,0,0,0,0
15451126.94,5070944.148,15454126.94,5070944.148,15454126.94,5067944.148,15451126.94,5067944.148,63515106.93,0,0,0,8455.763229,8455.763229,0,0,0,0,1.125715365,,0.00013313,,0.00013313,0,1,0,1,8455.763229,8455.763229,8455.763229,0,0,0,0,0,0
15451126.94,5067944.148,15454126.94,5067944.148,15454126.94,5064944.148,15451126.94,5064944.148,63515106.93,7.87E-09,7.87E-09,8690.536194,1986.521501,2358.746596,0,0,0,0.594546896,0.148636724,,6.84E-05,,6.84E-05,0.5,2,0.5,2,2172.634048,1986.521501,2358.746596,0,0,1,0,7.87E-09,31757553.47
15451126.94,5064944.148,15454126.94,5064944.148,15454126.94,5061944.148,15451126.94,5061944.148,63515106.93,7.87E-09,7.87E-09,3667.110521,1833.55526,1833.55526,0,0,0,0.105862213,0.052931107,,2.89E-05,,2.89E-05,0.5,1,0.5,1,1833.55526,1833.55526,1833.55526,0,0,1,0,7.87E-09,31757553.47
15451126.94,5061944.148,15454126.94,5061944.148,15454126.94,5058944.148,15451126.94,5058944.148,63515106.93,0,0,0,0,0,0,0,0,0,0,,0,,0,0,0,0,0,0,0,0,0,0,0,0,0,0
15451126.94,5058944.148,15454126.94,5058944.148,15454126.94,5055944.148,15451126.94,5055944.148,63515106.93,0,0,0,0,0,0,0,0,0,0,,0,,0,0,0,0,0,0,0,0,0,0,0,0,0,0
15451126.94,5055944.148,15454126.94,5055944.148,15454126.94,5052944.148,15451126.94,5052944.148,63515106.93,7.87E-09,7.87E-09,7141.355815,3570.677908,3570.677908,0,0,0,0.401471125,0.200735563,,5.62E-05,,5.62E-05,0.5,1,0.5,1,3570.677908,3570.677908,3570.677908,0,0,1,0,7.87E-09,31757553.47
15451126.94,5052944.148,15454126.94,5052944.148,15454126.94,5049944.148,15451126.94,5049944.148,63515106.93,7.87E-09,7.87E-09,10839.92046,5419.960228,5419.960228,0,0,0,0.925007303,0.462503651,,8.53E-05,,8.53E-05,0.5,1,0.5,1,5419.960228,5419.960228,5419.960228,0,0,1,0,7.87E-09,31757553.47
15451126.94,5049944.148,15454126.94,5049944.148,15454126.94,5046944.148,15451126.94,5046944.148,63515106.93,7.87E-09,7.87E-09,9626.094626,4813.047313,4813.047313,0,0,0,0.729446129,0.364723064,,7.58E-05,,7.58E-05,0.5,1,0.5,1,4813.047313,4813.047313,4813.047313,0,0,1,0,7.87E-09,31757553.47
15451126.94,5046944.148,15454126.94,5046944.148,15454126.94,5043944.148,15451126.94,5043944.148,63515106.93,0,0,0,0,0,0,0,0,0,0,,0,,0,0,0,0,0,0,0,0,0,0,0,0,0,0
15451126.94,5043944.148,15454126.94,5043944.148,15454126.94,5040944.148,15451126.94,5040944.148,63515106.93,0,0,0,0,0,0,0,0,0,0,,0,,0,0,0,0,0,0,0,0,0,0,0,0,0,0
15451126.94,5040944.148,15454126.94,5040944.148,15454126.94,5037944.148,15451126.94,5037944.148,63515106.93,0,0,0,0,0,0,0,0,0,0,,0,,0,0,0,0,0,0,0,0,0,0,0,0,0,0
15451126.94,5037944.148,15454126.94,5037944.148,15454126.94,5034944.148,15451126.94,5034944.148,63515106.93,0,0,0,0,0,0,0,0,0,0,,0,,0,0,0,0,0,0,0,0,0,0,0,0,0,0
15451126.94,5034944.148,15454126.94,5034944.148,15454126.94,5031944.148,15451126.94,5031944.148,63515106.93,7.87E-09,7.87E-09,2337.255883,1168.627942,1168.627942,0,0,0,0.043003667,0.021501834,,1.84E-05,,1.84E-05,0.5,1,0.5,1,1168.627942,1168.627942,1168.627942,0,0,1,0,7.87E-09,31757553.47
15451126.94,5031944.148,15454126.94,5031944.148,15454126.94,5028944.148,15451126.94,5028944.148,63515106.93,7.87E-09,7.87E-09,8433.0288,4216.5144,4216.5144,0,0,0,0.559835118,0.279917559,,6.64E-05,,6.64E-05,0.5,1,0.5,1,4216.5144,4216.5144,4216.5144,0,0,1,0,7.87E-09,31757553.47
15451126.94,5028944.148,15454126.94,5028944.148,15454126.94,5025944.148,15451126.94,5025944.148,63515106.93,7.87E-09,7.87E-09,9945.919873,4972.959936,4972.959936,0,0,0,0.778722787,0.389361393,,7.83E-05,,7.83E-05,0.5,1,0.5,1,4972.959936,4972.959936,4972.959936,0,0,1,0,7.87E-09,31757553.47
15451126.94,5025944.148,15454126.94,5025944.148,15454126.94,5022944.148,15451126.94,5022944.148,63515106.93,0,0,0,0,0,0,0,0,0,0,,0,,0,0,0,0,0,0,0,0,0,0,0,0,0,0
15451126.94,5022944.148,15454126.94,5022944.148,15454126.94,5019944.148,15451126.94,5019944.148,63515106.93,0,0,0,0,0,0,0,0,0,0,,0,,0,0,0,0,0,0,0,0,0,0,0,0,0,0
15451126.94,5019944.148,15454126.94,5019944.148,15454126.94,5016944.148,15451126.94,5016944.148,63515106.93,0,0,0,3009.495798,3009.495798,0,0,0,0,0.14259702,,4.74E-05,,4.74E-05,0,1,0,1,3009.495798,3009.495798,3009.495798,0,0,0,0,0,0
15451126.94,5016944.148,15454126.94,5016944.148,15454126.94,5013944.148,15451126.94,5013944.148,63515106.93,7.87E-09,7.87E-09,15036.107,7518.053499,7518.053499,0,0,0,1.779769606,0.889884803,,0.000118366,,0.000118366,0.5,1,0.5,1,7518.053499,7518.053499,7518.053499,0,0,1,0,7.87E-09,31757553.47
15451126.94,5013944.148,15454126.94,5013944.148,15454126.94,5010944.148,15451126.94,5010944.148,63515106.93,7.87E-09,7.87E-09,15318.51751,7659.258757,7659.258757,0,0,0,1.847253277,0.923626638,,0.00012059,,0.00012059,0.5,1,0.5,1,7659.258757,7659.258757,7659.258757,0,0,1,0,7.87E-09,31757553.47
15451126.94,5010944.148,15454126.94,5010944.148,15454126.94,5007944.148,15451126.94,5007944.148,63515106.93,0,0,0,0,0,0,0,0,0,0,,0,,0,0,0,0,0,0,0,0,0,0,0,0,0,0
15451126.94,5007944.148,15454126.94,5007944.148,15454126.94,5004944.148,15451126.94,5004944.148,63515106.93,0,0,0,0,0,0,0,0,0,0,,0,,0,0,0,0,0,0,0,0,0,0,0,0,0,0
15451126.94,5004944.148,15454126.94,5004944.148,15454126.94,5001944.148,15451126.94,5001944.148,63515106.93,0,0,0,0,0,0,0,0,0,0,,0,,0,0,0,0,0,0,0,0,0,0,0,0,0,0
15451126.94,5001944.148,15454126.94,5001944.148,15454126.94,4998944.148,15451126.94,4998944.148,63515106.93,0,0,0,0,0,0,0,0,0,0,,0,,0,0,0,0,0,0,0,0,0,0,0,0,0,0
15451126.94,4998944.148,15454126.94,4998944.148,15454126.94,4995944.148,15451126.94,4995944.148,63515106.93,0,0,0,0,0,0,0,0,0,0,,0,,0,0,0,0,0,0,0,0,0,0,0,0,0,0
15451126.94,4995944.148,15454126.94,4995944.148,15454126.94,4992944.148,15451126.94,4992944.148,63515106.93,0,0,0,0,0,0,0,0,0,0,,0,,0,0,0,0,0,0,0,0,0,0,0,0,0,0
15451126.94,4992944.148,15454126.94,4992944.148,15454126.94,4989944.148,15451126.94,4989944.148,63515106.93,0,0,0,0,0,0,0,0,0,0,,0,,0,0,0,0,0,0,0,0,0,0,0,0,0,0
15451126.94,4989944.148,15454126.94,4989944.148,15454126.94,4986944.148,15451126.94,4986944.148,63515106.93,0,0,0,0,0,0,0,0,0,0,,0,,0,0,0,0,0,0,0,0,0,0,0,0,0,0
15451126.94,4986944.148,15454126.94,4986944.148,15454126.94,4983944.148,15451126.94,4983944.148,63515106.93,0,0,0,0,0,0,0,0,0,0,,0,,0,0,0,0,0,0,0,0,0,0,0,0,0,0
15451126.94,4983944.148,15454126.94,4983944.148,15454126.94,4980944.148,15451126.94,4980944.148,63515106.93,0,0,0,0,0,0,0,0,0,0,,0,,0,0,0,0,0,0,0,0,0,0,0,0,0,0
15451126.94,4980944.148,15454126.94,4980944.148,15454126.94,4977944.148,15451126.94,4977944.148,63515106.93,7.87E-09,7.87E-09,4147.550315,2073.775158,2073.775158,0,0,0,0.135417969,0.067708985,,3.27E-05,,3.27E-05,0.5,1,0.5,1,2073.775158,2073.775158,2073.775158,0,0,1,0,7.87E-09,31757553.47
15451126.94,4977944.148,15454126.94,4977944.148,15454126.94,4974944.148,15451126.94,4974944.148,63515106.93,7.87E-09,7.87E-09,8905.194763,4452.597382,4452.597382,0,0,0,0.624280566,0.312140283,,7.01E-05,,7.01E-05,0.5,1,0.5,1,4452.597382,4452.597382,4452.597382,0,0,1,0,7.87E-09,31757553.47
15451126.94,4974944.148,15454126.94,4974944.148,15454126.94,4971944.148,15451126.94,4971944.148,63515106.93,7.87E-09,7.87E-09,8420.534827,4210.267413,4210.267413,0,0,0,0.558177497,0.279088748,,6.63E-05,,6.63E-05,0.5,1,0.5,1,4210.267413,4210.267413,4210.267413,0,0,1,0,7.87E-09,31757553.47
15451126.94,4971944.148,15454126.94,4971944.148,15454126.94,4968944.148,15451126.94,4968944.148,63515106.93,0,0,0,0,0,0,0,0,0,0,,0,,0,0,0,0,0,0,0,0,0,0,0,0,0,0
15451126.94,4968944.148,15454126.94,4968944.148,15454126.94,4965944.148,15451126.94,4965944.148,63515106.93,0,0,0,0,0,0,0,0,0,0,,0,,0,0,0,0,0,0,0,0,0,0,0,0,0,0
15451126.94,4965944.148,15454126.94,4965944.148,15454126.94,4962944.148,15451126.94,4962944.148,63515106.93,0,0,0,0,0,0,0,0,0,0,,0,,0,0,0,0,0,0,0,0,0,0,0,0,0,0
15451126.94,4962944.148,15454126.94,4962944.148,15454126.94,4959944.148,15451126.94,4959944.148,63515106.93,0,0,0,0,0,0,0,0,0,0,,0,,0,0,0,0,0,0,0,0,0,0,0,0,0,0
15451126.94,4959944.148,15454126.94,4959944.148,15454126.94,4956944.148,15451126.94,4956944.148,63515106.93,7.87E-09,7.87E-09,14024.88594,7012.442971,7012.442971,0,0,0,1.548430249,0.774215124,,0.000110406,,0.000110406,0.5,1,0.5,1,7012.442971,7012.442971,7012.442971,0,0,1,0,7.87E-09,31757553.47
15451126.94,4956944.148,15454126.94,4956944.148,15454126.94,4953944.148,15451126.94,4953944.148,63515106.93,7.87E-09,7.87E-09,16926.45882,8463.229409,8463.229409,0,0,0,2.255408374,1.127704187,,0.000133248,,0.000133248,0.5,1,0.5,1,8463.229409,8463.229409,8463.229409,0,0,1,0,7.87E-09,31757553.47
15451126.94,4953944.148,15454126.94,4953944.148,15454126.94,4950944.148,15451126.94,4950944.148,63515106.93,0,0,0,6086.53396,6086.53396,0,0,0,0,0.583261171,,9.58E-05,,9.58E-05,0,1,0,1,6086.53396,6086.53396,6086.53396,0,0,0,0,0,0
15451126.94,4950944.148,15454126.94,4950944.148,15454126.94,4947944.148,15451126.94,4947944.148,63515106.93,0,0,0,0,0,0,0,0,0,0,,0,,0,0,0,0,0,0,0,0,0,0,0,0,0,0
15451126.94,4947944.148,15454126.94,4947944.148,15454126.94,4944944.148,15451126.94,4944944.148,63515106.93,0,0,0,0,0,0,0,0,0,0,,0,,0,0,0,0,0,0,0,0,0,0,0,0,0,0
15451126.94,4944944.148,15454126.94,4944944.148,15454126.94,4941944.148,15451126.94,4941944.148,63515106.93,0,0,0,0,0,0,0,0,0,0,,0,,0,0,0,0,0,0,0,0,0,0,0,0,0,0
15454126.94,5088944.148,15457126.94,5088944.148,15457126.94,5085944.148,15454126.94,5085944.148,63515106.93,0,0,0,0,0,0,0,0,0,0,,0,,0,0,0,0,0,0,0,0,0,0,0,0,0,0
15454126.94,5085944.148,15457126.94,5085944.148,15457126.94,5082944.148,15454126.94,5082944.148,63515106.93,0,0,0,0,0,0,0,0,0,0,,0,,0,0,0,0,0,0,0,0,0,0,0,0,0,0
15454126.94,5082944.148,15457126.94,5082944.148,15457126.94,5079944.148,15454126.94,5079944.148,63515106.93,0,0,0,0,0,0,0,0,0,0,,0,,0,0,0,0,0,0,0,0,0,0,0,0,0,0
15454126.94,5079944.148,15457126.94,5079944.148,15457126.94,5076944.148,15454126.94,5076944.148,63515106.93,0,0,0,0,0,0,0,0,0,0,,0,,0,0,0,0,0,0,0,0,0,0,0,0,0,0
15454126.94,5076944.148,15457126.94,5076944.148,15457126.94,5073944.148,15454126.94,5073944.148,63515106.93,0,0,0,2789.326651,2789.326651,0,0,0,0,0.122495947,,4.39E-05,,4.39E-05,0,1,0,1,2789.326651,2789.326651,2789.326651,0,0,0,0,0,0
15454126.94,5073944.148,15457126.94,5073944.148,15457126.94,5070944.148,15454126.94,5070944.148,63515106.93,1.57E-08,1.57E-08,8289.326677,511.8459131,7777.480764,0,0,0,1.081836119,0.540918059,,0.00013051,,0.00013051,1,2,1,2,4144.663338,511.8459131,7777.480764,0,0,1,0,1.57E-08,63515106.93
15454126.94,5070944.148,15457126.94,5070944.148,15457126.94,5067944.148,15454126.94,5067944.148,63515106.93,7.87E-09,7.87E-09,15900.11285,7950.056424,7950.056424,0,0,0,1.990184704,0.995092352,,0.000125168,,0.000125168,0.5,1,0.5,1,7950.056424,7950.056424,7950.056424,0,0,1,0,7.87E-09,31757553.47
15454126.94,5067944.148,15457126.94,5067944.148,15457126.94,5064944.148,15454126.94,5064944.148,63515106.93,0,0,0,0,0,0,0,0,0,0,,0,,0,0,0,0,0,0,0,0,0,0,0,0,0,0
15454126.94,5064944.148,15457126.94,5064944.148,15457126.94,5061944.148,15454126.94,5061944.148,63515106.93,0,0,0,0,0,0,0,0,0,0,,0,,0,0,0,0,0,0,0,0,0,0,0,0,0,0
15454126.94,5061944.148,15457126.94,5061944.148,15457126.94,5058944.148,15454126.94,5058944.148,63515106.93,0,0,0,0,0,0,0,0,0,0,,0,,0,0,0,0,0,0,0,0,0,0,0,0,0,0
15454126.94,5058944.148,15457126.94,5058944.148,15457126.94,5055944.148,15454126.94,5055944.148,63515106.93,0,0,0,0,0,0,0,0,0,0,,0,,0,0,0,0,0,0,0,0,0,0,0,0,0,0
15454126.94,5055944.148,15457126.94,5055944.148,15457126.94,5052944.148,15454126.94,5052944.148,63515106.93,0,0,0,4893.173122,4893.173122,0,0,0,0,0.376967691,,7.70E-05,,7.70E-05,0,1,0,1,4893.173122,4893.173122,4893.173122,0,0,0,0,0,0
15454126.94,5052944.148,15457126.94,5052944.148,15457126.94,5049944.148,15454126.94,5049944.148,63515106.93,7.87E-09,7.87E-09,16729.07727,8364.538636,8364.538636,0,0,0,2.203113872,1.101556936,,0.000131694,,0.000131694,0.5,1,0.5,1,8364.538636,8364.538636,8364.538636,0,0,1,0,7.87E-09,31757553.47
15454126.94,5049944.148,15457126.94,5049944.148,15457126.94,5046944.148,15454126.94,5046944.148,63515106.93,0,0,0,8008.738056,8008.738056,0,0,0,0,1.009836688,,0.000126092,,0.000126092,0,1,0,1,8008.738056,8008.738056,8008.738056,0,0,0,0,0,0
15454126.94,5046944.148,15457126.94,5046944.148,15457126.94,5043944.148,15454126.94,5043944.148,63515106.93,0,0,0,0,0,0,0,0,0,0,,0,,0,0,0,0,0,0,0,0,0,0,0,0,0,0
15454126.94,5043944.148,15457126.94,5043944.148,15457126.94,5040944.148,15454126.94,5040944.148,63515106.93,7.87E-09,7.87E-09,126.8230221,63.41151103,63.41151103,0,0,0,0.000126616,6.33E-05,,9.98E-07,,9.98E-07,0.5,1,0.5,1,63.41151103,63.41151103,63.41151103,0,0,1,0,7.87E-09,31757553.47
15454126.94,5040944.148,15457126.94,5040944.148,15457126.94,5037944.148,15454126.94,5037944.148,63515106.93,7.87E-09,7.87E-09,1146.551827,573.2759137,573.2759137,0,0,0,0.01034857,0.005174285,,9.03E-06,,9.03E-06,0.5,1,0.5,1,573.2759137,573.2759137,573.2759137,0,0,1,0,7.87E-09,31757553.47
15454126.94,5037944.148,15457126.94,5037944.148,15457126.94,5034944.148,15454126.94,5034944.148,63515106.93,0,0,0,0,0,0,0,0,0,0,,0,,0,0,0,0,0,0,0,0,0,0,0,0,0,0
15454126.94,5034944.148,15457126.94,5034944.148,15457126.94,5031944.148,15454126.94,5031944.148,63515106.93,0,0,0,0,0,0,0,0,0,0,,0,,0,0,0,0,0,0,0,0,0,0,0,0,0,0
15454126.94,5031944.148,15457126.94,5031944.148,15457126.94,5028944.148,15454126.94,5028944.148,63515106.93,7.87E-09,7.87E-09,3011.481904,1505.740952,1505.740952,0,0,0,0.071392647,0.035696324,,2.37E-05,,2.37E-05,0.5,1,0.5,1,1505.740952,1505.740952,1505.740952,0,0,1,0,7.87E-09,31757553.47
15454126.94,5028944.148,15457126.94,5028944.148,15457126.94,5025944.148,15454126.94,5025944.148,63515106.93,7.87E-09,7.87E-09,3043.428624,1521.714312,1521.714312,0,0,0,0.072915392,0.036457696,,2.40E-05,,2.40E-05,0.5,1,0.5,1,1521.714312,1521.714312,1521.714312,0,0,1,0,7.87E-09,31757553.47
15454126.94,5025944.148,15457126.94,5025944.148,15457126.94,5022944.148,15454126.94,5022944.148,63515106.93,0,0,0,0,0,0,0,0,0,0,,0,,0,0,0,0,0,0,0,0,0,0,0,0,0,0
15454126.94,5022944.148,15457126.94,5022944.148,15457126.94,5019944.148,15454126.94,5019944.148,63515106.93,0,0,0,0,0,0,0,0,0,0,,0,,0,0,0,0,0,0,0,0,0,0,0,0,0,0
15454126.94,5019944.148,15457126.94,5019944.148,15457126.94,5016944.148,15454126.94,5016944.148,63515106.93,0,0,0,0,0,0,0,0,0,0,,0,,0,0,0,0,0,0,0,0,0,0,0,0,0,0
15454126.94,5016944.148,15457126.94,5016944.148,15457126.94,5013944.148,15454126.94,5013944.148,63515106.93,0,0,0,8478.946932,8478.946932,0,0,0,0,1.131896718,,0.000133495,,0.000133495,0,1,0,1,8478.946932,8478.946932,8478.946932,0,0,0,0,0,0
15454126.94,5013944.148,15457126.94,5013944.148,15457126.94,5010944.148,15454126.94,5010944.148,63515106.93,0,0,0,8480.071656,8480.071656,0,0,0,0,1.132197028,,0.000133513,,0.000133513,0,1,0,1,8480.071656,8480.071656,8480.071656,0,0,0,0,0,0
15454126.94,5010944.148,15457126.94,5010944.148,15457126.94,5007944.148,15454126.94,5007944.148,63515106.93,0,0,0,1903.963869,1903.963869,0,0,0,0,0.057074271,,3.00E-05,,3.00E-05,0,1,0,1,1903.963869,1903.963869,1903.963869,0,0,0,0,0,0
15454126.94,5007944.148,15457126.94,5007944.148,15457126.94,5004944.148,15454126.94,5004944.148,63515106.93,0,0,0,0,0,0,0,0,0,0,,0,,0,0,0,0,0,0,0,0,0,0,0,0,0,0
15454126.94,5004944.148,15457126.94,5004944.148,15457126.94,5001944.148,15454126.94,5001944.148,63515106.93,0,0,0,0,0,0,0,0,0,0,,0,,0,0,0,0,0,0,0,0,0,0,0,0,0,0
15454126.94,5001944.148,15457126.94,5001944.148,15457126.94,4998944.148,15454126.94,4998944.148,63515106.93,0,0,0,0,0,0,0,0,0,0,,0,,0,0,0,0,0,0,0,0,0,0,0,0,0,0
15454126.94,4998944.148,15457126.94,4998944.148,15457126.94,4995944.148,15454126.94,4995944.148,63515106.93,0,0,0,0,0,0,0,0,0,0,,0,,0,0,0,0,0,0,0,0,0,0,0,0,0,0
15454126.94,4995944.148,15457126.94,4995944.148,15457126.94,4992944.148,15454126.94,4992944.148,63515106.93,0,0,0,0,0,0,0,0,0,0,,0,,0,0,0,0,0,0,0,0,0,0,0,0,0,0
15454126.94,4992944.148,15457126.94,4992944.148,15457126.94,4989944.148,15454126.94,4989944.148,63515106.93,0,0,0,0,0,0,0,0,0,0,,0,,0,0,0,0,0,0,0,0,0,0,0,0,0,0
15454126.94,4989944.148,15457126.94,4989944.148,15457126.94,4986944.148,15454126.94,4986944.148,63515106.93,0,0,0,0,0,0,0,0,0,0,,0,,0,0,0,0,0,0,0,0,0,0,0,0,0,0
15454126.94,4986944.148,15457126.94,4986944.148,15457126.94,4983944.148,15454126.94,4983944.148,63515106.93,0,0,0,0,0,0,0,0,0,0,,0,,0,0,0,0,0,0,0,0,0,0,0,0,0,0
15454126.94,4983944.148,15457126.94,4983944.148,15457126.94,4980944.148,15454126.94,4980944.148,63515106.93,0,0,0,0,0,0,0,0,0,0,,0,,0,0,0,0,0,0,0,0,0,0,0,0,0,0
15454126.94,4980944.148,15457126.94,4980944.148,15457126.94,4977944.148,15454126.94,4977944.148,63515106.93,0,0,0,3736.634645,3736.634645,0,0,0,0,0.219828623,,5.88E-05,,5.88E-05,0,1,0,1,3736.634645,3736.634645,3736.634645,0,0,0,0,0,0
15454126.94,4977944.148,15457126.94,4977944.148,15457126.94,4974944.148,15454126.94,4974944.148,63515106.93,7.87E-09,7.87E-09,14866.62042,7433.310212,7433.310212,0,0,0,1.739872713,0.869936356,,0.000117032,,0.000117032,0.5,1,0.5,1,7433.310212,7433.310212,7433.310212,0,0,1,0,7.87E-09,31757553.47
15454126.94,4974944.148,15457126.94,4974944.148,15457126.94,4971944.148,15454126.94,4971944.148,63515106.93,7.87E-09,7.87E-09,14523.41607,7261.708033,7261.708033,0,0,0,1.660468072,0.830234036,,0.00011433,,0.00011433,0.5,1,0.5,1,7261.708033,7261.708033,7261.708033,0,0,1,0,7.87E-09,31757553.47
15454126.94,4971944.148,15457126.94,4971944.148,15457126.94,4968944.148,15454126.94,4968944.148,63515106.93,0,0,0,0,0,0,0,0,0,0,,0,,0,0,0,0,0,0,0,0,0,0,0,0,0,0
15454126.94,4968944.148,15457126.94,4968944.148,15457126.94,4965944.148,15454126.94,4965944.148,63515106.93,0,0,0,0,0,0,0,0,0,0,,0,,0,0,0,0,0,0,0,0,0,0,0,0,0,0
15454126.94,4965944.148,15457126.94,4965944.148,15457126.94,4962944.148,15454126.94,4962944.148,63515106.93,0,0,0,0,0,0,0,0,0,0,,0,,0,0,0,0,0,0,0,0,0,0,0,0,0,0
15454126.94,4962944.148,15457126.94,4962944.148,15457126.94,4959944.148,15454126.94,4959944.148,63515106.93,0,0,0,0,0,0,0,0,0,0,,0,,0,0,0,0,0,0,0,0,0,0,0,0,0,0
15454126.94,4959944.148,15457126.94,4959944.148,15457126.94,4956944.148,15454126.94,4956944.148,63515106.93,0,0,0,6601.353918,6601.353918,0,0,0,0,0.686102498,,0.000103934,,0.000103934,0,1,0,1,6601.353918,6601.353918,6601.353918,0,0,0,0,0,0
15454126.94,4956944.148,15457126.94,4956944.148,15457126.94,4953944.148,15454126.94,4953944.148,63515106.93,0,0,0,9026.073217,9026.073217,0,0,0,0,1.282686933,,0.000142109,,0.000142109,0,1,0,1,9026.073217,9026.073217,9026.073217,0,0,0,0,0,0
15454126.94,4953944.148,15457126.94,4953944.148,15457126.94,4950944.148,15454126.94,4950944.148,63515106.93,0,0,0,6903.489036,6903.489036,0,0,0,0,0.750343708,,0.000108691,,0.000108691,0,1,0,1,6903.489036,6903.489036,6903.489036,0,0,0,0,0,0
15454126.94,4950944.148,15457126.94,4950944.148,15457126.94,4947944.148,15454126.94,4947944.148,63515106.93,0,0,0,0,0,0,0,0,0,0,,0,,0,0,0,0,0,0,0,0,0,0,0,0,0,0
15454126.94,4947944.148,15457126.94,4947944.148,15457126.94,4944944.148,15454126.94,4944944.148,63515106.93,0,0,0,0,0,0,0,0,0,0,,0,,0,0,0,0,0,0,0,0,0,0,0,0,0,0
15454126.94,4944944.148,15457126.94,4944944.148,15457126.94,4941944.148,15454126.94,4941944.148,63515106.93,0,0,0,0,0,0,0,0,0,0,,0,,0,0,0,0,0,0,0,0,0,0,0,0,0,0
15457126.94,5088944.148,15460126.94,5088944.148,15460126.94,5085944.148,15457126.94,5085944.148,63515106.93,0,0,0,0,0,0,0,0,0,0,,0,,0,0,0,0,0,0,0,0,0,0,0,0,0,0
15457126.94,5085944.148,15460126.94,5085944.148,15460126.94,5082944.148,15457126.94,5082944.148,63515106.93,0,0,0,0,0,0,0,0,0,0,,0,,0,0,0,0,0,0,0,0,0,0,0,0,0,0
15457126.94,5082944.148,15460126.94,5082944.148,15460126.94,5079944.148,15457126.94,5079944.148,63515106.93,0,0,0,0,0,0,0,0,0,0,,0,,0,0,0,0,0,0,0,0,0,0,0,0,0,0
15457126.94,5079944.148,15460126.94,5079944.148,15460126.94,5076944.148,15457126.94,5076944.148,63515106.93,0,0,0,0,0,0,0,0,0,0,,0,,0,0,0,0,0,0,0,0,0,0,0,0,0,0
15457126.94,5076944.148,15460126.94,5076944.148,15460126.94,5073944.148,15457126.94,5073944.148,63515106.93,1.57E-08,1.57E-08,4351.523681,1983.651458,2367.872223,0,0,0,0.298129992,0.149064996,,6.85E-05,,6.85E-05,1,2,1,2,2175.761841,1983.651458,2367.872223,0,0,1,0,1.57E-08,63515106.93
15457126.94,5073944.148,15460126.94,5073944.148,15460126.94,5070944.148,15457126.94,5070944.148,63515106.93,1.57E-08,1.57E-08,8365.154348,3513.347579,4851.806769,0,0,0,1.101719113,0.550859556,,0.000131703,,0.000131703,1,2,1,2,4182.577174,3513.347579,4851.806769,0,0,1,0,1.57E-08,63515106.93
15457126.94,5070944.148,15460126.94,5070944.148,15460126.94,5067944.148,15457126.94,5067944.148,63515106.93,1.57E-08,1.57E-08,7685.7769,2821.182933,4864.593966,0,0,0,0.930033332,0.465016666,,0.000121007,,0.000121007,1,2,1,2,3842.88845,2821.182933,4864.593966,0,0,1,0,1.57E-08,63515106.93
15457126.94,5067944.148,15460126.94,5067944.148,15460126.94,5064944.148,15457126.94,5064944.148,63515106.93,0,0,0,0,0,0,0,0,0,0,,0,,0,0,0,0,0,0,0,0,0,0,0,0,0,0
15457126.94,5064944.148,15460126.94,5064944.148,15460126.94,5061944.148,15457126.94,5061944.148,63515106.93,7.87E-09,7.87E-09,3778.055116,1889.027558,1889.027558,0,0,0,0.11236461,0.056182305,,2.97E-05,,2.97E-05,0.5,1,0.5,1,1889.027558,1889.027558,1889.027558,0,0,1,0,7.87E-09,31757553.47
15457126.94,5061944.148,15460126.94,5061944.148,15460126.94,5058944.148,15457126.94,5058944.148,63515106.93,7.87E-09,7.87E-09,5140.419379,2570.20969,2570.20969,0,0,0,0.208012807,0.104006404,,4.05E-05,,4.05E-05,0.5,1,0.5,1,2570.20969,2570.20969,2570.20969,0,0,1,0,7.87E-09,31757553.47
15457126.94,5058944.148,15460126.94,5058944.148,15460126.94,5055944.148,15457126.94,5055944.148,63515106.93,7.87E-09,7.87E-09,1560.804036,780.4020182,780.4020182,0,0,0,0.0191774,0.0095887,,1.23E-05,,1.23E-05,0.5,1,0.5,1,780.4020182,780.4020182,780.4020182,0,0,1,0,7.87E-09,31757553.47
15457126.94,5055944.148,15460126.94,5055944.148,15460126.94,5052944.148,15457126.94,5052944.148,63515106.93,0,0,0,4219.488336,4219.488336,0,0,0,0,0.280312554,,6.64E-05,,6.64E-05,0,1,0,1,4219.488336,4219.488336,4219.488336,0,0,0,0,0,0
15457126.94,5052944.148,15460126.94,5052944.148,15460126.94,5049944.148,15457126.94,5049944.148,63515106.93,0,0,0,8660.537418,8660.537418,0,0,0,0,1.180898718,,0.000136354,,0.000136354,0,1,0,1,8660.537418,8660.537418,8660.537418,0,0,0,0,0,0
15457126.94,5049944.148,15460126.94,5049944.148,15460126.94,5046944.148,15457126.94,5046944.148,63515106.93,7.87E-09,7.87E-09,16589.84958,8294.924788,8294.924788,0,0,0,2.166595651,1.083297826,,0.000130598,,0.000130598,0.5,1,0.5,1,8294.924788,8294.924788,8294.924788,0,0,1,0,7.87E-09,31757553.47
15457126.94,5046944.148,15460126.94,5046944.148,15460126.94,5043944.148,15457126.94,5043944.148,63515106.93,0,0,0,0,0,0,0,0,0,0,,0,,0,0,0,0,0,0,0,0,0,0,0,0,0,0
15457126.94,5043944.148,15460126.94,5043944.148,15460126.94,5040944.148,15457126.94,5040944.148,63515106.93,7.87E-09,7.87E-09,5644.030057,2822.015028,2822.015028,0,0,0,0.250767706,0.125383853,,4.44E-05,,4.44E-05,0.5,1,0.5,1,2822.015028,2822.015028,2822.015028,0,0,1,0,7.87E-09,31757553.47
15457126.94,5040944.148,15460126.94,5040944.148,15460126.94,5037944.148,15457126.94,5037944.148,63515106.93,7.87E-09,7.87E-09,7328.918837,3664.459419,3664.459419,0,0,0,0.422836817,0.211418409,,5.77E-05,,5.77E-05,0.5,1,0.5,1,3664.459419,3664.459419,3664.459419,0,0,1,0,7.87E-09,31757553.47
15457126.94,5037944.148,15460126.94,5037944.148,15460126.94,5034944.148,15457126.94,5034944.148,63515106.93,7.87E-09,7.87E-09,3910.113798,1955.056899,1955.056899,0,0,0,0.120357114,0.060178557,,3.08E-05,,3.08E-05,0.5,1,0.5,1,1955.056899,1955.056899,1955.056899,0,0,1,0,7.87E-09,31757553.47
15457126.94,5034944.148,15460126.94,5034944.148,15460126.94,5031944.148,15457126.94,5031944.148,63515106.93,0,0,0,0,0,0,0,0,0,0,,0,,0,0,0,0,0,0,0,0,0,0,0,0,0,0
15457126.94,5031944.148,15460126.94,5031944.148,15460126.94,5028944.148,15457126.94,5028944.148,63515106.93,0,0,0,0,0,0,0,0,0,0,,0,,0,0,0,0,0,0,0,0,0,0,0,0,0,0
15457126.94,5028944.148,15460126.94,5028944.148,15460126.94,5025944.148,15457126.94,5025944.148,63515106.93,0,0,0,0,0,0,0,0,0,0,,0,,0,0,0,0,0,0,0,0,0,0,0,0,0,0
15457126.94,5025944.148,15460126.94,5025944.148,15460126.94,5022944.148,15457126.94,5022944.148,63515106.93,0,0,0,0,0,0,0,0,0,0,,0,,0,0,0,0,0,0,0,0,0,0,0,0,0,0
15457126.94,5022944.148,15460126.94,5022944.148,15460126.94,5019944.148,15457126.94,5019944.148,63515106.93,0,0,0,0,0,0,0,0,0,0,,0,,0,0,0,0,0,0,0,0,0,0,0,0,0,0
15457126.94,5019944.148,15460126.94,5019944.148,15460126.94,5016944.148,15457126.94,5016944.148,63515106.93,0,0,0,0,0,0,0,0,0,0,,0,,0,0,0,0,0,0,0,0,0,0,0,0,0,0
15457126.94,5016944.148,15460126.94,5016944.148,15460126.94,5013944.148,15457126.94,5013944.148,63515106.93,0,0,0,8338.300484,8338.300484,0,0,0,0,1.094656977,,0.000131281,,0.000131281,0,1,0,1,8338.300484,8338.300484,8338.300484,0,0,0,0,0,0
15457126.94,5013944.148,15460126.94,5013944.148,15460126.94,5010944.148,15457126.94,5010944.148,63515106.93,0,0,0,8602.871007,8602.871007,0,0,0,0,1.165224986,,0.000135446,,0.000135446,0,1,0,1,8602.871007,8602.871007,8602.871007,0,0,0,0,0,0
15457126.94,5010944.148,15460126.94,5010944.148,15460126.94,5007944.148,15457126.94,5007944.148,63515106.93,0,0,0,3203.856909,3203.856909,0,0,0,0,0.161610357,,5.04E-05,,5.04E-05,0,1,0,1,3203.856909,3203.856909,3203.856909,0,0,0,0,0,0
15457126.94,5007944.148,15460126.94,5007944.148,15460126.94,5004944.148,15457126.94,5004944.148,63515106.93,0,0,0,0,0,0,0,0,0,0,,0,,0,0,0,0,0,0,0,0,0,0,0,0,0,0
15457126.94,5004944.148,15460126.94,5004944.148,15460126.94,5001944.148,15457126.94,5001944.148,63515106.93,0,0,0,0,0,0,0,0,0,0,,0,,0,0,0,0,0,0,0,0,0,0,0,0,0,0
15457126.94,5001944.148,15460126.94,5001944.148,15460126.94,4998944.148,15457126.94,4998944.148,63515106.93,0,0,0,0,0,0,0,0,0,0,,0,,0,0,0,0,0,0,0,0,0,0,0,0,0,0
15457126.94,4998944.148,15460126.94,4998944.148,15460126.94,4995944.148,15457126.94,4995944.148,63515106.93,0,0,0,0,0,0,0,0,0,0,,0,,0,0,0,0,0,0,0,0,0,0,0,0,0,0
15457126.94,4995944.148,15460126.94,4995944.148,15460126.94,4992944.148,15457126.94,4992944.148,63515106.93,0,0,0,0,0,0,0,0,0,0,,0,,0,0,0,0,0,0,0,0,0,0,0,0,0,0
15457126.94,4992944.148,15460126.94,4992944.148,15460126.94,4989944.148,15457126.94,4989944.148,63515106.93,0,0,0,0,0,0,0,0,0,0,,0,,0,0,0,0,0,0,0,0,0,0,0,0,0,0
15457126.94,4989944.148,15460126.94,4989944.148,15460126.94,4986944.148,15457126.94,4986944.148,63515106.93,0,0,0,0,0,0,0,0,0,0,,0,,0,0,0,0,0,0,0,0,0,0,0,0,0,0
15457126.94,4986944.148,15460126.94,4986944.148,15460126.94,4983944.148,15457126.94,4983944.148,63515106.93,0,0,0,0,0,0,0,0,0,0,,0,,0,0,0,0,0,0,0,0,0,0,0,0,0,0
15457126.94,4983944.148,15460126.94,4983944.148,15460126.94,4980944.148,15457126.94,4980944.148,63515106.93,0,0,0,0,0,0,0,0,0,0,,0,,0,0,0,0,0,0,0,0,0,0,0,0,0,0
15457126.94,4980944.148,15460126.94,4980944.148,15460126.94,4977944.148,15457126.94,4977944.148,63515106.93,0,0,0,3157.631545,3157.631545,0,0,0,0,0.156980559,,4.97E-05,,4.97E-05,0,1,0,1,3157.631545,3157.631545,3157.631545,0,0,0,0,0,0
15457126.94,4977944.148,15460126.94,4977944.148,15460126.94,4974944.148,15457126.94,4974944.148,63515106.93,0,0,0,8711.04295,8711.04295,0,0,0,0,1.194712139,,0.000137149,,0.000137149,0,1,0,1,8711.04295,8711.04295,8711.04295,0,0,0,0,0,0
15457126.94,4974944.148,15460126.94,4974944.148,15460126.94,4971944.148,15457126.94,4971944.148,63515106.93,0,0,0,8183.565105,8183.565105,0,0,0,0,1.054406441,,0.000128844,,0.000128844,0,1,0,1,8183.565105,8183.565105,8183.565105,0,0,0,0,0,0
15457126.94,4971944.148,15460126.94,4971944.148,15460126.94,4968944.148,15457126.94,4968944.148,63515106.93,0,0,0,0,0,0,0,0,0,0,,0,,0,0,0,0,0,0,0,0,0,0,0,0,0,0
15457126.94,4968944.148,15460126.94,4968944.148,15460126.94,4965944.148,15457126.94,4965944.148,63515106.93,0,0,0,0,0,0,0,0,0,0,,0,,0,0,0,0,0,0,0,0,0,0,0,0,0,0
15457126.94,4965944.148,15460126.94,4965944.148,15460126.94,4962944.148,15457126.94,4962944.148,63515106.93,0,0,0,0,0,0,0,0,0,0,,0,,0,0,0,0,0,0,0,0,0,0,0,0,0,0
15457126.94,4962944.148,15460126.94,4962944.148,15460126.94,4959944.148,15457126.94,4959944.148,63515106.93,0,0,0,0,0,0,0,0,0,0,,0,,0,0,0,0,0,0,0,0,0,0,0,0,0,0
15457126.94,4959944.148,15460126.94,4959944.148,15460126.94,4956944.148,15457126.94,4956944.148,63515106.93,7.87E-09,7.87E-09,9274.608829,4637.304414,4637.304414,0,0,0,0.677148895,0.338574447,,7.30E-05,,7.30E-05,0.5,1,0.5,1,4637.304414,4637.304414,4637.304414,0,0,1,0,7.87E-09,31757553.47
15457126.94,4956944.148,15460126.94,4956944.148,15460126.94,4953944.148,15457126.94,4953944.148,63515106.93,7.87E-09,7.87E-09,12214.77528,6107.387638,6107.387638,0,0,0,1.174529512,0.587264756,,9.62E-05,,9.62E-05,0.5,1,0.5,1,6107.387638,6107.387638,6107.387638,0,0,1,0,7.87E-09,31757553.47
15457126.94,4953944.148,15460126.94,4953944.148,15460126.94,4950944.148,15457126.94,4950944.148,63515106.93,7.87E-09,7.87E-09,10244.84744,5122.423718,5122.423718,0,0,0,0.82623571,0.413117855,,8.06E-05,,8.06E-05,0.5,1,0.5,1,5122.423718,5122.423718,5122.423718,0,0,1,0,7.87E-09,31757553.47
15457126.94,4950944.148,15460126.94,4950944.148,15460126.94,4947944.148,15457126.94,4947944.148,63515106.93,0,0,0,0,0,0,0,0,0,0,,0,,0,0,0,0,0,0,0,0,0,0,0,0,0,0
15457126.94,4947944.148,15460126.94,4947944.148,15460126.94,4944944.148,15457126.94,4944944.148,63515106.93,0,0,0,0,0,0,0,0,0,0,,0,,0,0,0,0,0,0,0,0,0,0,0,0,0,0
15457126.94,4944944.148,15460126.94,4944944.148,15460126.94,4941944.148,15457126.94,4941944.148,63515106.93,0,0,0,0,0,0,0,0,0,0,,0,,0,0,0,0,0,0,0,0,0,0,0,0,0,0
15460126.94,5088944.148,15463126.94,5088944.148,15463126.94,5085944.148,15460126.94,5085944.148,63515106.93,0,0,0,0,0,0,0,0,0,0,,0,,0,0,0,0,0,0,0,0,0,0,0,0,0,0
15460126.94,5085944.148,15463126.94,5085944.148,15463126.94,5082944.148,15460126.94,5082944.148,63515106.93,0,0,0,0,0,0,0,0,0,0,,0,,0,0,0,0,0,0,0,0,0,0,0,0,0,0
15460126.94,5082944.148,15463126.94,5082944.148,15463126.94,5079944.148,15460126.94,5079944.148,63515106.93,0,0,0,0,0,0,0,0,0,0,,0,,0,0,0,0,0,0,0,0,0,0,0,0,0,0
15460126.94,5079944.148,15463126.94,5079944.148,15463126.94,5076944.148,15460126.94,5076944.148,63515106.93,0,0,0,0,0,0,0,0,0,0,,0,,0,0,0,0,0,0,0,0,0,0,0,0,0,0
15460126.94,5076944.148,15463126.94,5076944.148,15463126.94,5073944.148,15460126.94,5073944.148,63515106.93,1.57E-08,1.57E-08,4631.952904,17.82073434,4614.13217,0,0,0,0.33779346,0.16889673,,7.29E-05,,7.29E-05,1,2,1,2,2315.976452,17.82073434,4614.13217,0,0,1,0,1.57E-08,63515106.93
15460126.94,5073944.148,15463126.94,5073944.148,15463126.94,5070944.148,15460126.94,5070944.148,63515106.93,1.57E-08,1.57E-08,8440.291789,1951.804064,6488.487724,0,0,0,1.121599709,0.560799855,,0.000132886,,0.000132886,1,2,1,2,4220.145894,1951.804064,6488.487724,0,0,1,0,1.57E-08,63515106.93
15460126.94,5070944.148,15463126.94,5070944.148,15463126.94,5067944.148,15460126.94,5067944.148,63515106.93,1.57E-08,1.57E-08,7618.680269,1610.766137,6007.914132,0,0,0,0.913865879,0.45693294,,0.000119951,,0.000119951,1,2,1,2,3809.340134,1610.766137,6007.914132,0,0,1,0,1.57E-08,63515106.93
15460126.94,5067944.148,15463126.94,5067944.148,15463126.94,5064944.148,15460126.94,5064944.148,63515106.93,0,0,0,0,0,0,0,0,0,0,,0,,0,0,0,0,0,0,0,0,0,0,0,0,0,0
15460126.94,5064944.148,15463126.94,5064944.148,15463126.94,5061944.148,15460126.94,5061944.148,63515106.93,7.87E-09,7.87E-09,9613.03803,4806.519015,4806.519015,0,0,0,0.727468666,0.363734333,,7.57E-05,,7.57E-05,0.5,1,0.5,1,4806.519015,4806.519015,4806.519015,0,0,1,0,7.87E-09,31757553.47
15460126.94,5061944.148,15463126.94,5061944.148,15463126.94,5058944.148,15460126.94,5058944.148,63515106.93,7.87E-09,7.87E-09,11180.47116,5590.235581,5590.235581,0,0,0,0.984040974,0.492020487,,8.80E-05,,8.80E-05,0.5,1,0.5,1,5590.235581,5590.235581,5590.235581,0,0,1,0,7.87E-09,31757553.47
15460126.94,5058944.148,15463126.94,5058944.148,15463126.94,5055944.148,15460126.94,5055944.148,63515106.93,1.57E-08,1.57E-08,3991.024975,30.66596772,3960.359008,0,0,0,0.250779399,0.1253897,,6.28E-05,,6.28E-05,1,2,1,2,1995.512488,30.66596772,3960.359008,0,0,1,0,1.57E-08,63515106.93
15460126.94,5055944.148,15463126.94,5055944.148,15463126.94,5052944.148,15460126.94,5052944.148,63515106.93,7.87E-09,7.87E-09,6027.401943,1342.31605,1671.384922,0,0,0,0.285991601,0.0714979,,4.74E-05,,4.74E-05,0.5,2,0.5,2,1506.850486,1342.31605,1671.384922,0,0,1,0,7.87E-09,31757553.47
15460126.94,5052944.148,15463126.94,5052944.148,15463126.94,5049944.148,15460126.94,5049944.148,63515106.93,1.57E-08,1.57E-08,7230.207166,1358.503409,5871.703758,0,0,0,0.823046645,0.411523323,,0.000113834,,0.000113834,1,2,1,2,3615.103583,1358.503409,5871.703758,0,0,1,0,1.57E-08,63515106.93
15460126.94,5049944.148,15463126.94,5049944.148,15463126.94,5046944.148,15460126.94,5046944.148,63515106.93,7.87E-09,7.87E-09,10701.09913,5350.549564,5350.549564,0,0,0,0.901466817,0.450733408,,8.42E-05,,8.42E-05,0.5,1,0.5,1,5350.549564,5350.549564,5350.549564,0,0,1,0,7.87E-09,31757553.47
15460126.94,5046944.148,15463126.94,5046944.148,15463126.94,5043944.148,15460126.94,5043944.148,63515106.93,7.87E-09,7.87E-09,3318.021676,1659.010838,1659.010838,0,0,0,0.08666653,0.043333265,,2.61E-05,,2.61E-05,0.5,1,0.5,1,1659.010838,1659.010838,1659.010838,0,0,1,0,7.87E-09,31757553.47
15460126.94,5043944.148,15463126.94,5043944.148,15463126.94,5040944.148,15460126.94,5040944.148,63515106.93,7.87E-09,7.87E-09,11026.98407,5513.492035,5513.492035,0,0,0,0.957208321,0.47860416,,8.68E-05,,8.68E-05,0.5,1,0.5,1,5513.492035,5513.492035,5513.492035,0,0,1,0,7.87E-09,31757553.47
15460126.94,5040944.148,15463126.94,5040944.148,15463126.94,5037944.148,15460126.94,5037944.148,63515106.93,7.87E-09,7.87E-09,13406.1722,6703.0861,6703.0861,0,0,0,1.414824454,0.707412227,,0.000105535,,0.000105535,0.5,1,0.5,1,6703.0861,6703.0861,6703.0861,0,0,1,0,7.87E-09,31757553.47
15460126.94,5037944.148,15463126.94,5037944.148,15463126.94,5034944.148,15460126.94,5034944.148,63515106.93,7.87E-09,7.87E-09,11182.306,5591.153002,5591.153002,0,0,0,0.984363985,0.492181993,,8.80E-05,,8.80E-05,0.5,1,0.5,1,5591.153002,5591.153002,5591.153002,0,0,1,0,7.87E-09,31757553.47
15460126.94,5034944.148,15463126.94,5034944.148,15463126.94,5031944.148,15460126.94,5031944.148,63515106.93,0,0,0,0,0,0,0,0,0,0,,0,,0,0,0,0,0,0,0,0,0,0,0,0,0,0
15460126.94,5031944.148,15463126.94,5031944.148,15463126.94,5028944.148,15460126.94,5028944.148,63515106.93,0,0,0,0,0,0,0,0,0,0,,0,,0,0,0,0,0,0,0,0,0,0,0,0,0,0
15460126.94,5028944.148,15463126.94,5028944.148,15463126.94,5025944.148,15460126.94,5025944.148,63515106.93,0,0,0,0,0,0,0,0,0,0,,0,,0,0,0,0,0,0,0,0,0,0,0,0,0,0
15460126.94,5025944.148,15463126.94,5025944.148,15463126.94,5022944.148,15460126.94,5022944.148,63515106.93,0,0,0,0,0,0,0,0,0,0,,0,,0,0,0,0,0,0,0,0,0,0,0,0,0,0
15460126.94,5022944.148,15463126.94,5022944.148,15463126.94,5019944.148,15460126.94,5019944.148,63515106.93,0,0,0,0,0,0,0,0,0,0,,0,,0,0,0,0,0,0,0,0,0,0,0,0,0,0
15460126.94,5019944.148,15463126.94,5019944.148,15463126.94,5016944.148,15460126.94,5016944.148,63515106.93,0,0,0,0,0,0,0,0,0,0,,0,,0,0,0,0,0,0,0,0,0,0,0,0,0,0
15460126.94,5016944.148,15463126.94,5016944.148,15463126.94,5013944.148,15460126.94,5013944.148,63515106.93,7.87E-09,7.87E-09,13972.06838,6986.034192,6986.034192,0,0,0,1.536789469,0.768394735,,0.00010999,,0.00010999,0.5,1,0.5,1,6986.034192,6986.034192,6986.034192,0,0,1,0,7.87E-09,31757553.47
15460126.94,5013944.148,15463126.94,5013944.148,15463126.94,5010944.148,15460126.94,5010944.148,63515106.93,7.87E-09,7.87E-09,14307.58853,7153.794263,7153.794263,0,0,0,1.611483467,0.805741733,,0.000112631,,0.000112631,0.5,1,0.5,1,7153.794263,7153.794263,7153.794263,0,0,1,0,7.87E-09,31757553.47
15460126.94,5010944.148,15463126.94,5010944.148,15463126.94,5007944.148,15460126.94,5007944.148,63515106.93,0,0,0,3674.217889,3674.217889,0,0,0,0,0.212545924,,5.78E-05,,5.78E-05,0,1,0,1,3674.217889,3674.217889,3674.217889,0,0,0,0,0,0
15460126.94,5007944.148,15463126.94,5007944.148,15463126.94,5004944.148,15460126.94,5004944.148,63515106.93,0,0,0,0,0,0,0,0,0,0,,0,,0,0,0,0,0,0,0,0,0,0,0,0,0,0
15460126.94,5004944.148,15463126.94,5004944.148,15463126.94,5001944.148,15460126.94,5001944.148,63515106.93,0,0,0,0,0,0,0,0,0,0,,0,,0,0,0,0,0,0,0,0,0,0,0,0,0,0
15460126.94,5001944.148,15463126.94,5001944.148,15463126.94,4998944.148,15460126.94,4998944.148,63515106.93,0,0,0,0,0,0,0,0,0,0,,0,,0,0,0,0,0,0,0,0,0,0,0,0,0,0
15460126.94,4998944.148,15463126.94,4998944.148,15463126.94,4995944.148,15460126.94,4995944.148,63515106.93,0,0,0,0,0,0,0,0,0,0,,0,,0,0,0,0,0,0,0,0,0,0,0,0,0,0
15460126.94,4995944.148,15463126.94,4995944.148,15463126.94,4992944.148,15460126.94,4992944.148,63515106.93,0,0,0,0,0,0,0,0,0,0,,0,,0,0,0,0,0,0,0,0,0,0,0,0,0,0
15460126.94,4992944.148,15463126.94,4992944.148,15463126.94,4989944.148,15460126.94,4989944.148,63515106.93,0,0,0,0,0,0,0,0,0,0,,0,,0,0,0,0,0,0,0,0,0,0,0,0,0,0
15460126.94,4989944.148,15463126.94,4989944.148,15463126.94,4986944.148,15460126.94,4986944.148,63515106.93,0,0,0,0,0,0,0,0,0,0,,0,,0,0,0,0,0,0,0,0,0,0,0,0,0,0
15460126.94,4986944.148,15463126.94,4986944.148,15463126.94,4983944.148,15460126.94,4983944.148,63515106.93,0,0,0,0,0,0,0,0,0,0,,0,,0,0,0,0,0,0,0,0,0,0,0,0,0,0
15460126.94,4983944.148,15463126.94,4983944.148,15463126.94,4980944.148,15460126.94,4980944.148,63515106.93,0,0,0,0,0,0,0,0,0,0,,0,,0,0,0,0,0,0,0,0,0,0,0,0,0,0
15460126.94,4980944.148,15463126.94,4980944.148,15463126.94,4977944.148,15460126.94,4977944.148,63515106.93,0,0,0,3007.84163,3007.84163,0,0,0,0,0.142440306,,4.74E-05,,4.74E-05,0,1,0,1,3007.84163,3007.84163,3007.84163,0,0,0,0,0,0
15460126.94,4977944.148,15463126.94,4977944.148,15463126.94,4974944.148,15460126.94,4974944.148,63515106.93,0,0,0,8675.458214,8675.458214,0,0,0,0,1.184971243,,0.000136589,,0.000136589,0,1,0,1,8675.458214,8675.458214,8675.458214,0,0,0,0,0,0
15460126.94,4974944.148,15463126.94,4974944.148,15463126.94,4971944.148,15460126.94,4971944.148,63515106.93,0,0,0,8236.655391,8236.655391,0,0,0,0,1.068131588,,0.00012968,,0.00012968,0,1,0,1,8236.655391,8236.655391,8236.655391,0,0,0,0,0,0
15460126.94,4971944.148,15463126.94,4971944.148,15463126.94,4968944.148,15460126.94,4968944.148,63515106.93,0,0,0,0,0,0,0,0,0,0,,0,,0,0,0,0,0,0,0,0,0,0,0,0,0,0
15460126.94,4968944.148,15463126.94,4968944.148,15463126.94,4965944.148,15460126.94,4965944.148,63515106.93,0,0,0,0,0,0,0,0,0,0,,0,,0,0,0,0,0,0,0,0,0,0,0,0,0,0
15460126.94,4965944.148,15463126.94,4965944.148,15463126.94,4962944.148,15460126.94,4962944.148,63515106.93,0,0,0,0,0,0,0,0,0,0,,0,,0,0,0,0,0,0,0,0,0,0,0,0,0,0
15460126.94,4962944.148,15463126.94,4962944.148,15463126.94,4959944.148,15460126.94,4959944.148,63515106.93,0,0,0,0,0,0,0,0,0,0,,0,,0,0,0,0,0,0,0,0,0,0,0,0,0,0
15460126.94,4959944.148,15463126.94,4959944.148,15463126.94,4956944.148,15460126.94,4956944.148,63515106.93,7.87E-09,7.87E-09,2865.693748,1432.846874,1432.846874,0,0,0,0.064647617,0.032323809,,2.26E-05,,2.26E-05,0.5,1,0.5,1,1432.846874,1432.846874,1432.846874,0,0,1,0,7.87E-09,31757553.47
15460126.94,4956944.148,15463126.94,4956944.148,15463126.94,4953944.148,15460126.94,4953944.148,63515106.93,7.87E-09,7.87E-09,6116.478483,3058.239241,3058.239241,0,0,0,0.294507172,0.147253586,,4.81E-05,,4.81E-05,0.5,1,0.5,1,3058.239241,3058.239241,3058.239241,0,0,1,0,7.87E-09,31757553.47
15460126.94,4953944.148,15463126.94,4953944.148,15463126.94,4950944.148,15460126.94,4950944.148,63515106.93,7.87E-09,7.87E-09,4557.396097,2278.698048,2278.698048,0,0,0,0.1635033,0.08175165,,3.59E-05,,3.59E-05,0.5,1,0.5,1,2278.698048,2278.698048,2278.698048,0,0,1,0,7.87E-09,31757553.47
15460126.94,4950944.148,15463126.94,4950944.148,15463126.94,4947944.148,15460126.94,4947944.148,63515106.93,0,0,0,0,0,0,0,0,0,0,,0,,0,0,0,0,0,0,0,0,0,0,0,0,0,0
15460126.94,4947944.148,15463126.94,4947944.148,15463126.94,4944944.148,15460126.94,4944944.148,63515106.93,0,0,0,0,0,0,0,0,0,0,,0,,0,0,0,0,0,0,0,0,0,0,0,0,0,0
15460126.94,4944944.148,15463126.94,4944944.148,15463126.94,4941944.148,15460126.94,4941944.148,63515106.93,0,0,0,0,0,0,0,0,0,0,,0,,0,0,0,0,0,0,0,0,0,0,0,0,0,0
15463126.94,5088944.148,15466126.94,5088944.148,15466126.94,5085944.148,15463126.94,5085944.148,63515106.93,0,0,0,2754.994906,2754.994906,0,0,0,0,0.119499081,,4.34E-05,,4.34E-05,0,1,0,1,2754.994906,2754.994906,2754.994906,0,0,0,0,0,0
15463126.94,5085944.148,15466126.94,5085944.148,15466126.94,5082944.148,15463126.94,5082944.148,63515106.93,0,0,0,0,0,0,0,0,0,0,,0,,0,0,0,0,0,0,0,0,0,0,0,0,0,0
15463126.94,5082944.148,15466126.94,5082944.148,15466126.94,5079944.148,15463126.94,5079944.148,63515106.93,0,0,0,0,0,0,0,0,0,0,,0,,0,0,0,0,0,0,0,0,0,0,0,0,0,0
15463126.94,5079944.148,15466126.94,5079944.148,15466126.94,5076944.148,15463126.94,5076944.148,63515106.93,0,0,0,0,0,0,0,0,0,0,,0,,0,0,0,0,0,0,0,0,0,0,0,0,0,0
15463126.94,5076944.148,15466126.94,5076944.148,15466126.94,5073944.148,15463126.94,5073944.148,63515106.93,0,0,0,5224.777608,5224.777608,0,0,0,0,0.429792255,,8.23E-05,,8.23E-05,0,1,0,1,5224.777608,5224.777608,5224.777608,0,0,0,0,0,0
15463126.94,5073944.148,15466126.94,5073944.148,15466126.94,5070944.148,15463126.94,5070944.148,63515106.93,0,0,0,8948.503108,8948.503108,0,0,0,0,1.260734835,,0.000140888,,0.000140888,0,1,0,1,8948.503108,8948.503108,8948.503108,0,0,0,0,0,0
15463126.94,5070944.148,15466126.94,5070944.148,15466126.94,5067944.148,15463126.94,5067944.148,63515106.93,0,0,0,7613.286636,7613.286636,0,0,0,0,0.912572397,,0.000119866,,0.000119866,0,1,0,1,7613.286636,7613.286636,7613.286636,0,0,0,0,0,0
15463126.94,5067944.148,15466126.94,5067944.148,15466126.94,5064944.148,15463126.94,5064944.148,63515106.93,0,0,0,0,0,0,0,0,0,0,,0,,0,0,0,0,0,0,0,0,0,0,0,0,0,0
15463126.94,5064944.148,15466126.94,5064944.148,15466126.94,5061944.148,15463126.94,5061944.148,63515106.93,0,0,0,7447.184043,7447.184043,0,0,0,0,0.873186756,,0.000117251,,0.000117251,0,1,0,1,7447.184043,7447.184043,7447.184043,0,0,0,0,0,0
15463126.94,5061944.148,15466126.94,5061944.148,15466126.94,5058944.148,15463126.94,5058944.148,63515106.93,7.87E-09,7.87E-09,17190.19664,8595.098321,8595.098321,0,0,0,2.326240755,1.163120377,,0.000135324,,0.000135324,0.5,1,0.5,1,8595.098321,8595.098321,8595.098321,0,0,1,0,7.87E-09,31757553.47
15463126.94,5058944.148,15466126.94,5058944.148,15466126.94,5055944.148,15463126.94,5055944.148,63515106.93,7.87E-09,7.87E-09,15058.71736,1804.427838,5724.930841,0,0,0,1.785126244,0.446281561,,0.000118544,,0.000118544,0.5,2,0.5,2,3764.67934,1804.427838,5724.930841,0,0,1,0,7.87E-09,31757553.47
15463126.94,5055944.148,15466126.94,5055944.148,15466126.94,5052944.148,15463126.94,5052944.148,63515106.93,7.87E-09,7.87E-09,8834.184368,4417.092184,4417.092184,0,0,0,0.614364182,0.307182091,,6.95E-05,,6.95E-05,0.5,1,0.5,1,4417.092184,4417.092184,4417.092184,0,0,1,0,7.87E-09,31757553.47
15463126.94,5052944.148,15466126.94,5052944.148,15466126.94,5049944.148,15463126.94,5049944.148,63515106.93,1.57E-08,1.57E-08,7888.410797,2705.875246,5182.535551,0,0,0,0.979720068,0.489860034,,0.000124197,,0.000124197,1,2,1,2,3944.205398,2705.875246,5182.535551,0,0,1,0,1.57E-08,63515106.93
15463126.94,5049944.148,15466126.94,5049944.148,15466126.94,5046944.148,15463126.94,5046944.148,63515106.93,7.87E-09,7.87E-09,5089.130434,2544.565217,2544.565217,0,0,0,0.203882587,0.101941293,,4.01E-05,,4.01E-05,0.5,1,0.5,1,2544.565217,2544.565217,2544.565217,0,0,1,0,7.87E-09,31757553.47
15463126.94,5046944.148,15466126.94,5046944.148,15466126.94,5043944.148,15463126.94,5043944.148,63515106.93,7.87E-09,7.87E-09,275.3486201,137.6743101,137.6743101,0,0,0,0.000596841,0.000298421,,2.17E-06,,2.17E-06,0.5,1,0.5,1,137.6743101,137.6743101,137.6743101,0,0,1,0,7.87E-09,31757553.47
15463126.94,5043944.148,15466126.94,5043944.148,15466126.94,5040944.148,15463126.94,5040944.148,63515106.93,7.87E-09,7.87E-09,12220.08592,6110.042959,6110.042959,0,0,0,1.175551039,0.587775519,,9.62E-05,,9.62E-05,0.5,1,0.5,1,6110.042959,6110.042959,6110.042959,0,0,1,0,7.87E-09,31757553.47
15463126.94,5040944.148,15466126.94,5040944.148,15466126.94,5037944.148,15463126.94,5037944.148,63515106.93,7.87E-09,7.87E-09,13487.89832,6743.949161,6743.949161,0,0,0,1.432127016,0.716063508,,0.000106179,,0.000106179,0.5,1,0.5,1,6743.949161,6743.949161,6743.949161,0,0,1,0,7.87E-09,31757553.47
15463126.94,5037944.148,15466126.94,5037944.148,15466126.94,5034944.148,15463126.94,5034944.148,63515106.93,7.87E-09,7.87E-09,10308.80971,5154.404855,5154.404855,0,0,0,0.836584891,0.418292446,,8.12E-05,,8.12E-05,0.5,1,0.5,1,5154.404855,5154.404855,5154.404855,0,0,1,0,7.87E-09,31757553.47
15463126.94,5034944.148,15466126.94,5034944.148,15466126.94,5031944.148,15463126.94,5031944.148,63515106.93,0,0,0,0,0,0,0,0,0,0,,0,,0,0,0,0,0,0,0,0,0,0,0,0,0,0
15463126.94,5031944.148,15466126.94,5031944.148,15466126.94,5028944.148,15463126.94,5028944.148,63515106.93,0,0,0,0,0,0,0,0,0,0,,0,,0,0,0,0,0,0,0,0,0,0,0,0,0,0
15463126.94,5028944.148,15466126.94,5028944.148,15466126.94,5025944.148,15463126.94,5025944.148,63515106.93,0,0,0,0,0,0,0,0,0,0,,0,,0,0,0,0,0,0,0,0,0,0,0,0,0,0
15463126.94,5025944.148,15466126.94,5025944.148,15466126.94,5022944.148,15463126.94,5022944.148,63515106.93,0,0,0,0,0,0,0,0,0,0,,0,,0,0,0,0,0,0,0,0,0,0,0,0,0,0
15463126.94,5022944.148,15466126.94,5022944.148,15466126.94,5019944.148,15463126.94,5019944.148,63515106.93,0,0,0,0,0,0,0,0,0,0,,0,,0,0,0,0,0,0,0,0,0,0,0,0,0,0
15463126.94,5019944.148,15466126.94,5019944.148,15466126.94,5016944.148,15463126.94,5016944.148,63515106.93,0,0,0,0,0,0,0,0,0,0,,0,,0,0,0,0,0,0,0,0,0,0,0,0,0,0
15463126.94,5016944.148,15466126.94,5016944.148,15466126.94,5013944.148,15463126.94,5013944.148,63515106.93,7.87E-09,7.87E-09,7828.939655,3914.469827,3914.469827,0,0,0,0.482501716,0.241250858,,6.16E-05,,6.16E-05,0.5,1,0.5,1,3914.469827,3914.469827,3914.469827,0,0,1,0,7.87E-09,31757553.47
15463126.94,5013944.148,15466126.94,5013944.148,15466126.94,5010944.148,15463126.94,5010944.148,63515106.93,7.87E-09,7.87E-09,8372.909701,4186.454851,4186.454851,0,0,0,0.551881436,0.275940718,,6.59E-05,,6.59E-05,0.5,1,0.5,1,4186.454851,4186.454851,4186.454851,0,0,1,0,7.87E-09,31757553.47
15463126.94,5010944.148,15466126.94,5010944.148,15466126.94,5007944.148,15463126.94,5007944.148,63515106.93,7.87E-09,7.87E-09,3394.698983,1697.349491,1697.349491,0,0,0,0.090718427,0.045359213,,2.67E-05,,2.67E-05,0.5,1,0.5,1,1697.349491,1697.349491,1697.349491,0,0,1,0,7.87E-09,31757553.47
15463126.94,5007944.148,15466126.94,5007944.148,15466126.94,5004944.148,15463126.94,5004944.148,63515106.93,0,0,0,0,0,0,0,0,0,0,,0,,0,0,0,0,0,0,0,0,0,0,0,0,0,0
15463126.94,5004944.148,15466126.94,5004944.148,15466126.94,5001944.148,15463126.94,5001944.148,63515106.93,0,0,0,0,0,0,0,0,0,0,,0,,0,0,0,0,0,0,0,0,0,0,0,0,0,0
15463126.94,5001944.148,15466126.94,5001944.148,15466126.94,4998944.148,15463126.94,4998944.148,63515106.93,0,0,0,0,0,0,0,0,0,0,,0,,0,0,0,0,0,0,0,0,0,0,0,0,0,0
15463126.94,4998944.148,15466126.94,4998944.148,15466126.94,4995944.148,15463126.94,4995944.148,63515106.93,0,0,0,0,0,0,0,0,0,0,,0,,0,0,0,0,0,0,0,0,0,0,0,0,0,0
15463126.94,4995944.148,15466126.94,4995944.148,15466126.94,4992944.148,15463126.94,4992944.148,63515106.93,0,0,0,0,0,0,0,0,0,0,,0,,0,0,0,0,0,0,0,0,0,0,0,0,0,0
15463126.94,4992944.148,15466126.94,4992944.148,15466126.94,4989944.148,15463126.94,4989944.148,63515106.93,0,0,0,0,0,0,0,0,0,0,,0,,0,0,0,0,0,0,0,0,0,0,0,0,0,0
15463126.94,4989944.148,15466126.94,4989944.148,15466126.94,4986944.148,15463126.94,4986944.148,63515106.93,0,0,0,0,0,0,0,0,0,0,,0,,0,0,0,0,0,0,0,0,0,0,0,0,0,0
15463126.94,4986944.148,15466126.94,4986944.148,15466126.94,4983944.148,15463126.94,4983944.148,63515106.93,0,0,0,0,0,0,0,0,0,0,,0,,0,0,0,0,0,0,0,0,0,0,0,0,0,0
15463126.94,4983944.148,15466126.94,4983944.148,15466126.94,4980944.148,15463126.94,4980944.148,63515106.93,0,0,0,0,0,0,0,0,0,0,,0,,0,0,0,0,0,0,0,0,0,0,0,0,0,0
15463126.94,4980944.148,15466126.94,4980944.148,15466126.94,4977944.148,15463126.94,4977944.148,63515106.93,0,0,0,3196.240998,3196.240998,0,0,0,0,0.16084294,,5.03E-05,,5.03E-05,0,1,0,1,3196.240998,3196.240998,3196.240998,0,0,0,0,0,0
15463126.94,4977944.148,15466126.94,4977944.148,15466126.94,4974944.148,15463126.94,4974944.148,63515106.93,7.87E-09,7.87E-09,11983.87912,5991.939561,5991.939561,0,0,0,1.130544887,0.565272444,,9.43E-05,,9.43E-05,0.5,1,0.5,1,5991.939561,5991.939561,5991.939561,0,0,1,0,7.87E-09,31757553.47
15463126.94,4974944.148,15466126.94,4974944.148,15466126.94,4971944.148,15463126.94,4971944.148,63515106.93,7.87E-09,7.87E-09,11631.12096,5815.560482,5815.560482,0,0,0,1.064966914,0.532483457,,9.16E-05,,9.16E-05,0.5,1,0.5,1,5815.560482,5815.560482,5815.560482,0,0,1,0,7.87E-09,31757553.47
15463126.94,4971944.148,15466126.94,4971944.148,15466126.94,4968944.148,15463126.94,4968944.148,63515106.93,0,0,0,0,0,0,0,0,0,0,,0,,0,0,0,0,0,0,0,0,0,0,0,0,0,0
15463126.94,4968944.148,15466126.94,4968944.148,15466126.94,4965944.148,15463126.94,4965944.148,63515106.93,0,0,0,0,0,0,0,0,0,0,,0,,0,0,0,0,0,0,0,0,0,0,0,0,0,0
15463126.94,4965944.148,15466126.94,4965944.148,15466126.94,4962944.148,15463126.94,4962944.148,63515106.93,0,0,0,0,0,0,0,0,0,0,,0,,0,0,0,0,0,0,0,0,0,0,0,0,0,0
15463126.94,4962944.148,15466126.94,4962944.148,15466126.94,4959944.148,15463126.94,4959944.148,63515106.93,0,0,0,0,0,0,0,0,0,0,,0,,0,0,0,0,0,0,0,0,0,0,0,0,0,0
15463126.94,4959944.148,15466126.94,4959944.148,15466126.94,4956944.148,15463126.94,4956944.148,63515106.93,0,0,0,0,0,0,0,0,0,0,,0,,0,0,0,0,0,0,0,0,0,0,0,0,0,0
15463126.94,4956944.148,15466126.94,4956944.148,15466126.94,4953944.148,15463126.94,4953944.148,63515106.93,7.87E-09,7.87E-09,82.13827671,41.06913835,41.06913835,0,0,0,5.31E-05,2.66E-05,,6.47E-07,,6.47E-07,0.5,1,0.5,1,41.06913835,41.06913835,41.06913835,0,0,1,0,7.87E-09,31757553.47
15463126.94,4953944.148,15466126.94,4953944.148,15466126.94,4950944.148,15463126.94,4950944.148,63515106.93,7.87E-09,7.87E-09,1015.829439,507.9147196,507.9147196,0,0,0,0.008123339,0.004061669,,8.00E-06,,8.00E-06,0.5,1,0.5,1,507.9147196,507.9147196,507.9147196,0,0,1,0,7.87E-09,31757553.47
15463126.94,4950944.148,15466126.94,4950944.148,15466126.94,4947944.148,15463126.94,4947944.148,63515106.93,7.87E-09,7.87E-09,1515.518947,757.7594733,757.7594733,0,0,0,0.01808072,0.00904036,,1.19E-05,,1.19E-05,0.5,1,0.5,1,757.7594733,757.7594733,757.7594733,0,0,1,0,7.87E-09,31757553.47
15463126.94,4947944.148,15466126.94,4947944.148,15466126.94,4944944.148,15463126.94,4944944.148,63515106.93,0,0,0,0,0,0,0,0,0,0,,0,,0,0,0,0,0,0,0,0,0,0,0,0,0,0
15463126.94,4944944.148,15466126.94,4944944.148,15466126.94,4941944.148,15463126.94,4941944.148,63515106.93,0,0,0,0,0,0,0,0,0,0,,0,,0,0,0,0,0,0,0,0,0,0,0,0,0,0
15466126.94,5088944.148,15469126.94,5088944.148,15469126.94,5085944.148,15466126.94,5085944.148,63515106.93,0,0,0,6056.423578,6056.423578,0,0,0,0,0.577504602,,9.54E-05,,9.54E-05,0,1,0,1,6056.423578,6056.423578,6056.423578,0,0,0,0,0,0
15466126.94,5085944.148,15469126.94,5085944.148,15469126.94,5082944.148,15466126.94,5082944.148,63515106.93,0,0,0,5676.967826,5676.967826,0,0,0,0,0.507406273,,8.94E-05,,8.94E-05,0,1,0,1,5676.967826,5676.967826,5676.967826,0,0,0,0,0,0
15466126.94,5082944.148,15469126.94,5082944.148,15469126.94,5079944.148,15466126.94,5079944.148,63515106.93,0,0,0,0,0,0,0,0,0,0,,0,,0,0,0,0,0,0,0,0,0,0,0,0,0,0
15466126.94,5079944.148,15469126.94,5079944.148,15469126.94,5076944.148,15466126.94,5076944.148,63515106.93,0,0,0,0,0,0,0,0,0,0,,0,,0,0,0,0,0,0,0,0,0,0,0,0,0,0
15466126.94,5076944.148,15469126.94,5076944.148,15469126.94,5073944.148,15466126.94,5073944.148,63515106.93,0,0,0,4568.022262,4568.022262,0,0,0,0,0.328533295,,7.19E-05,,7.19E-05,0,1,0,1,4568.022262,4568.022262,4568.022262,0,0,0,0,0,0
15466126.94,5073944.148,15469126.94,5073944.148,15469126.94,5070944.148,15466126.94,5070944.148,63515106.93,7.87E-09,7.87E-09,13751.07275,6875.536376,6875.536376,0,0,0,1.488559265,0.744279633,,0.00010825,,0.00010825,0.5,1,0.5,1,6875.536376,6875.536376,6875.536376,0,0,1,0,7.87E-09,31757553.47
15466126.94,5070944.148,15469126.94,5070944.148,15469126.94,5067944.148,15466126.94,5067944.148,63515106.93,7.87E-09,7.87E-09,12524.35327,6262.176633,6262.176633,0,0,0,1.234819811,0.617409906,,9.86E-05,,9.86E-05,0.5,1,0.5,1,6262.176633,6262.176633,6262.176633,0,0,1,0,7.87E-09,31757553.47
15466126.94,5067944.148,15469126.94,5067944.148,15469126.94,5064944.148,15466126.94,5064944.148,63515106.93,0,0,0,0,0,0,0,0,0,0,,0,,0,0,0,0,0,0,0,0,0,0,0,0,0,0
15466126.94,5064944.148,15469126.94,5064944.148,15469126.94,5061944.148,15466126.94,5061944.148,63515106.93,0,0,0,7371.418204,7371.418204,0,0,0,0,0.855509956,,0.000116058,,0.000116058,0,1,0,1,7371.418204,7371.418204,7371.418204,0,0,0,0,0,0
15466126.94,5061944.148,15469126.94,5061944.148,15469126.94,5058944.148,15466126.94,5058944.148,63515106.93,0,0,0,8952.01993,8952.01993,0,0,0,0,1.261725985,,0.000140943,,0.000140943,0,1,0,1,8952.01993,8952.01993,8952.01993,0,0,0,0,0,0
15466126.94,5058944.148,15469126.94,5058944.148,15469126.94,5055944.148,15466126.94,5055944.148,63515106.93,0,0,0,5882.145266,5882.145266,0,0,0,0,0.544746512,,9.26E-05,,9.26E-05,0,1,0,1,5882.145266,5882.145266,5882.145266,0,0,0,0,0,0
15466126.94,5055944.148,15469126.94,5055944.148,15469126.94,5052944.148,15466126.94,5052944.148,63515106.93,7.87E-09,7.87E-09,13520.64214,6760.321072,6760.321072,0,0,0,1.439088847,0.719544423,,0.000106436,,0.000106436,0.5,1,0.5,1,6760.321072,6760.321072,6760.321072,0,0,1,0,7.87E-09,31757553.47
15466126.94,5052944.148,15469126.94,5052944.148,15469126.94,5049944.148,15466126.94,5049944.148,63515106.93,7.87E-09,7.87E-09,16735.52442,8367.762211,8367.762211,0,0,0,2.204812297,1.102406149,,0.000131744,,0.000131744,0.5,1,0.5,1,8367.762211,8367.762211,8367.762211,0,0,1,0,7.87E-09,31757553.47
15466126.94,5049944.148,15469126.94,5049944.148,15469126.94,5046944.148,15466126.94,5046944.148,63515106.93,0,0,0,5439.94119,5439.94119,0,0,0,0,0.465920024,,8.56E-05,,8.56E-05,0,1,0,1,5439.94119,5439.94119,5439.94119,0,0,0,0,0,0
15466126.94,5046944.148,15469126.94,5046944.148,15469126.94,5043944.148,15466126.94,5043944.148,63515106.93,0,0,0,0,0,0,0,0,0,0,,0,,0,0,0,0,0,0,0,0,0,0,0,0,0,0
15466126.94,5043944.148,15469126.94,5043944.148,15469126.94,5040944.148,15466126.94,5040944.148,63515106.93,7.87E-09,7.87E-09,5350.16428,2675.08214,2675.08214,0,0,0,0.225334249,0.112667124,,4.21E-05,,4.21E-05,0.5,1,0.5,1,2675.08214,2675.08214,2675.08214,0,0,1,0,7.87E-09,31757553.47
15466126.94,5040944.148,15469126.94,5040944.148,15469126.94,5037944.148,15466126.94,5037944.148,63515106.93,7.87E-09,7.87E-09,7514.665475,3757.332738,3757.332738,0,0,0,0.444541464,0.222270732,,5.92E-05,,5.92E-05,0.5,1,0.5,1,3757.332738,3757.332738,3757.332738,0,0,1,0,7.87E-09,31757553.47
15466126.94,5037944.148,15469126.94,5037944.148,15469126.94,5034944.148,15466126.94,5034944.148,63515106.93,7.87E-09,7.87E-09,5095.47453,2547.737265,2547.737265,0,0,0,0.204391222,0.102195611,,4.01E-05,,4.01E-05,0.5,1,0.5,1,2547.737265,2547.737265,2547.737265,0,0,1,0,7.87E-09,31757553.47
15466126.94,5034944.148,15469126.94,5034944.148,15469126.94,5031944.148,15466126.94,5031944.148,63515106.93,0,0,0,0,0,0,0,0,0,0,,0,,0,0,0,0,0,0,0,0,0,0,0,0,0,0
15466126.94,5031944.148,15469126.94,5031944.148,15469126.94,5028944.148,15466126.94,5028944.148,63515106.93,0,0,0,0,0,0,0,0,0,0,,0,,0,0,0,0,0,0,0,0,0,0,0,0,0,0
15466126.94,5028944.148,15469126.94,5028944.148,15469126.94,5025944.148,15466126.94,5025944.148,63515106.93,0,0,0,0,0,0,0,0,0,0,,0,,0,0,0,0,0,0,0,0,0,0,0,0,0,0
15466126.94,5025944.148,15469126.94,5025944.148,15469126.94,5022944.148,15466126.94,5022944.148,63515106.93,0,0,0,0,0,0,0,0,0,0,,0,,0,0,0,0,0,0,0,0,0,0,0,0,0,0
15466126.94,5022944.148,15469126.94,5022944.148,15469126.94,5019944.148,15466126.94,5019944.148,63515106.93,0,0,0,0,0,0,0,0,0,0,,0,,0,0,0,0,0,0,0,0,0,0,0,0,0,0
15466126.94,5019944.148,15469126.94,5019944.148,15469126.94,5016944.148,15466126.94,5016944.148,63515106.93,0,0,0,0,0,0,0,0,0,0,,0,,0,0,0,0,0,0,0,0,0,0,0,0,0,0
15466126.94,5016944.148,15469126.94,5016944.148,15469126.94,5013944.148,15466126.94,5013944.148,63515106.93,7.87E-09,7.87E-09,1794.987774,897.4938872,897.4938872,0,0,0,0.025363896,0.012681948,,1.41E-05,,1.41E-05,0.5,1,0.5,1,897.4938872,897.4938872,897.4938872,0,0,1,0,7.87E-09,31757553.47
15466126.94,5013944.148,15469126.94,5013944.148,15469126.94,5010944.148,15466126.94,5010944.148,63515106.93,7.87E-09,7.87E-09,2390.10669,1195.053345,1195.053345,0,0,0,0.044970482,0.022485241,,1.88E-05,,1.88E-05,0.5,1,0.5,1,1195.053345,1195.053345,1195.053345,0,0,1,0,7.87E-09,31757553.47
15466126.94,5010944.148,15469126.94,5010944.148,15469126.94,5007944.148,15466126.94,5007944.148,63515106.93,0,0,0,0,0,0,0,0,0,0,,0,,0,0,0,0,0,0,0,0,0,0,0,0,0,0
15466126.94,5007944.148,15469126.94,5007944.148,15469126.94,5004944.148,15466126.94,5004944.148,63515106.93,0,0,0,0,0,0,0,0,0,0,,0,,0,0,0,0,0,0,0,0,0,0,0,0,0,0
15466126.94,5004944.148,15469126.94,5004944.148,15469126.94,5001944.148,15466126.94,5001944.148,63515106.93,0,0,0,0,0,0,0,0,0,0,,0,,0,0,0,0,0,0,0,0,0,0,0,0,0,0
15466126.94,5001944.148,15469126.94,5001944.148,15469126.94,4998944.148,15466126.94,4998944.148,63515106.93,0,0,0,0,0,0,0,0,0,0,,0,,0,0,0,0,0,0,0,0,0,0,0,0,0,0
15466126.94,4998944.148,15469126.94,4998944.148,15469126.94,4995944.148,15466126.94,4995944.148,63515106.93,0,0,0,0,0,0,0,0,0,0,,0,,0,0,0,0,0,0,0,0,0,0,0,0,0,0
15466126.94,4995944.148,15469126.94,4995944.148,15469126.94,4992944.148,15466126.94,4992944.148,63515106.93,0,0,0,0,0,0,0,0,0,0,,0,,0,0,0,0,0,0,0,0,0,0,0,0,0,0
15466126.94,4992944.148,15469126.94,4992944.148,15469126.94,4989944.148,15466126.94,4989944.148,63515106.93,0,0,0,0,0,0,0,0,0,0,,0,,0,0,0,0,0,0,0,0,0,0,0,0,0,0
15466126.94,4989944.148,15469126.94,4989944.148,15469126.94,4986944.148,15466126.94,4986944.148,63515106.93,0,0,0,0,0,0,0,0,0,0,,0,,0,0,0,0,0,0,0,0,0,0,0,0,0,0
15466126.94,4986944.148,15469126.94,4986944.148,15469126.94,4983944.148,15466126.94,4983944.148,63515106.93,0,0,0,0,0,0,0,0,0,0,,0,,0,0,0,0,0,0,0,0,0,0,0,0,0,0
15466126.94,4983944.148,15469126.94,4983944.148,15469126.94,4980944.148,15466126.94,4980944.148,63515106.93,0,0,0,0,0,0,0,0,0,0,,0,,0,0,0,0,0,0,0,0,0,0,0,0,0,0
15466126.94,4980944.148,15469126.94,4980944.148,15469126.94,4977944.148,15466126.94,4977944.148,63515106.93,7.87E-09,7.87E-09,621.2209253,310.6104627,310.6104627,0,0,0,0.003037981,0.001518991,,4.89E-06,,4.89E-06,0.5,1,0.5,1,310.6104627,310.6104627,310.6104627,0,0,1,0,7.87E-09,31757553.47
15466126.94,4977944.148,15469126.94,4977944.148,15469126.94,4974944.148,15466126.94,4974944.148,63515106.93,7.87E-09,7.87E-09,6000.322763,3000.161381,3000.161381,0,0,0,0.283427636,0.141713818,,4.72E-05,,4.72E-05,0.5,1,0.5,1,3000.161381,3000.161381,3000.161381,0,0,1,0,7.87E-09,31757553.47
15466126.94,4974944.148,15469126.94,4974944.148,15469126.94,4971944.148,15466126.94,4971944.148,63515106.93,7.87E-09,7.87E-09,5598.72175,2799.360875,2799.360875,0,0,0,0.246757714,0.123378857,,4.41E-05,,4.41E-05,0.5,1,0.5,1,2799.360875,2799.360875,2799.360875,0,0,1,0,7.87E-09,31757553.47
15466126.94,4971944.148,15469126.94,4971944.148,15469126.94,4968944.148,15466126.94,4968944.148,63515106.93,0,0,0,0,0,0,0,0,0,0,,0,,0,0,0,0,0,0,0,0,0,0,0,0,0,0
15466126.94,4968944.148,15469126.94,4968944.148,15469126.94,4965944.148,15466126.94,4965944.148,63515106.93,0,0,0,0,0,0,0,0,0,0,,0,,0,0,0,0,0,0,0,0,0,0,0,0,0,0
15466126.94,4965944.148,15469126.94,4965944.148,15469126.94,4962944.148,15466126.94,4962944.148,63515106.93,0,0,0,0,0,0,0,0,0,0,,0,,0,0,0,0,0,0,0,0,0,0,0,0,0,0
15466126.94,4962944.148,15469126.94,4962944.148,15469126.94,4959944.148,15466126.94,4959944.148,63515106.93,0,0,0,0,0,0,0,0,0,0,,0,,0,0,0,0,0,0,0,0,0,0,0,0,0,0
15466126.94,4959944.148,15469126.94,4959944.148,15469126.94,4956944.148,15466126.94,4956944.148,63515106.93,0,0,0,0,0,0,0,0,0,0,,0,,0,0,0,0,0,0,0,0,0,0,0,0,0,0
15466126.94,4956944.148,15469126.94,4956944.148,15469126.94,4953944.148,15466126.94,4953944.148,63515106.93,0,0,0,0,0,0,0,0,0,0,,0,,0,0,0,0,0,0,0,0,0,0,0,0,0,0
15466126.94,4953944.148,15469126.94,4953944.148,15469126.94,4950944.148,15466126.94,4950944.148,63515106.93,7.87E-09,7.87E-09,7575.610447,3787.805223,3787.805223,0,0,0,0.451781288,0.225890644,,5.96E-05,,5.96E-05,0.5,1,0.5,1,3787.805223,3787.805223,3787.805223,0,0,1,0,7.87E-09,31757553.47
15466126.94,4950944.148,15469126.94,4950944.148,15469126.94,4947944.148,15466126.94,4947944.148,63515106.93,7.87E-09,7.87E-09,7263.657156,3631.828578,3631.828578,0,0,0,0.415339892,0.207669946,,5.72E-05,,5.72E-05,0.5,1,0.5,1,3631.828578,3631.828578,3631.828578,0,0,1,0,7.87E-09,31757553.47
15466126.94,4947944.148,15469126.94,4947944.148,15469126.94,4944944.148,15466126.94,4944944.148,63515106.93,7.87E-09,7.87E-09,1934.22702,967.1135099,967.1135099,0,0,0,0.02945153,0.014725765,,1.52E-05,,1.52E-05,0.5,1,0.5,1,967.1135099,967.1135099,967.1135099,0,0,1,0,7.87E-09,31757553.47
15466126.94,4944944.148,15469126.94,4944944.148,15469126.94,4941944.148,15466126.94,4941944.148,63515106.93,0,0,0,0,0,0,0,0,0,0,,0,,0,0,0,0,0,0,0,0,0,0,0,0,0,0
15469126.94,5088944.148,15472126.94,5088944.148,15472126.94,5085944.148,15469126.94,5085944.148,63515106.93,0,0,0,8733.67951,8733.67951,0,0,0,0,1.200929377,,0.000137506,,0.000137506,0,1,0,1,8733.67951,8733.67951,8733.67951,0,0,0,0,0,0
15469126.94,5085944.148,15472126.94,5085944.148,15472126.94,5082944.148,15469126.94,5082944.148,63515106.93,0,0,0,7942.066487,7942.066487,0,0,0,0,0.993093189,,0.000125042,,0.000125042,0,1,0,1,7942.066487,7942.066487,7942.066487,0,0,0,0,0,0
15469126.94,5082944.148,15472126.94,5082944.148,15472126.94,5079944.148,15469126.94,5079944.148,63515106.93,0,0,0,0,0,0,0,0,0,0,,0,,0,0,0,0,0,0,0,0,0,0,0,0,0,0
15469126.94,5079944.148,15472126.94,5079944.148,15472126.94,5076944.148,15469126.94,5076944.148,63515106.93,0,0,0,0,0,0,0,0,0,0,,0,,0,0,0,0,0,0,0,0,0,0,0,0,0,0
15469126.94,5076944.148,15472126.94,5076944.148,15472126.94,5073944.148,15469126.94,5073944.148,63515106.93,7.87E-09,7.87E-09,3277.91948,1638.95974,1638.95974,0,0,0,0.084584256,0.042292128,,2.58E-05,,2.58E-05,0.5,1,0.5,1,1638.95974,1638.95974,1638.95974,0,0,1,0,7.87E-09,31757553.47
15469126.94,5073944.148,15472126.94,5073944.148,15472126.94,5070944.148,15469126.94,5070944.148,63515106.93,7.87E-09,7.87E-09,7661.141236,3830.570618,3830.570618,0,0,0,0.462040354,0.231020177,,6.03E-05,,6.03E-05,0.5,1,0.5,1,3830.570618,3830.570618,3830.570618,0,0,1,0,7.87E-09,31757553.47
15469126.94,5070944.148,15472126.94,5070944.148,15472126.94,5067944.148,15469126.94,5067944.148,63515106.93,7.87E-09,7.87E-09,6737.072869,3368.536434,3368.536434,0,0,0,0.357302011,0.178651005,,5.30E-05,,5.30E-05,0.5,1,0.5,1,3368.536434,3368.536434,3368.536434,0,0,1,0,7.87E-09,31757553.47
15469126.94,5067944.148,15472126.94,5067944.148,15472126.94,5064944.148,15469126.94,5064944.148,63515106.93,0,0,0,0,0,0,0,0,0,0,,0,,0,0,0,0,0,0,0,0,0,0,0,0,0,0
15469126.94,5064944.148,15472126.94,5064944.148,15472126.94,5061944.148,15469126.94,5061944.148,63515106.93,0,0,0,7259.536172,7259.536172,0,0,0,0,0.829737491,,0.000114296,,0.000114296,0,1,0,1,7259.536172,7259.536172,7259.536172,0,0,0,0,0,0
15469126.94,5061944.148,15472126.94,5061944.148,15472126.94,5058944.148,15469126.94,5058944.148,63515106.93,0,0,0,8964.449285,8964.449285,0,0,0,0,1.265232082,,0.000141139,,0.000141139,0,1,0,1,8964.449285,8964.449285,8964.449285,0,0,0,0,0,0
15469126.94,5058944.148,15472126.94,5058944.148,15472126.94,5055944.148,15469126.94,5055944.148,63515106.93,0,0,0,6023.357584,6023.357584,0,0,0,0,0.571215863,,9.48E-05,,9.48E-05,0,1,0,1,6023.357584,6023.357584,6023.357584,0,0,0,0,0,0
15469126.94,5055944.148,15472126.94,5055944.148,15472126.94,5052944.148,15469126.94,5052944.148,63515106.93,0,0,0,6462.112957,6462.112957,0,0,0,0,0.65746412,,0.000101741,,0.000101741,0,1,0,1,6462.112957,6462.112957,6462.112957,0,0,0,0,0,0
15469126.94,5052944.148,15472126.94,5052944.148,15472126.94,5049944.148,15469126.94,5049944.148,63515106.93,7.87E-09,7.87E-09,17069.23957,8534.619785,8534.619785,0,0,0,2.293619216,1.146809608,,0.000134371,,0.000134371,0.5,1,0.5,1,8534.619785,8534.619785,8534.619785,0,0,1,0,7.87E-09,31757553.47
15469126.94,5049944.148,15472126.94,5049944.148,15472126.94,5046944.148,15469126.94,5046944.148,63515106.93,7.87E-09,7.87E-09,13260.5804,6630.290198,6630.290198,0,0,0,1.38426117,0.692130585,,0.000104389,,0.000104389,0.5,1,0.5,1,6630.290198,6630.290198,6630.290198,0,0,1,0,7.87E-09,31757553.47
15469126.94,5046944.148,15472126.94,5046944.148,15472126.94,5043944.148,15469126.94,5043944.148,63515106.93,0,0,0,0,0,0,0,0,0,0,,0,,0,0,0,0,0,0,0,0,0,0,0,0,0,0
15469126.94,5043944.148,15472126.94,5043944.148,15472126.94,5040944.148,15469126.94,5040944.148,63515106.93,0,0,0,0,0,0,0,0,0,0,,0,,0,0,0,0,0,0,0,0,0,0,0,0,0,0
15469126.94,5040944.148,15472126.94,5040944.148,15472126.94,5037944.148,15469126.94,5037944.148,63515106.93,7.87E-09,7.87E-09,1442.733027,721.3665134,721.3665134,0,0,0,0.016385697,0.008192848,,1.14E-05,,1.14E-05,0.5,1,0.5,1,721.3665134,721.3665134,721.3665134,0,0,1,0,7.87E-09,31757553.47
15469126.94,5037944.148,15472126.94,5037944.148,15472126.94,5034944.148,15469126.94,5034944.148,63515106.93,0,0,0,0,0,0,0,0,0,0,,0,,0,0,0,0,0,0,0,0,0,0,0,0,0,0
15469126.94,5034944.148,15472126.94,5034944.148,15472126.94,5031944.148,15469126.94,5031944.148,63515106.93,7.87E-09,7.87E-09,1879.196498,939.5982488,939.5982488,0,0,0,0.027799524,0.013899762,,1.48E-05,,1.48E-05,0.5,1,0.5,1,939.5982488,939.5982488,939.5982488,0,0,1,0,7.87E-09,31757553.47
15469126.94,5031944.148,15472126.94,5031944.148,15472126.94,5028944.148,15469126.94,5028944.148,63515106.93,7.87E-09,7.87E-09,1779.680521,889.8402605,889.8402605,0,0,0,0.024933145,0.012466573,,1.40E-05,,1.40E-05,0.5,1,0.5,1,889.8402605,889.8402605,889.8402605,0,0,1,0,7.87E-09,31757553.47
15469126.94,5028944.148,15472126.94,5028944.148,15472126.94,5025944.148,15469126.94,5025944.148,63515106.93,0,0,0,0,0,0,0,0,0,0,,0,,0,0,0,0,0,0,0,0,0,0,0,0,0,0
15469126.94,5025944.148,15472126.94,5025944.148,15472126.94,5022944.148,15469126.94,5022944.148,63515106.93,0,0,0,0,0,0,0,0,0,0,,0,,0,0,0,0,0,0,0,0,0,0,0,0,0,0
15469126.94,5022944.148,15472126.94,5022944.148,15472126.94,5019944.148,15469126.94,5019944.148,63515106.93,0,0,0,0,0,0,0,0,0,0,,0,,0,0,0,0,0,0,0,0,0,0,0,0,0,0
15469126.94,5019944.148,15472126.94,5019944.148,15472126.94,5016944.148,15469126.94,5016944.148,63515106.93,0,0,0,0,0,0,0,0,0,0,,0,,0,0,0,0,0,0,0,0,0,0,0,0,0,0
15469126.94,5016944.148,15472126.94,5016944.148,15472126.94,5013944.148,15469126.94,5013944.148,63515106.93,0,0,0,0,0,0,0,0,0,0,,0,,0,0,0,0,0,0,0,0,0,0,0,0,0,0
15469126.94,5013944.148,15472126.94,5013944.148,15472126.94,5010944.148,15469126.94,5010944.148,63515106.93,0,0,0,0,0,0,0,0,0,0,,0,,0,0,0,0,0,0,0,0,0,0,0,0,0,0
15469126.94,5010944.148,15472126.94,5010944.148,15472126.94,5007944.148,15469126.94,5007944.148,63515106.93,0,0,0,0,0,0,0,0,0,0,,0,,0,0,0,0,0,0,0,0,0,0,0,0,0,0
15469126.94,5007944.148,15472126.94,5007944.148,15472126.94,5004944.148,15469126.94,5004944.148,63515106.93,0,0,0,0,0,0,0,0,0,0,,0,,0,0,0,0,0,0,0,0,0,0,0,0,0,0
15469126.94,5004944.148,15472126.94,5004944.148,15472126.94,5001944.148,15469126.94,5001944.148,63515106.93,0,0,0,0,0,0,0,0,0,0,,0,,0,0,0,0,0,0,0,0,0,0,0,0,0,0
15469126.94,5001944.148,15472126.94,5001944.148,15472126.94,4998944.148,15469126.94,4998944.148,63515106.93,0,0,0,0,0,0,0,0,0,0,,0,,0,0,0,0,0,0,0,0,0,0,0,0,0,0
15469126.94,4998944.148,15472126.94,4998944.148,15472126.94,4995944.148,15469126.94,4995944.148,63515106.93,0,0,0,0,0,0,0,0,0,0,,0,,0,0,0,0,0,0,0,0,0,0,0,0,0,0
15469126.94,4995944.148,15472126.94,4995944.148,15472126.94,4992944.148,15469126.94,4992944.148,63515106.93,0,0,0,0,0,0,0,0,0,0,,0,,0,0,0,0,0,0,0,0,0,0,0,0,0,0
15469126.94,4992944.148,15472126.94,4992944.148,15472126.94,4989944.148,15469126.94,4989944.148,63515106.93,0,0,0,0,0,0,0,0,0,0,,0,,0,0,0,0,0,0,0,0,0,0,0,0,0,0
15469126.94,4989944.148,15472126.94,4989944.148,15472126.94,4986944.148,15469126.94,4986944.148,63515106.93,0,0,0,0,0,0,0,0,0,0,,0,,0,0,0,0,0,0,0,0,0,0,0,0,0,0
15469126.94,4986944.148,15472126.94,4986944.148,15472126.94,4983944.148,15469126.94,4983944.148,63515106.93,0,0,0,0,0,0,0,0,0,0,,0,,0,0,0,0,0,0,0,0,0,0,0,0,0,0
15469126.94,4983944.148,15472126.94,4983944.148,15472126.94,4980944.148,15469126.94,4980944.148,63515106.93,0,0,0,0,0,0,0,0,0,0,,0,,0,0,0,0,0,0,0,0,0,0,0,0,0,0
15469126.94,4980944.148,15472126.94,4980944.148,15472126.94,4977944.148,15469126.94,4977944.148,63515106.93,0,0,0,0,0,0,0,0,0,0,,0,,0,0,0,0,0,0,0,0,0,0,0,0,0,0
15469126.94,4977944.148,15472126.94,4977944.148,15472126.94,4974944.148,15469126.94,4974944.148,63515106.93,7.87E-09,7.87E-09,16.76640287,8.383201437,8.383201437,0,0,0,2.21E-06,1.11E-06,,1.32E-07,,1.32E-07,0.5,1,0.5,1,8.383201437,8.383201437,8.383201437,0,0,1,0,7.87E-09,31757553.47
15469126.94,4974944.148,15472126.94,4974944.148,15472126.94,4971944.148,15469126.94,4971944.148,63515106.93,0,0,0,0,0,0,0,0,0,0,,0,,0,0,0,0,0,0,0,0,0,0,0,0,0,0
15469126.94,4971944.148,15472126.94,4971944.148,15472126.94,4968944.148,15469126.94,4968944.148,63515106.93,0,0,0,0,0,0,0,0,0,0,,0,,0,0,0,0,0,0,0,0,0,0,0,0,0,0
15469126.94,4968944.148,15472126.94,4968944.148,15472126.94,4965944.148,15469126.94,4965944.148,63515106.93,0,0,0,0,0,0,0,0,0,0,,0,,0,0,0,0,0,0,0,0,0,0,0,0,0,0
15469126.94,4965944.148,15472126.94,4965944.148,15472126.94,4962944.148,15469126.94,4962944.148,63515106.93,0,0,0,0,0,0,0,0,0,0,,0,,0,0,0,0,0,0,0,0,0,0,0,0,0,0
15469126.94,4962944.148,15472126.94,4962944.148,15472126.94,4959944.148,15469126.94,4959944.148,63515106.93,0,0,0,0,0,0,0,0,0,0,,0,,0,0,0,0,0,0,0,0,0,0,0,0,0,0
15469126.94,4959944.148,15472126.94,4959944.148,15472126.94,4956944.148,15469126.94,4956944.148,63515106.93,0,0,0,0,0,0,0,0,0,0,,0,,0,0,0,0,0,0,0,0,0,0,0,0,0,0
15469126.94,4956944.148,15472126.94,4956944.148,15472126.94,4953944.148,15469126.94,4953944.148,63515106.93,0,0,0,1491.494071,1491.494071,0,0,0,0,0.035024023,,2.35E-05,,2.35E-05,0,1,0,1,1491.494071,1491.494071,1491.494071,0,0,0,0,0,0
15469126.94,4953944.148,15472126.94,4953944.148,15472126.94,4950944.148,15469126.94,4950944.148,63515106.93,7.87E-09,7.87E-09,13998.97333,6999.486667,6999.486667,0,0,0,1.542713725,0.771356863,,0.000110202,,0.000110202,0.5,1,0.5,1,6999.486667,6999.486667,6999.486667,0,0,1,0,7.87E-09,31757553.47
15469126.94,4950944.148,15472126.94,4950944.148,15472126.94,4947944.148,15469126.94,4947944.148,63515106.93,7.87E-09,7.87E-09,12806.72546,6403.362728,6403.362728,0,0,0,1.291127614,0.645563807,,0.000100816,,0.000100816,0.5,1,0.5,1,6403.362728,6403.362728,6403.362728,0,0,1,0,7.87E-09,31757553.47
15469126.94,4947944.148,15472126.94,4947944.148,15472126.94,4944944.148,15469126.94,4944944.148,63515106.93,0,0,0,1700.829016,1700.829016,0,0,0,0,0.045545375,,2.68E-05,,2.68E-05,0,1,0,1,1700.829016,1700.829016,1700.829016,0,0,0,0,0,0
15469126.94,4944944.148,15472126.94,4944944.148,15472126.94,4941944.148,15469126.94,4941944.148,63515106.93,0,0,0,0,0,0,0,0,0,0,,0,,0,0,0,0,0,0,0,0,0,0,0,0,0,0
15472126.94,5088944.148,15475126.94,5088944.148,15475126.94,5085944.148,15472126.94,5085944.148,63515106.93,0,0,0,8264.897745,8264.897745,0,0,0,0,1.075469098,,0.000130125,,0.000130125,0,1,0,1,8264.897745,8264.897745,8264.897745,0,0,0,0,0,0
15472126.94,5085944.148,15475126.94,5085944.148,15475126.94,5082944.148,15472126.94,5082944.148,63515106.93,7.87E-09,7.87E-09,16816.98734,8408.493669,8408.493669,0,0,0,2.226329111,1.113164556,,0.000132386,,0.000132386,0.5,1,0.5,1,8408.493669,8408.493669,8408.493669,0,0,1,0,7.87E-09,31757553.47
15472126.94,5082944.148,15475126.94,5082944.148,15475126.94,5079944.148,15472126.94,5079944.148,63515106.93,7.87E-09,7.87E-09,11320.21133,5660.105667,5660.105667,0,0,0,1.008792953,0.504396477,,8.91E-05,,8.91E-05,0.5,1,0.5,1,5660.105667,5660.105667,5660.105667,0,0,1,0,7.87E-09,31757553.47
15472126.94,5079944.148,15475126.94,5079944.148,15475126.94,5076944.148,15472126.94,5076944.148,63515106.93,0,0,0,0,0,0,0,0,0,0,,0,,0,0,0,0,0,0,0,0,0,0,0,0,0,0
15472126.94,5076944.148,15475126.94,5076944.148,15475126.94,5073944.148,15472126.94,5073944.148,63515106.93,0,0,0,0,0,0,0,0,0,0,,0,,0,0,0,0,0,0,0,0,0,0,0,0,0,0
15472126.94,5073944.148,15475126.94,5073944.148,15475126.94,5070944.148,15472126.94,5070944.148,63515106.93,7.87E-09,7.87E-09,1624.685676,812.3428382,812.3428382,0,0,0,0.020779336,0.010389668,,1.28E-05,,1.28E-05,0.5,1,0.5,1,812.3428382,812.3428382,812.3428382,0,0,1,0,7.87E-09,31757553.47
15472126.94,5070944.148,15475126.94,5070944.148,15475126.94,5067944.148,15472126.94,5067944.148,63515106.93,7.87E-09,7.87E-09,815.6522139,407.826107,407.826107,0,0,0,0.005237246,0.002618623,,6.42E-06,,6.42E-06,0.5,1,0.5,1,407.826107,407.826107,407.826107,0,0,1,0,7.87E-09,31757553.47
15472126.94,5067944.148,15475126.94,5067944.148,15475126.94,5064944.148,15472126.94,5064944.148,63515106.93,0,0,0,0,0,0,0,0,0,0,,0,,0,0,0,0,0,0,0,0,0,0,0,0,0,0
15472126.94,5064944.148,15475126.94,5064944.148,15475126.94,5061944.148,15472126.94,5061944.148,63515106.93,0,0,0,7316.512748,7316.512748,0,0,0,0,0.842813015,,0.000115193,,0.000115193,0,1,0,1,7316.512748,7316.512748,7316.512748,0,0,0,0,0,0
15472126.94,5061944.148,15475126.94,5061944.148,15475126.94,5058944.148,15472126.94,5058944.148,63515106.93,7.87E-09,7.87E-09,17698.72007,8849.360034,8849.360034,0,0,0,2.465906988,1.232953494,,0.000139327,,0.000139327,0.5,1,0.5,1,8849.360034,8849.360034,8849.360034,0,0,1,0,7.87E-09,31757553.47
15472126.94,5058944.148,15475126.94,5058944.148,15475126.94,5055944.148,15472126.94,5055944.148,63515106.93,0,0,0,5942.198133,5942.198133,0,0,0,0,0.555926304,,9.36E-05,,9.36E-05,0,1,0,1,5942.198133,5942.198133,5942.198133,0,0,0,0,0,0
15472126.94,5055944.148,15475126.94,5055944.148,15475126.94,5052944.148,15472126.94,5052944.148,63515106.93,0,0,0,1363.091606,1363.091606,0,0,0,0,0.029253178,,2.15E-05,,2.15E-05,0,1,0,1,1363.091606,1363.091606,1363.091606,0,0,0,0,0,0
15472126.94,5052944.148,15475126.94,5052944.148,15475126.94,5049944.148,15472126.94,5049944.148,63515106.93,7.87E-09,7.87E-09,11011.00125,5505.500627,5505.500627,0,0,0,0.954435523,0.477217762,,8.67E-05,,8.67E-05,0.5,1,0.5,1,5505.500627,5505.500627,5505.500627,0,0,1,0,7.87E-09,31757553.47
15472126.94,5049944.148,15475126.94,5049944.148,15475126.94,5046944.148,15472126.94,5046944.148,63515106.93,7.87E-09,7.87E-09,8885.794628,4442.897314,4442.897314,0,0,0,0.621563514,0.310781757,,7.00E-05,,7.00E-05,0.5,1,0.5,1,4442.897314,4442.897314,4442.897314,0,0,1,0,7.87E-09,31757553.47
15472126.94,5046944.148,15475126.94,5046944.148,15475126.94,5043944.148,15472126.94,5043944.148,63515106.93,7.87E-09,7.87E-09,2740.897544,1370.448772,1370.448772,0,0,0,0.059139626,0.029569813,,2.16E-05,,2.16E-05,0.5,1,0.5,1,1370.448772,1370.448772,1370.448772,0,0,1,0,7.87E-09,31757553.47
15472126.94,5043944.148,15475126.94,5043944.148,15475126.94,5040944.148,15472126.94,5040944.148,63515106.93,0,0,0,0,0,0,0,0,0,0,,0,,0,0,0,0,0,0,0,0,0,0,0,0,0,0
15472126.94,5040944.148,15475126.94,5040944.148,15475126.94,5037944.148,15472126.94,5037944.148,63515106.93,0,0,0,0,0,0,0,0,0,0,,0,,0,0,0,0,0,0,0,0,0,0,0,0,0,0
15472126.94,5037944.148,15475126.94,5037944.148,15475126.94,5034944.148,15472126.94,5034944.148,63515106.93,0,0,0,0,0,0,0,0,0,0,,0,,0,0,0,0,0,0,0,0,0,0,0,0,0,0
15472126.94,5034944.148,15475126.94,5034944.148,15475126.94,5031944.148,15472126.94,5031944.148,63515106.93,7.87E-09,7.87E-09,8704.430519,4352.21526,4352.21526,0,0,0,0.596449525,0.298224762,,6.85E-05,,6.85E-05,0.5,1,0.5,1,4352.21526,4352.21526,4352.21526,0,0,1,0,7.87E-09,31757553.47
15472126.94,5031944.148,15475126.94,5031944.148,15475126.94,5028944.148,15472126.94,5028944.148,63515106.93,1.57E-08,1.57E-08,5836.891529,2246.250796,3590.640733,0,0,0,0.536396841,0.268198421,,9.19E-05,,9.19E-05,1,2,1,2,2918.445764,2246.250796,3590.640733,0,0,1,0,1.57E-08,63515106.93
15472126.94,5028944.148,15475126.94,5028944.148,15475126.94,5025944.148,15472126.94,5025944.148,63515106.93,1.57E-08,1.57E-08,2369.257959,486.1178135,1883.140146,0,0,0,0.088378711,0.044189355,,3.73E-05,,3.73E-05,1,2,1,2,1184.62898,486.1178135,1883.140146,0,0,1,0,1.57E-08,63515106.93
15472126.94,5025944.148,15475126.94,5025944.148,15475126.94,5022944.148,15472126.94,5022944.148,63515106.93,0,0,0,0,0,0,0,0,0,0,,0,,0,0,0,0,0,0,0,0,0,0,0,0,0,0
15472126.94,5022944.148,15475126.94,5022944.148,15475126.94,5019944.148,15472126.94,5019944.148,63515106.93,0,0,0,0,0,0,0,0,0,0,,0,,0,0,0,0,0,0,0,0,0,0,0,0,0,0
15472126.94,5019944.148,15475126.94,5019944.148,15475126.94,5016944.148,15472126.94,5016944.148,63515106.93,0,0,0,0,0,0,0,0,0,0,,0,,0,0,0,0,0,0,0,0,0,0,0,0,0,0
15472126.94,5016944.148,15475126.94,5016944.148,15475126.94,5013944.148,15472126.94,5013944.148,63515106.93,0,0,0,0,0,0,0,0,0,0,,0,,0,0,0,0,0,0,0,0,0,0,0,0,0,0
15472126.94,5013944.148,15475126.94,5013944.148,15475126.94,5010944.148,15472126.94,5010944.148,63515106.93,0,0,0,0,0,0,0,0,0,0,,0,,0,0,0,0,0,0,0,0,0,0,0,0,0,0
15472126.94,5010944.148,15475126.94,5010944.148,15475126.94,5007944.148,15472126.94,5007944.148,63515106.93,0,0,0,0,0,0,0,0,0,0,,0,,0,0,0,0,0,0,0,0,0,0,0,0,0,0
15472126.94,5007944.148,15475126.94,5007944.148,15475126.94,5004944.148,15472126.94,5004944.148,63515106.93,7.87E-09,7.87E-09,2194.780863,1097.390431,1097.390431,0,0,0,0.037920609,0.018960304,,1.73E-05,,1.73E-05,0.5,1,0.5,1,1097.390431,1097.390431,1097.390431,0,0,1,0,7.87E-09,31757553.47
15472126.94,5004944.148,15475126.94,5004944.148,15475126.94,5001944.148,15472126.94,5001944.148,63515106.93,7.87E-09,7.87E-09,3322.204989,1661.102495,1661.102495,0,0,0,0.086885204,0.043442602,,2.62E-05,,2.62E-05,0.5,1,0.5,1,1661.102495,1661.102495,1661.102495,0,0,1,0,7.87E-09,31757553.47
15472126.94,5001944.148,15475126.94,5001944.148,15475126.94,4998944.148,15472126.94,4998944.148,63515106.93,0,0,0,0,0,0,0,0,0,0,,0,,0,0,0,0,0,0,0,0,0,0,0,0,0,0
15472126.94,4998944.148,15475126.94,4998944.148,15475126.94,4995944.148,15472126.94,4995944.148,63515106.93,0,0,0,0,0,0,0,0,0,0,,0,,0,0,0,0,0,0,0,0,0,0,0,0,0,0
15472126.94,4995944.148,15475126.94,4995944.148,15475126.94,4992944.148,15472126.94,4992944.148,63515106.93,0,0,0,0,0,0,0,0,0,0,,0,,0,0,0,0,0,0,0,0,0,0,0,0,0,0
15472126.94,4992944.148,15475126.94,4992944.148,15475126.94,4989944.148,15472126.94,4989944.148,63515106.93,0,0,0,0,0,0,0,0,0,0,,0,,0,0,0,0,0,0,0,0,0,0,0,0,0,0
15472126.94,4989944.148,15475126.94,4989944.148,15475126.94,4986944.148,15472126.94,4986944.148,63515106.93,0,0,0,0,0,0,0,0,0,0,,0,,0,0,0,0,0,0,0,0,0,0,0,0,0,0
15472126.94,4986944.148,15475126.94,4986944.148,15475126.94,4983944.148,15472126.94,4983944.148,63515106.93,0,0,0,0,0,0,0,0,0,0,,0,,0,0,0,0,0,0,0,0,0,0,0,0,0,0
15472126.94,4983944.148,15475126.94,4983944.148,15475126.94,4980944.148,15472126.94,4980944.148,63515106.93,0,0,0,0,0,0,0,0,0,0,,0,,0,0,0,0,0,0,0,0,0,0,0,0,0,0
15472126.94,4980944.148,15475126.94,4980944.148,15475126.94,4977944.148,15472126.94,4977944.148,63515106.93,0,0,0,0,0,0,0,0,0,0,,0,,0,0,0,0,0,0,0,0,0,0,0,0,0,0
15472126.94,4977944.148,15475126.94,4977944.148,15475126.94,4974944.148,15472126.94,4974944.148,63515106.93,0,0,0,0,0,0,0,0,0,0,,0,,0,0,0,0,0,0,0,0,0,0,0,0,0,0
15472126.94,4974944.148,15475126.94,4974944.148,15475126.94,4971944.148,15472126.94,4971944.148,63515106.93,0,0,0,0,0,0,0,0,0,0,,0,,0,0,0,0,0,0,0,0,0,0,0,0,0,0
15472126.94,4971944.148,15475126.94,4971944.148,15475126.94,4968944.148,15472126.94,4968944.148,63515106.93,0,0,0,0,0,0,0,0,0,0,,0,,0,0,0,0,0,0,0,0,0,0,0,0,0,0
15472126.94,4968944.148,15475126.94,4968944.148,15475126.94,4965944.148,15472126.94,4965944.148,63515106.93,0,0,0,0,0,0,0,0,0,0,,0,,0,0,0,0,0,0,0,0,0,0,0,0,0,0
15472126.94,4965944.148,15475126.94,4965944.148,15475126.94,4962944.148,15472126.94,4962944.148,63515106.93,0,0,0,0,0,0,0,0,0,0,,0,,0,0,0,0,0,0,0,0,0,0,0,0,0,0
15472126.94,4962944.148,15475126.94,4962944.148,15475126.94,4959944.148,15472126.94,4959944.148,63515106.93,0,0,0,0,0,0,0,0,0,0,,0,,0,0,0,0,0,0,0,0,0,0,0,0,0,0
15472126.94,4959944.148,15475126.94,4959944.148,15475126.94,4956944.148,15472126.94,4956944.148,63515106.93,0,0,0,0,0,0,0,0,0,0,,0,,0,0,0,0,0,0,0,0,0,0,0,0,0,0
15472126.94,4956944.148,15475126.94,4956944.148,15475126.94,4953944.148,15472126.94,4953944.148,63515106.93,0,0,0,5054.253744,5054.253744,0,0,0,0,0.402195354,,7.96E-05,,7.96E-05,0,1,0,1,5054.253744,5054.253744,5054.253744,0,0,0,0,0,0
15472126.94,4953944.148,15475126.94,4953944.148,15475126.94,4950944.148,15472126.94,4950944.148,63515106.93,0,0,0,8942.020932,8942.020932,0,0,0,0,1.258908978,,0.000140786,,0.000140786,0,1,0,1,8942.020932,8942.020932,8942.020932,0,0,0,0,0,0
15472126.94,4950944.148,15475126.94,4950944.148,15475126.94,4947944.148,15472126.94,4947944.148,63515106.93,0,0,0,7876.808793,7876.808793,0,0,0,0,0.97684031,,0.000124015,,0.000124015,0,1,0,1,7876.808793,7876.808793,7876.808793,0,0,0,0,0,0
15472126.94,4947944.148,15475126.94,4947944.148,15475126.94,4944944.148,15472126.94,4944944.148,63515106.93,0,0,0,0,0,0,0,0,0,0,,0,,0,0,0,0,0,0,0,0,0,0,0,0,0,0
15472126.94,4944944.148,15475126.94,4944944.148,15475126.94,4941944.148,15472126.94,4941944.148,63515106.93,0,0,0,0,0,0,0,0,0,0,,0,,0,0,0,0,0,0,0,0,0,0,0,0,0,0
15475126.94,5088944.148,15478126.94,5088944.148,15478126.94,5085944.148,15475126.94,5085944.148,63515106.93,7.87E-09,7.87E-09,11268.84519,5634.422595,5634.422595,0,0,0,0.999658806,0.499829403,,8.87E-05,,8.87E-05,0.5,1,0.5,1,5634.422595,5634.422595,5634.422595,0,0,1,0,7.87E-09,31757553.47
15475126.94,5085944.148,15478126.94,5085944.148,15478126.94,5082944.148,15475126.94,5082944.148,63515106.93,7.87E-09,7.87E-09,11516.5189,5758.259448,5758.259448,0,0,0,1.04408395,0.522041975,,9.07E-05,,9.07E-05,0.5,1,0.5,1,5758.259448,5758.259448,5758.259448,0,0,1,0,7.87E-09,31757553.47
15475126.94,5082944.148,15478126.94,5082944.148,15478126.94,5079944.148,15475126.94,5079944.148,63515106.93,7.87E-09,7.87E-09,8132.800009,4066.400005,4066.400005,0,0,0,0.52068271,0.260341355,,6.40E-05,,6.40E-05,0.5,1,0.5,1,4066.400005,4066.400005,4066.400005,0,0,1,0,7.87E-09,31757553.47
15475126.94,5079944.148,15478126.94,5079944.148,15478126.94,5076944.148,15475126.94,5076944.148,63515106.93,0,0,0,0,0,0,0,0,0,0,,0,,0,0,0,0,0,0,0,0,0,0,0,0,0,0
15475126.94,5076944.148,15478126.94,5076944.148,15478126.94,5073944.148,15475126.94,5073944.148,63515106.93,0,0,0,0,0,0,0,0,0,0,,0,,0,0,0,0,0,0,0,0,0,0,0,0,0,0
15475126.94,5073944.148,15478126.94,5073944.148,15478126.94,5070944.148,15475126.94,5070944.148,63515106.93,0,0,0,0,0,0,0,0,0,0,,0,,0,0,0,0,0,0,0,0,0,0,0,0,0,0
15475126.94,5070944.148,15478126.94,5070944.148,15478126.94,5067944.148,15475126.94,5067944.148,63515106.93,0,0,0,0,0,0,0,0,0,0,,0,,0,0,0,0,0,0,0,0,0,0,0,0,0,0
15475126.94,5067944.148,15478126.94,5067944.148,15478126.94,5064944.148,15475126.94,5064944.148,63515106.93,0,0,0,0,0,0,0,0,0,0,,0,,0,0,0,0,0,0,0,0,0,0,0,0,0,0
15475126.94,5064944.148,15478126.94,5064944.148,15478126.94,5061944.148,15475126.94,5061944.148,63515106.93,7.87E-09,7.87E-09,9972.32307,4986.161535,4986.161535,0,0,0,0.782862788,0.391431394,,7.85E-05,,7.85E-05,0.5,1,0.5,1,4986.161535,4986.161535,4986.161535,0,0,1,0,7.87E-09,31757553.47
15475126.94,5061944.148,15478126.94,5061944.148,15478126.94,5058944.148,15475126.94,5058944.148,63515106.93,7.87E-09,7.87E-09,11698.72007,5849.360034,5849.360034,0,0,0,1.077381885,0.538690942,,9.21E-05,,9.21E-05,0.5,1,0.5,1,5849.360034,5849.360034,5849.360034,0,0,1,0,7.87E-09,31757553.47
15475126.94,5058944.148,15478126.94,5058944.148,15478126.94,5055944.148,15475126.94,5055944.148,63515106.93,7.87E-09,7.87E-09,8755.123613,4377.561807,4377.561807,0,0,0,0.603416992,0.301708496,,6.89E-05,,6.89E-05,0.5,1,0.5,1,4377.561807,4377.561807,4377.561807,0,0,1,0,7.87E-09,31757553.47
15475126.94,5055944.148,15478126.94,5055944.148,15478126.94,5052944.148,15475126.94,5052944.148,63515106.93,0,0,0,0,0,0,0,0,0,0,,0,,0,0,0,0,0,0,0,0,0,0,0,0,0,0
15475126.94,5052944.148,15478126.94,5052944.148,15478126.94,5049944.148,15475126.94,5049944.148,63515106.93,7.87E-09,7.87E-09,3921.118361,1960.559181,1960.559181,0,0,0,0.12103553,0.060517765,,3.09E-05,,3.09E-05,0.5,1,0.5,1,1960.559181,1960.559181,1960.559181,0,0,1,0,7.87E-09,31757553.47
15475126.94,5049944.148,15478126.94,5049944.148,15478126.94,5046944.148,15475126.94,5046944.148,63515106.93,7.87E-09,7.87E-09,3665.507219,1832.75361,1832.75361,0,0,0,0.105769665,0.052884833,,2.89E-05,,2.89E-05,0.5,1,0.5,1,1832.75361,1832.75361,1832.75361,0,0,1,0,7.87E-09,31757553.47
15475126.94,5046944.148,15478126.94,5046944.148,15478126.94,5043944.148,15475126.94,5043944.148,63515106.93,0,0,0,0,0,0,0,0,0,0,,0,,0,0,0,0,0,0,0,0,0,0,0,0,0,0
15475126.94,5043944.148,15478126.94,5043944.148,15478126.94,5040944.148,15475126.94,5040944.148,63515106.93,0,0,0,0,0,0,0,0,0,0,,0,,0,0,0,0,0,0,0,0,0,0,0,0,0,0
15475126.94,5040944.148,15478126.94,5040944.148,15478126.94,5037944.148,15475126.94,5037944.148,63515106.93,0,0,0,0,0,0,0,0,0,0,,0,,0,0,0,0,0,0,0,0,0,0,0,0,0,0
15475126.94,5037944.148,15478126.94,5037944.148,15478126.94,5034944.148,15475126.94,5034944.148,63515106.93,0,0,0,5190.493477,5190.493477,0,0,0,0,0.424170309,,8.17E-05,,8.17E-05,0,1,0,1,5190.493477,5190.493477,5190.493477,0,0,0,0,0,0
15475126.94,5034944.148,15478126.94,5034944.148,15478126.94,5031944.148,15475126.94,5031944.148,63515106.93,7.87E-09,7.87E-09,21617.16299,3352.901966,7455.679529,0,0,0,3.678666056,0.919666514,,0.000170173,,0.000170173,0.5,2,0.5,2,5404.290748,3352.901966,7455.679529,0,0,1,0,7.87E-09,31757553.47
15475126.94,5031944.148,15478126.94,5031944.148,15478126.94,5028944.148,15475126.94,5028944.148,63515106.93,1.57E-08,1.57E-08,11591.22893,5470.567306,6120.661625,0,0,0,2.115348531,1.057674265,,0.000182496,,0.000182496,1,2,1,2,5795.614465,5470.567306,6120.661625,0,0,1,0,1.57E-08,63515106.93
15475126.94,5028944.148,15478126.94,5028944.148,15478126.94,5025944.148,15475126.94,5025944.148,63515106.93,7.87E-09,7.87E-09,9117.626858,4558.813429,4558.813429,0,0,0,0.654420055,0.327210027,,7.18E-05,,7.18E-05,0.5,1,0.5,1,4558.813429,4558.813429,4558.813429,0,0,1,0,7.87E-09,31757553.47
15475126.94,5025944.148,15478126.94,5025944.148,15478126.94,5022944.148,15475126.94,5022944.148,63515106.93,0,0,0,0,0,0,0,0,0,0,,0,,0,0,0,0,0,0,0,0,0,0,0,0,0,0
15475126.94,5022944.148,15478126.94,5022944.148,15478126.94,5019944.148,15475126.94,5019944.148,63515106.93,0,0,0,0,0,0,0,0,0,0,,0,,0,0,0,0,0,0,0,0,0,0,0,0,0,0
15475126.94,5019944.148,15478126.94,5019944.148,15478126.94,5016944.148,15475126.94,5016944.148,63515106.93,0,0,0,0,0,0,0,0,0,0,,0,,0,0,0,0,0,0,0,0,0,0,0,0,0,0
15475126.94,5016944.148,15478126.94,5016944.148,15478126.94,5013944.148,15475126.94,5013944.148,63515106.93,7.87E-09,7.87E-09,2628.585534,1314.292767,1314.292767,0,0,0,0.054392272,0.027196136,,2.07E-05,,2.07E-05,0.5,1,0.5,1,1314.292767,1314.292767,1314.292767,0,0,1,0,7.87E-09,31757553.47
15475126.94,5013944.148,15478126.94,5013944.148,15478126.94,5010944.148,15475126.94,5010944.148,63515106.93,7.87E-09,7.87E-09,1108.955836,554.4779178,554.4779178,0,0,0,0.009681028,0.004840514,,8.73E-06,,8.73E-06,0.5,1,0.5,1,554.4779178,554.4779178,554.4779178,0,0,1,0,7.87E-09,31757553.47
15475126.94,5010944.148,15478126.94,5010944.148,15478126.94,5007944.148,15475126.94,5007944.148,63515106.93,0,0,0,0,0,0,0,0,0,0,,0,,0,0,0,0,0,0,0,0,0,0,0,0,0,0
15475126.94,5007944.148,15478126.94,5007944.148,15478126.94,5004944.148,15475126.94,5004944.148,63515106.93,7.87E-09,7.87E-09,8340.731717,4170.365858,4170.365858,0,0,0,0.547647709,0.273823854,,6.57E-05,,6.57E-05,0.5,1,0.5,1,4170.365858,4170.365858,4170.365858,0,0,1,0,7.87E-09,31757553.47
15475126.94,5004944.148,15478126.94,5004944.148,15478126.94,5001944.148,15475126.94,5001944.148,63515106.93,7.87E-09,7.87E-09,9292.606776,4646.303388,4646.303388,0,0,0,0.679779543,0.339889771,,7.32E-05,,7.32E-05,0.5,1,0.5,1,4646.303388,4646.303388,4646.303388,0,0,1,0,7.87E-09,31757553.47
15475126.94,5001944.148,15478126.94,5001944.148,15478126.94,4998944.148,15475126.94,4998944.148,63515106.93,7.87E-09,7.87E-09,5339.49323,2669.746615,2669.746615,0,0,0,0.224436275,0.112218137,,4.20E-05,,4.20E-05,0.5,1,0.5,1,2669.746615,2669.746615,2669.746615,0,0,1,0,7.87E-09,31757553.47
15475126.94,4998944.148,15478126.94,4998944.148,15478126.94,4995944.148,15475126.94,4995944.148,63515106.93,0,0,0,0,0,0,0,0,0,0,,0,,0,0,0,0,0,0,0,0,0,0,0,0,0,0
15475126.94,4995944.148,15478126.94,4995944.148,15478126.94,4992944.148,15475126.94,4992944.148,63515106.93,0,0,0,0,0,0,0,0,0,0,,0,,0,0,0,0,0,0,0,0,0,0,0,0,0,0
15475126.94,4992944.148,15478126.94,4992944.148,15478126.94,4989944.148,15475126.94,4989944.148,63515106.93,0,0,0,0,0,0,0,0,0,0,,0,,0,0,0,0,0,0,0,0,0,0,0,0,0,0
15475126.94,4989944.148,15478126.94,4989944.148,15478126.94,4986944.148,15475126.94,4986944.148,63515106.93,0,0,0,0,0,0,0,0,0,0,,0,,0,0,0,0,0,0,0,0,0,0,0,0,0,0
15475126.94,4986944.148,15478126.94,4986944.148,15478126.94,4983944.148,15475126.94,4983944.148,63515106.93,0,0,0,0,0,0,0,0,0,0,,0,,0,0,0,0,0,0,0,0,0,0,0,0,0,0
15475126.94,4983944.148,15478126.94,4983944.148,15478126.94,4980944.148,15475126.94,4980944.148,63515106.93,0,0,0,0,0,0,0,0,0,0,,0,,0,0,0,0,0,0,0,0,0,0,0,0,0,0
15475126.94,4980944.148,15478126.94,4980944.148,15478126.94,4977944.148,15475126.94,4977944.148,63515106.93,0,0,0,0,0,0,0,0,0,0,,0,,0,0,0,0,0,0,0,0,0,0,0,0,0,0
15475126.94,4977944.148,15478126.94,4977944.148,15478126.94,4974944.148,15475126.94,4974944.148,63515106.93,0,0,0,0,0,0,0,0,0,0,,0,,0,0,0,0,0,0,0,0,0,0,0,0,0,0
15475126.94,4974944.148,15478126.94,4974944.148,15478126.94,4971944.148,15475126.94,4971944.148,63515106.93,0,0,0,0,0,0,0,0,0,0,,0,,0,0,0,0,0,0,0,0,0,0,0,0,0,0
15475126.94,4971944.148,15478126.94,4971944.148,15478126.94,4968944.148,15475126.94,4968944.148,63515106.93,0,0,0,0,0,0,0,0,0,0,,0,,0,0,0,0,0,0,0,0,0,0,0,0,0,0
15475126.94,4968944.148,15478126.94,4968944.148,15478126.94,4965944.148,15475126.94,4965944.148,63515106.93,0,0,0,0,0,0,0,0,0,0,,0,,0,0,0,0,0,0,0,0,0,0,0,0,0,0
15475126.94,4965944.148,15478126.94,4965944.148,15478126.94,4962944.148,15475126.94,4962944.148,63515106.93,0,0,0,0,0,0,0,0,0,0,,0,,0,0,0,0,0,0,0,0,0,0,0,0,0,0
15475126.94,4962944.148,15478126.94,4962944.148,15478126.94,4959944.148,15475126.94,4959944.148,63515106.93,0,0,0,0,0,0,0,0,0,0,,0,,0,0,0,0,0,0,0,0,0,0,0,0,0,0
15475126.94,4959944.148,15478126.94,4959944.148,15478126.94,4956944.148,15475126.94,4956944.148,63515106.93,0,0,0,0,0,0,0,0,0,0,,0,,0,0,0,0,0,0,0,0,0,0,0,0,0,0
15475126.94,4956944.148,15478126.94,4956944.148,15478126.94,4953944.148,15475126.94,4953944.148,63515106.93,7.87E-09,7.87E-09,12346.48401,6173.242007,6173.242007,0,0,0,1.199995362,0.599997681,,9.72E-05,,9.72E-05,0.5,1,0.5,1,6173.242007,6173.242007,6173.242007,0,0,1,0,7.87E-09,31757553.47
15475126.94,4953944.148,15478126.94,4953944.148,15478126.94,4950944.148,15475126.94,4950944.148,63515106.93,7.87E-09,7.87E-09,16256.015,8128.0075,8128.0075,0,0,0,2.080276933,1.040138466,,0.00012797,,0.00012797,0.5,1,0.5,1,8128.0075,8128.0075,8128.0075,0,0,1,0,7.87E-09,31757553.47
15475126.94,4950944.148,15478126.94,4950944.148,15478126.94,4947944.148,15475126.94,4947944.148,63515106.93,0,0,0,6751.524036,6751.524036,0,0,0,0,0.717672992,,0.000106298,,0.000106298,0,1,0,1,6751.524036,6751.524036,6751.524036,0,0,0,0,0,0
15475126.94,4947944.148,15478126.94,4947944.148,15478126.94,4944944.148,15475126.94,4944944.148,63515106.93,0,0,0,0,0,0,0,0,0,0,,0,,0,0,0,0,0,0,0,0,0,0,0,0,0,0
15475126.94,4944944.148,15478126.94,4944944.148,15478126.94,4941944.148,15475126.94,4941944.148,63515106.93,0,0,0,0,0,0,0,0,0,0,,0,,0,0,0,0,0,0,0,0,0,0,0,0,0,0
15478126.94,5088944.148,15481126.94,5088944.148,15481126.94,5085944.148,15478126.94,5085944.148,63515106.93,0,0,0,0,0,0,0,0,0,0,,0,,0,0,0,0,0,0,0,0,0,0,0,0,0,0
15478126.94,5085944.148,15481126.94,5085944.148,15481126.94,5082944.148,15478126.94,5082944.148,63515106.93,7.87E-09,7.87E-09,5226.390994,2613.195497,2613.195497,0,0,0,0.215028866,0.107514433,,4.11E-05,,4.11E-05,0.5,1,0.5,1,2613.195497,2613.195497,2613.195497,0,0,1,0,7.87E-09,31757553.47
15478126.94,5082944.148,15481126.94,5082944.148,15481126.94,5079944.148,15478126.94,5079944.148,63515106.93,7.87E-09,7.87E-09,3419.199067,1709.599533,1709.599533,0,0,0,0.092032611,0.046016306,,2.69E-05,,2.69E-05,0.5,1,0.5,1,1709.599533,1709.599533,1709.599533,0,0,1,0,7.87E-09,31757553.47
15478126.94,5079944.148,15481126.94,5079944.148,15481126.94,5076944.148,15478126.94,5076944.148,63515106.93,0,0,0,0,0,0,0,0,0,0,,0,,0,0,0,0,0,0,0,0,0,0,0,0,0,0
15478126.94,5076944.148,15481126.94,5076944.148,15481126.94,5073944.148,15478126.94,5073944.148,63515106.93,0,0,0,0,0,0,0,0,0,0,,0,,0,0,0,0,0,0,0,0,0,0,0,0,0,0
15478126.94,5073944.148,15481126.94,5073944.148,15481126.94,5070944.148,15478126.94,5070944.148,63515106.93,0,0,0,0,0,0,0,0,0,0,,0,,0,0,0,0,0,0,0,0,0,0,0,0,0,0
15478126.94,5070944.148,15481126.94,5070944.148,15481126.94,5067944.148,15478126.94,5067944.148,63515106.93,0,0,0,0,0,0,0,0,0,0,,0,,0,0,0,0,0,0,0,0,0,0,0,0,0,0
15478126.94,5067944.148,15481126.94,5067944.148,15481126.94,5064944.148,15478126.94,5064944.148,63515106.93,0,0,0,0,0,0,0,0,0,0,,0,,0,0,0,0,0,0,0,0,0,0,0,0,0,0
15478126.94,5064944.148,15481126.94,5064944.148,15481126.94,5061944.148,15478126.94,5061944.148,63515106.93,1.57E-08,1.57E-08,2091.599765,65.54235328,2026.057411,0,0,0,0.068877938,0.034438969,,3.29E-05,,3.29E-05,1,2,1,2,1045.799882,65.54235328,2026.057411,0,0,1,0,1.57E-08,63515106.93
15478126.94,5061944.148,15481126.94,5061944.148,15481126.94,5058944.148,15478126.94,5058944.148,63515106.93,7.87E-09,7.87E-09,5695.077551,2847.538776,2847.538776,0,0,0,0.255324362,0.127662181,,4.48E-05,,4.48E-05,0.5,1,0.5,1,2847.538776,2847.538776,2847.538776,0,0,1,0,7.87E-09,31757553.47
15478126.94,5058944.148,15481126.94,5058944.148,15481126.94,5055944.148,15478126.94,5055944.148,63515106.93,7.87E-09,7.87E-09,2576.880879,1288.440439,1288.440439,0,0,0,0.052273509,0.026136755,,2.03E-05,,2.03E-05,0.5,1,0.5,1,1288.440439,1288.440439,1288.440439,0,0,1,0,7.87E-09,31757553.47
15478126.94,5055944.148,15481126.94,5055944.148,15481126.94,5052944.148,15478126.94,5052944.148,63515106.93,7.87E-09,7.87E-09,1772.712483,886.3562417,886.3562417,0,0,0,0.024738284,0.012369142,,1.40E-05,,1.40E-05,0.5,1,0.5,1,886.3562417,886.3562417,886.3562417,0,0,1,0,7.87E-09,31757553.47
15478126.94,5052944.148,15481126.94,5052944.148,15481126.94,5049944.148,15478126.94,5049944.148,63515106.93,7.87E-09,7.87E-09,1433.353059,716.6765294,716.6765294,0,0,0,0.016173325,0.008086663,,1.13E-05,,1.13E-05,0.5,1,0.5,1,716.6765294,716.6765294,716.6765294,0,0,1,0,7.87E-09,31757553.47
15478126.94,5049944.148,15481126.94,5049944.148,15481126.94,5046944.148,15478126.94,5046944.148,63515106.93,0,0,0,0,0,0,0,0,0,0,,0,,0,0,0,0,0,0,0,0,0,0,0,0,0,0
15478126.94,5046944.148,15481126.94,5046944.148,15481126.94,5043944.148,15478126.94,5043944.148,63515106.93,0,0,0,0,0,0,0,0,0,0,,0,,0,0,0,0,0,0,0,0,0,0,0,0,0,0
15478126.94,5043944.148,15481126.94,5043944.148,15481126.94,5040944.148,15478126.94,5040944.148,63515106.93,0,0,0,0,0,0,0,0,0,0,,0,,0,0,0,0,0,0,0,0,0,0,0,0,0,0
15478126.94,5040944.148,15481126.94,5040944.148,15481126.94,5037944.148,15478126.94,5037944.148,63515106.93,0,0,0,0,0,0,0,0,0,0,,0,,0,0,0,0,0,0,0,0,0,0,0,0,0,0
15478126.94,5037944.148,15481126.94,5037944.148,15481126.94,5034944.148,15478126.94,5034944.148,63515106.93,0,0,0,7279.482712,7279.482712,0,0,0,0,0.834303383,,0.00011461,,0.00011461,0,1,0,1,7279.482712,7279.482712,7279.482712,0,0,0,0,0,0
15478126.94,5034944.148,15481126.94,5034944.148,15481126.94,5031944.148,15478126.94,5031944.148,63515106.93,0,0,0,6189.303725,8999.587326,0,0,0,0,1.816122357,,0.000239138,,0.000239138,0,2,0,2,7594.445526,6189.303725,8999.587326,0,0,0,0,0,0
15478126.94,5031944.148,15481126.94,5031944.148,15481126.94,5028944.148,15478126.94,5028944.148,63515106.93,7.87E-09,7.87E-09,30497.22655,6695.690887,8552.922389,0,0,0,7.321729209,1.830432302,,0.000240079,,0.000240079,0.5,2,0.5,2,7624.306638,6695.690887,8552.922389,0,0,1,0,7.87E-09,31757553.47
15478126.94,5028944.148,15481126.94,5028944.148,15481126.94,5025944.148,15478126.94,5025944.148,63515106.93,7.87E-09,7.87E-09,13989.66722,6994.833609,6994.833609,0,0,0,1.540663303,0.770331652,,0.000110129,,0.000110129,0.5,1,0.5,1,6994.833609,6994.833609,6994.833609,0,0,1,0,7.87E-09,31757553.47
15478126.94,5025944.148,15481126.94,5025944.148,15481126.94,5022944.148,15478126.94,5022944.148,63515106.93,0,0,0,0,0,0,0,0,0,0,,0,,0,0,0,0,0,0,0,0,0,0,0,0,0,0
15478126.94,5022944.148,15481126.94,5022944.148,15481126.94,5019944.148,15478126.94,5019944.148,63515106.93,0,0,0,0,0,0,0,0,0,0,,0,,0,0,0,0,0,0,0,0,0,0,0,0,0,0
15478126.94,5019944.148,15481126.94,5019944.148,15481126.94,5016944.148,15478126.94,5016944.148,63515106.93,1.57E-08,1.57E-08,5814.314979,198.9231084,5615.391667,0,0,0,0.5322554,0.2661277,,9.15E-05,,9.15E-05,1,2,1,2,2907.157489,198.9231084,5615.39187,0,0,1,0,1.57E-08,63515106.93
15478126.94,5016944.148,15481126.94,5016944.148,15481126.94,5013944.148,15478126.94,5013944.148,63515106.93,7.87E-09,7.87E-09,9629.720663,4814.860331,4814.860331,0,0,0,0.72999578,0.36499789,,7.58E-05,,7.58E-05,0.5,1,0.5,1,4814.860331,4814.860331,4814.860331,0,0,1,0,7.87E-09,31757553.47
15478126.94,5013944.148,15481126.94,5013944.148,15481126.94,5010944.148,15478126.94,5010944.148,63515106.93,7.87E-09,7.87E-09,5555.962783,2777.981392,2777.981392,0,0,0,0.243002995,0.121501498,,4.37E-05,,4.37E-05,0.5,1,0.5,1,2777.981392,2777.981392,2777.981392,0,0,1,0,7.87E-09,31757553.47
15478126.94,5010944.148,15481126.94,5010944.148,15481126.94,5007944.148,15478126.94,5007944.148,63515106.93,0,0,0,0,0,0,0,0,0,0,,0,,0,0,0,0,0,0,0,0,0,0,0,0,0,0
15478126.94,5007944.148,15481126.94,5007944.148,15481126.94,5004944.148,15478126.94,5004944.148,63515106.93,7.87E-09,7.87E-09,14557.77971,7278.889855,7278.889855,0,0,0,1.668334986,0.834167493,,0.000114601,,0.000114601,0.5,1,0.5,1,7278.889855,7278.889855,7278.889855,0,0,1,0,7.87E-09,31757553.47
15478126.94,5004944.148,15481126.94,5004944.148,15481126.94,5001944.148,15478126.94,5001944.148,63515106.93,7.87E-09,7.87E-09,15209.50178,7604.750889,7604.750889,0,0,0,1.821054514,0.910527257,,0.000119731,,0.000119731,0.5,1,0.5,1,7604.750889,7604.750889,7604.750889,0,0,1,0,7.87E-09,31757553.47
15478126.94,5001944.148,15481126.94,5001944.148,15481126.94,4998944.148,15478126.94,4998944.148,63515106.93,0,0,0,4822.005468,4822.005468,0,0,0,0,0.36608199,,7.59E-05,,7.59E-05,0,1,0,1,4822.005468,4822.005468,4822.005468,0,0,0,0,0,0
15478126.94,4998944.148,15481126.94,4998944.148,15481126.94,4995944.148,15478126.94,4995944.148,63515106.93,0,0,0,0,0,0,0,0,0,0,,0,,0,0,0,0,0,0,0,0,0,0,0,0,0,0
15478126.94,4995944.148,15481126.94,4995944.148,15481126.94,4992944.148,15478126.94,4992944.148,63515106.93,0,0,0,0,0,0,0,0,0,0,,0,,0,0,0,0,0,0,0,0,0,0,0,0,0,0
15478126.94,4992944.148,15481126.94,4992944.148,15481126.94,4989944.148,15478126.94,4989944.148,63515106.93,0,0,0,0,0,0,0,0,0,0,,0,,0,0,0,0,0,0,0,0,0,0,0,0,0,0
15478126.94,4989944.148,15481126.94,4989944.148,15481126.94,4986944.148,15478126.94,4986944.148,63515106.93,7.87E-09,7.87E-09,1917.252553,958.6262765,958.6262765,0,0,0,0.028936874,0.014468437,,1.51E-05,,1.51E-05,0.5,1,0.5,1,958.6262765,958.6262765,958.6262765,0,0,1,0,7.87E-09,31757553.47
15478126.94,4986944.148,15481126.94,4986944.148,15481126.94,4983944.148,15478126.94,4983944.148,63515106.93,7.87E-09,7.87E-09,2481.881858,1240.940929,1240.940929,0,0,0,0.048490334,0.024245167,,1.95E-05,,1.95E-05,0.5,1,0.5,1,1240.940929,1240.940929,1240.940929,0,0,1,0,7.87E-09,31757553.47
15478126.94,4983944.148,15481126.94,4983944.148,15481126.94,4980944.148,15478126.94,4980944.148,63515106.93,0,0,0,0,0,0,0,0,0,0,,0,,0,0,0,0,0,0,0,0,0,0,0,0,0,0
15478126.94,4980944.148,15481126.94,4980944.148,15481126.94,4977944.148,15478126.94,4977944.148,63515106.93,0,0,0,0,0,0,0,0,0,0,,0,,0,0,0,0,0,0,0,0,0,0,0,0,0,0
15478126.94,4977944.148,15481126.94,4977944.148,15481126.94,4974944.148,15478126.94,4974944.148,63515106.93,0,0,0,0,0,0,0,0,0,0,,0,,0,0,0,0,0,0,0,0,0,0,0,0,0,0
15478126.94,4974944.148,15481126.94,4974944.148,15481126.94,4971944.148,15478126.94,4971944.148,63515106.93,0,0,0,0,0,0,0,0,0,0,,0,,0,0,0,0,0,0,0,0,0,0,0,0,0,0
15478126.94,4971944.148,15481126.94,4971944.148,15481126.94,4968944.148,15478126.94,4968944.148,63515106.93,0,0,0,0,0,0,0,0,0,0,,0,,0,0,0,0,0,0,0,0,0,0,0,0,0,0
15478126.94,4968944.148,15481126.94,4968944.148,15481126.94,4965944.148,15478126.94,4965944.148,63515106.93,0,0,0,0,0,0,0,0,0,0,,0,,0,0,0,0,0,0,0,0,0,0,0,0,0,0
15478126.94,4965944.148,15481126.94,4965944.148,15481126.94,4962944.148,15478126.94,4962944.148,63515106.93,0,0,0,0,0,0,0,0,0,0,,0,,0,0,0,0,0,0,0,0,0,0,0,0,0,0
15478126.94,4962944.148,15481126.94,4962944.148,15481126.94,4959944.148,15478126.94,4959944.148,63515106.93,0,0,0,0,0,0,0,0,0,0,,0,,0,0,0,0,0,0,0,0,0,0,0,0,0,0
15478126.94,4959944.148,15481126.94,4959944.148,15481126.94,4956944.148,15478126.94,4956944.148,63515106.93,0,0,0,0,0,0,0,0,0,0,,0,,0,0,0,0,0,0,0,0,0,0,0,0,0,0
15478126.94,4956944.148,15481126.94,4956944.148,15481126.94,4953944.148,15478126.94,4953944.148,63515106.93,7.87E-09,7.87E-09,7663.36811,3831.684055,3831.684055,0,0,0,0.462308997,0.231154499,,6.03E-05,,6.03E-05,0.5,1,0.5,1,3831.684055,3831.684055,3831.684055,0,0,1,0,7.87E-09,31757553.47
15478126.94,4953944.148,15481126.94,4953944.148,15481126.94,4950944.148,15478126.94,4950944.148,63515106.93,7.87E-09,7.87E-09,10371.95955,5185.979777,5185.979777,0,0,0,0.84686581,0.423432905,,8.16E-05,,8.16E-05,0.5,1,0.5,1,5185.979777,5185.979777,5185.979777,0,0,1,0,7.87E-09,31757553.47
15478126.94,4950944.148,15481126.94,4950944.148,15481126.94,4947944.148,15478126.94,4947944.148,63515106.93,7.87E-09,7.87E-09,8738.534299,4369.26715,4369.26715,0,0,0,0.601132434,0.300566217,,6.88E-05,,6.88E-05,0.5,1,0.5,1,4369.26715,4369.26715,4369.26715,0,0,1,0,7.87E-09,31757553.47
15478126.94,4947944.148,15481126.94,4947944.148,15481126.94,4944944.148,15478126.94,4944944.148,63515106.93,0,0,0,0,0,0,0,0,0,0,,0,,0,0,0,0,0,0,0,0,0,0,0,0,0,0
15478126.94,4944944.148,15481126.94,4944944.148,15481126.94,4941944.148,15478126.94,4941944.148,63515106.93,0,0,0,0,0,0,0,0,0,0,,0,,0,0,0,0,0,0,0,0,0,0,0,0,0,0
15481126.94,5088944.148,15484126.94,5088944.148,15484126.94,5085944.148,15481126.94,5085944.148,63515106.93,0,0,0,0,0,0,0,0,0,0,,0,,0,0,0,0,0,0,0,0,0,0,0,0,0,0
15481126.94,5085944.148,15484126.94,5085944.148,15484126.94,5082944.148,15481126.94,5082944.148,63515106.93,0,0,0,0,0,0,0,0,0,0,,0,,0,0,0,0,0,0,0,0,0,0,0,0,0,0
15481126.94,5082944.148,15484126.94,5082944.148,15484126.94,5079944.148,15481126.94,5079944.148,63515106.93,0,0,0,0,0,0,0,0,0,0,,0,,0,0,0,0,0,0,0,0,0,0,0,0,0,0
15481126.94,5079944.148,15484126.94,5079944.148,15484126.94,5076944.148,15481126.94,5076944.148,63515106.93,0,0,0,0,0,0,0,0,0,0,,0,,0,0,0,0,0,0,0,0,0,0,0,0,0,0
15481126.94,5076944.148,15484126.94,5076944.148,15484126.94,5073944.148,15481126.94,5073944.148,63515106.93,0,0,0,0,0,0,0,0,0,0,,0,,0,0,0,0,0,0,0,0,0,0,0,0,0,0
15481126.94,5073944.148,15484126.94,5073944.148,15484126.94,5070944.148,15481126.94,5070944.148,63515106.93,0,0,0,0,0,0,0,0,0,0,,0,,0,0,0,0,0,0,0,0,0,0,0,0,0,0
15481126.94,5070944.148,15484126.94,5070944.148,15484126.94,5067944.148,15481126.94,5067944.148,63515106.93,0,0,0,0,0,0,0,0,0,0,,0,,0,0,0,0,0,0,0,0,0,0,0,0,0,0
15481126.94,5067944.148,15484126.94,5067944.148,15484126.94,5064944.148,15481126.94,5064944.148,63515106.93,7.87E-09,7.87E-09,2509.859098,1254.929549,1254.929549,0,0,0,0.04958972,0.02479486,,1.98E-05,,1.98E-05,0.5,1,0.5,1,1254.929549,1254.929549,1254.929549,0,0,1,0,7.87E-09,31757553.47
15481126.94,5064944.148,15484126.94,5064944.148,15484126.94,5061944.148,15481126.94,5061944.148,63515106.93,7.87E-09,7.87E-09,6221.389542,3110.694771,3110.694771,0,0,0,0.304696707,0.152348353,,4.90E-05,,4.90E-05,0.5,1,0.5,1,3110.694771,3110.694771,3110.694771,0,0,1,0,7.87E-09,31757553.47
15481126.94,5061944.148,15484126.94,5061944.148,15484126.94,5058944.148,15481126.94,5058944.148,63515106.93,7.87E-09,7.87E-09,6207.724689,3103.862345,3103.862345,0,0,0,0.303359686,0.151679843,,4.89E-05,,4.89E-05,0.5,1,0.5,1,3103.862345,3103.862345,3103.862345,0,0,1,0,7.87E-09,31757553.47
15481126.94,5058944.148,15484126.94,5058944.148,15484126.94,5055944.148,15481126.94,5055944.148,63515106.93,7.87E-09,7.87E-09,1809.613336,904.8066678,904.8066678,0,0,0,0.02577891,0.012889455,,1.42E-05,,1.42E-05,0.5,1,0.5,1,904.8066678,904.8066678,904.8066678,0,0,1,0,7.87E-09,31757553.47
15481126.94,5055944.148,15484126.94,5055944.148,15484126.94,5052944.148,15481126.94,5052944.148,63515106.93,7.87E-09,7.87E-09,7350.656063,3675.328031,3675.328031,0,0,0,0.425348765,0.212674382,,5.79E-05,,5.79E-05,0.5,1,0.5,1,3675.328031,3675.328031,3675.328031,0,0,1,0,7.87E-09,31757553.47
15481126.94,5052944.148,15484126.94,5052944.148,15484126.94,5049944.148,15481126.94,5049944.148,63515106.93,7.87E-09,7.87E-09,8298.942891,4149.471446,4149.471446,0,0,0,0.542173795,0.271086897,,6.53E-05,,6.53E-05,0.5,1,0.5,1,4149.471446,4149.471446,4149.471446,0,0,1,0,7.87E-09,31757553.47
15481126.94,5049944.148,15484126.94,5049944.148,15484126.94,5046944.148,15481126.94,5046944.148,63515106.93,0,0,0,0,0,0,0,0,0,0,,0,,0,0,0,0,0,0,0,0,0,0,0,0,0,0
15481126.94,5046944.148,15484126.94,5046944.148,15484126.94,5043944.148,15481126.94,5043944.148,63515106.93,0,0,0,0,0,0,0,0,0,0,,0,,0,0,0,0,0,0,0,0,0,0,0,0,0,0
15481126.94,5043944.148,15484126.94,5043944.148,15484126.94,5040944.148,15481126.94,5040944.148,63515106.93,0,0,0,0,0,0,0,0,0,0,,0,,0,0,0,0,0,0,0,0,0,0,0,0,0,0
15481126.94,5040944.148,15484126.94,5040944.148,15484126.94,5037944.148,15481126.94,5037944.148,63515106.93,0,0,0,0,0,0,0,0,0,0,,0,,0,0,0,0,0,0,0,0,0,0,0,0,0,0
15481126.94,5037944.148,15484126.94,5037944.148,15484126.94,5034944.148,15481126.94,5034944.148,63515106.93,0,0,0,8339.200683,8339.200683,0,0,0,0,1.094893347,,0.000131295,,0.000131295,0,1,0,1,8339.200683,8339.200683,8339.200683,0,0,0,0,0,0
15481126.94,5034944.148,15484126.94,5034944.148,15484126.94,5031944.148,15481126.94,5031944.148,63515106.93,0,0,0,7782.614418,8705.063564,0,0,0,0,2.139991085,,0.000259587,,0.000259587,0,2,0,2,8243.838991,7782.614418,8705.063564,0,0,0,0,0,0
15481126.94,5031944.148,15484126.94,5031944.148,15484126.94,5028944.148,15481126.94,5028944.148,63515106.93,0,0,0,4228.042534,8923.891207,0,0,0,0,1.361671022,,0.000207068,,0.000207068,0,2,0,2,6575.96687,4228.042534,8923.891207,0,0,0,0,0,0
15481126.94,5028944.148,15484126.94,5028944.148,15484126.94,5025944.148,15481126.94,5025944.148,63515106.93,0,0,0,5962.400042,5962.400042,0,0,0,0,0.559712736,,9.39E-05,,9.39E-05,0,1,0,1,5962.400042,5962.400042,5962.400042,0,0,0,0,0,0
15481126.94,5025944.148,15484126.94,5025944.148,15484126.94,5022944.148,15481126.94,5022944.148,63515106.93,0,0,0,0,0,0,0,0,0,0,,0,,0,0,0,0,0,0,0,0,0,0,0,0,0,0
15481126.94,5022944.148,15484126.94,5022944.148,15484126.94,5019944.148,15481126.94,5019944.148,63515106.93,3.94E-08,7.87E-09,3433.90585,624.7543802,3489.594744,1.6,4,1.57E-08,0.464130108,0.38677509,,0.000135161,,0.000135161,2.5,4,0.5,3,2861.588208,624.7543802,5824.484256,0.4,2,5,1.57E-08,4.000000008,31757553.47
15481126.94,5019944.148,15484126.94,5019944.148,15484126.94,5016944.148,15481126.94,5016944.148,63515106.93,3.94E-08,7.87E-09,4742.815219,624.7543802,5772.572445,1.6,4,1.57E-08,0.885391574,0.737826312,,0.000186681,,0.000186681,2.5,4,0.5,3,3952.346016,624.7543802,8617.02433,0.4,2,5,1.57E-08,4.000000008,31757553.47
15481126.94,5016944.148,15484126.94,5016944.148,15484126.94,5013944.148,15481126.94,5013944.148,63515106.93,4.72E-08,1.57E-08,2884.78027,624.7543802,6188.576068,1.333333333,2,1.57E-08,0.393069819,0.393069819,,0.000136256,,0.000136256,3,4,1,3,2884.78027,624.7543802,7022.283125,0.333333333,1,5,1.57E-08,4.000000016,63515106.93
15481126.94,5013944.148,15484126.94,5013944.148,15484126.94,5010944.148,15481126.94,5010944.148,63515106.93,7.87E-09,7.87E-09,7641.797129,3820.898565,3820.898565,0,0,0,0.459710029,0.229855015,,6.02E-05,,6.02E-05,0.5,1,0.5,1,3820.898565,3820.898565,3820.898565,0,0,1,0,7.87E-09,31757553.47
15481126.94,5010944.148,15484126.94,5010944.148,15484126.94,5007944.148,15481126.94,5007944.148,63515106.93,0,0,0,0,0,0,0,0,0,0,,0,,0,0,0,0,0,0,0,0,0,0,0,0,0,0
15481126.94,5007944.148,15484126.94,5007944.148,15484126.94,5004944.148,15481126.94,5004944.148,63515106.93,0,0,0,8183.572459,8183.572459,0,0,0,0,1.054408336,,0.000128845,,0.000128845,0,1,0,1,8183.572459,8183.572459,8183.572459,0,0,0,0,0,0
15481126.94,5004944.148,15484126.94,5004944.148,15484126.94,5001944.148,15481126.94,5001944.148,63515106.93,0,0,0,8715.251627,8715.251627,0,0,0,0,1.195866851,,0.000137215,,0.000137215,0,1,0,1,8715.251627,8715.251627,8715.251627,0,0,0,0,0,0
15481126.94,5001944.148,15484126.94,5001944.148,15484126.94,4998944.148,15481126.94,4998944.148,63515106.93,0,0,0,4151.547203,4151.547203,0,0,0,0,0.271358186,,6.54E-05,,6.54E-05,0,1,0,1,4151.547203,4151.547203,4151.547203,0,0,0,0,0,0
15481126.94,4998944.148,15484126.94,4998944.148,15484126.94,4995944.148,15481126.94,4995944.148,63515106.93,0,0,0,0,0,0,0,0,0,0,,0,,0,0,0,0,0,0,0,0,0,0,0,0,0,0
15481126.94,4995944.148,15484126.94,4995944.148,15484126.94,4992944.148,15481126.94,4992944.148,63515106.93,0,0,0,0,0,0,0,0,0,0,,0,,0,0,0,0,0,0,0,0,0,0,0,0,0,0
15481126.94,4992944.148,15484126.94,4992944.148,15484126.94,4989944.148,15481126.94,4989944.148,63515106.93,0,0,0,0,0,0,0,0,0,0,,0,,0,0,0,0,0,0,0,0,0,0,0,0,0,0
15481126.94,4989944.148,15484126.94,4989944.148,15484126.94,4986944.148,15481126.94,4986944.148,63515106.93,7.87E-09,7.87E-09,7779.766814,3889.883407,3889.883407,0,0,0,0.476459654,0.238229827,,6.12E-05,,6.12E-05,0.5,1,0.5,1,3889.883407,3889.883407,3889.883407,0,0,1,0,7.87E-09,31757553.47
15481126.94,4986944.148,15484126.94,4986944.148,15484126.94,4983944.148,15481126.94,4983944.148,63515106.93,7.87E-09,7.87E-09,8570.345459,4285.17273,4285.17273,0,0,0,0.578215364,0.289107682,,6.75E-05,,6.75E-05,0.5,1,0.5,1,4285.17273,4285.17273,4285.17273,0,0,1,0,7.87E-09,31757553.47
15481126.94,4983944.148,15484126.94,4983944.148,15484126.94,4980944.148,15481126.94,4980944.148,63515106.93,7.87E-09,7.87E-09,3601.363715,1800.681858,1800.681858,0,0,0,0.102100282,0.051050141,,2.84E-05,,2.84E-05,0.5,1,0.5,1,1800.681858,1800.681858,1800.681858,0,0,1,0,7.87E-09,31757553.47
15481126.94,4980944.148,15484126.94,4980944.148,15484126.94,4977944.148,15481126.94,4977944.148,63515106.93,0,0,0,0,0,0,0,0,0,0,,0,,0,0,0,0,0,0,0,0,0,0,0,0,0,0
15481126.94,4977944.148,15484126.94,4977944.148,15484126.94,4974944.148,15481126.94,4974944.148,63515106.93,0,0,0,0,0,0,0,0,0,0,,0,,0,0,0,0,0,0,0,0,0,0,0,0,0,0
15481126.94,4974944.148,15484126.94,4974944.148,15484126.94,4971944.148,15481126.94,4971944.148,63515106.93,0,0,0,0,0,0,0,0,0,0,,0,,0,0,0,0,0,0,0,0,0,0,0,0,0,0
15481126.94,4971944.148,15484126.94,4971944.148,15484126.94,4968944.148,15481126.94,4968944.148,63515106.93,0,0,0,0,0,0,0,0,0,0,,0,,0,0,0,0,0,0,0,0,0,0,0,0,0,0
15481126.94,4968944.148,15484126.94,4968944.148,15484126.94,4965944.148,15481126.94,4965944.148,63515106.93,0,0,0,0,0,0,0,0,0,0,,0,,0,0,0,0,0,0,0,0,0,0,0,0,0,0
15481126.94,4965944.148,15484126.94,4965944.148,15484126.94,4962944.148,15481126.94,4962944.148,63515106.93,0,0,0,0,0,0,0,0,0,0,,0,,0,0,0,0,0,0,0,0,0,0,0,0,0,0
15481126.94,4962944.148,15484126.94,4962944.148,15484126.94,4959944.148,15481126.94,4959944.148,63515106.93,0,0,0,0,0,0,0,0,0,0,,0,,0,0,0,0,0,0,0,0,0,0,0,0,0,0
15481126.94,4959944.148,15484126.94,4959944.148,15484126.94,4956944.148,15481126.94,4956944.148,63515106.93,0,0,0,0,0,0,0,0,0,0,,0,,0,0,0,0,0,0,0,0,0,0,0,0,0,0
15481126.94,4956944.148,15484126.94,4956944.148,15484126.94,4953944.148,15481126.94,4953944.148,63515106.93,7.87E-09,7.87E-09,2745.106057,1372.553028,1372.553028,0,0,0,0.059321377,0.029660689,,2.16E-05,,2.16E-05,0.5,1,0.5,1,1372.553028,1372.553028,1372.553028,0,0,1,0,7.87E-09,31757553.47
15481126.94,4953944.148,15484126.94,4953944.148,15484126.94,4950944.148,15481126.94,4950944.148,63515106.93,7.87E-09,7.87E-09,3980.045744,1990.022872,1990.022872,0,0,0,0.124700759,0.06235038,,3.13E-05,,3.13E-05,0.5,1,0.5,1,1990.022872,1990.022872,1990.022872,0,0,1,0,7.87E-09,31757553.47
15481126.94,4950944.148,15484126.94,4950944.148,15484126.94,4947944.148,15481126.94,4947944.148,63515106.93,0,0,0,0,0,0,0,0,0,0,,0,,0,0,0,0,0,0,0,0,0,0,0,0,0,0
15481126.94,4947944.148,15484126.94,4947944.148,15484126.94,4944944.148,15481126.94,4944944.148,63515106.93,0,0,0,0,0,0,0,0,0,0,,0,,0,0,0,0,0,0,0,0,0,0,0,0,0,0
15481126.94,4944944.148,15484126.94,4944944.148,15484126.94,4941944.148,15481126.94,4941944.148,63515106.93,0,0,0,0,0,0,0,0,0,0,,0,,0,0,0,0,0,0,0,0,0,0,0,0,0,0
15484126.94,5088944.148,15487126.94,5088944.148,15487126.94,5085944.148,15484126.94,5085944.148,63515106.93,0,0,0,0,0,0,0,0,0,0,,0,,0,0,0,0,0,0,0,0,0,0,0,0,0,0
15484126.94,5085944.148,15487126.94,5085944.148,15487126.94,5082944.148,15484126.94,5082944.148,63515106.93,7.87E-09,7.87E-09,1828.095798,914.047899,914.047899,0,0,0,0.026308184,0.013154092,,1.44E-05,,1.44E-05,0.5,1,0.5,1,914.047899,914.047899,914.047899,0,0,1,0,7.87E-09,31757553.47
15484126.94,5082944.148,15487126.94,5082944.148,15487126.94,5079944.148,15484126.94,5079944.148,63515106.93,7.87E-09,7.87E-09,3199.304246,1599.652123,1599.652123,0,0,0,0.080575694,0.040287847,,2.52E-05,,2.52E-05,0.5,1,0.5,1,1599.652123,1599.652123,1599.652123,0,0,1,0,7.87E-09,31757553.47
15484126.94,5079944.148,15487126.94,5079944.148,15487126.94,5076944.148,15484126.94,5076944.148,63515106.93,0,0,0,0,0,0,0,0,0,0,,0,,0,0,0,0,0,0,0,0,0,0,0,0,0,0
15484126.94,5076944.148,15487126.94,5076944.148,15487126.94,5073944.148,15484126.94,5073944.148,63515106.93,7.87E-09,7.87E-09,42.52832871,21.26416436,21.26416436,0,0,0,1.42E-05,7.12E-06,,3.35E-07,,3.35E-07,0.5,1,0.5,1,21.26416436,21.26416436,21.26416436,0,0,1,0,7.87E-09,31757553.47
15484126.94,5073944.148,15487126.94,5073944.148,15487126.94,5070944.148,15484126.94,5070944.148,63515106.93,7.87E-09,7.87E-09,87.39563921,43.69781961,43.69781961,0,0,0,6.01E-05,3.01E-05,,6.88E-07,,6.88E-07,0.5,1,0.5,1,43.69781961,43.69781961,43.69781961,0,0,1,0,7.87E-09,31757553.47
15484126.94,5070944.148,15487126.94,5070944.148,15487126.94,5067944.148,15484126.94,5067944.148,63515106.93,0,0,0,0,0,0,0,0,0,0,,0,,0,0,0,0,0,0,0,0,0,0,0,0,0,0
15484126.94,5067944.148,15487126.94,5067944.148,15487126.94,5064944.148,15484126.94,5064944.148,63515106.93,7.87E-09,7.87E-09,5703.96198,2851.98099,2851.98099,0,0,0,0.256121605,0.128060803,,4.49E-05,,4.49E-05,0.5,1,0.5,1,2851.98099,2851.98099,2851.98099,0,0,1,0,7.87E-09,31757553.47
15484126.94,5064944.148,15487126.94,5064944.148,15487126.94,5061944.148,15484126.94,5061944.148,63515106.93,7.87E-09,7.87E-09,11523.40563,5761.702815,5761.702815,0,0,0,1.045333022,0.522666511,,9.07E-05,,9.07E-05,0.5,1,0.5,1,5761.702815,5761.702815,5761.702815,0,0,1,0,7.87E-09,31757553.47
15484126.94,5061944.148,15487126.94,5061944.148,15487126.94,5058944.148,15484126.94,5058944.148,63515106.93,7.87E-09,7.87E-09,13514.39029,6757.195144,6757.195144,0,0,0,1.437758304,0.718879152,,0.000106387,,0.000106387,0.5,1,0.5,1,6757.195144,6757.195144,6757.195144,0,0,1,0,7.87E-09,31757553.47
15484126.94,5058944.148,15487126.94,5058944.148,15487126.94,5055944.148,15484126.94,5055944.148,63515106.93,0,0,0,0,0,0,0,0,0,0,,0,,0,0,0,0,0,0,0,0,0,0,0,0,0,0
15484126.94,5055944.148,15487126.94,5055944.148,15487126.94,5052944.148,15484126.94,5052944.148,63515106.93,1.57E-08,1.57E-08,7133.262122,964.7508498,6168.511273,0,0,0,0.801123244,0.400561622,,0.000112308,,0.000112308,1,2,1,2,3566.631061,964.7508498,6168.511273,0,0,1,0,1.57E-08,63515106.93
15484126.94,5052944.148,15487126.94,5052944.148,15487126.94,5049944.148,15484126.94,5049944.148,63515106.93,7.87E-09,7.87E-09,15085.19077,7542.595387,7542.595387,0,0,0,1.79140831,0.895704155,,0.000118753,,0.000118753,0.5,1,0.5,1,7542.595387,7542.595387,7542.595387,0,0,1,0,7.87E-09,31757553.47
15484126.94,5049944.148,15487126.94,5049944.148,15487126.94,5046944.148,15484126.94,5046944.148,63515106.93,0,0,0,4694.778172,4694.778172,0,0,0,0,0.347018893,,7.39E-05,,7.39E-05,0,1,0,1,4694.778172,4694.778172,4694.778172,0,0,0,0,0,0
15484126.94,5046944.148,15487126.94,5046944.148,15487126.94,5043944.148,15484126.94,5043944.148,63515106.93,0,0,0,0,0,0,0,0,0,0,,0,,0,0,0,0,0,0,0,0,0,0,0,0,0,0
15484126.94,5043944.148,15487126.94,5043944.148,15487126.94,5040944.148,15484126.94,5040944.148,63515106.93,0,0,0,0,0,0,0,0,0,0,,0,,0,0,0,0,0,0,0,0,0,0,0,0,0,0
15484126.94,5040944.148,15487126.94,5040944.148,15487126.94,5037944.148,15484126.94,5037944.148,63515106.93,7.87E-09,7.87E-09,6831.499317,3415.749659,3415.749659,0,0,0,0.367388053,0.183694026,,5.38E-05,,5.38E-05,0.5,1,0.5,1,3415.749659,3415.749659,3415.749659,0,0,1,0,7.87E-09,31757553.47
15484126.94,5037944.148,15487126.94,5037944.148,15487126.94,5034944.148,15484126.94,5034944.148,63515106.93,1.57E-08,1.57E-08,9165.676865,3050.503909,6115.172956,0,0,0,1.322671667,0.661335834,,0.000144307,,0.000144307,1,2,1,2,4582.838433,3050.503909,6115.172956,0,0,1,0,1.57E-08,63515106.93
15484126.94,5034944.148,15487126.94,5034944.148,15487126.94,5031944.148,15484126.94,5031944.148,63515106.93,1.57E-08,1.57E-08,13108.61155,6438.721458,6669.890096,0,0,0,2.705430332,1.352715166,,0.000206386,,0.000206386,1,2,1,2,6554.305777,6438.721458,6669.890096,0,0,1,0,1.57E-08,63515106.93
15484126.94,5031944.148,15487126.94,5031944.148,15487126.94,5028944.148,15484126.94,5028944.148,63515106.93,7.87E-09,7.87E-09,14873.88867,7436.944335,7436.944335,0,0,0,1.741574366,0.870787183,,0.000117089,,0.000117089,0.5,1,0.5,1,7436.944335,7436.944335,7436.944335,0,0,1,0,7.87E-09,31757553.47
15484126.94,5028944.148,15487126.94,5028944.148,15487126.94,5025944.148,15484126.94,5025944.148,63515106.93,0,0,0,2510.666988,2510.666988,0,0,0,0,0.099243299,,3.95E-05,,3.95E-05,0,1,0,1,2510.666988,2510.666988,2510.666988,0,0,0,0,0,0
15484126.94,5025944.148,15487126.94,5025944.148,15487126.94,5022944.148,15484126.94,5022944.148,63515106.93,0,0,0,5226.962181,5226.962181,0,0,0,0,0.430151761,,8.23E-05,,8.23E-05,0,1,0,1,5226.962319,5226.962319,5226.962319,0,0,0,0,0,0
15484126.94,5022944.148,15487126.94,5022944.148,15487126.94,5019944.148,15484126.94,5019944.148,63515106.93,3.94E-08,7.87E-09,5955.040627,624.7543802,6959.772485,1.6,4,1.57E-08,1.395829692,1.16319141,,0.000234395,,0.000234395,2.5,4,0.5,3,4962.533856,624.7543802,8506.206866,0.4,2,5,1.57E-08,4.000000008,31757553.47
15484126.94,5019944.148,15487126.94,5019944.148,15487126.94,5016944.148,15484126.94,5016944.148,63515106.93,3.94E-08,7.87E-09,5988.310928,624.7543802,5459.003544,1.6,4,1.57E-08,1.411470023,1.176225019,,0.000235704,,0.000235704,2.5,4,0.5,3,4990.259106,624.7543802,8887.019396,0.4,2,5,1.57E-08,4.000000008,31757553.47
15484126.94,5016944.148,15487126.94,5016944.148,15487126.94,5013944.148,15484126.94,5013944.148,63515106.93,3.94E-08,7.87E-09,4176.482734,624.7543802,4832.346185,1.6,4,1.57E-08,0.686569261,0.572141051,,0.000164389,,0.000164389,2.5,4,0.5,3,3480.402278,624.7543802,6752.487599,0.4,2,5,1.57E-08,4.000000008,31757553.47
15484126.94,5013944.148,15487126.94,5013944.148,15487126.94,5010944.148,15484126.94,5010944.148,63515106.93,0,0,0,0,0,0,0,0,0,0,,0,,0,0,0,0,0,0,0,0,0,0,0,0,0,0
15484126.94,5010944.148,15487126.94,5010944.148,15487126.94,5007944.148,15484126.94,5007944.148,63515106.93,0,0,0,0,0,0,0,0,0,0,,0,,0,0,0,0,0,0,0,0,0,0,0,0,0,0
15484126.94,5007944.148,15487126.94,5007944.148,15487126.94,5004944.148,15484126.94,5004944.148,63515106.93,0,0,0,8462.421761,8462.421761,0,0,0,0,1.127488963,,0.000133235,,0.000133235,0,1,0,1,8462.421761,8462.421761,8462.421761,0,0,0,0,0,0
15484126.94,5004944.148,15487126.94,5004944.148,15487126.94,5001944.148,15484126.94,5001944.148,63515106.93,0,0,0,8528.584074,8528.584074,0,0,0,0,1.145188126,,0.000134276,,0.000134276,0,1,0,1,8528.584074,8528.584074,8528.584074,0,0,0,0,0,0
15484126.94,5001944.148,15487126.94,5001944.148,15487126.94,4998944.148,15484126.94,4998944.148,63515106.93,0,0,0,2828.14954,2828.14954,0,0,0,0,0.125929566,,4.45E-05,,4.45E-05,0,1,0,1,2828.14954,2828.14954,2828.14954,0,0,0,0,0,0
15484126.94,4998944.148,15487126.94,4998944.148,15487126.94,4995944.148,15484126.94,4995944.148,63515106.93,0,0,0,0,0,0,0,0,0,0,,0,,0,0,0,0,0,0,0,0,0,0,0,0,0,0
15484126.94,4995944.148,15487126.94,4995944.148,15487126.94,4992944.148,15484126.94,4992944.148,63515106.93,0,0,0,0,0,0,0,0,0,0,,0,,0,0,0,0,0,0,0,0,0,0,0,0,0,0
15484126.94,4992944.148,15487126.94,4992944.148,15487126.94,4989944.148,15484126.94,4989944.148,63515106.93,0,0,0,0,0,0,0,0,0,0,,0,,0,0,0,0,0,0,0,0,0,0,0,0,0,0
15484126.94,4989944.148,15487126.94,4989944.148,15487126.94,4986944.148,15484126.94,4986944.148,63515106.93,7.87E-09,7.87E-09,13738.68122,6869.340611,6869.340611,0,0,0,1.485877698,0.742938849,,0.000108153,,0.000108153,0.5,1,0.5,1,6869.340611,6869.340611,6869.340611,0,0,1,0,7.87E-09,31757553.47
15484126.94,4986944.148,15487126.94,4986944.148,15487126.94,4983944.148,15484126.94,4983944.148,63515106.93,7.87E-09,7.87E-09,14584.31356,7292.15678,7292.15678,0,0,0,1.674422136,0.837211068,,0.00011481,,0.00011481,0.5,1,0.5,1,7292.15678,7292.15678,7292.15678,0,0,1,0,7.87E-09,31757553.47
15484126.94,4983944.148,15487126.94,4983944.148,15487126.94,4980944.148,15484126.94,4980944.148,63515106.93,0,0,0,4060.689372,4060.689372,0,0,0,0,0.25961065,,6.39E-05,,6.39E-05,0,1,0,1,4060.689372,4060.689372,4060.689372,0,0,0,0,0,0
15484126.94,4980944.148,15487126.94,4980944.148,15487126.94,4977944.148,15484126.94,4977944.148,63515106.93,0,0,0,0,0,0,0,0,0,0,,0,,0,0,0,0,0,0,0,0,0,0,0,0,0,0
15484126.94,4977944.148,15487126.94,4977944.148,15487126.94,4974944.148,15484126.94,4974944.148,63515106.93,0,0,0,0,0,0,0,0,0,0,,0,,0,0,0,0,0,0,0,0,0,0,0,0,0,0
15484126.94,4974944.148,15487126.94,4974944.148,15487126.94,4971944.148,15484126.94,4971944.148,63515106.93,0,0,0,0,0,0,0,0,0,0,,0,,0,0,0,0,0,0,0,0,0,0,0,0,0,0
15484126.94,4971944.148,15487126.94,4971944.148,15487126.94,4968944.148,15484126.94,4968944.148,63515106.93,0,0,0,0,0,0,0,0,0,0,,0,,0,0,0,0,0,0,0,0,0,0,0,0,0,0
15484126.94,4968944.148,15487126.94,4968944.148,15487126.94,4965944.148,15484126.94,4965944.148,63515106.93,0,0,0,0,0,0,0,0,0,0,,0,,0,0,0,0,0,0,0,0,0,0,0,0,0,0
15484126.94,4965944.148,15487126.94,4965944.148,15487126.94,4962944.148,15484126.94,4962944.148,63515106.93,0,0,0,0,0,0,0,0,0,0,,0,,0,0,0,0,0,0,0,0,0,0,0,0,0,0
15484126.94,4962944.148,15487126.94,4962944.148,15487126.94,4959944.148,15484126.94,4959944.148,63515106.93,0,0,0,0,0,0,0,0,0,0,,0,,0,0,0,0,0,0,0,0,0,0,0,0,0,0
15484126.94,4959944.148,15487126.94,4959944.148,15487126.94,4956944.148,15484126.94,4956944.148,63515106.93,0,0,0,0,0,0,0,0,0,0,,0,,0,0,0,0,0,0,0,0,0,0,0,0,0,0
15484126.94,4956944.148,15487126.94,4956944.148,15487126.94,4953944.148,15484126.94,4953944.148,63515106.93,0,0,0,0,0,0,0,0,0,0,,0,,0,0,0,0,0,0,0,0,0,0,0,0,0,0
15484126.94,4953944.148,15487126.94,4953944.148,15487126.94,4950944.148,15484126.94,4950944.148,63515106.93,0,0,0,0,0,0,0,0,0,0,,0,,0,0,0,0,0,0,0,0,0,0,0,0,0,0
15484126.94,4950944.148,15487126.94,4950944.148,15487126.94,4947944.148,15484126.94,4947944.148,63515106.93,0,0,0,0,0,0,0,0,0,0,,0,,0,0,0,0,0,0,0,0,0,0,0,0,0,0
15484126.94,4947944.148,15487126.94,4947944.148,15487126.94,4944944.148,15484126.94,4944944.148,63515106.93,0,0,0,0,0,0,0,0,0,0,,0,,0,0,0,0,0,0,0,0,0,0,0,0,0,0
15484126.94,4944944.148,15487126.94,4944944.148,15487126.94,4941944.148,15484126.94,4941944.148,63515106.93,0,0,0,0,0,0,0,0,0,0,,0,,0,0,0,0,0,0,0,0,0,0,0,0,0,0
15487126.94,5088944.148,15490126.94,5088944.148,15490126.94,5085944.148,15487126.94,5085944.148,63515106.93,0,0,0,0,0,0,0,0,0,0,,0,,0,0,0,0,0,0,0,0,0,0,0,0,0,0
15487126.94,5085944.148,15490126.94,5085944.148,15490126.94,5082944.148,15487126.94,5082944.148,63515106.93,7.87E-09,7.87E-09,6818.099427,3409.049713,3409.049713,0,0,0,0.365948213,0.182974107,,5.37E-05,,5.37E-05,0.5,1,0.5,1,3409.049713,3409.049713,3409.049713,0,0,1,0,7.87E-09,31757553.47
15487126.94,5082944.148,15490126.94,5082944.148,15490126.94,5079944.148,15487126.94,5079944.148,63515106.93,7.87E-09,7.87E-09,9534.983801,4767.491901,4767.491901,0,0,0,0.715703086,0.357851543,,7.51E-05,,7.51E-05,0.5,1,0.5,1,4767.491901,4767.491901,4767.491901,0,0,1,0,7.87E-09,31757553.47
15487126.94,5079944.148,15490126.94,5079944.148,15490126.94,5076944.148,15487126.94,5076944.148,63515106.93,7.87E-09,7.87E-09,7813.531884,3906.765942,3906.765942,0,0,0,0.480604406,0.240302203,,6.15E-05,,6.15E-05,0.5,1,0.5,1,3906.765942,3906.765942,3906.765942,0,0,1,0,7.87E-09,31757553.47
15487126.94,5076944.148,15490126.94,5076944.148,15490126.94,5073944.148,15487126.94,5073944.148,63515106.93,7.87E-09,7.87E-09,5344.791177,2672.395588,2672.395588,0,0,0,0.224881875,0.112440938,,4.21E-05,,4.21E-05,0.5,1,0.5,1,2672.395588,2672.395588,2672.395588,0,0,1,0,7.87E-09,31757553.47
15487126.94,5073944.148,15490126.94,5073944.148,15490126.94,5070944.148,15487126.94,5070944.148,63515106.93,7.87E-09,7.87E-09,7273.399641,3636.69982,3636.69982,0,0,0,0.4164548,0.2082274,,5.73E-05,,5.73E-05,0.5,1,0.5,1,3636.69982,3636.69982,3636.69982,0,0,1,0,7.87E-09,31757553.47
15487126.94,5070944.148,15490126.94,5070944.148,15490126.94,5067944.148,15487126.94,5067944.148,63515106.93,0,0,0,0,0,0,0,0,0,0,,0,,0,0,0,0,0,0,0,0,0,0,0,0,0,0
15487126.94,5067944.148,15490126.94,5067944.148,15490126.94,5064944.148,15487126.94,5064944.148,63515106.93,0,0,0,0,0,0,0,0,0,0,,0,,0,0,0,0,0,0,0,0,0,0,0,0,0,0
15487126.94,5064944.148,15490126.94,5064944.148,15490126.94,5061944.148,15487126.94,5061944.148,63515106.93,0,0,0,7862.491055,7862.491055,0,0,0,0,0.973292317,,0.000123789,,0.000123789,0,1,0,1,7862.491055,7862.491055,7862.491055,0,0,0,0,0,0
15487126.94,5061944.148,15490126.94,5061944.148,15490126.94,5058944.148,15487126.94,5058944.148,63515106.93,0,0,0,8960.896031,8960.896031,0,0,0,0,1.264229276,,0.000141083,,0.000141083,0,1,0,1,8960.896031,8960.896031,8960.896031,0,0,0,0,0,0
15487126.94,5058944.148,15490126.94,5058944.148,15490126.94,5055944.148,15487126.94,5055944.148,63515106.93,1.57E-08,1.57E-08,9452.137038,1173.487833,6452.690776,0,0,0,1.406640072,0.468880024,,0.000148817,,0.000148817,1,3,1,3,3150.712346,1173.487833,6452.690776,0,0,1,0,1.57E-08,63515106.93
15487126.94,5055944.148,15490126.94,5055944.148,15490126.94,5052944.148,15487126.94,5052944.148,63515106.93,1.57E-08,1.57E-08,11700.27244,1074.010266,6717.702763,0,0,0,2.155335663,0.718445221,,0.000184212,,0.000184212,1,3,1,3,3900.090813,1074.010266,6717.702763,0,0,1,0,1.57E-08,63515106.93
15487126.94,5052944.148,15490126.94,5052944.148,15490126.94,5049944.148,15487126.94,5049944.148,63515106.93,1.57E-08,1.57E-08,12409.14055,4225.855811,8183.284739,0,0,0,2.424411713,1.212205856,,0.000195373,,0.000195373,1,2,1,2,6204.570275,4225.855811,8183.284739,0,0,1,0,1.57E-08,63515106.93
15487126.94,5049944.148,15490126.94,5049944.148,15490126.94,5046944.148,15487126.94,5046944.148,63515106.93,7.87E-09,7.87E-09,12091.13545,6045.567726,6045.567726,0,0,0,1.150872316,0.575436158,,9.52E-05,,9.52E-05,0.5,1,0.5,1,6045.567726,6045.567726,6045.567726,0,0,1,0,7.87E-09,31757553.47
15487126.94,5046944.148,15490126.94,5046944.148,15490126.94,5043944.148,15487126.94,5043944.148,63515106.93,0,0,0,0,0,0,0,0,0,0,,0,,0,0,0,0,0,0,0,0,0,0,0,0,0,0
15487126.94,5043944.148,15490126.94,5043944.148,15490126.94,5040944.148,15487126.94,5040944.148,63515106.93,0,0,0,0,0,0,0,0,0,0,,0,,0,0,0,0,0,0,0,0,0,0,0,0,0,0
15487126.94,5040944.148,15490126.94,5040944.148,15490126.94,5037944.148,15487126.94,5037944.148,63515106.93,7.87E-09,7.87E-09,3057.444202,1528.722101,1528.722101,0,0,0,0.073588517,0.036794258,,2.41E-05,,2.41E-05,0.5,1,0.5,1,1528.722101,1528.722101,1528.722101,0,0,1,0,7.87E-09,31757553.47
15487126.94,5037944.148,15490126.94,5037944.148,15490126.94,5034944.148,15487126.94,5034944.148,63515106.93,1.57E-08,1.57E-08,5002.090252,1669.023595,3333.066657,0,0,0,0.393936311,0.196968155,,7.88E-05,,7.88E-05,1,2,1,2,2501.045126,1669.023595,3333.066657,0,0,1,0,1.57E-08,63515106.93
15487126.94,5034944.148,15490126.94,5034944.148,15490126.94,5031944.148,15487126.94,5031944.148,63515106.93,1.57E-08,1.57E-08,6946.131164,3118.057861,3828.073303,0,0,0,0.759641926,0.379820963,,0.000109362,,0.000109362,1,2,1,2,3473.065582,3118.057861,3828.073303,0,0,1,0,1.57E-08,63515106.93
15487126.94,5031944.148,15490126.94,5031944.148,15490126.94,5028944.148,15487126.94,5028944.148,63515106.93,7.87E-09,7.87E-09,8146.340869,4073.170435,4073.170435,0,0,0,0.522417994,0.261208997,,6.41E-05,,6.41E-05,0.5,1,0.5,1,4073.170435,4073.170435,4073.170435,0,0,1,0,7.87E-09,31757553.47
15487126.94,5028944.148,15490126.94,5028944.148,15490126.94,5025944.148,15487126.94,5025944.148,63515106.93,0,0,0,3396.074575,3396.074575,0,0,0,0,0.181583927,,5.35E-05,,5.35E-05,0,1,0,1,3396.074575,3396.074575,3396.074575,0,0,0,0,0,0
15487126.94,5025944.148,15490126.94,5025944.148,15490126.94,5022944.148,15487126.94,5022944.148,63515106.93,0,0,0,2832.066022,8198.664074,0,0,0,0,0.957858786,,0.000173671,,0.000173671,0,2,0,2,5515.365048,2832.066022,8198.664074,0,0,0,0,0,0
15487126.94,5022944.148,15490126.94,5022944.148,15490126.94,5019944.148,15487126.94,5019944.148,63515106.93,0,0,0,8536.739939,8968.659599,0,0,0,0,2.412331697,,0.00027561,,0.00027561,0,2,0,2,8752.699746,8536.739939,8968.659552,0,0,0,0,0,0
15487126.94,5019944.148,15490126.94,5019944.148,15490126.94,5016944.148,15487126.94,5016944.148,63515106.93,3.15E-08,0,7782.499711,422.7025436,8100.365152,2,0,1.57E-08,1.907177825,1.271451883,,0.00024506,,0.00024506,2,4,0,3,5188.333141,422.7025436,8100.365152,0.5,0,0,1.57E-08,4,0
15487126.94,5016944.148,15490126.94,5016944.148,15490126.94,5013944.148,15487126.94,5013944.148,63515106.93,0,0,0,2772.21651,2772.21651,0,0,0,0,0.12099774,,4.36E-05,,4.36E-05,0,1,0,1,2772.21651,2772.21651,2772.21651,0,0,0,0,0,0
15487126.94,5013944.148,15490126.94,5013944.148,15490126.94,5010944.148,15487126.94,5010944.148,63515106.93,0,0,0,0,0,0,0,0,0,0,,0,,0,0,0,0,0,0,0,0,0,0,0,0,0,0
15487126.94,5010944.148,15490126.94,5010944.148,15490126.94,5007944.148,15487126.94,5007944.148,63515106.93,7.87E-09,7.87E-09,6147.039097,3073.519548,3073.519548,0,0,0,0.297457499,0.148728749,,4.84E-05,,4.84E-05,0.5,1,0.5,1,3073.519548,3073.519548,3073.519548,0,0,1,0,7.87E-09,31757553.47
15487126.94,5007944.148,15490126.94,5007944.148,15490126.94,5004944.148,15487126.94,5004944.148,63515106.93,7.87E-09,7.87E-09,12307.79557,6153.897787,6153.897787,0,0,0,1.192486632,0.596243316,,9.69E-05,,9.69E-05,0.5,1,0.5,1,6153.897787,6153.897787,6153.897787,0,0,1,0,7.87E-09,31757553.47
15487126.94,5004944.148,15490126.94,5004944.148,15490126.94,5001944.148,15487126.94,5001944.148,63515106.93,7.87E-09,7.87E-09,12821.80196,6410.900982,6410.900982,0,0,0,1.294169321,0.64708466,,0.000100935,,0.000100935,0.5,1,0.5,1,6410.900982,6410.900982,6410.900982,0,0,1,0,7.87E-09,31757553.47
15487126.94,5001944.148,15490126.94,5001944.148,15490126.94,4998944.148,15487126.94,4998944.148,63515106.93,0,0,0,0,0,0,0,0,0,0,,0,,0,0,0,0,0,0,0,0,0,0,0,0,0,0
15487126.94,4998944.148,15490126.94,4998944.148,15490126.94,4995944.148,15487126.94,4995944.148,63515106.93,0,0,0,0,0,0,0,0,0,0,,0,,0,0,0,0,0,0,0,0,0,0,0,0,0,0
15487126.94,4995944.148,15490126.94,4995944.148,15490126.94,4992944.148,15487126.94,4992944.148,63515106.93,0,0,0,0,0,0,0,0,0,0,,0,,0,0,0,0,0,0,0,0,0,0,0,0,0,0
15487126.94,4992944.148,15490126.94,4992944.148,15490126.94,4989944.148,15487126.94,4989944.148,63515106.93,0,0,0,0,0,0,0,0,0,0,,0,,0,0,0,0,0,0,0,0,0,0,0,0,0,0
15487126.94,4989944.148,15490126.94,4989944.148,15490126.94,4986944.148,15487126.94,4986944.148,63515106.93,0,0,0,8308.791569,8308.791569,0,0,0,0,1.086922792,,0.000130816,,0.000130816,0,1,0,1,8308.791569,8308.791569,8308.791569,0,0,0,0,0,0
15487126.94,4986944.148,15490126.94,4986944.148,15490126.94,4983944.148,15487126.94,4983944.148,63515106.93,0,0,0,8683.123635,8683.123635,0,0,0,0,1.187066191,,0.00013671,,0.00013671,0,1,0,1,8683.123635,8683.123635,8683.123635,0,0,0,0,0,0
15487126.94,4983944.148,15490126.94,4983944.148,15490126.94,4980944.148,15487126.94,4980944.148,63515106.93,0,0,0,4212.069089,4212.069089,0,0,0,0,0.279327657,,6.63E-05,,6.63E-05,0,1,0,1,4212.069089,4212.069089,4212.069089,0,0,0,0,0,0
15487126.94,4980944.148,15490126.94,4980944.148,15490126.94,4977944.148,15487126.94,4977944.148,63515106.93,0,0,0,0,0,0,0,0,0,0,,0,,0,0,0,0,0,0,0,0,0,0,0,0,0,0
15487126.94,4977944.148,15490126.94,4977944.148,15490126.94,4974944.148,15487126.94,4974944.148,63515106.93,0,0,0,0,0,0,0,0,0,0,,0,,0,0,0,0,0,0,0,0,0,0,0,0,0,0
15487126.94,4974944.148,15490126.94,4974944.148,15490126.94,4971944.148,15487126.94,4971944.148,63515106.93,0,0,0,0,0,0,0,0,0,0,,0,,0,0,0,0,0,0,0,0,0,0,0,0,0,0
15487126.94,4971944.148,15490126.94,4971944.148,15490126.94,4968944.148,15487126.94,4968944.148,63515106.93,0,0,0,0,0,0,0,0,0,0,,0,,0,0,0,0,0,0,0,0,0,0,0,0,0,0
15487126.94,4968944.148,15490126.94,4968944.148,15490126.94,4965944.148,15487126.94,4965944.148,63515106.93,0,0,0,0,0,0,0,0,0,0,,0,,0,0,0,0,0,0,0,0,0,0,0,0,0,0
15487126.94,4965944.148,15490126.94,4965944.148,15490126.94,4962944.148,15487126.94,4962944.148,63515106.93,0,0,0,0,0,0,0,0,0,0,,0,,0,0,0,0,0,0,0,0,0,0,0,0,0,0
15487126.94,4962944.148,15490126.94,4962944.148,15490126.94,4959944.148,15487126.94,4959944.148,63515106.93,0,0,0,0,0,0,0,0,0,0,,0,,0,0,0,0,0,0,0,0,0,0,0,0,0,0
15487126.94,4959944.148,15490126.94,4959944.148,15490126.94,4956944.148,15487126.94,4956944.148,63515106.93,0,0,0,0,0,0,0,0,0,0,,0,,0,0,0,0,0,0,0,0,0,0,0,0,0,0
15487126.94,4956944.148,15490126.94,4956944.148,15490126.94,4953944.148,15487126.94,4953944.148,63515106.93,0,0,0,0,0,0,0,0,0,0,,0,,0,0,0,0,0,0,0,0,0,0,0,0,0,0
15487126.94,4953944.148,15490126.94,4953944.148,15490126.94,4950944.148,15487126.94,4950944.148,63515106.93,0,0,0,0,0,0,0,0,0,0,,0,,0,0,0,0,0,0,0,0,0,0,0,0,0,0
15487126.94,4950944.148,15490126.94,4950944.148,15490126.94,4947944.148,15487126.94,4947944.148,63515106.93,0,0,0,0,0,0,0,0,0,0,,0,,0,0,0,0,0,0,0,0,0,0,0,0,0,0
15487126.94,4947944.148,15490126.94,4947944.148,15490126.94,4944944.148,15487126.94,4944944.148,63515106.93,0,0,0,0,0,0,0,0,0,0,,0,,0,0,0,0,0,0,0,0,0,0,0,0,0,0
15487126.94,4944944.148,15490126.94,4944944.148,15490126.94,4941944.148,15487126.94,4941944.148,63515106.93,0,0,0,0,0,0,0,0,0,0,,0,,0,0,0,0,0,0,0,0,0,0,0,0,0,0
15490126.94,5088944.148,15493126.94,5088944.148,15493126.94,5085944.148,15490126.94,5085944.148,63515106.93,7.87E-09,7.87E-09,2820.056435,1410.028218,1410.028218,0,0,0,0.062604935,0.031302468,,2.22E-05,,2.22E-05,0.5,1,0.5,1,1410.028218,1410.028218,1410.028218,0,0,1,0,7.87E-09,31757553.47
15490126.94,5085944.148,15493126.94,5085944.148,15493126.94,5082944.148,15490126.94,5082944.148,63515106.93,1.57E-08,1.57E-08,8597.888168,3107.391916,5490.496252,0,0,0,1.163875565,0.581937782,,0.000135368,,0.000135368,1,2,1,2,4298.944084,3107.391916,5490.496252,0,0,1,0,1.57E-08,63515106.93
15490126.94,5082944.148,15493126.94,5082944.148,15493126.94,5079944.148,15490126.94,5079944.148,63515106.93,1.57E-08,1.57E-08,10578.46337,2914.883019,7663.580353,0,0,0,1.761846791,0.880923395,,0.00016655,,0.00016655,1,2,1,2,5289.231686,2914.883019,7663.580353,0,0,1,0,1.57E-08,63515106.93
15490126.94,5079944.148,15493126.94,5079944.148,15493126.94,5076944.148,15490126.94,5076944.148,63515106.93,0,0,0,7480.33379,7480.33379,0,0,0,0,0.880977712,,0.000117773,,0.000117773,0,1,0,1,7480.33379,7480.33379,7480.33379,0,0,0,0,0,0
15490126.94,5076944.148,15493126.94,5076944.148,15493126.94,5073944.148,15490126.94,5073944.148,63515106.93,7.87E-09,7.87E-09,9847.536765,4923.768382,4923.768382,0,0,0,0.763393034,0.381696517,,7.75E-05,,7.75E-05,0.5,1,0.5,1,4923.768382,4923.768382,4923.768382,0,0,1,0,7.87E-09,31757553.47
15490126.94,5073944.148,15493126.94,5073944.148,15493126.94,5070944.148,15490126.94,5070944.148,63515106.93,7.87E-09,7.87E-09,13430.51111,6715.255555,6715.255555,0,0,0,1.419966346,0.709983173,,0.000105727,,0.000105727,0.5,1,0.5,1,6715.255555,6715.255555,6715.255555,0,0,1,0,7.87E-09,31757553.47
15490126.94,5070944.148,15493126.94,5070944.148,15493126.94,5067944.148,15490126.94,5067944.148,63515106.93,7.87E-09,7.87E-09,15614.68457,1655.808689,6151.533598,0,0,0,1.919373092,0.479843273,,0.000122921,,0.000122921,0.5,2,0.5,2,3903.671144,1655.808689,6151.533598,0,0,1,0,7.87E-09,31757553.47
15490126.94,5067944.148,15493126.94,5067944.148,15493126.94,5064944.148,15490126.94,5064944.148,63515106.93,7.87E-09,7.87E-09,5482.485567,2741.242783,2741.242783,0,0,0,0.236618101,0.118309051,,4.32E-05,,4.32E-05,0.5,1,0.5,1,2741.242783,2741.242783,2741.242783,0,0,1,0,7.87E-09,31757553.47
15490126.94,5064944.148,15493126.94,5064944.148,15493126.94,5061944.148,15490126.94,5061944.148,63515106.93,0,0,0,5545.12783,5545.12783,0,0,0,0,0.484112271,,8.73E-05,,8.73E-05,0,1,0,1,5545.12783,5545.12783,5545.12783,0,0,0,0,0,0
15490126.94,5061944.148,15493126.94,5061944.148,15493126.94,5058944.148,15490126.94,5058944.148,63515106.93,7.87E-09,7.87E-09,19692.76907,1049.1261,8797.258436,0,0,0,3.052857599,0.7632144,,0.000155024,,0.000155024,0.5,2,0.5,2,4923.192268,1049.1261,8797.258436,0,0,1,0,7.87E-09,31757553.47
15490126.94,5058944.148,15493126.94,5058944.148,15493126.94,5055944.148,15490126.94,5055944.148,63515106.93,1.57E-08,1.57E-08,15363.08183,3190.693042,8299.147133,0,0,0,3.716033784,1.238677928,,0.000241881,,0.000241881,1,3,1,3,5121.027275,3190.693042,8299.147133,0,0,1,0,1.57E-08,63515106.93
15490126.94,5055944.148,15493126.94,5055944.148,15493126.94,5052944.148,15490126.94,5052944.148,63515106.93,1.57E-08,1.57E-08,16998.95359,2534.078524,6411.403652,0,0,0,4.549538483,1.137384621,,0.000267636,,0.000267636,1,4,1,4,4249.738398,2534.078524,6411.403652,0,0,1,0,1.57E-08,63515106.93
15490126.94,5052944.148,15493126.94,5052944.148,15493126.94,5049944.148,15490126.94,5049944.148,63515106.93,1.57E-08,1.57E-08,13025.03174,5280.962834,7744.068905,0,0,0,2.671040954,1.335520477,,0.00020507,,0.00020507,1,2,1,2,6512.515869,5280.962834,7744.068905,0,0,1,0,1.57E-08,63515106.93
15490126.94,5049944.148,15493126.94,5049944.148,15493126.94,5046944.148,15490126.94,5046944.148,63515106.93,7.87E-09,7.87E-09,14608.68755,3374.69935,3929.644423,0,0,0,1.680023558,0.420005889,,0.000115002,,0.000115002,0.5,2,0.5,2,3652.171886,3374.69935,3929.644423,0,0,1,0,7.87E-09,31757553.47
15490126.94,5046944.148,15493126.94,5046944.148,15493126.94,5043944.148,15490126.94,5043944.148,63515106.93,7.87E-09,7.87E-09,1638.055999,819.0279994,819.0279994,0,0,0,0.02112275,0.010561375,,1.29E-05,,1.29E-05,0.5,1,0.5,1,819.0279994,819.0279994,819.0279994,0,0,1,0,7.87E-09,31757553.47
15490126.94,5043944.148,15493126.94,5043944.148,15493126.94,5040944.148,15490126.94,5040944.148,63515106.93,0,0,0,0,0,0,0,0,0,0,,0,,0,0,0,0,0,0,0,0,0,0,0,0,0,0
15490126.94,5040944.148,15493126.94,5040944.148,15493126.94,5037944.148,15490126.94,5037944.148,63515106.93,0,0,0,0,0,0,0,0,0,0,,0,,0,0,0,0,0,0,0,0,0,0,0,0,0,0
15490126.94,5037944.148,15493126.94,5037944.148,15493126.94,5034944.148,15490126.94,5034944.148,63515106.93,7.87E-09,7.87E-09,629.5913454,314.7956727,314.7956727,0,0,0,0.003120401,0.001560201,,4.96E-06,,4.96E-06,0.5,1,0.5,1,314.7956727,314.7956727,314.7956727,0,0,1,0,7.87E-09,31757553.47
15490126.94,5034944.148,15493126.94,5034944.148,15493126.94,5031944.148,15490126.94,5031944.148,63515106.93,1.57E-08,1.57E-08,1375.635522,450.0097613,925.6257602,0,0,0,0.029794063,0.014897031,,2.17E-05,,2.17E-05,1,2,1,2,687.8177608,450.0097613,925.6257602,0,0,1,0,1.57E-08,63515106.93
15490126.94,5031944.148,15493126.94,5031944.148,15493126.94,5028944.148,15490126.94,5028944.148,63515106.93,7.87E-09,7.87E-09,114.47156,57.23577999,57.23577999,0,0,0,0.000103154,5.16E-05,,9.01E-07,,9.01E-07,0.5,1,0.5,1,57.23577999,57.23577999,57.23577999,0,0,1,0,7.87E-09,31757553.47
15490126.94,5028944.148,15493126.94,5028944.148,15493126.94,5025944.148,15490126.94,5025944.148,63515106.93,0,0,0,7582.996829,7582.996829,0,0,0,0,0.905325421,,0.000119389,,0.000119389,0,1,0,1,7582.996829,7582.996829,7582.996829,0,0,0,0,0,0
15490126.94,5025944.148,15493126.94,5025944.148,15493126.94,5022944.148,15490126.94,5022944.148,63515106.93,0,0,0,6075.671302,8992.717476,0,0,0,0,1.787419965,,0.000237241,,0.000237241,0,2,0,2,7534.194389,6075.671302,8992.717476,0,0,0,0,0,0
15490126.94,5022944.148,15493126.94,5022944.148,15493126.94,5019944.148,15490126.94,5019944.148,63515106.93,0,0,0,7663.098202,8945.372911,0,0,0,0,2.17146224,,0.000261489,,0.000261489,0,2,0,2,8304.235556,7663.098202,8945.372911,0,0,0,0,0,0
15490126.94,5019944.148,15493126.94,5019944.148,15493126.94,5016944.148,15490126.94,5016944.148,63515106.93,0,0,0,7642.057077,7642.057077,0,0,0,0,0.919482611,,0.000120319,,0.000120319,0,1,0,1,7642.057077,7642.057077,7642.057077,0,0,0,0,0,0
15490126.94,5016944.148,15493126.94,5016944.148,15493126.94,5013944.148,15490126.94,5013944.148,63515106.93,0,0,0,0,0,0,0,0,0,0,,0,,0,0,0,0,0,0,0,0,0,0,0,0,0,0
15490126.94,5013944.148,15493126.94,5013944.148,15493126.94,5010944.148,15490126.94,5010944.148,63515106.93,0,0,0,0,0,0,0,0,0,0,,0,,0,0,0,0,0,0,0,0,0,0,0,0,0,0
15490126.94,5010944.148,15493126.94,5010944.148,15493126.94,5007944.148,15490126.94,5007944.148,63515106.93,7.87E-09,7.87E-09,2052.238637,1026.119319,1026.119319,0,0,0,0.033154974,0.016577487,,1.62E-05,,1.62E-05,0.5,1,0.5,1,1026.119319,1026.119319,1026.119319,0,0,1,0,7.87E-09,31757553.47
15490126.94,5007944.148,15493126.94,5007944.148,15493126.94,5004944.148,15490126.94,5004944.148,63515106.93,7.87E-09,7.87E-09,6581.63239,3290.816195,3290.816195,0,0,0,0.341004582,0.170502291,,5.18E-05,,5.18E-05,0.5,1,0.5,1,3290.816195,3290.816195,3290.816195,0,0,1,0,7.87E-09,31757553.47
15490126.94,5004944.148,15493126.94,5004944.148,15493126.94,5001944.148,15490126.94,5001944.148,63515106.93,7.87E-09,7.87E-09,6437.59947,3218.799735,3218.799735,0,0,0,0.326242755,0.163121378,,5.07E-05,,5.07E-05,0.5,1,0.5,1,3218.799735,3218.799735,3218.799735,0,0,1,0,7.87E-09,31757553.47
15490126.94,5001944.148,15493126.94,5001944.148,15493126.94,4998944.148,15490126.94,4998944.148,63515106.93,0,0,0,0,0,0,0,0,0,0,,0,,0,0,0,0,0,0,0,0,0,0,0,0,0,0
15490126.94,4998944.148,15493126.94,4998944.148,15493126.94,4995944.148,15490126.94,4995944.148,63515106.93,0,0,0,0,0,0,0,0,0,0,,0,,0,0,0,0,0,0,0,0,0,0,0,0,0,0
15490126.94,4995944.148,15493126.94,4995944.148,15493126.94,4992944.148,15490126.94,4992944.148,63515106.93,0,0,0,0,0,0,0,0,0,0,,0,,0,0,0,0,0,0,0,0,0,0,0,0,0,0
15490126.94,4992944.148,15493126.94,4992944.148,15493126.94,4989944.148,15490126.94,4989944.148,63515106.93,0,0,0,0,0,0,0,0,0,0,,0,,0,0,0,0,0,0,0,0,0,0,0,0,0,0
15490126.94,4989944.148,15493126.94,4989944.148,15493126.94,4986944.148,15490126.94,4986944.148,63515106.93,7.87E-09,7.87E-09,14077.87018,7038.935088,7038.935088,0,0,0,1.560151893,0.780075947,,0.000110823,,0.000110823,0.5,1,0.5,1,7038.935088,7038.935088,7038.935088,0,0,1,0,7.87E-09,31757553.47
15490126.94,4986944.148,15493126.94,4986944.148,15493126.94,4983944.148,15490126.94,4983944.148,63515106.93,7.87E-09,7.87E-09,14916.86596,7458.43298,7458.43298,0,0,0,1.751653274,0.875826637,,0.000117428,,0.000117428,0.5,1,0.5,1,7458.43298,7458.43298,7458.43298,0,0,1,0,7.87E-09,31757553.47
15490126.94,4983944.148,15493126.94,4983944.148,15493126.94,4980944.148,15490126.94,4980944.148,63515106.93,0,0,0,3309.393793,3309.393793,0,0,0,0,0.172432793,,5.21E-05,,5.21E-05,0,1,0,1,3309.393793,3309.393793,3309.393793,0,0,0,0,0,0
15490126.94,4980944.148,15493126.94,4980944.148,15493126.94,4977944.148,15490126.94,4977944.148,63515106.93,0,0,0,0,0,0,0,0,0,0,,0,,0,0,0,0,0,0,0,0,0,0,0,0,0,0
15490126.94,4977944.148,15493126.94,4977944.148,15493126.94,4974944.148,15490126.94,4974944.148,63515106.93,0,0,0,0,0,0,0,0,0,0,,0,,0,0,0,0,0,0,0,0,0,0,0,0,0,0
15490126.94,4974944.148,15493126.94,4974944.148,15493126.94,4971944.148,15490126.94,4971944.148,63515106.93,0,0,0,0,0,0,0,0,0,0,,0,,0,0,0,0,0,0,0,0,0,0,0,0,0,0
15490126.94,4971944.148,15493126.94,4971944.148,15493126.94,4968944.148,15490126.94,4968944.148,63515106.93,0,0,0,0,0,0,0,0,0,0,,0,,0,0,0,0,0,0,0,0,0,0,0,0,0,0
15490126.94,4968944.148,15493126.94,4968944.148,15493126.94,4965944.148,15490126.94,4965944.148,63515106.93,0,0,0,0,0,0,0,0,0,0,,0,,0,0,0,0,0,0,0,0,0,0,0,0,0,0
15490126.94,4965944.148,15493126.94,4965944.148,15493126.94,4962944.148,15490126.94,4962944.148,63515106.93,0,0,0,0,0,0,0,0,0,0,,0,,0,0,0,0,0,0,0,0,0,0,0,0,0,0
15490126.94,4962944.148,15493126.94,4962944.148,15493126.94,4959944.148,15490126.94,4959944.148,63515106.93,0,0,0,0,0,0,0,0,0,0,,0,,0,0,0,0,0,0,0,0,0,0,0,0,0,0
15490126.94,4959944.148,15493126.94,4959944.148,15493126.94,4956944.148,15490126.94,4956944.148,63515106.93,0,0,0,0,0,0,0,0,0,0,,0,,0,0,0,0,0,0,0,0,0,0,0,0,0,0
15490126.94,4956944.148,15493126.94,4956944.148,15493126.94,4953944.148,15490126.94,4953944.148,63515106.93,0,0,0,0,0,0,0,0,0,0,,0,,0,0,0,0,0,0,0,0,0,0,0,0,0,0
15490126.94,4953944.148,15493126.94,4953944.148,15493126.94,4950944.148,15490126.94,4950944.148,63515106.93,0,0,0,0,0,0,0,0,0,0,,0,,0,0,0,0,0,0,0,0,0,0,0,0,0,0
15490126.94,4950944.148,15493126.94,4950944.148,15493126.94,4947944.148,15490126.94,4947944.148,63515106.93,0,0,0,0,0,0,0,0,0,0,,0,,0,0,0,0,0,0,0,0,0,0,0,0,0,0
15490126.94,4947944.148,15493126.94,4947944.148,15493126.94,4944944.148,15490126.94,4944944.148,63515106.93,0,0,0,0,0,0,0,0,0,0,,0,,0,0,0,0,0,0,0,0,0,0,0,0,0,0
15490126.94,4944944.148,15493126.94,4944944.148,15493126.94,4941944.148,15490126.94,4941944.148,63515106.93,0,0,0,0,0,0,0,0,0,0,,0,,0,0,0,0,0,0,0,0,0,0,0,0,0,0
15493126.94,5088944.148,15496126.94,5088944.148,15496126.94,5085944.148,15493126.94,5085944.148,63515106.93,7.87E-09,7.87E-09,6186.803661,3093.401831,3093.401831,0,0,0,0.30131839,0.150659195,,4.87E-05,,4.87E-05,0.5,1,0.5,1,3093.401831,3093.401831,3093.401831,0,0,1,0,7.87E-09,31757553.47
15493126.94,5085944.148,15496126.94,5085944.148,15496126.94,5082944.148,15493126.94,5082944.148,63515106.93,1.57E-08,1.57E-08,9398.085489,3832.537029,5565.54846,0,0,0,1.390598475,0.695299238,,0.000147966,,0.000147966,1,2,1,2,4699.042745,3832.537029,5565.54846,0,0,1,0,1.57E-08,63515106.93
15493126.94,5082944.148,15496126.94,5082944.148,15496126.94,5079944.148,15493126.94,5079944.148,63515106.93,2.36E-08,2.36E-08,8520.065453,5565.54846,7214.54972,0,0,0,1.714352352,1.285764264,,0.000201214,,0.000201214,1.5,2,1.5,2,6390.04909,5565.54846,7214.54972,0,0,1,0,2.36E-08,95272660.4
15493126.94,5079944.148,15496126.94,5079944.148,15496126.94,5076944.148,15493126.94,5076944.148,63515106.93,7.87E-09,7.87E-09,12004.46409,6002.232046,6002.232046,0,0,0,1.134432146,0.567216073,,9.45E-05,,9.45E-05,0.5,1,0.5,1,6002.232046,6002.232046,6002.232046,0,0,1,0,7.87E-09,31757553.47
15493126.94,5076944.148,15496126.94,5076944.148,15496126.94,5073944.148,15493126.94,5073944.148,63515106.93,7.87E-09,7.87E-09,15988.32385,2173.433227,5820.728696,0,0,0,2.01232834,0.503082085,,0.000125862,,0.000125862,0.5,2,0.5,2,3997.080961,2173.433227,5820.728696,0,0,1,0,7.87E-09,31757553.47
15493126.94,5073944.148,15496126.94,5073944.148,15496126.94,5070944.148,15493126.94,5070944.148,63515106.93,7.87E-09,7.87E-09,15842.84945,7921.424725,7921.424725,0,0,0,1.975875432,0.987937716,,0.000124717,,0.000124717,0.5,1,0.5,1,7921.424725,7921.424725,7921.424725,0,0,1,0,7.87E-09,31757553.47
15493126.94,5070944.148,15496126.94,5070944.148,15496126.94,5067944.148,15493126.94,5067944.148,63515106.93,1.57E-08,1.57E-08,9981.106504,3760.667869,6220.438635,0,0,0,1.568484914,0.784242457,,0.000157145,,0.000157145,1,2,1,2,4990.553252,3760.667869,6220.438635,0,0,1,0,1.57E-08,63515106.93
15493126.94,5067944.148,15496126.94,5067944.148,15496126.94,5064944.148,15493126.94,5064944.148,63515106.93,7.87E-09,7.87E-09,11538.50944,5769.254721,5769.254721,0,0,0,1.048075069,0.524037534,,9.08E-05,,9.08E-05,0.5,1,0.5,1,5769.254721,5769.254721,5769.254721,0,0,1,0,7.87E-09,31757553.47
15493126.94,5064944.148,15496126.94,5064944.148,15496126.94,5061944.148,15493126.94,5061944.148,63515106.93,7.87E-09,7.87E-09,12081.02884,6040.514418,6040.514418,0,0,0,1.148949162,0.574474581,,9.51E-05,,9.51E-05,0.5,1,0.5,1,6040.514418,6040.514418,6040.514418,0,0,1,0,7.87E-09,31757553.47
15493126.94,5061944.148,15496126.94,5061944.148,15496126.94,5058944.148,15493126.94,5058944.148,63515106.93,0,0,0,7752.362481,7752.362481,0,0,0,0,0.946217789,,0.000122055,,0.000122055,0,1,0,1,7752.362481,7752.362481,7752.362481,0,0,0,0,0,0
15493126.94,5058944.148,15496126.94,5058944.148,15496126.94,5055944.148,15493126.94,5055944.148,63515106.93,1.57E-08,1.57E-08,14759.04534,6336.971514,8422.073828,0,0,0,3.429568648,1.714784324,,0.000232371,,0.000232371,1,2,1,2,7379.522671,6336.971514,8422.073828,0,0,1,0,1.57E-08,63515106.93
15493126.94,5055944.148,15496126.94,5055944.148,15496126.94,5052944.148,15493126.94,5052944.148,63515106.93,1.57E-08,1.57E-08,21037.62549,5944.450673,7784.907187,0,0,0,6.968132585,2.322710862,,0.000331222,,0.000331222,1,3,1,3,7012.54183,5944.450673,7784.907187,0,0,1,0,1.57E-08,63515106.93
15493126.94,5052944.148,15496126.94,5052944.148,15496126.94,5049944.148,15493126.94,5049944.148,63515106.93,1.57E-08,1.57E-08,14646.75995,1814.615998,7536.813642,0,0,0,3.377583498,1.125861166,,0.000230603,,0.000230603,1,3,1,3,4882.253317,1814.615998,7536.813642,0,0,1,0,1.57E-08,63515106.93
15493126.94,5049944.148,15496126.94,5049944.148,15496126.94,5046944.148,15493126.94,5046944.148,63515106.93,1.57E-08,1.57E-08,6597.811609,1441.635401,5156.176208,0,0,0,0.685366366,0.342683183,,0.000103878,,0.000103878,1,2,1,2,3298.905804,1441.635401,5156.176208,0,0,1,0,1.57E-08,63515106.93
15493126.94,5046944.148,15496126.94,5046944.148,15496126.94,5043944.148,15493126.94,5043944.148,63515106.93,0,0,0,0,0,0,0,0,0,0,,0,,0,0,0,0,0,0,0,0,0,0,0,0,0,0
15493126.94,5043944.148,15496126.94,5043944.148,15496126.94,5040944.148,15493126.94,5040944.148,63515106.93,0,0,0,0,0,0,0,0,0,0,,0,,0,0,0,0,0,0,0,0,0,0,0,0,0,0
15493126.94,5040944.148,15496126.94,5040944.148,15496126.94,5037944.148,15493126.94,5037944.148,63515106.93,0,0,0,0,0,0,0,0,0,0,,0,,0,0,0,0,0,0,0,0,0,0,0,0,0,0
15493126.94,5037944.148,15496126.94,5037944.148,15496126.94,5034944.148,15493126.94,5034944.148,63515106.93,7.87E-09,7.87E-09,4033.124509,2016.562254,2016.562254,0,0,0,0.128049011,0.064024506,,3.17E-05,,3.17E-05,0.5,1,0.5,1,2016.562254,2016.562254,2016.562254,0,0,1,0,7.87E-09,31757553.47
15493126.94,5034944.148,15496126.94,5034944.148,15496126.94,5031944.148,15493126.94,5031944.148,63515106.93,7.87E-09,7.87E-09,7199.190415,3599.595208,3599.595208,0,0,0,0.408000121,0.204000061,,5.67E-05,,5.67E-05,0.5,1,0.5,1,3599.595208,3599.595208,3599.595208,0,0,1,0,7.87E-09,31757553.47
15493126.94,5031944.148,15496126.94,5031944.148,15496126.94,5028944.148,15493126.94,5028944.148,63515106.93,1.57E-08,1.57E-08,8046.14492,3165.010624,4881.134296,0,0,0,1.019292121,0.509646061,,0.000126681,,0.000126681,1,2,1,2,4023.07246,3165.010624,4881.134296,0,0,1,0,1.57E-08,63515106.93
15493126.94,5028944.148,15496126.94,5028944.148,15496126.94,5025944.148,15493126.94,5025944.148,63515106.93,7.87E-09,7.87E-09,15641.08874,7820.54437,7820.54437,0,0,0,1.925869835,0.962934917,,0.000123129,,0.000123129,0.5,1,0.5,1,7820.54437,7820.54437,7820.54437,0,0,1,0,7.87E-09,31757553.47
15493126.94,5025944.148,15496126.94,5025944.148,15496126.94,5022944.148,15493126.94,5022944.148,63515106.93,0,0,0,7745.58392,8276.388165,0,0,0,0,2.020807347,,0.000252255,,0.000252255,0,2,0,2,8010.986043,7745.58392,8276.388165,0,0,0,0,0,0
15493126.94,5022944.148,15496126.94,5022944.148,15496126.94,5019944.148,15493126.94,5019944.148,63515106.93,0,0,0,3141.480309,8926.838793,0,0,0,0,1.146532951,,0.000190007,,0.000190007,0,2,0,2,6034.159551,3141.480309,8926.838793,0,0,0,0,0,0
15493126.94,5019944.148,15496126.94,5019944.148,15496126.94,5016944.148,15493126.94,5016944.148,63515106.93,0,0,0,6017.472691,6017.472691,0,0,0,0,0.570100238,,9.47E-05,,9.47E-05,0,1,0,1,6017.472691,6017.472691,6017.472691,0,0,0,0,0,0
15493126.94,5016944.148,15496126.94,5016944.148,15496126.94,5013944.148,15493126.94,5013944.148,63515106.93,0,0,0,0,0,0,0,0,0,0,,0,,0,0,0,0,0,0,0,0,0,0,0,0,0,0
15493126.94,5013944.148,15496126.94,5013944.148,15496126.94,5010944.148,15493126.94,5010944.148,63515106.93,0,0,0,0,0,0,0,0,0,0,,0,,0,0,0,0,0,0,0,0,0,0,0,0,0,0
15493126.94,5010944.148,15496126.94,5010944.148,15496126.94,5007944.148,15493126.94,5007944.148,63515106.93,0,0,0,0,0,0,0,0,0,0,,0,,0,0,0,0,0,0,0,0,0,0,0,0,0,0
15493126.94,5007944.148,15496126.94,5007944.148,15496126.94,5004944.148,15493126.94,5004944.148,63515106.93,7.87E-09,7.87E-09,769.2311121,384.615556,384.615556,0,0,0,0.004658077,0.002329038,,6.06E-06,,6.06E-06,0.5,1,0.5,1,384.615556,384.615556,384.615556,0,0,1,0,7.87E-09,31757553.47
15493126.94,5004944.148,15496126.94,5004944.148,15496126.94,5001944.148,15493126.94,5001944.148,63515106.93,0,0,0,0,0,0,0,0,0,0,,0,,0,0,0,0,0,0,0,0,0,0,0,0,0,0
15493126.94,5001944.148,15496126.94,5001944.148,15496126.94,4998944.148,15493126.94,4998944.148,63515106.93,0,0,0,0,0,0,0,0,0,0,,0,,0,0,0,0,0,0,0,0,0,0,0,0,0,0
15493126.94,4998944.148,15496126.94,4998944.148,15496126.94,4995944.148,15493126.94,4995944.148,63515106.93,0,0,0,0,0,0,0,0,0,0,,0,,0,0,0,0,0,0,0,0,0,0,0,0,0,0
15493126.94,4995944.148,15496126.94,4995944.148,15496126.94,4992944.148,15493126.94,4992944.148,63515106.93,0,0,0,0,0,0,0,0,0,0,,0,,0,0,0,0,0,0,0,0,0,0,0,0,0,0
15493126.94,4992944.148,15496126.94,4992944.148,15496126.94,4989944.148,15493126.94,4989944.148,63515106.93,7.87E-09,7.87E-09,1694.575283,847.2876413,847.2876413,0,0,0,0.022605531,0.011302765,,1.33E-05,,1.33E-05,0.5,1,0.5,1,847.2876413,847.2876413,847.2876413,0,0,1,0,7.87E-09,31757553.47
15493126.94,4989944.148,15496126.94,4989944.148,15496126.94,4986944.148,15493126.94,4986944.148,63515106.93,7.87E-09,7.87E-09,8128.728132,4064.364066,4064.364066,0,0,0,0.520161456,0.260080728,,6.40E-05,,6.40E-05,0.5,1,0.5,1,4064.364066,4064.364066,4064.364066,0,0,1,0,7.87E-09,31757553.47
15493126.94,4986944.148,15496126.94,4986944.148,15496126.94,4983944.148,15493126.94,4983944.148,63515106.93,7.87E-09,7.87E-09,8923.502514,4461.751257,4461.751257,0,0,0,0.626850059,0.31342503,,7.02E-05,,7.02E-05,0.5,1,0.5,1,4461.751257,4461.751257,4461.751257,0,0,1,0,7.87E-09,31757553.47
15493126.94,4983944.148,15496126.94,4983944.148,15496126.94,4980944.148,15493126.94,4980944.148,63515106.93,0,0,0,0,0,0,0,0,0,0,,0,,0,0,0,0,0,0,0,0,0,0,0,0,0,0
15493126.94,4980944.148,15496126.94,4980944.148,15496126.94,4977944.148,15493126.94,4977944.148,63515106.93,0,0,0,0,0,0,0,0,0,0,,0,,0,0,0,0,0,0,0,0,0,0,0,0,0,0
15493126.94,4977944.148,15496126.94,4977944.148,15496126.94,4974944.148,15493126.94,4974944.148,63515106.93,0,0,0,0,0,0,0,0,0,0,,0,,0,0,0,0,0,0,0,0,0,0,0,0,0,0
15493126.94,4974944.148,15496126.94,4974944.148,15496126.94,4971944.148,15493126.94,4971944.148,63515106.93,0,0,0,0,0,0,0,0,0,0,,0,,0,0,0,0,0,0,0,0,0,0,0,0,0,0
15493126.94,4971944.148,15496126.94,4971944.148,15496126.94,4968944.148,15493126.94,4968944.148,63515106.93,0,0,0,0,0,0,0,0,0,0,,0,,0,0,0,0,0,0,0,0,0,0,0,0,0,0
15493126.94,4968944.148,15496126.94,4968944.148,15496126.94,4965944.148,15493126.94,4965944.148,63515106.93,0,0,0,0,0,0,0,0,0,0,,0,,0,0,0,0,0,0,0,0,0,0,0,0,0,0
15493126.94,4965944.148,15496126.94,4965944.148,15496126.94,4962944.148,15493126.94,4962944.148,63515106.93,0,0,0,0,0,0,0,0,0,0,,0,,0,0,0,0,0,0,0,0,0,0,0,0,0,0
15493126.94,4962944.148,15496126.94,4962944.148,15496126.94,4959944.148,15493126.94,4959944.148,63515106.93,0,0,0,0,0,0,0,0,0,0,,0,,0,0,0,0,0,0,0,0,0,0,0,0,0,0
15493126.94,4959944.148,15496126.94,4959944.148,15496126.94,4956944.148,15493126.94,4956944.148,63515106.93,0,0,0,0,0,0,0,0,0,0,,0,,0,0,0,0,0,0,0,0,0,0,0,0,0,0
15493126.94,4956944.148,15496126.94,4956944.148,15496126.94,4953944.148,15493126.94,4953944.148,63515106.93,0,0,0,0,0,0,0,0,0,0,,0,,0,0,0,0,0,0,0,0,0,0,0,0,0,0
15493126.94,4953944.148,15496126.94,4953944.148,15496126.94,4950944.148,15493126.94,4950944.148,63515106.93,0,0,0,0,0,0,0,0,0,0,,0,,0,0,0,0,0,0,0,0,0,0,0,0,0,0
15493126.94,4950944.148,15496126.94,4950944.148,15496126.94,4947944.148,15493126.94,4947944.148,63515106.93,0,0,0,0,0,0,0,0,0,0,,0,,0,0,0,0,0,0,0,0,0,0,0,0,0,0
15493126.94,4947944.148,15496126.94,4947944.148,15496126.94,4944944.148,15493126.94,4944944.148,63515106.93,0,0,0,0,0,0,0,0,0,0,,0,,0,0,0,0,0,0,0,0,0,0,0,0,0,0
15493126.94,4944944.148,15496126.94,4944944.148,15496126.94,4941944.148,15493126.94,4941944.148,63515106.93,0,0,0,0,0,0,0,0,0,0,,0,,0,0,0,0,0,0,0,0,0,0,0,0,0,0
15496126.94,5088944.148,15499126.94,5088944.148,15499126.94,5085944.148,15496126.94,5085944.148,63515106.93,0,0,0,0,0,0,0,0,0,0,,0,,0,0,0,0,0,0,0,0,0,0,0,0,0,0
15496126.94,5085944.148,15499126.94,5085944.148,15499126.94,5082944.148,15496126.94,5082944.148,63515106.93,1.57E-08,1.57E-08,5565.54846,5565.54846,5565.54846,0,0,0,0.487684445,0.487684445,,8.76E-05,,8.76E-05,1,1,1,1,5565.54846,5565.54846,5565.54846,0,0,1,0,1.57E-08,63515106.93
15496126.94,5082944.148,15499126.94,5082944.148,15499126.94,5079944.148,15496126.94,5079944.148,63515106.93,1.57E-08,1.57E-08,8562.383597,3953.067418,4609.316179,0,0,0,1.154283074,0.577141537,,0.000134809,,0.000134809,1,2,1,2,4281.191798,3953.067418,4609.316179,0,0,1,0,1.57E-08,63515106.93
15496126.94,5079944.148,15499126.94,5079944.148,15499126.94,5076944.148,15496126.94,5076944.148,63515106.93,1.57E-08,1.57E-08,5250.841889,1773.61888,3477.22301,0,0,0,0.434091067,0.217045534,,8.27E-05,,8.27E-05,1,2,1,2,2625.420945,1773.61888,3477.22301,0,0,1,0,1.57E-08,63515106.93
15496126.94,5076944.148,15499126.94,5076944.148,15499126.94,5073944.148,15496126.94,5073944.148,63515106.93,7.87E-09,7.87E-09,2380.226954,1190.113477,1190.113477,0,0,0,0.044599471,0.022299736,,1.87E-05,,1.87E-05,0.5,1,0.5,1,1190.113477,1190.113477,1190.113477,0,0,1,0,7.87E-09,31757553.47
15496126.94,5073944.148,15499126.94,5073944.148,15499126.94,5070944.148,15496126.94,5070944.148,63515106.93,7.87E-09,7.87E-09,9601.127489,4800.563744,4800.563744,0,0,0,0.725667117,0.362833558,,7.56E-05,,7.56E-05,0.5,1,0.5,1,4800.563744,4800.563744,4800.563744,0,0,1,0,7.87E-09,31757553.47
15496126.94,5070944.148,15499126.94,5070944.148,15499126.94,5067944.148,15496126.94,5067944.148,63515106.93,1.57E-08,1.57E-08,9008.856091,3923.618281,5085.23781,0,0,0,1.27779818,0.63889909,,0.000141838,,0.000141838,1,2,1,2,4504.428045,3923.618281,5085.23781,0,0,1,0,1.57E-08,63515106.93
15496126.94,5067944.148,15499126.94,5067944.148,15499126.94,5064944.148,15496126.94,5064944.148,63515106.93,1.57E-08,1.57E-08,9424.207238,1127.028634,8297.178604,0,0,0,1.398339487,0.699169744,,0.000148377,,0.000148377,1,2,1,2,4712.103619,1127.028634,8297.178604,0,0,1,0,1.57E-08,63515106.93
15496126.94,5064944.148,15499126.94,5064944.148,15499126.94,5061944.148,15496126.94,5061944.148,63515106.93,0,0,0,8384.482472,8384.482472,0,0,0,0,1.106816153,,0.000132008,,0.000132008,0,1,0,1,8384.482472,8384.482472,8384.482472,0,0,0,0,0,0
15496126.94,5061944.148,15499126.94,5061944.148,15499126.94,5058944.148,15496126.94,5058944.148,63515106.93,0,0,0,3040.188961,4919.867018,0,0,0,0,0.498798587,,0.000125325,,0.000125325,0,2,0,2,3980.027989,3040.188961,4919.867018,0,0,0,0,0,0
15496126.94,5058944.148,15499126.94,5058944.148,15499126.94,5055944.148,15496126.94,5055944.148,63515106.93,7.87E-09,7.87E-09,24592.42018,5633.49796,6662.71213,0,0,0,4.760970732,1.190242683,,0.000193595,,0.000193595,0.5,2,0.5,2,6148.105045,5633.49796,6662.71213,0,0,1,0,7.87E-09,31757553.47
15496126.94,5055944.148,15499126.94,5055944.148,15499126.94,5052944.148,15496126.94,5052944.148,63515106.93,1.57E-08,1.57E-08,17060.47836,3928.935948,8990.054354,0,0,0,4.582530613,1.527510204,,0.000268605,,0.000268605,1,3,1,3,5686.826121,3928.935948,8990.054354,0,0,1,0,1.57E-08,63515106.93
15496126.94,5052944.148,15499126.94,5052944.148,15499126.94,5049944.148,15496126.94,5049944.148,63515106.93,7.87E-09,7.87E-09,24602.60979,4699.50399,7601.800906,0,0,0,4.764916866,1.191229217,,0.000193675,,0.000193675,0.5,2,0.5,2,6150.652448,4699.50399,7601.800906,0,0,1,0,7.87E-09,31757553.47
15496126.94,5049944.148,15499126.94,5049944.148,15499126.94,5046944.148,15496126.94,5046944.148,63515106.93,7.87E-09,7.87E-09,6563.841579,3281.920789,3281.920789,0,0,0,0.339163534,0.169581767,,5.17E-05,,5.17E-05,0.5,1,0.5,1,3281.920789,3281.920789,3281.920789,0,0,1,0,7.87E-09,31757553.47
15496126.94,5046944.148,15499126.94,5046944.148,15499126.94,5043944.148,15496126.94,5043944.148,63515106.93,0,0,0,0,0,0,0,0,0,0,,0,,0,0,0,0,0,0,0,0,0,0,0,0,0,0
15496126.94,5043944.148,15499126.94,5043944.148,15499126.94,5040944.148,15496126.94,5040944.148,63515106.93,0,0,0,0,0,0,0,0,0,0,,0,,0,0,0,0,0,0,0,0,0,0,0,0,0,0
15496126.94,5040944.148,15499126.94,5040944.148,15499126.94,5037944.148,15496126.94,5037944.148,63515106.93,0,0,0,0,0,0,0,0,0,0,,0,,0,0,0,0,0,0,0,0,0,0,0,0,0,0
15496126.94,5037944.148,15499126.94,5037944.148,15499126.94,5034944.148,15496126.94,5034944.148,63515106.93,7.87E-09,7.87E-09,7787.797004,3893.898502,3893.898502,0,0,0,0.477443754,0.238721877,,6.13E-05,,6.13E-05,0.5,1,0.5,1,3893.898502,3893.898502,3893.898502,0,0,1,0,7.87E-09,31757553.47
15496126.94,5034944.148,15499126.94,5034944.148,15499126.94,5031944.148,15496126.94,5031944.148,63515106.93,7.87E-09,7.87E-09,12785.47444,6392.737222,6392.737222,0,0,0,1.286846269,0.643423134,,0.000100649,,0.000100649,0.5,1,0.5,1,6392.737222,6392.737222,6392.737222,0,0,1,0,7.87E-09,31757553.47
15496126.94,5031944.148,15499126.94,5031944.148,15499126.94,5028944.148,15496126.94,5028944.148,63515106.93,1.57E-08,1.57E-08,10443.97314,3471.172984,6972.800157,0,0,0,1.717332777,0.858666389,,0.000164433,,0.000164433,1,2,1,2,5221.986571,3471.172984,6972.800157,0,0,1,0,1.57E-08,63515106.93
15496126.94,5028944.148,15499126.94,5028944.148,15499126.94,5025944.148,15496126.94,5025944.148,63515106.93,7.87E-09,7.87E-09,17951.48364,3676.799756,5298.942066,0,0,0,2.536843442,0.634210861,,0.000141317,,0.000141317,0.5,2,0.5,2,4487.870911,3676.799756,5298.942066,0,0,1,0,7.87E-09,31757553.47
15496126.94,5025944.148,15499126.94,5025944.148,15499126.94,5022944.148,15496126.94,5022944.148,63515106.93,1.57E-08,1.57E-08,12949.84229,5477.930909,7471.91138,0,0,0,2.640291789,1.320145895,,0.000203886,,0.000203886,1,2,1,2,6474.921145,5477.930909,7471.91138,0,0,1,0,1.57E-08,63515106.93
15496126.94,5022944.148,15499126.94,5022944.148,15499126.94,5019944.148,15496126.94,5019944.148,63515106.93,7.87E-09,7.87E-09,16862.85806,8431.429029,8431.429029,0,0,0,2.238490933,1.119245466,,0.000132747,,0.000132747,0.5,1,0.5,1,8431.429029,8431.429029,8431.429029,0,0,1,0,7.87E-09,31757553.47
15496126.94,5019944.148,15499126.94,5019944.148,15499126.94,5016944.148,15496126.94,5016944.148,63515106.93,0,0,0,2553.906965,2553.906965,0,0,0,0,0.102691172,,4.02E-05,,4.02E-05,0,1,0,1,2553.906965,2553.906965,2553.906965,0,0,0,0,0,0
15496126.94,5016944.148,15499126.94,5016944.148,15499126.94,5013944.148,15496126.94,5013944.148,63515106.93,0,0,0,0,0,0,0,0,0,0,,0,,0,0,0,0,0,0,0,0,0,0,0,0,0,0
15496126.94,5013944.148,15499126.94,5013944.148,15499126.94,5010944.148,15496126.94,5010944.148,63515106.93,0,0,0,0,0,0,0,0,0,0,,0,,0,0,0,0,0,0,0,0,0,0,0,0,0,0
15496126.94,5010944.148,15499126.94,5010944.148,15499126.94,5007944.148,15496126.94,5007944.148,63515106.93,0,0,0,0,0,0,0,0,0,0,,0,,0,0,0,0,0,0,0,0,0,0,0,0,0,0
15496126.94,5007944.148,15499126.94,5007944.148,15499126.94,5004944.148,15496126.94,5004944.148,63515106.93,0,0,0,0,0,0,0,0,0,0,,0,,0,0,0,0,0,0,0,0,0,0,0,0,0,0
15496126.94,5004944.148,15499126.94,5004944.148,15499126.94,5001944.148,15496126.94,5001944.148,63515106.93,0,0,0,0,0,0,0,0,0,0,,0,,0,0,0,0,0,0,0,0,0,0,0,0,0,0
15496126.94,5001944.148,15499126.94,5001944.148,15499126.94,4998944.148,15496126.94,4998944.148,63515106.93,0,0,0,0,0,0,0,0,0,0,,0,,0,0,0,0,0,0,0,0,0,0,0,0,0,0
15496126.94,4998944.148,15499126.94,4998944.148,15499126.94,4995944.148,15496126.94,4995944.148,63515106.93,0,0,0,0,0,0,0,0,0,0,,0,,0,0,0,0,0,0,0,0,0,0,0,0,0,0
15496126.94,4995944.148,15499126.94,4995944.148,15499126.94,4992944.148,15496126.94,4992944.148,63515106.93,0,0,0,0,0,0,0,0,0,0,,0,,0,0,0,0,0,0,0,0,0,0,0,0,0,0
15496126.94,4992944.148,15499126.94,4992944.148,15499126.94,4989944.148,15496126.94,4989944.148,63515106.93,0,0,0,0,0,0,0,0,0,0,,0,,0,0,0,0,0,0,0,0,0,0,0,0,0,0
15496126.94,4989944.148,15499126.94,4989944.148,15499126.94,4986944.148,15496126.94,4986944.148,63515106.93,7.87E-09,7.87E-09,2478.157245,1239.078622,1239.078622,0,0,0,0.048344903,0.024172451,,1.95E-05,,1.95E-05,0.5,1,0.5,1,1239.078622,1239.078622,1239.078622,0,0,1,0,7.87E-09,31757553.47
15496126.94,4986944.148,15499126.94,4986944.148,15499126.94,4983944.148,15496126.94,4983944.148,63515106.93,7.87E-09,7.87E-09,2463.715935,1231.857967,1231.857967,0,0,0,0.047783091,0.023891545,,1.94E-05,,1.94E-05,0.5,1,0.5,1,1231.857967,1231.857967,1231.857967,0,0,1,0,7.87E-09,31757553.47
15496126.94,4983944.148,15499126.94,4983944.148,15499126.94,4980944.148,15496126.94,4980944.148,63515106.93,0,0,0,0,0,0,0,0,0,0,,0,,0,0,0,0,0,0,0,0,0,0,0,0,0,0
15496126.94,4980944.148,15499126.94,4980944.148,15499126.94,4977944.148,15496126.94,4977944.148,63515106.93,0,0,0,0,0,0,0,0,0,0,,0,,0,0,0,0,0,0,0,0,0,0,0,0,0,0
15496126.94,4977944.148,15499126.94,4977944.148,15499126.94,4974944.148,15496126.94,4974944.148,63515106.93,0,0,0,0,0,0,0,0,0,0,,0,,0,0,0,0,0,0,0,0,0,0,0,0,0,0
15496126.94,4974944.148,15499126.94,4974944.148,15499126.94,4971944.148,15496126.94,4971944.148,63515106.93,0,0,0,0,0,0,0,0,0,0,,0,,0,0,0,0,0,0,0,0,0,0,0,0,0,0
15496126.94,4971944.148,15499126.94,4971944.148,15499126.94,4968944.148,15496126.94,4968944.148,63515106.93,0,0,0,0,0,0,0,0,0,0,,0,,0,0,0,0,0,0,0,0,0,0,0,0,0,0
15496126.94,4968944.148,15499126.94,4968944.148,15499126.94,4965944.148,15496126.94,4965944.148,63515106.93,0,0,0,0,0,0,0,0,0,0,,0,,0,0,0,0,0,0,0,0,0,0,0,0,0,0
15496126.94,4965944.148,15499126.94,4965944.148,15499126.94,4962944.148,15496126.94,4962944.148,63515106.93,0,0,0,0,0,0,0,0,0,0,,0,,0,0,0,0,0,0,0,0,0,0,0,0,0,0
15496126.94,4962944.148,15499126.94,4962944.148,15499126.94,4959944.148,15496126.94,4959944.148,63515106.93,0,0,0,0,0,0,0,0,0,0,,0,,0,0,0,0,0,0,0,0,0,0,0,0,0,0
15496126.94,4959944.148,15499126.94,4959944.148,15499126.94,4956944.148,15496126.94,4956944.148,63515106.93,0,0,0,0,0,0,0,0,0,0,,0,,0,0,0,0,0,0,0,0,0,0,0,0,0,0
15496126.94,4956944.148,15499126.94,4956944.148,15499126.94,4953944.148,15496126.94,4953944.148,63515106.93,0,0,0,0,0,0,0,0,0,0,,0,,0,0,0,0,0,0,0,0,0,0,0,0,0,0
15496126.94,4953944.148,15499126.94,4953944.148,15499126.94,4950944.148,15496126.94,4950944.148,63515106.93,0,0,0,0,0,0,0,0,0,0,,0,,0,0,0,0,0,0,0,0,0,0,0,0,0,0
15496126.94,4950944.148,15499126.94,4950944.148,15499126.94,4947944.148,15496126.94,4947944.148,63515106.93,0,0,0,0,0,0,0,0,0,0,,0,,0,0,0,0,0,0,0,0,0,0,0,0,0,0
15496126.94,4947944.148,15499126.94,4947944.148,15499126.94,4944944.148,15496126.94,4944944.148,63515106.93,0,0,0,0,0,0,0,0,0,0,,0,,0,0,0,0,0,0,0,0,0,0,0,0,0,0
15496126.94,4944944.148,15499126.94,4944944.148,15499126.94,4941944.148,15496126.94,4941944.148,63515106.93,0,0,0,0,0,0,0,0,0,0,,0,,0,0,0,0,0,0,0,0,0,0,0,0,0,0
15499126.94,5088944.148,15502126.94,5088944.148,15502126.94,5085944.148,15499126.94,5085944.148,63515106.93,0,0,0,0,0,0,0,0,0,0,,0,,0,0,0,0,0,0,0,0,0,0,0,0,0,0
15499126.94,5085944.148,15502126.94,5085944.148,15502126.94,5082944.148,15499126.94,5082944.148,63515106.93,7.87E-09,7.87E-09,3806.051749,1903.025875,1903.025875,0,0,0,0.114036098,0.057018049,,3.00E-05,,3.00E-05,0.5,1,0.5,1,1903.025875,1903.025875,1903.025875,0,0,1,0,7.87E-09,31757553.47
15499126.94,5082944.148,15502126.94,5082944.148,15502126.94,5079944.148,15499126.94,5079944.148,63515106.93,7.87E-09,7.87E-09,3914.379931,1957.189965,1957.189965,0,0,0,0.120619889,0.060309944,,3.08E-05,,3.08E-05,0.5,1,0.5,1,1957.189965,1957.189965,1957.189965,0,0,1,0,7.87E-09,31757553.47
15499126.94,5079944.148,15502126.94,5079944.148,15502126.94,5076944.148,15499126.94,5076944.148,63515106.93,1.57E-08,1.57E-08,785.7048997,175.5513801,610.1535196,0,0,0,0.009719454,0.004859727,,1.24E-05,,1.24E-05,1,2,1,2,392.8524498,175.5513801,610.1535196,0,0,1,0,1.57E-08,63515106.93
15499126.94,5076944.148,15502126.94,5076944.148,15502126.94,5073944.148,15499126.94,5073944.148,63515106.93,0,0,0,0,0,0,0,0,0,0,,0,,0,0,0,0,0,0,0,0,0,0,0,0,0,0
15499126.94,5073944.148,15502126.94,5073944.148,15502126.94,5070944.148,15499126.94,5070944.148,63515106.93,7.87E-09,7.87E-09,2236.797332,1118.398666,1118.398666,0,0,0,0.039386396,0.019693198,,1.76E-05,,1.76E-05,0.5,1,0.5,1,1118.398666,1118.398666,1118.398666,0,0,1,0,7.87E-09,31757553.47
15499126.94,5070944.148,15502126.94,5070944.148,15502126.94,5067944.148,15499126.94,5067944.148,63515106.93,7.87E-09,7.87E-09,2463.238578,1231.619289,1231.619289,0,0,0,0.047764576,0.023882288,,1.94E-05,,1.94E-05,0.5,1,0.5,1,1231.619289,1231.619289,1231.619289,0,0,1,0,7.87E-09,31757553.47
15499126.94,5067944.148,15502126.94,5067944.148,15502126.94,5064944.148,15499126.94,5064944.148,63515106.93,0,0,0,7517.158944,7517.158944,0,0,0,0,0.889673045,,0.000118352,,0.000118352,0,1,0,1,7517.158944,7517.158944,7517.158944,0,0,0,0,0,0
15499126.94,5064944.148,15502126.94,5064944.148,15502126.94,5061944.148,15499126.94,5061944.148,63515106.93,7.87E-09,7.87E-09,14672.77514,7336.387569,7336.387569,0,0,0,1.694796251,0.847398126,,0.000115506,,0.000115506,0.5,1,0.5,1,7336.387569,7336.387569,7336.387569,0,0,1,0,7.87E-09,31757553.47
15499126.94,5061944.148,15502126.94,5061944.148,15502126.94,5058944.148,15499126.94,5058944.148,63515106.93,7.87E-09,7.87E-09,9863.523575,4931.761787,4931.761787,0,0,0,0.76587368,0.38293684,,7.76E-05,,7.76E-05,0.5,1,0.5,1,4931.761787,4931.761787,4931.761787,0,0,1,0,7.87E-09,31757553.47
15499126.94,5058944.148,15502126.94,5058944.148,15502126.94,5055944.148,15499126.94,5055944.148,63515106.93,7.87E-09,7.87E-09,11843.71562,2343.761073,3578.096739,0,0,0,1.104253827,0.276063457,,9.32E-05,,9.32E-05,0.5,2,0.5,2,2960.928906,2343.761073,3578.096739,0,0,1,0,7.87E-09,31757553.47
15499126.94,5055944.148,15502126.94,5055944.148,15502126.94,5052944.148,15499126.94,5052944.148,63515106.93,1.57E-08,1.57E-08,9291.716224,1718.449507,7573.266716,0,0,0,1.359298513,0.679649256,,0.000146291,,0.000146291,1,2,1,2,4645.858112,1718.449507,7573.266716,0,0,1,0,1.57E-08,63515106.93
15499126.94,5052944.148,15502126.94,5052944.148,15502126.94,5049944.148,15499126.94,5049944.148,63515106.93,1.57E-08,1.57E-08,7740.796536,1257.888075,6482.908461,0,0,0,0.943396523,0.471698261,,0.000121873,,0.000121873,1,2,1,2,3870.398268,1257.888075,6482.908461,0,0,1,0,1.57E-08,63515106.93
15499126.94,5049944.148,15502126.94,5049944.148,15502126.94,5046944.148,15499126.94,5046944.148,63515106.93,1.57E-08,1.57E-08,3354.305348,820.5441043,2533.761244,0,0,0,0.177144697,0.088572348,,5.28E-05,,5.28E-05,1,2,1,2,1677.152674,820.5441043,2533.761244,0,0,1,0,1.57E-08,63515106.93
15499126.94,5046944.148,15502126.94,5046944.148,15502126.94,5043944.148,15499126.94,5043944.148,63515106.93,0,0,0,0,0,0,0,0,0,0,,0,,0,0,0,0,0,0,0,0,0,0,0,0,0,0
15499126.94,5043944.148,15502126.94,5043944.148,15502126.94,5040944.148,15499126.94,5040944.148,63515106.93,0,0,0,0,0,0,0,0,0,0,,0,,0,0,0,0,0,0,0,0,0,0,0,0,0,0
15499126.94,5040944.148,15502126.94,5040944.148,15502126.94,5037944.148,15499126.94,5037944.148,63515106.93,0,0,0,0,0,0,0,0,0,0,,0,,0,0,0,0,0,0,0,0,0,0,0,0,0,0
15499126.94,5037944.148,15502126.94,5037944.148,15502126.94,5034944.148,15499126.94,5034944.148,63515106.93,0,0,0,2037.788301,2037.788301,0,0,0,0,0.065379425,,3.21E-05,,3.21E-05,0,1,0,1,2037.788301,2037.788301,2037.788301,0,0,0,0,0,0
15499126.94,5034944.148,15502126.94,5034944.148,15502126.94,5031944.148,15499126.94,5031944.148,63515106.93,0,0,0,8184.478824,8184.478824,0,0,0,0,1.054641909,,0.000128859,,0.000128859,0,1,0,1,8184.478824,8184.478824,8184.478824,0,0,0,0,0,0
15499126.94,5031944.148,15502126.94,5031944.148,15502126.94,5028944.148,15499126.94,5028944.148,63515106.93,7.87E-09,7.87E-09,16729.49222,1227.802453,7136.943656,0,0,0,2.203223165,0.550805791,,0.000131697,,0.000131697,0.5,2,0.5,2,4182.373054,1227.802453,7136.943656,0,0,1,0,7.87E-09,31757553.47
15499126.94,5028944.148,15502126.94,5028944.148,15502126.94,5025944.148,15499126.94,5025944.148,63515106.93,1.57E-08,1.57E-08,8509.935606,1999.439147,3912.529812,0,0,0,1.140185501,0.380061834,,0.000133983,,0.000133983,1,3,1,3,2836.645202,1999.439147,3912.529812,0,0,1,0,1.57E-08,63515106.93
15499126.94,5025944.148,15502126.94,5025944.148,15502126.94,5022944.148,15499126.94,5022944.148,63515106.93,7.87E-09,7.87E-09,9680.854245,4840.427122,4840.427122,0,0,0,0.737768882,0.368884441,,7.62E-05,,7.62E-05,0.5,1,0.5,1,4840.427122,4840.427122,4840.427122,0,0,1,0,7.87E-09,31757553.47
15499126.94,5022944.148,15502126.94,5022944.148,15502126.94,5019944.148,15499126.94,5019944.148,63515106.93,7.87E-09,7.87E-09,10210.76337,5105.381686,5105.381686,0,0,0,0.820747171,0.410373585,,8.04E-05,,8.04E-05,0.5,1,0.5,1,5105.381686,5105.381686,5105.381686,0,0,1,0,7.87E-09,31757553.47
15499126.94,5019944.148,15502126.94,5019944.148,15502126.94,5016944.148,15499126.94,5016944.148,63515106.93,0,0,0,0,0,0,0,0,0,0,,0,,0,0,0,0,0,0,0,0,0,0,0,0,0,0
15499126.94,5016944.148,15502126.94,5016944.148,15502126.94,5013944.148,15499126.94,5013944.148,63515106.93,0,0,0,0,0,0,0,0,0,0,,0,,0,0,0,0,0,0,0,0,0,0,0,0,0,0
15499126.94,5013944.148,15502126.94,5013944.148,15502126.94,5010944.148,15499126.94,5010944.148,63515106.93,0,0,0,0,0,0,0,0,0,0,,0,,0,0,0,0,0,0,0,0,0,0,0,0,0,0
15499126.94,5010944.148,15502126.94,5010944.148,15502126.94,5007944.148,15499126.94,5007944.148,63515106.93,0,0,0,0,0,0,0,0,0,0,,0,,0,0,0,0,0,0,0,0,0,0,0,0,0,0
15499126.94,5007944.148,15502126.94,5007944.148,15502126.94,5004944.148,15499126.94,5004944.148,63515106.93,0,0,0,0,0,0,0,0,0,0,,0,,0,0,0,0,0,0,0,0,0,0,0,0,0,0
15499126.94,5004944.148,15502126.94,5004944.148,15502126.94,5001944.148,15499126.94,5001944.148,63515106.93,0,0,0,0,0,0,0,0,0,0,,0,,0,0,0,0,0,0,0,0,0,0,0,0,0,0
15499126.94,5001944.148,15502126.94,5001944.148,15502126.94,4998944.148,15499126.94,4998944.148,63515106.93,0,0,0,0,0,0,0,0,0,0,,0,,0,0,0,0,0,0,0,0,0,0,0,0,0,0
15499126.94,4998944.148,15502126.94,4998944.148,15502126.94,4995944.148,15499126.94,4995944.148,63515106.93,0,0,0,0,0,0,0,0,0,0,,0,,0,0,0,0,0,0,0,0,0,0,0,0,0,0
15499126.94,4995944.148,15502126.94,4995944.148,15502126.94,4992944.148,15499126.94,4992944.148,63515106.93,0,0,0,0,0,0,0,0,0,0,,0,,0,0,0,0,0,0,0,0,0,0,0,0,0,0
15499126.94,4992944.148,15502126.94,4992944.148,15502126.94,4989944.148,15499126.94,4989944.148,63515106.93,0,0,0,0,0,0,0,0,0,0,,0,,0,0,0,0,0,0,0,0,0,0,0,0,0,0
15499126.94,4989944.148,15502126.94,4989944.148,15502126.94,4986944.148,15499126.94,4986944.148,63515106.93,0,0,0,0,0,0,0,0,0,0,,0,,0,0,0,0,0,0,0,0,0,0,0,0,0,0
15499126.94,4986944.148,15502126.94,4986944.148,15502126.94,4983944.148,15499126.94,4983944.148,63515106.93,0,0,0,0,0,0,0,0,0,0,,0,,0,0,0,0,0,0,0,0,0,0,0,0,0,0
15499126.94,4983944.148,15502126.94,4983944.148,15502126.94,4980944.148,15499126.94,4980944.148,63515106.93,0,0,0,0,0,0,0,0,0,0,,0,,0,0,0,0,0,0,0,0,0,0,0,0,0,0
15499126.94,4980944.148,15502126.94,4980944.148,15502126.94,4977944.148,15499126.94,4977944.148,63515106.93,0,0,0,0,0,0,0,0,0,0,,0,,0,0,0,0,0,0,0,0,0,0,0,0,0,0
15499126.94,4977944.148,15502126.94,4977944.148,15502126.94,4974944.148,15499126.94,4974944.148,63515106.93,0,0,0,0,0,0,0,0,0,0,,0,,0,0,0,0,0,0,0,0,0,0,0,0,0,0
15499126.94,4974944.148,15502126.94,4974944.148,15502126.94,4971944.148,15499126.94,4971944.148,63515106.93,0,0,0,0,0,0,0,0,0,0,,0,,0,0,0,0,0,0,0,0,0,0,0,0,0,0
15499126.94,4971944.148,15502126.94,4971944.148,15502126.94,4968944.148,15499126.94,4968944.148,63515106.93,0,0,0,0,0,0,0,0,0,0,,0,,0,0,0,0,0,0,0,0,0,0,0,0,0,0
15499126.94,4968944.148,15502126.94,4968944.148,15502126.94,4965944.148,15499126.94,4965944.148,63515106.93,0,0,0,0,0,0,0,0,0,0,,0,,0,0,0,0,0,0,0,0,0,0,0,0,0,0
15499126.94,4965944.148,15502126.94,4965944.148,15502126.94,4962944.148,15499126.94,4962944.148,63515106.93,0,0,0,0,0,0,0,0,0,0,,0,,0,0,0,0,0,0,0,0,0,0,0,0,0,0
15499126.94,4962944.148,15502126.94,4962944.148,15502126.94,4959944.148,15499126.94,4959944.148,63515106.93,0,0,0,0,0,0,0,0,0,0,,0,,0,0,0,0,0,0,0,0,0,0,0,0,0,0
15499126.94,4959944.148,15502126.94,4959944.148,15502126.94,4956944.148,15499126.94,4956944.148,63515106.93,0,0,0,0,0,0,0,0,0,0,,0,,0,0,0,0,0,0,0,0,0,0,0,0,0,0
15499126.94,4956944.148,15502126.94,4956944.148,15502126.94,4953944.148,15499126.94,4953944.148,63515106.93,0,0,0,0,0,0,0,0,0,0,,0,,0,0,0,0,0,0,0,0,0,0,0,0,0,0
15499126.94,4953944.148,15502126.94,4953944.148,15502126.94,4950944.148,15499126.94,4950944.148,63515106.93,0,0,0,0,0,0,0,0,0,0,,0,,0,0,0,0,0,0,0,0,0,0,0,0,0,0
15499126.94,4950944.148,15502126.94,4950944.148,15502126.94,4947944.148,15499126.94,4947944.148,63515106.93,0,0,0,0,0,0,0,0,0,0,,0,,0,0,0,0,0,0,0,0,0,0,0,0,0,0
15499126.94,4947944.148,15502126.94,4947944.148,15502126.94,4944944.148,15499126.94,4944944.148,63515106.93,0,0,0,0,0,0,0,0,0,0,,0,,0,0,0,0,0,0,0,0,0,0,0,0,0,0
15499126.94,4944944.148,15502126.94,4944944.148,15502126.94,4941944.148,15499126.94,4941944.148,63515106.93,0,0,0,0,0,0,0,0,0,0,,0,,0,0,0,0,0,0,0,0,0,0,0,0,0,0
15502126.94,5088944.148,15505126.94,5088944.148,15505126.94,5085944.148,15502126.94,5085944.148,63515106.93,0,0,0,0,0,0,0,0,0,0,,0,,0,0,0,0,0,0,0,0,0,0,0,0,0,0
15502126.94,5085944.148,15505126.94,5085944.148,15505126.94,5082944.148,15502126.94,5082944.148,63515106.93,0,0,0,0,0,0,0,0,0,0,,0,,0,0,0,0,0,0,0,0,0,0,0,0,0,0
15502126.94,5082944.148,15505126.94,5082944.148,15505126.94,5079944.148,15502126.94,5079944.148,63515106.93,0,0,0,0,0,0,0,0,0,0,,0,,0,0,0,0,0,0,0,0,0,0,0,0,0,0
15502126.94,5079944.148,15505126.94,5079944.148,15505126.94,5076944.148,15502126.94,5076944.148,63515106.93,0,0,0,0,0,0,0,0,0,0,,0,,0,0,0,0,0,0,0,0,0,0,0,0,0,0
15502126.94,5076944.148,15505126.94,5076944.148,15505126.94,5073944.148,15502126.94,5073944.148,63515106.93,0,0,0,0,0,0,0,0,0,0,,0,,0,0,0,0,0,0,0,0,0,0,0,0,0,0
15502126.94,5073944.148,15505126.94,5073944.148,15505126.94,5070944.148,15502126.94,5070944.148,63515106.93,0,0,0,0,0,0,0,0,0,0,,0,,0,0,0,0,0,0,0,0,0,0,0,0,0,0
15502126.94,5070944.148,15505126.94,5070944.148,15505126.94,5067944.148,15502126.94,5067944.148,63515106.93,0,0,0,0,0,0,0,0,0,0,,0,,0,0,0,0,0,0,0,0,0,0,0,0,0,0
15502126.94,5067944.148,15505126.94,5067944.148,15505126.94,5064944.148,15502126.94,5064944.148,63515106.93,7.87E-09,7.87E-09,7753.269672,3876.634836,3876.634836,0,0,0,0.473219628,0.236609814,,6.10E-05,,6.10E-05,0.5,1,0.5,1,3876.634836,3876.634836,3876.634836,0,0,1,0,7.87E-09,31757553.47
15502126.94,5064944.148,15505126.94,5064944.148,15505126.94,5061944.148,15502126.94,5061944.148,63515106.93,7.87E-09,7.87E-09,9049.450123,4524.725061,4524.725061,0,0,0,0.644669839,0.32233492,,7.12E-05,,7.12E-05,0.5,1,0.5,1,4524.725061,4524.725061,4524.725061,0,0,1,0,7.87E-09,31757553.47
15502126.94,5061944.148,15505126.94,5061944.148,15505126.94,5058944.148,15502126.94,5058944.148,63515106.93,7.87E-09,7.87E-09,6118.606469,3059.303234,3059.303234,0,0,0,0.294712132,0.147356066,,4.82E-05,,4.82E-05,0.5,1,0.5,1,3059.303234,3059.303234,3059.303234,0,0,1,0,7.87E-09,31757553.47
15502126.94,5058944.148,15505126.94,5058944.148,15505126.94,5055944.148,15502126.94,5055944.148,63515106.93,0,0,0,0,0,0,0,0,0,0,,0,,0,0,0,0,0,0,0,0,0,0,0,0,0,0
15502126.94,5055944.148,15505126.94,5055944.148,15505126.94,5052944.148,15502126.94,5052944.148,63515106.93,7.87E-09,7.87E-09,8653.206315,4326.603158,4326.603158,0,0,0,0.589450157,0.294725079,,6.81E-05,,6.81E-05,0.5,1,0.5,1,4326.603158,4326.603158,4326.603158,0,0,1,0,7.87E-09,31757553.47
15502126.94,5052944.148,15505126.94,5052944.148,15505126.94,5049944.148,15502126.94,5049944.148,63515106.93,7.87E-09,7.87E-09,7797.117457,3898.558728,3898.558728,0,0,0,0.478587249,0.239293625,,6.14E-05,,6.14E-05,0.5,1,0.5,1,3898.558728,3898.558728,3898.558728,0,0,1,0,7.87E-09,31757553.47
15502126.94,5049944.148,15505126.94,5049944.148,15505126.94,5046944.148,15502126.94,5046944.148,63515106.93,7.87E-09,7.87E-09,3188.620679,1594.31034,1594.31034,0,0,0,0.080038453,0.040019227,,2.51E-05,,2.51E-05,0.5,1,0.5,1,1594.31034,1594.31034,1594.31034,0,0,1,0,7.87E-09,31757553.47
15502126.94,5046944.148,15505126.94,5046944.148,15505126.94,5043944.148,15502126.94,5043944.148,63515106.93,0,0,0,0,0,0,0,0,0,0,,0,,0,0,0,0,0,0,0,0,0,0,0,0,0,0
15502126.94,5043944.148,15505126.94,5043944.148,15505126.94,5040944.148,15502126.94,5040944.148,63515106.93,0,0,0,0,0,0,0,0,0,0,,0,,0,0,0,0,0,0,0,0,0,0,0,0,0,0
15502126.94,5040944.148,15505126.94,5040944.148,15505126.94,5037944.148,15502126.94,5037944.148,63515106.93,0,0,0,0,0,0,0,0,0,0,,0,,0,0,0,0,0,0,0,0,0,0,0,0,0,0
15502126.94,5037944.148,15505126.94,5037944.148,15505126.94,5034944.148,15502126.94,5034944.148,63515106.93,0,0,0,0,0,0,0,0,0,0,,0,,0,0,0,0,0,0,0,0,0,0,0,0,0,0
15502126.94,5034944.148,15505126.94,5034944.148,15505126.94,5031944.148,15502126.94,5031944.148,63515106.93,0,0,0,4725.183096,4725.183096,0,0,0,0,0.351528264,,7.44E-05,,7.44E-05,0,1,0,1,4725.183096,4725.183096,4725.183096,0,0,0,0,0,0
15502126.94,5031944.148,15505126.94,5031944.148,15505126.94,5028944.148,15502126.94,5028944.148,63515106.93,0,0,0,4535.895696,4535.895696,0,0,0,0,0.323928444,,7.14E-05,,7.14E-05,0,1,0,1,4535.895696,4535.895696,4535.895696,0,0,0,0,0,0
15502126.94,5028944.148,15505126.94,5028944.148,15505126.94,5025944.148,15502126.94,5025944.148,63515106.93,7.87E-09,7.87E-09,6019.395816,520.3751507,2489.322757,0,0,0,0.285232347,0.071308087,,4.74E-05,,4.74E-05,0.5,2,0.5,2,1504.848954,520.3751507,2489.322757,0,0,1,0,7.87E-09,31757553.47
15502126.94,5025944.148,15505126.94,5025944.148,15505126.94,5022944.148,15502126.94,5022944.148,63515106.93,7.87E-09,7.87E-09,3930.535272,1965.267636,1965.267636,0,0,0,0.121617583,0.060808791,,3.09E-05,,3.09E-05,0.5,1,0.5,1,1965.267636,1965.267636,1965.267636,0,0,1,0,7.87E-09,31757553.47
15502126.94,5022944.148,15505126.94,5022944.148,15505126.94,5019944.148,15502126.94,5019944.148,63515106.93,7.87E-09,7.87E-09,2518.057161,1259.02858,1259.02858,0,0,0,0.049914203,0.024957101,,1.98E-05,,1.98E-05,0.5,1,0.5,1,1259.02858,1259.02858,1259.02858,0,0,1,0,7.87E-09,31757553.47
15502126.94,5019944.148,15505126.94,5019944.148,15505126.94,5016944.148,15502126.94,5016944.148,63515106.93,0,0,0,0,0,0,0,0,0,0,,0,,0,0,0,0,0,0,0,0,0,0,0,0,0,0
15502126.94,5016944.148,15505126.94,5016944.148,15505126.94,5013944.148,15502126.94,5013944.148,63515106.93,0,0,0,0,0,0,0,0,0,0,,0,,0,0,0,0,0,0,0,0,0,0,0,0,0,0
15502126.94,5013944.148,15505126.94,5013944.148,15505126.94,5010944.148,15502126.94,5010944.148,63515106.93,0,0,0,0,0,0,0,0,0,0,,0,,0,0,0,0,0,0,0,0,0,0,0,0,0,0
15502126.94,5010944.148,15505126.94,5010944.148,15505126.94,5007944.148,15502126.94,5007944.148,63515106.93,0,0,0,0,0,0,0,0,0,0,,0,,0,0,0,0,0,0,0,0,0,0,0,0,0,0
15502126.94,5007944.148,15505126.94,5007944.148,15505126.94,5004944.148,15502126.94,5004944.148,63515106.93,0,0,0,0,0,0,0,0,0,0,,0,,0,0,0,0,0,0,0,0,0,0,0,0,0,0
15502126.94,5004944.148,15505126.94,5004944.148,15505126.94,5001944.148,15502126.94,5001944.148,63515106.93,0,0,0,0,0,0,0,0,0,0,,0,,0,0,0,0,0,0,0,0,0,0,0,0,0,0
15502126.94,5001944.148,15505126.94,5001944.148,15505126.94,4998944.148,15502126.94,4998944.148,63515106.93,0,0,0,0,0,0,0,0,0,0,,0,,0,0,0,0,0,0,0,0,0,0,0,0,0,0
15502126.94,4998944.148,15505126.94,4998944.148,15505126.94,4995944.148,15502126.94,4995944.148,63515106.93,0,0,0,0,0,0,0,0,0,0,,0,,0,0,0,0,0,0,0,0,0,0,0,0,0,0
15502126.94,4995944.148,15505126.94,4995944.148,15505126.94,4992944.148,15502126.94,4992944.148,63515106.93,0,0,0,0,0,0,0,0,0,0,,0,,0,0,0,0,0,0,0,0,0,0,0,0,0,0
15502126.94,4992944.148,15505126.94,4992944.148,15505126.94,4989944.148,15502126.94,4989944.148,63515106.93,0,0,0,0,0,0,0,0,0,0,,0,,0,0,0,0,0,0,0,0,0,0,0,0,0,0
15502126.94,4989944.148,15505126.94,4989944.148,15505126.94,4986944.148,15502126.94,4986944.148,63515106.93,0,0,0,0,0,0,0,0,0,0,,0,,0,0,0,0,0,0,0,0,0,0,0,0,0,0
15502126.94,4986944.148,15505126.94,4986944.148,15505126.94,4983944.148,15502126.94,4983944.148,63515106.93,0,0,0,0,0,0,0,0,0,0,,0,,0,0,0,0,0,0,0,0,0,0,0,0,0,0
15502126.94,4983944.148,15505126.94,4983944.148,15505126.94,4980944.148,15502126.94,4980944.148,63515106.93,0,0,0,0,0,0,0,0,0,0,,0,,0,0,0,0,0,0,0,0,0,0,0,0,0,0
15502126.94,4980944.148,15505126.94,4980944.148,15505126.94,4977944.148,15502126.94,4977944.148,63515106.93,0,0,0,0,0,0,0,0,0,0,,0,,0,0,0,0,0,0,0,0,0,0,0,0,0,0
15502126.94,4977944.148,15505126.94,4977944.148,15505126.94,4974944.148,15502126.94,4974944.148,63515106.93,0,0,0,0,0,0,0,0,0,0,,0,,0,0,0,0,0,0,0,0,0,0,0,0,0,0
15502126.94,4974944.148,15505126.94,4974944.148,15505126.94,4971944.148,15502126.94,4971944.148,63515106.93,0,0,0,0,0,0,0,0,0,0,,0,,0,0,0,0,0,0,0,0,0,0,0,0,0,0
15502126.94,4971944.148,15505126.94,4971944.148,15505126.94,4968944.148,15502126.94,4968944.148,63515106.93,0,0,0,0,0,0,0,0,0,0,,0,,0,0,0,0,0,0,0,0,0,0,0,0,0,0
15502126.94,4968944.148,15505126.94,4968944.148,15505126.94,4965944.148,15502126.94,4965944.148,63515106.93,0,0,0,0,0,0,0,0,0,0,,0,,0,0,0,0,0,0,0,0,0,0,0,0,0,0
15502126.94,4965944.148,15505126.94,4965944.148,15505126.94,4962944.148,15502126.94,4962944.148,63515106.93,0,0,0,0,0,0,0,0,0,0,,0,,0,0,0,0,0,0,0,0,0,0,0,0,0,0
15502126.94,4962944.148,15505126.94,4962944.148,15505126.94,4959944.148,15502126.94,4959944.148,63515106.93,0,0,0,0,0,0,0,0,0,0,,0,,0,0,0,0,0,0,0,0,0,0,0,0,0,0
15502126.94,4959944.148,15505126.94,4959944.148,15505126.94,4956944.148,15502126.94,4956944.148,63515106.93,0,0,0,0,0,0,0,0,0,0,,0,,0,0,0,0,0,0,0,0,0,0,0,0,0,0
15502126.94,4956944.148,15505126.94,4956944.148,15505126.94,4953944.148,15502126.94,4953944.148,63515106.93,0,0,0,0,0,0,0,0,0,0,,0,,0,0,0,0,0,0,0,0,0,0,0,0,0,0
15502126.94,4953944.148,15505126.94,4953944.148,15505126.94,4950944.148,15502126.94,4950944.148,63515106.93,0,0,0,0,0,0,0,0,0,0,,0,,0,0,0,0,0,0,0,0,0,0,0,0,0,0
15502126.94,4950944.148,15505126.94,4950944.148,15505126.94,4947944.148,15502126.94,4947944.148,63515106.93,0,0,0,0,0,0,0,0,0,0,,0,,0,0,0,0,0,0,0,0,0,0,0,0,0,0
15502126.94,4947944.148,15505126.94,4947944.148,15505126.94,4944944.148,15502126.94,4944944.148,63515106.93,0,0,0,0,0,0,0,0,0,0,,0,,0,0,0,0,0,0,0,0,0,0,0,0,0,0
15502126.94,4944944.148,15505126.94,4944944.148,15505126.94,4941944.148,15502126.94,4941944.148,63515106.93,0,0,0,0,0,0,0,0,0,0,,0,,0,0,0,0,0,0,0,0,0,0,0,0,0,0
