vertex1_x,vertex1_y,vertex2_x,vertex2_y,vertex3_x,vertex3_y,vertex4_x,vertex4_y,Area,Areal Frequency B20,Areal Frequency P20,Branch Mean Length,Branch Min Length,Branch Max Length,Connections per Branch,Connections per Trace,Connection Frequency,Dimensionless Intensity B22,Dimensionless Intensity P22,Fracture Density (Mauldon),Fracture Intensity B21,Fracture Intensity (Mauldon),Fracture Intensity P21,Number of Branches,Number of Branches (Real),Number of Traces,Number of Traces (Real),Trace Mean Length,Trace Min Length,Trace Max Length,1(NC/NB)Number of connected nodes per branch,2(NC/NL)Number of connected nodes per fault line,3(NB/NL)Number of branches per fault line,4(NC/A)Number of connected nodes per unit area,5(NB/A)Number of branch faults per unit area ,6(NL/A)The number of fault lines per unit area 
15330749.27,5124824.717,15333749.27,5124824.717,15333749.27,5121824.717,15330749.27,5121824.717,63515106.93,0,0,0,0,0,0,0,0,0,0,,0,,0,0,0,0,0,0,0,0,0,0,0,0,0,0
15330749.27,5121824.717,15333749.27,5121824.717,15333749.27,5118824.717,15330749.27,5118824.717,63515106.93,0,0,0,0,0,0,0,0,0,0,,0,,0,0,0,0,0,0,0,0,0,0,0,0,0,0
15330749.27,5118824.717,15333749.27,5118824.717,15333749.27,5115824.717,15330749.27,5115824.717,63515106.93,0,0,0,0,0,0,0,0,0,0,,0,,0,0,0,0,0,0,0,0,0,0,0,0,0,0
15330749.27,5115824.717,15333749.27,5115824.717,15333749.27,5112824.717,15330749.27,5112824.717,63515106.93,0,0,0,0,0,0,0,0,0,0,,0,,0,0,0,0,0,0,0,0,0,0,0,0,0,0
15330749.27,5112824.717,15333749.27,5112824.717,15333749.27,5109824.717,15330749.27,5109824.717,63515106.93,0,0,0,0,0,0,0,0,0,0,,0,,0,0,0,0,0,0,0,0,0,0,0,0,0,0
15330749.27,5109824.717,15333749.27,5109824.717,15333749.27,5106824.717,15330749.27,5106824.717,63515106.93,0,0,0,0,0,0,0,0,0,0,,0,,0,0,0,0,0,0,0,0,0,0,0,0,0,0
15330749.27,5106824.717,15333749.27,5106824.717,15333749.27,5103824.717,15330749.27,5103824.717,63515106.93,0,0,0,0,0,0,0,0,0,0,,0,,0,0,0,0,0,0,0,0,0,0,0,0,0,0
15330749.27,5103824.717,15333749.27,5103824.717,15333749.27,5100824.717,15330749.27,5100824.717,63515106.93,0,0,0,0,0,0,0,0,0,0,,0,,0,0,0,0,0,0,0,0,0,0,0,0,0,0
15330749.27,5100824.717,15333749.27,5100824.717,15333749.27,5097824.717,15330749.27,5097824.717,63515106.93,0,0,0,0,0,0,0,0,0,0,,0,,0,0,0,0,0,0,0,0,0,0,0,0,0,0
15330749.27,5097824.717,15333749.27,5097824.717,15333749.27,5094824.717,15330749.27,5094824.717,63515106.93,0,0,0,0,0,0,0,0,0,0,,0,,0,0,0,0,0,0,0,0,0,0,0,0,0,0
15330749.27,5094824.717,15333749.27,5094824.717,15333749.27,5091824.717,15330749.27,5091824.717,63515106.93,0,0,0,0,0,0,0,0,0,0,,0,,0,0,0,0,0,0,0,0,0,0,0,0,0,0
15330749.27,5091824.717,15333749.27,5091824.717,15333749.27,5088824.717,15330749.27,5088824.717,63515106.93,0,0,0,0,0,0,0,0,0,0,,0,,0,0,0,0,0,0,0,0,0,0,0,0,0,0
15330749.27,5088824.717,15333749.27,5088824.717,15333749.27,5085824.717,15330749.27,5085824.717,63515106.93,0,0,0,0,0,0,0,0,0,0,,0,,0,0,0,0,0,0,0,0,0,0,0,0,0,0
15330749.27,5085824.717,15333749.27,5085824.717,15333749.27,5082824.717,15330749.27,5082824.717,63515106.93,0,0,0,0,0,0,0,0,0,0,,0,,0,0,0,0,0,0,0,0,0,0,0,0,0,0
15330749.27,5082824.717,15333749.27,5082824.717,15333749.27,5079824.717,15330749.27,5079824.717,63515106.93,0,0,0,0,0,0,0,0,0,0,,0,,0,0,0,0,0,0,0,0,0,0,0,0,0,0
15330749.27,5079824.717,15333749.27,5079824.717,15333749.27,5076824.717,15330749.27,5076824.717,63515106.93,0,0,0,0,0,0,0,0,0,0,,0,,0,0,0,0,0,0,0,0,0,0,0,0,0,0
15330749.27,5076824.717,15333749.27,5076824.717,15333749.27,5073824.717,15330749.27,5073824.717,63515106.93,0,0,0,0,0,0,0,0,0,0,,0,,0,0,0,0,0,0,0,0,0,0,0,0,0,0
15330749.27,5073824.717,15333749.27,5073824.717,15333749.27,5070824.717,15330749.27,5070824.717,63515106.93,0,0,0,0,0,0,0,0,0,0,,0,,0,0,0,0,0,0,0,0,0,0,0,0,0,0
15330749.27,5070824.717,15333749.27,5070824.717,15333749.27,5067824.717,15330749.27,5067824.717,63515106.93,0,0,0,0,0,0,0,0,0,0,,0,,0,0,0,0,0,0,0,0,0,0,0,0,0,0
15330749.27,5067824.717,15333749.27,5067824.717,15333749.27,5064824.717,15330749.27,5064824.717,63515106.93,0,0,0,0,0,0,0,0,0,0,,0,,0,0,0,0,0,0,0,0,0,0,0,0,0,0
15330749.27,5064824.717,15333749.27,5064824.717,15333749.27,5061824.717,15330749.27,5061824.717,63515106.93,0,0,0,0,0,0,0,0,0,0,,0,,0,0,0,0,0,0,0,0,0,0,0,0,0,0
15330749.27,5061824.717,15333749.27,5061824.717,15333749.27,5058824.717,15330749.27,5058824.717,63515106.93,0,0,0,0,0,0,0,0,0,0,,0,,0,0,0,0,0,0,0,0,0,0,0,0,0,0
15330749.27,5058824.717,15333749.27,5058824.717,15333749.27,5055824.717,15330749.27,5055824.717,63515106.93,0,0,0,0,0,0,0,0,0,0,,0,,0,0,0,0,0,0,0,0,0,0,0,0,0,0
15330749.27,5055824.717,15333749.27,5055824.717,15333749.27,5052824.717,15330749.27,5052824.717,63515106.93,0,0,0,0,0,0,0,0,0,0,,0,,0,0,0,0,0,0,0,0,0,0,0,0,0,0
15330749.27,5052824.717,15333749.27,5052824.717,15333749.27,5049824.717,15330749.27,5049824.717,63515106.93,0,0,0,0,0,0,0,0,0,0,,0,,0,0,0,0,0,0,0,0,0,0,0,0,0,0
15330749.27,5049824.717,15333749.27,5049824.717,15333749.27,5046824.717,15330749.27,5046824.717,63515106.93,0,0,0,0,0,0,0,0,0,0,,0,,0,0,0,0,0,0,0,0,0,0,0,0,0,0
15330749.27,5046824.717,15333749.27,5046824.717,15333749.27,5043824.717,15330749.27,5043824.717,63515106.93,0,0,0,0,0,0,0,0,0,0,,0,,0,0,0,0,0,0,0,0,0,0,0,0,0,0
15330749.27,5043824.717,15333749.27,5043824.717,15333749.27,5040824.717,15330749.27,5040824.717,63515106.93,0,0,0,0,0,0,0,0,0,0,,0,,0,0,0,0,0,0,0,0,0,0,0,0,0,0
15330749.27,5040824.717,15333749.27,5040824.717,15333749.27,5037824.717,15330749.27,5037824.717,63515106.93,0,0,0,0,0,0,0,0,0,0,,0,,0,0,0,0,0,0,0,0,0,0,0,0,0,0
15330749.27,5037824.717,15333749.27,5037824.717,15333749.27,5034824.717,15330749.27,5034824.717,63515106.93,0,0,0,0,0,0,0,0,0,0,,0,,0,0,0,0,0,0,0,0,0,0,0,0,0,0
15330749.27,5034824.717,15333749.27,5034824.717,15333749.27,5031824.717,15330749.27,5031824.717,63515106.93,0,0,0,0,0,0,0,0,0,0,,0,,0,0,0,0,0,0,0,0,0,0,0,0,0,0
15330749.27,5031824.717,15333749.27,5031824.717,15333749.27,5028824.717,15330749.27,5028824.717,63515106.93,0,0,0,0,0,0,0,0,0,0,,0,,0,0,0,0,0,0,0,0,0,0,0,0,0,0
15330749.27,5028824.717,15333749.27,5028824.717,15333749.27,5025824.717,15330749.27,5025824.717,63515106.93,0,0,0,0,0,0,0,0,0,0,,0,,0,0,0,0,0,0,0,0,0,0,0,0,0,0
15330749.27,5025824.717,15333749.27,5025824.717,15333749.27,5022824.717,15330749.27,5022824.717,63515106.93,0,0,0,0,0,0,0,0,0,0,,0,,0,0,0,0,0,0,0,0,0,0,0,0,0,0
15330749.27,5022824.717,15333749.27,5022824.717,15333749.27,5019824.717,15330749.27,5019824.717,63515106.93,0,0,0,0,0,0,0,0,0,0,,0,,0,0,0,0,0,0,0,0,0,0,0,0,0,0
15330749.27,5019824.717,15333749.27,5019824.717,15333749.27,5016824.717,15330749.27,5016824.717,63515106.93,0,0,0,0,0,0,0,0,0,0,,0,,0,0,0,0,0,0,0,0,0,0,0,0,0,0
15330749.27,5016824.717,15333749.27,5016824.717,15333749.27,5013824.717,15330749.27,5013824.717,63515106.93,0,0,0,0,0,0,0,0,0,0,,0,,0,0,0,0,0,0,0,0,0,0,0,0,0,0
15330749.27,5013824.717,15333749.27,5013824.717,15333749.27,5010824.717,15330749.27,5010824.717,63515106.93,0,0,0,0,0,0,0,0,0,0,,0,,0,0,0,0,0,0,0,0,0,0,0,0,0,0
15330749.27,5010824.717,15333749.27,5010824.717,15333749.27,5007824.717,15330749.27,5007824.717,63515106.93,0,0,0,2391.340706,2391.340706,0,0,0,0,0.090033862,,3.76E-05,,3.76E-05,0,1,0,1,2391.340706,2391.340706,2391.340706,0,0,0,0,0,0
15330749.27,5007824.717,15333749.27,5007824.717,15333749.27,5004824.717,15330749.27,5004824.717,63515106.93,0,0,0,3483.943265,3483.943265,0,0,0,0,0.191101948,,5.49E-05,,5.49E-05,0,1,0,1,3483.943265,3483.943265,3483.943265,0,0,0,0,0,0
15330749.27,5004824.717,15333749.27,5004824.717,15333749.27,5001824.717,15330749.27,5001824.717,63515106.93,0,0,0,1223.57943,1223.57943,0,0,0,0,0.023571504,,1.93E-05,,1.93E-05,0,1,0,1,1223.57943,1223.57943,1223.57943,0,0,0,0,0,0
15330749.27,5001824.717,15333749.27,5001824.717,15333749.27,4998824.717,15330749.27,4998824.717,63515106.93,0,0,0,0,0,0,0,0,0,0,,0,,0,0,0,0,0,0,0,0,0,0,0,0,0,0
15330749.27,4998824.717,15333749.27,4998824.717,15333749.27,4995824.717,15330749.27,4995824.717,63515106.93,0,0,0,0,0,0,0,0,0,0,,0,,0,0,0,0,0,0,0,0,0,0,0,0,0,0
15330749.27,4995824.717,15333749.27,4995824.717,15333749.27,4992824.717,15330749.27,4992824.717,63515106.93,0,0,0,1675.63659,1675.63659,0,0,0,0,0.044206144,,2.64E-05,,2.64E-05,0,1,0,1,1675.63659,1675.63659,1675.63659,0,0,0,0,0,0
15330749.27,4992824.717,15333749.27,4992824.717,15333749.27,4989824.717,15330749.27,4989824.717,63515106.93,0,0,0,244.8579298,6014.633882,0,0,0,0,0.308440348,,9.86E-05,,9.86E-05,0,2,0,2,3129.746132,244.8579298,6014.634334,0,0,0,0,0,0
15330749.27,4989824.717,15333749.27,4989824.717,15333749.27,4986824.717,15330749.27,4986824.717,63515106.93,3.15E-08,1.57E-08,6910.041802,2204.775133,4306.082895,1.5,2,1.57E-08,1.503537663,1.002358442,,0.000217587,,0.000217587,2,4,1,3,4606.694535,2204.775133,7502.668211,0.5,1,3.5,1,3.000000008,31757554.47
15330749.27,4986824.717,15333749.27,4986824.717,15333749.27,4983824.717,15330749.27,4983824.717,63515106.93,3.15E-08,1.57E-08,7486.696321,1937.808492,6980.552527,1.5,2,1.57E-08,1.764954024,1.176636016,,0.000235745,,0.000235745,2,4,1,3,4991.13088,2858.446239,6980.552527,0.5,1,3.5,1,3.000000008,31757554.47
15330749.27,4983824.717,15333749.27,4983824.717,15333749.27,4980824.717,15330749.27,4980824.717,63515106.93,7.87E-09,7.87E-09,21214.23213,2490.348693,8116.76735,0,0,0,3.542807898,0.885701974,,0.000167001,,0.000167001,0.5,2,0.5,2,5303.558033,2490.348716,8116.76735,0,0,1,0,7.87E-09,31757553.47
15330749.27,4980824.717,15333749.27,4980824.717,15333749.27,4977824.717,15330749.27,4977824.717,63515106.93,0,0,0,4746.773732,4746.773732,0,0,0,0,0.354748058,,7.47E-05,,7.47E-05,0,1,0,1,4746.773732,4746.773732,4746.773732,0,0,0,0,0,0
15330749.27,4977824.717,15333749.27,4977824.717,15333749.27,4974824.717,15330749.27,4974824.717,63515106.93,0,0,0,0,0,0,0,0,0,0,,0,,0,0,0,0,0,0,0,0,0,0,0,0,0,0
15330749.27,4974824.717,15333749.27,4974824.717,15333749.27,4971824.717,15330749.27,4971824.717,63515106.93,7.87E-09,7.87E-09,6931.008279,3465.504139,3465.504139,0,0,0,0.378168896,0.189084448,,5.46E-05,,5.46E-05,0.5,1,0.5,1,3465.504139,3465.504139,3465.504139,0,0,1,0,7.87E-09,31757553.47
15330749.27,4971824.717,15333749.27,4971824.717,15333749.27,4968824.717,15330749.27,4968824.717,63515106.93,7.87E-09,7.87E-09,7747.003469,3873.501734,3873.501734,0,0,0,0.472455024,0.236227512,,6.10E-05,,6.10E-05,0.5,1,0.5,1,3873.501734,3873.501734,3873.501734,0,0,1,0,7.87E-09,31757553.47
15330749.27,4968824.717,15333749.27,4968824.717,15333749.27,4965824.717,15330749.27,4965824.717,63515106.93,7.87E-09,7.87E-09,4385.572455,2192.786228,2192.786228,0,0,0,0.15140686,0.07570343,,3.45E-05,,3.45E-05,0.5,1,0.5,1,2192.786228,2192.786228,2192.786228,0,0,1,0,7.87E-09,31757553.47
15330749.27,4965824.717,15333749.27,4965824.717,15333749.27,4962824.717,15330749.27,4962824.717,63515106.93,0,0,0,0,0,0,0,0,0,0,,0,,0,0,0,0,0,0,0,0,0,0,0,0,0,0
15330749.27,4962824.717,15333749.27,4962824.717,15333749.27,4959824.717,15330749.27,4959824.717,63515106.93,0,0,0,0,0,0,0,0,0,0,,0,,0,0,0,0,0,0,0,0,0,0,0,0,0,0
15330749.27,4959824.717,15333749.27,4959824.717,15333749.27,4956824.717,15330749.27,4956824.717,63515106.93,0,0,0,0,0,0,0,0,0,0,,0,,0,0,0,0,0,0,0,0,0,0,0,0,0,0
15330749.27,4956824.717,15333749.27,4956824.717,15333749.27,4953824.717,15330749.27,4953824.717,63515106.93,0,0,0,0,0,0,0,0,0,0,,0,,0,0,0,0,0,0,0,0,0,0,0,0,0,0
15330749.27,4953824.717,15333749.27,4953824.717,15333749.27,4950824.717,15330749.27,4950824.717,63515106.93,0,0,0,0,0,0,0,0,0,0,,0,,0,0,0,0,0,0,0,0,0,0,0,0,0,0
15330749.27,4950824.717,15333749.27,4950824.717,15333749.27,4947824.717,15330749.27,4947824.717,63515106.93,0,0,0,0,0,0,0,0,0,0,,0,,0,0,0,0,0,0,0,0,0,0,0,0,0,0
15330749.27,4947824.717,15333749.27,4947824.717,15333749.27,4944824.717,15330749.27,4944824.717,63515106.93,0,0,0,0,0,0,0,0,0,0,,0,,0,0,0,0,0,0,0,0,0,0,0,0,0,0
15330749.27,4944824.717,15333749.27,4944824.717,15333749.27,4941824.717,15330749.27,4941824.717,63515106.93,0,0,0,0,0,0,0,0,0,0,,0,,0,0,0,0,0,0,0,0,0,0,0,0,0,0
15333749.27,5124824.717,15336749.27,5124824.717,15336749.27,5121824.717,15333749.27,5121824.717,63515106.93,0,0,0,0,0,0,0,0,0,0,,0,,0,0,0,0,0,0,0,0,0,0,0,0,0,0
15333749.27,5121824.717,15336749.27,5121824.717,15336749.27,5118824.717,15333749.27,5118824.717,63515106.93,0,0,0,0,0,0,0,0,0,0,,0,,0,0,0,0,0,0,0,0,0,0,0,0,0,0
15333749.27,5118824.717,15336749.27,5118824.717,15336749.27,5115824.717,15333749.27,5115824.717,63515106.93,0,0,0,0,0,0,0,0,0,0,,0,,0,0,0,0,0,0,0,0,0,0,0,0,0,0
15333749.27,5115824.717,15336749.27,5115824.717,15336749.27,5112824.717,15333749.27,5112824.717,63515106.93,0,0,0,0,0,0,0,0,0,0,,0,,0,0,0,0,0,0,0,0,0,0,0,0,0,0
15333749.27,5112824.717,15336749.27,5112824.717,15336749.27,5109824.717,15333749.27,5109824.717,63515106.93,0,0,0,0,0,0,0,0,0,0,,0,,0,0,0,0,0,0,0,0,0,0,0,0,0,0
15333749.27,5109824.717,15336749.27,5109824.717,15336749.27,5106824.717,15333749.27,5106824.717,63515106.93,0,0,0,0,0,0,0,0,0,0,,0,,0,0,0,0,0,0,0,0,0,0,0,0,0,0
15333749.27,5106824.717,15336749.27,5106824.717,15336749.27,5103824.717,15333749.27,5103824.717,63515106.93,0,0,0,0,0,0,0,0,0,0,,0,,0,0,0,0,0,0,0,0,0,0,0,0,0,0
15333749.27,5103824.717,15336749.27,5103824.717,15336749.27,5100824.717,15333749.27,5100824.717,63515106.93,0,0,0,0,0,0,0,0,0,0,,0,,0,0,0,0,0,0,0,0,0,0,0,0,0,0
15333749.27,5100824.717,15336749.27,5100824.717,15336749.27,5097824.717,15333749.27,5097824.717,63515106.93,0,0,0,0,0,0,0,0,0,0,,0,,0,0,0,0,0,0,0,0,0,0,0,0,0,0
15333749.27,5097824.717,15336749.27,5097824.717,15336749.27,5094824.717,15333749.27,5094824.717,63515106.93,0,0,0,0,0,0,0,0,0,0,,0,,0,0,0,0,0,0,0,0,0,0,0,0,0,0
15333749.27,5094824.717,15336749.27,5094824.717,15336749.27,5091824.717,15333749.27,5091824.717,63515106.93,0,0,0,0,0,0,0,0,0,0,,0,,0,0,0,0,0,0,0,0,0,0,0,0,0,0
15333749.27,5091824.717,15336749.27,5091824.717,15336749.27,5088824.717,15333749.27,5088824.717,63515106.93,0,0,0,0,0,0,0,0,0,0,,0,,0,0,0,0,0,0,0,0,0,0,0,0,0,0
15333749.27,5088824.717,15336749.27,5088824.717,15336749.27,5085824.717,15333749.27,5085824.717,63515106.93,0,0,0,0,0,0,0,0,0,0,,0,,0,0,0,0,0,0,0,0,0,0,0,0,0,0
15333749.27,5085824.717,15336749.27,5085824.717,15336749.27,5082824.717,15333749.27,5082824.717,63515106.93,0,0,0,0,0,0,0,0,0,0,,0,,0,0,0,0,0,0,0,0,0,0,0,0,0,0
15333749.27,5082824.717,15336749.27,5082824.717,15336749.27,5079824.717,15333749.27,5079824.717,63515106.93,0,0,0,0,0,0,0,0,0,0,,0,,0,0,0,0,0,0,0,0,0,0,0,0,0,0
15333749.27,5079824.717,15336749.27,5079824.717,15336749.27,5076824.717,15333749.27,5076824.717,63515106.93,0,0,0,0,0,0,0,0,0,0,,0,,0,0,0,0,0,0,0,0,0,0,0,0,0,0
15333749.27,5076824.717,15336749.27,5076824.717,15336749.27,5073824.717,15333749.27,5073824.717,63515106.93,0,0,0,0,0,0,0,0,0,0,,0,,0,0,0,0,0,0,0,0,0,0,0,0,0,0
15333749.27,5073824.717,15336749.27,5073824.717,15336749.27,5070824.717,15333749.27,5070824.717,63515106.93,0,0,0,0,0,0,0,0,0,0,,0,,0,0,0,0,0,0,0,0,0,0,0,0,0,0
15333749.27,5070824.717,15336749.27,5070824.717,15336749.27,5067824.717,15333749.27,5067824.717,63515106.93,0,0,0,0,0,0,0,0,0,0,,0,,0,0,0,0,0,0,0,0,0,0,0,0,0,0
15333749.27,5067824.717,15336749.27,5067824.717,15336749.27,5064824.717,15333749.27,5064824.717,63515106.93,0,0,0,0,0,0,0,0,0,0,,0,,0,0,0,0,0,0,0,0,0,0,0,0,0,0
15333749.27,5064824.717,15336749.27,5064824.717,15336749.27,5061824.717,15333749.27,5061824.717,63515106.93,0,0,0,0,0,0,0,0,0,0,,0,,0,0,0,0,0,0,0,0,0,0,0,0,0,0
15333749.27,5061824.717,15336749.27,5061824.717,15336749.27,5058824.717,15333749.27,5058824.717,63515106.93,0,0,0,0,0,0,0,0,0,0,,0,,0,0,0,0,0,0,0,0,0,0,0,0,0,0
15333749.27,5058824.717,15336749.27,5058824.717,15336749.27,5055824.717,15333749.27,5055824.717,63515106.93,0,0,0,0,0,0,0,0,0,0,,0,,0,0,0,0,0,0,0,0,0,0,0,0,0,0
15333749.27,5055824.717,15336749.27,5055824.717,15336749.27,5052824.717,15333749.27,5052824.717,63515106.93,0,0,0,0,0,0,0,0,0,0,,0,,0,0,0,0,0,0,0,0,0,0,0,0,0,0
15333749.27,5052824.717,15336749.27,5052824.717,15336749.27,5049824.717,15333749.27,5049824.717,63515106.93,0,0,0,0,0,0,0,0,0,0,,0,,0,0,0,0,0,0,0,0,0,0,0,0,0,0
15333749.27,5049824.717,15336749.27,5049824.717,15336749.27,5046824.717,15333749.27,5046824.717,63515106.93,0,0,0,0,0,0,0,0,0,0,,0,,0,0,0,0,0,0,0,0,0,0,0,0,0,0
15333749.27,5046824.717,15336749.27,5046824.717,15336749.27,5043824.717,15333749.27,5043824.717,63515106.93,0,0,0,0,0,0,0,0,0,0,,0,,0,0,0,0,0,0,0,0,0,0,0,0,0,0
15333749.27,5043824.717,15336749.27,5043824.717,15336749.27,5040824.717,15333749.27,5040824.717,63515106.93,0,0,0,0,0,0,0,0,0,0,,0,,0,0,0,0,0,0,0,0,0,0,0,0,0,0
15333749.27,5040824.717,15336749.27,5040824.717,15336749.27,5037824.717,15333749.27,5037824.717,63515106.93,0,0,0,0,0,0,0,0,0,0,,0,,0,0,0,0,0,0,0,0,0,0,0,0,0,0
15333749.27,5037824.717,15336749.27,5037824.717,15336749.27,5034824.717,15333749.27,5034824.717,63515106.93,0,0,0,0,0,0,0,0,0,0,,0,,0,0,0,0,0,0,0,0,0,0,0,0,0,0
15333749.27,5034824.717,15336749.27,5034824.717,15336749.27,5031824.717,15333749.27,5031824.717,63515106.93,0,0,0,0,0,0,0,0,0,0,,0,,0,0,0,0,0,0,0,0,0,0,0,0,0,0
15333749.27,5031824.717,15336749.27,5031824.717,15336749.27,5028824.717,15333749.27,5028824.717,63515106.93,0,0,0,0,0,0,0,0,0,0,,0,,0,0,0,0,0,0,0,0,0,0,0,0,0,0
15333749.27,5028824.717,15336749.27,5028824.717,15336749.27,5025824.717,15333749.27,5025824.717,63515106.93,0,0,0,0,0,0,0,0,0,0,,0,,0,0,0,0,0,0,0,0,0,0,0,0,0,0
15333749.27,5025824.717,15336749.27,5025824.717,15336749.27,5022824.717,15333749.27,5022824.717,63515106.93,0,0,0,0,0,0,0,0,0,0,,0,,0,0,0,0,0,0,0,0,0,0,0,0,0,0
15333749.27,5022824.717,15336749.27,5022824.717,15336749.27,5019824.717,15333749.27,5019824.717,63515106.93,0,0,0,0,0,0,0,0,0,0,,0,,0,0,0,0,0,0,0,0,0,0,0,0,0,0
15333749.27,5019824.717,15336749.27,5019824.717,15336749.27,5016824.717,15333749.27,5016824.717,63515106.93,0,0,0,0,0,0,0,0,0,0,,0,,0,0,0,0,0,0,0,0,0,0,0,0,0,0
15333749.27,5016824.717,15336749.27,5016824.717,15336749.27,5013824.717,15333749.27,5013824.717,63515106.93,0,0,0,4060.262755,4060.262755,0,0,0,0,0.259556103,,6.39E-05,,6.39E-05,0,1,0,1,4060.262755,4060.262755,4060.262755,0,0,0,0,0,0
15333749.27,5013824.717,15336749.27,5013824.717,15336749.27,5010824.717,15333749.27,5010824.717,63515106.93,0,0,0,7099.263669,7099.263669,0,0,0,0,0.793504838,,0.000111773,,0.000111773,0,1,0,1,7099.263669,7099.263669,7099.263669,0,0,0,0,0,0
15333749.27,5010824.717,15336749.27,5010824.717,15336749.27,5007824.717,15333749.27,5007824.717,63515106.93,0,0,0,8140.817509,8140.817509,0,0,0,0,1.043419635,,0.000128171,,0.000128171,0,1,0,1,8140.817509,8140.817509,8140.817509,0,0,0,0,0,0
15333749.27,5007824.717,15336749.27,5007824.717,15336749.27,5004824.717,15333749.27,5004824.717,63515106.93,0,0,0,8475.28461,8475.28461,0,0,0,0,1.130919126,,0.000133437,,0.000133437,0,1,0,1,8475.28461,8475.28461,8475.28461,0,0,0,0,0,0
15333749.27,5004824.717,15336749.27,5004824.717,15336749.27,5001824.717,15333749.27,5001824.717,63515106.93,0,0,0,8346.673361,8346.673361,0,0,0,0,1.096856473,,0.000131412,,0.000131412,0,1,0,1,8346.673361,8346.673361,8346.673361,0,0,0,0,0,0
15333749.27,5001824.717,15336749.27,5001824.717,15336749.27,4998824.717,15333749.27,4998824.717,63515106.93,0,0,0,8517.288788,8517.288788,0,0,0,0,1.142156753,,0.000134099,,0.000134099,0,1,0,1,8517.288788,8517.288788,8517.288788,0,0,0,0,0,0
15333749.27,4998824.717,15336749.27,4998824.717,15336749.27,4995824.717,15333749.27,4995824.717,63515106.93,0,0,0,8470.623685,8470.623685,0,0,0,0,1.129675585,,0.000133364,,0.000133364,0,1,0,1,8470.623685,8470.623685,8470.623685,0,0,0,0,0,0
15333749.27,4995824.717,15336749.27,4995824.717,15336749.27,4992824.717,15333749.27,4992824.717,63515106.93,0,0,0,8719.278046,8719.278046,0,0,0,0,1.19697209,,0.000137279,,0.000137279,0,1,0,1,8719.278083,8719.278083,8719.278083,0,0,0,0,0,0
15333749.27,4992824.717,15336749.27,4992824.717,15336749.27,4989824.717,15333749.27,4989824.717,63515106.93,2.36E-08,7.87E-09,6294.190222,189.5461,8781.936176,2,4,1.57E-08,0.935608058,0.701706043,,0.000148646,,0.000148646,1.5,3,0.5,2,4720.642666,469.8030116,8971.482321,0.666666667,2,3,1,3,1
15333749.27,4989824.717,15336749.27,4989824.717,15336749.27,4986824.717,15333749.27,4986824.717,63515106.93,2.36E-08,7.87E-09,10362.13405,1993.51943,5935.949572,2,4,1.57E-08,2.535786221,1.26789311,,0.000244717,,0.000244717,1.5,4,0.5,3,5181.067023,1993.51943,8954.901041,0.666666667,2,3,1,3,1
15333749.27,4986824.717,15336749.27,4986824.717,15336749.27,4983824.717,15333749.27,4983824.717,63515106.93,3.15E-08,1.57E-08,10005.48339,2857.249872,7828.558455,1.5,2,1.57E-08,3.152311403,2.101540935,,0.000315058,,0.000315058,2,4,1,3,6670.322262,6053.835138,7828.558455,0.5,1,3.5,1,3.000000008,31757554.47
15333749.27,4983824.717,15336749.27,4983824.717,15336749.27,4980824.717,15333749.27,4980824.717,63515106.93,7.87E-09,7.87E-09,33357.13695,2674.564649,8978.391737,0,0,0,8.759322304,1.459887051,,0.000262592,,0.000262592,0.5,3,0.5,3,5559.522825,2674.564433,8978.391737,0,0,1,0,7.87E-09,31757553.47
15333749.27,4980824.717,15336749.27,4980824.717,15336749.27,4977824.717,15333749.27,4977824.717,63515106.93,0,0,0,8655.814559,8655.814559,0,0,0,0,1.179611108,,0.00013628,,0.00013628,0,1,0,1,8655.814559,8655.814559,8655.814559,0,0,0,0,0,0
15333749.27,4977824.717,15336749.27,4977824.717,15336749.27,4974824.717,15333749.27,4974824.717,63515106.93,0,0,0,6187.250654,6187.250654,0,0,0,0,0.602723864,,9.74E-05,,9.74E-05,0,1,0,1,6187.250654,6187.250654,6187.250654,0,0,0,0,0,0
15333749.27,4974824.717,15336749.27,4974824.717,15336749.27,4971824.717,15333749.27,4971824.717,63515106.93,7.87E-09,7.87E-09,13733.30258,6866.651288,6866.651288,0,0,0,1.484714493,0.742357247,,0.000108111,,0.000108111,0.5,1,0.5,1,6866.651288,6866.651288,6866.651288,0,0,1,0,7.87E-09,31757553.47
15333749.27,4971824.717,15336749.27,4971824.717,15336749.27,4968824.717,15333749.27,4968824.717,63515106.93,7.87E-09,7.87E-09,13503.35573,6751.677864,6751.677864,0,0,0,1.435411391,0.717705695,,0.0001063,,0.0001063,0.5,1,0.5,1,6751.677864,6751.677864,6751.677864,0,0,1,0,7.87E-09,31757553.47
15333749.27,4968824.717,15336749.27,4968824.717,15336749.27,4965824.717,15333749.27,4965824.717,63515106.93,7.87E-09,7.87E-09,8626.36375,4313.181875,4313.181875,0,0,0,0.585798837,0.292899419,,6.79E-05,,6.79E-05,0.5,1,0.5,1,4313.181875,4313.181875,4313.181875,0,0,1,0,7.87E-09,31757553.47
15333749.27,4965824.717,15336749.27,4965824.717,15336749.27,4962824.717,15333749.27,4962824.717,63515106.93,0,0,0,0,0,0,0,0,0,0,,0,,0,0,0,0,0,0,0,0,0,0,0,0,0,0
15333749.27,4962824.717,15336749.27,4962824.717,15336749.27,4959824.717,15333749.27,4959824.717,63515106.93,0,0,0,0,0,0,0,0,0,0,,0,,0,0,0,0,0,0,0,0,0,0,0,0,0,0
15333749.27,4959824.717,15336749.27,4959824.717,15336749.27,4956824.717,15333749.27,4956824.717,63515106.93,0,0,0,0,0,0,0,0,0,0,,0,,0,0,0,0,0,0,0,0,0,0,0,0,0,0
15333749.27,4956824.717,15336749.27,4956824.717,15336749.27,4953824.717,15333749.27,4953824.717,63515106.93,0,0,0,0,0,0,0,0,0,0,,0,,0,0,0,0,0,0,0,0,0,0,0,0,0,0
15333749.27,4953824.717,15336749.27,4953824.717,15336749.27,4950824.717,15333749.27,4950824.717,63515106.93,0,0,0,0,0,0,0,0,0,0,,0,,0,0,0,0,0,0,0,0,0,0,0,0,0,0
15333749.27,4950824.717,15336749.27,4950824.717,15336749.27,4947824.717,15333749.27,4947824.717,63515106.93,0,0,0,0,0,0,0,0,0,0,,0,,0,0,0,0,0,0,0,0,0,0,0,0,0,0
15333749.27,4947824.717,15336749.27,4947824.717,15336749.27,4944824.717,15333749.27,4944824.717,63515106.93,0,0,0,0,0,0,0,0,0,0,,0,,0,0,0,0,0,0,0,0,0,0,0,0,0,0
15333749.27,4944824.717,15336749.27,4944824.717,15336749.27,4941824.717,15333749.27,4941824.717,63515106.93,0,0,0,0,0,0,0,0,0,0,,0,,0,0,0,0,0,0,0,0,0,0,0,0,0,0
15336749.27,5124824.717,15339749.27,5124824.717,15339749.27,5121824.717,15336749.27,5121824.717,63515106.93,0,0,0,0,0,0,0,0,0,0,,0,,0,0,0,0,0,0,0,0,0,0,0,0,0,0
15336749.27,5121824.717,15339749.27,5121824.717,15339749.27,5118824.717,15336749.27,5118824.717,63515106.93,0,0,0,0,0,0,0,0,0,0,,0,,0,0,0,0,0,0,0,0,0,0,0,0,0,0
15336749.27,5118824.717,15339749.27,5118824.717,15339749.27,5115824.717,15336749.27,5115824.717,63515106.93,0,0,0,0,0,0,0,0,0,0,,0,,0,0,0,0,0,0,0,0,0,0,0,0,0,0
15336749.27,5115824.717,15339749.27,5115824.717,15339749.27,5112824.717,15336749.27,5112824.717,63515106.93,0,0,0,0,0,0,0,0,0,0,,0,,0,0,0,0,0,0,0,0,0,0,0,0,0,0
15336749.27,5112824.717,15339749.27,5112824.717,15339749.27,5109824.717,15336749.27,5109824.717,63515106.93,0,0,0,0,0,0,0,0,0,0,,0,,0,0,0,0,0,0,0,0,0,0,0,0,0,0
15336749.27,5109824.717,15339749.27,5109824.717,15339749.27,5106824.717,15336749.27,5106824.717,63515106.93,0,0,0,0,0,0,0,0,0,0,,0,,0,0,0,0,0,0,0,0,0,0,0,0,0,0
15336749.27,5106824.717,15339749.27,5106824.717,15339749.27,5103824.717,15336749.27,5103824.717,63515106.93,0,0,0,0,0,0,0,0,0,0,,0,,0,0,0,0,0,0,0,0,0,0,0,0,0,0
15336749.27,5103824.717,15339749.27,5103824.717,15339749.27,5100824.717,15336749.27,5100824.717,63515106.93,0,0,0,0,0,0,0,0,0,0,,0,,0,0,0,0,0,0,0,0,0,0,0,0,0,0
15336749.27,5100824.717,15339749.27,5100824.717,15339749.27,5097824.717,15336749.27,5097824.717,63515106.93,0,0,0,0,0,0,0,0,0,0,,0,,0,0,0,0,0,0,0,0,0,0,0,0,0,0
15336749.27,5097824.717,15339749.27,5097824.717,15339749.27,5094824.717,15336749.27,5094824.717,63515106.93,0,0,0,0,0,0,0,0,0,0,,0,,0,0,0,0,0,0,0,0,0,0,0,0,0,0
15336749.27,5094824.717,15339749.27,5094824.717,15339749.27,5091824.717,15336749.27,5091824.717,63515106.93,0,0,0,0,0,0,0,0,0,0,,0,,0,0,0,0,0,0,0,0,0,0,0,0,0,0
15336749.27,5091824.717,15339749.27,5091824.717,15339749.27,5088824.717,15336749.27,5088824.717,63515106.93,0,0,0,0,0,0,0,0,0,0,,0,,0,0,0,0,0,0,0,0,0,0,0,0,0,0
15336749.27,5088824.717,15339749.27,5088824.717,15339749.27,5085824.717,15336749.27,5085824.717,63515106.93,0,0,0,0,0,0,0,0,0,0,,0,,0,0,0,0,0,0,0,0,0,0,0,0,0,0
15336749.27,5085824.717,15339749.27,5085824.717,15339749.27,5082824.717,15336749.27,5082824.717,63515106.93,0,0,0,0,0,0,0,0,0,0,,0,,0,0,0,0,0,0,0,0,0,0,0,0,0,0
15336749.27,5082824.717,15339749.27,5082824.717,15339749.27,5079824.717,15336749.27,5079824.717,63515106.93,0,0,0,0,0,0,0,0,0,0,,0,,0,0,0,0,0,0,0,0,0,0,0,0,0,0
15336749.27,5079824.717,15339749.27,5079824.717,15339749.27,5076824.717,15336749.27,5076824.717,63515106.93,0,0,0,0,0,0,0,0,0,0,,0,,0,0,0,0,0,0,0,0,0,0,0,0,0,0
15336749.27,5076824.717,15339749.27,5076824.717,15339749.27,5073824.717,15336749.27,5073824.717,63515106.93,0,0,0,0,0,0,0,0,0,0,,0,,0,0,0,0,0,0,0,0,0,0,0,0,0,0
15336749.27,5073824.717,15339749.27,5073824.717,15339749.27,5070824.717,15336749.27,5070824.717,63515106.93,0,0,0,0,0,0,0,0,0,0,,0,,0,0,0,0,0,0,0,0,0,0,0,0,0,0
15336749.27,5070824.717,15339749.27,5070824.717,15339749.27,5067824.717,15336749.27,5067824.717,63515106.93,0,0,0,0,0,0,0,0,0,0,,0,,0,0,0,0,0,0,0,0,0,0,0,0,0,0
15336749.27,5067824.717,15339749.27,5067824.717,15339749.27,5064824.717,15336749.27,5064824.717,63515106.93,0,0,0,0,0,0,0,0,0,0,,0,,0,0,0,0,0,0,0,0,0,0,0,0,0,0
15336749.27,5064824.717,15339749.27,5064824.717,15339749.27,5061824.717,15336749.27,5061824.717,63515106.93,0,0,0,0,0,0,0,0,0,0,,0,,0,0,0,0,0,0,0,0,0,0,0,0,0,0
15336749.27,5061824.717,15339749.27,5061824.717,15339749.27,5058824.717,15336749.27,5058824.717,63515106.93,0,0,0,0,0,0,0,0,0,0,,0,,0,0,0,0,0,0,0,0,0,0,0,0,0,0
15336749.27,5058824.717,15339749.27,5058824.717,15339749.27,5055824.717,15336749.27,5055824.717,63515106.93,0,0,0,0,0,0,0,0,0,0,,0,,0,0,0,0,0,0,0,0,0,0,0,0,0,0
15336749.27,5055824.717,15339749.27,5055824.717,15339749.27,5052824.717,15336749.27,5052824.717,63515106.93,0,0,0,0,0,0,0,0,0,0,,0,,0,0,0,0,0,0,0,0,0,0,0,0,0,0
15336749.27,5052824.717,15339749.27,5052824.717,15339749.27,5049824.717,15336749.27,5049824.717,63515106.93,0,0,0,0,0,0,0,0,0,0,,0,,0,0,0,0,0,0,0,0,0,0,0,0,0,0
15336749.27,5049824.717,15339749.27,5049824.717,15339749.27,5046824.717,15336749.27,5046824.717,63515106.93,0,0,0,0,0,0,0,0,0,0,,0,,0,0,0,0,0,0,0,0,0,0,0,0,0,0
15336749.27,5046824.717,15339749.27,5046824.717,15339749.27,5043824.717,15336749.27,5043824.717,63515106.93,0,0,0,0,0,0,0,0,0,0,,0,,0,0,0,0,0,0,0,0,0,0,0,0,0,0
15336749.27,5043824.717,15339749.27,5043824.717,15339749.27,5040824.717,15336749.27,5040824.717,63515106.93,0,0,0,0,0,0,0,0,0,0,,0,,0,0,0,0,0,0,0,0,0,0,0,0,0,0
15336749.27,5040824.717,15339749.27,5040824.717,15339749.27,5037824.717,15336749.27,5037824.717,63515106.93,0,0,0,0,0,0,0,0,0,0,,0,,0,0,0,0,0,0,0,0,0,0,0,0,0,0
15336749.27,5037824.717,15339749.27,5037824.717,15339749.27,5034824.717,15336749.27,5034824.717,63515106.93,0,0,0,0,0,0,0,0,0,0,,0,,0,0,0,0,0,0,0,0,0,0,0,0,0,0
15336749.27,5034824.717,15339749.27,5034824.717,15339749.27,5031824.717,15336749.27,5031824.717,63515106.93,0,0,0,0,0,0,0,0,0,0,,0,,0,0,0,0,0,0,0,0,0,0,0,0,0,0
15336749.27,5031824.717,15339749.27,5031824.717,15339749.27,5028824.717,15336749.27,5028824.717,63515106.93,0,0,0,0,0,0,0,0,0,0,,0,,0,0,0,0,0,0,0,0,0,0,0,0,0,0
15336749.27,5028824.717,15339749.27,5028824.717,15339749.27,5025824.717,15336749.27,5025824.717,63515106.93,0,0,0,0,0,0,0,0,0,0,,0,,0,0,0,0,0,0,0,0,0,0,0,0,0,0
15336749.27,5025824.717,15339749.27,5025824.717,15339749.27,5022824.717,15336749.27,5022824.717,63515106.93,0,0,0,1608.538991,1608.538991,0,0,0,0,0.040736727,,2.53E-05,,2.53E-05,0,1,0,1,1608.53895,1608.53895,1608.53895,0,0,0,0,0,0
15336749.27,5022824.717,15339749.27,5022824.717,15339749.27,5019824.717,15336749.27,5019824.717,63515106.93,0,0,0,5310.413299,5310.413299,0,0,0,0,0.443996567,,8.36E-05,,8.36E-05,0,1,0,1,5310.413299,5310.413299,5310.413299,0,0,0,0,0,0
15336749.27,5019824.717,15339749.27,5019824.717,15339749.27,5016824.717,15336749.27,5016824.717,63515106.93,0,0,0,7443.694523,7443.694523,0,0,0,0,0.872368651,,0.000117196,,0.000117196,0,1,0,1,7443.694523,7443.694523,7443.694523,0,0,0,0,0,0
15336749.27,5016824.717,15339749.27,5016824.717,15339749.27,5013824.717,15336749.27,5013824.717,63515106.93,0,0,0,8689.677643,8689.677643,0,0,0,0,1.188858859,,0.000136813,,0.000136813,0,1,0,1,8689.677643,8689.677643,8689.677643,0,0,0,0,0,0
15336749.27,5013824.717,15339749.27,5013824.717,15339749.27,5010824.717,15336749.27,5010824.717,63515106.93,0,0,0,9018.050396,9018.050396,0,0,0,0,1.280407715,,0.000141983,,0.000141983,0,1,0,1,9018.050396,9018.050396,9018.050396,0,0,0,0,0,0
15336749.27,5010824.717,15339749.27,5010824.717,15339749.27,5007824.717,15336749.27,5007824.717,63515106.93,0,0,0,9324.704322,9324.704322,0,0,0,0,1.368967398,,0.000146811,,0.000146811,0,1,0,1,9324.704322,9324.704322,9324.704322,0,0,0,0,0,0
15336749.27,5007824.717,15339749.27,5007824.717,15339749.27,5004824.717,15336749.27,5004824.717,63515106.93,0,0,0,9113.444368,9113.444368,0,0,0,0,1.307639588,,0.000143485,,0.000143485,0,1,0,1,9113.444368,9113.444368,9113.444368,0,0,0,0,0,0
15336749.27,5004824.717,15339749.27,5004824.717,15339749.27,5001824.717,15336749.27,5001824.717,63515106.93,0,0,0,8678.849155,8678.849155,0,0,0,0,1.185897754,,0.000136642,,0.000136642,0,1,0,1,8678.849155,8678.849155,8678.849155,0,0,0,0,0,0
15336749.27,5001824.717,15339749.27,5001824.717,15339749.27,4998824.717,15336749.27,4998824.717,63515106.93,0,0,0,8781.041273,8781.041273,0,0,0,0,1.213989704,,0.000138251,,0.000138251,0,1,0,1,8781.041273,8781.041273,8781.041273,0,0,0,0,0,0
15336749.27,4998824.717,15339749.27,4998824.717,15339749.27,4995824.717,15336749.27,4995824.717,63515106.93,0,0,0,8781.862948,8781.862948,0,0,0,0,1.214216909,,0.000138264,,0.000138264,0,1,0,1,8781.862948,8781.862948,8781.862948,0,0,0,0,0,0
15336749.27,4995824.717,15339749.27,4995824.717,15339749.27,4992824.717,15336749.27,4992824.717,63515106.93,0,0,0,8380.390728,8380.390728,0,0,0,0,1.105736133,,0.000131943,,0.000131943,0,1,0,1,8380.390728,8380.390728,8380.390728,0,0,0,0,0,0
15336749.27,4992824.717,15339749.27,4992824.717,15339749.27,4989824.717,15336749.27,4989824.717,63515106.93,0,0,0,7611.454013,7611.454013,0,0,0,0,0.912133068,,0.000119837,,0.000119837,0,1,0,1,7611.453827,7611.453827,7611.453827,0,0,0,0,0,0
15336749.27,4989824.717,15339749.27,4989824.717,15339749.27,4986824.717,15336749.27,4986824.717,63515106.93,2.36E-08,7.87E-09,8278.406278,468.153855,6392.933754,2,4,1.57E-08,1.618481346,1.213861009,,0.000195506,,0.000195506,1.5,3,0.5,2,6208.804708,6024.675662,6392.933754,0.666666667,2,3,1,3,1
15336749.27,4986824.717,15339749.27,4986824.717,15339749.27,4983824.717,15336749.27,4983824.717,63515106.93,2.36E-08,7.87E-09,7078.704602,552.7682585,8901.973529,2,4,1.57E-08,1.183373403,0.887530053,,0.000167174,,0.000167174,1.5,3,0.5,2,5309.028452,1716.083375,8901.973529,0.666666667,2,3,1,3,1
15336749.27,4983824.717,15339749.27,4983824.717,15339749.27,4980824.717,15336749.27,4980824.717,63515106.93,0,0,0,7150.356159,7741.331379,0,0,0,0,1.745744977,,0.000234459,,0.000234459,0,2,0,2,7445.843769,7150.356159,7741.331379,0,0,0,0,0,0
15336749.27,4980824.717,15339749.27,4980824.717,15339749.27,4977824.717,15336749.27,4977824.717,63515106.93,0,0,0,8819.20833,8819.20833,0,0,0,0,1.224565923,,0.000138852,,0.000138852,0,1,0,1,8819.20833,8819.20833,8819.20833,0,0,0,0,0,0
15336749.27,4977824.717,15339749.27,4977824.717,15339749.27,4974824.717,15336749.27,4974824.717,63515106.93,0,0,0,733.9651082,8901.518973,0,0,0,0,0.730869851,,0.000151704,,0.000151704,0,2,0,2,4817.742041,733.9651082,8901.518973,0,0,0,0,0,0
15336749.27,4974824.717,15339749.27,4974824.717,15339749.27,4971824.717,15336749.27,4971824.717,63515106.93,1.57E-08,1.57E-08,15471.029,1454.034706,8207.249523,0,0,0,3.768437932,1.256145977,,0.00024358,,0.00024358,1,3,1,3,5157.009665,1454.034706,8207.249523,0,0,1,0,1.57E-08,63515106.93
15336749.27,4971824.717,15339749.27,4971824.717,15339749.27,4968824.717,15336749.27,4968824.717,63515106.93,1.57E-08,1.57E-08,14482.76158,1536.939501,8785.126764,0,0,0,3.302369987,1.100789996,,0.000228021,,0.000228021,1,3,1,3,4827.587192,1536.939501,8785.126764,0,0,1,0,1.57E-08,63515106.93
15336749.27,4968824.717,15339749.27,4968824.717,15339749.27,4965824.717,15336749.27,4965824.717,63515106.93,7.87E-09,7.87E-09,18350.39874,2765.225966,6409.973403,0,0,0,2.650842847,0.662710712,,0.000144457,,0.000144457,0.5,2,0.5,2,4587.599684,2765.225966,6409.973403,0,0,1,0,7.87E-09,31757553.47
15336749.27,4965824.717,15339749.27,4965824.717,15339749.27,4962824.717,15336749.27,4962824.717,63515106.93,0,0,0,5196.920475,5196.920475,0,0,0,0,0.425221396,,8.18E-05,,8.18E-05,0,1,0,1,5196.920475,5196.920475,5196.920475,0,0,0,0,0,0
15336749.27,4962824.717,15339749.27,4962824.717,15339749.27,4959824.717,15336749.27,4959824.717,63515106.93,0,0,0,0,0,0,0,0,0,0,,0,,0,0,0,0,0,0,0,0,0,0,0,0,0,0
15336749.27,4959824.717,15339749.27,4959824.717,15339749.27,4956824.717,15336749.27,4956824.717,63515106.93,0,0,0,0,0,0,0,0,0,0,,0,,0,0,0,0,0,0,0,0,0,0,0,0,0,0
15336749.27,4956824.717,15339749.27,4956824.717,15339749.27,4953824.717,15336749.27,4953824.717,63515106.93,0,0,0,0,0,0,0,0,0,0,,0,,0,0,0,0,0,0,0,0,0,0,0,0,0,0
15336749.27,4953824.717,15339749.27,4953824.717,15339749.27,4950824.717,15336749.27,4950824.717,63515106.93,0,0,0,0,0,0,0,0,0,0,,0,,0,0,0,0,0,0,0,0,0,0,0,0,0,0
15336749.27,4950824.717,15339749.27,4950824.717,15339749.27,4947824.717,15336749.27,4947824.717,63515106.93,7.87E-09,7.87E-09,1605.03367,802.5168348,802.5168348,0,0,0,0.020279688,0.010139844,,1.26E-05,,1.26E-05,0.5,1,0.5,1,802.5168348,802.5168348,802.5168348,0,0,1,0,7.87E-09,31757553.47
15336749.27,4947824.717,15339749.27,4947824.717,15339749.27,4944824.717,15336749.27,4944824.717,63515106.93,7.87E-09,7.87E-09,4036.186919,2018.09346,2018.09346,0,0,0,0.128243544,0.064121772,,3.18E-05,,3.18E-05,0.5,1,0.5,1,2018.09346,2018.09346,2018.09346,0,0,1,0,7.87E-09,31757553.47
15336749.27,4944824.717,15339749.27,4944824.717,15339749.27,4941824.717,15336749.27,4941824.717,63515106.93,7.87E-09,7.87E-09,1607.667132,803.8335658,803.8335658,0,0,0,0.02034629,0.010173145,,1.27E-05,,1.27E-05,0.5,1,0.5,1,803.8335658,803.8335658,803.8335658,0,0,1,0,7.87E-09,31757553.47
15339749.27,5124824.717,15342749.27,5124824.717,15342749.27,5121824.717,15339749.27,5121824.717,63515106.93,0,0,0,0,0,0,0,0,0,0,,0,,0,0,0,0,0,0,0,0,0,0,0,0,0,0
15339749.27,5121824.717,15342749.27,5121824.717,15342749.27,5118824.717,15339749.27,5118824.717,63515106.93,0,0,0,0,0,0,0,0,0,0,,0,,0,0,0,0,0,0,0,0,0,0,0,0,0,0
15339749.27,5118824.717,15342749.27,5118824.717,15342749.27,5115824.717,15339749.27,5115824.717,63515106.93,0,0,0,0,0,0,0,0,0,0,,0,,0,0,0,0,0,0,0,0,0,0,0,0,0,0
15339749.27,5115824.717,15342749.27,5115824.717,15342749.27,5112824.717,15339749.27,5112824.717,63515106.93,0,0,0,0,0,0,0,0,0,0,,0,,0,0,0,0,0,0,0,0,0,0,0,0,0,0
15339749.27,5112824.717,15342749.27,5112824.717,15342749.27,5109824.717,15339749.27,5109824.717,63515106.93,0,0,0,0,0,0,0,0,0,0,,0,,0,0,0,0,0,0,0,0,0,0,0,0,0,0
15339749.27,5109824.717,15342749.27,5109824.717,15342749.27,5106824.717,15339749.27,5106824.717,63515106.93,0,0,0,0,0,0,0,0,0,0,,0,,0,0,0,0,0,0,0,0,0,0,0,0,0,0
15339749.27,5106824.717,15342749.27,5106824.717,15342749.27,5103824.717,15339749.27,5103824.717,63515106.93,0,0,0,0,0,0,0,0,0,0,,0,,0,0,0,0,0,0,0,0,0,0,0,0,0,0
15339749.27,5103824.717,15342749.27,5103824.717,15342749.27,5100824.717,15339749.27,5100824.717,63515106.93,0,0,0,0,0,0,0,0,0,0,,0,,0,0,0,0,0,0,0,0,0,0,0,0,0,0
15339749.27,5100824.717,15342749.27,5100824.717,15342749.27,5097824.717,15339749.27,5097824.717,63515106.93,0,0,0,0,0,0,0,0,0,0,,0,,0,0,0,0,0,0,0,0,0,0,0,0,0,0
15339749.27,5097824.717,15342749.27,5097824.717,15342749.27,5094824.717,15339749.27,5094824.717,63515106.93,0,0,0,0,0,0,0,0,0,0,,0,,0,0,0,0,0,0,0,0,0,0,0,0,0,0
15339749.27,5094824.717,15342749.27,5094824.717,15342749.27,5091824.717,15339749.27,5091824.717,63515106.93,0,0,0,0,0,0,0,0,0,0,,0,,0,0,0,0,0,0,0,0,0,0,0,0,0,0
15339749.27,5091824.717,15342749.27,5091824.717,15342749.27,5088824.717,15339749.27,5088824.717,63515106.93,0,0,0,0,0,0,0,0,0,0,,0,,0,0,0,0,0,0,0,0,0,0,0,0,0,0
15339749.27,5088824.717,15342749.27,5088824.717,15342749.27,5085824.717,15339749.27,5085824.717,63515106.93,0,0,0,0,0,0,0,0,0,0,,0,,0,0,0,0,0,0,0,0,0,0,0,0,0,0
15339749.27,5085824.717,15342749.27,5085824.717,15342749.27,5082824.717,15339749.27,5082824.717,63515106.93,0,0,0,0,0,0,0,0,0,0,,0,,0,0,0,0,0,0,0,0,0,0,0,0,0,0
15339749.27,5082824.717,15342749.27,5082824.717,15342749.27,5079824.717,15339749.27,5079824.717,63515106.93,0,0,0,0,0,0,0,0,0,0,,0,,0,0,0,0,0,0,0,0,0,0,0,0,0,0
15339749.27,5079824.717,15342749.27,5079824.717,15342749.27,5076824.717,15339749.27,5076824.717,63515106.93,0,0,0,0,0,0,0,0,0,0,,0,,0,0,0,0,0,0,0,0,0,0,0,0,0,0
15339749.27,5076824.717,15342749.27,5076824.717,15342749.27,5073824.717,15339749.27,5073824.717,63515106.93,0,0,0,0,0,0,0,0,0,0,,0,,0,0,0,0,0,0,0,0,0,0,0,0,0,0
15339749.27,5073824.717,15342749.27,5073824.717,15342749.27,5070824.717,15339749.27,5070824.717,63515106.93,0,0,0,0,0,0,0,0,0,0,,0,,0,0,0,0,0,0,0,0,0,0,0,0,0,0
15339749.27,5070824.717,15342749.27,5070824.717,15342749.27,5067824.717,15339749.27,5067824.717,63515106.93,0,0,0,0,0,0,0,0,0,0,,0,,0,0,0,0,0,0,0,0,0,0,0,0,0,0
15339749.27,5067824.717,15342749.27,5067824.717,15342749.27,5064824.717,15339749.27,5064824.717,63515106.93,0,0,0,0,0,0,0,0,0,0,,0,,0,0,0,0,0,0,0,0,0,0,0,0,0,0
15339749.27,5064824.717,15342749.27,5064824.717,15342749.27,5061824.717,15339749.27,5061824.717,63515106.93,0,0,0,0,0,0,0,0,0,0,,0,,0,0,0,0,0,0,0,0,0,0,0,0,0,0
15339749.27,5061824.717,15342749.27,5061824.717,15342749.27,5058824.717,15339749.27,5058824.717,63515106.93,0,0,0,0,0,0,0,0,0,0,,0,,0,0,0,0,0,0,0,0,0,0,0,0,0,0
15339749.27,5058824.717,15342749.27,5058824.717,15342749.27,5055824.717,15339749.27,5055824.717,63515106.93,0,0,0,0,0,0,0,0,0,0,,0,,0,0,0,0,0,0,0,0,0,0,0,0,0,0
15339749.27,5055824.717,15342749.27,5055824.717,15342749.27,5052824.717,15339749.27,5052824.717,63515106.93,0,0,0,0,0,0,0,0,0,0,,0,,0,0,0,0,0,0,0,0,0,0,0,0,0,0
15339749.27,5052824.717,15342749.27,5052824.717,15342749.27,5049824.717,15339749.27,5049824.717,63515106.93,0,0,0,0,0,0,0,0,0,0,,0,,0,0,0,0,0,0,0,0,0,0,0,0,0,0
15339749.27,5049824.717,15342749.27,5049824.717,15342749.27,5046824.717,15339749.27,5046824.717,63515106.93,0,0,0,0,0,0,0,0,0,0,,0,,0,0,0,0,0,0,0,0,0,0,0,0,0,0
15339749.27,5046824.717,15342749.27,5046824.717,15342749.27,5043824.717,15339749.27,5043824.717,63515106.93,0,0,0,0,0,0,0,0,0,0,,0,,0,0,0,0,0,0,0,0,0,0,0,0,0,0
15339749.27,5043824.717,15342749.27,5043824.717,15342749.27,5040824.717,15339749.27,5040824.717,63515106.93,0,0,0,0,0,0,0,0,0,0,,0,,0,0,0,0,0,0,0,0,0,0,0,0,0,0
15339749.27,5040824.717,15342749.27,5040824.717,15342749.27,5037824.717,15339749.27,5037824.717,63515106.93,0,0,0,0,0,0,0,0,0,0,,0,,0,0,0,0,0,0,0,0,0,0,0,0,0,0
15339749.27,5037824.717,15342749.27,5037824.717,15342749.27,5034824.717,15339749.27,5034824.717,63515106.93,0,0,0,0,0,0,0,0,0,0,,0,,0,0,0,0,0,0,0,0,0,0,0,0,0,0
15339749.27,5034824.717,15342749.27,5034824.717,15342749.27,5031824.717,15339749.27,5031824.717,63515106.93,7.87E-09,7.87E-09,698.8304905,349.4152452,349.4152452,0,0,0,0.003844472,0.001922236,,5.50E-06,,5.50E-06,0.5,1,0.5,1,349.4152452,349.4152452,349.4152452,0,0,1,0,7.87E-09,31757553.47
15339749.27,5031824.717,15342749.27,5031824.717,15342749.27,5028824.717,15339749.27,5028824.717,63515106.93,7.87E-09,7.87E-09,7123.858209,3561.929105,3561.929105,0,0,0,0.399506182,0.199753091,,5.61E-05,,5.61E-05,0.5,1,0.5,1,3561.929105,3561.929105,3561.929105,0,0,1,0,7.87E-09,31757553.47
15339749.27,5028824.717,15342749.27,5028824.717,15342749.27,5025824.717,15339749.27,5025824.717,63515106.93,5.51E-08,2.36E-08,3800.395055,1092.137079,4553.675222,1.142857143,1.333333333,1.57E-08,0.795881664,0.696396456,,0.000209421,,0.000209421,3.5,5,1.5,4,3325.345673,2139.679307,4553.675222,0.285714286,0.666666667,5,1.57E-08,4.000000024,95272660.4
15339749.27,5025824.717,15342749.27,5025824.717,15342749.27,5022824.717,15339749.27,5022824.717,63515106.93,4.72E-08,1.57E-08,5645.836399,1092.137079,6170.917457,1.333333333,2,1.57E-08,1.505569471,1.129177103,,0.000266669,,0.000266669,3,5,1,4,4234.3773,2192.296881,7263.054536,0.333333333,1,5,1.57E-08,4.000000016,63515106.93
15339749.27,5022824.717,15342749.27,5022824.717,15342749.27,5019824.717,15339749.27,5019824.717,63515106.93,7.87E-09,7.87E-09,33197.82717,393.5747362,8881.935995,0,0,0,8.675855099,1.44597585,,0.000261338,,0.000261338,0.5,3,0.5,3,5532.971195,393.5747362,8881.935995,0,0,1,0,7.87E-09,31757553.47
15339749.27,5019824.717,15342749.27,5019824.717,15342749.27,5016824.717,15339749.27,5016824.717,63515106.93,0,0,0,6764.662435,9013.897245,0,0,0,0,1.959871892,,0.000248422,,0.000248422,0,2,0,2,7889.27984,6764.662435,9013.897245,0,0,0,0,0,0
15339749.27,5016824.717,15342749.27,5016824.717,15342749.27,5013824.717,15339749.27,5013824.717,63515106.93,0,0,0,5057.640184,8516.492192,0,0,0,0,1.450497989,,0.000213715,,0.000213715,0,2,0,2,6787.066188,5057.640184,8516.492192,0,0,0,0,0,0
15339749.27,5013824.717,15342749.27,5013824.717,15342749.27,5010824.717,15339749.27,5010824.717,63515106.93,0,0,0,7275.674727,7275.674727,0,0,0,0,0.833430743,,0.00011455,,0.00011455,0,1,0,1,7275.674727,7275.674727,7275.674727,0,0,0,0,0,0
15339749.27,5010824.717,15342749.27,5010824.717,15342749.27,5007824.717,15339749.27,5007824.717,63515106.93,0,0,0,3833.901814,3833.901814,0,0,0,0,0.231422158,,6.04E-05,,6.04E-05,0,1,0,1,3833.901814,3833.901814,3833.901814,0,0,0,0,0,0
15339749.27,5007824.717,15342749.27,5007824.717,15342749.27,5004824.717,15339749.27,5004824.717,63515106.93,0,0,0,0,0,0,0,0,0,0,,0,,0,0,0,0,0,0,0,0,0,0,0,0,0,0
15339749.27,5004824.717,15342749.27,5004824.717,15342749.27,5001824.717,15339749.27,5001824.717,63515106.93,0,0,0,2856.246246,2856.246246,0,0,0,0,0.128444129,,4.50E-05,,4.50E-05,0,1,0,1,2856.246246,2856.246246,2856.246246,0,0,0,0,0,0
15339749.27,5001824.717,15342749.27,5001824.717,15342749.27,4998824.717,15339749.27,4998824.717,63515106.93,0,0,0,4507.99475,4507.99475,0,0,0,0,0.31995564,,7.10E-05,,7.10E-05,0,1,0,1,4507.99475,4507.99475,4507.99475,0,0,0,0,0,0
15339749.27,4998824.717,15342749.27,4998824.717,15342749.27,4995824.717,15339749.27,4995824.717,63515106.93,0,0,0,4778.723716,4778.723716,0,0,0,0,0.359539666,,7.52E-05,,7.52E-05,0,1,0,1,4778.723716,4778.723716,4778.723716,0,0,0,0,0,0
15339749.27,4995824.717,15342749.27,4995824.717,15342749.27,4992824.717,15339749.27,4992824.717,63515106.93,0,0,0,2915.981384,2915.981384,0,0,0,0,0.133872835,,4.59E-05,,4.59E-05,0,1,0,1,2915.981384,2915.981384,2915.981384,0,0,0,0,0,0
15339749.27,4992824.717,15342749.27,4992824.717,15342749.27,4989824.717,15339749.27,4989824.717,63515106.93,0,0,0,0,0,0,0,0,0,0,,0,,0,0,0,0,0,0,0,0,0,0,0,0,0,0
15339749.27,4989824.717,15342749.27,4989824.717,15342749.27,4986824.717,15339749.27,4986824.717,63515106.93,0,0,0,2238.674728,2238.674728,0,0,0,0,0.078905079,,3.52E-05,,3.52E-05,0,1,0,1,2238.674728,2238.674728,2238.674728,0,0,0,0,0,0
15339749.27,4986824.717,15342749.27,4986824.717,15342749.27,4983824.717,15339749.27,4983824.717,63515106.93,0,0,0,8266.13902,8266.13902,0,0,0,0,1.075792163,,0.000130144,,0.000130144,0,1,0,1,8266.13902,8266.13902,8266.13902,0,0,0,0,0,0
15339749.27,4983824.717,15342749.27,4983824.717,15342749.27,4980824.717,15339749.27,4980824.717,63515106.93,0,0,0,8819.573039,8819.573039,0,0,0,0,1.224667207,,0.000138858,,0.000138858,0,1,0,1,8819.573039,8819.573039,8819.573039,0,0,0,0,0,0
15339749.27,4980824.717,15342749.27,4980824.717,15342749.27,4977824.717,15339749.27,4977824.717,63515106.93,0,0,0,5627.489168,6124.810055,0,0,0,0,1.087273121,,0.000185032,,0.000185032,0,2,0,2,5876.149612,5627.489168,6124.810055,0,0,0,0,0,0
15339749.27,4977824.717,15342749.27,4977824.717,15342749.27,4974824.717,15339749.27,4974824.717,63515106.93,7.87E-09,7.87E-09,21267.60958,3278.045356,7355.759434,0,0,0,3.560658551,0.890164638,,0.000167422,,0.000167422,0.5,2,0.5,2,5316.902395,3278.045356,7355.759434,0,0,1,0,7.87E-09,31757553.47
15339749.27,4974824.717,15342749.27,4974824.717,15342749.27,4971824.717,15339749.27,4971824.717,63515106.93,1.57E-08,1.57E-08,15536.75847,2004.031924,8474.542925,0,0,0,3.800526763,1.266842254,,0.000244615,,0.000244615,1,3,1,3,5178.91949,2004.031924,8474.542925,0,0,1,0,1.57E-08,63515106.93
15339749.27,4971824.717,15342749.27,4971824.717,15342749.27,4968824.717,15339749.27,4968824.717,63515106.93,1.57E-08,1.57E-08,16107.56954,2250.933751,8648.137459,0,0,0,4.084914738,1.361638246,,0.000253602,,0.000253602,1,3,1,3,5369.189845,2250.933751,8648.137459,0,0,1,0,1.57E-08,63515106.93
15339749.27,4968824.717,15342749.27,4968824.717,15342749.27,4965824.717,15339749.27,4965824.717,63515106.93,1.57E-08,1.57E-08,9808.24916,1544.869941,8263.379219,0,0,0,1.514627877,0.757313939,,0.000154424,,0.000154424,1,2,1,2,4904.12458,1544.869941,8263.379219,0,0,1,0,1.57E-08,63515106.93
15339749.27,4965824.717,15342749.27,4965824.717,15342749.27,4962824.717,15339749.27,4962824.717,63515106.93,7.87E-09,7.87E-09,22834.21501,2691.300952,8725.806554,0,0,0,4.104546149,1.026136537,,0.000179754,,0.000179754,0.5,2,0.5,2,5708.553753,2691.300952,8725.806554,0,0,1,0,7.87E-09,31757553.47
15339749.27,4962824.717,15342749.27,4962824.717,15342749.27,4959824.717,15339749.27,4959824.717,63515106.93,0,0,0,7662.4369,7662.4369,0,0,0,0,0.924393299,,0.00012064,,0.00012064,0,1,0,1,7662.4369,7662.4369,7662.4369,0,0,0,0,0,0
15339749.27,4959824.717,15342749.27,4959824.717,15342749.27,4956824.717,15339749.27,4956824.717,63515106.93,0,0,0,4888.497242,4888.497242,0,0,0,0,0.37624758,,7.70E-05,,7.70E-05,0,1,0,1,4888.497242,4888.497242,4888.497242,0,0,0,0,0,0
15339749.27,4956824.717,15342749.27,4956824.717,15342749.27,4953824.717,15339749.27,4953824.717,63515106.93,0,0,0,0,0,0,0,0,0,0,,0,,0,0,0,0,0,0,0,0,0,0,0,0,0,0
15339749.27,4953824.717,15342749.27,4953824.717,15342749.27,4950824.717,15339749.27,4950824.717,63515106.93,0,0,0,0,0,0,0,0,0,0,,0,,0,0,0,0,0,0,0,0,0,0,0,0,0,0
15339749.27,4950824.717,15342749.27,4950824.717,15342749.27,4947824.717,15339749.27,4947824.717,63515106.93,7.87E-09,7.87E-09,11380.93762,5690.468811,5690.468811,0,0,0,1.019645147,0.509822574,,8.96E-05,,8.96E-05,0.5,1,0.5,1,5690.468811,5690.468811,5690.468811,0,0,1,0,7.87E-09,31757553.47
15339749.27,4947824.717,15342749.27,4947824.717,15342749.27,4944824.717,15339749.27,4944824.717,63515106.93,7.87E-09,7.87E-09,10036.26769,5018.133845,5018.133845,0,0,0,0.792934736,0.396467368,,7.90E-05,,7.90E-05,0.5,1,0.5,1,5018.133845,5018.133845,5018.133845,0,0,1,0,7.87E-09,31757553.47
15339749.27,4944824.717,15342749.27,4944824.717,15342749.27,4941824.717,15339749.27,4941824.717,63515106.93,7.87E-09,7.87E-09,5930.651418,2965.325709,2965.325709,0,0,0,0.276883941,0.138441971,,4.67E-05,,4.67E-05,0.5,1,0.5,1,2965.325709,2965.325709,2965.325709,0,0,1,0,7.87E-09,31757553.47
15342749.27,5124824.717,15345749.27,5124824.717,15345749.27,5121824.717,15342749.27,5121824.717,63515106.93,0,0,0,0,0,0,0,0,0,0,,0,,0,0,0,0,0,0,0,0,0,0,0,0,0,0
15342749.27,5121824.717,15345749.27,5121824.717,15345749.27,5118824.717,15342749.27,5118824.717,63515106.93,0,0,0,0,0,0,0,0,0,0,,0,,0,0,0,0,0,0,0,0,0,0,0,0,0,0
15342749.27,5118824.717,15345749.27,5118824.717,15345749.27,5115824.717,15342749.27,5115824.717,63515106.93,0,0,0,0,0,0,0,0,0,0,,0,,0,0,0,0,0,0,0,0,0,0,0,0,0,0
15342749.27,5115824.717,15345749.27,5115824.717,15345749.27,5112824.717,15342749.27,5112824.717,63515106.93,0,0,0,0,0,0,0,0,0,0,,0,,0,0,0,0,0,0,0,0,0,0,0,0,0,0
15342749.27,5112824.717,15345749.27,5112824.717,15345749.27,5109824.717,15342749.27,5109824.717,63515106.93,0,0,0,0,0,0,0,0,0,0,,0,,0,0,0,0,0,0,0,0,0,0,0,0,0,0
15342749.27,5109824.717,15345749.27,5109824.717,15345749.27,5106824.717,15342749.27,5106824.717,63515106.93,0,0,0,0,0,0,0,0,0,0,,0,,0,0,0,0,0,0,0,0,0,0,0,0,0,0
15342749.27,5106824.717,15345749.27,5106824.717,15345749.27,5103824.717,15342749.27,5103824.717,63515106.93,0,0,0,0,0,0,0,0,0,0,,0,,0,0,0,0,0,0,0,0,0,0,0,0,0,0
15342749.27,5103824.717,15345749.27,5103824.717,15345749.27,5100824.717,15342749.27,5100824.717,63515106.93,0,0,0,0,0,0,0,0,0,0,,0,,0,0,0,0,0,0,0,0,0,0,0,0,0,0
15342749.27,5100824.717,15345749.27,5100824.717,15345749.27,5097824.717,15342749.27,5097824.717,63515106.93,0,0,0,0,0,0,0,0,0,0,,0,,0,0,0,0,0,0,0,0,0,0,0,0,0,0
15342749.27,5097824.717,15345749.27,5097824.717,15345749.27,5094824.717,15342749.27,5094824.717,63515106.93,0,0,0,0,0,0,0,0,0,0,,0,,0,0,0,0,0,0,0,0,0,0,0,0,0,0
15342749.27,5094824.717,15345749.27,5094824.717,15345749.27,5091824.717,15342749.27,5091824.717,63515106.93,0,0,0,0,0,0,0,0,0,0,,0,,0,0,0,0,0,0,0,0,0,0,0,0,0,0
15342749.27,5091824.717,15345749.27,5091824.717,15345749.27,5088824.717,15342749.27,5088824.717,63515106.93,0,0,0,0,0,0,0,0,0,0,,0,,0,0,0,0,0,0,0,0,0,0,0,0,0,0
15342749.27,5088824.717,15345749.27,5088824.717,15345749.27,5085824.717,15342749.27,5085824.717,63515106.93,0,0,0,0,0,0,0,0,0,0,,0,,0,0,0,0,0,0,0,0,0,0,0,0,0,0
15342749.27,5085824.717,15345749.27,5085824.717,15345749.27,5082824.717,15342749.27,5082824.717,63515106.93,0,0,0,0,0,0,0,0,0,0,,0,,0,0,0,0,0,0,0,0,0,0,0,0,0,0
15342749.27,5082824.717,15345749.27,5082824.717,15345749.27,5079824.717,15342749.27,5079824.717,63515106.93,0,0,0,0,0,0,0,0,0,0,,0,,0,0,0,0,0,0,0,0,0,0,0,0,0,0
15342749.27,5079824.717,15345749.27,5079824.717,15345749.27,5076824.717,15342749.27,5076824.717,63515106.93,0,0,0,0,0,0,0,0,0,0,,0,,0,0,0,0,0,0,0,0,0,0,0,0,0,0
15342749.27,5076824.717,15345749.27,5076824.717,15345749.27,5073824.717,15342749.27,5073824.717,63515106.93,0,0,0,0,0,0,0,0,0,0,,0,,0,0,0,0,0,0,0,0,0,0,0,0,0,0
15342749.27,5073824.717,15345749.27,5073824.717,15345749.27,5070824.717,15342749.27,5070824.717,63515106.93,0,0,0,0,0,0,0,0,0,0,,0,,0,0,0,0,0,0,0,0,0,0,0,0,0,0
15342749.27,5070824.717,15345749.27,5070824.717,15345749.27,5067824.717,15342749.27,5067824.717,63515106.93,0,0,0,0,0,0,0,0,0,0,,0,,0,0,0,0,0,0,0,0,0,0,0,0,0,0
15342749.27,5067824.717,15345749.27,5067824.717,15345749.27,5064824.717,15342749.27,5064824.717,63515106.93,0,0,0,0,0,0,0,0,0,0,,0,,0,0,0,0,0,0,0,0,0,0,0,0,0,0
15342749.27,5064824.717,15345749.27,5064824.717,15345749.27,5061824.717,15342749.27,5061824.717,63515106.93,0,0,0,0,0,0,0,0,0,0,,0,,0,0,0,0,0,0,0,0,0,0,0,0,0,0
15342749.27,5061824.717,15345749.27,5061824.717,15345749.27,5058824.717,15342749.27,5058824.717,63515106.93,0,0,0,0,0,0,0,0,0,0,,0,,0,0,0,0,0,0,0,0,0,0,0,0,0,0
15342749.27,5058824.717,15345749.27,5058824.717,15345749.27,5055824.717,15342749.27,5055824.717,63515106.93,0,0,0,0,0,0,0,0,0,0,,0,,0,0,0,0,0,0,0,0,0,0,0,0,0,0
15342749.27,5055824.717,15345749.27,5055824.717,15345749.27,5052824.717,15342749.27,5052824.717,63515106.93,0,0,0,0,0,0,0,0,0,0,,0,,0,0,0,0,0,0,0,0,0,0,0,0,0,0
15342749.27,5052824.717,15345749.27,5052824.717,15345749.27,5049824.717,15342749.27,5049824.717,63515106.93,0,0,0,0,0,0,0,0,0,0,,0,,0,0,0,0,0,0,0,0,0,0,0,0,0,0
15342749.27,5049824.717,15345749.27,5049824.717,15345749.27,5046824.717,15342749.27,5046824.717,63515106.93,0,0,0,0,0,0,0,0,0,0,,0,,0,0,0,0,0,0,0,0,0,0,0,0,0,0
15342749.27,5046824.717,15345749.27,5046824.717,15345749.27,5043824.717,15342749.27,5043824.717,63515106.93,0,0,0,0,0,0,0,0,0,0,,0,,0,0,0,0,0,0,0,0,0,0,0,0,0,0
15342749.27,5043824.717,15345749.27,5043824.717,15345749.27,5040824.717,15342749.27,5040824.717,63515106.93,0,0,0,0,0,0,0,0,0,0,,0,,0,0,0,0,0,0,0,0,0,0,0,0,0,0
15342749.27,5040824.717,15345749.27,5040824.717,15345749.27,5037824.717,15342749.27,5037824.717,63515106.93,0,0,0,0,0,0,0,0,0,0,,0,,0,0,0,0,0,0,0,0,0,0,0,0,0,0
15342749.27,5037824.717,15345749.27,5037824.717,15345749.27,5034824.717,15342749.27,5034824.717,63515106.93,0,0,0,0,0,0,0,0,0,0,,0,,0,0,0,0,0,0,0,0,0,0,0,0,0,0
15342749.27,5034824.717,15345749.27,5034824.717,15345749.27,5031824.717,15342749.27,5031824.717,63515106.93,7.87E-09,7.87E-09,2638.775458,1319.387729,1319.387729,0,0,0,0.054814801,0.027407401,,2.08E-05,,2.08E-05,0.5,1,0.5,1,1319.387729,1319.387729,1319.387729,0,0,1,0,7.87E-09,31757553.47
15342749.27,5031824.717,15345749.27,5031824.717,15345749.27,5028824.717,15342749.27,5028824.717,63515106.93,1.57E-08,1.57E-08,11626.76732,823.4853544,6494.303742,0,0,0,2.128339616,0.709446539,,0.000183055,,0.000183055,1,3,1,3,3875.589106,823.4852922,6494.303742,0,0,1,0,1.57E-08,63515106.93
15342749.27,5028824.717,15345749.27,5028824.717,15345749.27,5025824.717,15342749.27,5025824.717,63515106.93,5.51E-08,2.36E-08,5162.372371,1092.137079,6942.64682,1.142857143,1.333333333,1.57E-08,1.46855314,1.284983998,,0.000284473,,0.000284473,3.5,5,1.5,4,4517.075825,2733.025233,6942.64682,0.285714286,0.666666667,5,1.57E-08,4.000000024,95272660.4
15342749.27,5025824.717,15345749.27,5025824.717,15345749.27,5022824.717,15342749.27,5022824.717,63515106.93,4.72E-08,1.57E-08,6744.521553,1092.137079,5757.126997,1.333333333,2,1.57E-08,2.148555195,1.611416396,,0.000318563,,0.000318563,3,5,1,4,5058.391165,3203.532317,6614.438643,0.333333333,1,5,1.57E-08,4.000000016,63515106.93
15342749.27,5022824.717,15345749.27,5022824.717,15345749.27,5019824.717,15342749.27,5019824.717,63515106.93,3.94E-08,7.87E-09,7692.514202,177.0431683,8904.828704,1.6,4,1.57E-08,2.329161424,1.45572589,,0.000302783,,0.000302783,2.5,5,0.5,4,4807.821376,177.0431683,8904.828704,0.4,2,5,1.57E-08,4.000000008,31757553.47
15342749.27,5019824.717,15345749.27,5019824.717,15345749.27,5016824.717,15342749.27,5016824.717,63515106.93,0,0,0,6619.169439,9153.16198,0,0,0,0,1.958324959,,0.000248324,,0.000248324,0,2,0,2,7886.165709,6619.169439,9153.16198,0,0,0,0,0,0
15342749.27,5016824.717,15345749.27,5016824.717,15345749.27,5013824.717,15342749.27,5013824.717,63515106.93,0,0,0,4165.361316,8680.311011,0,0,0,0,1.298992519,,0.000202246,,0.000202246,0,2,0,2,6422.836163,4165.361316,8680.31101,0,0,0,0,0,0
15342749.27,5013824.717,15345749.27,5013824.717,15345749.27,5010824.717,15342749.27,5010824.717,63515106.93,0,0,0,7128.379687,7128.379687,0,0,0,0,0.800026909,,0.000112231,,0.000112231,0,1,0,1,7128.379525,7128.379525,7128.379525,0,0,0,0,0,0
15342749.27,5010824.717,15345749.27,5010824.717,15345749.27,5007824.717,15342749.27,5007824.717,63515106.93,0,0,0,2160.495607,2160.495607,0,0,0,0,0.073490203,,3.40E-05,,3.40E-05,0,1,0,1,2160.494873,2160.494873,2160.494873,0,0,0,0,0,0
15342749.27,5007824.717,15345749.27,5007824.717,15345749.27,5004824.717,15342749.27,5004824.717,63515106.93,7.87E-09,7.87E-09,4132.640989,2066.320495,2066.320495,0,0,0,0.134446137,0.067223069,,3.25E-05,,3.25E-05,0.5,1,0.5,1,2066.320495,2066.320495,2066.320495,0,0,1,0,7.87E-09,31757553.47
15342749.27,5004824.717,15345749.27,5004824.717,15345749.27,5001824.717,15342749.27,5001824.717,63515106.93,7.87E-09,7.87E-09,6993.874619,3496.93731,3496.93731,0,0,0,0.385060221,0.19253011,,5.51E-05,,5.51E-05,0.5,1,0.5,1,3496.93731,3496.93731,3496.93731,0,0,1,0,7.87E-09,31757553.47
15342749.27,5001824.717,15345749.27,5001824.717,15345749.27,4998824.717,15342749.27,4998824.717,63515106.93,0,0,0,0,0,0,0,0,0,0,,0,,0,0,0,0,0,0,0,0,0,0,0,0,0,0
15342749.27,4998824.717,15345749.27,4998824.717,15345749.27,4995824.717,15342749.27,4995824.717,63515106.93,0,0,0,0,0,0,0,0,0,0,,0,,0,0,0,0,0,0,0,0,0,0,0,0,0,0
15342749.27,4995824.717,15345749.27,4995824.717,15345749.27,4992824.717,15342749.27,4992824.717,63515106.93,0,0,0,0,0,0,0,0,0,0,,0,,0,0,0,0,0,0,0,0,0,0,0,0,0,0
15342749.27,4992824.717,15345749.27,4992824.717,15345749.27,4989824.717,15342749.27,4989824.717,63515106.93,0,0,0,0,0,0,0,0,0,0,,0,,0,0,0,0,0,0,0,0,0,0,0,0,0,0
15342749.27,4989824.717,15345749.27,4989824.717,15345749.27,4986824.717,15342749.27,4986824.717,63515106.93,0,0,0,0,0,0,0,0,0,0,,0,,0,0,0,0,0,0,0,0,0,0,0,0,0,0
15342749.27,4986824.717,15345749.27,4986824.717,15345749.27,4983824.717,15342749.27,4983824.717,63515106.93,0,0,0,6336.956956,6336.956956,0,0,0,0,0.632243657,,9.98E-05,,9.98E-05,0,1,0,1,6336.956956,6336.956956,6336.956956,0,0,0,0,0,0
15342749.27,4983824.717,15345749.27,4983824.717,15345749.27,4980824.717,15342749.27,4980824.717,63515106.93,0,0,0,8926.906004,8926.906004,0,0,0,0,1.254656642,,0.000140548,,0.000140548,0,1,0,1,8926.906004,8926.906004,8926.906004,0,0,0,0,0,0
15342749.27,4980824.717,15345749.27,4980824.717,15345749.27,4977824.717,15342749.27,4977824.717,63515106.93,0,0,0,7975.719023,7975.719023,0,0,0,0,1.001526991,,0.000125572,,0.000125572,0,1,0,1,7975.719023,7975.719023,7975.719023,0,0,0,0,0,0
15342749.27,4977824.717,15345749.27,4977824.717,15345749.27,4974824.717,15342749.27,4974824.717,63515106.93,7.87E-09,7.87E-09,12104.16009,3007.348959,3044.731087,0,0,0,1.153353105,0.288338276,,9.53E-05,,9.53E-05,0.5,2,0.5,2,3026.040023,3007.348959,3044.731087,0,0,1,0,7.87E-09,31757553.47
15342749.27,4974824.717,15345749.27,4974824.717,15345749.27,4971824.717,15342749.27,4971824.717,63515106.93,7.87E-09,7.87E-09,22095.76277,2616.611797,8431.269586,0,0,0,3.84335913,0.960839783,,0.000173941,,0.000173941,0.5,2,0.5,2,5523.940692,2616.611797,8431.269586,0,0,1,0,7.87E-09,31757553.47
15342749.27,4971824.717,15345749.27,4971824.717,15345749.27,4968824.717,15342749.27,4968824.717,63515106.93,1.57E-08,1.57E-08,12936.77318,807.1107523,8744.492661,0,0,0,2.63496526,0.878321753,,0.00020368,,0.00020368,1,3,1,3,4312.257726,807.1107523,8744.492661,0,0,1,0,1.57E-08,63515106.93
15342749.27,4968824.717,15345749.27,4968824.717,15345749.27,4965824.717,15342749.27,4965824.717,63515106.93,7.87E-09,7.87E-09,21509.27525,3583.255269,7171.382355,0,0,0,3.642038439,0.91050961,,0.000169324,,0.000169324,0.5,2,0.5,2,5377.318812,3583.255269,7171.382355,0,0,1,0,7.87E-09,31757553.47
15342749.27,4965824.717,15345749.27,4965824.717,15345749.27,4962824.717,15342749.27,4962824.717,63515106.93,7.87E-09,7.87E-09,28202.63639,5681.188139,8420.130055,0,0,0,6.261413525,1.565353381,,0.000222015,,0.000222015,0.5,2,0.5,2,7050.659097,5681.188139,8420.130055,0,0,1,0,7.87E-09,31757553.47
15342749.27,4962824.717,15345749.27,4962824.717,15345749.27,4959824.717,15342749.27,4959824.717,63515106.93,7.87E-09,7.87E-09,30194.6691,6108.606196,8988.728356,0,0,0,7.177174741,1.794293685,,0.000237697,,0.000237697,0.5,2,0.5,2,7548.667276,6108.606196,8988.728356,0,0,1,0,7.87E-09,31757553.47
15342749.27,4959824.717,15345749.27,4959824.717,15345749.27,4956824.717,15342749.27,4956824.717,63515106.93,0,0,0,8725.932131,8725.932131,0,0,0,0,1.198799702,,0.000137384,,0.000137384,0,1,0,1,8725.932116,8725.932116,8725.932116,0,0,0,0,0,0
15342749.27,4956824.717,15345749.27,4956824.717,15345749.27,4953824.717,15342749.27,4953824.717,63515106.93,0,0,0,7325.400788,7325.400788,0,0,0,0,0.844861916,,0.000115333,,0.000115333,0,1,0,1,7325.400666,7325.400666,7325.400666,0,0,0,0,0,0
15342749.27,4953824.717,15345749.27,4953824.717,15345749.27,4950824.717,15342749.27,4950824.717,63515106.93,2.36E-08,7.87E-09,7019.489989,501.0314669,6424.625901,2,4,1.57E-08,1.163657957,0.872743468,,0.000165775,,0.000165775,1.5,3,0.5,2,5264.617492,4104.609083,6424.625901,0.666666667,2,3,1,3,1
15342749.27,4950824.717,15345749.27,4950824.717,15345749.27,4947824.717,15342749.27,4947824.717,63515106.93,0,0,0,9239.342887,9239.342887,0,0,0,0,1.344018157,,0.000145467,,0.000145467,0,1,0,1,9239.342887,9239.342887,9239.342887,0,0,0,0,0,0
15342749.27,4947824.717,15345749.27,4947824.717,15345749.27,4944824.717,15342749.27,4944824.717,63515106.93,7.87E-09,7.87E-09,14594.56876,7297.284382,7297.284382,0,0,0,1.67677776,0.83838888,,0.000114891,,0.000114891,0.5,1,0.5,1,7297.284382,7297.284382,7297.284382,0,0,1,0,7.87E-09,31757553.47
15342749.27,4944824.717,15345749.27,4944824.717,15345749.27,4941824.717,15342749.27,4941824.717,63515106.93,7.87E-09,7.87E-09,8211.099501,4105.549751,4105.549751,0,0,0,0.530756841,0.26537842,,6.46E-05,,6.46E-05,0.5,1,0.5,1,4105.549751,4105.549751,4105.549751,0,0,1,0,7.87E-09,31757553.47
15345749.27,5124824.717,15348749.27,5124824.717,15348749.27,5121824.717,15345749.27,5121824.717,63515106.93,0,0,0,0,0,0,0,0,0,0,,0,,0,0,0,0,0,0,0,0,0,0,0,0,0,0
15345749.27,5121824.717,15348749.27,5121824.717,15348749.27,5118824.717,15345749.27,5118824.717,63515106.93,0,0,0,0,0,0,0,0,0,0,,0,,0,0,0,0,0,0,0,0,0,0,0,0,0,0
15345749.27,5118824.717,15348749.27,5118824.717,15348749.27,5115824.717,15345749.27,5115824.717,63515106.93,0,0,0,0,0,0,0,0,0,0,,0,,0,0,0,0,0,0,0,0,0,0,0,0,0,0
15345749.27,5115824.717,15348749.27,5115824.717,15348749.27,5112824.717,15345749.27,5112824.717,63515106.93,0,0,0,0,0,0,0,0,0,0,,0,,0,0,0,0,0,0,0,0,0,0,0,0,0,0
15345749.27,5112824.717,15348749.27,5112824.717,15348749.27,5109824.717,15345749.27,5109824.717,63515106.93,0,0,0,0,0,0,0,0,0,0,,0,,0,0,0,0,0,0,0,0,0,0,0,0,0,0
15345749.27,5109824.717,15348749.27,5109824.717,15348749.27,5106824.717,15345749.27,5106824.717,63515106.93,0,0,0,0,0,0,0,0,0,0,,0,,0,0,0,0,0,0,0,0,0,0,0,0,0,0
15345749.27,5106824.717,15348749.27,5106824.717,15348749.27,5103824.717,15345749.27,5103824.717,63515106.93,0,0,0,0,0,0,0,0,0,0,,0,,0,0,0,0,0,0,0,0,0,0,0,0,0,0
15345749.27,5103824.717,15348749.27,5103824.717,15348749.27,5100824.717,15345749.27,5100824.717,63515106.93,0,0,0,0,0,0,0,0,0,0,,0,,0,0,0,0,0,0,0,0,0,0,0,0,0,0
15345749.27,5100824.717,15348749.27,5100824.717,15348749.27,5097824.717,15345749.27,5097824.717,63515106.93,0,0,0,0,0,0,0,0,0,0,,0,,0,0,0,0,0,0,0,0,0,0,0,0,0,0
15345749.27,5097824.717,15348749.27,5097824.717,15348749.27,5094824.717,15345749.27,5094824.717,63515106.93,0,0,0,0,0,0,0,0,0,0,,0,,0,0,0,0,0,0,0,0,0,0,0,0,0,0
15345749.27,5094824.717,15348749.27,5094824.717,15348749.27,5091824.717,15345749.27,5091824.717,63515106.93,0,0,0,0,0,0,0,0,0,0,,0,,0,0,0,0,0,0,0,0,0,0,0,0,0,0
15345749.27,5091824.717,15348749.27,5091824.717,15348749.27,5088824.717,15345749.27,5088824.717,63515106.93,0,0,0,0,0,0,0,0,0,0,,0,,0,0,0,0,0,0,0,0,0,0,0,0,0,0
15345749.27,5088824.717,15348749.27,5088824.717,15348749.27,5085824.717,15345749.27,5085824.717,63515106.93,0,0,0,0,0,0,0,0,0,0,,0,,0,0,0,0,0,0,0,0,0,0,0,0,0,0
15345749.27,5085824.717,15348749.27,5085824.717,15348749.27,5082824.717,15345749.27,5082824.717,63515106.93,0,0,0,0,0,0,0,0,0,0,,0,,0,0,0,0,0,0,0,0,0,0,0,0,0,0
15345749.27,5082824.717,15348749.27,5082824.717,15348749.27,5079824.717,15345749.27,5079824.717,63515106.93,0,0,0,0,0,0,0,0,0,0,,0,,0,0,0,0,0,0,0,0,0,0,0,0,0,0
15345749.27,5079824.717,15348749.27,5079824.717,15348749.27,5076824.717,15345749.27,5076824.717,63515106.93,0,0,0,0,0,0,0,0,0,0,,0,,0,0,0,0,0,0,0,0,0,0,0,0,0,0
15345749.27,5076824.717,15348749.27,5076824.717,15348749.27,5073824.717,15345749.27,5073824.717,63515106.93,0,0,0,0,0,0,0,0,0,0,,0,,0,0,0,0,0,0,0,0,0,0,0,0,0,0
15345749.27,5073824.717,15348749.27,5073824.717,15348749.27,5070824.717,15345749.27,5070824.717,63515106.93,0,0,0,0,0,0,0,0,0,0,,0,,0,0,0,0,0,0,0,0,0,0,0,0,0,0
15345749.27,5070824.717,15348749.27,5070824.717,15348749.27,5067824.717,15345749.27,5067824.717,63515106.93,0,0,0,0,0,0,0,0,0,0,,0,,0,0,0,0,0,0,0,0,0,0,0,0,0,0
15345749.27,5067824.717,15348749.27,5067824.717,15348749.27,5064824.717,15345749.27,5064824.717,63515106.93,0,0,0,0,0,0,0,0,0,0,,0,,0,0,0,0,0,0,0,0,0,0,0,0,0,0
15345749.27,5064824.717,15348749.27,5064824.717,15348749.27,5061824.717,15345749.27,5061824.717,63515106.93,0,0,0,0,0,0,0,0,0,0,,0,,0,0,0,0,0,0,0,0,0,0,0,0,0,0
15345749.27,5061824.717,15348749.27,5061824.717,15348749.27,5058824.717,15345749.27,5058824.717,63515106.93,0,0,0,0,0,0,0,0,0,0,,0,,0,0,0,0,0,0,0,0,0,0,0,0,0,0
15345749.27,5058824.717,15348749.27,5058824.717,15348749.27,5055824.717,15345749.27,5055824.717,63515106.93,0,0,0,0,0,0,0,0,0,0,,0,,0,0,0,0,0,0,0,0,0,0,0,0,0,0
15345749.27,5055824.717,15348749.27,5055824.717,15348749.27,5052824.717,15345749.27,5052824.717,63515106.93,0,0,0,0,0,0,0,0,0,0,,0,,0,0,0,0,0,0,0,0,0,0,0,0,0,0
15345749.27,5052824.717,15348749.27,5052824.717,15348749.27,5049824.717,15345749.27,5049824.717,63515106.93,0,0,0,0,0,0,0,0,0,0,,0,,0,0,0,0,0,0,0,0,0,0,0,0,0,0
15345749.27,5049824.717,15348749.27,5049824.717,15348749.27,5046824.717,15345749.27,5046824.717,63515106.93,3.15E-08,1.57E-08,3537.690938,1472.969266,2973.546232,1.5,2,1.57E-08,0.394087573,0.394087573,,0.000111397,,0.000111397,2,3,1,2,3537.690938,2973.546232,4101.835644,0.5,1,3.5,1,3.000000008,31757554.47
15345749.27,5046824.717,15348749.27,5046824.717,15348749.27,5043824.717,15345749.27,5043824.717,63515106.93,3.15E-08,1.57E-08,4344.496819,1222.759689,5993.264683,1.5,2,1.57E-08,0.594335852,0.594335852,,0.000136802,,0.000136802,2,3,1,2,4344.496819,2695.728955,5993.264683,0.5,1,3.5,1,3.000000008,31757554.47
15345749.27,5043824.717,15348749.27,5043824.717,15348749.27,5040824.717,15345749.27,5040824.717,63515106.93,7.87E-09,7.87E-09,15535.67227,132.1987718,7635.637358,0,0,0,1.89999769,0.474999422,,0.000122299,,0.000122299,0.5,2,0.5,2,3883.918067,132.1987765,7635.637358,0,0,1,0,7.87E-09,31757553.47
15345749.27,5040824.717,15348749.27,5040824.717,15348749.27,5037824.717,15345749.27,5037824.717,63515106.93,0,0,0,7725.55736,7725.55736,0,0,0,0,0.939685681,,0.000121633,,0.000121633,0,1,0,1,7725.55736,7725.55736,7725.55736,0,0,0,0,0,0
15345749.27,5037824.717,15348749.27,5037824.717,15348749.27,5034824.717,15345749.27,5034824.717,63515106.93,0,0,0,8192.480663,8192.480663,0,0,0,0,1.056705131,,0.000128985,,0.000128985,0,1,0,1,8192.480663,8192.480663,8192.480663,0,0,0,0,0,0
15345749.27,5034824.717,15348749.27,5034824.717,15348749.27,5031824.717,15345749.27,5031824.717,63515106.93,7.87E-09,7.87E-09,17630.62709,23.03029277,8792.283254,0,0,0,2.446969128,0.611742282,,0.000138791,,0.000138791,0.5,2,0.5,2,4407.656773,23.03029277,8792.283254,0,0,1,0,7.87E-09,31757553.47
15345749.27,5031824.717,15348749.27,5031824.717,15348749.27,5028824.717,15345749.27,5028824.717,63515106.93,7.87E-09,7.87E-09,23636.8063,2758.084227,9060.318921,0,0,0,4.398155327,1.099538832,,0.000186072,,0.000186072,0.5,2,0.5,2,5909.201574,2758.084227,9060.318921,0,0,1,0,7.87E-09,31757553.47
15345749.27,5028824.717,15348749.27,5028824.717,15348749.27,5025824.717,15345749.27,5025824.717,63515106.93,5.51E-08,2.36E-08,4553.658689,659.6014524,8649.436724,1.142857143,1.333333333,1.57E-08,1.14264668,0.999815845,,0.000250929,,0.000250929,3.5,5,1.5,4,3984.451353,982.9548766,8649.436724,0.285714286,0.666666667,5,1.57E-08,4.000000024,95272660.4
15345749.27,5025824.717,15348749.27,5025824.717,15348749.27,5022824.717,15345749.27,5022824.717,63515106.93,4.72E-08,1.57E-08,4652.384244,1092.137079,5530.151044,1.333333333,2,1.57E-08,1.022340048,0.766755036,,0.000219745,,0.000219745,3,5,1,4,3489.288183,1620.576314,5530.151044,0.333333333,1,5,1.57E-08,4.000000016,63515106.93
15345749.27,5022824.717,15348749.27,5022824.717,15348749.27,5019824.717,15345749.27,5019824.717,63515106.93,1.57E-08,1.57E-08,7438.528727,404.1051452,5801.67244,0,0,0,0.871158253,0.290386084,,0.000117114,,0.000117114,1,3,1,3,2479.509576,404.1051452,5801.67244,0,0,1,0,1.57E-08,63515106.93
15345749.27,5019824.717,15348749.27,5019824.717,15348749.27,5016824.717,15345749.27,5016824.717,63515106.93,7.87E-09,7.87E-09,20018.91024,2484.197172,7525.257946,0,0,0,3.15481455,0.788703638,,0.000157592,,0.000157592,0.5,2,0.5,2,5004.727559,2484.197172,7525.257946,0,0,1,0,7.87E-09,31757553.47
15345749.27,5016824.717,15348749.27,5016824.717,15348749.27,5013824.717,15345749.27,5013824.717,63515106.93,7.87E-09,7.87E-09,24535.60959,3384.899632,8882.905012,0,0,0,4.738999643,1.184749911,,0.000193148,,0.000193148,0.5,2,0.5,2,6133.902399,3384.899632,8882.905165,0,0,1,0,7.87E-09,31757553.47
15345749.27,5013824.717,15348749.27,5013824.717,15348749.27,5010824.717,15345749.27,5010824.717,63515106.93,2.36E-08,7.87E-09,7653.050496,2377.142914,6632.367031,2,4,1.57E-08,1.383194913,1.037396185,,0.000180738,,0.000180738,1.5,3,0.5,2,5739.787872,2470.0658,9009.509944,0.666666667,2,3,1,3,1
15345749.27,5010824.717,15348749.27,5010824.717,15348749.27,5007824.717,15345749.27,5007824.717,63515106.93,3.15E-08,1.57E-08,6788.637704,1325.568258,4703.293908,1.5,2,1.57E-08,1.45116978,0.96744652,,0.000213765,,0.000213765,2,4,1,3,4525.75847,1325.568258,7548.413243,0.5,1,3.5,1,3.000000008,31757554.47
15345749.27,5007824.717,15348749.27,5007824.717,15348749.27,5004824.717,15345749.27,5004824.717,63515106.93,7.87E-09,7.87E-09,23139.6505,1747.620291,5593.843011,0,0,0,4.215087175,0.702514529,,0.000182159,,0.000182159,0.5,3,0.5,3,3856.608417,1747.619383,5593.843011,0,0,1,0,7.87E-09,31757553.47
15345749.27,5004824.717,15348749.27,5004824.717,15348749.27,5001824.717,15345749.27,5001824.717,63515106.93,7.87E-09,7.87E-09,13707.7777,6853.88885,6853.88885,0,0,0,1.479200607,0.739600303,,0.00010791,,0.00010791,0.5,1,0.5,1,6853.88885,6853.88885,6853.88885,0,0,1,0,7.87E-09,31757553.47
15345749.27,5001824.717,15348749.27,5001824.717,15348749.27,4998824.717,15345749.27,4998824.717,63515106.93,0,0,0,7701.926686,7701.926686,0,0,0,0,0.933945915,,0.000121261,,0.000121261,0,1,0,1,7701.926686,7701.926686,7701.926686,0,0,0,0,0,0
15345749.27,4998824.717,15348749.27,4998824.717,15348749.27,4995824.717,15345749.27,4995824.717,63515106.93,0,0,0,5820.879361,5820.879361,0,0,0,0,0.533457915,,9.16E-05,,9.16E-05,0,1,0,1,5820.879361,5820.879361,5820.879361,0,0,0,0,0,0
15345749.27,4995824.717,15348749.27,4995824.717,15348749.27,4992824.717,15345749.27,4992824.717,63515106.93,0,0,0,0,0,0,0,0,0,0,,0,,0,0,0,0,0,0,0,0,0,0,0,0,0,0
15345749.27,4992824.717,15348749.27,4992824.717,15348749.27,4989824.717,15345749.27,4989824.717,63515106.93,0,0,0,0,0,0,0,0,0,0,,0,,0,0,0,0,0,0,0,0,0,0,0,0,0,0
15345749.27,4989824.717,15348749.27,4989824.717,15348749.27,4986824.717,15345749.27,4986824.717,63515106.93,0,0,0,0,0,0,0,0,0,0,,0,,0,0,0,0,0,0,0,0,0,0,0,0,0,0
15345749.27,4986824.717,15348749.27,4986824.717,15348749.27,4983824.717,15345749.27,4983824.717,63515106.93,0,0,0,0,0,0,0,0,0,0,,0,,0,0,0,0,0,0,0,0,0,0,0,0,0,0
15345749.27,4983824.717,15348749.27,4983824.717,15348749.27,4980824.717,15345749.27,4980824.717,63515106.93,0,0,0,8061.831969,8061.831969,0,0,0,0,1.023270492,,0.000126928,,0.000126928,0,1,0,1,8061.831969,8061.831969,8061.831969,0,0,0,0,0,0
15345749.27,4980824.717,15348749.27,4980824.717,15348749.27,4977824.717,15345749.27,4977824.717,63515106.93,0,0,0,8944.576049,8944.576049,0,0,0,0,1.259628529,,0.000140826,,0.000140826,0,1,0,1,8944.576049,8944.576049,8944.576049,0,0,0,0,0,0
15345749.27,4977824.717,15348749.27,4977824.717,15348749.27,4974824.717,15345749.27,4974824.717,63515106.93,0,0,0,6429.649206,6429.649206,0,0,0,0,0.650874901,,0.00010123,,0.00010123,0,1,0,1,6429.649206,6429.649206,6429.649206,0,0,0,0,0,0
15345749.27,4974824.717,15348749.27,4974824.717,15348749.27,4971824.717,15345749.27,4971824.717,63515106.93,0,0,0,7967.43129,7967.43129,0,0,0,0,0.999446658,,0.000125442,,0.000125442,0,1,0,1,7967.43129,7967.43129,7967.43129,0,0,0,0,0,0
15345749.27,4971824.717,15348749.27,4971824.717,15348749.27,4968824.717,15345749.27,4968824.717,63515106.93,0,0,0,9110.497284,9110.497284,0,0,0,0,1.306794002,,0.000143438,,0.000143438,0,1,0,1,9110.497284,9110.497284,9110.497284,0,0,0,0,0,0
15345749.27,4968824.717,15348749.27,4968824.717,15348749.27,4965824.717,15345749.27,4965824.717,63515106.93,7.87E-09,7.87E-09,19427.58582,4745.413806,4968.379105,0,0,0,2.971191494,0.742797873,,0.000152937,,0.000152937,0.5,2,0.5,2,4856.896456,4745.413806,4968.379105,0,0,1,0,7.87E-09,31757553.47
15345749.27,4965824.717,15348749.27,4965824.717,15348749.27,4962824.717,15345749.27,4962824.717,63515106.93,7.87E-09,7.87E-09,20144.90028,1948.317993,8124.132145,0,0,0,3.194649484,0.798662371,,0.000158584,,0.000158584,0.5,2,0.5,2,5036.225069,1948.317993,8124.132145,0,0,1,0,7.87E-09,31757553.47
15345749.27,4962824.717,15348749.27,4962824.717,15348749.27,4959824.717,15345749.27,4959824.717,63515106.93,0,0,0,6770.414121,8573.629368,0,0,0,0,1.853414738,,0.000241581,,0.000241581,0,2,0,2,7672.021745,6770.414121,8573.629368,0,0,0,0,0,0
15345749.27,4959824.717,15348749.27,4959824.717,15348749.27,4956824.717,15345749.27,4956824.717,63515106.93,0,0,0,4329.580297,8491.835373,0,0,0,0,1.29409135,,0.000201864,,0.000201864,0,2,0,2,6410.707858,4329.580297,8491.835419,0,0,0,0,0,0
15345749.27,4956824.717,15348749.27,4956824.717,15348749.27,4953824.717,15345749.27,4953824.717,63515106.93,2.36E-08,7.87E-09,7598.292774,1706.272005,7289.592115,2,4,1.57E-08,1.363472153,1.022604115,,0.000179445,,0.000179445,1.5,3,0.5,2,5698.719581,2401.575036,8995.864125,0.666666667,2,3,1,3,1
15345749.27,4953824.717,15348749.27,4953824.717,15348749.27,4950824.717,15345749.27,4950824.717,63515106.93,3.15E-08,1.57E-08,7557.8145,934.1778973,5604.450797,1.5,2,1.57E-08,1.798644851,1.199096567,,0.000237985,,0.000237985,2,4,1,3,5038.543,934.1778973,8577.000306,0.5,1,3.5,1,3.000000008,31757554.47
15345749.27,4950824.717,15348749.27,4950824.717,15348749.27,4947824.717,15345749.27,4947824.717,63515106.93,5.51E-08,7.87E-09,5612.360519,937.3765694,7854.606284,2,8,3.15E-08,1.735729851,1.518763619,,0.000309269,,0.000309269,3.5,6,0.5,4,4910.815454,1866.006521,7854.606284,0.571428571,4,7,1.000000016,7,1
15345749.27,4947824.717,15348749.27,4947824.717,15348749.27,4944824.717,15345749.27,4944824.717,63515106.93,3.94E-08,7.87E-09,5635.050796,522.6070653,6104.960526,1.6,4,1.57E-08,1.249852162,0.781157601,,0.0002218,,0.0002218,2.5,5,0.5,4,3521.906748,522.6070653,6104.960526,0.4,2,5,1.57E-08,4.000000008,31757553.47
15345749.27,4944824.717,15348749.27,4944824.717,15348749.27,4941824.717,15345749.27,4941824.717,63515106.93,0,0,0,2708.645103,2708.645103,0,0,0,0,0.11551202,,4.26E-05,,4.26E-05,0,1,0,1,2708.645103,2708.645103,2708.645103,0,0,0,0,0,0
15348749.27,5124824.717,15351749.27,5124824.717,15351749.27,5121824.717,15348749.27,5121824.717,63515106.93,0,0,0,0,0,0,0,0,0,0,,0,,0,0,0,0,0,0,0,0,0,0,0,0,0,0
15348749.27,5121824.717,15351749.27,5121824.717,15351749.27,5118824.717,15348749.27,5118824.717,63515106.93,0,0,0,0,0,0,0,0,0,0,,0,,0,0,0,0,0,0,0,0,0,0,0,0,0,0
15348749.27,5118824.717,15351749.27,5118824.717,15351749.27,5115824.717,15348749.27,5115824.717,63515106.93,0,0,0,0,0,0,0,0,0,0,,0,,0,0,0,0,0,0,0,0,0,0,0,0,0,0
15348749.27,5115824.717,15351749.27,5115824.717,15351749.27,5112824.717,15348749.27,5112824.717,63515106.93,0,0,0,0,0,0,0,0,0,0,,0,,0,0,0,0,0,0,0,0,0,0,0,0,0,0
15348749.27,5112824.717,15351749.27,5112824.717,15351749.27,5109824.717,15348749.27,5109824.717,63515106.93,0,0,0,0,0,0,0,0,0,0,,0,,0,0,0,0,0,0,0,0,0,0,0,0,0,0
15348749.27,5109824.717,15351749.27,5109824.717,15351749.27,5106824.717,15348749.27,5106824.717,63515106.93,0,0,0,0,0,0,0,0,0,0,,0,,0,0,0,0,0,0,0,0,0,0,0,0,0,0
15348749.27,5106824.717,15351749.27,5106824.717,15351749.27,5103824.717,15348749.27,5103824.717,63515106.93,0,0,0,0,0,0,0,0,0,0,,0,,0,0,0,0,0,0,0,0,0,0,0,0,0,0
15348749.27,5103824.717,15351749.27,5103824.717,15351749.27,5100824.717,15348749.27,5100824.717,63515106.93,0,0,0,0,0,0,0,0,0,0,,0,,0,0,0,0,0,0,0,0,0,0,0,0,0,0
15348749.27,5100824.717,15351749.27,5100824.717,15351749.27,5097824.717,15348749.27,5097824.717,63515106.93,0,0,0,0,0,0,0,0,0,0,,0,,0,0,0,0,0,0,0,0,0,0,0,0,0,0
15348749.27,5097824.717,15351749.27,5097824.717,15351749.27,5094824.717,15348749.27,5094824.717,63515106.93,0,0,0,0,0,0,0,0,0,0,,0,,0,0,0,0,0,0,0,0,0,0,0,0,0,0
15348749.27,5094824.717,15351749.27,5094824.717,15351749.27,5091824.717,15348749.27,5091824.717,63515106.93,0,0,0,0,0,0,0,0,0,0,,0,,0,0,0,0,0,0,0,0,0,0,0,0,0,0
15348749.27,5091824.717,15351749.27,5091824.717,15351749.27,5088824.717,15348749.27,5088824.717,63515106.93,0,0,0,0,0,0,0,0,0,0,,0,,0,0,0,0,0,0,0,0,0,0,0,0,0,0
15348749.27,5088824.717,15351749.27,5088824.717,15351749.27,5085824.717,15348749.27,5085824.717,63515106.93,0,0,0,0,0,0,0,0,0,0,,0,,0,0,0,0,0,0,0,0,0,0,0,0,0,0
15348749.27,5085824.717,15351749.27,5085824.717,15351749.27,5082824.717,15348749.27,5082824.717,63515106.93,0,0,0,0,0,0,0,0,0,0,,0,,0,0,0,0,0,0,0,0,0,0,0,0,0,0
15348749.27,5082824.717,15351749.27,5082824.717,15351749.27,5079824.717,15348749.27,5079824.717,63515106.93,0,0,0,0,0,0,0,0,0,0,,0,,0,0,0,0,0,0,0,0,0,0,0,0,0,0
15348749.27,5079824.717,15351749.27,5079824.717,15351749.27,5076824.717,15348749.27,5076824.717,63515106.93,0,0,0,0,0,0,0,0,0,0,,0,,0,0,0,0,0,0,0,0,0,0,0,0,0,0
15348749.27,5076824.717,15351749.27,5076824.717,15351749.27,5073824.717,15348749.27,5073824.717,63515106.93,0,0,0,0,0,0,0,0,0,0,,0,,0,0,0,0,0,0,0,0,0,0,0,0,0,0
15348749.27,5073824.717,15351749.27,5073824.717,15351749.27,5070824.717,15348749.27,5070824.717,63515106.93,0,0,0,0,0,0,0,0,0,0,,0,,0,0,0,0,0,0,0,0,0,0,0,0,0,0
15348749.27,5070824.717,15351749.27,5070824.717,15351749.27,5067824.717,15348749.27,5067824.717,63515106.93,0,0,0,0,0,0,0,0,0,0,,0,,0,0,0,0,0,0,0,0,0,0,0,0,0,0
15348749.27,5067824.717,15351749.27,5067824.717,15351749.27,5064824.717,15348749.27,5064824.717,63515106.93,0,0,0,0,0,0,0,0,0,0,,0,,0,0,0,0,0,0,0,0,0,0,0,0,0,0
15348749.27,5064824.717,15351749.27,5064824.717,15351749.27,5061824.717,15348749.27,5061824.717,63515106.93,0,0,0,0,0,0,0,0,0,0,,0,,0,0,0,0,0,0,0,0,0,0,0,0,0,0
15348749.27,5061824.717,15351749.27,5061824.717,15351749.27,5058824.717,15348749.27,5058824.717,63515106.93,0,0,0,0,0,0,0,0,0,0,,0,,0,0,0,0,0,0,0,0,0,0,0,0,0,0
15348749.27,5058824.717,15351749.27,5058824.717,15351749.27,5055824.717,15348749.27,5055824.717,63515106.93,0,0,0,0,0,0,0,0,0,0,,0,,0,0,0,0,0,0,0,0,0,0,0,0,0,0
15348749.27,5055824.717,15351749.27,5055824.717,15351749.27,5052824.717,15348749.27,5052824.717,63515106.93,0,0,0,0,0,0,0,0,0,0,,0,,0,0,0,0,0,0,0,0,0,0,0,0,0,0
15348749.27,5052824.717,15351749.27,5052824.717,15351749.27,5049824.717,15348749.27,5049824.717,63515106.93,2.36E-08,7.87E-09,5504.636864,608.4506648,6894.195718,2,4,1.57E-08,0.715602046,0.536701535,,0.00013,,0.00013,1.5,3,0.5,2,4128.477648,608.4506648,7648.50463,0.666666667,2,3,1,3,1
15348749.27,5049824.717,15351749.27,5049824.717,15351749.27,5046824.717,15348749.27,5046824.717,63515106.93,3.15E-08,1.57E-08,5264.085326,1472.969266,5461.110403,1.5,2,1.57E-08,0.872567037,0.872567037,,0.000165759,,0.000165759,2,3,1,2,5264.085326,3594.090982,6934.079669,0.5,1,3.5,1,3.000000008,31757554.47
15348749.27,5046824.717,15351749.27,5046824.717,15351749.27,5043824.717,15348749.27,5043824.717,63515106.93,3.94E-08,2.36E-08,4772.087783,874.8640018,6592.933324,1.2,1.333333333,1.57E-08,0.896354541,0.746962117,,0.000187833,,0.000187833,2.5,4,1.5,3,3976.739819,874.8640018,6592.933324,0.4,0.666666667,3.666666667,1,3.000000016,63515107.93
15348749.27,5043824.717,15351749.27,5043824.717,15351749.27,5040824.717,15348749.27,5040824.717,63515106.93,1.57E-08,1.57E-08,9858.055979,93.46563311,8907.761989,0,0,0,1.530049659,0.510016553,,0.000155208,,0.000155208,1,3,1,3,3286.01866,93.46564802,8907.761989,0,0,1,0,1.57E-08,63515106.93
15348749.27,5040824.717,15351749.27,5040824.717,15351749.27,5037824.717,15348749.27,5037824.717,63515106.93,0,0,0,8882.468082,8882.468082,0,0,0,0,1.242196432,,0.000139848,,0.000139848,0,1,0,1,8882.468082,8882.468082,8882.468082,0,0,0,0,0,0
15348749.27,5037824.717,15351749.27,5037824.717,15351749.27,5034824.717,15348749.27,5034824.717,63515106.93,0,0,0,8778.196363,8778.196363,0,0,0,0,1.213203207,,0.000138206,,0.000138206,0,1,0,1,8778.196363,8778.196363,8778.196363,0,0,0,0,0,0
15348749.27,5034824.717,15351749.27,5034824.717,15351749.27,5031824.717,15348749.27,5031824.717,63515106.93,0,0,0,8431.674784,8431.674784,0,0,0,0,1.119310714,,0.000132751,,0.000132751,0,1,0,1,8431.674784,8431.674784,8431.674784,0,0,0,0,0,0
15348749.27,5031824.717,15351749.27,5031824.717,15351749.27,5028824.717,15348749.27,5028824.717,63515106.93,0,0,0,7573.664513,7573.664513,0,0,0,0,0.903098443,,0.000119242,,0.000119242,0,1,0,1,7573.664513,7573.664513,7573.664513,0,0,0,0,0,0
15348749.27,5028824.717,15351749.27,5028824.717,15351749.27,5025824.717,15348749.27,5025824.717,63515106.93,0,0,0,5503.342706,5503.342706,0,0,0,0,0.476843737,,8.66E-05,,8.66E-05,0,1,0,1,5503.342706,5503.342706,5503.342706,0,0,0,0,0,0
15348749.27,5025824.717,15351749.27,5025824.717,15351749.27,5022824.717,15348749.27,5022824.717,63515106.93,0,0,0,0,0,0,0,0,0,0,,0,,0,0,0,0,0,0,0,0,0,0,0,0,0,0
15348749.27,5022824.717,15351749.27,5022824.717,15351749.27,5019824.717,15348749.27,5019824.717,63515106.93,7.87E-09,7.87E-09,2780.531279,1390.265639,1390.265639,0,0,0,0.060862325,0.030431163,,2.19E-05,,2.19E-05,0.5,1,0.5,1,1390.265639,1390.265639,1390.265639,0,0,1,0,7.87E-09,31757553.47
15348749.27,5019824.717,15351749.27,5019824.717,15351749.27,5016824.717,15348749.27,5016824.717,63515106.93,7.87E-09,7.87E-09,9254.725632,4627.362816,4627.362816,0,0,0,0.674248621,0.33712431,,7.29E-05,,7.29E-05,0.5,1,0.5,1,4627.362816,4627.362816,4627.362816,0,0,1,0,7.87E-09,31757553.47
15348749.27,5016824.717,15351749.27,5016824.717,15351749.27,5013824.717,15348749.27,5013824.717,63515106.93,7.87E-09,7.87E-09,21504.52146,4004.306374,6747.953712,0,0,0,3.640428754,0.910107188,,0.000169287,,0.000169287,0.5,2,0.5,2,5376.130364,4004.307017,6747.953712,0,0,1,0,7.87E-09,31757553.47
15348749.27,5013824.717,15351749.27,5013824.717,15351749.27,5010824.717,15348749.27,5010824.717,63515106.93,2.36E-08,7.87E-09,12130.62253,3399.665881,6308.62622,2,4,1.57E-08,3.475204798,1.737602399,,0.000286482,,0.000286482,1.5,4,0.5,3,6065.311264,3399.665881,8487.64169,0.666666667,2,3,1,3,1
15348749.27,5010824.717,15351749.27,5010824.717,15351749.27,5007824.717,15348749.27,5007824.717,63515106.93,3.15E-08,1.57E-08,8018.089012,498.6203928,6604.934834,1.5,2,1.57E-08,2.024392448,1.349594965,,0.000252478,,0.000252478,2,4,1,3,5345.392675,498.6203928,8975.712314,0.5,1,3.5,1,3.000000008,31757554.47
15348749.27,5007824.717,15351749.27,5007824.717,15351749.27,5004824.717,15348749.27,5004824.717,63515106.93,7.87E-09,7.87E-09,39826.69513,4425.155313,8777.499675,0,0,0,12.48652267,2.081087111,,0.000313521,,0.000313521,0.5,3,0.5,3,6637.782521,4425.155313,8777.499675,0,0,1,0,7.87E-09,31757553.47
15348749.27,5004824.717,15351749.27,5004824.717,15351749.27,5001824.717,15348749.27,5001824.717,63515106.93,7.87E-09,7.87E-09,30695.40387,7517.877492,7829.824441,0,0,0,7.417194617,1.854298654,,0.000241639,,0.000241639,0.5,2,0.5,2,7673.850966,7517.877492,7829.824441,0,0,1,0,7.87E-09,31757553.47
15348749.27,5001824.717,15351749.27,5001824.717,15351749.27,4998824.717,15348749.27,4998824.717,63515106.93,0,0,0,3715.526776,8951.57773,0,0,0,0,1.263128918,,0.000199435,,0.000199435,0,2,0,2,6333.552253,3715.526776,8951.57773,0,0,0,0,0,0
15348749.27,4998824.717,15351749.27,4998824.717,15351749.27,4995824.717,15348749.27,4995824.717,63515106.93,0,0,0,8883.91724,8883.91724,0,0,0,0,1.242601789,,0.000139871,,0.000139871,0,1,0,1,8883.91724,8883.91724,8883.91724,0,0,0,0,0,0
15348749.27,4995824.717,15351749.27,4995824.717,15351749.27,4992824.717,15348749.27,4992824.717,63515106.93,0,0,0,8204.441667,8204.441667,0,0,0,0,1.059792958,,0.000129173,,0.000129173,0,1,0,1,8204.441667,8204.441667,8204.441667,0,0,0,0,0,0
15348749.27,4992824.717,15351749.27,4992824.717,15351749.27,4989824.717,15348749.27,4989824.717,63515106.93,0,0,0,6675.991013,6675.991013,0,0,0,0,0.70170481,,0.000105109,,0.000105109,0,1,0,1,6675.991013,6675.991013,6675.991013,0,0,0,0,0,0
15348749.27,4989824.717,15351749.27,4989824.717,15351749.27,4986824.717,15348749.27,4986824.717,63515106.93,0,0,0,3162.713651,3162.713651,0,0,0,0,0.157486276,,4.98E-05,,4.98E-05,0,1,0,1,3162.713651,3162.713651,3162.713651,0,0,0,0,0,0
15348749.27,4986824.717,15351749.27,4986824.717,15351749.27,4983824.717,15348749.27,4983824.717,63515106.93,0,0,0,0,0,0,0,0,0,0,,0,,0,0,0,0,0,0,0,0,0,0,0,0,0,0
15348749.27,4983824.717,15351749.27,4983824.717,15351749.27,4980824.717,15348749.27,4980824.717,63515106.93,0,0,0,5638.180212,5638.180212,0,0,0,0,0.500496301,,8.88E-05,,8.88E-05,0,1,0,1,5638.180212,5638.180212,5638.180212,0,0,0,0,0,0
15348749.27,4980824.717,15351749.27,4980824.717,15351749.27,4977824.717,15348749.27,4977824.717,63515106.93,0,0,0,8757.922508,8757.922508,0,0,0,0,1.207605723,,0.000137887,,0.000137887,0,1,0,1,8757.922508,8757.922508,8757.922508,0,0,0,0,0,0
15348749.27,4977824.717,15351749.27,4977824.717,15351749.27,4974824.717,15348749.27,4974824.717,63515106.93,0,0,0,8517.097758,8517.097758,0,0,0,0,1.14210552,,0.000134096,,0.000134096,0,1,0,1,8517.097758,8517.097758,8517.097758,0,0,0,0,0,0
15348749.27,4974824.717,15351749.27,4974824.717,15351749.27,4971824.717,15348749.27,4971824.717,63515106.93,0,0,0,3685.489864,6590.643644,0,0,0,0,0.831289791,,0.00016179,,0.00016179,0,2,0,2,5138.066754,3685.489864,6590.643644,0,0,0,0,0,0
15348749.27,4971824.717,15351749.27,4971824.717,15351749.27,4968824.717,15348749.27,4968824.717,63515106.93,0,0,0,9026.749916,9026.749916,0,0,0,0,1.28287927,,0.00014212,,0.00014212,0,1,0,1,9026.749916,9026.749916,9026.749916,0,0,0,0,0,0
15348749.27,4968824.717,15351749.27,4968824.717,15351749.27,4965824.717,15348749.27,4965824.717,63515106.93,0,0,0,7906.745476,7906.745476,0,0,0,0,0.9842796,,0.000124486,,0.000124486,0,1,0,1,7906.745476,7906.745476,7906.745476,0,0,0,0,0,0
15348749.27,4965824.717,15351749.27,4965824.717,15351749.27,4962824.717,15348749.27,4962824.717,63515106.93,0,0,0,7084.68686,7084.68686,0,0,0,0,0.790249601,,0.000111543,,0.000111543,0,1,0,1,7084.68686,7084.68686,7084.68686,0,0,0,0,0,0
15348749.27,4962824.717,15351749.27,4962824.717,15351749.27,4959824.717,15348749.27,4959824.717,63515106.93,0,0,0,8992.059203,8992.059203,0,0,0,0,1.273037748,,0.000141574,,0.000141574,0,1,0,1,8992.059203,8992.059203,8992.059203,0,0,0,0,0,0
15348749.27,4959824.717,15351749.27,4959824.717,15351749.27,4956824.717,15348749.27,4956824.717,63515106.93,0,0,0,3660.620185,7656.167471,0,0,0,0,1.008182876,,0.000178175,,0.000178175,0,2,0,2,5658.393906,3660.620341,7656.167471,0,0,0,0,0,0
15348749.27,4956824.717,15351749.27,4956824.717,15351749.27,4953824.717,15348749.27,4953824.717,63515106.93,3.15E-08,1.57E-08,4406.160176,164.3286812,4978.097027,1.5,2,1.57E-08,0.611326925,0.407551283,,0.000138744,,0.000138744,2,4,1,3,2937.440117,164.3286812,7186.814339,0.5,1,3.5,1,3.000000008,31757554.47
15348749.27,4953824.717,15351749.27,4953824.717,15351749.27,4950824.717,15348749.27,4950824.717,63515106.93,6.30E-08,1.57E-08,3881.275823,448.9151591,5115.227387,1.75,4,3.15E-08,0.948706709,0.948706709,,0.000244432,,0.000244432,4,6,1,4,3881.275823,448.9151591,8617.996971,0.5,2,7.5,1.000000016,7.000000008,31757554.47
15348749.27,4950824.717,15351749.27,4950824.717,15351749.27,4947824.717,15348749.27,4947824.717,63515106.93,7.08E-08,2.36E-08,3966.350179,578.8438174,5115.227387,1.555555556,2.666666667,3.15E-08,1.114596279,1.253920814,,0.000281013,,0.000281013,4.5,6,1.5,4,4462.143951,2849.579554,6688.116205,0.444444444,1.333333333,7.666666667,1.000000016,7.000000016,63515107.93
15348749.27,4947824.717,15351749.27,4947824.717,15351749.27,4944824.717,15348749.27,4944824.717,63515106.93,3.94E-08,7.87E-09,4402.267418,994.0450083,4824.416045,1.6,4,1.57E-08,0.762809013,0.635674178,,0.000173276,,0.000173276,2.5,4,0.5,3,3668.556181,2407.158184,4824.416045,0.4,2,5,1.57E-08,4.000000008,31757553.47
15348749.27,4944824.717,15351749.27,4944824.717,15351749.27,4941824.717,15348749.27,4941824.717,63515106.93,7.87E-09,7.87E-09,9170.098393,304.5303434,4280.518826,0,0,0,0.661974045,0.165493511,,7.22E-05,,7.22E-05,0.5,2,0.5,2,2292.524598,304.5303703,4280.518826,0,0,1,0,7.87E-09,31757553.47
15351749.27,5124824.717,15354749.27,5124824.717,15354749.27,5121824.717,15351749.27,5121824.717,63515106.93,0,0,0,0,0,0,0,0,0,0,,0,,0,0,0,0,0,0,0,0,0,0,0,0,0,0
15351749.27,5121824.717,15354749.27,5121824.717,15354749.27,5118824.717,15351749.27,5118824.717,63515106.93,0,0,0,0,0,0,0,0,0,0,,0,,0,0,0,0,0,0,0,0,0,0,0,0,0,0
15351749.27,5118824.717,15354749.27,5118824.717,15354749.27,5115824.717,15351749.27,5115824.717,63515106.93,0,0,0,0,0,0,0,0,0,0,,0,,0,0,0,0,0,0,0,0,0,0,0,0,0,0
15351749.27,5115824.717,15354749.27,5115824.717,15354749.27,5112824.717,15351749.27,5112824.717,63515106.93,0,0,0,0,0,0,0,0,0,0,,0,,0,0,0,0,0,0,0,0,0,0,0,0,0,0
15351749.27,5112824.717,15354749.27,5112824.717,15354749.27,5109824.717,15351749.27,5109824.717,63515106.93,0,0,0,0,0,0,0,0,0,0,,0,,0,0,0,0,0,0,0,0,0,0,0,0,0,0
15351749.27,5109824.717,15354749.27,5109824.717,15354749.27,5106824.717,15351749.27,5106824.717,63515106.93,0,0,0,0,0,0,0,0,0,0,,0,,0,0,0,0,0,0,0,0,0,0,0,0,0,0
15351749.27,5106824.717,15354749.27,5106824.717,15354749.27,5103824.717,15351749.27,5103824.717,63515106.93,0,0,0,0,0,0,0,0,0,0,,0,,0,0,0,0,0,0,0,0,0,0,0,0,0,0
15351749.27,5103824.717,15354749.27,5103824.717,15354749.27,5100824.717,15351749.27,5100824.717,63515106.93,0,0,0,0,0,0,0,0,0,0,,0,,0,0,0,0,0,0,0,0,0,0,0,0,0,0
15351749.27,5100824.717,15354749.27,5100824.717,15354749.27,5097824.717,15351749.27,5097824.717,63515106.93,0,0,0,0,0,0,0,0,0,0,,0,,0,0,0,0,0,0,0,0,0,0,0,0,0,0
15351749.27,5097824.717,15354749.27,5097824.717,15354749.27,5094824.717,15351749.27,5094824.717,63515106.93,0,0,0,0,0,0,0,0,0,0,,0,,0,0,0,0,0,0,0,0,0,0,0,0,0,0
15351749.27,5094824.717,15354749.27,5094824.717,15354749.27,5091824.717,15351749.27,5091824.717,63515106.93,0,0,0,0,0,0,0,0,0,0,,0,,0,0,0,0,0,0,0,0,0,0,0,0,0,0
15351749.27,5091824.717,15354749.27,5091824.717,15354749.27,5088824.717,15351749.27,5088824.717,63515106.93,0,0,0,0,0,0,0,0,0,0,,0,,0,0,0,0,0,0,0,0,0,0,0,0,0,0
15351749.27,5088824.717,15354749.27,5088824.717,15354749.27,5085824.717,15351749.27,5085824.717,63515106.93,0,0,0,0,0,0,0,0,0,0,,0,,0,0,0,0,0,0,0,0,0,0,0,0,0,0
15351749.27,5085824.717,15354749.27,5085824.717,15354749.27,5082824.717,15351749.27,5082824.717,63515106.93,0,0,0,0,0,0,0,0,0,0,,0,,0,0,0,0,0,0,0,0,0,0,0,0,0,0
15351749.27,5082824.717,15354749.27,5082824.717,15354749.27,5079824.717,15351749.27,5079824.717,63515106.93,0,0,0,0,0,0,0,0,0,0,,0,,0,0,0,0,0,0,0,0,0,0,0,0,0,0
15351749.27,5079824.717,15354749.27,5079824.717,15354749.27,5076824.717,15351749.27,5076824.717,63515106.93,0,0,0,0,0,0,0,0,0,0,,0,,0,0,0,0,0,0,0,0,0,0,0,0,0,0
15351749.27,5076824.717,15354749.27,5076824.717,15354749.27,5073824.717,15351749.27,5073824.717,63515106.93,0,0,0,0,0,0,0,0,0,0,,0,,0,0,0,0,0,0,0,0,0,0,0,0,0,0
15351749.27,5073824.717,15354749.27,5073824.717,15354749.27,5070824.717,15351749.27,5070824.717,63515106.93,0,0,0,0,0,0,0,0,0,0,,0,,0,0,0,0,0,0,0,0,0,0,0,0,0,0
15351749.27,5070824.717,15354749.27,5070824.717,15354749.27,5067824.717,15351749.27,5067824.717,63515106.93,0,0,0,0,0,0,0,0,0,0,,0,,0,0,0,0,0,0,0,0,0,0,0,0,0,0
15351749.27,5067824.717,15354749.27,5067824.717,15354749.27,5064824.717,15351749.27,5064824.717,63515106.93,0,0,0,0,0,0,0,0,0,0,,0,,0,0,0,0,0,0,0,0,0,0,0,0,0,0
15351749.27,5064824.717,15354749.27,5064824.717,15354749.27,5061824.717,15351749.27,5061824.717,63515106.93,7.87E-09,7.87E-09,745.4508336,372.7254168,372.7254168,0,0,0,0.004374526,0.002187263,,5.87E-06,,5.87E-06,0.5,1,0.5,1,372.7254168,372.7254168,372.7254168,0,0,1,0,7.87E-09,31757553.47
15351749.27,5061824.717,15354749.27,5061824.717,15354749.27,5058824.717,15351749.27,5058824.717,63515106.93,7.87E-09,7.87E-09,1539.936598,769.9682991,769.9682991,0,0,0,0.018668037,0.009334018,,1.21E-05,,1.21E-05,0.5,1,0.5,1,769.9682991,769.9682991,769.9682991,0,0,1,0,7.87E-09,31757553.47
15351749.27,5058824.717,15354749.27,5058824.717,15354749.27,5055824.717,15351749.27,5055824.717,63515106.93,0,0,0,4366.66753,4366.66753,0,0,0,0,0.300208663,,6.88E-05,,6.88E-05,0,1,0,1,4366.66753,4366.66753,4366.66753,0,0,0,0,0,0
15351749.27,5055824.717,15354749.27,5055824.717,15354749.27,5052824.717,15351749.27,5052824.717,63515106.93,0,0,0,8133.529246,8133.529246,0,0,0,0,1.041552178,,0.000128057,,0.000128057,0,1,0,1,8133.529246,8133.529246,8133.529246,0,0,0,0,0,0
15351749.27,5052824.717,15354749.27,5052824.717,15354749.27,5049824.717,15351749.27,5049824.717,63515106.93,0,0,0,9022.206886,9022.206886,0,0,0,0,1.281588286,,0.000142048,,0.000142048,0,1,0,1,9022.206882,9022.206882,9022.206882,0,0,0,0,0,0
15351749.27,5049824.717,15354749.27,5049824.717,15354749.27,5046824.717,15351749.27,5046824.717,63515106.93,3.15E-08,1.57E-08,5322.336639,637.0731705,7209.079204,1.5,2,1.57E-08,0.891985188,0.594656792,,0.000167593,,0.000167593,2,4,1,3,3548.224426,637.0731705,8166.059984,0.5,1,3.5,1,3.000000008,31757554.47
15351749.27,5046824.717,15354749.27,5046824.717,15354749.27,5043824.717,15351749.27,5043824.717,63515106.93,3.15E-08,1.57E-08,6228.876078,952.9509579,4743.326087,1.5,2,1.57E-08,1.221721857,0.814481238,,0.000196138,,0.000196138,2,4,1,3,4152.584052,3534.733632,4743.326087,0.5,1,3.5,1,3.000000008,31757554.47
15351749.27,5043824.717,15354749.27,5043824.717,15354749.27,5040824.717,15351749.27,5040824.717,63515106.93,7.87E-09,7.87E-09,19482.36276,4483.792943,5257.388439,0,0,0,2.987969927,0.746992482,,0.000153368,,0.000153368,0.5,2,0.5,2,4870.590691,4483.792943,5257.388439,0,0,1,0,7.87E-09,31757553.47
15351749.27,5040824.717,15354749.27,5040824.717,15354749.27,5037824.717,15351749.27,5037824.717,63515106.93,0,0,0,5189.073522,5189.073522,0,0,0,0,0.423938262,,8.17E-05,,8.17E-05,0,1,0,1,5189.073522,5189.073522,5189.073522,0,0,0,0,0,0
15351749.27,5037824.717,15354749.27,5037824.717,15354749.27,5034824.717,15351749.27,5034824.717,63515106.93,0,0,0,4705.276953,4705.276953,0,0,0,0,0.348572683,,7.41E-05,,7.41E-05,0,1,0,1,4705.276953,4705.276953,4705.276953,0,0,0,0,0,0
15351749.27,5034824.717,15354749.27,5034824.717,15354749.27,5031824.717,15351749.27,5031824.717,63515106.93,0,0,0,3600.053615,3600.053615,0,0,0,0,0.204052023,,5.67E-05,,5.67E-05,0,1,0,1,3600.053615,3600.053615,3600.053615,0,0,0,0,0,0
15351749.27,5031824.717,15354749.27,5031824.717,15354749.27,5028824.717,15351749.27,5028824.717,63515106.93,0,0,0,0,0,0,0,0,0,0,,0,,0,0,0,0,0,0,0,0,0,0,0,0,0,0
15351749.27,5028824.717,15354749.27,5028824.717,15354749.27,5025824.717,15351749.27,5025824.717,63515106.93,0,0,0,0,0,0,0,0,0,0,,0,,0,0,0,0,0,0,0,0,0,0,0,0,0,0
15351749.27,5025824.717,15354749.27,5025824.717,15354749.27,5022824.717,15351749.27,5022824.717,63515106.93,0,0,0,0,0,0,0,0,0,0,,0,,0,0,0,0,0,0,0,0,0,0,0,0,0,0
15351749.27,5022824.717,15354749.27,5022824.717,15354749.27,5019824.717,15351749.27,5019824.717,63515106.93,0,0,0,0,0,0,0,0,0,0,,0,,0,0,0,0,0,0,0,0,0,0,0,0,0,0
15351749.27,5019824.717,15354749.27,5019824.717,15354749.27,5016824.717,15351749.27,5016824.717,63515106.93,7.87E-09,7.87E-09,11123.30403,5561.652017,5561.652017,0,0,0,0.974003655,0.487001828,,8.76E-05,,8.76E-05,0.5,1,0.5,1,5561.652017,5561.652017,5561.652017,0,0,1,0,7.87E-09,31757553.47
15351749.27,5016824.717,15354749.27,5016824.717,15354749.27,5013824.717,15351749.27,5013824.717,63515106.93,0,0,0,8748.10417,8748.10417,0,0,0,0,1.204899594,,0.000137733,,0.000137733,0,1,0,1,8748.10417,8748.10417,8748.10417,0,0,0,0,0,0
15351749.27,5013824.717,15354749.27,5013824.717,15354749.27,5010824.717,15351749.27,5010824.717,63515106.93,0,0,0,5175.080578,8749.216229,0,0,0,0,1.52629876,,0.000219228,,0.000219228,0,2,0,2,6962.148697,5175.081164,8749.216229,0,0,0,0,0,0
15351749.27,5010824.717,15354749.27,5010824.717,15354749.27,5007824.717,15351749.27,5007824.717,63515106.93,0,0,0,6465.534095,8846.07974,0,0,0,0,2.49343146,,0.000343179,,0.000343179,0,3,0,3,7265.685693,6465.534095,8846.079876,0,0,0,0,0,0
15351749.27,5007824.717,15354749.27,5007824.717,15354749.27,5004824.717,15351749.27,5004824.717,63515106.93,0,0,0,8440.725142,8539.321339,0,0,0,0,2.269711822,,0.000267339,,0.000267339,0,2,0,2,8490.023236,8440.725142,8539.32133,0,0,0,0,0,0
15351749.27,5004824.717,15354749.27,5004824.717,15354749.27,5001824.717,15351749.27,5001824.717,63515106.93,0,0,0,1942.478642,8991.800717,0,0,0,0,1.175242477,,0.000235606,,0.000235606,0,3,0,3,4988.174401,1942.478642,8991.800717,0,0,0,0,0,0
15351749.27,5001824.717,15354749.27,5001824.717,15354749.27,4998824.717,15351749.27,4998824.717,63515106.93,0,0,0,6198.698119,8527.695321,0,0,0,0,1.707205374,,0.000231857,,0.000231857,0,2,0,2,7363.19672,6198.698119,8527.695321,0,0,0,0,0,0
15351749.27,4998824.717,15354749.27,4998824.717,15354749.27,4995824.717,15351749.27,4995824.717,63515106.93,0,0,0,6586.839403,7971.35381,0,0,0,0,1.668429763,,0.000229208,,0.000229208,0,2,0,2,7279.096607,6586.839403,7971.35381,0,0,0,0,0,0
15351749.27,4995824.717,15354749.27,4995824.717,15354749.27,4992824.717,15351749.27,4992824.717,63515106.93,0,0,0,8802.784407,8802.784407,0,0,0,0,1.220009177,,0.000138594,,0.000138594,0,1,0,1,8802.784407,8802.784407,8802.784407,0,0,0,0,0,0
15351749.27,4992824.717,15354749.27,4992824.717,15354749.27,4989824.717,15351749.27,4989824.717,63515106.93,0,0,0,8977.486241,8977.486241,0,0,0,0,1.2689148,,0.000141344,,0.000141344,0,1,0,1,8977.486241,8977.486241,8977.486241,0,0,0,0,0,0
15351749.27,4989824.717,15354749.27,4989824.717,15354749.27,4986824.717,15351749.27,4986824.717,63515106.93,0,0,0,8401.172836,8401.172836,0,0,0,0,1.111227052,,0.00013227,,0.00013227,0,1,0,1,8401.172836,8401.172836,8401.172836,0,0,0,0,0,0
15351749.27,4986824.717,15354749.27,4986824.717,15354749.27,4983824.717,15351749.27,4983824.717,63515106.93,0,0,0,6876.265183,6876.265183,0,0,0,0,0.744437428,,0.000108262,,0.000108262,0,1,0,1,6876.265183,6876.265183,6876.265183,0,0,0,0,0,0
15351749.27,4983824.717,15354749.27,4983824.717,15354749.27,4980824.717,15351749.27,4980824.717,63515106.93,0,0,0,2776.715294,2776.715294,0,0,0,0,0.121390771,,4.37E-05,,4.37E-05,0,1,0,1,2776.715294,2776.715294,2776.715294,0,0,0,0,0,0
15351749.27,4980824.717,15354749.27,4980824.717,15354749.27,4977824.717,15351749.27,4977824.717,63515106.93,0,0,0,7301.313417,7301.313417,0,0,0,0,0.839314931,,0.000114954,,0.000114954,0,1,0,1,7301.313417,7301.313417,7301.313417,0,0,0,0,0,0
15351749.27,4977824.717,15354749.27,4977824.717,15354749.27,4974824.717,15351749.27,4974824.717,63515106.93,0,0,0,8997.480519,8997.480519,0,0,0,0,1.274573241,,0.000141659,,0.000141659,0,1,0,1,8997.480519,8997.480519,8997.480519,0,0,0,0,0,0
15351749.27,4974824.717,15354749.27,4974824.717,15354749.27,4971824.717,15351749.27,4971824.717,63515106.93,0,0,0,3079.387934,7836.501204,0,0,0,0,0.938018067,,0.000171863,,0.000171863,0,2,0,2,5457.944569,3079.387934,7836.501204,0,0,0,0,0,0
15351749.27,4971824.717,15354749.27,4971824.717,15354749.27,4968824.717,15351749.27,4968824.717,63515106.93,0,0,0,8299.380421,8299.380421,0,0,0,0,1.084461929,,0.000130668,,0.000130668,0,1,0,1,8299.380421,8299.380421,8299.380421,0,0,0,0,0,0
15351749.27,4968824.717,15354749.27,4968824.717,15354749.27,4965824.717,15351749.27,4965824.717,63515106.93,0,0,0,8861.744532,8861.744532,0,0,0,0,1.236406895,,0.000139522,,0.000139522,0,1,0,1,8861.744532,8861.744532,8861.744532,0,0,0,0,0,0
15351749.27,4965824.717,15354749.27,4965824.717,15354749.27,4962824.717,15351749.27,4962824.717,63515106.93,0,0,0,2550.878624,5750.196682,0,0,0,0,0.542452454,,0.000130695,,0.000130695,0,2,0,2,4150.537653,2550.878624,5750.196682,0,0,0,0,0,0
15351749.27,4962824.717,15354749.27,4962824.717,15354749.27,4959824.717,15351749.27,4959824.717,63515106.93,0,0,0,8278.778408,8278.778408,0,0,0,0,1.079084571,,0.000130343,,0.000130343,0,1,0,1,8278.778408,8278.778408,8278.778408,0,0,0,0,0,0
15351749.27,4959824.717,15354749.27,4959824.717,15354749.27,4956824.717,15351749.27,4956824.717,63515106.93,0,0,0,8871.686327,8871.686327,0,0,0,0,1.239182646,,0.000139678,,0.000139678,0,1,0,1,8871.686327,8871.686327,8871.686327,0,0,0,0,0,0
15351749.27,4956824.717,15354749.27,4956824.717,15354749.27,4953824.717,15351749.27,4953824.717,63515106.93,0,0,0,6323.624354,6323.624354,0,0,0,0,0.629586045,,9.96E-05,,9.96E-05,0,1,0,1,6323.624354,6323.624354,6323.624354,0,0,0,0,0,0
15351749.27,4953824.717,15354749.27,4953824.717,15354749.27,4950824.717,15351749.27,4950824.717,63515106.93,7.87E-09,7.87E-09,14039.23663,2693.198366,4326.41981,0,0,0,1.551600672,0.387900168,,0.000110519,,0.000110519,0.5,2,0.5,2,3509.809158,2693.198366,4326.419949,0,0,1,0,7.87E-09,31757553.47
15351749.27,4950824.717,15354749.27,4950824.717,15354749.27,4947824.717,15351749.27,4947824.717,63515106.93,4.72E-08,1.57E-08,3339.786899,994.0450083,3507.19368,1.333333333,2,1.57E-08,0.526843632,0.526843632,,0.000157748,,0.000157748,3,4,1,3,3339.786899,2668.54238,4501.238764,0.333333333,1,5,1.57E-08,4.000000016,63515106.93
15351749.27,4947824.717,15354749.27,4947824.717,15354749.27,4944824.717,15351749.27,4944824.717,63515106.93,3.94E-08,7.87E-09,3747.682703,994.0450083,4824.416045,1.6,4,1.57E-08,0.552826182,0.460688485,,0.000147511,,0.000147511,2.5,4,0.5,3,3123.068919,2056.940224,4824.416045,0.4,2,5,1.57E-08,4.000000008,31757553.47
15351749.27,4944824.717,15354749.27,4944824.717,15354749.27,4941824.717,15351749.27,4941824.717,63515106.93,0,0,0,3587.261253,3587.261253,0,0,0,0,0.20260445,,5.65E-05,,5.65E-05,0,1,0,1,3587.261253,3587.261253,3587.261253,0,0,0,0,0,0
15354749.27,5124824.717,15357749.27,5124824.717,15357749.27,5121824.717,15354749.27,5121824.717,63515106.93,0,0,0,0,0,0,0,0,0,0,,0,,0,0,0,0,0,0,0,0,0,0,0,0,0,0
15354749.27,5121824.717,15357749.27,5121824.717,15357749.27,5118824.717,15354749.27,5118824.717,63515106.93,0,0,0,0,0,0,0,0,0,0,,0,,0,0,0,0,0,0,0,0,0,0,0,0,0,0
15354749.27,5118824.717,15357749.27,5118824.717,15357749.27,5115824.717,15354749.27,5115824.717,63515106.93,0,0,0,0,0,0,0,0,0,0,,0,,0,0,0,0,0,0,0,0,0,0,0,0,0,0
15354749.27,5115824.717,15357749.27,5115824.717,15357749.27,5112824.717,15354749.27,5112824.717,63515106.93,0,0,0,0,0,0,0,0,0,0,,0,,0,0,0,0,0,0,0,0,0,0,0,0,0,0
15354749.27,5112824.717,15357749.27,5112824.717,15357749.27,5109824.717,15354749.27,5109824.717,63515106.93,0,0,0,0,0,0,0,0,0,0,,0,,0,0,0,0,0,0,0,0,0,0,0,0,0,0
15354749.27,5109824.717,15357749.27,5109824.717,15357749.27,5106824.717,15354749.27,5106824.717,63515106.93,0,0,0,0,0,0,0,0,0,0,,0,,0,0,0,0,0,0,0,0,0,0,0,0,0,0
15354749.27,5106824.717,15357749.27,5106824.717,15357749.27,5103824.717,15354749.27,5103824.717,63515106.93,0,0,0,0,0,0,0,0,0,0,,0,,0,0,0,0,0,0,0,0,0,0,0,0,0,0
15354749.27,5103824.717,15357749.27,5103824.717,15357749.27,5100824.717,15354749.27,5100824.717,63515106.93,0,0,0,0,0,0,0,0,0,0,,0,,0,0,0,0,0,0,0,0,0,0,0,0,0,0
15354749.27,5100824.717,15357749.27,5100824.717,15357749.27,5097824.717,15354749.27,5097824.717,63515106.93,0,0,0,0,0,0,0,0,0,0,,0,,0,0,0,0,0,0,0,0,0,0,0,0,0,0
15354749.27,5097824.717,15357749.27,5097824.717,15357749.27,5094824.717,15354749.27,5094824.717,63515106.93,0,0,0,0,0,0,0,0,0,0,,0,,0,0,0,0,0,0,0,0,0,0,0,0,0,0
15354749.27,5094824.717,15357749.27,5094824.717,15357749.27,5091824.717,15354749.27,5091824.717,63515106.93,0,0,0,0,0,0,0,0,0,0,,0,,0,0,0,0,0,0,0,0,0,0,0,0,0,0
15354749.27,5091824.717,15357749.27,5091824.717,15357749.27,5088824.717,15354749.27,5088824.717,63515106.93,0,0,0,0,0,0,0,0,0,0,,0,,0,0,0,0,0,0,0,0,0,0,0,0,0,0
15354749.27,5088824.717,15357749.27,5088824.717,15357749.27,5085824.717,15354749.27,5085824.717,63515106.93,0,0,0,0,0,0,0,0,0,0,,0,,0,0,0,0,0,0,0,0,0,0,0,0,0,0
15354749.27,5085824.717,15357749.27,5085824.717,15357749.27,5082824.717,15354749.27,5082824.717,63515106.93,0,0,0,0,0,0,0,0,0,0,,0,,0,0,0,0,0,0,0,0,0,0,0,0,0,0
15354749.27,5082824.717,15357749.27,5082824.717,15357749.27,5079824.717,15354749.27,5079824.717,63515106.93,0,0,0,0,0,0,0,0,0,0,,0,,0,0,0,0,0,0,0,0,0,0,0,0,0,0
15354749.27,5079824.717,15357749.27,5079824.717,15357749.27,5076824.717,15354749.27,5076824.717,63515106.93,0,0,0,0,0,0,0,0,0,0,,0,,0,0,0,0,0,0,0,0,0,0,0,0,0,0
15354749.27,5076824.717,15357749.27,5076824.717,15357749.27,5073824.717,15354749.27,5073824.717,63515106.93,0,0,0,0,0,0,0,0,0,0,,0,,0,0,0,0,0,0,0,0,0,0,0,0,0,0
15354749.27,5073824.717,15357749.27,5073824.717,15357749.27,5070824.717,15354749.27,5070824.717,63515106.93,0,0,0,0,0,0,0,0,0,0,,0,,0,0,0,0,0,0,0,0,0,0,0,0,0,0
15354749.27,5070824.717,15357749.27,5070824.717,15357749.27,5067824.717,15354749.27,5067824.717,63515106.93,0,0,0,0,0,0,0,0,0,0,,0,,0,0,0,0,0,0,0,0,0,0,0,0,0,0
15354749.27,5067824.717,15357749.27,5067824.717,15357749.27,5064824.717,15354749.27,5064824.717,63515106.93,7.87E-09,7.87E-09,6027.425608,3013.712804,3013.712804,0,0,0,0.285993846,0.142996923,,4.74E-05,,4.74E-05,0.5,1,0.5,1,3013.712804,3013.712804,3013.712804,0,0,1,0,7.87E-09,31757553.47
15354749.27,5064824.717,15357749.27,5064824.717,15357749.27,5061824.717,15354749.27,5061824.717,63515106.93,1.57E-08,1.57E-08,6395.301777,2625.231408,3770.070369,0,0,0,0.643939478,0.321969739,,0.000100689,,0.000100689,1,2,1,2,3197.650889,2625.231408,3770.070369,0,0,1,0,1.57E-08,63515106.93
15354749.27,5061824.717,15357749.27,5061824.717,15357749.27,5058824.717,15354749.27,5058824.717,63515106.93,2.36E-08,2.36E-08,6403.645662,2349.178502,3779.044645,0,0,0,0.968431285,0.484215643,,0.000151231,,0.000151231,1.5,3,1.5,3,3201.822831,2349.178502,3779.044645,0,0,1,0,2.36E-08,95272660.4
15354749.27,5058824.717,15357749.27,5058824.717,15357749.27,5055824.717,15354749.27,5055824.717,63515106.93,1.57E-08,1.57E-08,9625.119597,2629.559931,6995.559666,0,0,0,1.45859673,0.729298365,,0.000151541,,0.000151541,1,2,1,2,4812.559798,2629.559931,6995.559666,0,0,1,0,1.57E-08,63515106.93
15354749.27,5055824.717,15357749.27,5055824.717,15357749.27,5052824.717,15354749.27,5052824.717,63515106.93,0,0,0,9000.622796,9000.622796,0,0,0,0,1.275463659,,0.000141708,,0.000141708,0,1,0,1,9000.622796,9000.622796,9000.622796,0,0,0,0,0,0
15354749.27,5052824.717,15357749.27,5052824.717,15357749.27,5049824.717,15354749.27,5049824.717,63515106.93,0,0,0,7893.701344,7893.701344,0,0,0,0,0.981034653,,0.000124281,,0.000124281,0,1,0,1,7893.701344,7893.701344,7893.701344,0,0,0,0,0,0
15354749.27,5049824.717,15357749.27,5049824.717,15357749.27,5046824.717,15354749.27,5046824.717,63515106.93,0,0,0,4322.5096,4322.5096,0,0,0,0,0.294167642,,6.81E-05,,6.81E-05,0,1,0,1,4322.5096,4322.5096,4322.5096,0,0,0,0,0,0
15354749.27,5046824.717,15357749.27,5046824.717,15357749.27,5043824.717,15354749.27,5043824.717,63515106.93,7.87E-09,7.87E-09,11608.20889,5804.104445,5804.104445,0,0,0,1.060775303,0.530387652,,9.14E-05,,9.14E-05,0.5,1,0.5,1,5804.104445,5804.104445,5804.104445,0,0,1,0,7.87E-09,31757553.47
15354749.27,5043824.717,15357749.27,5043824.717,15357749.27,5040824.717,15354749.27,5040824.717,63515106.93,7.87E-09,7.87E-09,15151.15151,7575.575755,7575.575755,0,0,0,1.807108601,0.903554301,,0.000119272,,0.000119272,0.5,1,0.5,1,7575.575755,7575.575755,7575.575755,0,0,1,0,7.87E-09,31757553.47
15354749.27,5040824.717,15357749.27,5040824.717,15357749.27,5037824.717,15354749.27,5037824.717,63515106.93,0,0,0,6124.885966,6124.885966,0,0,0,0,0.590634731,,9.64E-05,,9.64E-05,0,1,0,1,6124.885966,6124.885966,6124.885966,0,0,0,0,0,0
15354749.27,5037824.717,15357749.27,5037824.717,15357749.27,5034824.717,15354749.27,5034824.717,63515106.93,0,0,0,0,0,0,0,0,0,0,,0,,0,0,0,0,0,0,0,0,0,0,0,0,0,0
15354749.27,5034824.717,15357749.27,5034824.717,15357749.27,5031824.717,15354749.27,5031824.717,63515106.93,0,0,0,0,0,0,0,0,0,0,,0,,0,0,0,0,0,0,0,0,0,0,0,0,0,0
15354749.27,5031824.717,15357749.27,5031824.717,15357749.27,5028824.717,15354749.27,5028824.717,63515106.93,0,0,0,0,0,0,0,0,0,0,,0,,0,0,0,0,0,0,0,0,0,0,0,0,0,0
15354749.27,5028824.717,15357749.27,5028824.717,15357749.27,5025824.717,15354749.27,5025824.717,63515106.93,7.87E-09,7.87E-09,126.1822333,63.09111664,63.09111664,0,0,0,0.00012534,6.27E-05,,9.93E-07,,9.93E-07,0.5,1,0.5,1,63.09111664,63.09111664,63.09111664,0,0,1,0,7.87E-09,31757553.47
15354749.27,5025824.717,15357749.27,5025824.717,15357749.27,5022824.717,15354749.27,5022824.717,63515106.93,0,0,0,0,0,0,0,0,0,0,,0,,0,0,0,0,0,0,0,0,0,0,0,0,0,0
15354749.27,5022824.717,15357749.27,5022824.717,15357749.27,5019824.717,15354749.27,5019824.717,63515106.93,0,0,0,0,0,0,0,0,0,0,,0,,0,0,0,0,0,0,0,0,0,0,0,0,0,0
15354749.27,5019824.717,15357749.27,5019824.717,15357749.27,5016824.717,15354749.27,5016824.717,63515106.93,0,0,0,0,0,0,0,0,0,0,,0,,0,0,0,0,0,0,0,0,0,0,0,0,0,0
15354749.27,5016824.717,15357749.27,5016824.717,15357749.27,5013824.717,15354749.27,5013824.717,63515106.93,0,0,0,6313.375077,6313.375077,0,0,0,0,0.627546843,,9.94E-05,,9.94E-05,0,1,0,1,6313.375077,6313.375077,6313.375077,0,0,0,0,0,0
15354749.27,5013824.717,15357749.27,5013824.717,15357749.27,5010824.717,15354749.27,5010824.717,63515106.93,0,0,0,8699.724164,8699.724164,0,0,0,0,1.19160943,,0.000136971,,0.000136971,0,1,0,1,8699.724157,8699.724157,8699.724157,0,0,0,0,0,0
15354749.27,5010824.717,15357749.27,5010824.717,15357749.27,5007824.717,15354749.27,5007824.717,63515106.93,0,0,0,7270.813529,8815.800848,0,0,0,0,2.037146566,,0.000253272,,0.000253272,0,2,0,2,8043.307216,7270.813529,8815.800904,0,0,0,0,0,0
15354749.27,5007824.717,15357749.27,5007824.717,15357749.27,5004824.717,15354749.27,5004824.717,63515106.93,0,0,0,3060.704821,8998.761241,0,0,0,0,1.870714767,,0.000297253,,0.000297253,0,3,0,3,6293.346975,3060.704821,8998.761241,0,0,0,0,0,0
15354749.27,5004824.717,15357749.27,5004824.717,15357749.27,5001824.717,15354749.27,5001824.717,63515106.93,0,0,0,7006.442157,7251.419524,0,0,0,0,1.600301326,,0.00022448,,0.00022448,0,2,0,2,7128.930841,7006.442157,7251.419524,0,0,0,0,0,0
15354749.27,5001824.717,15357749.27,5001824.717,15357749.27,4998824.717,15354749.27,4998824.717,63515106.93,0,0,0,8723.938065,8723.938065,0,0,0,0,1.198251865,,0.000137352,,0.000137352,0,1,0,1,8723.938065,8723.938065,8723.938065,0,0,0,0,0,0
15354749.27,4998824.717,15357749.27,4998824.717,15357749.27,4995824.717,15354749.27,4995824.717,63515106.93,0,0,0,8952.615892,8952.615892,0,0,0,0,1.261893984,,0.000140953,,0.000140953,0,1,0,1,8952.615892,8952.615892,8952.615892,0,0,0,0,0,0
15354749.27,4995824.717,15357749.27,4995824.717,15357749.27,4992824.717,15354749.27,4992824.717,63515106.93,0,0,0,5157.016637,8165.799188,0,0,0,0,1.397285072,,0.000209758,,0.000209758,0,2,0,2,6661.407913,5157.016637,8165.799188,0,0,0,0,0,0
15354749.27,4992824.717,15357749.27,4992824.717,15357749.27,4989824.717,15354749.27,4989824.717,63515106.93,0,0,0,6034.45426,7574.534993,0,0,0,0,1.457956992,,0.000214264,,0.000214264,0,2,0,2,6804.494627,6034.45426,7574.534993,0,0,0,0,0,0
15354749.27,4989824.717,15357749.27,4989824.717,15357749.27,4986824.717,15354749.27,4986824.717,63515106.93,0,0,0,8749.48922,8749.48922,0,0,0,0,1.205281158,,0.000137754,,0.000137754,0,1,0,1,8749.48922,8749.48922,8749.48922,0,0,0,0,0,0
15354749.27,4986824.717,15357749.27,4986824.717,15357749.27,4983824.717,15354749.27,4983824.717,63515106.93,0,0,0,8980.568406,8980.568406,0,0,0,0,1.269786241,,0.000141393,,0.000141393,0,1,0,1,8980.568406,8980.568406,8980.568406,0,0,0,0,0,0
15354749.27,4983824.717,15357749.27,4983824.717,15357749.27,4980824.717,15354749.27,4980824.717,63515106.93,0,0,0,8186.633726,8186.633726,0,0,0,0,1.055197338,,0.000128893,,0.000128893,0,1,0,1,8186.633726,8186.633726,8186.633726,0,0,0,0,0,0
15354749.27,4980824.717,15357749.27,4980824.717,15357749.27,4977824.717,15354749.27,4977824.717,63515106.93,0,0,0,2616.898609,5803.160269,0,0,0,0,0.558114399,,0.000132568,,0.000132568,0,2,0,2,4210.029439,2616.898609,5803.160269,0,0,0,0,0,0
15354749.27,4977824.717,15357749.27,4977824.717,15357749.27,4974824.717,15354749.27,4974824.717,63515106.93,0,0,0,8056.168709,8056.168709,0,0,0,0,1.021833346,,0.000126839,,0.000126839,0,1,0,1,8056.168709,8056.168709,8056.168709,0,0,0,0,0,0
15354749.27,4974824.717,15357749.27,4974824.717,15357749.27,4971824.717,15354749.27,4971824.717,63515106.93,0,0,0,8995.45159,8995.45159,0,0,0,0,1.273998474,,0.000141627,,0.000141627,0,1,0,1,8995.45159,8995.45159,8995.45159,0,0,0,0,0,0
15354749.27,4971824.717,15357749.27,4971824.717,15357749.27,4968824.717,15354749.27,4968824.717,63515106.93,0,0,0,6665.430223,7456.792208,0,0,0,0,1.56999788,,0.000222344,,0.000222344,0,2,0,2,7061.111216,6665.430223,7456.792208,0,0,0,0,0,0
15354749.27,4968824.717,15357749.27,4968824.717,15357749.27,4965824.717,15354749.27,4965824.717,63515106.93,0,0,0,9254.464864,9254.464864,0,0,0,0,1.348421251,,0.000145705,,0.000145705,0,1,0,1,9254.464864,9254.464864,9254.464864,0,0,0,0,0,0
15354749.27,4965824.717,15357749.27,4965824.717,15357749.27,4962824.717,15354749.27,4962824.717,63515106.93,0,0,0,7465.865008,7465.865008,0,0,0,0,0.877572959,,0.000117545,,0.000117545,0,1,0,1,7465.865008,7465.865008,7465.865008,0,0,0,0,0,0
15354749.27,4962824.717,15357749.27,4962824.717,15357749.27,4959824.717,15354749.27,4959824.717,63515106.93,0,0,0,5751.151113,5751.151113,0,0,0,0,0.520753892,,9.05E-05,,9.05E-05,0,1,0,1,5751.151113,5751.151113,5751.151113,0,0,0,0,0,0
15354749.27,4959824.717,15357749.27,4959824.717,15357749.27,4956824.717,15354749.27,4956824.717,63515106.93,0,0,0,8754.87649,8754.87649,0,0,0,0,1.206765855,,0.000137839,,0.000137839,0,1,0,1,8754.87649,8754.87649,8754.87649,0,0,0,0,0,0
15354749.27,4956824.717,15357749.27,4956824.717,15357749.27,4953824.717,15354749.27,4953824.717,63515106.93,0,0,0,8539.698065,8539.698065,0,0,0,0,1.148174766,,0.000134451,,0.000134451,0,1,0,1,8539.698065,8539.698065,8539.698065,0,0,0,0,0,0
15354749.27,4953824.717,15357749.27,4953824.717,15357749.27,4950824.717,15354749.27,4950824.717,63515106.93,0,0,0,4179.37448,4179.37448,0,0,0,0,0.275008134,,6.58E-05,,6.58E-05,0,1,0,1,4179.37448,4179.37448,4179.37448,0,0,0,0,0,0
15354749.27,4950824.717,15357749.27,4950824.717,15357749.27,4947824.717,15354749.27,4947824.717,63515106.93,0,0,0,0,0,0,0,0,0,0,,0,,0,0,0,0,0,0,0,0,0,0,0,0,0,0
15354749.27,4947824.717,15357749.27,4947824.717,15357749.27,4944824.717,15354749.27,4944824.717,63515106.93,0,0,0,0,0,0,0,0,0,0,,0,,0,0,0,0,0,0,0,0,0,0,0,0,0,0
15354749.27,4944824.717,15357749.27,4944824.717,15357749.27,4941824.717,15354749.27,4941824.717,63515106.93,0,0,0,0,0,0,0,0,0,0,,0,,0,0,0,0,0,0,0,0,0,0,0,0,0,0
15357749.27,5124824.717,15360749.27,5124824.717,15360749.27,5121824.717,15357749.27,5121824.717,63515106.93,0,0,0,0,0,0,0,0,0,0,,0,,0,0,0,0,0,0,0,0,0,0,0,0,0,0
15357749.27,5121824.717,15360749.27,5121824.717,15360749.27,5118824.717,15357749.27,5118824.717,63515106.93,0,0,0,0,0,0,0,0,0,0,,0,,0,0,0,0,0,0,0,0,0,0,0,0,0,0
15357749.27,5118824.717,15360749.27,5118824.717,15360749.27,5115824.717,15357749.27,5115824.717,63515106.93,0,0,0,0,0,0,0,0,0,0,,0,,0,0,0,0,0,0,0,0,0,0,0,0,0,0
15357749.27,5115824.717,15360749.27,5115824.717,15360749.27,5112824.717,15357749.27,5112824.717,63515106.93,0,0,0,0,0,0,0,0,0,0,,0,,0,0,0,0,0,0,0,0,0,0,0,0,0,0
15357749.27,5112824.717,15360749.27,5112824.717,15360749.27,5109824.717,15357749.27,5109824.717,63515106.93,0,0,0,0,0,0,0,0,0,0,,0,,0,0,0,0,0,0,0,0,0,0,0,0,0,0
15357749.27,5109824.717,15360749.27,5109824.717,15360749.27,5106824.717,15357749.27,5106824.717,63515106.93,0,0,0,0,0,0,0,0,0,0,,0,,0,0,0,0,0,0,0,0,0,0,0,0,0,0
15357749.27,5106824.717,15360749.27,5106824.717,15360749.27,5103824.717,15357749.27,5103824.717,63515106.93,0,0,0,0,0,0,0,0,0,0,,0,,0,0,0,0,0,0,0,0,0,0,0,0,0,0
15357749.27,5103824.717,15360749.27,5103824.717,15360749.27,5100824.717,15357749.27,5100824.717,63515106.93,0,0,0,0,0,0,0,0,0,0,,0,,0,0,0,0,0,0,0,0,0,0,0,0,0,0
15357749.27,5100824.717,15360749.27,5100824.717,15360749.27,5097824.717,15357749.27,5097824.717,63515106.93,0,0,0,0,0,0,0,0,0,0,,0,,0,0,0,0,0,0,0,0,0,0,0,0,0,0
15357749.27,5097824.717,15360749.27,5097824.717,15360749.27,5094824.717,15357749.27,5094824.717,63515106.93,0,0,0,0,0,0,0,0,0,0,,0,,0,0,0,0,0,0,0,0,0,0,0,0,0,0
15357749.27,5094824.717,15360749.27,5094824.717,15360749.27,5091824.717,15357749.27,5091824.717,63515106.93,0,0,0,0,0,0,0,0,0,0,,0,,0,0,0,0,0,0,0,0,0,0,0,0,0,0
15357749.27,5091824.717,15360749.27,5091824.717,15360749.27,5088824.717,15357749.27,5088824.717,63515106.93,0,0,0,0,0,0,0,0,0,0,,0,,0,0,0,0,0,0,0,0,0,0,0,0,0,0
15357749.27,5088824.717,15360749.27,5088824.717,15360749.27,5085824.717,15357749.27,5085824.717,63515106.93,0,0,0,0,0,0,0,0,0,0,,0,,0,0,0,0,0,0,0,0,0,0,0,0,0,0
15357749.27,5085824.717,15360749.27,5085824.717,15360749.27,5082824.717,15357749.27,5082824.717,63515106.93,0,0,0,0,0,0,0,0,0,0,,0,,0,0,0,0,0,0,0,0,0,0,0,0,0,0
15357749.27,5082824.717,15360749.27,5082824.717,15360749.27,5079824.717,15357749.27,5079824.717,63515106.93,0,0,0,0,0,0,0,0,0,0,,0,,0,0,0,0,0,0,0,0,0,0,0,0,0,0
15357749.27,5079824.717,15360749.27,5079824.717,15360749.27,5076824.717,15357749.27,5076824.717,63515106.93,0,0,0,0,0,0,0,0,0,0,,0,,0,0,0,0,0,0,0,0,0,0,0,0,0,0
15357749.27,5076824.717,15360749.27,5076824.717,15360749.27,5073824.717,15357749.27,5073824.717,63515106.93,0,0,0,0,0,0,0,0,0,0,,0,,0,0,0,0,0,0,0,0,0,0,0,0,0,0
15357749.27,5073824.717,15360749.27,5073824.717,15360749.27,5070824.717,15357749.27,5070824.717,63515106.93,0,0,0,0,0,0,0,0,0,0,,0,,0,0,0,0,0,0,0,0,0,0,0,0,0,0
15357749.27,5070824.717,15360749.27,5070824.717,15360749.27,5067824.717,15357749.27,5067824.717,63515106.93,0,0,0,0,0,0,0,0,0,0,,0,,0,0,0,0,0,0,0,0,0,0,0,0,0,0
15357749.27,5067824.717,15360749.27,5067824.717,15360749.27,5064824.717,15357749.27,5064824.717,63515106.93,7.87E-09,7.87E-09,14567.21285,7283.606426,7283.606426,0,0,0,1.67049778,0.83524889,,0.000114675,,0.000114675,0.5,1,0.5,1,7283.606426,7283.606426,7283.606426,0,0,1,0,7.87E-09,31757553.47
15357749.27,5064824.717,15360749.27,5064824.717,15360749.27,5061824.717,15357749.27,5061824.717,63515106.93,2.36E-08,2.36E-08,8122.247732,125.7198321,6602.622143,0,0,0,1.557997256,0.778998628,,0.000191818,,0.000191818,1.5,3,1.5,3,4061.123866,125.7198321,6602.622143,0,0,1,0,2.36E-08,95272660.4
15357749.27,5061824.717,15360749.27,5061824.717,15360749.27,5058824.717,15357749.27,5058824.717,63515106.93,2.36E-08,2.36E-08,9375.678903,3043.506366,6775.967024,0,0,0,2.075963321,1.037981661,,0.00022142,,0.00022142,1.5,3,1.5,3,4687.839451,3043.506366,6775.967024,0,0,1,0,2.36E-08,95272660.4
15357749.27,5058824.717,15360749.27,5058824.717,15360749.27,5055824.717,15357749.27,5055824.717,63515106.93,1.57E-08,1.57E-08,11324.6684,5503.385932,5821.282467,0,0,0,2.019174973,1.009587487,,0.000178299,,0.000178299,1,2,1,2,5662.3342,5503.385932,5821.282467,0,0,1,0,1.57E-08,63515106.93
15357749.27,5055824.717,15360749.27,5055824.717,15360749.27,5052824.717,15357749.27,5052824.717,63515106.93,0,0,0,6970.199589,6970.199589,0,0,0,0,0.764915382,,0.000109741,,0.000109741,0,1,0,1,6970.199589,6970.199589,6970.199589,0,0,0,0,0,0
15357749.27,5052824.717,15360749.27,5052824.717,15360749.27,5049824.717,15357749.27,5049824.717,63515106.93,0,0,0,2721.005994,2721.005994,0,0,0,0,0.116568703,,4.28E-05,,4.28E-05,0,1,0,1,2721.005994,2721.005994,2721.005994,0,0,0,0,0,0
15357749.27,5049824.717,15360749.27,5049824.717,15360749.27,5046824.717,15357749.27,5046824.717,63515106.93,0,0,0,0,0,0,0,0,0,0,,0,,0,0,0,0,0,0,0,0,0,0,0,0,0,0
15357749.27,5046824.717,15360749.27,5046824.717,15360749.27,5043824.717,15357749.27,5043824.717,63515106.93,0,0,0,5852.100557,5852.100557,0,0,0,0,0.539195832,,9.21E-05,,9.21E-05,0,1,0,1,5852.100557,5852.100557,5852.100557,0,0,0,0,0,0
15357749.27,5043824.717,15360749.27,5043824.717,15360749.27,5040824.717,15357749.27,5040824.717,63515106.93,0,0,0,8898.142366,8898.142366,0,0,0,0,1.246584338,,0.000140095,,0.000140095,0,1,0,1,8898.142366,8898.142366,8898.142366,0,0,0,0,0,0
15357749.27,5040824.717,15360749.27,5040824.717,15360749.27,5037824.717,15357749.27,5037824.717,63515106.93,0,0,0,8007.43701,8007.43701,0,0,0,0,1.009508612,,0.000126071,,0.000126071,0,1,0,1,8007.43701,8007.43701,8007.43701,0,0,0,0,0,0
15357749.27,5037824.717,15360749.27,5037824.717,15360749.27,5034824.717,15357749.27,5034824.717,63515106.93,0,0,0,0,0,0,0,0,0,0,,0,,0,0,0,0,0,0,0,0,0,0,0,0,0,0
15357749.27,5034824.717,15360749.27,5034824.717,15360749.27,5031824.717,15357749.27,5031824.717,63515106.93,0,0,0,0,0,0,0,0,0,0,,0,,0,0,0,0,0,0,0,0,0,0,0,0,0,0
15357749.27,5031824.717,15360749.27,5031824.717,15360749.27,5028824.717,15357749.27,5028824.717,63515106.93,7.87E-09,7.87E-09,2414.441006,1207.220503,1207.220503,0,0,0,0.045890857,0.022945428,,1.90E-05,,1.90E-05,0.5,1,0.5,1,1207.220503,1207.220503,1207.220503,0,0,1,0,7.87E-09,31757553.47
15357749.27,5028824.717,15360749.27,5028824.717,15360749.27,5025824.717,15357749.27,5025824.717,63515106.93,7.87E-09,7.87E-09,6241.84303,3120.921515,3120.921515,0,0,0,0.306703447,0.153351723,,4.91E-05,,4.91E-05,0.5,1,0.5,1,3120.921515,3120.921515,3120.921515,0,0,1,0,7.87E-09,31757553.47
15357749.27,5025824.717,15360749.27,5025824.717,15360749.27,5022824.717,15357749.27,5022824.717,63515106.93,7.87E-09,7.87E-09,4874.43531,2437.217655,2437.217655,0,0,0,0.187043057,0.093521529,,3.84E-05,,3.84E-05,0.5,1,0.5,1,2437.217655,2437.217655,2437.217655,0,0,1,0,7.87E-09,31757553.47
15357749.27,5022824.717,15360749.27,5022824.717,15360749.27,5019824.717,15357749.27,5019824.717,63515106.93,0,0,0,0,0,0,0,0,0,0,,0,,0,0,0,0,0,0,0,0,0,0,0,0,0,0
15357749.27,5019824.717,15360749.27,5019824.717,15360749.27,5016824.717,15357749.27,5016824.717,63515106.93,0,0,0,0,0,0,0,0,0,0,,0,,0,0,0,0,0,0,0,0,0,0,0,0,0,0
15357749.27,5016824.717,15360749.27,5016824.717,15360749.27,5013824.717,15357749.27,5013824.717,63515106.93,7.87E-09,7.87E-09,1192.090704,596.0453522,596.0453522,0,0,0,0.011186947,0.005593473,,9.38E-06,,9.38E-06,0.5,1,0.5,1,596.0453522,596.0453522,596.0453522,0,0,1,0,7.87E-09,31757553.47
15357749.27,5013824.717,15360749.27,5013824.717,15360749.27,5010824.717,15357749.27,5010824.717,63515106.93,0,0,0,6067.088216,6067.088216,0,0,0,0,0.579540206,,9.55E-05,,9.55E-05,0,1,0,1,6067.08811,6067.08811,6067.08811,0,0,0,0,0,0
15357749.27,5010824.717,15360749.27,5010824.717,15360749.27,5007824.717,15357749.27,5007824.717,63515106.93,0,0,0,4293.890284,8590.072875,0,0,0,0,1.306748202,,0.000202849,,0.000202849,0,2,0,2,6441.981519,4293.890284,8590.072755,0,0,0,0,0,0
15357749.27,5007824.717,15360749.27,5007824.717,15360749.27,5004824.717,15357749.27,5004824.717,63515106.93,2.36E-08,7.87E-09,11211.5168,875.5933268,8015.838458,2,4,1.57E-08,2.968540441,2.226405331,,0.000264776,,0.000264776,1.5,3,0.5,2,8408.637602,7925.843369,8891.431836,0.666666667,2,3,1,3,1
15357749.27,5004824.717,15360749.27,5004824.717,15360749.27,5001824.717,15357749.27,5001824.717,63515106.93,2.36E-08,7.87E-09,9192.471651,2295.794582,6600.619629,2,4,1.57E-08,1.995624485,1.496718364,,0.000217093,,0.000217093,1.5,3,0.5,2,6894.353739,6600.619629,7188.087849,0.666666667,2,3,1,3,1
15357749.27,5001824.717,15360749.27,5001824.717,15360749.27,4998824.717,15357749.27,4998824.717,63515106.93,0,0,0,1774.608133,5331.822349,0,0,0,0,0.397553878,,0.000111886,,0.000111886,0,2,0,2,3553.215241,1774.608133,5331.822349,0,0,0,0,0,0
15357749.27,4998824.717,15360749.27,4998824.717,15360749.27,4995824.717,15357749.27,4995824.717,63515106.93,0,0,0,7860.36098,7860.36098,0,0,0,0,0.972765027,,0.000123756,,0.000123756,0,1,0,1,7860.36098,7860.36098,7860.36098,0,0,0,0,0,0
15357749.27,4995824.717,15360749.27,4995824.717,15360749.27,4992824.717,15357749.27,4992824.717,63515106.93,0,0,0,8863.370168,8863.370168,0,0,0,0,1.23686056,,0.000139547,,0.000139547,0,1,0,1,8863.370168,8863.370168,8863.370168,0,0,0,0,0,0
15357749.27,4992824.717,15360749.27,4992824.717,15360749.27,4989824.717,15357749.27,4989824.717,63515106.93,0,0,0,8885.306458,8885.306458,0,0,0,0,1.242990442,,0.000139893,,0.000139893,0,1,0,1,8885.306458,8885.306458,8885.306458,0,0,0,0,0,0
15357749.27,4989824.717,15360749.27,4989824.717,15360749.27,4986824.717,15357749.27,4986824.717,63515106.93,0,0,0,4581.210378,7941.958513,0,0,0,0,1.234586279,,0.000197168,,0.000197168,0,2,0,2,6261.584445,4581.210378,7941.958513,0,0,0,0,0,0
15357749.27,4986824.717,15360749.27,4986824.717,15360749.27,4983824.717,15357749.27,4983824.717,63515106.93,0,0,0,5559.467405,7771.261926,0,0,0,0,1.398945488,,0.000209883,,0.000209883,0,2,0,2,6665.364665,5559.467405,7771.261926,0,0,0,0,0,0
15357749.27,4983824.717,15360749.27,4983824.717,15360749.27,4980824.717,15357749.27,4980824.717,63515106.93,0,0,0,8932.46927,8932.46927,0,0,0,0,1.256220939,,0.000140635,,0.000140635,0,1,0,1,8932.46927,8932.46927,8932.46927,0,0,0,0,0,0
15357749.27,4980824.717,15360749.27,4980824.717,15360749.27,4977824.717,15357749.27,4977824.717,63515106.93,7.87E-09,7.87E-09,15797.80032,7898.900158,7898.900158,0,0,0,1.964654607,0.982327303,,0.000124363,,0.000124363,0.5,1,0.5,1,7898.900158,7898.900158,7898.900158,0,0,1,0,7.87E-09,31757553.47
15357749.27,4977824.717,15360749.27,4977824.717,15360749.27,4974824.717,15357749.27,4974824.717,63515106.93,7.87E-09,7.87E-09,18675.15024,4668.453337,4669.121783,0,0,0,2.745498302,0.686374576,,0.000147013,,0.000147013,0.5,2,0.5,2,4668.78756,4668.453337,4669.121783,0,0,1,0,7.87E-09,31757553.47
15357749.27,4974824.717,15360749.27,4974824.717,15360749.27,4971824.717,15357749.27,4971824.717,63515106.93,0,0,0,8300.254357,8300.254357,0,0,0,0,1.084690331,,0.000130682,,0.000130682,0,1,0,1,8300.254357,8300.254357,8300.254357,0,0,0,0,0,0
15357749.27,4971824.717,15360749.27,4971824.717,15360749.27,4968824.717,15357749.27,4968824.717,63515106.93,0,0,0,2118.062967,8968.485843,0,0,0,0,0.967577404,,0.00017455,,0.00017455,0,2,0,2,5543.274405,2118.062967,8968.485843,0,0,0,0,0,0
15357749.27,4968824.717,15360749.27,4968824.717,15360749.27,4965824.717,15357749.27,4965824.717,63515106.93,7.87E-09,7.87E-09,29558.18454,7289.177973,7489.914295,0,0,0,6.877783218,1.719445804,,0.000232686,,0.000232686,0.5,2,0.5,2,7389.546134,7289.177973,7489.914295,0,0,1,0,7.87E-09,31757553.47
15357749.27,4965824.717,15360749.27,4965824.717,15360749.27,4962824.717,15357749.27,4962824.717,63515106.93,7.87E-09,7.87E-09,13447.30393,6723.651963,6723.651963,0,0,0,1.423519471,0.711759736,,0.000105859,,0.000105859,0.5,1,0.5,1,6723.651963,6723.651963,6723.651963,0,0,1,0,7.87E-09,31757553.47
15357749.27,4962824.717,15360749.27,4962824.717,15360749.27,4959824.717,15357749.27,4959824.717,63515106.93,0,0,0,0,0,0,0,0,0,0,,0,,0,0,0,0,0,0,0,0,0,0,0,0,0,0
15357749.27,4959824.717,15360749.27,4959824.717,15360749.27,4956824.717,15357749.27,4956824.717,63515106.93,0,0,0,7203.386868,7203.386868,0,0,0,0,0.816951822,,0.000113412,,0.000113412,0,1,0,1,7203.386868,7203.386868,7203.386868,0,0,0,0,0,0
15357749.27,4956824.717,15360749.27,4956824.717,15360749.27,4953824.717,15357749.27,4953824.717,63515106.93,0,0,0,8980.548334,8980.548334,0,0,0,0,1.269780565,,0.000141392,,0.000141392,0,1,0,1,8980.548334,8980.548334,8980.548334,0,0,0,0,0,0
15357749.27,4953824.717,15360749.27,4953824.717,15360749.27,4950824.717,15357749.27,4950824.717,63515106.93,0,0,0,8239.520586,8239.520586,0,0,0,0,1.068874836,,0.000129725,,0.000129725,0,1,0,1,8239.520586,8239.520586,8239.520586,0,0,0,0,0,0
15357749.27,4950824.717,15360749.27,4950824.717,15360749.27,4947824.717,15357749.27,4947824.717,63515106.93,0,0,0,3123.721426,3123.721426,0,0,0,0,0.153627003,,4.92E-05,,4.92E-05,0,1,0,1,3123.721426,3123.721426,3123.721426,0,0,0,0,0,0
15357749.27,4947824.717,15360749.27,4947824.717,15360749.27,4944824.717,15357749.27,4944824.717,63515106.93,0,0,0,0,0,0,0,0,0,0,,0,,0,0,0,0,0,0,0,0,0,0,0,0,0,0
15357749.27,4944824.717,15360749.27,4944824.717,15360749.27,4941824.717,15357749.27,4941824.717,63515106.93,0,0,0,0,0,0,0,0,0,0,,0,,0,0,0,0,0,0,0,0,0,0,0,0,0,0
15360749.27,5124824.717,15363749.27,5124824.717,15363749.27,5121824.717,15360749.27,5121824.717,63515106.93,0,0,0,0,0,0,0,0,0,0,,0,,0,0,0,0,0,0,0,0,0,0,0,0,0,0
15360749.27,5121824.717,15363749.27,5121824.717,15363749.27,5118824.717,15360749.27,5118824.717,63515106.93,0,0,0,0,0,0,0,0,0,0,,0,,0,0,0,0,0,0,0,0,0,0,0,0,0,0
15360749.27,5118824.717,15363749.27,5118824.717,15363749.27,5115824.717,15360749.27,5115824.717,63515106.93,0,0,0,0,0,0,0,0,0,0,,0,,0,0,0,0,0,0,0,0,0,0,0,0,0,0
15360749.27,5115824.717,15363749.27,5115824.717,15363749.27,5112824.717,15360749.27,5112824.717,63515106.93,0,0,0,0,0,0,0,0,0,0,,0,,0,0,0,0,0,0,0,0,0,0,0,0,0,0
15360749.27,5112824.717,15363749.27,5112824.717,15363749.27,5109824.717,15360749.27,5109824.717,63515106.93,0,0,0,0,0,0,0,0,0,0,,0,,0,0,0,0,0,0,0,0,0,0,0,0,0,0
15360749.27,5109824.717,15363749.27,5109824.717,15363749.27,5106824.717,15360749.27,5106824.717,63515106.93,0,0,0,0,0,0,0,0,0,0,,0,,0,0,0,0,0,0,0,0,0,0,0,0,0,0
15360749.27,5106824.717,15363749.27,5106824.717,15363749.27,5103824.717,15360749.27,5103824.717,63515106.93,0,0,0,0,0,0,0,0,0,0,,0,,0,0,0,0,0,0,0,0,0,0,0,0,0,0
15360749.27,5103824.717,15363749.27,5103824.717,15363749.27,5100824.717,15360749.27,5100824.717,63515106.93,0,0,0,0,0,0,0,0,0,0,,0,,0,0,0,0,0,0,0,0,0,0,0,0,0,0
15360749.27,5100824.717,15363749.27,5100824.717,15363749.27,5097824.717,15360749.27,5097824.717,63515106.93,0,0,0,0,0,0,0,0,0,0,,0,,0,0,0,0,0,0,0,0,0,0,0,0,0,0
15360749.27,5097824.717,15363749.27,5097824.717,15363749.27,5094824.717,15360749.27,5094824.717,63515106.93,0,0,0,0,0,0,0,0,0,0,,0,,0,0,0,0,0,0,0,0,0,0,0,0,0,0
15360749.27,5094824.717,15363749.27,5094824.717,15363749.27,5091824.717,15360749.27,5091824.717,63515106.93,0,0,0,0,0,0,0,0,0,0,,0,,0,0,0,0,0,0,0,0,0,0,0,0,0,0
15360749.27,5091824.717,15363749.27,5091824.717,15363749.27,5088824.717,15360749.27,5088824.717,63515106.93,0,0,0,0,0,0,0,0,0,0,,0,,0,0,0,0,0,0,0,0,0,0,0,0,0,0
15360749.27,5088824.717,15363749.27,5088824.717,15363749.27,5085824.717,15360749.27,5085824.717,63515106.93,0,0,0,0,0,0,0,0,0,0,,0,,0,0,0,0,0,0,0,0,0,0,0,0,0,0
15360749.27,5085824.717,15363749.27,5085824.717,15363749.27,5082824.717,15360749.27,5082824.717,63515106.93,0,0,0,0,0,0,0,0,0,0,,0,,0,0,0,0,0,0,0,0,0,0,0,0,0,0
15360749.27,5082824.717,15363749.27,5082824.717,15363749.27,5079824.717,15360749.27,5079824.717,63515106.93,0,0,0,0,0,0,0,0,0,0,,0,,0,0,0,0,0,0,0,0,0,0,0,0,0,0
15360749.27,5079824.717,15363749.27,5079824.717,15363749.27,5076824.717,15360749.27,5076824.717,63515106.93,0,0,0,0,0,0,0,0,0,0,,0,,0,0,0,0,0,0,0,0,0,0,0,0,0,0
15360749.27,5076824.717,15363749.27,5076824.717,15363749.27,5073824.717,15360749.27,5073824.717,63515106.93,0,0,0,0,0,0,0,0,0,0,,0,,0,0,0,0,0,0,0,0,0,0,0,0,0,0
15360749.27,5073824.717,15363749.27,5073824.717,15363749.27,5070824.717,15360749.27,5070824.717,63515106.93,0,0,0,0,0,0,0,0,0,0,,0,,0,0,0,0,0,0,0,0,0,0,0,0,0,0
15360749.27,5070824.717,15363749.27,5070824.717,15363749.27,5067824.717,15360749.27,5067824.717,63515106.93,0,0,0,5269.675894,5269.675894,0,0,0,0,0.437210695,,8.30E-05,,8.30E-05,0,1,0,1,5269.675894,5269.675894,5269.675894,0,0,0,0,0,0
15360749.27,5067824.717,15363749.27,5067824.717,15363749.27,5064824.717,15360749.27,5064824.717,63515106.93,0,0,0,8767.48075,8767.48075,0,0,0,0,1.210243081,,0.000138038,,0.000138038,0,1,0,1,8767.48075,8767.48075,8767.48075,0,0,0,0,0,0
15360749.27,5064824.717,15363749.27,5064824.717,15363749.27,5061824.717,15360749.27,5061824.717,63515106.93,0,0,0,6363.455051,8416.004589,0,0,0,0,1.719531288,,0.000232692,,0.000232692,0,2,0,2,7389.72982,6363.455051,8416.004589,0,0,0,0,0,0
15360749.27,5061824.717,15363749.27,5061824.717,15363749.27,5058824.717,15360749.27,5058824.717,63515106.93,7.87E-09,7.87E-09,26517.60236,874.1486045,8987.928127,0,0,0,5.535558933,0.922593155,,0.00020875,,0.00020875,0.5,3,0.5,3,4419.600394,874.1486045,8987.928127,0,0,1,0,7.87E-09,31757553.47
15360749.27,5058824.717,15363749.27,5058824.717,15363749.27,5055824.717,15360749.27,5055824.717,63515106.93,7.87E-09,7.87E-09,18026.06936,2002.628742,7010.405936,0,0,0,2.557967641,0.63949191,,0.000141904,,0.000141904,0.5,2,0.5,2,4506.517339,2002.628742,7010.405936,0,0,1,0,7.87E-09,31757553.47
15360749.27,5055824.717,15363749.27,5055824.717,15363749.27,5052824.717,15360749.27,5052824.717,63515106.93,0,0,0,0,0,0,0,0,0,0,,0,,0,0,0,0,0,0,0,0,0,0,0,0,0,0
15360749.27,5052824.717,15363749.27,5052824.717,15363749.27,5049824.717,15360749.27,5049824.717,63515106.93,0,0,0,0,0,0,0,0,0,0,,0,,0,0,0,0,0,0,0,0,0,0,0,0,0,0
15360749.27,5049824.717,15363749.27,5049824.717,15363749.27,5046824.717,15360749.27,5046824.717,63515106.93,0,0,0,0,0,0,0,0,0,0,,0,,0,0,0,0,0,0,0,0,0,0,0,0,0,0
15360749.27,5046824.717,15363749.27,5046824.717,15363749.27,5043824.717,15360749.27,5043824.717,63515106.93,0,0,0,0,0,0,0,0,0,0,,0,,0,0,0,0,0,0,0,0,0,0,0,0,0,0
15360749.27,5043824.717,15363749.27,5043824.717,15363749.27,5040824.717,15360749.27,5040824.717,63515106.93,0,0,0,8181.158668,8181.158668,0,0,0,0,1.05378642,,0.000128807,,0.000128807,0,1,0,1,8181.158668,8181.158668,8181.158668,0,0,0,0,0,0
15360749.27,5040824.717,15363749.27,5040824.717,15363749.27,5037824.717,15360749.27,5037824.717,63515106.93,0,0,0,8834.660036,8834.660036,0,0,0,0,1.228860687,,0.000139095,,0.000139095,0,1,0,1,8834.660036,8834.660036,8834.660036,0,0,0,0,0,0
15360749.27,5037824.717,15363749.27,5037824.717,15363749.27,5034824.717,15360749.27,5034824.717,63515106.93,0,0,0,5562.833996,5562.833996,0,0,0,0,0.487208848,,8.76E-05,,8.76E-05,0,1,0,1,5562.833996,5562.833996,5562.833996,0,0,0,0,0,0
15360749.27,5034824.717,15363749.27,5034824.717,15363749.27,5031824.717,15360749.27,5031824.717,63515106.93,0,0,0,0,0,0,0,0,0,0,,0,,0,0,0,0,0,0,0,0,0,0,0,0,0,0
15360749.27,5031824.717,15363749.27,5031824.717,15363749.27,5028824.717,15360749.27,5028824.717,63515106.93,7.87E-09,7.87E-09,9281.250396,4640.625198,4640.625198,0,0,0,0.678119058,0.339059529,,7.31E-05,,7.31E-05,0.5,1,0.5,1,4640.625198,4640.625198,4640.625198,0,0,1,0,7.87E-09,31757553.47
15360749.27,5028824.717,15363749.27,5028824.717,15363749.27,5025824.717,15360749.27,5025824.717,63515106.93,7.87E-09,7.87E-09,12312.51243,6156.256216,6156.256216,0,0,0,1.193400828,0.596700414,,9.69E-05,,9.69E-05,0.5,1,0.5,1,6156.256216,6156.256216,6156.256216,0,0,1,0,7.87E-09,31757553.47
15360749.27,5025824.717,15363749.27,5025824.717,15363749.27,5022824.717,15360749.27,5022824.717,63515106.93,1.57E-08,1.57E-08,6181.266419,921.4843076,5259.782111,0,0,0,0.601558533,0.300779266,,9.73E-05,,9.73E-05,1,2,1,2,3090.633209,921.4843076,5259.782111,0,0,1,0,1.57E-08,63515106.93
15360749.27,5022824.717,15363749.27,5022824.717,15363749.27,5019824.717,15360749.27,5019824.717,63515106.93,7.87E-09,7.87E-09,5226.902912,2613.451456,2613.451456,0,0,0,0.215070992,0.107535496,,4.11E-05,,4.11E-05,0.5,1,0.5,1,2613.451456,2613.451456,2613.451456,0,0,1,0,7.87E-09,31757553.47
15360749.27,5019824.717,15363749.27,5019824.717,15363749.27,5016824.717,15360749.27,5016824.717,63515106.93,1.57E-08,1.57E-08,3802.306572,1777.036913,2025.26966,0,0,0,0.227623568,0.113811784,,5.99E-05,,5.99E-05,1,2,1,2,1901.153286,1777.036913,2025.26966,0,0,1,0,1.57E-08,63515106.93
15360749.27,5016824.717,15363749.27,5016824.717,15363749.27,5013824.717,15360749.27,5013824.717,63515106.93,7.87E-09,7.87E-09,7335.017902,3667.508951,3667.508951,0,0,0,0.423540873,0.211770436,,5.77E-05,,5.77E-05,0.5,1,0.5,1,3667.508951,3667.508951,3667.508951,0,0,1,0,7.87E-09,31757553.47
15360749.27,5013824.717,15363749.27,5013824.717,15363749.27,5010824.717,15360749.27,5010824.717,63515106.93,7.87E-09,7.87E-09,7568.046565,3784.023282,3784.023282,0,0,0,0.450879575,0.225439787,,5.96E-05,,5.96E-05,0.5,1,0.5,1,3784.023282,3784.023282,3784.023282,0,0,1,0,7.87E-09,31757553.47
15360749.27,5010824.717,15363749.27,5010824.717,15363749.27,5007824.717,15360749.27,5007824.717,63515106.93,0,0,0,5615.425749,5615.425749,0,0,0,0,0.496464568,,8.84E-05,,8.84E-05,0,1,0,1,5615.425194,5615.425194,5615.425194,0,0,0,0,0,0
15360749.27,5007824.717,15363749.27,5007824.717,15363749.27,5004824.717,15360749.27,5004824.717,63515106.93,2.36E-08,7.87E-09,8696.521064,2632.526255,5823.498813,2,4,1.57E-08,1.786098196,1.339573647,,0.000205381,,0.000205381,1.5,3,0.5,2,6522.390798,4588.75659,8456.025007,0.666666667,2,3,1,3,1
15360749.27,5004824.717,15363749.27,5004824.717,15363749.27,5001824.717,15360749.27,5001824.717,63515106.93,2.36E-08,7.87E-09,8695.469725,3805.07104,5132.041239,2,4,1.57E-08,1.785666373,1.339249779,,0.000205356,,0.000205356,1.5,3,0.5,2,6521.602294,4106.092292,8937.112295,0.666666667,2,3,1,3,1
15360749.27,5001824.717,15363749.27,5001824.717,15363749.27,4998824.717,15360749.27,4998824.717,63515106.93,2.36E-08,7.87E-09,6055.571094,863.1370858,6558.795573,2,4,1.57E-08,0.866013057,0.649509793,,0.000143011,,0.000143011,1.5,3,0.5,2,4541.67832,1661.423669,7421.932972,0.666666667,2,3,1,3,1
15360749.27,4998824.717,15363749.27,4998824.717,15363749.27,4995824.717,15360749.27,4995824.717,63515106.93,0,0,0,0,0,0,0,0,0,0,,0,,0,0,0,0,0,0,0,0,0,0,0,0,0,0
15360749.27,4995824.717,15363749.27,4995824.717,15363749.27,4992824.717,15360749.27,4992824.717,63515106.93,0,0,0,5943.688853,5943.688853,0,0,0,0,0.55620527,,9.36E-05,,9.36E-05,0,1,0,1,5943.688853,5943.688853,5943.688853,0,0,0,0,0,0
15360749.27,4992824.717,15363749.27,4992824.717,15363749.27,4989824.717,15360749.27,4989824.717,63515106.93,0,0,0,8097.336882,8097.336882,0,0,0,0,1.032303459,,0.000127487,,0.000127487,0,1,0,1,8097.336882,8097.336882,8097.336882,0,0,0,0,0,0
15360749.27,4989824.717,15363749.27,4989824.717,15363749.27,4986824.717,15360749.27,4986824.717,63515106.93,0,0,0,8937.017121,8937.017121,0,0,0,0,1.257500442,,0.000140707,,0.000140707,0,1,0,1,8937.017121,8937.017121,8937.017121,0,0,0,0,0,0
15360749.27,4986824.717,15363749.27,4986824.717,15363749.27,4983824.717,15360749.27,4983824.717,63515106.93,0,0,0,8801.004646,8801.004646,0,0,0,0,1.2195159,,0.000138566,,0.000138566,0,1,0,1,8801.004646,8801.004646,8801.004646,0,0,0,0,0,0
15360749.27,4983824.717,15363749.27,4983824.717,15363749.27,4980824.717,15360749.27,4980824.717,63515106.93,0,0,0,6411.303311,7399.615916,0,0,0,0,1.501544271,,0.000217443,,0.000217443,0,2,0,2,6905.459613,6411.303311,7399.615916,0,0,0,0,0,0
15360749.27,4980824.717,15363749.27,4980824.717,15363749.27,4977824.717,15360749.27,4977824.717,63515106.93,7.87E-09,7.87E-09,19247.59603,3614.818686,6008.979327,0,0,0,2.916392419,0.729098105,,0.00015152,,0.00015152,0.5,2,0.5,2,4811.899006,3614.818686,6008.979327,0,0,1,0,7.87E-09,31757553.47
15360749.27,4977824.717,15363749.27,4977824.717,15363749.27,4974824.717,15360749.27,4974824.717,63515106.93,7.87E-09,7.87E-09,7626.36938,3813.18469,3813.18469,0,0,0,0.457855719,0.22892786,,6.00E-05,,6.00E-05,0.5,1,0.5,1,3813.18469,3813.18469,3813.18469,0,0,1,0,7.87E-09,31757553.47
15360749.27,4974824.717,15363749.27,4974824.717,15363749.27,4971824.717,15360749.27,4971824.717,63515106.93,7.87E-09,7.87E-09,11939.39976,822.5670787,5147.1328,0,0,0,1.122168201,0.28054205,,9.40E-05,,9.40E-05,0.5,2,0.5,2,2984.849939,822.5670787,5147.1328,0,0,1,0,7.87E-09,31757553.47
15360749.27,4971824.717,15363749.27,4971824.717,15363749.27,4968824.717,15360749.27,4968824.717,63515106.93,0,0,0,8388.706061,8388.706061,0,0,0,0,1.107931526,,0.000132074,,0.000132074,0,1,0,1,8388.706061,8388.706061,8388.706061,0,0,0,0,0,0
15360749.27,4968824.717,15363749.27,4968824.717,15363749.27,4965824.717,15360749.27,4965824.717,63515106.93,7.87E-09,7.87E-09,26126.44483,4110.596936,8952.62548,0,0,0,5.373454856,1.343363714,,0.000205671,,0.000205671,0.5,2,0.5,2,6531.611208,4110.596936,8952.62548,0,0,1,0,7.87E-09,31757553.47
15360749.27,4965824.717,15363749.27,4965824.717,15363749.27,4962824.717,15360749.27,4962824.717,63515106.93,7.87E-09,7.87E-09,22936.11411,3948.459686,7519.597368,0,0,0,4.141261472,1.035315368,,0.000180556,,0.000180556,0.5,2,0.5,2,5734.028527,3948.459686,7519.597368,0,0,1,0,7.87E-09,31757553.47
15360749.27,4962824.717,15363749.27,4962824.717,15363749.27,4959824.717,15360749.27,4959824.717,63515106.93,7.87E-09,7.87E-09,2747.243128,684.2503618,689.3712021,0,0,0,0.059413777,0.014853444,,2.16E-05,,2.16E-05,0.5,2,0.5,2,686.810782,684.2503618,689.3712021,0,0,1,0,7.87E-09,31757553.47
15360749.27,4959824.717,15363749.27,4959824.717,15363749.27,4956824.717,15360749.27,4956824.717,63515106.93,0,0,0,1713.195715,1713.195715,0,0,0,0,0.046210102,,2.70E-05,,2.70E-05,0,1,0,1,1713.195715,1713.195715,1713.195715,0,0,0,0,0,0
15360749.27,4956824.717,15363749.27,4956824.717,15363749.27,4953824.717,15360749.27,4953824.717,63515106.93,0,0,0,7672.289184,7672.289184,0,0,0,0,0.926771979,,0.000120795,,0.000120795,0,1,0,1,7672.289184,7672.289184,7672.289184,0,0,0,0,0,0
15360749.27,4953824.717,15363749.27,4953824.717,15363749.27,4950824.717,15360749.27,4950824.717,63515106.93,0,0,0,9002.356322,9002.356322,0,0,0,0,1.275955017,,0.000141736,,0.000141736,0,1,0,1,9002.356322,9002.356322,9002.356322,0,0,0,0,0,0
15360749.27,4950824.717,15363749.27,4950824.717,15363749.27,4947824.717,15360749.27,4947824.717,63515106.93,0,0,0,8116.832308,8116.832308,0,0,0,0,1.037280261,,0.000127794,,0.000127794,0,1,0,1,8116.832308,8116.832308,8116.832308,0,0,0,0,0,0
15360749.27,4947824.717,15363749.27,4947824.717,15363749.27,4944824.717,15360749.27,4944824.717,63515106.93,0,0,0,4271.275914,4271.275914,0,0,0,0,0.28723557,,6.72E-05,,6.72E-05,0,1,0,1,4271.275914,4271.275914,4271.275914,0,0,0,0,0,0
15360749.27,4944824.717,15363749.27,4944824.717,15363749.27,4941824.717,15360749.27,4941824.717,63515106.93,0,0,0,0,0,0,0,0,0,0,,0,,0,0,0,0,0,0,0,0,0,0,0,0,0,0
15363749.27,5124824.717,15366749.27,5124824.717,15366749.27,5121824.717,15363749.27,5121824.717,63515106.93,0,0,0,0,0,0,0,0,0,0,,0,,0,0,0,0,0,0,0,0,0,0,0,0,0,0
15363749.27,5121824.717,15366749.27,5121824.717,15366749.27,5118824.717,15363749.27,5118824.717,63515106.93,0,0,0,0,0,0,0,0,0,0,,0,,0,0,0,0,0,0,0,0,0,0,0,0,0,0
15363749.27,5118824.717,15366749.27,5118824.717,15366749.27,5115824.717,15363749.27,5115824.717,63515106.93,0,0,0,0,0,0,0,0,0,0,,0,,0,0,0,0,0,0,0,0,0,0,0,0,0,0
15363749.27,5115824.717,15366749.27,5115824.717,15366749.27,5112824.717,15363749.27,5112824.717,63515106.93,0,0,0,0,0,0,0,0,0,0,,0,,0,0,0,0,0,0,0,0,0,0,0,0,0,0
15363749.27,5112824.717,15366749.27,5112824.717,15366749.27,5109824.717,15363749.27,5109824.717,63515106.93,0,0,0,0,0,0,0,0,0,0,,0,,0,0,0,0,0,0,0,0,0,0,0,0,0,0
15363749.27,5109824.717,15366749.27,5109824.717,15366749.27,5106824.717,15363749.27,5106824.717,63515106.93,0,0,0,0,0,0,0,0,0,0,,0,,0,0,0,0,0,0,0,0,0,0,0,0,0,0
15363749.27,5106824.717,15366749.27,5106824.717,15366749.27,5103824.717,15363749.27,5103824.717,63515106.93,0,0,0,0,0,0,0,0,0,0,,0,,0,0,0,0,0,0,0,0,0,0,0,0,0,0
15363749.27,5103824.717,15366749.27,5103824.717,15366749.27,5100824.717,15363749.27,5100824.717,63515106.93,0,0,0,0,0,0,0,0,0,0,,0,,0,0,0,0,0,0,0,0,0,0,0,0,0,0
15363749.27,5100824.717,15366749.27,5100824.717,15366749.27,5097824.717,15363749.27,5097824.717,63515106.93,0,0,0,0,0,0,0,0,0,0,,0,,0,0,0,0,0,0,0,0,0,0,0,0,0,0
15363749.27,5097824.717,15366749.27,5097824.717,15366749.27,5094824.717,15363749.27,5094824.717,63515106.93,0,0,0,0,0,0,0,0,0,0,,0,,0,0,0,0,0,0,0,0,0,0,0,0,0,0
15363749.27,5094824.717,15366749.27,5094824.717,15366749.27,5091824.717,15363749.27,5091824.717,63515106.93,0,0,0,0,0,0,0,0,0,0,,0,,0,0,0,0,0,0,0,0,0,0,0,0,0,0
15363749.27,5091824.717,15366749.27,5091824.717,15366749.27,5088824.717,15363749.27,5088824.717,63515106.93,0,0,0,0,0,0,0,0,0,0,,0,,0,0,0,0,0,0,0,0,0,0,0,0,0,0
15363749.27,5088824.717,15366749.27,5088824.717,15366749.27,5085824.717,15363749.27,5085824.717,63515106.93,0,0,0,0,0,0,0,0,0,0,,0,,0,0,0,0,0,0,0,0,0,0,0,0,0,0
15363749.27,5085824.717,15366749.27,5085824.717,15366749.27,5082824.717,15363749.27,5082824.717,63515106.93,0,0,0,0,0,0,0,0,0,0,,0,,0,0,0,0,0,0,0,0,0,0,0,0,0,0
15363749.27,5082824.717,15366749.27,5082824.717,15366749.27,5079824.717,15363749.27,5079824.717,63515106.93,0,0,0,0,0,0,0,0,0,0,,0,,0,0,0,0,0,0,0,0,0,0,0,0,0,0
15363749.27,5079824.717,15366749.27,5079824.717,15366749.27,5076824.717,15363749.27,5076824.717,63515106.93,0,0,0,0,0,0,0,0,0,0,,0,,0,0,0,0,0,0,0,0,0,0,0,0,0,0
15363749.27,5076824.717,15366749.27,5076824.717,15366749.27,5073824.717,15363749.27,5073824.717,63515106.93,0,0,0,0,0,0,0,0,0,0,,0,,0,0,0,0,0,0,0,0,0,0,0,0,0,0
15363749.27,5073824.717,15366749.27,5073824.717,15366749.27,5070824.717,15363749.27,5070824.717,63515106.93,0,0,0,0,0,0,0,0,0,0,,0,,0,0,0,0,0,0,0,0,0,0,0,0,0,0
15363749.27,5070824.717,15366749.27,5070824.717,15366749.27,5067824.717,15363749.27,5067824.717,63515106.93,0,0,0,7903.483406,7903.483406,0,0,0,0,0.983467603,,0.000124435,,0.000124435,0,1,0,1,7903.483406,7903.483406,7903.483406,0,0,0,0,0,0
15363749.27,5067824.717,15366749.27,5067824.717,15366749.27,5064824.717,15363749.27,5064824.717,63515106.93,0,0,0,8940.513557,8940.513557,0,0,0,0,1.25848458,,0.000140762,,0.000140762,0,1,0,1,8940.513557,8940.513557,8940.513557,0,0,0,0,0,0
15363749.27,5064824.717,15366749.27,5064824.717,15366749.27,5061824.717,15363749.27,5061824.717,63515106.93,0,0,0,5980.332112,6585.298103,0,0,0,0,1.242972501,,0.000197837,,0.000197837,0,2,0,2,6282.815107,5980.332112,6585.298103,0,0,0,0,0,0
15363749.27,5061824.717,15366749.27,5061824.717,15366749.27,5058824.717,15363749.27,5058824.717,63515106.93,0,0,0,8963.670816,8963.670816,0,0,0,0,1.265012347,,0.000141127,,0.000141127,0,1,0,1,8963.670816,8963.670816,8963.670816,0,0,0,0,0,0
15363749.27,5058824.717,15366749.27,5058824.717,15366749.27,5055824.717,15363749.27,5055824.717,63515106.93,0,0,0,7292.354465,7292.354465,0,0,0,0,0.837256461,,0.000114813,,0.000114813,0,1,0,1,7292.354465,7292.354465,7292.354465,0,0,0,0,0,0
15363749.27,5055824.717,15366749.27,5055824.717,15366749.27,5052824.717,15363749.27,5052824.717,63515106.93,0,0,0,0,0,0,0,0,0,0,,0,,0,0,0,0,0,0,0,0,0,0,0,0,0,0
15363749.27,5052824.717,15366749.27,5052824.717,15366749.27,5049824.717,15363749.27,5049824.717,63515106.93,0,0,0,0,0,0,0,0,0,0,,0,,0,0,0,0,0,0,0,0,0,0,0,0,0,0
15363749.27,5049824.717,15366749.27,5049824.717,15366749.27,5046824.717,15363749.27,5046824.717,63515106.93,0,0,0,0,0,0,0,0,0,0,,0,,0,0,0,0,0,0,0,0,0,0,0,0,0,0
15363749.27,5046824.717,15366749.27,5046824.717,15366749.27,5043824.717,15363749.27,5043824.717,63515106.93,0,0,0,0,0,0,0,0,0,0,,0,,0,0,0,0,0,0,0,0,0,0,0,0,0,0
15363749.27,5043824.717,15366749.27,5043824.717,15366749.27,5040824.717,15363749.27,5040824.717,63515106.93,0,0,0,6411.284011,6411.284011,0,0,0,0,0.647161985,,0.000100941,,0.000100941,0,1,0,1,6411.284011,6411.284011,6411.284011,0,0,0,0,0,0
15363749.27,5040824.717,15366749.27,5040824.717,15366749.27,5037824.717,15363749.27,5037824.717,63515106.93,0,0,0,9000.588389,9000.588389,0,0,0,0,1.275453908,,0.000141708,,0.000141708,0,1,0,1,9000.588389,9000.588389,9000.588389,0,0,0,0,0,0
15363749.27,5037824.717,15366749.27,5037824.717,15366749.27,5034824.717,15363749.27,5034824.717,63515106.93,0,0,0,7467.371944,7467.371944,0,0,0,0,0.877927259,,0.000117568,,0.000117568,0,1,0,1,7467.371944,7467.371944,7467.371944,0,0,0,0,0,0
15363749.27,5034824.717,15366749.27,5034824.717,15366749.27,5031824.717,15363749.27,5031824.717,63515106.93,0,0,0,0,0,0,0,0,0,0,,0,,0,0,0,0,0,0,0,0,0,0,0,0,0,0
15363749.27,5031824.717,15366749.27,5031824.717,15366749.27,5028824.717,15363749.27,5028824.717,63515106.93,0,0,0,6130.986459,6130.986459,0,0,0,0,0.591811882,,9.65E-05,,9.65E-05,0,1,0,1,6130.986459,6130.986459,6130.986459,0,0,0,0,0,0
15363749.27,5028824.717,15366749.27,5028824.717,15366749.27,5025824.717,15363749.27,5025824.717,63515106.93,0,0,0,8983.133788,8983.133788,0,0,0,0,1.270511797,,0.000141433,,0.000141433,0,1,0,1,8983.133788,8983.133788,8983.133788,0,0,0,0,0,0
15363749.27,5025824.717,15366749.27,5025824.717,15366749.27,5022824.717,15363749.27,5022824.717,63515106.93,7.87E-09,7.87E-09,21474.0014,3512.04322,7224.957481,0,0,0,3.63010281,0.907525702,,0.000169046,,0.000169046,0.5,2,0.5,2,5368.500351,3512.04322,7224.957481,0,0,1,0,7.87E-09,31757553.47
15363749.27,5022824.717,15366749.27,5022824.717,15366749.27,5019824.717,15363749.27,5019824.717,63515106.93,7.87E-09,7.87E-09,11125.41761,5562.708803,5562.708803,0,0,0,0.974373837,0.487186918,,8.76E-05,,8.76E-05,0.5,1,0.5,1,5562.708803,5562.708803,5562.708803,0,0,1,0,7.87E-09,31757553.47
15363749.27,5019824.717,15366749.27,5019824.717,15366749.27,5016824.717,15363749.27,5016824.717,63515106.93,1.57E-08,1.57E-08,8497.623769,3255.764438,5241.859331,0,0,0,1.136888737,0.568444369,,0.000133789,,0.000133789,1,2,1,2,4248.811884,3255.764438,5241.859331,0,0,1,0,1.57E-08,63515106.93
15363749.27,5016824.717,15366749.27,5016824.717,15366749.27,5013824.717,15363749.27,5013824.717,63515106.93,7.87E-09,7.87E-09,12532.229,6266.114498,6266.114498,0,0,0,1.236373291,0.618186646,,9.87E-05,,9.87E-05,0.5,1,0.5,1,6266.114498,6266.114498,6266.114498,0,0,1,0,7.87E-09,31757553.47
15363749.27,5013824.717,15366749.27,5013824.717,15366749.27,5010824.717,15363749.27,5010824.717,63515106.93,7.87E-09,7.87E-09,14798.09065,7399.045324,7399.045324,0,0,0,1.723869308,0.861934654,,0.000116493,,0.000116493,0.5,1,0.5,1,7399.045324,7399.045324,7399.045324,0,0,1,0,7.87E-09,31757553.47
15363749.27,5010824.717,15366749.27,5010824.717,15366749.27,5007824.717,15363749.27,5007824.717,63515106.93,0,0,0,1583.512851,1583.512851,0,0,0,0,0.039479001,,2.49E-05,,2.49E-05,0,1,0,1,1583.512851,1583.512851,1583.512851,0,0,0,0,0,0
15363749.27,5007824.717,15366749.27,5007824.717,15366749.27,5004824.717,15363749.27,5004824.717,63515106.93,2.36E-08,7.87E-09,3828.529442,916.586867,2790.202997,2,4,1.57E-08,0.346161057,0.259620793,,9.04E-05,,9.04E-05,1.5,3,0.5,2,2871.397082,916.586867,4826.207297,0.666666667,2,3,1,3,1
15363749.27,5004824.717,15366749.27,5004824.717,15366749.27,5001824.717,15363749.27,5001824.717,63515106.93,2.36E-08,7.87E-09,6424.07467,1288.978583,6877.449052,2,4,1.57E-08,0.97462015,0.730965113,,0.000151714,,0.000151714,1.5,3,0.5,2,4818.056003,1288.978583,8347.133422,0.666666667,2,3,1,3,1
15363749.27,5001824.717,15366749.27,5001824.717,15366749.27,4998824.717,15363749.27,4998824.717,63515106.93,0,0,0,8967.613435,8967.613435,0,0,0,0,1.26612542,,0.000141189,,0.000141189,0,1,0,1,8967.613474,8967.613474,8967.613474,0,0,0,0,0,0
15363749.27,4998824.717,15366749.27,4998824.717,15366749.27,4995824.717,15363749.27,4995824.717,63515106.93,0,0,0,7565.501239,7565.501239,0,0,0,0,0.901152687,,0.000119113,,0.000119113,0,1,0,1,7565.501259,7565.501259,7565.501259,0,0,0,0,0,0
15363749.27,4995824.717,15366749.27,4995824.717,15366749.27,4992824.717,15363749.27,4992824.717,63515106.93,0,0,0,0,0,0,0,0,0,0,,0,,0,0,0,0,0,0,0,0,0,0,0,0,0,0
15363749.27,4992824.717,15366749.27,4992824.717,15366749.27,4989824.717,15363749.27,4989824.717,63515106.93,0,0,0,0,0,0,0,0,0,0,,0,,0,0,0,0,0,0,0,0,0,0,0,0,0,0
15363749.27,4989824.717,15366749.27,4989824.717,15366749.27,4986824.717,15363749.27,4986824.717,63515106.93,0,0,0,6393.97528,6393.97528,0,0,0,0,0.643672377,,0.000100669,,0.000100669,0,1,0,1,6393.97528,6393.97528,6393.97528,0,0,0,0,0,0
15363749.27,4986824.717,15366749.27,4986824.717,15366749.27,4983824.717,15363749.27,4983824.717,63515106.93,0,0,0,8471.451975,8471.451975,0,0,0,0,1.129896524,,0.000133377,,0.000133377,0,1,0,1,8471.451975,8471.451975,8471.451975,0,0,0,0,0,0
15363749.27,4983824.717,15366749.27,4983824.717,15366749.27,4980824.717,15363749.27,4980824.717,63515106.93,0,0,0,9035.937074,9035.937074,0,0,0,0,1.285491952,,0.000142264,,0.000142264,0,1,0,1,9035.937074,9035.937074,9035.937074,0,0,0,0,0,0
15363749.27,4980824.717,15366749.27,4980824.717,15366749.27,4977824.717,15363749.27,4977824.717,63515106.93,7.87E-09,7.87E-09,20758.19564,2266.60136,8112.496462,0,0,0,3.392127536,0.848031884,,0.000163411,,0.000163411,0.5,2,0.5,2,5189.548911,2266.60136,8112.496462,0,0,1,0,7.87E-09,31757553.47
15363749.27,4977824.717,15366749.27,4977824.717,15366749.27,4974824.717,15363749.27,4974824.717,63515106.93,7.87E-09,7.87E-09,12744.12647,1553.69091,4818.372325,0,0,0,1.278536456,0.319634114,,0.000100324,,0.000100324,0.5,2,0.5,2,3186.031617,1553.69091,4818.372325,0,0,1,0,7.87E-09,31757553.47
15363749.27,4974824.717,15366749.27,4974824.717,15366749.27,4971824.717,15363749.27,4971824.717,63515106.93,0,0,0,0,0,0,0,0,0,0,,0,,0,0,0,0,0,0,0,0,0,0,0,0,0,0
15363749.27,4971824.717,15366749.27,4971824.717,15366749.27,4968824.717,15363749.27,4968824.717,63515106.93,0,0,0,4848.293198,4848.293198,0,0,0,0,0.370084348,,7.63E-05,,7.63E-05,0,1,0,1,4848.293198,4848.293198,4848.293198,0,0,0,0,0,0
15363749.27,4968824.717,15366749.27,4968824.717,15366749.27,4965824.717,15363749.27,4965824.717,63515106.93,7.87E-09,7.87E-09,18492.05538,991.9588289,8254.06886,0,0,0,2.69192739,0.672981848,,0.000145572,,0.000145572,0.5,2,0.5,2,4623.013844,991.9588289,8254.06886,0,0,1,0,7.87E-09,31757553.47
15363749.27,4965824.717,15366749.27,4965824.717,15366749.27,4962824.717,15363749.27,4962824.717,63515106.93,7.87E-09,7.87E-09,20019.5314,1036.392008,8973.373692,0,0,0,3.155010334,0.788752584,,0.000157597,,0.000157597,0.5,2,0.5,2,5004.88285,1036.392008,8973.373692,0,0,1,0,7.87E-09,31757553.47
15363749.27,4962824.717,15366749.27,4962824.717,15366749.27,4959824.717,15363749.27,4959824.717,63515106.93,0,0,0,7530.854183,7530.854183,0,0,0,0,0.892917724,,0.000118568,,0.000118568,0,1,0,1,7530.854183,7530.854183,7530.854183,0,0,0,0,0,0
15363749.27,4959824.717,15366749.27,4959824.717,15366749.27,4956824.717,15363749.27,4956824.717,63515106.93,0,0,0,955.5281305,955.5281305,0,0,0,0,0.014375068,,1.50E-05,,1.50E-05,0,1,0,1,955.5281305,955.5281305,955.5281305,0,0,0,0,0,0
15363749.27,4956824.717,15366749.27,4956824.717,15366749.27,4953824.717,15363749.27,4953824.717,63515106.93,0,0,0,2890.178288,2890.178288,0,0,0,0,0.131514075,,4.55E-05,,4.55E-05,0,1,0,1,2890.178288,2890.178288,2890.178288,0,0,0,0,0,0
15363749.27,4953824.717,15366749.27,4953824.717,15366749.27,4950824.717,15363749.27,4950824.717,63515106.93,0,0,0,7744.363978,7744.363978,0,0,0,0,0.944266275,,0.000121929,,0.000121929,0,1,0,1,7744.363978,7744.363978,7744.363978,0,0,0,0,0,0
15363749.27,4950824.717,15366749.27,4950824.717,15366749.27,4947824.717,15363749.27,4947824.717,63515106.93,0,0,0,8971.746848,8971.746848,0,0,0,0,1.26729286,,0.000141254,,0.000141254,0,1,0,1,8971.746848,8971.746848,8971.746848,0,0,0,0,0,0
15363749.27,4947824.717,15366749.27,4947824.717,15366749.27,4944824.717,15363749.27,4944824.717,63515106.93,7.87E-09,7.87E-09,13630.57384,6815.286918,6815.286918,0,0,0,1.462585454,0.731292727,,0.000107302,,0.000107302,0.5,1,0.5,1,6815.286918,6815.286918,6815.286918,0,0,1,0,7.87E-09,31757553.47
15363749.27,4944824.717,15366749.27,4944824.717,15366749.27,4941824.717,15363749.27,4941824.717,63515106.93,7.87E-09,7.87E-09,6029.481491,3014.740745,3014.740745,0,0,0,0.286188978,0.143094489,,4.75E-05,,4.75E-05,0.5,1,0.5,1,3014.740745,3014.740745,3014.740745,0,0,1,0,7.87E-09,31757553.47
15366749.27,5124824.717,15369749.27,5124824.717,15369749.27,5121824.717,15366749.27,5121824.717,63515106.93,0,0,0,0,0,0,0,0,0,0,,0,,0,0,0,0,0,0,0,0,0,0,0,0,0,0
15366749.27,5121824.717,15369749.27,5121824.717,15369749.27,5118824.717,15366749.27,5118824.717,63515106.93,0,0,0,0,0,0,0,0,0,0,,0,,0,0,0,0,0,0,0,0,0,0,0,0,0,0
15366749.27,5118824.717,15369749.27,5118824.717,15369749.27,5115824.717,15366749.27,5115824.717,63515106.93,0,0,0,0,0,0,0,0,0,0,,0,,0,0,0,0,0,0,0,0,0,0,0,0,0,0
15366749.27,5115824.717,15369749.27,5115824.717,15369749.27,5112824.717,15366749.27,5112824.717,63515106.93,0,0,0,0,0,0,0,0,0,0,,0,,0,0,0,0,0,0,0,0,0,0,0,0,0,0
15366749.27,5112824.717,15369749.27,5112824.717,15369749.27,5109824.717,15366749.27,5109824.717,63515106.93,0,0,0,0,0,0,0,0,0,0,,0,,0,0,0,0,0,0,0,0,0,0,0,0,0,0
15366749.27,5109824.717,15369749.27,5109824.717,15369749.27,5106824.717,15366749.27,5106824.717,63515106.93,0,0,0,0,0,0,0,0,0,0,,0,,0,0,0,0,0,0,0,0,0,0,0,0,0,0
15366749.27,5106824.717,15369749.27,5106824.717,15369749.27,5103824.717,15366749.27,5103824.717,63515106.93,0,0,0,0,0,0,0,0,0,0,,0,,0,0,0,0,0,0,0,0,0,0,0,0,0,0
15366749.27,5103824.717,15369749.27,5103824.717,15369749.27,5100824.717,15366749.27,5100824.717,63515106.93,0,0,0,0,0,0,0,0,0,0,,0,,0,0,0,0,0,0,0,0,0,0,0,0,0,0
15366749.27,5100824.717,15369749.27,5100824.717,15369749.27,5097824.717,15366749.27,5097824.717,63515106.93,0,0,0,0,0,0,0,0,0,0,,0,,0,0,0,0,0,0,0,0,0,0,0,0,0,0
15366749.27,5097824.717,15369749.27,5097824.717,15369749.27,5094824.717,15366749.27,5094824.717,63515106.93,0,0,0,0,0,0,0,0,0,0,,0,,0,0,0,0,0,0,0,0,0,0,0,0,0,0
15366749.27,5094824.717,15369749.27,5094824.717,15369749.27,5091824.717,15366749.27,5091824.717,63515106.93,0,0,0,0,0,0,0,0,0,0,,0,,0,0,0,0,0,0,0,0,0,0,0,0,0,0
15366749.27,5091824.717,15369749.27,5091824.717,15369749.27,5088824.717,15366749.27,5088824.717,63515106.93,0,0,0,0,0,0,0,0,0,0,,0,,0,0,0,0,0,0,0,0,0,0,0,0,0,0
15366749.27,5088824.717,15369749.27,5088824.717,15369749.27,5085824.717,15366749.27,5085824.717,63515106.93,0,0,0,0,0,0,0,0,0,0,,0,,0,0,0,0,0,0,0,0,0,0,0,0,0,0
15366749.27,5085824.717,15369749.27,5085824.717,15369749.27,5082824.717,15366749.27,5082824.717,63515106.93,0,0,0,0,0,0,0,0,0,0,,0,,0,0,0,0,0,0,0,0,0,0,0,0,0,0
15366749.27,5082824.717,15369749.27,5082824.717,15369749.27,5079824.717,15366749.27,5079824.717,63515106.93,0,0,0,0,0,0,0,0,0,0,,0,,0,0,0,0,0,0,0,0,0,0,0,0,0,0
15366749.27,5079824.717,15369749.27,5079824.717,15369749.27,5076824.717,15366749.27,5076824.717,63515106.93,0,0,0,0,0,0,0,0,0,0,,0,,0,0,0,0,0,0,0,0,0,0,0,0,0,0
15366749.27,5076824.717,15369749.27,5076824.717,15369749.27,5073824.717,15366749.27,5073824.717,63515106.93,0,0,0,0,0,0,0,0,0,0,,0,,0,0,0,0,0,0,0,0,0,0,0,0,0,0
15366749.27,5073824.717,15369749.27,5073824.717,15369749.27,5070824.717,15366749.27,5070824.717,63515106.93,0,0,0,6884.598765,6884.598765,0,0,0,0,0.74624294,,0.000108393,,0.000108393,0,1,0,1,6884.598765,6884.598765,6884.598765,0,0,0,0,0,0
15366749.27,5070824.717,15369749.27,5070824.717,15369749.27,5067824.717,15366749.27,5067824.717,63515106.93,0,0,0,8991.512926,8991.512926,0,0,0,0,1.272883076,,0.000141565,,0.000141565,0,1,0,1,8991.512926,8991.512926,8991.512926,0,0,0,0,0,0
15366749.27,5067824.717,15369749.27,5067824.717,15369749.27,5064824.717,15366749.27,5064824.717,63515106.93,0,0,0,8097.41577,8097.41577,0,0,0,0,1.032323573,,0.000127488,,0.000127488,0,1,0,1,8097.41577,8097.41577,8097.41577,0,0,0,0,0,0
15366749.27,5064824.717,15369749.27,5064824.717,15369749.27,5061824.717,15366749.27,5061824.717,63515106.93,0,0,0,5533.759567,5533.759567,0,0,0,0,0.482129314,,8.71E-05,,8.71E-05,0,1,0,1,5533.759567,5533.759567,5533.759567,0,0,0,0,0,0
15366749.27,5061824.717,15369749.27,5061824.717,15369749.27,5058824.717,15366749.27,5058824.717,63515106.93,0,0,0,8927.259539,8927.259539,0,0,0,0,1.254756021,,0.000140553,,0.000140553,0,1,0,1,8927.259539,8927.259539,8927.259539,0,0,0,0,0,0
15366749.27,5058824.717,15369749.27,5058824.717,15369749.27,5055824.717,15366749.27,5055824.717,63515106.93,7.87E-09,7.87E-09,15313.07946,122.7105804,7533.829145,0,0,0,1.845941964,0.461485491,,0.000120547,,0.000120547,0.5,2,0.5,2,3828.269864,122.710583,7533.829145,0,0,1,0,7.87E-09,31757553.47
15366749.27,5055824.717,15369749.27,5055824.717,15369749.27,5052824.717,15366749.27,5052824.717,63515106.93,0,0,0,0,0,0,0,0,0,0,,0,,0,0,0,0,0,0,0,0,0,0,0,0,0,0
15366749.27,5052824.717,15369749.27,5052824.717,15369749.27,5049824.717,15366749.27,5049824.717,63515106.93,0,0,0,0,0,0,0,0,0,0,,0,,0,0,0,0,0,0,0,0,0,0,0,0,0,0
15366749.27,5049824.717,15369749.27,5049824.717,15369749.27,5046824.717,15366749.27,5046824.717,63515106.93,7.87E-09,7.87E-09,6205.586666,3102.793333,3102.793333,0,0,0,0.30315076,0.15157538,,4.89E-05,,4.89E-05,0.5,1,0.5,1,3102.793333,3102.793333,3102.793333,0,0,1,0,7.87E-09,31757553.47
15366749.27,5046824.717,15369749.27,5046824.717,15369749.27,5043824.717,15366749.27,5043824.717,63515106.93,7.87E-09,7.87E-09,4132.322243,2066.161122,2066.161122,0,0,0,0.134425399,0.067212699,,3.25E-05,,3.25E-05,0.5,1,0.5,1,2066.161122,2066.161122,2066.161122,0,0,1,0,7.87E-09,31757553.47
15366749.27,5043824.717,15369749.27,5043824.717,15369749.27,5040824.717,15366749.27,5040824.717,63515106.93,7.87E-09,7.87E-09,6164.668251,7.622676907,3074.711449,0,0,0,0.299166108,0.074791527,,4.85E-05,,4.85E-05,0.5,2,0.5,2,1541.167063,7.622676907,3074.711449,0,0,1,0,7.87E-09,31757553.47
15366749.27,5040824.717,15369749.27,5040824.717,15369749.27,5037824.717,15366749.27,5037824.717,63515106.93,0,0,0,8665.676549,8665.676549,0,0,0,0,1.182300616,,0.000136435,,0.000136435,0,1,0,1,8665.676549,8665.676549,8665.676549,0,0,0,0,0,0
15366749.27,5037824.717,15369749.27,5037824.717,15369749.27,5034824.717,15366749.27,5034824.717,63515106.93,0,0,0,8400.730467,8400.730467,0,0,0,0,1.11111003,,0.000132264,,0.000132264,0,1,0,1,8400.730467,8400.730467,8400.730467,0,0,0,0,0,0
15366749.27,5034824.717,15369749.27,5034824.717,15369749.27,5031824.717,15366749.27,5031824.717,63515106.93,0,0,0,2341.161694,2341.161694,0,0,0,0,0.08629503,,3.69E-05,,3.69E-05,0,1,0,1,2341.161694,2341.161694,2341.161694,0,0,0,0,0,0
15366749.27,5031824.717,15369749.27,5031824.717,15369749.27,5028824.717,15366749.27,5028824.717,63515106.93,0,0,0,6945.133088,6945.133088,0,0,0,0,0.759423639,,0.000109346,,0.000109346,0,1,0,1,6945.133088,6945.133088,6945.133088,0,0,0,0,0,0
15366749.27,5028824.717,15369749.27,5028824.717,15369749.27,5025824.717,15366749.27,5025824.717,63515106.93,0,0,0,8996.986838,8996.986838,0,0,0,0,1.274433376,,0.000141651,,0.000141651,0,1,0,1,8996.986838,8996.986838,8996.986838,0,0,0,0,0,0
15366749.27,5025824.717,15369749.27,5025824.717,15369749.27,5022824.717,15366749.27,5022824.717,63515106.93,0,0,0,4462.801801,6563.306785,0,0,0,0,0.957056332,,0.000173598,,0.000173598,0,2,0,2,5513.054293,4462.801801,6563.306785,0,0,0,0,0,0
15366749.27,5022824.717,15369749.27,5022824.717,15369749.27,5019824.717,15366749.27,5019824.717,63515106.93,7.87E-09,7.87E-09,16902.675,8451.337501,8451.337501,0,0,0,2.249074559,1.12453728,,0.00013306,,0.00013306,0.5,1,0.5,1,8451.337501,8451.337501,8451.337501,0,0,1,0,7.87E-09,31757553.47
15366749.27,5019824.717,15369749.27,5019824.717,15369749.27,5016824.717,15366749.27,5016824.717,63515106.93,0,0,0,8090.819915,8090.819915,0,0,0,0,1.030642473,,0.000127384,,0.000127384,0,1,0,1,8090.819915,8090.819915,8090.819915,0,0,0,0,0,0
15366749.27,5016824.717,15369749.27,5016824.717,15369749.27,5013824.717,15366749.27,5013824.717,63515106.93,0,0,0,7751.766966,7751.766966,0,0,0,0,0.946072423,,0.000122046,,0.000122046,0,1,0,1,7751.766966,7751.766966,7751.766966,0,0,0,0,0,0
15366749.27,5013824.717,15369749.27,5013824.717,15369749.27,5010824.717,15366749.27,5010824.717,63515106.93,0,0,0,8964.017818,8964.017818,0,0,0,0,1.265110291,,0.000141132,,0.000141132,0,1,0,1,8964.017818,8964.017818,8964.017818,0,0,0,0,0,0
15366749.27,5010824.717,15369749.27,5010824.717,15369749.27,5007824.717,15366749.27,5007824.717,63515106.93,0,0,0,6680.6096,6680.6096,0,0,0,0,0.702676053,,0.000105181,,0.000105181,0,1,0,1,6680.6096,6680.6096,6680.6096,0,0,0,0,0,0
15366749.27,5007824.717,15369749.27,5007824.717,15369749.27,5004824.717,15366749.27,5004824.717,63515106.93,0,0,0,0,0,0,0,0,0,0,,0,,0,0,0,0,0,0,0,0,0,0,0,0,0,0
15366749.27,5004824.717,15369749.27,5004824.717,15369749.27,5001824.717,15366749.27,5001824.717,63515106.93,0,0,0,4324.743665,4324.743665,0,0,0,0,0.294471768,,6.81E-05,,6.81E-05,0,1,0,1,4324.743438,4324.743438,4324.743438,0,0,0,0,0,0
15366749.27,5001824.717,15369749.27,5001824.717,15369749.27,4998824.717,15366749.27,4998824.717,63515106.93,0,0,0,8246.525887,8246.525887,0,0,0,0,1.070693126,,0.000129836,,0.000129836,0,1,0,1,8246.525838,8246.525838,8246.525838,0,0,0,0,0,0
15366749.27,4998824.717,15369749.27,4998824.717,15369749.27,4995824.717,15366749.27,4995824.717,63515106.93,0,0,0,8959.049399,8959.049399,0,0,0,0,1.263708274,,0.000141054,,0.000141054,0,1,0,1,8959.049399,8959.049399,8959.049399,0,0,0,0,0,0
15366749.27,4995824.717,15369749.27,4995824.717,15369749.27,4992824.717,15366749.27,4992824.717,63515106.93,0,0,0,7231.703597,7231.703597,0,0,0,0,0.823387371,,0.000113858,,0.000113858,0,1,0,1,7231.703597,7231.703597,7231.703597,0,0,0,0,0,0
15366749.27,4992824.717,15369749.27,4992824.717,15369749.27,4989824.717,15366749.27,4989824.717,63515106.93,0,0,0,0,0,0,0,0,0,0,,0,,0,0,0,0,0,0,0,0,0,0,0,0,0,0
15366749.27,4989824.717,15369749.27,4989824.717,15369749.27,4986824.717,15366749.27,4986824.717,63515106.93,0,0,0,0,0,0,0,0,0,0,,0,,0,0,0,0,0,0,0,0,0,0,0,0,0,0
15366749.27,4986824.717,15369749.27,4986824.717,15369749.27,4983824.717,15366749.27,4983824.717,63515106.93,0,0,0,2433.57429,2433.57429,0,0,0,0,0.093242129,,3.83E-05,,3.83E-05,0,1,0,1,2433.57429,2433.57429,2433.57429,0,0,0,0,0,0
15366749.27,4983824.717,15369749.27,4983824.717,15369749.27,4980824.717,15366749.27,4980824.717,63515106.93,0,0,0,7823.112141,7823.112141,0,0,0,0,0.963567355,,0.000123169,,0.000123169,0,1,0,1,7823.112141,7823.112141,7823.112141,0,0,0,0,0,0
15366749.27,4980824.717,15369749.27,4980824.717,15369749.27,4977824.717,15366749.27,4977824.717,63515106.93,0,0,0,8994.540373,8994.540373,0,0,0,0,1.273740381,,0.000141613,,0.000141613,0,1,0,1,8994.540373,8994.540373,8994.540373,0,0,0,0,0,0
15366749.27,4977824.717,15369749.27,4977824.717,15369749.27,4974824.717,15366749.27,4974824.717,63515106.93,0,0,0,8305.785318,8305.785318,0,0,0,0,1.086136403,,0.000130769,,0.000130769,0,1,0,1,8305.785318,8305.785318,8305.785318,0,0,0,0,0,0
15366749.27,4974824.717,15369749.27,4974824.717,15369749.27,4971824.717,15366749.27,4971824.717,63515106.93,0,0,0,4800.132377,4800.132377,0,0,0,0,0.362768355,,7.56E-05,,7.56E-05,0,1,0,1,4800.132377,4800.132377,4800.132377,0,0,0,0,0,0
15366749.27,4971824.717,15369749.27,4971824.717,15369749.27,4968824.717,15366749.27,4968824.717,63515106.93,0,0,0,0,0,0,0,0,0,0,,0,,0,0,0,0,0,0,0,0,0,0,0,0,0,0
15366749.27,4968824.717,15369749.27,4968824.717,15369749.27,4965824.717,15366749.27,4965824.717,63515106.93,0,0,0,4146.305826,4146.305826,0,0,0,0,0.270673432,,6.53E-05,,6.53E-05,0,1,0,1,4146.305826,4146.305826,4146.305826,0,0,0,0,0,0
15366749.27,4965824.717,15369749.27,4965824.717,15369749.27,4962824.717,15366749.27,4962824.717,63515106.93,0,0,0,8313.82929,8313.82929,0,0,0,0,1.08824122,,0.000130895,,0.000130895,0,1,0,1,8313.82929,8313.82929,8313.82929,0,0,0,0,0,0
15366749.27,4962824.717,15369749.27,4962824.717,15369749.27,4959824.717,15366749.27,4959824.717,63515106.93,0,0,0,8967.803143,8967.803143,0,0,0,0,1.266178978,,0.000141192,,0.000141192,0,1,0,1,8967.803143,8967.803143,8967.803143,0,0,0,0,0,0
15366749.27,4959824.717,15369749.27,4959824.717,15369749.27,4956824.717,15366749.27,4956824.717,63515106.93,0,0,0,7467.352738,7467.352738,0,0,0,0,0.877922743,,0.000117568,,0.000117568,0,1,0,1,7467.352738,7467.352738,7467.352738,0,0,0,0,0,0
15366749.27,4956824.717,15369749.27,4956824.717,15369749.27,4953824.717,15366749.27,4953824.717,63515106.93,0,0,0,0,0,0,0,0,0,0,,0,,0,0,0,0,0,0,0,0,0,0,0,0,0,0
15366749.27,4953824.717,15369749.27,4953824.717,15369749.27,4950824.717,15366749.27,4950824.717,63515106.93,0,0,0,602.4067733,602.4067733,0,0,0,0,0.005713506,,9.48E-06,,9.48E-06,0,1,0,1,602.4067733,602.4067733,602.4067733,0,0,0,0,0,0
15366749.27,4950824.717,15369749.27,4950824.717,15369749.27,4947824.717,15366749.27,4947824.717,63515106.93,7.87E-09,7.87E-09,13350.76124,6675.380618,6675.380618,0,0,0,1.403152999,0.7015765,,0.000105099,,0.000105099,0.5,1,0.5,1,6675.380618,6675.380618,6675.380618,0,0,1,0,7.87E-09,31757553.47
15366749.27,4947824.717,15369749.27,4947824.717,15369749.27,4944824.717,15366749.27,4944824.717,63515106.93,7.87E-09,7.87E-09,10299.21065,5149.605326,5149.605326,0,0,0,0.835027643,0.417513821,,8.11E-05,,8.11E-05,0.5,1,0.5,1,5149.605326,5149.605326,5149.605326,0,0,1,0,7.87E-09,31757553.47
15366749.27,4944824.717,15369749.27,4944824.717,15369749.27,4941824.717,15366749.27,4941824.717,63515106.93,7.87E-09,7.87E-09,5409.460287,2704.730143,2704.730143,0,0,0,0.230356698,0.115178349,,4.26E-05,,4.26E-05,0.5,1,0.5,1,2704.730143,2704.730143,2704.730143,0,0,1,0,7.87E-09,31757553.47
15369749.27,5124824.717,15372749.27,5124824.717,15372749.27,5121824.717,15369749.27,5121824.717,63515106.93,0,0,0,0,0,0,0,0,0,0,,0,,0,0,0,0,0,0,0,0,0,0,0,0,0,0
15369749.27,5121824.717,15372749.27,5121824.717,15372749.27,5118824.717,15369749.27,5118824.717,63515106.93,0,0,0,0,0,0,0,0,0,0,,0,,0,0,0,0,0,0,0,0,0,0,0,0,0,0
15369749.27,5118824.717,15372749.27,5118824.717,15372749.27,5115824.717,15369749.27,5115824.717,63515106.93,0,0,0,0,0,0,0,0,0,0,,0,,0,0,0,0,0,0,0,0,0,0,0,0,0,0
15369749.27,5115824.717,15372749.27,5115824.717,15372749.27,5112824.717,15369749.27,5112824.717,63515106.93,0,0,0,0,0,0,0,0,0,0,,0,,0,0,0,0,0,0,0,0,0,0,0,0,0,0
15369749.27,5112824.717,15372749.27,5112824.717,15372749.27,5109824.717,15369749.27,5109824.717,63515106.93,0,0,0,0,0,0,0,0,0,0,,0,,0,0,0,0,0,0,0,0,0,0,0,0,0,0
15369749.27,5109824.717,15372749.27,5109824.717,15372749.27,5106824.717,15369749.27,5106824.717,63515106.93,0,0,0,0,0,0,0,0,0,0,,0,,0,0,0,0,0,0,0,0,0,0,0,0,0,0
15369749.27,5106824.717,15372749.27,5106824.717,15372749.27,5103824.717,15369749.27,5103824.717,63515106.93,0,0,0,0,0,0,0,0,0,0,,0,,0,0,0,0,0,0,0,0,0,0,0,0,0,0
15369749.27,5103824.717,15372749.27,5103824.717,15372749.27,5100824.717,15369749.27,5100824.717,63515106.93,0,0,0,0,0,0,0,0,0,0,,0,,0,0,0,0,0,0,0,0,0,0,0,0,0,0
15369749.27,5100824.717,15372749.27,5100824.717,15372749.27,5097824.717,15369749.27,5097824.717,63515106.93,0,0,0,0,0,0,0,0,0,0,,0,,0,0,0,0,0,0,0,0,0,0,0,0,0,0
15369749.27,5097824.717,15372749.27,5097824.717,15372749.27,5094824.717,15369749.27,5094824.717,63515106.93,0,0,0,0,0,0,0,0,0,0,,0,,0,0,0,0,0,0,0,0,0,0,0,0,0,0
15369749.27,5094824.717,15372749.27,5094824.717,15372749.27,5091824.717,15369749.27,5091824.717,63515106.93,0,0,0,0,0,0,0,0,0,0,,0,,0,0,0,0,0,0,0,0,0,0,0,0,0,0
15369749.27,5091824.717,15372749.27,5091824.717,15372749.27,5088824.717,15369749.27,5088824.717,63515106.93,0,0,0,0,0,0,0,0,0,0,,0,,0,0,0,0,0,0,0,0,0,0,0,0,0,0
15369749.27,5088824.717,15372749.27,5088824.717,15372749.27,5085824.717,15369749.27,5085824.717,63515106.93,0,0,0,0,0,0,0,0,0,0,,0,,0,0,0,0,0,0,0,0,0,0,0,0,0,0
15369749.27,5085824.717,15372749.27,5085824.717,15372749.27,5082824.717,15369749.27,5082824.717,63515106.93,0,0,0,0,0,0,0,0,0,0,,0,,0,0,0,0,0,0,0,0,0,0,0,0,0,0
15369749.27,5082824.717,15372749.27,5082824.717,15372749.27,5079824.717,15369749.27,5079824.717,63515106.93,0,0,0,0,0,0,0,0,0,0,,0,,0,0,0,0,0,0,0,0,0,0,0,0,0,0
15369749.27,5079824.717,15372749.27,5079824.717,15372749.27,5076824.717,15369749.27,5076824.717,63515106.93,0,0,0,0,0,0,0,0,0,0,,0,,0,0,0,0,0,0,0,0,0,0,0,0,0,0
15369749.27,5076824.717,15372749.27,5076824.717,15372749.27,5073824.717,15369749.27,5073824.717,63515106.93,0,0,0,5697.213235,5697.213235,0,0,0,0,0.511031788,,8.97E-05,,8.97E-05,0,1,0,1,5697.213235,5697.213235,5697.213235,0,0,0,0,0,0
15369749.27,5073824.717,15372749.27,5073824.717,15372749.27,5070824.717,15369749.27,5070824.717,63515106.93,0,0,0,8854.624708,8854.624708,0,0,0,0,1.234420951,,0.00013941,,0.00013941,0,1,0,1,8854.624708,8854.624708,8854.624708,0,0,0,0,0,0
15369749.27,5070824.717,15372749.27,5070824.717,15372749.27,5067824.717,15369749.27,5067824.717,63515106.93,0,0,0,8616.019172,8616.019172,0,0,0,0,1.168789442,,0.000135653,,0.000135653,0,1,0,1,8616.019172,8616.019172,8616.019172,0,0,0,0,0,0
15369749.27,5067824.717,15372749.27,5067824.717,15372749.27,5064824.717,15369749.27,5064824.717,63515106.93,0,0,0,5438.978136,5438.978136,0,0,0,0,0.465755071,,8.56E-05,,8.56E-05,0,1,0,1,5438.978136,5438.978136,5438.978136,0,0,0,0,0,0
15369749.27,5064824.717,15372749.27,5064824.717,15372749.27,5061824.717,15369749.27,5061824.717,63515106.93,0,0,0,5092.785658,5092.785658,0,0,0,0,0.408351131,,8.02E-05,,8.02E-05,0,1,0,1,5092.785658,5092.785658,5092.785658,0,0,0,0,0,0
15369749.27,5061824.717,15372749.27,5061824.717,15372749.27,5058824.717,15369749.27,5058824.717,63515106.93,7.87E-09,7.87E-09,18494.19803,363.5935393,8883.50551,0,0,0,2.692551247,0.673137812,,0.000145589,,0.000145589,0.5,2,0.5,2,4623.549507,363.5935043,8883.50551,0,0,1,0,7.87E-09,31757553.47
15369749.27,5058824.717,15372749.27,5058824.717,15372749.27,5055824.717,15369749.27,5055824.717,63515106.93,7.87E-09,7.87E-09,21286.34297,2895.48291,7747.6886,0,0,0,3.566934065,0.891733516,,0.000167569,,0.000167569,0.5,2,0.5,2,5321.585743,2895.482886,7747.6886,0,0,1,0,7.87E-09,31757553.47
15369749.27,5055824.717,15372749.27,5055824.717,15372749.27,5052824.717,15369749.27,5052824.717,63515106.93,7.87E-09,7.87E-09,7206.425597,3603.212601,3603.212601,0,0,0,0.408820613,0.204410306,,5.67E-05,,5.67E-05,0.5,1,0.5,1,3603.212799,3603.212799,3603.212799,0,0,1,0,7.87E-09,31757553.47
15369749.27,5052824.717,15372749.27,5052824.717,15372749.27,5049824.717,15369749.27,5049824.717,63515106.93,0,0,0,6694.656706,6694.656706,0,0,0,0,0.705634149,,0.000105403,,0.000105403,0,1,0,1,6694.656706,6694.656706,6694.656706,0,0,0,0,0,0
15369749.27,5049824.717,15372749.27,5049824.717,15372749.27,5046824.717,15369749.27,5046824.717,63515106.93,7.87E-09,7.87E-09,12851.41552,6425.707759,6425.707759,0,0,0,1.300154316,0.650077158,,0.000101168,,0.000101168,0.5,1,0.5,1,6425.707759,6425.707759,6425.707759,0,0,1,0,7.87E-09,31757553.47
15369749.27,5046824.717,15372749.27,5046824.717,15372749.27,5043824.717,15369749.27,5043824.717,63515106.93,7.87E-09,7.87E-09,8329.189491,4164.594745,4164.594745,0,0,0,0.546133045,0.273066523,,6.56E-05,,6.56E-05,0.5,1,0.5,1,4164.594745,4164.594745,4164.594745,0,0,1,0,7.87E-09,31757553.47
15369749.27,5043824.717,15372749.27,5043824.717,15372749.27,5040824.717,15369749.27,5040824.717,63515106.93,7.87E-09,7.87E-09,2115.771749,1057.885875,1057.885875,0,0,0,0.03523957,0.017619785,,1.67E-05,,1.67E-05,0.5,1,0.5,1,1057.885875,1057.885875,1057.885875,0,0,1,0,7.87E-09,31757553.47
15369749.27,5040824.717,15372749.27,5040824.717,15372749.27,5037824.717,15369749.27,5037824.717,63515106.93,0,0,0,7932.919555,7932.919555,0,0,0,0,0.990807002,,0.000124898,,0.000124898,0,1,0,1,7932.919555,7932.919555,7932.919555,0,0,0,0,0,0
15369749.27,5037824.717,15372749.27,5037824.717,15372749.27,5034824.717,15369749.27,5034824.717,63515106.93,7.87E-09,7.87E-09,16409.9236,8204.961798,8204.961798,0,0,0,2.119854673,1.059927336,,0.000129181,,0.000129181,0.5,1,0.5,1,8204.961798,8204.961798,8204.961798,0,0,1,0,7.87E-09,31757553.47
15369749.27,5034824.717,15372749.27,5034824.717,15372749.27,5031824.717,15369749.27,5031824.717,63515106.93,0,0,0,5255.183922,5255.183922,0,0,0,0,0.434809282,,8.27E-05,,8.27E-05,0,1,0,1,5255.183922,5255.183922,5255.183922,0,0,0,0,0,0
15369749.27,5031824.717,15372749.27,5031824.717,15372749.27,5028824.717,15369749.27,5028824.717,63515106.93,0,0,0,7697.275554,7697.275554,0,0,0,0,0.932818251,,0.000121188,,0.000121188,0,1,0,1,7697.275554,7697.275554,7697.275554,0,0,0,0,0,0
15369749.27,5028824.717,15372749.27,5028824.717,15372749.27,5025824.717,15369749.27,5025824.717,63515106.93,0,0,0,8899.87131,8899.87131,0,0,0,0,1.247068818,,0.000140122,,0.000140122,0,1,0,1,8899.87131,8899.87131,8899.87131,0,0,0,0,0,0
15369749.27,5025824.717,15372749.27,5025824.717,15372749.27,5022824.717,15369749.27,5022824.717,63515106.93,0,0,0,2560.522685,5606.015189,0,0,0,0,0.52501164,,0.000128576,,0.000128576,0,2,0,2,4083.268937,2560.522685,5606.015189,0,0,0,0,0,0
15369749.27,5022824.717,15372749.27,5022824.717,15372749.27,5019824.717,15369749.27,5019824.717,63515106.93,0,0,0,8483.952097,8483.952097,0,0,0,0,1.133233441,,0.000133574,,0.000133574,0,1,0,1,8483.952097,8483.952097,8483.952097,0,0,0,0,0,0
15369749.27,5019824.717,15372749.27,5019824.717,15372749.27,5016824.717,15369749.27,5016824.717,63515106.93,0,0,0,8540.402395,8540.402395,0,0,0,0,1.14836417,,0.000134463,,0.000134463,0,1,0,1,8540.402395,8540.402395,8540.402395,0,0,0,0,0,0
15369749.27,5016824.717,15372749.27,5016824.717,15372749.27,5013824.717,15369749.27,5013824.717,63515106.93,0,0,0,5115.637506,5115.637506,0,0,0,0,0.412023979,,8.05E-05,,8.05E-05,0,1,0,1,5115.637506,5115.637506,5115.637506,0,0,0,0,0,0
15369749.27,5013824.717,15372749.27,5013824.717,15372749.27,5010824.717,15369749.27,5010824.717,63515106.93,0,0,0,8739.085679,8739.085679,0,0,0,0,1.202416593,,0.000137591,,0.000137591,0,1,0,1,8739.085679,8739.085679,8739.085679,0,0,0,0,0,0
15369749.27,5010824.717,15372749.27,5010824.717,15372749.27,5007824.717,15369749.27,5007824.717,63515106.93,0,0,0,8401.467325,8401.467325,0,0,0,0,1.111304958,,0.000132275,,0.000132275,0,1,0,1,8401.467325,8401.467325,8401.467325,0,0,0,0,0,0
15369749.27,5007824.717,15372749.27,5007824.717,15372749.27,5004824.717,15369749.27,5004824.717,63515106.93,0,0,0,3032.042186,3032.042186,0,0,0,0,0.144741625,,4.77E-05,,4.77E-05,0,1,0,1,3032.042186,3032.042186,3032.042186,0,0,0,0,0,0
15369749.27,5004824.717,15372749.27,5004824.717,15372749.27,5001824.717,15369749.27,5001824.717,63515106.93,0,0,0,0,0,0,0,0,0,0,,0,,0,0,0,0,0,0,0,0,0,0,0,0,0,0
15369749.27,5001824.717,15372749.27,5001824.717,15372749.27,4998824.717,15369749.27,4998824.717,63515106.93,0,0,0,4452.781112,4452.781112,0,0,0,0,0.312166043,,7.01E-05,,7.01E-05,0,1,0,1,4452.781112,4452.781112,4452.781112,0,0,0,0,0,0
15369749.27,4998824.717,15372749.27,4998824.717,15372749.27,4995824.717,15369749.27,4995824.717,63515106.93,0,0,0,8503.955725,8503.955725,0,0,0,0,1.138583661,,0.000133889,,0.000133889,0,1,0,1,8503.955725,8503.955725,8503.955725,0,0,0,0,0,0
15369749.27,4995824.717,15372749.27,4995824.717,15372749.27,4992824.717,15369749.27,4992824.717,63515106.93,0,0,0,8865.96051,8865.96051,0,0,0,0,1.237583617,,0.000139588,,0.000139588,0,1,0,1,8865.96051,8865.96051,8865.96051,0,0,0,0,0,0
15369749.27,4992824.717,15372749.27,4992824.717,15372749.27,4989824.717,15369749.27,4989824.717,63515106.93,0,0,0,6611.026812,6611.026812,0,0,0,0,0.688114649,,0.000104086,,0.000104086,0,1,0,1,6611.026812,6611.026812,6611.026812,0,0,0,0,0,0
15369749.27,4989824.717,15372749.27,4989824.717,15372749.27,4986824.717,15369749.27,4986824.717,63515106.93,0,0,0,0,0,0,0,0,0,0,,0,,0,0,0,0,0,0,0,0,0,0,0,0,0,0
15369749.27,4986824.717,15372749.27,4986824.717,15372749.27,4983824.717,15369749.27,4983824.717,63515106.93,0,0,0,0,0,0,0,0,0,0,,0,,0,0,0,0,0,0,0,0,0,0,0,0,0,0
15369749.27,4983824.717,15372749.27,4983824.717,15372749.27,4980824.717,15369749.27,4980824.717,63515106.93,0,0,0,0,0,0,0,0,0,0,,0,,0,0,0,0,0,0,0,0,0,0,0,0,0,0
15369749.27,4980824.717,15372749.27,4980824.717,15372749.27,4977824.717,15369749.27,4977824.717,63515106.93,0,0,0,7457.233865,7457.233865,0,0,0,0,0.875545041,,0.000117409,,0.000117409,0,1,0,1,7457.233865,7457.233865,7457.233865,0,0,0,0,0,0
15369749.27,4977824.717,15372749.27,4977824.717,15372749.27,4974824.717,15369749.27,4974824.717,63515106.93,0,0,0,8968.269207,8968.269207,0,0,0,0,1.266310591,,0.000141199,,0.000141199,0,1,0,1,8968.269207,8968.269207,8968.269207,0,0,0,0,0,0
15369749.27,4974824.717,15372749.27,4974824.717,15372749.27,4971824.717,15369749.27,4971824.717,63515106.93,0,0,0,8212.929568,8212.929568,0,0,0,0,1.061986909,,0.000129307,,0.000129307,0,1,0,1,8212.929568,8212.929568,8212.929568,0,0,0,0,0,0
15369749.27,4971824.717,15372749.27,4971824.717,15372749.27,4968824.717,15369749.27,4968824.717,63515106.93,0,0,0,3988.337366,3988.337366,0,0,0,0,0.250441756,,6.28E-05,,6.28E-05,0,1,0,1,3988.337366,3988.337366,3988.337366,0,0,0,0,0,0
15369749.27,4968824.717,15372749.27,4968824.717,15372749.27,4965824.717,15369749.27,4965824.717,63515106.93,0,0,0,0,0,0,0,0,0,0,,0,,0,0,0,0,0,0,0,0,0,0,0,0,0,0
15369749.27,4965824.717,15372749.27,4965824.717,15372749.27,4962824.717,15369749.27,4962824.717,63515106.93,0,0,0,4142.641365,4142.641365,0,0,0,0,0.270195207,,6.52E-05,,6.52E-05,0,1,0,1,4142.641365,4142.641365,4142.641365,0,0,0,0,0,0
15369749.27,4962824.717,15372749.27,4962824.717,15372749.27,4959824.717,15369749.27,4959824.717,63515106.93,0,0,0,8287.356749,8287.356749,0,0,0,0,1.081321991,,0.000130479,,0.000130479,0,1,0,1,8287.356749,8287.356749,8287.356749,0,0,0,0,0,0
15369749.27,4959824.717,15372749.27,4959824.717,15372749.27,4956824.717,15369749.27,4956824.717,63515106.93,0,0,0,8952.514358,8952.514358,0,0,0,0,1.261865361,,0.000140951,,0.000140951,0,1,0,1,8952.514358,8952.514358,8952.514358,0,0,0,0,0,0
15369749.27,4956824.717,15372749.27,4956824.717,15372749.27,4953824.717,15369749.27,4953824.717,63515106.93,0,0,0,7245.459797,7245.459797,0,0,0,0,0.826522857,,0.000114075,,0.000114075,0,1,0,1,7245.459797,7245.459797,7245.459797,0,0,0,0,0,0
15369749.27,4953824.717,15372749.27,4953824.717,15372749.27,4950824.717,15369749.27,4950824.717,63515106.93,0,0,0,0,0,0,0,0,0,0,,0,,0,0,0,0,0,0,0,0,0,0,0,0,0,0
15369749.27,4950824.717,15372749.27,4950824.717,15372749.27,4947824.717,15369749.27,4947824.717,63515106.93,0,0,0,0,0,0,0,0,0,0,,0,,0,0,0,0,0,0,0,0,0,0,0,0,0,0
15369749.27,4947824.717,15372749.27,4947824.717,15372749.27,4944824.717,15369749.27,4944824.717,63515106.93,7.87E-09,7.87E-09,4382.184522,2191.092261,2191.092261,0,0,0,0.151173021,0.07558651,,3.45E-05,,3.45E-05,0.5,1,0.5,1,2191.092261,2191.092261,2191.092261,0,0,1,0,7.87E-09,31757553.47
15369749.27,4944824.717,15372749.27,4944824.717,15372749.27,4941824.717,15369749.27,4941824.717,63515106.93,7.87E-09,7.87E-09,1712.013328,856.0066642,856.0066642,0,0,0,0.023073169,0.011536585,,1.35E-05,,1.35E-05,0.5,1,0.5,1,856.0066642,856.0066642,856.0066642,0,0,1,0,7.87E-09,31757553.47
15372749.27,5124824.717,15375749.27,5124824.717,15375749.27,5121824.717,15372749.27,5121824.717,63515106.93,0,0,0,0,0,0,0,0,0,0,,0,,0,0,0,0,0,0,0,0,0,0,0,0,0,0
15372749.27,5121824.717,15375749.27,5121824.717,15375749.27,5118824.717,15372749.27,5118824.717,63515106.93,0,0,0,0,0,0,0,0,0,0,,0,,0,0,0,0,0,0,0,0,0,0,0,0,0,0
15372749.27,5118824.717,15375749.27,5118824.717,15375749.27,5115824.717,15372749.27,5115824.717,63515106.93,0,0,0,0,0,0,0,0,0,0,,0,,0,0,0,0,0,0,0,0,0,0,0,0,0,0
15372749.27,5115824.717,15375749.27,5115824.717,15375749.27,5112824.717,15372749.27,5112824.717,63515106.93,0,0,0,0,0,0,0,0,0,0,,0,,0,0,0,0,0,0,0,0,0,0,0,0,0,0
15372749.27,5112824.717,15375749.27,5112824.717,15375749.27,5109824.717,15372749.27,5109824.717,63515106.93,0,0,0,0,0,0,0,0,0,0,,0,,0,0,0,0,0,0,0,0,0,0,0,0,0,0
15372749.27,5109824.717,15375749.27,5109824.717,15375749.27,5106824.717,15372749.27,5106824.717,63515106.93,0,0,0,0,0,0,0,0,0,0,,0,,0,0,0,0,0,0,0,0,0,0,0,0,0,0
15372749.27,5106824.717,15375749.27,5106824.717,15375749.27,5103824.717,15372749.27,5103824.717,63515106.93,0,0,0,0,0,0,0,0,0,0,,0,,0,0,0,0,0,0,0,0,0,0,0,0,0,0
15372749.27,5103824.717,15375749.27,5103824.717,15375749.27,5100824.717,15372749.27,5100824.717,63515106.93,0,0,0,0,0,0,0,0,0,0,,0,,0,0,0,0,0,0,0,0,0,0,0,0,0,0
15372749.27,5100824.717,15375749.27,5100824.717,15375749.27,5097824.717,15372749.27,5097824.717,63515106.93,0,0,0,0,0,0,0,0,0,0,,0,,0,0,0,0,0,0,0,0,0,0,0,0,0,0
15372749.27,5097824.717,15375749.27,5097824.717,15375749.27,5094824.717,15372749.27,5094824.717,63515106.93,0,0,0,0,0,0,0,0,0,0,,0,,0,0,0,0,0,0,0,0,0,0,0,0,0,0
15372749.27,5094824.717,15375749.27,5094824.717,15375749.27,5091824.717,15372749.27,5091824.717,63515106.93,0,0,0,0,0,0,0,0,0,0,,0,,0,0,0,0,0,0,0,0,0,0,0,0,0,0
15372749.27,5091824.717,15375749.27,5091824.717,15375749.27,5088824.717,15372749.27,5088824.717,63515106.93,0,0,0,0,0,0,0,0,0,0,,0,,0,0,0,0,0,0,0,0,0,0,0,0,0,0
15372749.27,5088824.717,15375749.27,5088824.717,15375749.27,5085824.717,15372749.27,5085824.717,63515106.93,0,0,0,0,0,0,0,0,0,0,,0,,0,0,0,0,0,0,0,0,0,0,0,0,0,0
15372749.27,5085824.717,15375749.27,5085824.717,15375749.27,5082824.717,15372749.27,5082824.717,63515106.93,0,0,0,0,0,0,0,0,0,0,,0,,0,0,0,0,0,0,0,0,0,0,0,0,0,0
15372749.27,5082824.717,15375749.27,5082824.717,15375749.27,5079824.717,15372749.27,5079824.717,63515106.93,0,0,0,3208.942617,3208.942617,0,0,0,0,0.162123835,,5.05E-05,,5.05E-05,0,1,0,1,3208.942617,3208.942617,3208.942617,0,0,0,0,0,0
15372749.27,5079824.717,15375749.27,5079824.717,15375749.27,5076824.717,15372749.27,5076824.717,63515106.93,0,0,0,7472.113678,7472.113678,0,0,0,0,0.87904257,,0.000117643,,0.000117643,0,1,0,1,7472.113678,7472.113678,7472.113678,0,0,0,0,0,0
15372749.27,5076824.717,15375749.27,5076824.717,15375749.27,5073824.717,15372749.27,5073824.717,63515106.93,0,0,0,8959.85204,8959.85204,0,0,0,0,1.263934715,,0.000141066,,0.000141066,0,1,0,1,8959.85204,8959.85204,8959.85204,0,0,0,0,0,0
15372749.27,5073824.717,15375749.27,5073824.717,15375749.27,5070824.717,15372749.27,5070824.717,63515106.93,0,0,0,8847.509427,8847.509427,0,0,0,0,1.232437869,,0.000139298,,0.000139298,0,1,0,1,8847.509427,8847.509427,8847.509427,0,0,0,0,0,0
15372749.27,5070824.717,15375749.27,5070824.717,15375749.27,5067824.717,15372749.27,5067824.717,63515106.93,7.87E-09,7.87E-09,15134.69962,1017.582693,6549.767119,0,0,0,1.803186232,0.450796558,,0.000119143,,0.000119143,0.5,2,0.5,2,3783.674906,1017.582693,6549.767119,0,0,1,0,7.87E-09,31757553.47
15372749.27,5067824.717,15375749.27,5067824.717,15375749.27,5064824.717,15372749.27,5064824.717,63515106.93,7.87E-09,7.87E-09,4065.955527,2032.977763,2032.977763,0,0,0,0.130142222,0.065071111,,3.20E-05,,3.20E-05,0.5,1,0.5,1,2032.977763,2032.977763,2032.977763,0,0,1,0,7.87E-09,31757553.47
15372749.27,5064824.717,15375749.27,5064824.717,15375749.27,5061824.717,15372749.27,5061824.717,63515106.93,7.87E-09,7.87E-09,9789.012534,282.6126599,4611.893607,0,0,0,0.754346257,0.188586564,,7.71E-05,,7.71E-05,0.5,2,0.5,2,2447.253133,282.6126599,4611.893607,0,0,1,0,7.87E-09,31757553.47
15372749.27,5061824.717,15375749.27,5061824.717,15375749.27,5058824.717,15372749.27,5058824.717,63515106.93,7.87E-09,7.87E-09,18979.14561,666.7166241,8822.856493,0,0,0,2.835608611,0.708902153,,0.000149407,,0.000149407,0.5,2,0.5,2,4744.786404,666.7163143,8822.856493,0,0,1,0,7.87E-09,31757553.47
15372749.27,5058824.717,15375749.27,5058824.717,15375749.27,5055824.717,15372749.27,5055824.717,63515106.93,3.15E-08,1.57E-08,6890.298369,261.3183214,7911.51215,1.5,2,1.57E-08,1.494958094,0.99663873,,0.000216966,,0.000216966,2,4,1,3,4593.532246,602.0332617,7911.51215,0.5,1,3.5,1,3.000000008,31757554.47
15372749.27,5055824.717,15375749.27,5055824.717,15375749.27,5052824.717,15372749.27,5052824.717,63515106.93,5.51E-08,2.36E-08,3963.77802,637.666577,5263.143772,1.714285714,2.666666667,3.15E-08,0.86578421,1.010081578,,0.000218424,,0.000218424,3.5,5,1.5,3,4624.40769,1793.999371,6816.079929,0.571428571,1.333333333,6.333333333,2,6.000000008,31757555.47
15372749.27,5052824.717,15375749.27,5052824.717,15375749.27,5049824.717,15372749.27,5049824.717,63515106.93,4.72E-08,1.57E-08,4629.026487,378.2988659,8320.247338,2,4,3.15E-08,1.012100298,1.012100298,,0.000218642,,0.000218642,3,5,1,3,4629.026487,378.2988659,8320.247338,0.666666667,2,6,2,6,2
15372749.27,5049824.717,15375749.27,5049824.717,15375749.27,5046824.717,15372749.27,5046824.717,63515106.93,7.87E-09,7.87E-09,16555.01963,8277.509817,8277.509817,0,0,0,2.157507783,1.078753891,,0.000130323,,0.000130323,0.5,1,0.5,1,8277.509817,8277.509817,8277.509817,0,0,1,0,7.87E-09,31757553.47
15372749.27,5046824.717,15375749.27,5046824.717,15375749.27,5043824.717,15372749.27,5043824.717,63515106.93,1.57E-08,1.57E-08,7340.770756,2485.417922,4855.352834,0,0,0,0.848410998,0.424205499,,0.000115575,,0.000115575,1,2,1,2,3670.385378,2485.417922,4855.352834,0,0,1,0,1.57E-08,63515106.93
15372749.27,5043824.717,15375749.27,5043824.717,15375749.27,5040824.717,15372749.27,5040824.717,63515106.93,1.57E-08,1.57E-08,2370.293643,1074.911083,1295.382559,0,0,0,0.088455995,0.044227997,,3.73E-05,,3.73E-05,1,2,1,2,1185.146821,1074.911083,1295.382559,0,0,1,0,1.57E-08,63515106.93
15372749.27,5040824.717,15375749.27,5040824.717,15375749.27,5037824.717,15372749.27,5037824.717,63515106.93,1.57E-08,1.57E-08,5169.505575,192.942747,4976.562828,0,0,0,0.420746956,0.210373478,,8.14E-05,,8.14E-05,1,2,1,2,2584.752788,192.942747,4976.562828,0,0,1,0,1.57E-08,63515106.93
15372749.27,5037824.717,15375749.27,5037824.717,15375749.27,5034824.717,15372749.27,5034824.717,63515106.93,7.87E-09,7.87E-09,10714.68308,5357.341541,5357.341541,0,0,0,0.90375691,0.451878455,,8.43E-05,,8.43E-05,0.5,1,0.5,1,5357.341541,5357.341541,5357.341541,0,0,1,0,7.87E-09,31757553.47
15372749.27,5034824.717,15375749.27,5034824.717,15375749.27,5031824.717,15372749.27,5031824.717,63515106.93,7.87E-09,7.87E-09,7240.281943,3620.140972,3620.140972,0,0,0,0.412670978,0.206335489,,5.70E-05,,5.70E-05,0.5,1,0.5,1,3620.140972,3620.140972,3620.140972,0,0,1,0,7.87E-09,31757553.47
15372749.27,5031824.717,15375749.27,5031824.717,15375749.27,5028824.717,15372749.27,5028824.717,63515106.93,7.87E-09,7.87E-09,18983.75609,1159.413829,8332.464214,0,0,0,2.836986448,0.709246612,,0.000149443,,0.000149443,0.5,2,0.5,2,4745.939022,1159.413829,8332.464214,0,0,1,0,7.87E-09,31757553.47
15372749.27,5028824.717,15375749.27,5028824.717,15375749.27,5025824.717,15372749.27,5025824.717,63515106.93,7.87E-09,7.87E-09,23988.62835,3350.274162,8644.040012,0,0,0,4.53005842,1.132514605,,0.000188842,,0.000188842,0.5,2,0.5,2,5997.157087,3350.274162,8644.040012,0,0,1,0,7.87E-09,31757553.47
15372749.27,5025824.717,15375749.27,5025824.717,15375749.27,5022824.717,15372749.27,5022824.717,63515106.93,7.87E-09,7.87E-09,17252.62075,3641.532036,4984.77834,0,0,0,2.343166352,0.585791588,,0.000135815,,0.000135815,0.5,2,0.5,2,4313.155188,3641.532036,4984.77834,0,0,1,0,7.87E-09,31757553.47
15372749.27,5022824.717,15375749.27,5022824.717,15375749.27,5019824.717,15372749.27,5019824.717,63515106.93,0,0,0,7977.709776,7977.709776,0,0,0,0,1.002027019,,0.000125603,,0.000125603,0,1,0,1,7977.709776,7977.709776,7977.709776,0,0,0,0,0,0
15372749.27,5019824.717,15375749.27,5019824.717,15375749.27,5016824.717,15372749.27,5016824.717,63515106.93,0,0,0,8835.933583,8835.933583,0,0,0,0,1.229215002,,0.000139115,,0.000139115,0,1,0,1,8835.933583,8835.933583,8835.933583,0,0,0,0,0,0
15372749.27,5016824.717,15375749.27,5016824.717,15375749.27,5013824.717,15372749.27,5013824.717,63515106.93,0,0,0,4681.391219,4681.391219,0,0,0,0,0.345042696,,7.37E-05,,7.37E-05,0,1,0,1,4681.391219,4681.391219,4681.391219,0,0,0,0,0,0
15372749.27,5013824.717,15375749.27,5013824.717,15375749.27,5010824.717,15372749.27,5010824.717,63515106.93,0,0,0,7541.202608,7541.202608,0,0,0,0,0.895373393,,0.000118731,,0.000118731,0,1,0,1,7541.202608,7541.202608,7541.202608,0,0,0,0,0,0
15372749.27,5010824.717,15375749.27,5010824.717,15375749.27,5007824.717,15372749.27,5007824.717,63515106.93,0,0,0,8979.798591,8979.798591,0,0,0,0,1.269568558,,0.000141381,,0.000141381,0,1,0,1,8979.798591,8979.798591,8979.798591,0,0,0,0,0,0
15372749.27,5007824.717,15375749.27,5007824.717,15375749.27,5004824.717,15372749.27,5004824.717,63515106.93,0,0,0,6939.138628,6939.138628,0,0,0,0,0.758113262,,0.000109252,,0.000109252,0,1,0,1,6939.138628,6939.138628,6939.138628,0,0,0,0,0,0
15372749.27,5004824.717,15375749.27,5004824.717,15375749.27,5001824.717,15372749.27,5001824.717,63515106.93,0,0,0,0,0,0,0,0,0,0,,0,,0,0,0,0,0,0,0,0,0,0,0,0,0,0
15372749.27,5001824.717,15375749.27,5001824.717,15375749.27,4998824.717,15372749.27,4998824.717,63515106.93,0,0,0,0,0,0,0,0,0,0,,0,,0,0,0,0,0,0,0,0,0,0,0,0,0,0
15372749.27,4998824.717,15375749.27,4998824.717,15375749.27,4995824.717,15372749.27,4995824.717,63515106.93,0,0,0,5586.64526,5586.64526,0,0,0,0,0.491388691,,8.80E-05,,8.80E-05,0,1,0,1,5586.64526,5586.64526,5586.64526,0,0,0,0,0,0
15372749.27,4995824.717,15375749.27,4995824.717,15375749.27,4992824.717,15372749.27,4992824.717,63515106.93,0,0,0,8732.053179,8732.053179,0,0,0,0,1.200482159,,0.00013748,,0.00013748,0,1,0,1,8732.053179,8732.053179,8732.053179,0,0,0,0,0,0
15372749.27,4992824.717,15375749.27,4992824.717,15375749.27,4989824.717,15372749.27,4989824.717,63515106.93,0,0,0,8617.734969,8617.734969,0,0,0,0,1.169254994,,0.00013568,,0.00013568,0,1,0,1,8617.734969,8617.734969,8617.734969,0,0,0,0,0,0
15372749.27,4989824.717,15375749.27,4989824.717,15375749.27,4986824.717,15372749.27,4986824.717,63515106.93,0,0,0,5037.109544,5037.109544,0,0,0,0,0.399471461,,7.93E-05,,7.93E-05,0,1,0,1,5037.109544,5037.109544,5037.109544,0,0,0,0,0,0
15372749.27,4986824.717,15375749.27,4986824.717,15375749.27,4983824.717,15372749.27,4983824.717,63515106.93,0,0,0,0,0,0,0,0,0,0,,0,,0,0,0,0,0,0,0,0,0,0,0,0,0,0
15372749.27,4983824.717,15375749.27,4983824.717,15375749.27,4980824.717,15372749.27,4980824.717,63515106.93,0,0,0,0,0,0,0,0,0,0,,0,,0,0,0,0,0,0,0,0,0,0,0,0,0,0
15372749.27,4980824.717,15375749.27,4980824.717,15375749.27,4977824.717,15372749.27,4977824.717,63515106.93,0,0,0,0,0,0,0,0,0,0,,0,,0,0,0,0,0,0,0,0,0,0,0,0,0,0
15372749.27,4977824.717,15375749.27,4977824.717,15375749.27,4974824.717,15372749.27,4974824.717,63515106.93,0,0,0,7598.419193,7598.419193,0,0,0,0,0.909011683,,0.000119632,,0.000119632,0,1,0,1,7598.419193,7598.419193,7598.419193,0,0,0,0,0,0
15372749.27,4974824.717,15375749.27,4974824.717,15375749.27,4971824.717,15372749.27,4971824.717,63515106.93,0,0,0,8996.746648,8996.746648,0,0,0,0,1.274365331,,0.000141647,,0.000141647,0,1,0,1,8996.746648,8996.746648,8996.746648,0,0,0,0,0,0
15372749.27,4971824.717,15375749.27,4971824.717,15375749.27,4968824.717,15372749.27,4968824.717,63515106.93,0,0,0,7921.197062,7921.197062,0,0,0,0,0.98788093,,0.000124714,,0.000124714,0,1,0,1,7921.197062,7921.197062,7921.197062,0,0,0,0,0,0
15372749.27,4968824.717,15375749.27,4968824.717,15375749.27,4965824.717,15372749.27,4965824.717,63515106.93,0,0,0,1777.370461,1777.370461,0,0,0,0,0.049736919,,2.80E-05,,2.80E-05,0,1,0,1,1777.370461,1777.370461,1777.370461,0,0,0,0,0,0
15372749.27,4965824.717,15375749.27,4965824.717,15375749.27,4962824.717,15372749.27,4962824.717,63515106.93,0,0,0,0,0,0,0,0,0,0,,0,,0,0,0,0,0,0,0,0,0,0,0,0,0,0
15372749.27,4962824.717,15375749.27,4962824.717,15375749.27,4959824.717,15372749.27,4959824.717,63515106.93,0,0,0,5013.399033,5013.399033,0,0,0,0,0.395719555,,7.89E-05,,7.89E-05,0,1,0,1,5013.399033,5013.399033,5013.399033,0,0,0,0,0,0
15372749.27,4959824.717,15375749.27,4959824.717,15375749.27,4956824.717,15372749.27,4956824.717,63515106.93,0,0,0,8415.407321,8415.407321,0,0,0,0,1.114995846,,0.000132495,,0.000132495,0,1,0,1,8415.407321,8415.407321,8415.407321,0,0,0,0,0,0
15372749.27,4956824.717,15375749.27,4956824.717,15375749.27,4953824.717,15372749.27,4953824.717,63515106.93,0,0,0,8914.742613,8914.742613,0,0,0,0,1.251239897,,0.000140356,,0.000140356,0,1,0,1,8914.742613,8914.742613,8914.742613,0,0,0,0,0,0
15372749.27,4953824.717,15375749.27,4953824.717,15375749.27,4950824.717,15372749.27,4950824.717,63515106.93,0,0,0,7106.427117,7106.427117,0,0,0,0,0.795107004,,0.000111886,,0.000111886,0,1,0,1,7106.427117,7106.427117,7106.427117,0,0,0,0,0,0
15372749.27,4950824.717,15375749.27,4950824.717,15375749.27,4947824.717,15372749.27,4947824.717,63515106.93,0,0,0,0,0,0,0,0,0,0,,0,,0,0,0,0,0,0,0,0,0,0,0,0,0,0
15372749.27,4947824.717,15375749.27,4947824.717,15375749.27,4944824.717,15372749.27,4944824.717,63515106.93,0,0,0,0,0,0,0,0,0,0,,0,,0,0,0,0,0,0,0,0,0,0,0,0,0,0
15372749.27,4944824.717,15375749.27,4944824.717,15375749.27,4941824.717,15372749.27,4941824.717,63515106.93,0,0,0,0,0,0,0,0,0,0,,0,,0,0,0,0,0,0,0,0,0,0,0,0,0,0
15375749.27,5124824.717,15378749.27,5124824.717,15378749.27,5121824.717,15375749.27,5121824.717,63515106.93,0,0,0,0,0,0,0,0,0,0,,0,,0,0,0,0,0,0,0,0,0,0,0,0,0,0
15375749.27,5121824.717,15378749.27,5121824.717,15378749.27,5118824.717,15375749.27,5118824.717,63515106.93,0,0,0,0,0,0,0,0,0,0,,0,,0,0,0,0,0,0,0,0,0,0,0,0,0,0
15375749.27,5118824.717,15378749.27,5118824.717,15378749.27,5115824.717,15375749.27,5115824.717,63515106.93,0,0,0,0,0,0,0,0,0,0,,0,,0,0,0,0,0,0,0,0,0,0,0,0,0,0
15375749.27,5115824.717,15378749.27,5115824.717,15378749.27,5112824.717,15375749.27,5112824.717,63515106.93,0,0,0,0,0,0,0,0,0,0,,0,,0,0,0,0,0,0,0,0,0,0,0,0,0,0
15375749.27,5112824.717,15378749.27,5112824.717,15378749.27,5109824.717,15375749.27,5109824.717,63515106.93,0,0,0,0,0,0,0,0,0,0,,0,,0,0,0,0,0,0,0,0,0,0,0,0,0,0
15375749.27,5109824.717,15378749.27,5109824.717,15378749.27,5106824.717,15375749.27,5106824.717,63515106.93,0,0,0,0,0,0,0,0,0,0,,0,,0,0,0,0,0,0,0,0,0,0,0,0,0,0
15375749.27,5106824.717,15378749.27,5106824.717,15378749.27,5103824.717,15375749.27,5103824.717,63515106.93,0,0,0,0,0,0,0,0,0,0,,0,,0,0,0,0,0,0,0,0,0,0,0,0,0,0
15375749.27,5103824.717,15378749.27,5103824.717,15378749.27,5100824.717,15375749.27,5100824.717,63515106.93,0,0,0,0,0,0,0,0,0,0,,0,,0,0,0,0,0,0,0,0,0,0,0,0,0,0
15375749.27,5100824.717,15378749.27,5100824.717,15378749.27,5097824.717,15375749.27,5097824.717,63515106.93,0,0,0,0,0,0,0,0,0,0,,0,,0,0,0,0,0,0,0,0,0,0,0,0,0,0
15375749.27,5097824.717,15378749.27,5097824.717,15378749.27,5094824.717,15375749.27,5094824.717,63515106.93,0,0,0,0,0,0,0,0,0,0,,0,,0,0,0,0,0,0,0,0,0,0,0,0,0,0
15375749.27,5094824.717,15378749.27,5094824.717,15378749.27,5091824.717,15375749.27,5091824.717,63515106.93,0,0,0,4107.014272,4107.014272,0,0,0,0,0.265567785,,6.47E-05,,6.47E-05,0,1,0,1,4107.014272,4107.014272,4107.014272,0,0,0,0,0,0
15375749.27,5091824.717,15378749.27,5091824.717,15378749.27,5088824.717,15375749.27,5088824.717,63515106.93,0,0,0,6372.763474,6372.763474,0,0,0,0,0.639408737,,0.000100335,,0.000100335,0,1,0,1,6372.763474,6372.763474,6372.763474,0,0,0,0,0,0
15375749.27,5088824.717,15378749.27,5088824.717,15378749.27,5085824.717,15375749.27,5085824.717,63515106.93,0,0,0,7620.773716,7620.773716,0,0,0,0,0.914368169,,0.000119984,,0.000119984,0,1,0,1,7620.773716,7620.773716,7620.773716,0,0,0,0,0,0
15375749.27,5085824.717,15378749.27,5085824.717,15378749.27,5082824.717,15375749.27,5082824.717,63515106.93,0,0,0,8213.438239,8213.438239,0,0,0,0,1.062118462,,0.000129315,,0.000129315,0,1,0,1,8213.438239,8213.438239,8213.438239,0,0,0,0,0,0
15375749.27,5082824.717,15378749.27,5082824.717,15378749.27,5079824.717,15375749.27,5079824.717,63515106.93,7.87E-09,7.87E-09,19770.52826,1107.843459,8777.420669,0,0,0,3.077014323,0.769253581,,0.000155636,,0.000155636,0.5,2,0.5,2,4942.632064,1107.843459,8777.420669,0,0,1,0,7.87E-09,31757553.47
15375749.27,5079824.717,15378749.27,5079824.717,15378749.27,5076824.717,15375749.27,5076824.717,63515106.93,7.87E-09,7.87E-09,23890.56194,2726.244484,9219.036485,0,0,0,4.493096031,1.123274008,,0.00018807,,0.00018807,0.5,2,0.5,2,5972.640485,2726.244484,9219.036485,0,0,1,0,7.87E-09,31757553.47
15375749.27,5076824.717,15378749.27,5076824.717,15378749.27,5073824.717,15375749.27,5073824.717,63515106.93,1.57E-08,1.57E-08,11879.49674,1535.905022,8601.272892,0,0,0,2.221872082,0.740624027,,0.000187034,,0.000187034,1,3,1,3,3959.832248,1535.905022,8601.272892,0,0,1,0,1.57E-08,63515106.93
15375749.27,5073824.717,15378749.27,5073824.717,15378749.27,5070824.717,15375749.27,5070824.717,63515106.93,7.87E-09,7.87E-09,17079.2148,1871.288912,6668.31849,0,0,0,2.296300773,0.574075193,,0.00013445,,0.00013445,0.5,2,0.5,2,4269.803701,1871.288912,6668.31849,0,0,1,0,7.87E-09,31757553.47
15375749.27,5070824.717,15378749.27,5070824.717,15378749.27,5067824.717,15375749.27,5067824.717,63515106.93,1.57E-08,1.57E-08,3632.182981,284.7805641,3347.402417,0,0,0,0.207710478,0.103855239,,5.72E-05,,5.72E-05,1,2,1,2,1816.091491,284.7805641,3347.402417,0,0,1,0,1.57E-08,63515106.93
15375749.27,5067824.717,15378749.27,5067824.717,15378749.27,5064824.717,15375749.27,5064824.717,63515106.93,7.87E-09,7.87E-09,10129.12631,5064.563153,5064.563153,0,0,0,0.807675565,0.403837782,,7.97E-05,,7.97E-05,0.5,1,0.5,1,5064.563153,5064.563153,5064.563153,0,0,1,0,7.87E-09,31757553.47
15375749.27,5064824.717,15378749.27,5064824.717,15378749.27,5061824.717,15375749.27,5061824.717,63515106.93,7.87E-09,7.87E-09,17583.13648,4044.066805,4747.501435,0,0,0,2.433804361,0.60845109,,0.000138417,,0.000138417,0.5,2,0.5,2,4395.78412,4044.066805,4747.501435,0,0,1,0,7.87E-09,31757553.47
15375749.27,5061824.717,15378749.27,5061824.717,15378749.27,5058824.717,15375749.27,5058824.717,63515106.93,7.87E-09,7.87E-09,21138.11837,1806.504017,8762.555167,0,0,0,3.517431283,0.879357821,,0.000166402,,0.000166402,0.5,2,0.5,2,5284.529592,1806.504017,8762.555167,0,0,1,0,7.87E-09,31757553.47
15375749.27,5058824.717,15378749.27,5058824.717,15378749.27,5055824.717,15375749.27,5055824.717,63515106.93,5.51E-08,2.36E-08,6148.464844,637.666577,8073.098326,1.714285714,2.666666667,3.15E-08,2.083168496,1.822772434,,0.000338811,,0.000338811,3.5,6,1.5,4,5379.906739,1338.734187,8073.098326,0.571428571,1.333333333,6.333333333,2,6.000000008,31757555.47
15375749.27,5055824.717,15378749.27,5055824.717,15378749.27,5052824.717,15375749.27,5052824.717,63515106.93,4.72E-08,1.57E-08,5940.35062,637.666577,4695.644494,2,4,3.15E-08,1.666742002,1.666742002,,0.00028058,,0.00028058,3,5,1,3,5940.35062,4145.699402,8979.707965,0.666666667,2,6,2,6,2
15375749.27,5052824.717,15378749.27,5052824.717,15378749.27,5049824.717,15375749.27,5049824.717,63515106.93,4.72E-08,1.57E-08,6808.510843,637.666577,6148.682767,2,4,3.15E-08,2.18951784,1.64213838,,0.000321585,,0.000321585,3,6,1,4,5106.383133,2177.039855,7567.503695,0.666666667,2,6,2,6,2
15375749.27,5049824.717,15378749.27,5049824.717,15378749.27,5046824.717,15375749.27,5046824.717,63515106.93,7.87E-09,7.87E-09,25499.21651,5386.953037,7362.655219,0,0,0,5.118546391,1.279636598,,0.000200733,,0.000200733,0.5,2,0.5,2,6374.804128,5386.953037,7362.655219,0,0,1,0,7.87E-09,31757553.47
15375749.27,5046824.717,15378749.27,5046824.717,15378749.27,5043824.717,15375749.27,5043824.717,63515106.93,1.57E-08,1.57E-08,11043.21737,5376.621715,5666.595657,0,0,0,1.920057382,0.960028691,,0.000173868,,0.000173868,1,2,1,2,5521.608686,5376.621715,5666.595657,0,0,1,0,1.57E-08,63515106.93
15375749.27,5043824.717,15378749.27,5043824.717,15378749.27,5040824.717,15375749.27,5040824.717,63515106.93,1.57E-08,1.57E-08,7278.169506,2826.64863,4451.520876,0,0,0,0.834002396,0.417001198,,0.00011459,,0.00011459,1,2,1,2,3639.084753,2826.64863,4451.520876,0,0,1,0,1.57E-08,63515106.93
15375749.27,5040824.717,15378749.27,5040824.717,15378749.27,5037824.717,15375749.27,5037824.717,63515106.93,1.57E-08,1.57E-08,3515.105282,1317.156601,2197.948681,0,0,0,0.194535847,0.097267924,,5.53E-05,,5.53E-05,1,2,1,2,1757.552641,1317.156601,2197.948681,0,0,1,0,1.57E-08,63515106.93
15375749.27,5037824.717,15378749.27,5037824.717,15378749.27,5034824.717,15375749.27,5034824.717,63515106.93,7.87E-09,7.87E-09,4746.852815,2373.426407,2373.426407,0,0,0,0.177379939,0.08868997,,3.74E-05,,3.74E-05,0.5,1,0.5,1,2373.426407,2373.426407,2373.426407,0,0,1,0,7.87E-09,31757553.47
15375749.27,5034824.717,15378749.27,5034824.717,15378749.27,5031824.717,15375749.27,5031824.717,63515106.93,7.87E-09,7.87E-09,11068.26168,1144.941415,4389.189425,0,0,0,0.964388021,0.241097005,,8.71E-05,,8.71E-05,0.5,2,0.5,2,2767.06542,1144.941415,4389.189425,0,0,1,0,7.87E-09,31757553.47
15375749.27,5031824.717,15378749.27,5031824.717,15378749.27,5028824.717,15375749.27,5028824.717,63515106.93,1.57E-08,1.57E-08,12131.94483,986.364063,8784.414218,0,0,0,2.317308315,0.772436105,,0.000191009,,0.000191009,1,3,1,3,4043.981611,986.364063,8784.414218,0,0,1,0,1.57E-08,63515106.93
15375749.27,5028824.717,15378749.27,5028824.717,15378749.27,5025824.717,15375749.27,5025824.717,63515106.93,1.57E-08,1.57E-08,15571.64321,2112.175482,8139.959673,0,0,0,3.817612596,1.272537532,,0.000245164,,0.000245164,1,3,1,3,5190.547737,2112.175482,8139.959673,0,0,1,0,1.57E-08,63515106.93
15375749.27,5025824.717,15378749.27,5025824.717,15378749.27,5022824.717,15375749.27,5022824.717,63515106.93,7.87E-09,7.87E-09,15965.03954,7982.519771,7982.519771,0,0,0,2.006471373,1.003235686,,0.000125679,,0.000125679,0.5,1,0.5,1,7982.519771,7982.519771,7982.519771,0,0,1,0,7.87E-09,31757553.47
15375749.27,5022824.717,15378749.27,5022824.717,15378749.27,5019824.717,15375749.27,5019824.717,63515106.93,7.87E-09,7.87E-09,29763.30974,7265.668013,7615.986856,0,0,0,6.973574078,1.743393519,,0.000234301,,0.000234301,0.5,2,0.5,2,7440.827434,7265.668013,7615.986856,0,0,1,0,7.87E-09,31757553.47
15375749.27,5019824.717,15378749.27,5019824.717,15378749.27,5016824.717,15375749.27,5016824.717,63515106.93,7.87E-09,7.87E-09,26001.61972,4014.650555,8986.159307,0,0,0,5.322231678,1.330557919,,0.000204688,,0.000204688,0.5,2,0.5,2,6500.404931,4014.650555,8986.159307,0,0,1,0,7.87E-09,31757553.47
15375749.27,5016824.717,15378749.27,5016824.717,15378749.27,5013824.717,15375749.27,5013824.717,63515106.93,0,0,0,6338.245338,6338.245338,0,0,0,0,0.632500769,,9.98E-05,,9.98E-05,0,1,0,1,6338.245338,6338.245338,6338.245338,0,0,0,0,0,0
15375749.27,5013824.717,15378749.27,5013824.717,15378749.27,5010824.717,15375749.27,5010824.717,63515106.93,0,0,0,4615.190657,4615.190657,0,0,0,0,0.335353049,,7.27E-05,,7.27E-05,0,1,0,1,4615.190657,4615.190657,4615.190657,0,0,0,0,0,0
15375749.27,5010824.717,15378749.27,5010824.717,15378749.27,5007824.717,15375749.27,5007824.717,63515106.93,0,0,0,8708.799289,8708.799289,0,0,0,0,1.194096786,,0.000137114,,0.000137114,0,1,0,1,8708.799289,8708.799289,8708.799289,0,0,0,0,0,0
15375749.27,5007824.717,15378749.27,5007824.717,15378749.27,5004824.717,15375749.27,5004824.717,63515106.93,0,0,0,8411.741335,8411.741335,0,0,0,0,1.114024611,,0.000132437,,0.000132437,0,1,0,1,8411.741335,8411.741335,8411.741335,0,0,0,0,0,0
15375749.27,5004824.717,15378749.27,5004824.717,15378749.27,5001824.717,15375749.27,5001824.717,63515106.93,0,0,0,3275.25613,3275.25613,0,0,0,0,0.168893721,,5.16E-05,,5.16E-05,0,1,0,1,3275.25613,3275.25613,3275.25613,0,0,0,0,0,0
15375749.27,5001824.717,15378749.27,5001824.717,15378749.27,4998824.717,15375749.27,4998824.717,63515106.93,0,0,0,0,0,0,0,0,0,0,,0,,0,0,0,0,0,0,0,0,0,0,0,0,0,0
15375749.27,4998824.717,15378749.27,4998824.717,15378749.27,4995824.717,15375749.27,4995824.717,63515106.93,0,0,0,0,0,0,0,0,0,0,,0,,0,0,0,0,0,0,0,0,0,0,0,0,0,0
15375749.27,4995824.717,15378749.27,4995824.717,15378749.27,4992824.717,15375749.27,4992824.717,63515106.93,0,0,0,6865.840858,6865.840858,0,0,0,0,0.742182025,,0.000108098,,0.000108098,0,1,0,1,6865.840858,6865.840858,6865.840858,0,0,0,0,0,0
15375749.27,4992824.717,15378749.27,4992824.717,15378749.27,4989824.717,15375749.27,4989824.717,63515106.93,0,0,0,8982.13267,8982.13267,0,0,0,0,1.27022863,,0.000141417,,0.000141417,0,1,0,1,8982.13267,8982.13267,8982.13267,0,0,0,0,0,0
15375749.27,4989824.717,15378749.27,4989824.717,15378749.27,4986824.717,15375749.27,4986824.717,63515106.93,0,0,0,7862.409995,7862.409995,0,0,0,0,0.973272248,,0.000123788,,0.000123788,0,1,0,1,7862.409995,7862.409995,7862.409995,0,0,0,0,0,0
15375749.27,4986824.717,15378749.27,4986824.717,15378749.27,4983824.717,15375749.27,4983824.717,63515106.93,0,0,0,0,0,0,0,0,0,0,,0,,0,0,0,0,0,0,0,0,0,0,0,0,0,0
15375749.27,4983824.717,15378749.27,4983824.717,15378749.27,4980824.717,15375749.27,4980824.717,63515106.93,0,0,0,0,0,0,0,0,0,0,,0,,0,0,0,0,0,0,0,0,0,0,0,0,0,0
15375749.27,4980824.717,15378749.27,4980824.717,15378749.27,4977824.717,15375749.27,4977824.717,63515106.93,0,0,0,0,0,0,0,0,0,0,,0,,0,0,0,0,0,0,0,0,0,0,0,0,0,0
15375749.27,4977824.717,15378749.27,4977824.717,15378749.27,4974824.717,15375749.27,4974824.717,63515106.93,0,0,0,835.7412497,835.7412497,0,0,0,0,0.010996808,,1.32E-05,,1.32E-05,0,1,0,1,835.7412497,835.7412497,835.7412497,0,0,0,0,0,0
15375749.27,4974824.717,15378749.27,4974824.717,15378749.27,4971824.717,15375749.27,4971824.717,63515106.93,7.87E-09,7.87E-09,15481.80146,7740.900729,7740.900729,0,0,0,1.886843839,0.943421919,,0.000121875,,0.000121875,0.5,1,0.5,1,7740.900729,7740.900729,7740.900729,0,0,1,0,7.87E-09,31757553.47
15375749.27,4971824.717,15378749.27,4971824.717,15378749.27,4968824.717,15375749.27,4968824.717,63515106.93,7.87E-09,7.87E-09,12679.27652,6339.63826,6339.63826,0,0,0,1.265557604,0.632778802,,9.98E-05,,9.98E-05,0.5,1,0.5,1,6339.63826,6339.63826,6339.63826,0,0,1,0,7.87E-09,31757553.47
15375749.27,4968824.717,15378749.27,4968824.717,15378749.27,4965824.717,15375749.27,4965824.717,63515106.93,7.87E-09,7.87E-09,7377.339703,3688.669852,3688.669852,0,0,0,0.42844249,0.214221245,,5.81E-05,,5.81E-05,0.5,1,0.5,1,3688.669852,3688.669852,3688.669852,0,0,1,0,7.87E-09,31757553.47
15375749.27,4965824.717,15378749.27,4965824.717,15378749.27,4962824.717,15375749.27,4962824.717,63515106.93,0,0,0,0,0,0,0,0,0,0,,0,,0,0,0,0,0,0,0,0,0,0,0,0,0,0
15375749.27,4962824.717,15378749.27,4962824.717,15378749.27,4959824.717,15375749.27,4959824.717,63515106.93,0,0,0,0,0,0,0,0,0,0,,0,,0,0,0,0,0,0,0,0,0,0,0,0,0,0
15375749.27,4959824.717,15378749.27,4959824.717,15378749.27,4956824.717,15375749.27,4956824.717,63515106.93,0,0,0,5395.943997,5395.943997,0,0,0,0,0.458413959,,8.50E-05,,8.50E-05,0,1,0,1,5395.943997,5395.943997,5395.943997,0,0,0,0,0,0
15375749.27,4956824.717,15378749.27,4956824.717,15378749.27,4953824.717,15375749.27,4953824.717,63515106.93,0,0,0,8472.951217,8472.951217,0,0,0,0,1.130296488,,0.000133401,,0.000133401,0,1,0,1,8472.951217,8472.951217,8472.951217,0,0,0,0,0,0
15375749.27,4953824.717,15378749.27,4953824.717,15378749.27,4950824.717,15375749.27,4950824.717,63515106.93,0,0,0,8923.484571,8923.484571,0,0,0,0,1.253695077,,0.000140494,,0.000140494,0,1,0,1,8923.484571,8923.484571,8923.484571,0,0,0,0,0,0
15375749.27,4950824.717,15378749.27,4950824.717,15378749.27,4947824.717,15375749.27,4947824.717,63515106.93,0,0,0,7255.232727,7255.232727,0,0,0,0,0.828754047,,0.000114228,,0.000114228,0,1,0,1,7255.232727,7255.232727,7255.232727,0,0,0,0,0,0
15375749.27,4947824.717,15378749.27,4947824.717,15378749.27,4944824.717,15375749.27,4944824.717,63515106.93,0,0,0,0,0,0,0,0,0,0,,0,,0,0,0,0,0,0,0,0,0,0,0,0,0,0
15375749.27,4944824.717,15378749.27,4944824.717,15378749.27,4941824.717,15375749.27,4941824.717,63515106.93,0,0,0,0,0,0,0,0,0,0,,0,,0,0,0,0,0,0,0,0,0,0,0,0,0,0
15378749.27,5124824.717,15381749.27,5124824.717,15381749.27,5121824.717,15378749.27,5121824.717,63515106.93,0,0,0,0,0,0,0,0,0,0,,0,,0,0,0,0,0,0,0,0,0,0,0,0,0,0
15378749.27,5121824.717,15381749.27,5121824.717,15381749.27,5118824.717,15378749.27,5118824.717,63515106.93,0,0,0,0,0,0,0,0,0,0,,0,,0,0,0,0,0,0,0,0,0,0,0,0,0,0
15378749.27,5118824.717,15381749.27,5118824.717,15381749.27,5115824.717,15378749.27,5115824.717,63515106.93,0,0,0,0,0,0,0,0,0,0,,0,,0,0,0,0,0,0,0,0,0,0,0,0,0,0
15378749.27,5115824.717,15381749.27,5115824.717,15381749.27,5112824.717,15378749.27,5112824.717,63515106.93,0,0,0,0,0,0,0,0,0,0,,0,,0,0,0,0,0,0,0,0,0,0,0,0,0,0
15378749.27,5112824.717,15381749.27,5112824.717,15381749.27,5109824.717,15378749.27,5109824.717,63515106.93,0,0,0,0,0,0,0,0,0,0,,0,,0,0,0,0,0,0,0,0,0,0,0,0,0,0
15378749.27,5109824.717,15381749.27,5109824.717,15381749.27,5106824.717,15378749.27,5106824.717,63515106.93,0,0,0,0,0,0,0,0,0,0,,0,,0,0,0,0,0,0,0,0,0,0,0,0,0,0
15378749.27,5106824.717,15381749.27,5106824.717,15381749.27,5103824.717,15378749.27,5103824.717,63515106.93,0,0,0,0,0,0,0,0,0,0,,0,,0,0,0,0,0,0,0,0,0,0,0,0,0,0
15378749.27,5103824.717,15381749.27,5103824.717,15381749.27,5100824.717,15378749.27,5100824.717,63515106.93,0,0,0,0,0,0,0,0,0,0,,0,,0,0,0,0,0,0,0,0,0,0,0,0,0,0
15378749.27,5100824.717,15381749.27,5100824.717,15381749.27,5097824.717,15378749.27,5097824.717,63515106.93,0,0,0,0,0,0,0,0,0,0,,0,,0,0,0,0,0,0,0,0,0,0,0,0,0,0
15378749.27,5097824.717,15381749.27,5097824.717,15381749.27,5094824.717,15378749.27,5094824.717,63515106.93,0,0,0,6532.038542,6532.038542,0,0,0,0,0.67176975,,0.000102842,,0.000102842,0,1,0,1,6532.038542,6532.038542,6532.038542,0,0,0,0,0,0
15378749.27,5094824.717,15381749.27,5094824.717,15381749.27,5091824.717,15378749.27,5091824.717,63515106.93,0,0,0,8391.707932,8391.707932,0,0,0,0,1.108724608,,0.000132121,,0.000132121,0,1,0,1,8391.707932,8391.707932,8391.707932,0,0,0,0,0,0
15378749.27,5091824.717,15381749.27,5091824.717,15381749.27,5088824.717,15378749.27,5088824.717,63515106.93,0,0,0,9057.419401,9057.419401,0,0,0,0,1.291611558,,0.000142603,,0.000142603,0,1,0,1,9057.419401,9057.419401,9057.419401,0,0,0,0,0,0
15378749.27,5088824.717,15381749.27,5088824.717,15381749.27,5085824.717,15378749.27,5085824.717,63515106.93,7.87E-09,7.87E-09,18432.33633,209.2428764,9006.925291,0,0,0,2.674568612,0.668642153,,0.000145102,,0.000145102,0.5,2,0.5,2,4608.084084,209.2428764,9006.925291,0,0,1,0,7.87E-09,31757553.47
15378749.27,5085824.717,15381749.27,5085824.717,15381749.27,5082824.717,15378749.27,5082824.717,63515106.93,7.87E-09,7.87E-09,18906.99514,746.6659243,8706.831645,0,0,0,2.814090084,0.703522521,,0.000148839,,0.000148839,0.5,2,0.5,2,4726.748785,746.6659243,8706.831645,0,0,1,0,7.87E-09,31757553.47
15378749.27,5082824.717,15381749.27,5082824.717,15381749.27,5079824.717,15378749.27,5079824.717,63515106.93,7.87E-09,7.87E-09,27314.29504,5403.41331,8253.734208,0,0,0,5.873175291,1.468293823,,0.000215022,,0.000215022,0.5,2,0.5,2,6828.573759,5403.41331,8253.734208,0,0,1,0,7.87E-09,31757553.47
15378749.27,5079824.717,15381749.27,5079824.717,15381749.27,5076824.717,15378749.27,5076824.717,63515106.93,7.87E-09,7.87E-09,26185.66044,5781.566252,7311.263968,0,0,0,5.397840339,1.349460085,,0.000206137,,0.000206137,0.5,2,0.5,2,6546.41511,5781.566252,7311.263968,0,0,1,0,7.87E-09,31757553.47
15378749.27,5076824.717,15381749.27,5076824.717,15381749.27,5073824.717,15378749.27,5073824.717,63515106.93,1.57E-08,1.57E-08,15021.07524,4127.875655,5794.409415,0,0,0,3.552425748,1.184141916,,0.000236496,,0.000236496,1,3,1,3,5007.025079,4127.875655,5794.409415,0,0,1,0,1.57E-08,63515106.93
15378749.27,5073824.717,15381749.27,5073824.717,15381749.27,5070824.717,15378749.27,5070824.717,63515106.93,7.87E-09,7.87E-09,9104.201326,4552.100663,4552.100663,0,0,0,0.652494232,0.326247116,,7.17E-05,,7.17E-05,0.5,1,0.5,1,4552.100663,4552.100663,4552.100663,0,0,1,0,7.87E-09,31757553.47
15378749.27,5070824.717,15381749.27,5070824.717,15381749.27,5067824.717,15378749.27,5067824.717,63515106.93,1.57E-08,1.57E-08,7190.521775,1914.946411,5275.575364,0,0,0,0.814036312,0.407018156,,0.00011321,,0.00011321,1,2,1,2,3595.260887,1914.946411,5275.575364,0,0,1,0,1.57E-08,63515106.93
15378749.27,5067824.717,15381749.27,5067824.717,15381749.27,5064824.717,15378749.27,5064824.717,63515106.93,7.87E-09,7.87E-09,15726.52161,7863.260804,7863.260804,0,0,0,1.9469658,0.9734829,,0.000123801,,0.000123801,0.5,1,0.5,1,7863.260804,7863.260804,7863.260804,0,0,1,0,7.87E-09,31757553.47
15378749.27,5064824.717,15381749.27,5064824.717,15381749.27,5061824.717,15378749.27,5061824.717,63515106.93,0,0,0,3399.780089,7847.907077,0,0,0,0,0.995908475,,0.000177087,,0.000177087,0,2,0,2,5623.843583,3399.780089,7847.907077,0,0,0,0,0,0
15378749.27,5061824.717,15381749.27,5061824.717,15381749.27,5058824.717,15378749.27,5058824.717,63515106.93,1.57E-08,1.57E-08,13010.56977,1618.021937,8687.518807,0,0,0,2.665112821,0.88837094,,0.000204842,,0.000204842,1,3,1,3,4336.856591,1618.021937,8687.518807,0,0,1,0,1.57E-08,63515106.93
15378749.27,5058824.717,15381749.27,5058824.717,15381749.27,5055824.717,15378749.27,5055824.717,63515106.93,3.94E-08,2.36E-08,6597.869617,261.1128551,8211.766015,1.2,1.333333333,1.57E-08,1.713446044,1.070903778,,0.000259697,,0.000259697,2.5,5,1.5,4,4123.668511,411.2912945,8211.766015,0.4,0.666666667,3.666666667,1,3.000000016,63515107.93
15378749.27,5055824.717,15381749.27,5055824.717,15381749.27,5052824.717,15378749.27,5052824.717,63515106.93,1.02E-07,3.94E-08,3351.27511,637.666577,5440.894222,1.846153846,3.2,6.30E-08,1.149361075,1.494169398,,0.000342962,,0.000342962,6.5,9,2.5,5,4356.657643,1701.82653,8479.29232,0.615384615,1.6,12.2,4,12.00000001,31757557.47
15378749.27,5052824.717,15381749.27,5052824.717,15381749.27,5049824.717,15378749.27,5049824.717,63515106.93,9.45E-08,3.15E-08,3965.613059,245.3566834,5602.912528,2,4,6.30E-08,1.485576049,1.485576049,,0.000374614,,0.000374614,6,10,2,6,3965.613059,2054.728759,8631.908967,0.666666667,2,12,4,12,4
15378749.27,5049824.717,15381749.27,5049824.717,15381749.27,5046824.717,15378749.27,5046824.717,63515106.93,4.72E-08,1.57E-08,6940.455027,539.1250557,8385.461551,2,4,3.15E-08,2.275202781,1.706402086,,0.000327818,,0.000327818,3,6,1,4,5205.34127,539.1250557,8385.461551,0.666666667,2,6,2,6,2
15378749.27,5046824.717,15381749.27,5046824.717,15381749.27,5043824.717,15378749.27,5043824.717,63515106.93,1.57E-08,1.57E-08,15479.62282,6677.449284,8802.173536,0,0,0,3.772625667,1.886312834,,0.000243716,,0.000243716,1,2,1,2,7739.81141,6677.449284,8802.173536,0,0,1,0,1.57E-08,63515106.93
15378749.27,5043824.717,15381749.27,5043824.717,15381749.27,5040824.717,15378749.27,5040824.717,63515106.93,1.57E-08,1.57E-08,9332.76583,2974.727671,6358.038159,0,0,0,1.371335455,0.685667727,,0.000146938,,0.000146938,1,2,1,2,4666.382915,2974.727671,6358.038159,0,0,1,0,1.57E-08,63515106.93
15378749.27,5040824.717,15381749.27,5040824.717,15381749.27,5037824.717,15378749.27,5037824.717,63515106.93,7.87E-09,7.87E-09,5805.034951,2902.517476,2902.517476,0,0,0,0.265278864,0.132639432,,4.57E-05,,4.57E-05,0.5,1,0.5,1,2902.517476,2902.517476,2902.517476,0,0,1,0,7.87E-09,31757553.47
15378749.27,5037824.717,15381749.27,5037824.717,15381749.27,5034824.717,15378749.27,5034824.717,63515106.93,0,0,0,0,0,0,0,0,0,0,,0,,0,0,0,0,0,0,0,0,0,0,0,0,0,0
15378749.27,5034824.717,15381749.27,5034824.717,15381749.27,5031824.717,15378749.27,5031824.717,63515106.93,7.87E-09,7.87E-09,13316.60171,170.4613769,6487.839476,0,0,0,1.395981913,0.348995478,,0.00010483,,0.00010483,0.5,2,0.5,2,3329.150426,170.4613769,6487.839476,0,0,1,0,7.87E-09,31757553.47
15378749.27,5031824.717,15381749.27,5031824.717,15381749.27,5028824.717,15378749.27,5028824.717,63515106.93,1.57E-08,1.57E-08,13201.87699,1094.095678,8986.970835,0,0,0,2.744064591,0.914688197,,0.000207854,,0.000207854,1,3,1,3,4400.625662,1094.095678,8986.970835,0,0,1,0,1.57E-08,63515106.93
15378749.27,5028824.717,15381749.27,5028824.717,15381749.27,5025824.717,15378749.27,5025824.717,63515106.93,1.57E-08,1.57E-08,18117.57846,5343.522937,7204.34293,0,0,0,5.168009081,1.722669694,,0.000285248,,0.000285248,1,3,1,3,6039.192822,5343.522937,7204.34293,0,0,1,0,1.57E-08,63515106.93
15378749.27,5025824.717,15381749.27,5025824.717,15381749.27,5022824.717,15378749.27,5022824.717,63515106.93,0,0,0,7176.781538,8351.935556,0,0,0,0,1.898296848,,0.000244489,,0.000244489,0,2,0,2,7764.358547,7176.781538,8351.935556,0,0,0,0,0,0
15378749.27,5022824.717,15381749.27,5022824.717,15381749.27,5019824.717,15378749.27,5019824.717,63515106.93,7.87E-09,7.87E-09,32323.14385,3249.566921,6952.419935,0,0,0,8.224701798,1.370783633,,0.000254452,,0.000254452,0.5,3,0.5,3,5387.190642,3249.566921,6952.419935,0,0,1,0,7.87E-09,31757553.47
15378749.27,5019824.717,15381749.27,5019824.717,15381749.27,5016824.717,15378749.27,5016824.717,63515106.93,3.15E-08,1.57E-08,6636.403532,47.96407603,8949.043369,1.5,2,1.57E-08,1.38681501,0.92454334,,0.000208971,,0.000208971,2,4,1,3,4424.269021,67.44127658,8997.007429,0.5,1,3.5,1,3.000000008,31757554.47
15378749.27,5016824.717,15381749.27,5016824.717,15381749.27,5013824.717,15378749.27,5013824.717,63515106.93,7.87E-09,7.87E-09,16804.89455,1038.223361,7364.223874,0,0,0,2.223128437,0.555782109,,0.000132291,,0.000132291,0.5,2,0.5,2,4201.223638,1038.223361,7364.223914,0,0,1,0,7.87E-09,31757553.47
15378749.27,5013824.717,15381749.27,5013824.717,15381749.27,5010824.717,15378749.27,5010824.717,63515106.93,0,0,0,0,0,0,0,0,0,0,,0,,0,0,0,0,0,0,0,0,0,0,0,0,0,0
15378749.27,5010824.717,15381749.27,5010824.717,15381749.27,5007824.717,15378749.27,5007824.717,63515106.93,0,0,0,7681.01626,7681.01626,0,0,0,0,0.928881547,,0.000120932,,0.000120932,0,1,0,1,7681.01626,7681.01626,7681.01626,0,0,0,0,0,0
15378749.27,5007824.717,15381749.27,5007824.717,15381749.27,5004824.717,15378749.27,5004824.717,63515106.93,0,0,0,8974.822528,8974.822528,0,0,0,0,1.268161911,,0.000141302,,0.000141302,0,1,0,1,8974.822528,8974.822528,8974.822528,0,0,0,0,0,0
15378749.27,5004824.717,15381749.27,5004824.717,15381749.27,5001824.717,15378749.27,5001824.717,63515106.93,0,0,0,6463.320293,6463.320293,0,0,0,0,0.657709815,,0.00010176,,0.00010176,0,1,0,1,6463.320293,6463.320293,6463.320293,0,0,0,0,0,0
15378749.27,5001824.717,15381749.27,5001824.717,15381749.27,4998824.717,15378749.27,4998824.717,63515106.93,0,0,0,0,0,0,0,0,0,0,,0,,0,0,0,0,0,0,0,0,0,0,0,0,0,0
15378749.27,4998824.717,15381749.27,4998824.717,15381749.27,4995824.717,15378749.27,4995824.717,63515106.93,0,0,0,0,0,0,0,0,0,0,,0,,0,0,0,0,0,0,0,0,0,0,0,0,0,0
15378749.27,4995824.717,15381749.27,4995824.717,15381749.27,4992824.717,15378749.27,4992824.717,63515106.93,0,0,0,0,0,0,0,0,0,0,,0,,0,0,0,0,0,0,0,0,0,0,0,0,0,0
15378749.27,4992824.717,15381749.27,4992824.717,15381749.27,4989824.717,15378749.27,4989824.717,63515106.93,0,0,0,8137.97409,8137.97409,0,0,0,0,1.042690873,,0.000128127,,0.000128127,0,1,0,1,8137.97409,8137.97409,8137.97409,0,0,0,0,0,0
15378749.27,4989824.717,15381749.27,4989824.717,15381749.27,4986824.717,15378749.27,4986824.717,63515106.93,0,0,0,8919.207538,8919.207538,0,0,0,0,1.252493571,,0.000140427,,0.000140427,0,1,0,1,8919.207538,8919.207538,8919.207538,0,0,0,0,0,0
15378749.27,4986824.717,15381749.27,4986824.717,15381749.27,4983824.717,15378749.27,4983824.717,63515106.93,0,0,0,6463.140525,6463.140525,0,0,0,0,0.657673229,,0.000101758,,0.000101758,0,1,0,1,6463.140525,6463.140525,6463.140525,0,0,0,0,0,0
15378749.27,4983824.717,15381749.27,4983824.717,15381749.27,4980824.717,15378749.27,4980824.717,63515106.93,0,0,0,0,0,0,0,0,0,0,,0,,0,0,0,0,0,0,0,0,0,0,0,0,0,0
15378749.27,4980824.717,15381749.27,4980824.717,15381749.27,4977824.717,15378749.27,4977824.717,63515106.93,0,0,0,0,0,0,0,0,0,0,,0,,0,0,0,0,0,0,0,0,0,0,0,0,0,0
15378749.27,4977824.717,15381749.27,4977824.717,15381749.27,4974824.717,15378749.27,4974824.717,63515106.93,0,0,0,0,0,0,0,0,0,0,,0,,0,0,0,0,0,0,0,0,0,0,0,0,0,0
15378749.27,4974824.717,15381749.27,4974824.717,15381749.27,4971824.717,15378749.27,4971824.717,63515106.93,7.87E-09,7.87E-09,6786.606706,3393.303353,3393.303353,0,0,0,0.3625754,0.1812877,,5.34E-05,,5.34E-05,0.5,1,0.5,1,3393.303353,3393.303353,3393.303353,0,0,1,0,7.87E-09,31757553.47
15378749.27,4971824.717,15381749.27,4971824.717,15381749.27,4968824.717,15378749.27,4968824.717,63515106.93,7.87E-09,7.87E-09,7366.06544,3683.03272,3683.03272,0,0,0,0.427133974,0.213566987,,5.80E-05,,5.80E-05,0.5,1,0.5,1,3683.03272,3683.03272,3683.03272,0,0,1,0,7.87E-09,31757553.47
15378749.27,4968824.717,15381749.27,4968824.717,15381749.27,4965824.717,15378749.27,4965824.717,63515106.93,7.87E-09,7.87E-09,4157.659141,2078.829571,2078.829571,0,0,0,0.136078882,0.068039441,,3.27E-05,,3.27E-05,0.5,1,0.5,1,2078.829571,2078.829571,2078.829571,0,0,1,0,7.87E-09,31757553.47
15378749.27,4965824.717,15381749.27,4965824.717,15381749.27,4962824.717,15378749.27,4962824.717,63515106.93,0,0,0,0,0,0,0,0,0,0,,0,,0,0,0,0,0,0,0,0,0,0,0,0,0,0
15378749.27,4962824.717,15381749.27,4962824.717,15381749.27,4959824.717,15378749.27,4959824.717,63515106.93,0,0,0,0,0,0,0,0,0,0,,0,,0,0,0,0,0,0,0,0,0,0,0,0,0,0
15378749.27,4959824.717,15381749.27,4959824.717,15381749.27,4956824.717,15378749.27,4956824.717,63515106.93,0,0,0,0,0,0,0,0,0,0,,0,,0,0,0,0,0,0,0,0,0,0,0,0,0,0
15378749.27,4956824.717,15381749.27,4956824.717,15381749.27,4953824.717,15378749.27,4953824.717,63515106.93,0,0,0,5291.237689,5291.237689,0,0,0,0,0.440795862,,8.33E-05,,8.33E-05,0,1,0,1,5291.237689,5291.237689,5291.237689,0,0,0,0,0,0
15378749.27,4953824.717,15381749.27,4953824.717,15381749.27,4950824.717,15378749.27,4950824.717,63515106.93,0,0,0,8410.924056,8410.924056,0,0,0,0,1.113808146,,0.000132424,,0.000132424,0,1,0,1,8410.924056,8410.924056,8410.924056,0,0,0,0,0,0
15378749.27,4950824.717,15381749.27,4950824.717,15381749.27,4947824.717,15378749.27,4947824.717,63515106.93,7.87E-09,7.87E-09,13718.7871,6859.393548,6859.393548,0,0,0,1.4815776,0.7407888,,0.000107996,,0.000107996,0.5,1,0.5,1,6859.393548,6859.393548,6859.393548,0,0,1,0,7.87E-09,31757553.47
15378749.27,4947824.717,15381749.27,4947824.717,15381749.27,4944824.717,15378749.27,4944824.717,63515106.93,7.87E-09,7.87E-09,7791.180133,3895.590067,3895.590067,0,0,0,0.477858661,0.23892933,,6.13E-05,,6.13E-05,0.5,1,0.5,1,3895.590067,3895.590067,3895.590067,0,0,1,0,7.87E-09,31757553.47
15378749.27,4944824.717,15381749.27,4944824.717,15381749.27,4941824.717,15378749.27,4941824.717,63515106.93,0,0,0,0,0,0,0,0,0,0,,0,,0,0,0,0,0,0,0,0,0,0,0,0,0,0
15381749.27,5124824.717,15384749.27,5124824.717,15384749.27,5121824.717,15381749.27,5121824.717,63515106.93,0,0,0,0,0,0,0,0,0,0,,0,,0,0,0,0,0,0,0,0,0,0,0,0,0,0
15381749.27,5121824.717,15384749.27,5121824.717,15384749.27,5118824.717,15381749.27,5118824.717,63515106.93,0,0,0,0,0,0,0,0,0,0,,0,,0,0,0,0,0,0,0,0,0,0,0,0,0,0
15381749.27,5118824.717,15384749.27,5118824.717,15384749.27,5115824.717,15381749.27,5115824.717,63515106.93,0,0,0,0,0,0,0,0,0,0,,0,,0,0,0,0,0,0,0,0,0,0,0,0,0,0
15381749.27,5115824.717,15384749.27,5115824.717,15384749.27,5112824.717,15381749.27,5112824.717,63515106.93,0,0,0,0,0,0,0,0,0,0,,0,,0,0,0,0,0,0,0,0,0,0,0,0,0,0
15381749.27,5112824.717,15384749.27,5112824.717,15384749.27,5109824.717,15381749.27,5109824.717,63515106.93,0,0,0,0,0,0,0,0,0,0,,0,,0,0,0,0,0,0,0,0,0,0,0,0,0,0
15381749.27,5109824.717,15384749.27,5109824.717,15384749.27,5106824.717,15381749.27,5106824.717,63515106.93,0,0,0,0,0,0,0,0,0,0,,0,,0,0,0,0,0,0,0,0,0,0,0,0,0,0
15381749.27,5106824.717,15384749.27,5106824.717,15384749.27,5103824.717,15381749.27,5103824.717,63515106.93,0,0,0,0,0,0,0,0,0,0,,0,,0,0,0,0,0,0,0,0,0,0,0,0,0,0
15381749.27,5103824.717,15384749.27,5103824.717,15384749.27,5100824.717,15381749.27,5100824.717,63515106.93,0,0,0,1940.661025,1940.661025,0,0,0,0,0.059295582,,3.06E-05,,3.06E-05,0,1,0,1,1940.661025,1940.661025,1940.661025,0,0,0,0,0,0
15381749.27,5100824.717,15384749.27,5100824.717,15384749.27,5097824.717,15381749.27,5097824.717,63515106.93,0,0,0,7549.418158,7549.418158,0,0,0,0,0.897325334,,0.00011886,,0.00011886,0,1,0,1,7549.418158,7549.418158,7549.418158,0,0,0,0,0,0
15381749.27,5097824.717,15384749.27,5097824.717,15384749.27,5094824.717,15381749.27,5094824.717,63515106.93,0,0,0,8909.934407,8909.934407,0,0,0,0,1.249890537,,0.000140281,,0.000140281,0,1,0,1,8909.934407,8909.934407,8909.934407,0,0,0,0,0,0
15381749.27,5094824.717,15384749.27,5094824.717,15384749.27,5091824.717,15381749.27,5091824.717,63515106.93,0,0,0,8975.323864,8975.323864,0,0,0,0,1.268303595,,0.00014131,,0.00014131,0,1,0,1,8975.323864,8975.323864,8975.323864,0,0,0,0,0,0
15381749.27,5091824.717,15384749.27,5091824.717,15384749.27,5088824.717,15381749.27,5088824.717,63515106.93,0,0,0,7975.934777,7975.934777,0,0,0,0,1.001581177,,0.000125575,,0.000125575,0,1,0,1,7975.934777,7975.934777,7975.934777,0,0,0,0,0,0
15381749.27,5088824.717,15384749.27,5088824.717,15384749.27,5085824.717,15381749.27,5085824.717,63515106.93,7.87E-09,7.87E-09,16335.95005,2563.010266,5604.964757,0,0,0,2.100785756,0.525196439,,0.000128599,,0.000128599,0.5,2,0.5,2,4083.987511,2563.010266,5604.964757,0,0,1,0,7.87E-09,31757553.47
15381749.27,5085824.717,15384749.27,5085824.717,15384749.27,5082824.717,15381749.27,5082824.717,63515106.93,7.87E-09,7.87E-09,16552.31785,3984.820573,4291.338353,0,0,0,2.156803629,0.539200907,,0.000130302,,0.000130302,0.5,2,0.5,2,4138.079463,3984.820573,4291.338353,0,0,1,0,7.87E-09,31757553.47
15381749.27,5082824.717,15384749.27,5082824.717,15384749.27,5079824.717,15381749.27,5079824.717,63515106.93,7.87E-09,7.87E-09,25682.25079,4342.616491,8498.508904,0,0,0,5.192292334,1.298073083,,0.000202174,,0.000202174,0.5,2,0.5,2,6420.562698,4342.616491,8498.508904,0,0,1,0,7.87E-09,31757553.47
15381749.27,5079824.717,15384749.27,5079824.717,15384749.27,5076824.717,15381749.27,5076824.717,63515106.93,7.87E-09,7.87E-09,30321.52002,6603.746488,8557.013522,0,0,0,7.237605515,1.809401379,,0.000238695,,0.000238695,0.5,2,0.5,2,7580.380005,6603.746488,8557.013522,0,0,1,0,7.87E-09,31757553.47
15381749.27,5076824.717,15384749.27,5076824.717,15384749.27,5073824.717,15381749.27,5073824.717,63515106.93,7.87E-09,7.87E-09,32662.69099,1889.795779,8720.650903,0,0,0,8.398406571,1.399734429,,0.000257125,,0.000257125,0.5,3,0.5,3,5443.781832,1889.795779,8720.650903,0,0,1,0,7.87E-09,31757553.47
15381749.27,5073824.717,15384749.27,5073824.717,15384749.27,5070824.717,15381749.27,5070824.717,63515106.93,1.57E-08,1.57E-08,10305.9099,3798.764162,6507.145735,0,0,0,1.672228607,0.836114304,,0.000162259,,0.000162259,1,2,1,2,5152.954949,3798.764162,6507.145735,0,0,1,0,1.57E-08,63515106.93
15381749.27,5070824.717,15384749.27,5070824.717,15384749.27,5067824.717,15381749.27,5067824.717,63515106.93,2.36E-08,2.36E-08,3449.387865,239.6454307,2378.243745,0,0,0,0.280994803,0.105373051,,8.15E-05,,8.15E-05,1.5,4,1.5,4,1293.520449,239.6454307,2378.243745,0,0,1,0,2.36E-08,95272660.4
15381749.27,5067824.717,15384749.27,5067824.717,15384749.27,5064824.717,15381749.27,5064824.717,63515106.93,7.87E-09,7.87E-09,14869.04529,7434.522647,7434.522647,0,0,0,1.740440335,0.870220167,,0.000117051,,0.000117051,0.5,1,0.5,1,7434.522647,7434.522647,7434.522647,0,0,1,0,7.87E-09,31757553.47
15381749.27,5064824.717,15384749.27,5064824.717,15384749.27,5061824.717,15381749.27,5061824.717,63515106.93,1.57E-08,1.57E-08,14784.12526,2594.432287,6571.441458,0,0,0,3.441234224,1.147078075,,0.000232765,,0.000232765,1,3,1,3,4928.041753,2594.432287,6571.441458,0,0,1,0,1.57E-08,63515106.93
15381749.27,5061824.717,15384749.27,5061824.717,15384749.27,5058824.717,15381749.27,5058824.717,63515106.93,3.15E-08,3.15E-08,9110.936209,484.2310471,8600.885087,0,0,0,2.613839844,1.045535938,,0.00028689,,0.00028689,2,5,2,5,3644.374483,484.2310471,8600.885087,0,0,1,0,3.15E-08,127030213.9
15381749.27,5058824.717,15384749.27,5058824.717,15384749.27,5055824.717,15381749.27,5055824.717,63515106.93,2.36E-08,2.36E-08,12521.74065,2346.785762,8329.847449,0,0,0,3.702914074,1.388592778,,0.000295719,,0.000295719,1.5,4,1.5,4,4695.652744,2346.785762,8329.847449,0,0,1,0,2.36E-08,95272660.4
15381749.27,5055824.717,15384749.27,5055824.717,15384749.27,5052824.717,15381749.27,5052824.717,63515106.93,7.08E-08,3.94E-08,4184.167633,58.52011563,6526.936803,1.333333333,1.6,3.15E-08,1.240376791,1.116339112,,0.000296445,,0.000296445,4.5,7,2.5,5,3765.75087,58.52011563,7322.68481,0.444444444,0.8,6.6,2,6.000000024,95272662.4
15381749.27,5052824.717,15384749.27,5052824.717,15384749.27,5049824.717,15381749.27,5049824.717,63515106.93,5.51E-08,2.36E-08,6181.919877,717.8692729,5235.391639,1.714285714,2.666666667,3.15E-08,2.105900048,1.842662542,,0.000340655,,0.000340655,3.5,6,1.5,4,5409.179892,3881.325118,9002.801588,0.571428571,1.333333333,6.333333333,2,6.000000008,31757555.47
15381749.27,5049824.717,15384749.27,5049824.717,15384749.27,5046824.717,15381749.27,5046824.717,63515106.93,5.51E-08,2.36E-08,5936.520578,717.8692729,6763.240051,1.714285714,2.666666667,3.15E-08,1.942025668,1.69927246,,0.000327132,,0.000327132,3.5,6,1.5,4,5194.455506,1434.417017,6763.240051,0.571428571,1.333333333,6.333333333,2,6.000000008,31757555.47
15381749.27,5046824.717,15384749.27,5046824.717,15384749.27,5043824.717,15381749.27,5043824.717,63515106.93,0,0,0,2628.152353,8255.805483,0,0,0,0,0.932538288,,0.00017136,,0.00017136,0,2,0,2,5441.978918,2628.152353,8255.805483,0,0,0,0,0,0
15381749.27,5043824.717,15384749.27,5043824.717,15384749.27,5040824.717,15381749.27,5040824.717,63515106.93,0,0,0,5394.652923,5394.652923,0,0,0,0,0.458194618,,8.49E-05,,8.49E-05,0,1,0,1,5394.652923,5394.652923,5394.652923,0,0,0,0,0,0
15381749.27,5040824.717,15384749.27,5040824.717,15384749.27,5037824.717,15381749.27,5037824.717,63515106.93,0,0,0,0,0,0,0,0,0,0,,0,,0,0,0,0,0,0,0,0,0,0,0,0,0,0
15381749.27,5037824.717,15384749.27,5037824.717,15384749.27,5034824.717,15381749.27,5034824.717,63515106.93,0,0,0,0,0,0,0,0,0,0,,0,,0,0,0,0,0,0,0,0,0,0,0,0,0,0
15381749.27,5034824.717,15384749.27,5034824.717,15384749.27,5031824.717,15381749.27,5031824.717,63515106.93,0,0,0,7715.566023,7715.566023,0,0,0,0,0.937256693,,0.000121476,,0.000121476,0,1,0,1,7715.566023,7715.566023,7715.566023,0,0,0,0,0,0
15381749.27,5031824.717,15384749.27,5031824.717,15384749.27,5028824.717,15381749.27,5028824.717,63515106.93,7.87E-09,7.87E-09,24991.64411,3576.873945,8918.94811,0,0,0,4.916800943,1.229200236,,0.000196738,,0.000196738,0.5,2,0.5,2,6247.911028,3576.873945,8918.94811,0,0,1,0,7.87E-09,31757553.47
15381749.27,5028824.717,15384749.27,5028824.717,15384749.27,5025824.717,15381749.27,5025824.717,63515106.93,7.87E-09,7.87E-09,25507.2223,5748.114523,7005.496626,0,0,0,5.121760955,1.280440239,,0.000200796,,0.000200796,0.5,2,0.5,2,6376.805575,5748.114523,7005.496626,0,0,1,0,7.87E-09,31757553.47
15381749.27,5025824.717,15384749.27,5025824.717,15384749.27,5022824.717,15381749.27,5022824.717,63515106.93,0,0,0,8990.969225,8990.969225,0,0,0,0,1.272729143,,0.000141556,,0.000141556,0,1,0,1,8990.969225,8990.969225,8990.969225,0,0,0,0,0,0
15381749.27,5022824.717,15384749.27,5022824.717,15384749.27,5019824.717,15381749.27,5019824.717,63515106.93,3.94E-08,2.36E-08,7385.049707,418.1266995,8030.98508,1.2,1.333333333,1.57E-08,2.146692409,1.341682756,,0.000290681,,0.000290681,2.5,5,1.5,4,4615.656067,1643.227155,8030.98508,0.4,0.666666667,3.666666667,1,3.000000016,63515107.93
15381749.27,5019824.717,15384749.27,5019824.717,15384749.27,5016824.717,15381749.27,5016824.717,63515106.93,3.94E-08,2.36E-08,7717.455761,2464.253198,5883.640718,1.2,1.333333333,1.57E-08,2.344289662,1.465181039,,0.000303765,,0.000303765,2.5,5,1.5,4,4823.409851,2464.253198,8890.743415,0.4,0.666666667,3.666666667,1,3.000000016,63515107.93
15381749.27,5016824.717,15384749.27,5016824.717,15384749.27,5013824.717,15381749.27,5013824.717,63515106.93,3.15E-08,1.57E-08,5253.828534,210.6861829,5006.663015,1.5,2,1.57E-08,0.869170048,0.579446699,,0.000165436,,0.000165436,2,4,1,3,3502.552356,210.6861829,7879.514636,0.5,1,3.5,1,3.000000008,31757554.47
15381749.27,5013824.717,15384749.27,5013824.717,15384749.27,5010824.717,15381749.27,5010824.717,63515106.93,0,0,0,0,0,0,0,0,0,0,,0,,0,0,0,0,0,0,0,0,0,0,0,0,0,0
15381749.27,5010824.717,15384749.27,5010824.717,15384749.27,5007824.717,15381749.27,5007824.717,63515106.93,0,0,0,5386.848633,5386.848633,0,0,0,0,0.456869863,,8.48E-05,,8.48E-05,0,1,0,1,5386.848633,5386.848633,5386.848633,0,0,0,0,0,0
15381749.27,5007824.717,15384749.27,5007824.717,15384749.27,5004824.717,15381749.27,5004824.717,63515106.93,0,0,0,8917.811103,8917.811103,0,0,0,0,1.252101409,,0.000140405,,0.000140405,0,1,0,1,8917.811103,8917.811103,8917.811103,0,0,0,0,0,0
15381749.27,5004824.717,15384749.27,5004824.717,15384749.27,5001824.717,15381749.27,5001824.717,63515106.93,0,0,0,7956.032772,7956.032772,0,0,0,0,0.996589009,,0.000125262,,0.000125262,0,1,0,1,7956.032772,7956.032772,7956.032772,0,0,0,0,0,0
15381749.27,5001824.717,15384749.27,5001824.717,15384749.27,4998824.717,15381749.27,4998824.717,63515106.93,0,0,0,0,0,0,0,0,0,0,,0,,0,0,0,0,0,0,0,0,0,0,0,0,0,0
15381749.27,4998824.717,15384749.27,4998824.717,15384749.27,4995824.717,15381749.27,4995824.717,63515106.93,0,0,0,0,0,0,0,0,0,0,,0,,0,0,0,0,0,0,0,0,0,0,0,0,0,0
15381749.27,4995824.717,15384749.27,4995824.717,15384749.27,4992824.717,15381749.27,4992824.717,63515106.93,0,0,0,0,0,0,0,0,0,0,,0,,0,0,0,0,0,0,0,0,0,0,0,0,0,0
15381749.27,4992824.717,15384749.27,4992824.717,15384749.27,4989824.717,15381749.27,4989824.717,63515106.93,0,0,0,5447.260217,5447.260217,0,0,0,0,0.467174587,,8.58E-05,,8.58E-05,0,1,0,1,5447.260217,5447.260217,5447.260217,0,0,0,0,0,0
15381749.27,4989824.717,15384749.27,4989824.717,15384749.27,4986824.717,15381749.27,4986824.717,63515106.93,0,0,0,8803.190227,8803.190227,0,0,0,0,1.220121667,,0.0001386,,0.0001386,0,1,0,1,8803.190227,8803.190227,8803.190227,0,0,0,0,0,0
15381749.27,4986824.717,15384749.27,4986824.717,15384749.27,4983824.717,15381749.27,4983824.717,63515106.93,0,0,0,8234.943024,8234.943024,0,0,0,0,1.067687514,,0.000129653,,0.000129653,0,1,0,1,8234.943024,8234.943024,8234.943024,0,0,0,0,0,0
15381749.27,4983824.717,15384749.27,4983824.717,15384749.27,4980824.717,15381749.27,4980824.717,63515106.93,0,0,0,2506.3129,2506.3129,0,0,0,0,0.098899375,,3.95E-05,,3.95E-05,0,1,0,1,2506.3129,2506.3129,2506.3129,0,0,0,0,0,0
15381749.27,4980824.717,15384749.27,4980824.717,15384749.27,4977824.717,15381749.27,4977824.717,63515106.93,0,0,0,0,0,0,0,0,0,0,,0,,0,0,0,0,0,0,0,0,0,0,0,0,0,0
15381749.27,4977824.717,15384749.27,4977824.717,15384749.27,4974824.717,15381749.27,4974824.717,63515106.93,0,0,0,0,0,0,0,0,0,0,,0,,0,0,0,0,0,0,0,0,0,0,0,0,0,0
15381749.27,4974824.717,15384749.27,4974824.717,15384749.27,4971824.717,15381749.27,4971824.717,63515106.93,0,0,0,0,0,0,0,0,0,0,,0,,0,0,0,0,0,0,0,0,0,0,0,0,0,0
15381749.27,4971824.717,15384749.27,4971824.717,15384749.27,4968824.717,15381749.27,4968824.717,63515106.93,0,0,0,0,0,0,0,0,0,0,,0,,0,0,0,0,0,0,0,0,0,0,0,0,0,0
15381749.27,4968824.717,15384749.27,4968824.717,15384749.27,4965824.717,15381749.27,4965824.717,63515106.93,0,0,0,0,0,0,0,0,0,0,,0,,0,0,0,0,0,0,0,0,0,0,0,0,0,0
15381749.27,4965824.717,15384749.27,4965824.717,15384749.27,4962824.717,15381749.27,4962824.717,63515106.93,0,0,0,0,0,0,0,0,0,0,,0,,0,0,0,0,0,0,0,0,0,0,0,0,0,0
15381749.27,4962824.717,15384749.27,4962824.717,15384749.27,4959824.717,15381749.27,4959824.717,63515106.93,0,0,0,0,0,0,0,0,0,0,,0,,0,0,0,0,0,0,0,0,0,0,0,0,0,0
15381749.27,4959824.717,15384749.27,4959824.717,15384749.27,4956824.717,15381749.27,4956824.717,63515106.93,0,0,0,0,0,0,0,0,0,0,,0,,0,0,0,0,0,0,0,0,0,0,0,0,0,0
15381749.27,4956824.717,15384749.27,4956824.717,15384749.27,4953824.717,15381749.27,4953824.717,63515106.93,0,0,0,0,0,0,0,0,0,0,,0,,0,0,0,0,0,0,0,0,0,0,0,0,0,0
15381749.27,4953824.717,15384749.27,4953824.717,15384749.27,4950824.717,15381749.27,4950824.717,63515106.93,0,0,0,4970.19487,4970.19487,0,0,0,0,0.388928528,,7.83E-05,,7.83E-05,0,1,0,1,4970.19487,4970.19487,4970.19487,0,0,0,0,0,0
15381749.27,4950824.717,15384749.27,4950824.717,15384749.27,4947824.717,15381749.27,4947824.717,63515106.93,7.87E-09,7.87E-09,9028.799444,4514.399722,4514.399722,0,0,0,0.641730947,0.320865473,,7.11E-05,,7.11E-05,0.5,1,0.5,1,4514.399722,4514.399722,4514.399722,0,0,1,0,7.87E-09,31757553.47
15381749.27,4947824.717,15384749.27,4947824.717,15384749.27,4944824.717,15381749.27,4944824.717,63515106.93,7.87E-09,7.87E-09,5270.285938,2635.142969,2635.142969,0,0,0,0.218655964,0.109327982,,4.15E-05,,4.15E-05,0.5,1,0.5,1,2635.142969,2635.142969,2635.142969,0,0,1,0,7.87E-09,31757553.47
15381749.27,4944824.717,15384749.27,4944824.717,15384749.27,4941824.717,15381749.27,4941824.717,63515106.93,0,0,0,0,0,0,0,0,0,0,,0,,0,0,0,0,0,0,0,0,0,0,0,0,0,0
15384749.27,5124824.717,15387749.27,5124824.717,15387749.27,5121824.717,15384749.27,5121824.717,63515106.93,0,0,0,0,0,0,0,0,0,0,,0,,0,0,0,0,0,0,0,0,0,0,0,0,0,0
15384749.27,5121824.717,15387749.27,5121824.717,15387749.27,5118824.717,15384749.27,5118824.717,63515106.93,0,0,0,0,0,0,0,0,0,0,,0,,0,0,0,0,0,0,0,0,0,0,0,0,0,0
15384749.27,5118824.717,15387749.27,5118824.717,15387749.27,5115824.717,15384749.27,5115824.717,63515106.93,0,0,0,0,0,0,0,0,0,0,,0,,0,0,0,0,0,0,0,0,0,0,0,0,0,0
15384749.27,5115824.717,15387749.27,5115824.717,15387749.27,5112824.717,15384749.27,5112824.717,63515106.93,0,0,0,0,0,0,0,0,0,0,,0,,0,0,0,0,0,0,0,0,0,0,0,0,0,0
15384749.27,5112824.717,15387749.27,5112824.717,15387749.27,5109824.717,15384749.27,5109824.717,63515106.93,0,0,0,0,0,0,0,0,0,0,,0,,0,0,0,0,0,0,0,0,0,0,0,0,0,0
15384749.27,5109824.717,15387749.27,5109824.717,15387749.27,5106824.717,15384749.27,5106824.717,63515106.93,0,0,0,0,0,0,0,0,0,0,,0,,0,0,0,0,0,0,0,0,0,0,0,0,0,0
15384749.27,5106824.717,15387749.27,5106824.717,15387749.27,5103824.717,15384749.27,5103824.717,63515106.93,0,0,0,5240.54518,5240.54518,0,0,0,0,0.432390263,,8.25E-05,,8.25E-05,0,1,0,1,5240.54518,5240.54518,5240.54518,0,0,0,0,0,0
15384749.27,5103824.717,15387749.27,5103824.717,15387749.27,5100824.717,15384749.27,5100824.717,63515106.93,0,0,0,8124.297386,8124.297386,0,0,0,0,1.039189119,,0.000127911,,0.000127911,0,1,0,1,8124.297386,8124.297386,8124.297386,0,0,0,0,0,0
15384749.27,5100824.717,15387749.27,5100824.717,15387749.27,5097824.717,15384749.27,5097824.717,63515106.93,0,0,0,8997.24558,8997.24558,0,0,0,0,1.274506679,,0.000141655,,0.000141655,0,1,0,1,8997.24558,8997.24558,8997.24558,0,0,0,0,0,0
15384749.27,5097824.717,15387749.27,5097824.717,15387749.27,5094824.717,15384749.27,5094824.717,63515106.93,0,0,0,8256.432912,8256.432912,0,0,0,0,1.073267254,,0.000129992,,0.000129992,0,1,0,1,8256.432912,8256.432912,8256.432912,0,0,0,0,0,0
15384749.27,5094824.717,15387749.27,5094824.717,15387749.27,5091824.717,15384749.27,5091824.717,63515106.93,0,0,0,5363.7258,5363.7258,0,0,0,0,0.452956089,,8.44E-05,,8.44E-05,0,1,0,1,5363.7258,5363.7258,5363.7258,0,0,0,0,0,0
15384749.27,5091824.717,15387749.27,5091824.717,15387749.27,5088824.717,15384749.27,5088824.717,63515106.93,7.87E-09,7.87E-09,2225.882621,1112.941311,1112.941311,0,0,0,0.039002953,0.019501476,,1.75E-05,,1.75E-05,0.5,1,0.5,1,1112.941311,1112.941311,1112.941311,0,0,1,0,7.87E-09,31757553.47
15384749.27,5088824.717,15387749.27,5088824.717,15387749.27,5085824.717,15384749.27,5085824.717,63515106.93,1.57E-08,1.57E-08,7389.986959,3359.130337,4030.856622,0,0,0,0.859825479,0.42991274,,0.00011635,,0.00011635,1,2,1,2,3694.99348,3359.130337,4030.856622,0,0,1,0,1.57E-08,63515106.93
15384749.27,5085824.717,15387749.27,5085824.717,15387749.27,5082824.717,15384749.27,5082824.717,63515106.93,3.94E-08,2.36E-08,5087.468416,1617.914568,5227.694154,1.2,1.333333333,1.57E-08,1.018747198,0.848955998,,0.000200246,,0.000200246,2.5,4,1.5,3,4239.557014,2329.999847,6845.608753,0.4,0.666666667,3.666666667,1,3.000000016,63515107.93
15384749.27,5082824.717,15387749.27,5082824.717,15387749.27,5079824.717,15384749.27,5079824.717,63515106.93,2.36E-08,7.87E-09,12494.73062,3154.99689,6687.534743,2,4,1.57E-08,3.686956555,1.843478278,,0.000295081,,0.000295081,1.5,4,0.5,3,6247.36531,3839.863505,8214.69768,0.666666667,2,3,1,3,1
15384749.27,5079824.717,15387749.27,5079824.717,15387749.27,5076824.717,15384749.27,5076824.717,63515106.93,2.36E-08,7.87E-09,12883.05605,574.0436701,8454.997902,2,4,1.57E-08,3.919692678,1.959846339,,0.000304252,,0.000304252,1.5,4,0.5,3,6441.528023,3251.356478,8454.997902,0.666666667,2,3,1,3,1
15384749.27,5076824.717,15387749.27,5076824.717,15387749.27,5073824.717,15384749.27,5073824.717,63515106.93,0,0,0,1494.821847,8803.247469,0,0,0,0,1.629829735,,0.000277455,,0.000277455,0,3,0,3,5874.203773,1494.821847,8803.247469,0,0,0,0,0,0
15384749.27,5073824.717,15387749.27,5073824.717,15387749.27,5070824.717,15384749.27,5070824.717,63515106.93,1.57E-08,1.57E-08,14473.2225,2672.556413,6604.768024,0,0,0,3.298021206,1.099340402,,0.000227871,,0.000227871,1,3,1,3,4824.4075,2672.556413,6604.768024,0,0,1,0,1.57E-08,63515106.93
15384749.27,5070824.717,15387749.27,5070824.717,15387749.27,5067824.717,15384749.27,5067824.717,63515106.93,1.57E-08,1.57E-08,7752.432423,3586.614673,4165.81775,0,0,0,0.946234862,0.473117431,,0.000122057,,0.000122057,1,2,1,2,3876.216212,3586.614673,4165.81775,0,0,1,0,1.57E-08,63515106.93
15384749.27,5067824.717,15387749.27,5067824.717,15387749.27,5064824.717,15384749.27,5064824.717,63515106.93,1.57E-08,1.57E-08,12624.91189,2255.178328,6314.681384,0,0,0,2.509456537,0.836485512,,0.00019877,,0.00019877,1,3,1,3,4208.303965,2255.178328,6314.681384,0,0,1,0,1.57E-08,63515106.93
15384749.27,5064824.717,15387749.27,5064824.717,15387749.27,5061824.717,15384749.27,5061824.717,63515106.93,1.57E-08,1.57E-08,14064.08118,1375.255243,8784.247335,0,0,0,3.114194229,1.038064743,,0.000221429,,0.000221429,1,3,1,3,4688.02706,1375.255243,8784.247335,0,0,1,0,1.57E-08,63515106.93
15384749.27,5061824.717,15387749.27,5061824.717,15387749.27,5058824.717,15384749.27,5058824.717,63515106.93,2.36E-08,2.36E-08,12199.39916,1328.057476,8524.833495,0,0,0,3.514723043,1.318021141,,0.000288106,,0.000288106,1.5,4,1.5,4,4574.774686,1328.057476,8524.833495,0,0,1,0,2.36E-08,95272660.4
15384749.27,5058824.717,15387749.27,5058824.717,15387749.27,5055824.717,15384749.27,5055824.717,63515106.93,1.57E-08,1.57E-08,15675.38728,3084.011365,8433.900722,0,0,0,3.868650753,1.289550251,,0.000246798,,0.000246798,1,3,1,3,5225.129092,3084.011365,8433.900722,0,0,1,0,1.57E-08,63515106.93
15384749.27,5055824.717,15387749.27,5055824.717,15387749.27,5052824.717,15384749.27,5052824.717,63515106.93,7.87E-09,7.87E-09,22826.32163,5028.087104,6385.073227,0,0,0,4.101708902,1.025427225,,0.000179692,,0.000179692,0.5,2,0.5,2,5706.580407,5028.087587,6385.073227,0,0,1,0,7.87E-09,31757553.47
15384749.27,5052824.717,15387749.27,5052824.717,15387749.27,5049824.717,15384749.27,5049824.717,63515106.93,5.51E-08,2.36E-08,4777.585057,115.9482148,8033.499333,1.714285714,2.666666667,3.15E-08,1.257789214,1.100565562,,0.000263269,,0.000263269,3.5,6,1.5,4,4180.386925,381.3249773,8867.316992,0.571428571,1.333333333,6.333333333,2,6.000000008,31757555.47
15384749.27,5049824.717,15387749.27,5049824.717,15387749.27,5046824.717,15384749.27,5046824.717,63515106.93,7.87E-09,7.87E-09,24885.58139,4399.9242,8042.866495,0,0,0,4.875156408,1.218789102,,0.000195903,,0.000195903,0.5,2,0.5,2,6221.395347,4399.9242,8042.866495,0,0,1,0,7.87E-09,31757553.47
15384749.27,5046824.717,15387749.27,5046824.717,15387749.27,5043824.717,15384749.27,5043824.717,63515106.93,0,0,0,4021.908403,4021.908403,0,0,0,0,0.254675588,,6.33E-05,,6.33E-05,0,1,0,1,4021.908403,4021.908403,4021.908403,0,0,0,0,0,0
15384749.27,5043824.717,15387749.27,5043824.717,15387749.27,5040824.717,15384749.27,5040824.717,63515106.93,0,0,0,0,0,0,0,0,0,0,,0,,0,0,0,0,0,0,0,0,0,0,0,0,0,0
15384749.27,5040824.717,15387749.27,5040824.717,15387749.27,5037824.717,15384749.27,5037824.717,63515106.93,0,0,0,0,0,0,0,0,0,0,,0,,0,0,0,0,0,0,0,0,0,0,0,0,0,0
15384749.27,5037824.717,15387749.27,5037824.717,15387749.27,5034824.717,15384749.27,5034824.717,63515106.93,0,0,0,2298.816959,2298.816959,0,0,0,0,0.083201614,,3.62E-05,,3.62E-05,0,1,0,1,2298.816959,2298.816959,2298.816959,0,0,0,0,0,0
15384749.27,5034824.717,15387749.27,5034824.717,15387749.27,5031824.717,15384749.27,5031824.717,63515106.93,0,0,0,8476.067988,8476.067988,0,0,0,0,1.131128199,,0.00013345,,0.00013345,0,1,0,1,8476.067988,8476.067988,8476.067988,0,0,0,0,0,0
15384749.27,5031824.717,15387749.27,5031824.717,15387749.27,5028824.717,15384749.27,5028824.717,63515106.93,0,0,0,8555.982546,8555.982546,0,0,0,0,1.152557885,,0.000134708,,0.000134708,0,1,0,1,8555.982546,8555.982546,8555.982546,0,0,0,0,0,0
15384749.27,5028824.717,15387749.27,5028824.717,15387749.27,5025824.717,15384749.27,5025824.717,63515106.93,0,0,0,2530.156674,4137.569377,0,0,0,0,0.349984223,,0.000104979,,0.000104979,0,2,0,2,3333.863025,2530.156674,4137.569377,0,0,0,0,0,0
15384749.27,5025824.717,15387749.27,5025824.717,15387749.27,5022824.717,15384749.27,5022824.717,63515106.93,0,0,0,7485.136815,7485.136815,0,0,0,0,0.882109404,,0.000117848,,0.000117848,0,1,0,1,7485.136815,7485.136815,7485.136815,0,0,0,0,0,0
15384749.27,5022824.717,15387749.27,5022824.717,15387749.27,5019824.717,15384749.27,5019824.717,63515106.93,3.15E-08,1.57E-08,7977.006803,85.3137667,6715.329415,1.5,2,1.57E-08,2.003700871,1.33580058,,0.000251185,,0.000251185,2,4,1,3,5318.004535,3061.382625,6715.329415,0.5,1,3.5,1,3.000000008,31757554.47
15384749.27,5019824.717,15387749.27,5019824.717,15387749.27,5016824.717,15384749.27,5016824.717,63515106.93,3.15E-08,1.57E-08,9702.924216,2749.63033,6468.732817,1.5,2,1.57E-08,2.964546323,1.976364215,,0.000305531,,0.000305531,2,4,1,3,6468.616144,4203.839163,8733.276452,0.5,1,3.5,1,3.000000008,31757554.47
15384749.27,5016824.717,15387749.27,5016824.717,15387749.27,5013824.717,15384749.27,5013824.717,63515106.93,3.15E-08,1.57E-08,7041.157208,1157.985666,5901.890027,1.5,2,1.57E-08,1.561137097,1.040758065,,0.000221716,,0.000221716,2,4,1,3,4694.104806,1157.985666,8200.027127,0.5,1,3.5,1,3.000000008,31757554.47
15384749.27,5013824.717,15387749.27,5013824.717,15387749.27,5010824.717,15384749.27,5010824.717,63515106.93,0,0,0,0,0,0,0,0,0,0,,0,,0,0,0,0,0,0,0,0,0,0,0,0,0,0
15384749.27,5010824.717,15387749.27,5010824.717,15387749.27,5007824.717,15384749.27,5007824.717,63515106.93,0,0,0,0,0,0,0,0,0,0,,0,,0,0,0,0,0,0,0,0,0,0,0,0,0,0
15384749.27,5007824.717,15387749.27,5007824.717,15387749.27,5004824.717,15384749.27,5004824.717,63515106.93,0,0,0,8405.353552,8405.353552,0,0,0,0,1.112333297,,0.000132336,,0.000132336,0,1,0,1,8405.353552,8405.353552,8405.353552,0,0,0,0,0,0
15384749.27,5004824.717,15387749.27,5004824.717,15387749.27,5001824.717,15384749.27,5001824.717,63515106.93,0,0,0,8631.394739,8631.394739,0,0,0,0,1.17296465,,0.000135895,,0.000135895,0,1,0,1,8631.394739,8631.394739,8631.394739,0,0,0,0,0,0
15384749.27,5001824.717,15387749.27,5001824.717,15387749.27,4998824.717,15384749.27,4998824.717,63515106.93,0,0,0,3886.880884,3886.880884,0,0,0,0,0.237862199,,6.12E-05,,6.12E-05,0,1,0,1,3886.880884,3886.880884,3886.880884,0,0,0,0,0,0
15384749.27,4998824.717,15387749.27,4998824.717,15387749.27,4995824.717,15384749.27,4995824.717,63515106.93,0,0,0,0,0,0,0,0,0,0,,0,,0,0,0,0,0,0,0,0,0,0,0,0,0,0
15384749.27,4995824.717,15387749.27,4995824.717,15387749.27,4992824.717,15384749.27,4992824.717,63515106.93,0,0,0,0,0,0,0,0,0,0,,0,,0,0,0,0,0,0,0,0,0,0,0,0,0,0
15384749.27,4992824.717,15387749.27,4992824.717,15387749.27,4989824.717,15384749.27,4989824.717,63515106.93,0,0,0,0,0,0,0,0,0,0,,0,,0,0,0,0,0,0,0,0,0,0,0,0,0,0
15384749.27,4989824.717,15387749.27,4989824.717,15387749.27,4986824.717,15384749.27,4986824.717,63515106.93,7.87E-09,7.87E-09,14498.31255,7249.156274,7249.156274,0,0,0,1.654732842,0.827366421,,0.000114133,,0.000114133,0.5,1,0.5,1,7249.156274,7249.156274,7249.156274,0,0,1,0,7.87E-09,31757553.47
15384749.27,4986824.717,15387749.27,4986824.717,15387749.27,4983824.717,15384749.27,4983824.717,63515106.93,7.87E-09,7.87E-09,12974.33548,6487.16774,6487.16774,0,0,0,1.325144436,0.662572218,,0.000102136,,0.000102136,0.5,1,0.5,1,6487.16774,6487.16774,6487.16774,0,0,1,0,7.87E-09,31757553.47
15384749.27,4983824.717,15387749.27,4983824.717,15387749.27,4980824.717,15384749.27,4980824.717,63515106.93,7.87E-09,7.87E-09,8025.237399,4012.6187,4012.6187,0,0,0,0.50700092,0.25350046,,6.32E-05,,6.32E-05,0.5,1,0.5,1,4012.6187,4012.6187,4012.6187,0,0,1,0,7.87E-09,31757553.47
15384749.27,4980824.717,15387749.27,4980824.717,15387749.27,4977824.717,15384749.27,4977824.717,63515106.93,0,0,0,0,0,0,0,0,0,0,,0,,0,0,0,0,0,0,0,0,0,0,0,0,0,0
15384749.27,4977824.717,15387749.27,4977824.717,15387749.27,4974824.717,15384749.27,4974824.717,63515106.93,0,0,0,0,0,0,0,0,0,0,,0,,0,0,0,0,0,0,0,0,0,0,0,0,0,0
15384749.27,4974824.717,15387749.27,4974824.717,15387749.27,4971824.717,15384749.27,4971824.717,63515106.93,0,0,0,0,0,0,0,0,0,0,,0,,0,0,0,0,0,0,0,0,0,0,0,0,0,0
15384749.27,4971824.717,15387749.27,4971824.717,15387749.27,4968824.717,15384749.27,4968824.717,63515106.93,0,0,0,0,0,0,0,0,0,0,,0,,0,0,0,0,0,0,0,0,0,0,0,0,0,0
15384749.27,4968824.717,15387749.27,4968824.717,15387749.27,4965824.717,15384749.27,4965824.717,63515106.93,0,0,0,0,0,0,0,0,0,0,,0,,0,0,0,0,0,0,0,0,0,0,0,0,0,0
15384749.27,4965824.717,15387749.27,4965824.717,15387749.27,4962824.717,15384749.27,4962824.717,63515106.93,0,0,0,0,0,0,0,0,0,0,,0,,0,0,0,0,0,0,0,0,0,0,0,0,0,0
15384749.27,4962824.717,15387749.27,4962824.717,15387749.27,4959824.717,15384749.27,4959824.717,63515106.93,0,0,0,0,0,0,0,0,0,0,,0,,0,0,0,0,0,0,0,0,0,0,0,0,0,0
15384749.27,4959824.717,15387749.27,4959824.717,15387749.27,4956824.717,15384749.27,4956824.717,63515106.93,0,0,0,0,0,0,0,0,0,0,,0,,0,0,0,0,0,0,0,0,0,0,0,0,0,0
15384749.27,4956824.717,15387749.27,4956824.717,15387749.27,4953824.717,15384749.27,4953824.717,63515106.93,0,0,0,0,0,0,0,0,0,0,,0,,0,0,0,0,0,0,0,0,0,0,0,0,0,0
15384749.27,4953824.717,15387749.27,4953824.717,15387749.27,4950824.717,15384749.27,4950824.717,63515106.93,0,0,0,0,0,0,0,0,0,0,,0,,0,0,0,0,0,0,0,0,0,0,0,0,0,0
15384749.27,4950824.717,15387749.27,4950824.717,15387749.27,4947824.717,15384749.27,4947824.717,63515106.93,7.87E-09,7.87E-09,1019.564755,509.7823775,509.7823775,0,0,0,0.008183189,0.004091595,,8.03E-06,,8.03E-06,0.5,1,0.5,1,509.7823775,509.7823775,509.7823775,0,0,1,0,7.87E-09,31757553.47
15384749.27,4947824.717,15387749.27,4947824.717,15387749.27,4944824.717,15384749.27,4944824.717,63515106.93,7.87E-09,7.87E-09,395.1920052,197.5960026,197.5960026,0,0,0,0.001229445,0.000614723,,3.11E-06,,3.11E-06,0.5,1,0.5,1,197.5960026,197.5960026,197.5960026,0,0,1,0,7.87E-09,31757553.47
15384749.27,4944824.717,15387749.27,4944824.717,15387749.27,4941824.717,15384749.27,4941824.717,63515106.93,0,0,0,0,0,0,0,0,0,0,,0,,0,0,0,0,0,0,0,0,0,0,0,0,0,0
15387749.27,5124824.717,15390749.27,5124824.717,15390749.27,5121824.717,15387749.27,5121824.717,63515106.93,0,0,0,0,0,0,0,0,0,0,,0,,0,0,0,0,0,0,0,0,0,0,0,0,0,0
15387749.27,5121824.717,15390749.27,5121824.717,15390749.27,5118824.717,15387749.27,5118824.717,63515106.93,0,0,0,0,0,0,0,0,0,0,,0,,0,0,0,0,0,0,0,0,0,0,0,0,0,0
15387749.27,5118824.717,15390749.27,5118824.717,15390749.27,5115824.717,15387749.27,5115824.717,63515106.93,0,0,0,0,0,0,0,0,0,0,,0,,0,0,0,0,0,0,0,0,0,0,0,0,0,0
15387749.27,5115824.717,15390749.27,5115824.717,15390749.27,5112824.717,15387749.27,5112824.717,63515106.93,0,0,0,0,0,0,0,0,0,0,,0,,0,0,0,0,0,0,0,0,0,0,0,0,0,0
15387749.27,5112824.717,15390749.27,5112824.717,15390749.27,5109824.717,15387749.27,5109824.717,63515106.93,0,0,0,3308.128823,3308.128823,0,0,0,0,0.172300998,,5.21E-05,,5.21E-05,0,1,0,1,3308.128823,3308.128823,3308.128823,0,0,0,0,0,0
15387749.27,5109824.717,15390749.27,5109824.717,15390749.27,5106824.717,15387749.27,5106824.717,63515106.93,0,0,0,7122.827946,7122.827946,0,0,0,0,0.798781273,,0.000112144,,0.000112144,0,1,0,1,7122.827946,7122.827946,7122.827946,0,0,0,0,0,0
15387749.27,5106824.717,15390749.27,5106824.717,15390749.27,5103824.717,15387749.27,5103824.717,63515106.93,0,0,0,8847.349887,8847.349887,0,0,0,0,1.232393423,,0.000139295,,0.000139295,0,1,0,1,8847.349887,8847.349887,8847.349887,0,0,0,0,0,0
15387749.27,5103824.717,15390749.27,5103824.717,15390749.27,5100824.717,15387749.27,5100824.717,63515106.93,0,0,0,8927.228645,8927.228645,0,0,0,0,1.254747337,,0.000140553,,0.000140553,0,1,0,1,8927.228645,8927.228645,8927.228645,0,0,0,0,0,0
15387749.27,5100824.717,15390749.27,5100824.717,15390749.27,5097824.717,15387749.27,5097824.717,63515106.93,0,0,0,7799.778258,7799.778258,0,0,0,0,0.95782789,,0.000122802,,0.000122802,0,1,0,1,7799.778258,7799.778258,7799.778258,0,0,0,0,0,0
15387749.27,5097824.717,15390749.27,5097824.717,15390749.27,5094824.717,15387749.27,5094824.717,63515106.93,0,0,0,3977.741388,3977.741388,0,0,0,0,0.249112807,,6.26E-05,,6.26E-05,0,1,0,1,3977.741388,3977.741388,3977.741388,0,0,0,0,0,0
15387749.27,5094824.717,15390749.27,5094824.717,15390749.27,5091824.717,15387749.27,5091824.717,63515106.93,0,0,0,0,0,0,0,0,0,0,,0,,0,0,0,0,0,0,0,0,0,0,0,0,0,0
15387749.27,5091824.717,15390749.27,5091824.717,15390749.27,5088824.717,15387749.27,5088824.717,63515106.93,0,0,0,6650.836168,6650.836168,0,0,0,0,0.696426785,,0.000104713,,0.000104713,0,1,0,1,6650.836168,6650.836168,6650.836168,0,0,0,0,0,0
15387749.27,5088824.717,15390749.27,5088824.717,15390749.27,5085824.717,15387749.27,5085824.717,63515106.93,7.87E-09,7.87E-09,12878.24984,6439.124921,6439.124921,0,0,0,1.305589544,0.652794772,,0.000101379,,0.000101379,0.5,1,0.5,1,6439.124921,6439.124921,6439.124921,0,0,1,0,7.87E-09,31757553.47
15387749.27,5085824.717,15390749.27,5085824.717,15390749.27,5082824.717,15387749.27,5082824.717,63515106.93,3.15E-08,1.57E-08,7164.322887,2179.747527,4529.585525,1.5,2,1.57E-08,1.616230371,1.077486914,,0.000225594,,0.000225594,2,4,1,3,4776.215258,2179.747527,7619.312722,0.5,1,3.5,1,3.000000008,31757554.47
15387749.27,5082824.717,15390749.27,5082824.717,15390749.27,5079824.717,15387749.27,5079824.717,63515106.93,4.72E-08,1.57E-08,5918.242065,1439.803564,4710.837212,2,4,3.15E-08,1.654358663,1.654358663,,0.000279535,,0.000279535,3,5,1,3,5918.242065,4046.95669,8996.932293,0.666666667,2,6,2,6,2
15387749.27,5079824.717,15390749.27,5079824.717,15390749.27,5076824.717,15387749.27,5076824.717,63515106.93,7.08E-08,2.36E-08,5628.058013,184.5052644,7023.769387,2,4,4.72E-08,2.244153767,2.524672988,,0.000398744,,0.000398744,4.5,7,1.5,4,6331.565265,4235.563193,7724.594839,0.666666667,2,9,3,9,3
15387749.27,5076824.717,15390749.27,5076824.717,15390749.27,5073824.717,15387749.27,5073824.717,63515106.93,0,0,0,7380.27407,8875.118238,0,0,0,0,2.080117564,,0.00025593,,0.00025593,0,2,0,2,8127.696154,7380.27407,8875.118238,0,0,0,0,0,0
15387749.27,5073824.717,15390749.27,5073824.717,15390749.27,5070824.717,15387749.27,5070824.717,63515106.93,7.87E-09,7.87E-09,31034.98939,7094.790894,8422.703804,0,0,0,7.582216367,1.895554092,,0.000244312,,0.000244312,0.5,2,0.5,2,7758.747349,7094.790894,8422.703804,0,0,1,0,7.87E-09,31757553.47
15387749.27,5070824.717,15390749.27,5070824.717,15390749.27,5067824.717,15387749.27,5067824.717,63515106.93,7.87E-09,7.87E-09,31998.90871,4046.242091,6518.181474,0,0,0,8.060524561,1.34342076,,0.0002519,,0.0002519,0.5,3,0.5,3,5333.151452,4046.242091,6518.181474,0,0,1,0,7.87E-09,31757553.47
15387749.27,5067824.717,15390749.27,5067824.717,15390749.27,5064824.717,15387749.27,5064824.717,63515106.93,1.57E-08,1.57E-08,13084.54221,149.5099706,8602.823811,0,0,0,2.695504315,0.898501438,,0.000206007,,0.000206007,1,3,1,3,4361.51407,149.5099706,8602.823811,0,0,1,0,1.57E-08,63515106.93
15387749.27,5064824.717,15390749.27,5064824.717,15390749.27,5061824.717,15387749.27,5061824.717,63515106.93,7.87E-09,7.87E-09,19549.37763,996.3305897,8778.358223,0,0,0,3.008561144,0.752140286,,0.000153895,,0.000153895,0.5,2,0.5,2,4887.344406,996.3305897,8778.358223,0,0,1,0,7.87E-09,31757553.47
15387749.27,5061824.717,15390749.27,5061824.717,15390749.27,5058824.717,15387749.27,5058824.717,63515106.93,0,0,0,5956.539455,8441.337257,0,0,0,0,1.631886207,,0.000226684,,0.000226684,0,2,0,2,7198.938356,5956.539455,8441.337257,0,0,0,0,0,0
15387749.27,5058824.717,15390749.27,5058824.717,15390749.27,5055824.717,15387749.27,5055824.717,63515106.93,7.87E-09,7.87E-09,20562.10662,1761.631177,8519.422134,0,0,0,3.328343831,0.832085958,,0.000161868,,0.000161868,0.5,2,0.5,2,5140.526655,1761.631177,8519.422134,0,0,1,0,7.87E-09,31757553.47
15387749.27,5055824.717,15390749.27,5055824.717,15390749.27,5052824.717,15387749.27,5052824.717,63515106.93,7.87E-09,7.87E-09,7866.333009,1623.289312,2309.877193,0,0,0,0.487121868,0.121780467,,6.19E-05,,6.19E-05,0.5,2,0.5,2,1966.583252,1623.289312,2309.877193,0,0,1,0,7.87E-09,31757553.47
15387749.27,5052824.717,15390749.27,5052824.717,15390749.27,5049824.717,15387749.27,5049824.717,63515106.93,7.87E-09,7.87E-09,15654.22177,7827.110887,7827.110887,0,0,0,1.929105304,0.964552652,,0.000123232,,0.000123232,0.5,1,0.5,1,7827.110887,7827.110887,7827.110887,0,0,1,0,7.87E-09,31757553.47
15387749.27,5049824.717,15390749.27,5049824.717,15390749.27,5046824.717,15387749.27,5046824.717,63515106.93,7.87E-09,7.87E-09,14320.24223,7160.121117,7160.121117,0,0,0,1.614335137,0.807167568,,0.000112731,,0.000112731,0.5,1,0.5,1,7160.121117,7160.121117,7160.121117,0,0,1,0,7.87E-09,31757553.47
15387749.27,5046824.717,15390749.27,5046824.717,15390749.27,5043824.717,15387749.27,5043824.717,63515106.93,7.87E-09,7.87E-09,7769.401308,3884.700654,3884.700654,0,0,0,0.475190861,0.23759543,,6.12E-05,,6.12E-05,0.5,1,0.5,1,3884.700654,3884.700654,3884.700654,0,0,1,0,7.87E-09,31757553.47
15387749.27,5043824.717,15390749.27,5043824.717,15390749.27,5040824.717,15387749.27,5040824.717,63515106.93,0,0,0,0,0,0,0,0,0,0,,0,,0,0,0,0,0,0,0,0,0,0,0,0,0,0
15387749.27,5040824.717,15390749.27,5040824.717,15390749.27,5037824.717,15387749.27,5037824.717,63515106.93,0,0,0,0,0,0,0,0,0,0,,0,,0,0,0,0,0,0,0,0,0,0,0,0,0,0
15387749.27,5037824.717,15390749.27,5037824.717,15390749.27,5034824.717,15387749.27,5034824.717,63515106.93,0,0,0,5403.675005,5403.675005,0,0,0,0,0.45972848,,8.51E-05,,8.51E-05,0,1,0,1,5403.675005,5403.675005,5403.675005,0,0,0,0,0,0
15387749.27,5034824.717,15390749.27,5034824.717,15390749.27,5031824.717,15387749.27,5031824.717,63515106.93,7.87E-09,7.87E-09,17089.68648,8544.843242,8544.843242,0,0,0,2.299117472,1.149558736,,0.000134532,,0.000134532,0.5,1,0.5,1,8544.843242,8544.843242,8544.843242,0,0,1,0,7.87E-09,31757553.47
15387749.27,5031824.717,15390749.27,5031824.717,15390749.27,5028824.717,15387749.27,5028824.717,63515106.93,0,0,0,7861.36325,7861.36325,0,0,0,0,0.973013117,,0.000123772,,0.000123772,0,1,0,1,7861.36325,7861.36325,7861.36325,0,0,0,0,0,0
15387749.27,5028824.717,15390749.27,5028824.717,15390749.27,5025824.717,15387749.27,5025824.717,63515106.93,0,0,0,0,0,0,0,0,0,0,,0,,0,0,0,0,0,0,0,0,0,0,0,0,0,0
15387749.27,5025824.717,15390749.27,5025824.717,15390749.27,5022824.717,15387749.27,5022824.717,63515106.93,0,0,0,0,0,0,0,0,0,0,,0,,0,0,0,0,0,0,0,0,0,0,0,0,0,0
15387749.27,5022824.717,15390749.27,5022824.717,15390749.27,5019824.717,15387749.27,5019824.717,63515106.93,7.87E-09,7.87E-09,26921.47861,2125.124163,7818.076618,0,0,0,5.705461627,0.950910271,,0.00021193,,0.00021193,0.5,3,0.5,3,4486.913102,2125.124155,7818.076618,0,0,1,0,7.87E-09,31757553.47
15387749.27,5019824.717,15390749.27,5019824.717,15390749.27,5016824.717,15387749.27,5016824.717,63515106.93,7.87E-09,7.87E-09,39487.18125,2210.621314,8918.51052,0,0,0,12.27454033,2.045756722,,0.000310849,,0.000310849,0.5,3,0.5,3,6581.196875,2210.621314,8918.51052,0,0,1,0,7.87E-09,31757553.47
15387749.27,5016824.717,15390749.27,5016824.717,15390749.27,5013824.717,15387749.27,5013824.717,63515106.93,7.87E-09,7.87E-09,28409.3465,93.53271977,8322.17884,0,0,0,6.353535463,1.058922577,,0.000223642,,0.000223642,0.5,3,0.5,3,4734.891084,93.53271977,8322.178868,0,0,1,0,7.87E-09,31757553.47
15387749.27,5013824.717,15390749.27,5013824.717,15390749.27,5010824.717,15387749.27,5010824.717,63515106.93,0,0,0,0,0,0,0,0,0,0,,0,,0,0,0,0,0,0,0,0,0,0,0,0,0,0
15387749.27,5010824.717,15390749.27,5010824.717,15390749.27,5007824.717,15387749.27,5007824.717,63515106.93,0,0,0,0,0,0,0,0,0,0,,0,,0,0,0,0,0,0,0,0,0,0,0,0,0,0
15387749.27,5007824.717,15390749.27,5007824.717,15390749.27,5004824.717,15387749.27,5004824.717,63515106.93,0,0,0,7528.153784,7528.153784,0,0,0,0,0.892277478,,0.000118525,,0.000118525,0,1,0,1,7528.153784,7528.153784,7528.153784,0,0,0,0,0,0
15387749.27,5004824.717,15390749.27,5004824.717,15390749.27,5001824.717,15387749.27,5001824.717,63515106.93,0,0,0,8946.390177,8946.390177,0,0,0,0,1.260139533,,0.000140855,,0.000140855,0,1,0,1,8946.390177,8946.390177,8946.390177,0,0,0,0,0,0
15387749.27,5001824.717,15390749.27,5001824.717,15390749.27,4998824.717,15387749.27,4998824.717,63515106.93,0,0,0,6070.633932,6070.633932,0,0,0,0,0.580217811,,9.56E-05,,9.56E-05,0,1,0,1,6070.633932,6070.633932,6070.633932,0,0,0,0,0,0
15387749.27,4998824.717,15390749.27,4998824.717,15390749.27,4995824.717,15387749.27,4995824.717,63515106.93,0,0,0,0,0,0,0,0,0,0,,0,,0,0,0,0,0,0,0,0,0,0,0,0,0,0
15387749.27,4995824.717,15390749.27,4995824.717,15390749.27,4992824.717,15387749.27,4992824.717,63515106.93,0,0,0,0,0,0,0,0,0,0,,0,,0,0,0,0,0,0,0,0,0,0,0,0,0,0
15387749.27,4992824.717,15390749.27,4992824.717,15390749.27,4989824.717,15387749.27,4989824.717,63515106.93,0,0,0,0,0,0,0,0,0,0,,0,,0,0,0,0,0,0,0,0,0,0,0,0,0,0
15387749.27,4989824.717,15390749.27,4989824.717,15390749.27,4986824.717,15387749.27,4986824.717,63515106.93,7.87E-09,7.87E-09,6343.229185,3171.614592,3171.614592,0,0,0,0.316747924,0.158373962,,4.99E-05,,4.99E-05,0.5,1,0.5,1,3171.614592,3171.614592,3171.614592,0,0,1,0,7.87E-09,31757553.47
15387749.27,4986824.717,15390749.27,4986824.717,15390749.27,4983824.717,15387749.27,4983824.717,63515106.93,7.87E-09,7.87E-09,7402.149706,3701.074853,3701.074853,0,0,0,0.431329041,0.21566452,,5.83E-05,,5.83E-05,0.5,1,0.5,1,3701.074853,3701.074853,3701.074853,0,0,1,0,7.87E-09,31757553.47
15387749.27,4983824.717,15390749.27,4983824.717,15390749.27,4980824.717,15387749.27,4980824.717,63515106.93,7.87E-09,7.87E-09,4369.739214,2184.869607,2184.869607,0,0,0,0.150315584,0.075157792,,3.44E-05,,3.44E-05,0.5,1,0.5,1,2184.869607,2184.869607,2184.869607,0,0,1,0,7.87E-09,31757553.47
15387749.27,4980824.717,15390749.27,4980824.717,15390749.27,4977824.717,15387749.27,4977824.717,63515106.93,0,0,0,0,0,0,0,0,0,0,,0,,0,0,0,0,0,0,0,0,0,0,0,0,0,0
15387749.27,4977824.717,15390749.27,4977824.717,15390749.27,4974824.717,15387749.27,4974824.717,63515106.93,0,0,0,0,0,0,0,0,0,0,,0,,0,0,0,0,0,0,0,0,0,0,0,0,0,0
15387749.27,4974824.717,15390749.27,4974824.717,15390749.27,4971824.717,15387749.27,4971824.717,63515106.93,0,0,0,0,0,0,0,0,0,0,,0,,0,0,0,0,0,0,0,0,0,0,0,0,0,0
15387749.27,4971824.717,15390749.27,4971824.717,15390749.27,4968824.717,15387749.27,4968824.717,63515106.93,0,0,0,0,0,0,0,0,0,0,,0,,0,0,0,0,0,0,0,0,0,0,0,0,0,0
15387749.27,4968824.717,15390749.27,4968824.717,15390749.27,4965824.717,15387749.27,4965824.717,63515106.93,0,0,0,0,0,0,0,0,0,0,,0,,0,0,0,0,0,0,0,0,0,0,0,0,0,0
15387749.27,4965824.717,15390749.27,4965824.717,15390749.27,4962824.717,15387749.27,4962824.717,63515106.93,0,0,0,0,0,0,0,0,0,0,,0,,0,0,0,0,0,0,0,0,0,0,0,0,0,0
15387749.27,4962824.717,15390749.27,4962824.717,15390749.27,4959824.717,15387749.27,4959824.717,63515106.93,0,0,0,0,0,0,0,0,0,0,,0,,0,0,0,0,0,0,0,0,0,0,0,0,0,0
15387749.27,4959824.717,15390749.27,4959824.717,15390749.27,4956824.717,15387749.27,4956824.717,63515106.93,0,0,0,0,0,0,0,0,0,0,,0,,0,0,0,0,0,0,0,0,0,0,0,0,0,0
15387749.27,4956824.717,15390749.27,4956824.717,15390749.27,4953824.717,15387749.27,4953824.717,63515106.93,0,0,0,0,0,0,0,0,0,0,,0,,0,0,0,0,0,0,0,0,0,0,0,0,0,0
15387749.27,4953824.717,15390749.27,4953824.717,15390749.27,4950824.717,15387749.27,4950824.717,63515106.93,0,0,0,0,0,0,0,0,0,0,,0,,0,0,0,0,0,0,0,0,0,0,0,0,0,0
15387749.27,4950824.717,15390749.27,4950824.717,15390749.27,4947824.717,15387749.27,4947824.717,63515106.93,0,0,0,0,0,0,0,0,0,0,,0,,0,0,0,0,0,0,0,0,0,0,0,0,0,0
15387749.27,4947824.717,15390749.27,4947824.717,15390749.27,4944824.717,15387749.27,4944824.717,63515106.93,0,0,0,0,0,0,0,0,0,0,,0,,0,0,0,0,0,0,0,0,0,0,0,0,0,0
15387749.27,4944824.717,15390749.27,4944824.717,15390749.27,4941824.717,15387749.27,4941824.717,63515106.93,0,0,0,0,0,0,0,0,0,0,,0,,0,0,0,0,0,0,0,0,0,0,0,0,0,0
15390749.27,5124824.717,15393749.27,5124824.717,15393749.27,5121824.717,15390749.27,5121824.717,63515106.93,0,0,0,0,0,0,0,0,0,0,,0,,0,0,0,0,0,0,0,0,0,0,0,0,0,0
15390749.27,5121824.717,15393749.27,5121824.717,15393749.27,5118824.717,15390749.27,5118824.717,63515106.93,0,0,0,0,0,0,0,0,0,0,,0,,0,0,0,0,0,0,0,0,0,0,0,0,0,0
15390749.27,5118824.717,15393749.27,5118824.717,15393749.27,5115824.717,15390749.27,5115824.717,63515106.93,0,0,0,0,0,0,0,0,0,0,,0,,0,0,0,0,0,0,0,0,0,0,0,0,0,0
15390749.27,5115824.717,15393749.27,5115824.717,15393749.27,5112824.717,15390749.27,5112824.717,63515106.93,0,0,0,4148.912732,4148.912732,0,0,0,0,0.2710139,,6.53E-05,,6.53E-05,0,1,0,1,4148.912732,4148.912732,4148.912732,0,0,0,0,0,0
15390749.27,5112824.717,15393749.27,5112824.717,15393749.27,5109824.717,15390749.27,5109824.717,63515106.93,0,0,0,7926.455416,7926.455416,0,0,0,0,0.989192942,,0.000124796,,0.000124796,0,1,0,1,7926.455416,7926.455416,7926.455416,0,0,0,0,0,0
15390749.27,5109824.717,15393749.27,5109824.717,15393749.27,5106824.717,15390749.27,5106824.717,63515106.93,0,0,0,9058.364499,9058.364499,0,0,0,0,1.291881119,,0.000142617,,0.000142617,0,1,0,1,9058.364499,9058.364499,9058.364499,0,0,0,0,0,0
15390749.27,5106824.717,15393749.27,5106824.717,15393749.27,5103824.717,15390749.27,5103824.717,63515106.93,0,0,0,8588.280065,8588.280065,0,0,0,0,1.161275766,,0.000135216,,0.000135216,0,1,0,1,8588.280065,8588.280065,8588.280065,0,0,0,0,0,0
15390749.27,5103824.717,15393749.27,5103824.717,15393749.27,5100824.717,15390749.27,5100824.717,63515106.93,0,0,0,6538.364069,6538.364069,0,0,0,0,0.673071443,,0.000102942,,0.000102942,0,1,0,1,6538.364069,6538.364069,6538.364069,0,0,0,0,0,0
15390749.27,5100824.717,15393749.27,5100824.717,15393749.27,5097824.717,15390749.27,5097824.717,63515106.93,7.87E-09,7.87E-09,6540.912952,3270.456476,3270.456476,0,0,0,0.33679816,0.16839908,,5.15E-05,,5.15E-05,0.5,1,0.5,1,3270.456476,3270.456476,3270.456476,0,0,1,0,7.87E-09,31757553.47
15390749.27,5097824.717,15393749.27,5097824.717,15393749.27,5094824.717,15390749.27,5094824.717,63515106.93,7.87E-09,7.87E-09,4970.999294,2485.499647,2485.499647,0,0,0,0.194527217,0.097263608,,3.91E-05,,3.91E-05,0.5,1,0.5,1,2485.499647,2485.499647,2485.499647,0,0,1,0,7.87E-09,31757553.47
15390749.27,5094824.717,15393749.27,5094824.717,15393749.27,5091824.717,15390749.27,5091824.717,63515106.93,7.87E-09,7.87E-09,6090.909885,262.8784241,2782.576518,0,0,0,0.292050073,0.073012518,,4.79E-05,,4.79E-05,0.5,2,0.5,2,1522.727471,262.8784241,2782.576518,0,0,1,0,7.87E-09,31757553.47
15390749.27,5091824.717,15393749.27,5091824.717,15393749.27,5088824.717,15390749.27,5088824.717,63515106.93,0,0,0,8561.220097,8561.220097,0,0,0,0,1.153969396,,0.00013479,,0.00013479,0,1,0,1,8561.220097,8561.220097,8561.220097,0,0,0,0,0,0
15390749.27,5088824.717,15393749.27,5088824.717,15393749.27,5085824.717,15390749.27,5085824.717,63515106.93,0,0,0,8746.545283,8746.545283,0,0,0,0,1.204470213,,0.000137708,,0.000137708,0,1,0,1,8746.545283,8746.545283,8746.545283,0,0,0,0,0,0
15390749.27,5085824.717,15393749.27,5085824.717,15393749.27,5082824.717,15390749.27,5082824.717,63515106.93,0,0,0,2835.282682,5339.594327,0,0,0,0,0.526084591,,0.000128708,,0.000128708,0,2,0,2,4087.439237,2835.284147,5339.594327,0,0,0,0,0,0
15390749.27,5082824.717,15393749.27,5082824.717,15393749.27,5079824.717,15390749.27,5079824.717,63515106.93,7.08E-08,2.36E-08,2869.840021,391.2594844,4422.30919,2,4,4.72E-08,0.583513429,0.656452608,,0.000203326,,0.000203326,4.5,7,1.5,4,3228.570024,576.5859026,8129.794684,0.666666667,2,9,3,9,3
15390749.27,5079824.717,15393749.27,5079824.717,15393749.27,5076824.717,15390749.27,5076824.717,63515106.93,4.72E-08,1.57E-08,6033.716115,2538.669688,4983.153194,2,4,3.15E-08,1.719546668,1.719546668,,0.00028499,,0.00028499,3,5,1,3,6033.716115,4154.114535,8963.880617,0.666666667,2,6,2,6,2
15390749.27,5076824.717,15393749.27,5076824.717,15393749.27,5073824.717,15390749.27,5073824.717,63515106.93,4.72E-08,1.57E-08,7390.663814,564.4954498,6849.783945,2,4,3.15E-08,2.579948972,1.934961729,,0.000349082,,0.000349082,3,6,1,4,5542.99786,3204.891218,7238.474565,0.666666667,2,6,2,6,2
15390749.27,5073824.717,15393749.27,5073824.717,15393749.27,5070824.717,15390749.27,5070824.717,63515106.93,0,0,0,5091.154331,8794.631794,0,0,0,0,2.000659252,,0.000307403,,0.000307403,0,3,0,3,6508.253384,5091.154331,8794.631794,0,0,0,0,0,0
15390749.27,5070824.717,15393749.27,5070824.717,15393749.27,5067824.717,15390749.27,5067824.717,63515106.93,0,0,0,8491.303567,8639.488276,0,0,0,0,2.310190783,,0.000269712,,0.000269712,0,2,0,2,8565.395922,8491.303567,8639.488276,0,0,0,0,0,0
15390749.27,5067824.717,15393749.27,5067824.717,15393749.27,5064824.717,15390749.27,5064824.717,63515106.93,0,0,0,3743.351551,8875.270392,0,0,0,0,1.253478325,,0.000198671,,0.000198671,0,2,0,2,6309.310972,3743.351551,8875.270392,0,0,0,0,0,0
15390749.27,5064824.717,15393749.27,5064824.717,15393749.27,5061824.717,15390749.27,5061824.717,63515106.93,0,0,0,6854.637945,6854.637945,0,0,0,0,0.739761982,,0.000107921,,0.000107921,0,1,0,1,6854.637945,6854.637945,6854.637945,0,0,0,0,0,0
15390749.27,5061824.717,15393749.27,5061824.717,15393749.27,5058824.717,15390749.27,5058824.717,63515106.93,0,0,0,8340.658315,8340.658315,0,0,0,0,1.09527614,,0.000131318,,0.000131318,0,1,0,1,8340.658315,8340.658315,8340.658315,0,0,0,0,0,0
15390749.27,5058824.717,15393749.27,5058824.717,15393749.27,5055824.717,15390749.27,5055824.717,63515106.93,0,0,0,8593.749687,8593.749687,0,0,0,0,1.162755402,,0.000135302,,0.000135302,0,1,0,1,8593.749687,8593.749687,8593.749687,0,0,0,0,0,0
15390749.27,5055824.717,15393749.27,5055824.717,15393749.27,5052824.717,15390749.27,5052824.717,63515106.93,0,0,0,2498.462432,2498.462432,0,0,0,0,0.098280784,,3.93E-05,,3.93E-05,0,1,0,1,2498.462432,2498.462432,2498.462432,0,0,0,0,0,0
15390749.27,5052824.717,15393749.27,5052824.717,15393749.27,5049824.717,15390749.27,5049824.717,63515106.93,7.87E-09,7.87E-09,8998.580444,4499.290222,4499.290222,0,0,0,0.637442444,0.318721222,,7.08E-05,,7.08E-05,0.5,1,0.5,1,4499.290222,4499.290222,4499.290222,0,0,1,0,7.87E-09,31757553.47
15390749.27,5049824.717,15393749.27,5049824.717,15393749.27,5046824.717,15390749.27,5046824.717,63515106.93,7.87E-09,7.87E-09,8849.037786,4424.518893,4424.518893,0,0,0,0.61643185,0.308215925,,6.97E-05,,6.97E-05,0.5,1,0.5,1,4424.518893,4424.518893,4424.518893,0,0,1,0,7.87E-09,31757553.47
15390749.27,5046824.717,15393749.27,5046824.717,15393749.27,5043824.717,15390749.27,5043824.717,63515106.93,7.87E-09,7.87E-09,4451.639781,2225.81989,2225.81989,0,0,0,0.156003018,0.078001509,,3.50E-05,,3.50E-05,0.5,1,0.5,1,2225.81989,2225.81989,2225.81989,0,0,1,0,7.87E-09,31757553.47
15390749.27,5043824.717,15393749.27,5043824.717,15393749.27,5040824.717,15390749.27,5040824.717,63515106.93,0,0,0,0,0,0,0,0,0,0,,0,,0,0,0,0,0,0,0,0,0,0,0,0,0,0
15390749.27,5040824.717,15393749.27,5040824.717,15393749.27,5037824.717,15390749.27,5037824.717,63515106.93,0,0,0,0,0,0,0,0,0,0,,0,,0,0,0,0,0,0,0,0,0,0,0,0,0,0
15390749.27,5037824.717,15393749.27,5037824.717,15393749.27,5034824.717,15390749.27,5034824.717,63515106.93,7.87E-09,7.87E-09,7902.026551,3951.013275,3951.013275,0,0,0,0.491552535,0.245776267,,6.22E-05,,6.22E-05,0.5,1,0.5,1,3951.013275,3951.013275,3951.013275,0,0,1,0,7.87E-09,31757553.47
15390749.27,5034824.717,15393749.27,5034824.717,15393749.27,5031824.717,15390749.27,5031824.717,63515106.93,7.87E-09,7.87E-09,11399.6433,5699.821649,5699.821649,0,0,0,1.022999674,0.511499837,,8.97E-05,,8.97E-05,0.5,1,0.5,1,5699.821649,5699.821649,5699.821649,0,0,1,0,7.87E-09,31757553.47
15390749.27,5031824.717,15393749.27,5031824.717,15393749.27,5028824.717,15390749.27,5028824.717,63515106.93,7.87E-09,7.87E-09,10640.58433,5320.292164,5320.292164,0,0,0,0.891300041,0.445650021,,8.38E-05,,8.38E-05,0.5,1,0.5,1,5320.292164,5320.292164,5320.292164,0,0,1,0,7.87E-09,31757553.47
15390749.27,5028824.717,15393749.27,5028824.717,15393749.27,5025824.717,15390749.27,5025824.717,63515106.93,0,0,0,0,0,0,0,0,0,0,,0,,0,0,0,0,0,0,0,0,0,0,0,0,0,0
15390749.27,5025824.717,15393749.27,5025824.717,15393749.27,5022824.717,15390749.27,5022824.717,63515106.93,0,0,0,3903.464954,3903.464954,0,0,0,0,0.239896292,,6.15E-05,,6.15E-05,0,1,0,1,3903.464954,3903.464954,3903.464954,0,0,0,0,0,0
15390749.27,5022824.717,15393749.27,5022824.717,15393749.27,5019824.717,15390749.27,5019824.717,63515106.93,0,0,0,1784.281317,8638.472825,0,0,0,0,0.855180831,,0.000164099,,0.000164099,0,2,0,2,5211.377071,1784.281317,8638.472825,0,0,0,0,0,0
15390749.27,5019824.717,15393749.27,5019824.717,15393749.27,5016824.717,15390749.27,5016824.717,63515106.93,0,0,0,8414.784575,8544.635171,0,0,0,0,2.264200849,,0.000267014,,0.000267014,0,2,0,2,8479.709872,8414.784575,8544.635169,0,0,0,0,0,0
15390749.27,5016824.717,15393749.27,5016824.717,15393749.27,5013824.717,15390749.27,5013824.717,63515106.93,0,0,0,517.5450151,8407.41483,0,0,0,0,0.627054823,,0.000140517,,0.000140517,0,2,0,2,4462.479923,517.5450151,8407.414831,0,0,0,0,0,0
15390749.27,5013824.717,15393749.27,5013824.717,15393749.27,5010824.717,15390749.27,5010824.717,63515106.93,0,0,0,0,0,0,0,0,0,0,,0,,0,0,0,0,0,0,0,0,0,0,0,0,0,0
15390749.27,5010824.717,15393749.27,5010824.717,15393749.27,5007824.717,15390749.27,5007824.717,63515106.93,0,0,0,0,0,0,0,0,0,0,,0,,0,0,0,0,0,0,0,0,0,0,0,0,0,0
15390749.27,5007824.717,15393749.27,5007824.717,15393749.27,5004824.717,15390749.27,5004824.717,63515106.93,0,0,0,6286.3847,6286.3847,0,0,0,0,0.622192648,,9.90E-05,,9.90E-05,0,1,0,1,6286.3847,6286.3847,6286.3847,0,0,0,0,0,0
15390749.27,5004824.717,15393749.27,5004824.717,15393749.27,5001824.717,15390749.27,5001824.717,63515106.93,7.87E-09,7.87E-09,14167.82581,7083.912904,7083.912904,0,0,0,1.580153902,0.790076951,,0.000111531,,0.000111531,0.5,1,0.5,1,7083.912904,7083.912904,7083.912904,0,0,1,0,7.87E-09,31757553.47
15390749.27,5001824.717,15393749.27,5001824.717,15393749.27,4998824.717,15390749.27,4998824.717,63515106.93,7.87E-09,7.87E-09,11110.96712,5555.48356,5555.48356,0,0,0,0.971844308,0.485922154,,8.75E-05,,8.75E-05,0.5,1,0.5,1,5555.48356,5555.48356,5555.48356,0,0,1,0,7.87E-09,31757553.47
15390749.27,4998824.717,15393749.27,4998824.717,15393749.27,4995824.717,15390749.27,4995824.717,63515106.93,0,0,0,0,0,0,0,0,0,0,,0,,0,0,0,0,0,0,0,0,0,0,0,0,0,0
15390749.27,4995824.717,15393749.27,4995824.717,15393749.27,4992824.717,15390749.27,4992824.717,63515106.93,0,0,0,0,0,0,0,0,0,0,,0,,0,0,0,0,0,0,0,0,0,0,0,0,0,0
15390749.27,4992824.717,15393749.27,4992824.717,15393749.27,4989824.717,15390749.27,4989824.717,63515106.93,0,0,0,0,0,0,0,0,0,0,,0,,0,0,0,0,0,0,0,0,0,0,0,0,0,0
15390749.27,4989824.717,15393749.27,4989824.717,15393749.27,4986824.717,15390749.27,4986824.717,63515106.93,0,0,0,0,0,0,0,0,0,0,,0,,0,0,0,0,0,0,0,0,0,0,0,0,0,0
15390749.27,4986824.717,15393749.27,4986824.717,15393749.27,4983824.717,15390749.27,4983824.717,63515106.93,7.87E-09,7.87E-09,1101.833918,550.9169592,550.9169592,0,0,0,0.009557081,0.00477854,,8.67E-06,,8.67E-06,0.5,1,0.5,1,550.9169592,550.9169592,550.9169592,0,0,1,0,7.87E-09,31757553.47
15390749.27,4983824.717,15393749.27,4983824.717,15393749.27,4980824.717,15390749.27,4980824.717,63515106.93,0,0,0,0,0,0,0,0,0,0,,0,,0,0,0,0,0,0,0,0,0,0,0,0,0,0
15390749.27,4980824.717,15393749.27,4980824.717,15393749.27,4977824.717,15390749.27,4977824.717,63515106.93,0,0,0,0,0,0,0,0,0,0,,0,,0,0,0,0,0,0,0,0,0,0,0,0,0,0
15390749.27,4977824.717,15393749.27,4977824.717,15393749.27,4974824.717,15390749.27,4974824.717,63515106.93,0,0,0,0,0,0,0,0,0,0,,0,,0,0,0,0,0,0,0,0,0,0,0,0,0,0
15390749.27,4974824.717,15393749.27,4974824.717,15393749.27,4971824.717,15390749.27,4971824.717,63515106.93,0,0,0,0,0,0,0,0,0,0,,0,,0,0,0,0,0,0,0,0,0,0,0,0,0,0
15390749.27,4971824.717,15393749.27,4971824.717,15393749.27,4968824.717,15390749.27,4968824.717,63515106.93,0,0,0,0,0,0,0,0,0,0,,0,,0,0,0,0,0,0,0,0,0,0,0,0,0,0
15390749.27,4968824.717,15393749.27,4968824.717,15393749.27,4965824.717,15390749.27,4965824.717,63515106.93,0,0,0,0,0,0,0,0,0,0,,0,,0,0,0,0,0,0,0,0,0,0,0,0,0,0
15390749.27,4965824.717,15393749.27,4965824.717,15393749.27,4962824.717,15390749.27,4962824.717,63515106.93,0,0,0,0,0,0,0,0,0,0,,0,,0,0,0,0,0,0,0,0,0,0,0,0,0,0
15390749.27,4962824.717,15393749.27,4962824.717,15393749.27,4959824.717,15390749.27,4959824.717,63515106.93,0,0,0,0,0,0,0,0,0,0,,0,,0,0,0,0,0,0,0,0,0,0,0,0,0,0
15390749.27,4959824.717,15393749.27,4959824.717,15393749.27,4956824.717,15390749.27,4956824.717,63515106.93,0,0,0,0,0,0,0,0,0,0,,0,,0,0,0,0,0,0,0,0,0,0,0,0,0,0
15390749.27,4956824.717,15393749.27,4956824.717,15393749.27,4953824.717,15390749.27,4953824.717,63515106.93,0,0,0,0,0,0,0,0,0,0,,0,,0,0,0,0,0,0,0,0,0,0,0,0,0,0
15390749.27,4953824.717,15393749.27,4953824.717,15393749.27,4950824.717,15390749.27,4950824.717,63515106.93,0,0,0,0,0,0,0,0,0,0,,0,,0,0,0,0,0,0,0,0,0,0,0,0,0,0
15390749.27,4950824.717,15393749.27,4950824.717,15393749.27,4947824.717,15390749.27,4947824.717,63515106.93,0,0,0,0,0,0,0,0,0,0,,0,,0,0,0,0,0,0,0,0,0,0,0,0,0,0
15390749.27,4947824.717,15393749.27,4947824.717,15393749.27,4944824.717,15390749.27,4944824.717,63515106.93,0,0,0,0,0,0,0,0,0,0,,0,,0,0,0,0,0,0,0,0,0,0,0,0,0,0
15390749.27,4944824.717,15393749.27,4944824.717,15393749.27,4941824.717,15390749.27,4941824.717,63515106.93,0,0,0,0,0,0,0,0,0,0,,0,,0,0,0,0,0,0,0,0,0,0,0,0,0,0
15393749.27,5124824.717,15396749.27,5124824.717,15396749.27,5121824.717,15393749.27,5121824.717,63515106.93,0,0,0,0,0,0,0,0,0,0,,0,,0,0,0,0,0,0,0,0,0,0,0,0,0,0
15393749.27,5121824.717,15396749.27,5121824.717,15396749.27,5118824.717,15393749.27,5118824.717,63515106.93,0,0,0,0,0,0,0,0,0,0,,0,,0,0,0,0,0,0,0,0,0,0,0,0,0,0
15393749.27,5118824.717,15396749.27,5118824.717,15396749.27,5115824.717,15393749.27,5115824.717,63515106.93,0,0,0,1736.742561,1736.742561,0,0,0,0,0.047489091,,2.73E-05,,2.73E-05,0,1,0,1,1736.742561,1736.742561,1736.742561,0,0,0,0,0,0
15393749.27,5115824.717,15396749.27,5115824.717,15396749.27,5112824.717,15393749.27,5112824.717,63515106.93,0,0,0,7797.43917,7797.43917,0,0,0,0,0.957253487,,0.000122765,,0.000122765,0,1,0,1,7797.43917,7797.43917,7797.43917,0,0,0,0,0,0
15393749.27,5112824.717,15396749.27,5112824.717,15396749.27,5109824.717,15393749.27,5109824.717,63515106.93,0,0,0,9069.253255,9069.253255,0,0,0,0,1.294988839,,0.000142789,,0.000142789,0,1,0,1,9069.253255,9069.253255,9069.253255,0,0,0,0,0,0
15393749.27,5109824.717,15396749.27,5109824.717,15396749.27,5106824.717,15393749.27,5106824.717,63515106.93,0,0,0,8235.489914,8235.489914,0,0,0,0,1.067829331,,0.000129662,,0.000129662,0,1,0,1,8235.489914,8235.489914,8235.489914,0,0,0,0,0,0
15393749.27,5106824.717,15396749.27,5106824.717,15396749.27,5103824.717,15393749.27,5103824.717,63515106.93,0,0,0,3611.522696,3611.522696,0,0,0,0,0.205354235,,5.69E-05,,5.69E-05,0,1,0,1,3611.522696,3611.522696,3611.522696,0,0,0,0,0,0
15393749.27,5103824.717,15396749.27,5103824.717,15396749.27,5100824.717,15393749.27,5100824.717,63515106.93,0,0,0,5793.139788,5793.139788,0,0,0,0,0.528385611,,9.12E-05,,9.12E-05,0,1,0,1,5793.139788,5793.139788,5793.139788,0,0,0,0,0,0
15393749.27,5100824.717,15396749.27,5100824.717,15396749.27,5097824.717,15393749.27,5097824.717,63515106.93,7.87E-09,7.87E-09,13184.53543,6592.267715,6592.267715,0,0,0,1.368430149,0.684215075,,0.000103791,,0.000103791,0.5,1,0.5,1,6592.267715,6592.267715,6592.267715,0,0,1,0,7.87E-09,31757553.47
15393749.27,5097824.717,15396749.27,5097824.717,15396749.27,5094824.717,15393749.27,5094824.717,63515106.93,7.87E-09,7.87E-09,9417.609565,4708.804783,4708.804783,0,0,0,0.698191141,0.34909557,,7.41E-05,,7.41E-05,0.5,1,0.5,1,4708.804783,4708.804783,4708.804783,0,0,1,0,7.87E-09,31757553.47
15393749.27,5094824.717,15396749.27,5094824.717,15396749.27,5091824.717,15393749.27,5091824.717,63515106.93,7.87E-09,7.87E-09,17967.47485,1092.824691,7890.912736,0,0,0,2.541365104,0.635341276,,0.000141443,,0.000141443,0.5,2,0.5,2,4491.868713,1092.824691,7890.912736,0,0,1,0,7.87E-09,31757553.47
15393749.27,5091824.717,15396749.27,5091824.717,15396749.27,5088824.717,15393749.27,5088824.717,63515106.93,0,0,0,9048.95803,9048.95803,0,0,0,0,1.289199458,,0.000142469,,0.000142469,0,1,0,1,9048.95803,9048.95803,9048.95803,0,0,0,0,0,0
15393749.27,5088824.717,15396749.27,5088824.717,15396749.27,5085824.717,15393749.27,5085824.717,63515106.93,0,0,0,7345.128711,7345.128711,0,0,0,0,0.849418641,,0.000115644,,0.000115644,0,1,0,1,7345.128711,7345.128711,7345.128711,0,0,0,0,0,0
15393749.27,5085824.717,15396749.27,5085824.717,15396749.27,5082824.717,15393749.27,5082824.717,63515106.93,0,0,0,0,0,0,0,0,0,0,,0,,0,0,0,0,0,0,0,0,0,0,0,0,0,0
15393749.27,5082824.717,15396749.27,5082824.717,15396749.27,5079824.717,15393749.27,5079824.717,63515106.93,4.72E-08,1.57E-08,1818.269911,304.7412373,2538.669688,2,4,3.15E-08,0.156156809,0.156156809,,8.59E-05,,8.59E-05,3,5,1,3,1818.269911,304.7412373,4587.054687,0.666666667,2,6,2,6,2
15393749.27,5079824.717,15396749.27,5079824.717,15396749.27,5076824.717,15393749.27,5076824.717,63515106.93,4.72E-08,1.57E-08,4004.695389,725.4094128,5165.513378,2,4,3.15E-08,0.757500976,0.757500976,,0.000189153,,0.000189153,3,5,1,3,4004.695389,825.5728562,8429.592638,0.666666667,2,6,2,6,2
15393749.27,5076824.717,15396749.27,5076824.717,15396749.27,5073824.717,15393749.27,5073824.717,63515106.93,1.18E-07,3.94E-08,3294.455662,87.96518176,5424.24308,1.733333333,3.2,6.30E-08,1.281597241,1.601996551,,0.000389016,,0.000389016,7.5,10,2.5,6,4118.069577,828.0399779,7673.2866,0.533333333,1.6,13.4,3.000000016,13.00000002,63515109.93
15393749.27,5073824.717,15396749.27,5073824.717,15396749.27,5070824.717,15393749.27,5070824.717,63515106.93,9.45E-08,3.15E-08,3740.271227,87.96518176,7579.617545,1.666666667,3,4.72E-08,1.321540294,1.585848353,,0.000353327,,0.000353327,6,8,2,5,4488.325472,828.0399779,8630.293752,0.5,1.5,10.5,2.000000016,10.00000002,63515108.93
15393749.27,5070824.717,15396749.27,5070824.717,15396749.27,5067824.717,15393749.27,5067824.717,63515106.93,0,0,0,6833.064556,8903.83229,0,0,0,0,1.949535585,,0.000247766,,0.000247766,0,2,0,2,7868.448422,6833.064556,8903.832289,0,0,0,0,0,0
15393749.27,5067824.717,15396749.27,5067824.717,15396749.27,5064824.717,15393749.27,5064824.717,63515106.93,0,0,0,7042.201539,7042.201539,0,0,0,0,0.780800111,,0.000110874,,0.000110874,0,1,0,1,7042.201539,7042.201539,7042.201539,0,0,0,0,0,0
15393749.27,5064824.717,15396749.27,5064824.717,15396749.27,5061824.717,15393749.27,5061824.717,63515106.93,7.87E-09,7.87E-09,8495.760772,4247.880386,4247.880386,0,0,0,0.568195147,0.284097574,,6.69E-05,,6.69E-05,0.5,1,0.5,1,4247.880386,4247.880386,4247.880386,0,0,1,0,7.87E-09,31757553.47
15393749.27,5061824.717,15396749.27,5061824.717,15396749.27,5058824.717,15393749.27,5058824.717,63515106.93,7.87E-09,7.87E-09,21570.57847,2542.820774,8242.468462,0,0,0,3.662828247,0.915707062,,0.000169807,,0.000169807,0.5,2,0.5,2,5392.644618,2542.820774,8242.468462,0,0,1,0,7.87E-09,31757553.47
15393749.27,5058824.717,15396749.27,5058824.717,15396749.27,5055824.717,15393749.27,5055824.717,63515106.93,7.87E-09,7.87E-09,17689.79585,169.2676569,8675.630269,0,0,0,2.463420849,0.615855212,,0.000139257,,0.000139257,0.5,2,0.5,2,4422.448963,169.2676569,8675.630269,0,0,1,0,7.87E-09,31757553.47
15393749.27,5055824.717,15396749.27,5055824.717,15396749.27,5052824.717,15393749.27,5052824.717,63515106.93,0,0,0,3139.122856,3139.122856,0,0,0,0,0.155145646,,4.94E-05,,4.94E-05,0,1,0,1,3139.122856,3139.122856,3139.122856,0,0,0,0,0,0
15393749.27,5052824.717,15396749.27,5052824.717,15396749.27,5049824.717,15393749.27,5049824.717,63515106.93,7.87E-09,7.87E-09,1608.471971,804.2359856,804.2359856,0,0,0,0.020366667,0.010183334,,1.27E-05,,1.27E-05,0.5,1,0.5,1,804.2359856,804.2359856,804.2359856,0,0,1,0,7.87E-09,31757553.47
15393749.27,5049824.717,15396749.27,5049824.717,15396749.27,5046824.717,15393749.27,5046824.717,63515106.93,7.87E-09,7.87E-09,3054.394306,1527.197153,1527.197153,0,0,0,0.073441776,0.036720888,,2.40E-05,,2.40E-05,0.5,1,0.5,1,1527.197153,1527.197153,1527.197153,0,0,1,0,7.87E-09,31757553.47
15393749.27,5046824.717,15396749.27,5046824.717,15396749.27,5043824.717,15393749.27,5043824.717,63515106.93,7.87E-09,7.87E-09,181.1610654,90.58053271,90.58053271,0,0,0,0.000258358,0.000129179,,1.43E-06,,1.43E-06,0.5,1,0.5,1,90.58053271,90.58053271,90.58053271,0,0,1,0,7.87E-09,31757553.47
15393749.27,5043824.717,15396749.27,5043824.717,15396749.27,5040824.717,15393749.27,5040824.717,63515106.93,0,0,0,0,0,0,0,0,0,0,,0,,0,0,0,0,0,0,0,0,0,0,0,0,0,0
15393749.27,5040824.717,15396749.27,5040824.717,15396749.27,5037824.717,15393749.27,5037824.717,63515106.93,0,0,0,0,0,0,0,0,0,0,,0,,0,0,0,0,0,0,0,0,0,0,0,0,0,0
15393749.27,5037824.717,15396749.27,5037824.717,15396749.27,5034824.717,15393749.27,5034824.717,63515106.93,7.87E-09,7.87E-09,3054.588231,1527.294116,1527.294116,0,0,0,0.073451103,0.036725551,,2.40E-05,,2.40E-05,0.5,1,0.5,1,1527.294116,1527.294116,1527.294116,0,0,1,0,7.87E-09,31757553.47
15393749.27,5034824.717,15396749.27,5034824.717,15396749.27,5031824.717,15393749.27,5031824.717,63515106.93,7.87E-09,7.87E-09,5441.526081,2720.763041,2720.763041,0,0,0,0.233095775,0.116547887,,4.28E-05,,4.28E-05,0.5,1,0.5,1,2720.763041,2720.763041,2720.763041,0,0,1,0,7.87E-09,31757553.47
15393749.27,5031824.717,15396749.27,5031824.717,15396749.27,5028824.717,15393749.27,5028824.717,63515106.93,7.87E-09,7.87E-09,3161.833456,1580.916728,1580.916728,0,0,0,0.078699315,0.039349657,,2.49E-05,,2.49E-05,0.5,1,0.5,1,1580.916728,1580.916728,1580.916728,0,0,1,0,7.87E-09,31757553.47
15393749.27,5028824.717,15396749.27,5028824.717,15396749.27,5025824.717,15393749.27,5025824.717,63515106.93,0,0,0,0,0,0,0,0,0,0,,0,,0,0,0,0,0,0,0,0,0,0,0,0,0,0
15393749.27,5025824.717,15396749.27,5025824.717,15396749.27,5022824.717,15393749.27,5022824.717,63515106.93,0,0,0,6286.884788,6286.884788,0,0,0,0,0.622291644,,9.90E-05,,9.90E-05,0,1,0,1,6286.884788,6286.884788,6286.884788,0,0,0,0,0,0
15393749.27,5022824.717,15396749.27,5022824.717,15396749.27,5019824.717,15393749.27,5019824.717,63515106.93,0,0,0,1307.216678,8966.787559,0,0,0,0,0.830945331,,0.000161757,,0.000161757,0,2,0,2,5137.002118,1307.216678,8966.787559,0,0,0,0,0,0
15393749.27,5019824.717,15396749.27,5019824.717,15396749.27,5016824.717,15393749.27,5016824.717,63515106.93,0,0,0,7470.100848,8512.265409,0,0,0,0,2.010828947,,0.000251631,,0.000251631,0,2,0,2,7991.183129,7470.100848,8512.265409,0,0,0,0,0,0
15393749.27,5016824.717,15396749.27,5016824.717,15396749.27,5013824.717,15393749.27,5013824.717,63515106.93,0,0,0,8437.196785,8437.196785,0,0,0,0,1.120777293,,0.000132838,,0.000132838,0,1,0,1,8437.196785,8437.196785,8437.196785,0,0,0,0,0,0
15393749.27,5013824.717,15396749.27,5013824.717,15396749.27,5010824.717,15393749.27,5010824.717,63515106.93,0,0,0,0,0,0,0,0,0,0,,0,,0,0,0,0,0,0,0,0,0,0,0,0,0,0
15393749.27,5010824.717,15396749.27,5010824.717,15396749.27,5007824.717,15393749.27,5007824.717,63515106.93,0,0,0,0,0,0,0,0,0,0,,0,,0,0,0,0,0,0,0,0,0,0,0,0,0,0
15393749.27,5007824.717,15396749.27,5007824.717,15396749.27,5004824.717,15393749.27,5004824.717,63515106.93,7.87E-09,7.87E-09,5154.492042,2577.246021,2577.246021,0,0,0,0.209153298,0.104576649,,4.06E-05,,4.06E-05,0.5,1,0.5,1,2577.246021,2577.246021,2577.246021,0,0,1,0,7.87E-09,31757553.47
15393749.27,5004824.717,15396749.27,5004824.717,15396749.27,5001824.717,15393749.27,5001824.717,63515106.93,7.87E-09,7.87E-09,8128.714556,4064.357278,4064.357278,0,0,0,0.520159719,0.260079859,,6.40E-05,,6.40E-05,0.5,1,0.5,1,4064.357278,4064.357278,4064.357278,0,0,1,0,7.87E-09,31757553.47
15393749.27,5001824.717,15396749.27,5001824.717,15396749.27,4998824.717,15393749.27,4998824.717,63515106.93,7.87E-09,7.87E-09,6104.703582,3052.351791,3052.351791,0,0,0,0.293374345,0.146687173,,4.81E-05,,4.81E-05,0.5,1,0.5,1,3052.351791,3052.351791,3052.351791,0,0,1,0,7.87E-09,31757553.47
15393749.27,4998824.717,15396749.27,4998824.717,15396749.27,4995824.717,15393749.27,4995824.717,63515106.93,0,0,0,0,0,0,0,0,0,0,,0,,0,0,0,0,0,0,0,0,0,0,0,0,0,0
15393749.27,4995824.717,15396749.27,4995824.717,15396749.27,4992824.717,15393749.27,4992824.717,63515106.93,0,0,0,0,0,0,0,0,0,0,,0,,0,0,0,0,0,0,0,0,0,0,0,0,0,0
15393749.27,4992824.717,15396749.27,4992824.717,15396749.27,4989824.717,15393749.27,4989824.717,63515106.93,0,0,0,0,0,0,0,0,0,0,,0,,0,0,0,0,0,0,0,0,0,0,0,0,0,0
15393749.27,4989824.717,15396749.27,4989824.717,15396749.27,4986824.717,15393749.27,4986824.717,63515106.93,0,0,0,0,0,0,0,0,0,0,,0,,0,0,0,0,0,0,0,0,0,0,0,0,0,0
15393749.27,4986824.717,15396749.27,4986824.717,15396749.27,4983824.717,15393749.27,4983824.717,63515106.93,0,0,0,0,0,0,0,0,0,0,,0,,0,0,0,0,0,0,0,0,0,0,0,0,0,0
15393749.27,4983824.717,15396749.27,4983824.717,15396749.27,4980824.717,15393749.27,4980824.717,63515106.93,0,0,0,0,0,0,0,0,0,0,,0,,0,0,0,0,0,0,0,0,0,0,0,0,0,0
15393749.27,4980824.717,15396749.27,4980824.717,15396749.27,4977824.717,15393749.27,4977824.717,63515106.93,0,0,0,0,0,0,0,0,0,0,,0,,0,0,0,0,0,0,0,0,0,0,0,0,0,0
15393749.27,4977824.717,15396749.27,4977824.717,15396749.27,4974824.717,15393749.27,4974824.717,63515106.93,0,0,0,0,0,0,0,0,0,0,,0,,0,0,0,0,0,0,0,0,0,0,0,0,0,0
15393749.27,4974824.717,15396749.27,4974824.717,15396749.27,4971824.717,15393749.27,4971824.717,63515106.93,0,0,0,0,0,0,0,0,0,0,,0,,0,0,0,0,0,0,0,0,0,0,0,0,0,0
15393749.27,4971824.717,15396749.27,4971824.717,15396749.27,4968824.717,15393749.27,4968824.717,63515106.93,0,0,0,0,0,0,0,0,0,0,,0,,0,0,0,0,0,0,0,0,0,0,0,0,0,0
15393749.27,4968824.717,15396749.27,4968824.717,15396749.27,4965824.717,15393749.27,4965824.717,63515106.93,0,0,0,0,0,0,0,0,0,0,,0,,0,0,0,0,0,0,0,0,0,0,0,0,0,0
15393749.27,4965824.717,15396749.27,4965824.717,15396749.27,4962824.717,15393749.27,4962824.717,63515106.93,7.87E-09,7.87E-09,2308.436562,1154.218281,1154.218281,0,0,0,0.0419497,0.02097485,,1.82E-05,,1.82E-05,0.5,1,0.5,1,1154.218281,1154.218281,1154.218281,0,0,1,0,7.87E-09,31757553.47
15393749.27,4962824.717,15396749.27,4962824.717,15396749.27,4959824.717,15393749.27,4959824.717,63515106.93,0,0,0,0,0,0,0,0,0,0,,0,,0,0,0,0,0,0,0,0,0,0,0,0,0,0
15393749.27,4959824.717,15396749.27,4959824.717,15396749.27,4956824.717,15393749.27,4956824.717,63515106.93,0,0,0,0,0,0,0,0,0,0,,0,,0,0,0,0,0,0,0,0,0,0,0,0,0,0
15393749.27,4956824.717,15396749.27,4956824.717,15396749.27,4953824.717,15393749.27,4953824.717,63515106.93,0,0,0,0,0,0,0,0,0,0,,0,,0,0,0,0,0,0,0,0,0,0,0,0,0,0
15393749.27,4953824.717,15396749.27,4953824.717,15396749.27,4950824.717,15393749.27,4950824.717,63515106.93,0,0,0,0,0,0,0,0,0,0,,0,,0,0,0,0,0,0,0,0,0,0,0,0,0,0
15393749.27,4950824.717,15396749.27,4950824.717,15396749.27,4947824.717,15393749.27,4947824.717,63515106.93,0,0,0,0,0,0,0,0,0,0,,0,,0,0,0,0,0,0,0,0,0,0,0,0,0,0
15393749.27,4947824.717,15396749.27,4947824.717,15396749.27,4944824.717,15393749.27,4944824.717,63515106.93,0,0,0,0,0,0,0,0,0,0,,0,,0,0,0,0,0,0,0,0,0,0,0,0,0,0
15393749.27,4944824.717,15396749.27,4944824.717,15396749.27,4941824.717,15393749.27,4941824.717,63515106.93,0,0,0,0,0,0,0,0,0,0,,0,,0,0,0,0,0,0,0,0,0,0,0,0,0,0
15396749.27,5124824.717,15399749.27,5124824.717,15399749.27,5121824.717,15396749.27,5121824.717,63515106.93,0,0,0,0,0,0,0,0,0,0,,0,,0,0,0,0,0,0,0,0,0,0,0,0,0,0
15396749.27,5121824.717,15399749.27,5121824.717,15399749.27,5118824.717,15396749.27,5118824.717,63515106.93,0,0,0,0,0,0,0,0,0,0,,0,,0,0,0,0,0,0,0,0,0,0,0,0,0,0
15396749.27,5118824.717,15399749.27,5118824.717,15399749.27,5115824.717,15396749.27,5115824.717,63515106.93,0,0,0,6749.315508,6749.315508,0,0,0,0,0.717203545,,0.000106263,,0.000106263,0,1,0,1,6749.315508,6749.315508,6749.315508,0,0,0,0,0,0
15396749.27,5115824.717,15399749.27,5115824.717,15399749.27,5112824.717,15396749.27,5112824.717,63515106.93,0,0,0,8958.354255,8958.354255,0,0,0,0,1.263512176,,0.000141043,,0.000141043,0,1,0,1,8958.354255,8958.354255,8958.354255,0,0,0,0,0,0
15396749.27,5112824.717,15399749.27,5112824.717,15399749.27,5109824.717,15396749.27,5109824.717,63515106.93,0,0,0,8227.729133,8227.729133,0,0,0,0,1.065817724,,0.00012954,,0.00012954,0,1,0,1,8227.729133,8227.729133,8227.729133,0,0,0,0,0,0
15396749.27,5109824.717,15399749.27,5109824.717,15399749.27,5106824.717,15396749.27,5106824.717,63515106.93,0,0,0,0,0,0,0,0,0,0,,0,,0,0,0,0,0,0,0,0,0,0,0,0,0,0
15396749.27,5106824.717,15399749.27,5106824.717,15399749.27,5103824.717,15396749.27,5103824.717,63515106.93,0,0,0,3950.887875,3950.887875,0,0,0,0,0.245760666,,6.22E-05,,6.22E-05,0,1,0,1,3950.887875,3950.887875,3950.887875,0,0,0,0,0,0
15396749.27,5103824.717,15399749.27,5103824.717,15399749.27,5100824.717,15396749.27,5100824.717,63515106.93,0,0,0,8376.956882,8376.956882,0,0,0,0,1.104830173,,0.000131889,,0.000131889,0,1,0,1,8376.956882,8376.956882,8376.956882,0,0,0,0,0,0
15396749.27,5100824.717,15399749.27,5100824.717,15399749.27,5097824.717,15396749.27,5097824.717,63515106.93,0,0,0,8862.629107,8862.629107,0,0,0,0,1.236653742,,0.000139536,,0.000139536,0,1,0,1,8862.629107,8862.629107,8862.629107,0,0,0,0,0,0
15396749.27,5097824.717,15399749.27,5097824.717,15399749.27,5094824.717,15396749.27,5094824.717,63515106.93,7.87E-09,7.87E-09,26023.43422,6015.243768,6996.473344,0,0,0,5.331165777,1.332791444,,0.00020486,,0.00020486,0.5,2,0.5,2,6505.858556,6015.243768,6996.473344,0,0,1,0,7.87E-09,31757553.47
15396749.27,5094824.717,15399749.27,5094824.717,15399749.27,5091824.717,15396749.27,5091824.717,63515106.93,0,0,0,8972.577074,8972.577074,0,0,0,0,1.267527416,,0.000141267,,0.000141267,0,1,0,1,8972.577074,8972.577074,8972.577074,0,0,0,0,0,0
15396749.27,5091824.717,15399749.27,5091824.717,15399749.27,5088824.717,15396749.27,5088824.717,63515106.93,0,0,0,8141.637618,8141.637618,0,0,0,0,1.043629875,,0.000128184,,0.000128184,0,1,0,1,8141.637618,8141.637618,8141.637618,0,0,0,0,0,0
15396749.27,5088824.717,15399749.27,5088824.717,15399749.27,5085824.717,15396749.27,5085824.717,63515106.93,0,0,0,3222.526519,3222.526519,0,0,0,0,0.163499326,,5.07E-05,,5.07E-05,0,1,0,1,3222.526519,3222.526519,3222.526519,0,0,0,0,0,0
15396749.27,5085824.717,15399749.27,5085824.717,15399749.27,5082824.717,15396749.27,5082824.717,63515106.93,7.87E-09,7.87E-09,5010.007059,2505.00353,2505.00353,0,0,0,0.197592132,0.098796066,,3.94E-05,,3.94E-05,0.5,1,0.5,1,2505.00353,2505.00353,2505.00353,0,0,1,0,7.87E-09,31757553.47
15396749.27,5082824.717,15399749.27,5082824.717,15399749.27,5079824.717,15396749.27,5079824.717,63515106.93,7.87E-09,7.87E-09,9168.453362,970.7923479,3613.434261,0,0,0,0.661736562,0.165434141,,7.22E-05,,7.22E-05,0.5,2,0.5,2,2292.113341,970.7923479,3613.434333,0,0,1,0,7.87E-09,31757553.47
15396749.27,5079824.717,15399749.27,5079824.717,15399749.27,5076824.717,15396749.27,5076824.717,63515106.93,9.45E-08,3.15E-08,2595.246298,37.27225788,7491.997446,1.666666667,3,4.72E-08,0.636255248,0.763506297,,0.000245162,,0.000245162,6,8,2,5,3114.295558,653.5183803,7529.269763,0.5,1.5,10.5,2.000000016,10.00000002,63515108.93
15396749.27,5076824.717,15399749.27,5076824.717,15399749.27,5073824.717,15396749.27,5073824.717,63515106.93,9.45E-08,3.15E-08,3207.264925,87.96518176,5647.113033,1.666666667,3,4.72E-08,0.971726141,1.16607137,,0.000302977,,0.000302977,6,8,2,5,3848.71791,828.0399779,8894.4202,0.5,1.5,10.5,2.000000016,10.00000002,63515108.93
15396749.27,5073824.717,15399749.27,5073824.717,15399749.27,5070824.717,15396749.27,5070824.717,63515106.93,9.45E-08,3.15E-08,3059.446952,87.96518176,5582.299765,1.666666667,3,4.72E-08,0.884219466,1.061063359,,0.000289013,,0.000289013,6,8,2,5,3671.336343,828.0399779,8731.425616,0.5,1.5,10.5,2.000000016,10.00000002,63515108.93
15396749.27,5070824.717,15399749.27,5070824.717,15399749.27,5067824.717,15396749.27,5067824.717,63515106.93,7.87E-09,7.87E-09,21081.0786,846.6482826,6930.899516,0,0,0,3.498473799,0.583078967,,0.000165953,,0.000165953,0.5,3,0.5,3,3513.5131,846.6482826,6930.899443,0,0,1,0,7.87E-09,31757553.47
15396749.27,5067824.717,15399749.27,5067824.717,15399749.27,5064824.717,15396749.27,5064824.717,63515106.93,7.87E-09,7.87E-09,12813.95586,6406.977929,6406.977929,0,0,0,1.292585911,0.646292956,,0.000100873,,0.000100873,0.5,1,0.5,1,6406.977929,6406.977929,6406.977929,0,0,1,0,7.87E-09,31757553.47
15396749.27,5064824.717,15399749.27,5064824.717,15399749.27,5061824.717,15396749.27,5061824.717,63515106.93,7.87E-09,7.87E-09,14119.77909,7059.889544,7059.889544,0,0,0,1.569454663,0.784727331,,0.000111153,,0.000111153,0.5,1,0.5,1,7059.889544,7059.889544,7059.889544,0,0,1,0,7.87E-09,31757553.47
15396749.27,5061824.717,15399749.27,5061824.717,15399749.27,5058824.717,15396749.27,5058824.717,63515106.93,7.87E-09,7.87E-09,24928.85343,4417.60052,8046.826195,0,0,0,4.89212538,1.223031345,,0.000196243,,0.000196243,0.5,2,0.5,2,6232.213358,4417.60052,8046.826195,0,0,1,0,7.87E-09,31757553.47
15396749.27,5058824.717,15399749.27,5058824.717,15399749.27,5055824.717,15396749.27,5055824.717,63515106.93,7.87E-09,7.87E-09,20469.64181,1443.932749,8790.888157,0,0,0,3.298476978,0.824619244,,0.00016114,,0.00016114,0.5,2,0.5,2,5117.410453,1443.932749,8790.888157,0,0,1,0,7.87E-09,31757553.47
15396749.27,5055824.717,15399749.27,5055824.717,15399749.27,5052824.717,15396749.27,5052824.717,63515106.93,0,0,0,3907.233349,3907.233349,0,0,0,0,0.240359706,,6.15E-05,,6.15E-05,0,1,0,1,3907.233349,3907.233349,3907.233349,0,0,0,0,0,0
15396749.27,5052824.717,15399749.27,5052824.717,15399749.27,5049824.717,15396749.27,5049824.717,63515106.93,0,0,0,0,0,0,0,0,0,0,,0,,0,0,0,0,0,0,0,0,0,0,0,0,0,0
15396749.27,5049824.717,15399749.27,5049824.717,15399749.27,5046824.717,15396749.27,5046824.717,63515106.93,0,0,0,0,0,0,0,0,0,0,,0,,0,0,0,0,0,0,0,0,0,0,0,0,0,0
15396749.27,5046824.717,15399749.27,5046824.717,15399749.27,5043824.717,15396749.27,5043824.717,63515106.93,0,0,0,0,0,0,0,0,0,0,,0,,0,0,0,0,0,0,0,0,0,0,0,0,0,0
15396749.27,5043824.717,15399749.27,5043824.717,15399749.27,5040824.717,15396749.27,5040824.717,63515106.93,0,0,0,0,0,0,0,0,0,0,,0,,0,0,0,0,0,0,0,0,0,0,0,0,0,0
15396749.27,5040824.717,15399749.27,5040824.717,15399749.27,5037824.717,15396749.27,5037824.717,63515106.93,0,0,0,0,0,0,0,0,0,0,,0,,0,0,0,0,0,0,0,0,0,0,0,0,0,0
15396749.27,5037824.717,15399749.27,5037824.717,15399749.27,5034824.717,15396749.27,5034824.717,63515106.93,0,0,0,0,0,0,0,0,0,0,,0,,0,0,0,0,0,0,0,0,0,0,0,0,0,0
15396749.27,5034824.717,15399749.27,5034824.717,15399749.27,5031824.717,15396749.27,5031824.717,63515106.93,7.87E-09,7.87E-09,837.4028797,418.7014398,418.7014398,0,0,0,0.00552029,0.002760145,,6.59E-06,,6.59E-06,0.5,1,0.5,1,418.7014398,418.7014398,418.7014398,0,0,1,0,7.87E-09,31757553.47
15396749.27,5031824.717,15399749.27,5031824.717,15399749.27,5028824.717,15396749.27,5028824.717,63515106.93,7.87E-09,7.87E-09,67.80692109,33.90346055,33.90346055,0,0,0,3.62E-05,1.81E-05,,5.34E-07,,5.34E-07,0.5,1,0.5,1,33.90346055,33.90346055,33.90346055,0,0,1,0,7.87E-09,31757553.47
15396749.27,5028824.717,15399749.27,5028824.717,15399749.27,5025824.717,15396749.27,5025824.717,63515106.93,0,0,0,0,0,0,0,0,0,0,,0,,0,0,0,0,0,0,0,0,0,0,0,0,0,0
15396749.27,5025824.717,15399749.27,5025824.717,15399749.27,5022824.717,15396749.27,5022824.717,63515106.93,0,0,0,7541.209181,7541.209181,0,0,0,0,0.895374953,,0.000118731,,0.000118731,0,1,0,1,7541.209181,7541.209181,7541.209181,0,0,0,0,0,0
15396749.27,5022824.717,15399749.27,5022824.717,15399749.27,5019824.717,15396749.27,5019824.717,63515106.93,0,0,0,592.0473912,8955.504701,0,0,0,0,0.7175911,,0.000150319,,0.000150319,0,2,0,2,4773.776046,592.0473912,8955.504701,0,0,0,0,0,0
15396749.27,5019824.717,15399749.27,5019824.717,15399749.27,5016824.717,15396749.27,5016824.717,63515106.93,0,0,0,5943.195704,8484.412574,0,0,0,0,1.638632844,,0.000227152,,0.000227152,0,2,0,2,7213.804139,5943.195704,8484.412574,0,0,0,0,0,0
15396749.27,5016824.717,15399749.27,5016824.717,15399749.27,5013824.717,15396749.27,5013824.717,63515106.93,0,0,0,8465.04962,8465.04962,0,0,0,0,1.128189316,,0.000133276,,0.000133276,0,1,0,1,8465.04962,8465.04962,8465.04962,0,0,0,0,0,0
15396749.27,5013824.717,15399749.27,5013824.717,15399749.27,5010824.717,15396749.27,5010824.717,63515106.93,0,0,0,0,0,0,0,0,0,0,,0,,0,0,0,0,0,0,0,0,0,0,0,0,0,0
15396749.27,5010824.717,15399749.27,5010824.717,15399749.27,5007824.717,15396749.27,5007824.717,63515106.93,0,0,0,0,0,0,0,0,0,0,,0,,0,0,0,0,0,0,0,0,0,0,0,0,0,0
15396749.27,5007824.717,15399749.27,5007824.717,15399749.27,5004824.717,15396749.27,5004824.717,63515106.93,0,0,0,0,0,0,0,0,0,0,,0,,0,0,0,0,0,0,0,0,0,0,0,0,0,0
15396749.27,5004824.717,15399749.27,5004824.717,15399749.27,5001824.717,15396749.27,5001824.717,63515106.93,7.87E-09,7.87E-09,1851.364558,925.6822791,925.6822791,0,0,0,0.026982169,0.013491085,,1.46E-05,,1.46E-05,0.5,1,0.5,1,925.6822791,925.6822791,925.6822791,0,0,1,0,7.87E-09,31757553.47
15396749.27,5001824.717,15399749.27,5001824.717,15399749.27,4998824.717,15396749.27,4998824.717,63515106.93,7.87E-09,7.87E-09,781.1259524,390.5629762,390.5629762,0,0,0,0.004803249,0.002401625,,6.15E-06,,6.15E-06,0.5,1,0.5,1,390.5629762,390.5629762,390.5629762,0,0,1,0,7.87E-09,31757553.47
15396749.27,4998824.717,15399749.27,4998824.717,15399749.27,4995824.717,15396749.27,4995824.717,63515106.93,0,0,0,0,0,0,0,0,0,0,,0,,0,0,0,0,0,0,0,0,0,0,0,0,0,0
15396749.27,4995824.717,15399749.27,4995824.717,15399749.27,4992824.717,15396749.27,4992824.717,63515106.93,0,0,0,0,0,0,0,0,0,0,,0,,0,0,0,0,0,0,0,0,0,0,0,0,0,0
15396749.27,4992824.717,15399749.27,4992824.717,15399749.27,4989824.717,15396749.27,4989824.717,63515106.93,0,0,0,0,0,0,0,0,0,0,,0,,0,0,0,0,0,0,0,0,0,0,0,0,0,0
15396749.27,4989824.717,15399749.27,4989824.717,15399749.27,4986824.717,15396749.27,4986824.717,63515106.93,0,0,0,0,0,0,0,0,0,0,,0,,0,0,0,0,0,0,0,0,0,0,0,0,0,0
15396749.27,4986824.717,15399749.27,4986824.717,15399749.27,4983824.717,15396749.27,4983824.717,63515106.93,0,0,0,0,0,0,0,0,0,0,,0,,0,0,0,0,0,0,0,0,0,0,0,0,0,0
15396749.27,4983824.717,15399749.27,4983824.717,15399749.27,4980824.717,15396749.27,4980824.717,63515106.93,0,0,0,0,0,0,0,0,0,0,,0,,0,0,0,0,0,0,0,0,0,0,0,0,0,0
15396749.27,4980824.717,15399749.27,4980824.717,15399749.27,4977824.717,15396749.27,4977824.717,63515106.93,0,0,0,0,0,0,0,0,0,0,,0,,0,0,0,0,0,0,0,0,0,0,0,0,0,0
15396749.27,4977824.717,15399749.27,4977824.717,15399749.27,4974824.717,15396749.27,4974824.717,63515106.93,0,0,0,0,0,0,0,0,0,0,,0,,0,0,0,0,0,0,0,0,0,0,0,0,0,0
15396749.27,4974824.717,15399749.27,4974824.717,15399749.27,4971824.717,15396749.27,4971824.717,63515106.93,0,0,0,0,0,0,0,0,0,0,,0,,0,0,0,0,0,0,0,0,0,0,0,0,0,0
15396749.27,4971824.717,15399749.27,4971824.717,15399749.27,4968824.717,15396749.27,4968824.717,63515106.93,0,0,0,1391.59928,1391.59928,0,0,0,0,0.030489574,,2.19E-05,,2.19E-05,0,1,0,1,1391.59928,1391.59928,1391.59928,0,0,0,0,0,0
15396749.27,4968824.717,15399749.27,4968824.717,15399749.27,4965824.717,15396749.27,4965824.717,63515106.93,7.87E-09,7.87E-09,10958.63952,5479.319762,5479.319762,0,0,0,0.945379659,0.472689829,,8.63E-05,,8.63E-05,0.5,1,0.5,1,5479.319762,5479.319762,5479.319762,0,0,1,0,7.87E-09,31757553.47
15396749.27,4965824.717,15399749.27,4965824.717,15399749.27,4962824.717,15396749.27,4962824.717,63515106.93,7.87E-09,7.87E-09,7935.466974,3967.733487,3967.733487,0,0,0,0.49572172,0.24786086,,6.25E-05,,6.25E-05,0.5,1,0.5,1,3967.733487,3967.733487,3967.733487,0,0,1,0,7.87E-09,31757553.47
15396749.27,4962824.717,15399749.27,4962824.717,15399749.27,4959824.717,15396749.27,4959824.717,63515106.93,7.87E-09,7.87E-09,2904.827551,1452.413775,1452.413775,0,0,0,0.066425324,0.033212662,,2.29E-05,,2.29E-05,0.5,1,0.5,1,1452.413775,1452.413775,1452.413775,0,0,1,0,7.87E-09,31757553.47
15396749.27,4959824.717,15399749.27,4959824.717,15399749.27,4956824.717,15396749.27,4956824.717,63515106.93,0,0,0,0,0,0,0,0,0,0,,0,,0,0,0,0,0,0,0,0,0,0,0,0,0,0
15396749.27,4956824.717,15399749.27,4956824.717,15399749.27,4953824.717,15396749.27,4953824.717,63515106.93,0,0,0,0,0,0,0,0,0,0,,0,,0,0,0,0,0,0,0,0,0,0,0,0,0,0
15396749.27,4953824.717,15399749.27,4953824.717,15399749.27,4950824.717,15396749.27,4950824.717,63515106.93,0,0,0,0,0,0,0,0,0,0,,0,,0,0,0,0,0,0,0,0,0,0,0,0,0,0
15396749.27,4950824.717,15399749.27,4950824.717,15399749.27,4947824.717,15396749.27,4947824.717,63515106.93,0,0,0,0,0,0,0,0,0,0,,0,,0,0,0,0,0,0,0,0,0,0,0,0,0,0
15396749.27,4947824.717,15399749.27,4947824.717,15399749.27,4944824.717,15396749.27,4944824.717,63515106.93,0,0,0,0,0,0,0,0,0,0,,0,,0,0,0,0,0,0,0,0,0,0,0,0,0,0
15396749.27,4944824.717,15399749.27,4944824.717,15399749.27,4941824.717,15396749.27,4941824.717,63515106.93,0,0,0,0,0,0,0,0,0,0,,0,,0,0,0,0,0,0,0,0,0,0,0,0,0,0
15399749.27,5124824.717,15402749.27,5124824.717,15402749.27,5121824.717,15399749.27,5121824.717,63515106.93,0,0,0,0,0,0,0,0,0,0,,0,,0,0,0,0,0,0,0,0,0,0,0,0,0,0
15399749.27,5121824.717,15402749.27,5121824.717,15402749.27,5118824.717,15399749.27,5118824.717,63515106.93,7.87E-09,7.87E-09,3939.807174,1969.903587,1969.903587,0,0,0,0.122192037,0.061096018,,3.10E-05,,3.10E-05,0.5,1,0.5,1,1969.903587,1969.903587,1969.903587,0,0,1,0,7.87E-09,31757553.47
15399749.27,5118824.717,15402749.27,5118824.717,15402749.27,5115824.717,15399749.27,5115824.717,63515106.93,7.87E-09,7.87E-09,11515.09858,5757.54929,5757.54929,0,0,0,1.043826435,0.521913218,,9.06E-05,,9.06E-05,0.5,1,0.5,1,5757.54929,5757.54929,5757.54929,0,0,1,0,7.87E-09,31757553.47
15399749.27,5115824.717,15402749.27,5115824.717,15402749.27,5112824.717,15399749.27,5112824.717,63515106.93,7.87E-09,7.87E-09,14658.97302,7329.486512,7329.486512,0,0,0,1.691609292,0.845804646,,0.000115398,,0.000115398,0.5,1,0.5,1,7329.486512,7329.486512,7329.486512,0,0,1,0,7.87E-09,31757553.47
15399749.27,5112824.717,15402749.27,5112824.717,15402749.27,5109824.717,15399749.27,5109824.717,63515106.93,0,0,0,4935.289894,4935.289894,0,0,0,0,0.38348493,,7.77E-05,,7.77E-05,0,1,0,1,4935.289894,4935.289894,4935.289894,0,0,0,0,0,0
15399749.27,5109824.717,15402749.27,5109824.717,15402749.27,5106824.717,15399749.27,5106824.717,63515106.93,0,0,0,1920.562349,1920.562349,0,0,0,0,0.058073739,,3.02E-05,,3.02E-05,0,1,0,1,1920.562349,1920.562349,1920.562349,0,0,0,0,0,0
15399749.27,5106824.717,15402749.27,5106824.717,15402749.27,5103824.717,15399749.27,5103824.717,63515106.93,0,0,0,8063.206837,8063.206837,0,0,0,0,1.023619539,,0.000126949,,0.000126949,0,1,0,1,8063.206837,8063.206837,8063.206837,0,0,0,0,0,0
15399749.27,5103824.717,15402749.27,5103824.717,15402749.27,5100824.717,15399749.27,5100824.717,63515106.93,0,0,0,8981.418621,8981.418621,0,0,0,0,1.270026681,,0.000141406,,0.000141406,0,1,0,1,8981.418621,8981.418621,8981.418621,0,0,0,0,0,0
15399749.27,5100824.717,15402749.27,5100824.717,15402749.27,5097824.717,15399749.27,5097824.717,63515106.93,0,0,0,5937.459988,7392.071159,0,0,0,0,1.398694021,,0.000209864,,0.000209864,0,2,0,2,6664.765573,5937.459988,7392.071159,0,0,0,0,0,0
15399749.27,5097824.717,15402749.27,5097824.717,15402749.27,5094824.717,15399749.27,5094824.717,63515106.93,0,0,0,8788.756756,8788.756756,0,0,0,0,1.216123991,,0.000138373,,0.000138373,0,1,0,1,8788.756756,8788.756756,8788.756756,0,0,0,0,0,0
15399749.27,5094824.717,15402749.27,5094824.717,15402749.27,5091824.717,15399749.27,5091824.717,63515106.93,0,0,0,8592.467123,8592.467123,0,0,0,0,1.16240836,,0.000135282,,0.000135282,0,1,0,1,8592.467123,8592.467123,8592.467123,0,0,0,0,0,0
15399749.27,5091824.717,15402749.27,5091824.717,15402749.27,5088824.717,15399749.27,5088824.717,63515106.93,0,0,0,4879.549807,5038.078524,0,0,0,0,0.774298875,,0.000156146,,0.000156146,0,2,0,2,4958.814165,4879.549807,5038.078524,0,0,0,0,0,0
15399749.27,5088824.717,15402749.27,5088824.717,15402749.27,5085824.717,15399749.27,5085824.717,63515106.93,7.87E-09,7.87E-09,14436.90733,7218.453666,7218.453666,0,0,0,1.640745827,0.820372914,,0.000113649,,0.000113649,0.5,1,0.5,1,7218.453666,7218.453666,7218.453666,0,0,1,0,7.87E-09,31757553.47
15399749.27,5085824.717,15402749.27,5085824.717,15402749.27,5082824.717,15399749.27,5082824.717,63515106.93,1.57E-08,1.57E-08,10143.60377,4854.37794,5289.225831,0,0,0,1.619972042,0.809986021,,0.000159704,,0.000159704,1,2,1,2,5071.801885,4854.37794,5289.225831,0,0,1,0,1.57E-08,63515106.93
15399749.27,5082824.717,15402749.27,5082824.717,15402749.27,5079824.717,15399749.27,5079824.717,63515106.93,1.57E-08,1.57E-08,11129.34772,2649.548423,8479.799283,0,0,0,1.950124729,0.975062365,,0.000175224,,0.000175224,1,2,1,2,5564.673861,2649.548423,8479.799299,0,0,1,0,1.57E-08,63515106.93
15399749.27,5079824.717,15402749.27,5079824.717,15402749.27,5076824.717,15399749.27,5076824.717,63515106.93,7.87E-09,7.87E-09,18359.37909,183.9442113,8995.745336,0,0,0,2.65343803,0.663359507,,0.000144528,,0.000144528,0.5,2,0.5,2,4589.844772,183.9442113,8995.745332,0,0,1,0,7.87E-09,31757553.47
15399749.27,5076824.717,15402749.27,5076824.717,15402749.27,5073824.717,15399749.27,5073824.717,63515106.93,9.45E-08,3.15E-08,2117.968713,87.96518176,7064.594893,1.666666667,3,4.72E-08,0.423753499,0.508504199,,0.000200075,,0.000200075,6,8,2,5,2541.562456,785.3333941,8337.798308,0.5,1.5,10.5,2.000000016,10.00000002,63515108.93
15399749.27,5073824.717,15402749.27,5073824.717,15402749.27,5070824.717,15399749.27,5070824.717,63515106.93,9.45E-08,3.15E-08,2232.260461,87.96518176,4071.556479,1.666666667,3,4.72E-08,0.470721408,0.470721408,,0.000210872,,0.000210872,6,9,2,6,2232.260461,688.1983454,5837.808715,0.5,1.5,10.5,2.000000016,10.00000002,63515108.93
15399749.27,5070824.717,15402749.27,5070824.717,15402749.27,5067824.717,15399749.27,5067824.717,63515106.93,1.57E-08,1.57E-08,6567.862723,2969.567312,3598.295411,0,0,0,0.679158437,0.339579219,,0.000103406,,0.000103406,1,2,1,2,3283.931362,2969.567312,3598.295411,0,0,1,0,1.57E-08,63515106.93
15399749.27,5067824.717,15402749.27,5067824.717,15402749.27,5064824.717,15399749.27,5064824.717,63515106.93,1.57E-08,1.57E-08,6972.039131,1274.504999,5697.534133,0,0,0,0.765319181,0.382659591,,0.00010977,,0.00010977,1,2,1,2,3486.019566,1274.504999,5697.534133,0,0,1,0,1.57E-08,63515106.93
15399749.27,5064824.717,15402749.27,5064824.717,15402749.27,5061824.717,15399749.27,5061824.717,63515106.93,1.57E-08,1.57E-08,7891.518165,7891.518165,7891.518165,0,0,0,0.980492074,0.980492074,,0.000124246,,0.000124246,1,1,1,1,7891.518165,7891.518165,7891.518165,0,0,1,0,1.57E-08,63515106.93
15399749.27,5061824.717,15402749.27,5061824.717,15402749.27,5058824.717,15399749.27,5058824.717,63515106.93,7.87E-09,7.87E-09,28331.17305,2013.631523,7808.5949,0,0,0,6.318617769,1.053102961,,0.000223027,,0.000223027,0.5,3,0.5,3,4721.862175,2013.631523,7808.5949,0,0,1,0,7.87E-09,31757553.47
15399749.27,5058824.717,15402749.27,5058824.717,15402749.27,5055824.717,15399749.27,5055824.717,63515106.93,1.57E-08,1.57E-08,9516.879901,198.0201537,8873.146649,0,0,0,1.425975763,0.475325254,,0.000149836,,0.000149836,1,3,1,3,3172.2933,198.0201537,8873.146652,0,0,1,0,1.57E-08,63515106.93
15399749.27,5055824.717,15402749.27,5055824.717,15402749.27,5052824.717,15399749.27,5052824.717,63515106.93,0,0,0,4812.950586,4812.950586,0,0,0,0,0.364708405,,7.58E-05,,7.58E-05,0,1,0,1,4812.950586,4812.950586,4812.950586,0,0,0,0,0,0
15399749.27,5052824.717,15402749.27,5052824.717,15402749.27,5049824.717,15399749.27,5049824.717,63515106.93,0,0,0,2668.170962,2668.170962,0,0,0,0,0.112085717,,4.20E-05,,4.20E-05,0,1,0,1,2668.170962,2668.170962,2668.170962,0,0,0,0,0,0
15399749.27,5049824.717,15402749.27,5049824.717,15402749.27,5046824.717,15399749.27,5046824.717,63515106.93,7.87E-09,7.87E-09,9808.268528,4904.134264,4904.134264,0,0,0,0.75731693,0.378658465,,7.72E-05,,7.72E-05,0.5,1,0.5,1,4904.134264,4904.134264,4904.134264,0,0,1,0,7.87E-09,31757553.47
15399749.27,5046824.717,15402749.27,5046824.717,15402749.27,5043824.717,15399749.27,5043824.717,63515106.93,7.87E-09,7.87E-09,5608.24981,2804.124905,2804.124905,0,0,0,0.247598307,0.123799154,,4.41E-05,,4.41E-05,0.5,1,0.5,1,2804.124905,2804.124905,2804.124905,0,0,1,0,7.87E-09,31757553.47
15399749.27,5043824.717,15402749.27,5043824.717,15402749.27,5040824.717,15399749.27,5040824.717,63515106.93,7.87E-09,7.87E-09,1039.859263,519.9296315,519.9296315,0,0,0,0.008512206,0.004256103,,8.19E-06,,8.19E-06,0.5,1,0.5,1,519.9296315,519.9296315,519.9296315,0,0,1,0,7.87E-09,31757553.47
15399749.27,5040824.717,15402749.27,5040824.717,15402749.27,5037824.717,15399749.27,5037824.717,63515106.93,0,0,0,0,0,0,0,0,0,0,,0,,0,0,0,0,0,0,0,0,0,0,0,0,0,0
15399749.27,5037824.717,15402749.27,5037824.717,15402749.27,5034824.717,15399749.27,5034824.717,63515106.93,7.87E-09,7.87E-09,3609.263469,1804.631735,1804.631735,0,0,0,0.102548696,0.051274348,,2.84E-05,,2.84E-05,0.5,1,0.5,1,1804.631735,1804.631735,1804.631735,0,0,1,0,7.87E-09,31757553.47
15399749.27,5034824.717,15402749.27,5034824.717,15402749.27,5031824.717,15399749.27,5031824.717,63515106.93,7.87E-09,7.87E-09,7231.706209,3615.853105,3615.853105,0,0,0,0.411693983,0.205846991,,5.69E-05,,5.69E-05,0.5,1,0.5,1,3615.853105,3615.853105,3615.853105,0,0,1,0,7.87E-09,31757553.47
15399749.27,5031824.717,15402749.27,5031824.717,15402749.27,5028824.717,15399749.27,5028824.717,63515106.93,7.87E-09,7.87E-09,5412.213098,2706.106549,2706.106549,0,0,0,0.230591209,0.115295605,,4.26E-05,,4.26E-05,0.5,1,0.5,1,2706.106549,2706.106549,2706.106549,0,0,1,0,7.87E-09,31757553.47
15399749.27,5028824.717,15402749.27,5028824.717,15402749.27,5025824.717,15399749.27,5025824.717,63515106.93,0,0,0,0,0,0,0,0,0,0,,0,,0,0,0,0,0,0,0,0,0,0,0,0,0,0
15399749.27,5025824.717,15402749.27,5025824.717,15402749.27,5022824.717,15399749.27,5022824.717,63515106.93,7.87E-09,7.87E-09,12583.84103,6291.920513,6291.920513,0,0,0,1.246577882,0.623288941,,9.91E-05,,9.91E-05,0.5,1,0.5,1,6291.920513,6291.920513,6291.920513,0,0,1,0,7.87E-09,31757553.47
15399749.27,5022824.717,15402749.27,5022824.717,15402749.27,5019824.717,15399749.27,5019824.717,63515106.93,7.87E-09,7.87E-09,14314.9992,7157.499601,7157.499601,0,0,0,1.613153248,0.806576624,,0.00011269,,0.00011269,0.5,1,0.5,1,7157.499601,7157.499601,7157.499601,0,0,1,0,7.87E-09,31757553.47
15399749.27,5019824.717,15402749.27,5019824.717,15402749.27,5016824.717,15399749.27,5016824.717,63515106.93,7.87E-09,7.87E-09,22790.11126,3481.567177,7913.488454,0,0,0,4.088705794,1.022176448,,0.000179407,,0.000179407,0.5,2,0.5,2,5697.527816,3481.567177,7913.488454,0,0,1,0,7.87E-09,31757553.47
15399749.27,5016824.717,15402749.27,5016824.717,15402749.27,5013824.717,15399749.27,5013824.717,63515106.93,7.87E-09,7.87E-09,15784.64618,7892.323089,7892.323089,0,0,0,1.961384204,0.980692102,,0.000124259,,0.000124259,0.5,1,0.5,1,7892.323089,7892.323089,7892.323089,0,0,1,0,7.87E-09,31757553.47
15399749.27,5013824.717,15402749.27,5013824.717,15402749.27,5010824.717,15399749.27,5010824.717,63515106.93,0,0,0,919.7788508,919.7788508,0,0,0,0,0.013319558,,1.45E-05,,1.45E-05,0,1,0,1,919.7788508,919.7788508,919.7788508,0,0,0,0,0,0
15399749.27,5010824.717,15402749.27,5010824.717,15402749.27,5007824.717,15399749.27,5007824.717,63515106.93,0,0,0,0,0,0,0,0,0,0,,0,,0,0,0,0,0,0,0,0,0,0,0,0,0,0
15399749.27,5007824.717,15402749.27,5007824.717,15402749.27,5004824.717,15399749.27,5004824.717,63515106.93,0,0,0,0,0,0,0,0,0,0,,0,,0,0,0,0,0,0,0,0,0,0,0,0,0,0
15399749.27,5004824.717,15402749.27,5004824.717,15402749.27,5001824.717,15399749.27,5001824.717,63515106.93,0,0,0,0,0,0,0,0,0,0,,0,,0,0,0,0,0,0,0,0,0,0,0,0,0,0
15399749.27,5001824.717,15402749.27,5001824.717,15402749.27,4998824.717,15399749.27,4998824.717,63515106.93,0,0,0,0,0,0,0,0,0,0,,0,,0,0,0,0,0,0,0,0,0,0,0,0,0,0
15399749.27,4998824.717,15402749.27,4998824.717,15402749.27,4995824.717,15399749.27,4995824.717,63515106.93,0,0,0,0,0,0,0,0,0,0,,0,,0,0,0,0,0,0,0,0,0,0,0,0,0,0
15399749.27,4995824.717,15402749.27,4995824.717,15402749.27,4992824.717,15399749.27,4992824.717,63515106.93,0,0,0,0,0,0,0,0,0,0,,0,,0,0,0,0,0,0,0,0,0,0,0,0,0,0
15399749.27,4992824.717,15402749.27,4992824.717,15402749.27,4989824.717,15399749.27,4989824.717,63515106.93,0,0,0,0,0,0,0,0,0,0,,0,,0,0,0,0,0,0,0,0,0,0,0,0,0,0
15399749.27,4989824.717,15402749.27,4989824.717,15402749.27,4986824.717,15399749.27,4986824.717,63515106.93,0,0,0,0,0,0,0,0,0,0,,0,,0,0,0,0,0,0,0,0,0,0,0,0,0,0
15399749.27,4986824.717,15402749.27,4986824.717,15402749.27,4983824.717,15399749.27,4983824.717,63515106.93,0,0,0,0,0,0,0,0,0,0,,0,,0,0,0,0,0,0,0,0,0,0,0,0,0,0
15399749.27,4983824.717,15402749.27,4983824.717,15402749.27,4980824.717,15399749.27,4980824.717,63515106.93,0,0,0,0,0,0,0,0,0,0,,0,,0,0,0,0,0,0,0,0,0,0,0,0,0,0
15399749.27,4980824.717,15402749.27,4980824.717,15402749.27,4977824.717,15399749.27,4977824.717,63515106.93,0,0,0,0,0,0,0,0,0,0,,0,,0,0,0,0,0,0,0,0,0,0,0,0,0,0
15399749.27,4977824.717,15402749.27,4977824.717,15402749.27,4974824.717,15399749.27,4974824.717,63515106.93,0,0,0,0,0,0,0,0,0,0,,0,,0,0,0,0,0,0,0,0,0,0,0,0,0,0
15399749.27,4974824.717,15402749.27,4974824.717,15402749.27,4971824.717,15399749.27,4971824.717,63515106.93,0,0,0,2326.864144,2326.864144,0,0,0,0,0.085244236,,3.66E-05,,3.66E-05,0,1,0,1,2326.864144,2326.864144,2326.864144,0,0,0,0,0,0
15399749.27,4971824.717,15402749.27,4971824.717,15402749.27,4968824.717,15399749.27,4968824.717,63515106.93,0,0,0,7731.164982,7731.164982,0,0,0,0,0.941050324,,0.000121722,,0.000121722,0,1,0,1,7731.164982,7731.164982,7731.164982,0,0,0,0,0,0
15399749.27,4968824.717,15402749.27,4968824.717,15402749.27,4965824.717,15399749.27,4965824.717,63515106.93,7.87E-09,7.87E-09,16434.02914,8217.014571,8217.014571,0,0,0,2.126087217,1.063043608,,0.000129371,,0.000129371,0.5,1,0.5,1,8217.014571,8217.014571,8217.014571,0,0,1,0,7.87E-09,31757553.47
15399749.27,4965824.717,15402749.27,4965824.717,15402749.27,4962824.717,15399749.27,4962824.717,63515106.93,7.87E-09,7.87E-09,11271.43422,5635.71711,5635.71711,0,0,0,1.000118204,0.500059102,,8.87E-05,,8.87E-05,0.5,1,0.5,1,5635.71711,5635.71711,5635.71711,0,0,1,0,7.87E-09,31757553.47
15399749.27,4962824.717,15402749.27,4962824.717,15402749.27,4959824.717,15399749.27,4959824.717,63515106.93,7.87E-09,7.87E-09,3172.189624,1586.094812,1586.094812,0,0,0,0.079215698,0.039607849,,2.50E-05,,2.50E-05,0.5,1,0.5,1,1586.094812,1586.094812,1586.094812,0,0,1,0,7.87E-09,31757553.47
15399749.27,4959824.717,15402749.27,4959824.717,15402749.27,4956824.717,15399749.27,4956824.717,63515106.93,0,0,0,0,0,0,0,0,0,0,,0,,0,0,0,0,0,0,0,0,0,0,0,0,0,0
15399749.27,4956824.717,15402749.27,4956824.717,15402749.27,4953824.717,15399749.27,4953824.717,63515106.93,0,0,0,0,0,0,0,0,0,0,,0,,0,0,0,0,0,0,0,0,0,0,0,0,0,0
15399749.27,4953824.717,15402749.27,4953824.717,15402749.27,4950824.717,15399749.27,4950824.717,63515106.93,0,0,0,0,0,0,0,0,0,0,,0,,0,0,0,0,0,0,0,0,0,0,0,0,0,0
15399749.27,4950824.717,15402749.27,4950824.717,15402749.27,4947824.717,15399749.27,4947824.717,63515106.93,0,0,0,0,0,0,0,0,0,0,,0,,0,0,0,0,0,0,0,0,0,0,0,0,0,0
15399749.27,4947824.717,15402749.27,4947824.717,15402749.27,4944824.717,15399749.27,4944824.717,63515106.93,0,0,0,0,0,0,0,0,0,0,,0,,0,0,0,0,0,0,0,0,0,0,0,0,0,0
15399749.27,4944824.717,15402749.27,4944824.717,15402749.27,4941824.717,15399749.27,4941824.717,63515106.93,0,0,0,0,0,0,0,0,0,0,,0,,0,0,0,0,0,0,0,0,0,0,0,0,0,0
15402749.27,5124824.717,15405749.27,5124824.717,15405749.27,5121824.717,15402749.27,5121824.717,63515106.93,0,0,0,0,0,0,0,0,0,0,,0,,0,0,0,0,0,0,0,0,0,0,0,0,0,0
15402749.27,5121824.717,15405749.27,5121824.717,15405749.27,5118824.717,15402749.27,5118824.717,63515106.93,7.87E-09,7.87E-09,2130.514025,1065.257012,1065.257012,0,0,0,0.035732365,0.017866183,,1.68E-05,,1.68E-05,0.5,1,0.5,1,1065.257012,1065.257012,1065.257012,0,0,1,0,7.87E-09,31757553.47
15402749.27,5118824.717,15405749.27,5118824.717,15405749.27,5115824.717,15402749.27,5115824.717,63515106.93,7.87E-09,7.87E-09,6722.304929,3361.152464,3361.152464,0,0,0,0.355737286,0.177868643,,5.29E-05,,5.29E-05,0.5,1,0.5,1,3361.152464,3361.152464,3361.152464,0,0,1,0,7.87E-09,31757553.47
15402749.27,5115824.717,15405749.27,5115824.717,15405749.27,5112824.717,15402749.27,5112824.717,63515106.93,7.87E-09,7.87E-09,7864.961947,3932.480974,3932.480974,0,0,0,0.486952077,0.243476038,,6.19E-05,,6.19E-05,0.5,1,0.5,1,3932.480974,3932.480974,3932.480974,0,0,1,0,7.87E-09,31757553.47
15402749.27,5112824.717,15405749.27,5112824.717,15405749.27,5109824.717,15402749.27,5109824.717,63515106.93,0,0,0,0,0,0,0,0,0,0,,0,,0,0,0,0,0,0,0,0,0,0,0,0,0,0
15402749.27,5109824.717,15405749.27,5109824.717,15405749.27,5106824.717,15402749.27,5106824.717,63515106.93,0,0,0,7232.586842,7232.586842,0,0,0,0,0.823588512,,0.000113872,,0.000113872,0,1,0,1,7232.586842,7232.586842,7232.586842,0,0,0,0,0,0
15402749.27,5106824.717,15405749.27,5106824.717,15405749.27,5103824.717,15402749.27,5103824.717,63515106.93,0,0,0,9000.535778,9000.535778,0,0,0,0,1.275438997,,0.000141707,,0.000141707,0,1,0,1,9000.535778,9000.535778,9000.535778,0,0,0,0,0,0
15402749.27,5103824.717,15405749.27,5103824.717,15405749.27,5100824.717,15402749.27,5100824.717,63515106.93,0,0,0,3096.231346,7858.393726,0,0,0,0,0.944687148,,0.000172473,,0.000172473,0,2,0,2,5477.312536,3096.231346,7858.393726,0,0,0,0,0,0
15402749.27,5100824.717,15405749.27,5100824.717,15405749.27,5097824.717,15402749.27,5097824.717,63515106.93,7.87E-09,7.87E-09,18518.74746,2114.83121,7144.542522,0,0,0,2.699704245,0.674926061,,0.000145782,,0.000145782,0.5,2,0.5,2,4629.686866,2114.83121,7144.542522,0,0,1,0,7.87E-09,31757553.47
15402749.27,5097824.717,15405749.27,5097824.717,15405749.27,5094824.717,15402749.27,5094824.717,63515106.93,0,0,0,3291.397416,8924.20698,0,0,0,0,1.174688967,,0.000192326,,0.000192326,0,2,0,2,6107.802198,3291.397416,8924.20698,0,0,0,0,0,0
15402749.27,5094824.717,15405749.27,5094824.717,15405749.27,5091824.717,15402749.27,5091824.717,63515106.93,0,0,0,6171.886142,7101.507137,0,0,0,0,1.386937515,,0.00020898,,0.00020898,0,2,0,2,6636.696639,6171.886142,7101.507137,0,0,0,0,0,0
15402749.27,5091824.717,15405749.27,5091824.717,15405749.27,5088824.717,15402749.27,5088824.717,63515106.93,0,0,0,8725.948916,8725.948916,0,0,0,0,1.198804319,,0.000137384,,0.000137384,0,1,0,1,8725.948916,8725.948916,8725.948916,0,0,0,0,0,0
15402749.27,5088824.717,15405749.27,5088824.717,15405749.27,5085824.717,15402749.27,5085824.717,63515106.93,7.87E-09,7.87E-09,20995.3269,1517.761921,8979.901531,0,0,0,3.470070139,0.867517535,,0.000165278,,0.000165278,0.5,2,0.5,2,5248.831726,1517.761921,8979.901531,0,0,1,0,7.87E-09,31757553.47
15402749.27,5085824.717,15405749.27,5085824.717,15405749.27,5082824.717,15402749.27,5082824.717,63515106.93,1.57E-08,1.57E-08,14182.60726,3054.630906,6564.515314,0,0,0,3.166905614,1.055635205,,0.000223295,,0.000223295,1,3,1,3,4727.535754,3054.630906,6564.515314,0,0,1,0,1.57E-08,63515106.93
15402749.27,5082824.717,15405749.27,5082824.717,15405749.27,5079824.717,15402749.27,5079824.717,63515106.93,2.36E-08,2.36E-08,9909.925893,2566.509735,7053.117543,0,0,0,2.319289912,1.159644956,,0.000234037,,0.000234037,1.5,3,1.5,3,4954.962946,2566.509735,7053.117539,0,0,1,0,2.36E-08,95272660.4
15402749.27,5079824.717,15405749.27,5079824.717,15405749.27,5076824.717,15402749.27,5076824.717,63515106.93,1.57E-08,1.57E-08,14367.3568,3389.942716,7316.111619,0,0,0,3.249950311,1.08331677,,0.000226204,,0.000226204,1,3,1,3,4789.118934,3389.942716,7316.111581,0,0,1,0,1.57E-08,63515106.93
15402749.27,5076824.717,15405749.27,5076824.717,15405749.27,5073824.717,15402749.27,5073824.717,63515106.93,1.57E-08,1.57E-08,12221.0308,963.7721301,7865.908005,0,0,0,2.351465676,0.783821892,,0.000192411,,0.000192411,1,3,1,3,4073.676934,963.7721301,7865.908005,0,0,1,0,1.57E-08,63515106.93
15402749.27,5073824.717,15405749.27,5073824.717,15405749.27,5070824.717,15402749.27,5070824.717,63515106.93,7.87E-09,7.87E-09,16431.30086,8215.650428,8215.650428,0,0,0,2.125381353,1.062690677,,0.00012935,,0.00012935,0.5,1,0.5,1,8215.650428,8215.650428,8215.650428,0,0,1,0,7.87E-09,31757553.47
15402749.27,5070824.717,15405749.27,5070824.717,15405749.27,5067824.717,15402749.27,5067824.717,63515106.93,2.36E-08,2.36E-08,5229.317766,932.6857752,5608.421231,0,0,0,0.645809295,0.322904648,,0.000123498,,0.000123498,1.5,3,1.5,3,2614.658883,932.6857752,5608.421231,0,0,1,0,2.36E-08,95272660.4
15402749.27,5067824.717,15405749.27,5067824.717,15405749.27,5064824.717,15402749.27,5064824.717,63515106.93,2.36E-08,2.36E-08,6597.041356,2648.950291,4287.605527,0,0,0,1.027809526,0.513904763,,0.000155799,,0.000155799,1.5,3,1.5,3,3298.520678,2648.950291,4287.605527,0,0,1,0,2.36E-08,95272660.4
15402749.27,5064824.717,15405749.27,5064824.717,15405749.27,5061824.717,15402749.27,5061824.717,63515106.93,7.87E-09,7.87E-09,14900.5243,7450.262148,7450.262148,0,0,0,1.747817449,0.873908724,,0.000117299,,0.000117299,0.5,1,0.5,1,7450.262148,7450.262148,7450.262148,0,0,1,0,7.87E-09,31757553.47
15402749.27,5061824.717,15405749.27,5061824.717,15405749.27,5058824.717,15402749.27,5058824.717,63515106.93,4.72E-08,1.57E-08,5133.648766,862.9647528,6606.149485,1.333333333,2,1.57E-08,1.244791244,0.933593433,,0.000242477,,0.000242477,3,5,1,4,3850.236575,939.5879318,7469.114171,0.333333333,1,5,1.57E-08,4.000000016,63515106.93
15402749.27,5058824.717,15405749.27,5058824.717,15405749.27,5055824.717,15402749.27,5055824.717,63515106.93,4.72E-08,1.57E-08,5804.130815,1154.969821,7000.179782,1.333333333,2,1.57E-08,1.591177413,1.19338306,,0.000274146,,0.000274146,3,5,1,4,4353.098111,1154.969821,8944.106918,0.333333333,1,5,1.57E-08,4.000000016,63515106.93
15402749.27,5055824.717,15405749.27,5055824.717,15405749.27,5052824.717,15402749.27,5052824.717,63515106.93,3.94E-08,7.87E-09,5615.787774,91.58733041,7715.503741,1.6,4,1.57E-08,1.241321705,0.775826065,,0.000221041,,0.000221041,2.5,5,0.5,4,3509.867359,91.58733041,7715.503741,0.4,2,5,1.57E-08,4.000000008,31757553.47
15402749.27,5052824.717,15405749.27,5052824.717,15405749.27,5049824.717,15402749.27,5049824.717,63515106.93,0,0,0,8735.336623,8735.336623,0,0,0,0,1.201385144,,0.000137532,,0.000137532,0,1,0,1,8735.336623,8735.336623,8735.336623,0,0,0,0,0,0
15402749.27,5049824.717,15405749.27,5049824.717,15405749.27,5046824.717,15402749.27,5046824.717,63515106.93,7.87E-09,7.87E-09,14676.44818,7338.22409,7338.22409,0,0,0,1.695644875,0.847822438,,0.000115535,,0.000115535,0.5,1,0.5,1,7338.22409,7338.22409,7338.22409,0,0,1,0,7.87E-09,31757553.47
15402749.27,5046824.717,15405749.27,5046824.717,15405749.27,5043824.717,15402749.27,5043824.717,63515106.93,7.87E-09,7.87E-09,8948.176251,4474.088125,4474.088125,0,0,0,0.630321368,0.315160684,,7.04E-05,,7.04E-05,0.5,1,0.5,1,4474.088125,4474.088125,4474.088125,0,0,1,0,7.87E-09,31757553.47
15402749.27,5043824.717,15405749.27,5043824.717,15405749.27,5040824.717,15402749.27,5040824.717,63515106.93,7.87E-09,7.87E-09,2666.782561,1333.39128,1333.39128,0,0,0,0.055984549,0.027992274,,2.10E-05,,2.10E-05,0.5,1,0.5,1,1333.39128,1333.39128,1333.39128,0,0,1,0,7.87E-09,31757553.47
15402749.27,5040824.717,15405749.27,5040824.717,15405749.27,5037824.717,15402749.27,5037824.717,63515106.93,0,0,0,0,0,0,0,0,0,0,,0,,0,0,0,0,0,0,0,0,0,0,0,0,0,0
15402749.27,5037824.717,15405749.27,5037824.717,15405749.27,5034824.717,15402749.27,5034824.717,63515106.93,7.87E-09,7.87E-09,11612.67583,5806.337915,5806.337915,0,0,0,1.061591851,0.530795926,,9.14E-05,,9.14E-05,0.5,1,0.5,1,5806.337915,5806.337915,5806.337915,0,0,1,0,7.87E-09,31757553.47
15402749.27,5034824.717,15405749.27,5034824.717,15405749.27,5031824.717,15402749.27,5031824.717,63515106.93,7.87E-09,7.87E-09,13310.92792,6655.463961,6655.463961,0,0,0,1.394792599,0.697396299,,0.000104786,,0.000104786,0.5,1,0.5,1,6655.463961,6655.463961,6655.463961,0,0,1,0,7.87E-09,31757553.47
15402749.27,5031824.717,15405749.27,5031824.717,15405749.27,5028824.717,15402749.27,5028824.717,63515106.93,7.87E-09,7.87E-09,10531.37115,5265.685575,5265.685575,0,0,0,0.873097627,0.436548813,,8.29E-05,,8.29E-05,0.5,1,0.5,1,5265.685575,5265.685575,5265.685575,0,0,1,0,7.87E-09,31757553.47
15402749.27,5028824.717,15405749.27,5028824.717,15405749.27,5025824.717,15402749.27,5025824.717,63515106.93,7.87E-09,7.87E-09,1410.3494,705.1746999,705.1746999,0,0,0,0.015658365,0.007829182,,1.11E-05,,1.11E-05,0.5,1,0.5,1,705.1746999,705.1746999,705.1746999,0,0,1,0,7.87E-09,31757553.47
15402749.27,5025824.717,15405749.27,5025824.717,15405749.27,5022824.717,15402749.27,5022824.717,63515106.93,7.87E-09,7.87E-09,7201.053867,3600.526934,3600.526934,0,0,0,0.408211363,0.204105682,,5.67E-05,,5.67E-05,0.5,1,0.5,1,3600.526934,3600.526934,3600.526934,0,0,1,0,7.87E-09,31757553.47
15402749.27,5022824.717,15405749.27,5022824.717,15405749.27,5019824.717,15402749.27,5019824.717,63515106.93,7.87E-09,7.87E-09,7936.581814,3968.290907,3968.290907,0,0,0,0.495861016,0.247930508,,6.25E-05,,6.25E-05,0.5,1,0.5,1,3968.290907,3968.290907,3968.290907,0,0,1,0,7.87E-09,31757553.47
15402749.27,5019824.717,15405749.27,5019824.717,15405749.27,5016824.717,15402749.27,5016824.717,63515106.93,7.87E-09,7.87E-09,9798.489951,4899.244976,4899.244976,0,0,0,0.755807633,0.377903817,,7.71E-05,,7.71E-05,0.5,1,0.5,1,4899.244976,4899.244976,4899.244976,0,0,1,0,7.87E-09,31757553.47
15402749.27,5016824.717,15405749.27,5016824.717,15405749.27,5013824.717,15402749.27,5013824.717,63515106.93,7.87E-09,7.87E-09,9811.864891,4905.932445,4905.932445,0,0,0,0.757872397,0.378936198,,7.72E-05,,7.72E-05,0.5,1,0.5,1,4905.932445,4905.932445,4905.932445,0,0,1,0,7.87E-09,31757553.47
15402749.27,5013824.717,15405749.27,5013824.717,15405749.27,5010824.717,15402749.27,5010824.717,63515106.93,7.87E-09,7.87E-09,2670.647166,1335.323583,1335.323583,0,0,0,0.056146928,0.028073464,,2.10E-05,,2.10E-05,0.5,1,0.5,1,1335.323583,1335.323583,1335.323583,0,0,1,0,7.87E-09,31757553.47
15402749.27,5010824.717,15405749.27,5010824.717,15405749.27,5007824.717,15402749.27,5007824.717,63515106.93,0,0,0,0,0,0,0,0,0,0,,0,,0,0,0,0,0,0,0,0,0,0,0,0,0,0
15402749.27,5007824.717,15405749.27,5007824.717,15405749.27,5004824.717,15402749.27,5004824.717,63515106.93,0,0,0,0,0,0,0,0,0,0,,0,,0,0,0,0,0,0,0,0,0,0,0,0,0,0
15402749.27,5004824.717,15405749.27,5004824.717,15405749.27,5001824.717,15402749.27,5001824.717,63515106.93,0,0,0,0,0,0,0,0,0,0,,0,,0,0,0,0,0,0,0,0,0,0,0,0,0,0
15402749.27,5001824.717,15405749.27,5001824.717,15405749.27,4998824.717,15402749.27,4998824.717,63515106.93,0,0,0,0,0,0,0,0,0,0,,0,,0,0,0,0,0,0,0,0,0,0,0,0,0,0
15402749.27,4998824.717,15405749.27,4998824.717,15405749.27,4995824.717,15402749.27,4995824.717,63515106.93,0,0,0,0,0,0,0,0,0,0,,0,,0,0,0,0,0,0,0,0,0,0,0,0,0,0
15402749.27,4995824.717,15405749.27,4995824.717,15405749.27,4992824.717,15402749.27,4992824.717,63515106.93,0,0,0,0,0,0,0,0,0,0,,0,,0,0,0,0,0,0,0,0,0,0,0,0,0,0
15402749.27,4992824.717,15405749.27,4992824.717,15405749.27,4989824.717,15402749.27,4989824.717,63515106.93,0,0,0,0,0,0,0,0,0,0,,0,,0,0,0,0,0,0,0,0,0,0,0,0,0,0
15402749.27,4989824.717,15405749.27,4989824.717,15405749.27,4986824.717,15402749.27,4986824.717,63515106.93,0,0,0,0,0,0,0,0,0,0,,0,,0,0,0,0,0,0,0,0,0,0,0,0,0,0
15402749.27,4986824.717,15405749.27,4986824.717,15405749.27,4983824.717,15402749.27,4983824.717,63515106.93,0,0,0,0,0,0,0,0,0,0,,0,,0,0,0,0,0,0,0,0,0,0,0,0,0,0
15402749.27,4983824.717,15405749.27,4983824.717,15405749.27,4980824.717,15402749.27,4980824.717,63515106.93,0,0,0,0,0,0,0,0,0,0,,0,,0,0,0,0,0,0,0,0,0,0,0,0,0,0
15402749.27,4980824.717,15405749.27,4980824.717,15405749.27,4977824.717,15402749.27,4977824.717,63515106.93,0,0,0,0,0,0,0,0,0,0,,0,,0,0,0,0,0,0,0,0,0,0,0,0,0,0
15402749.27,4977824.717,15405749.27,4977824.717,15405749.27,4974824.717,15402749.27,4974824.717,63515106.93,0,0,0,2366.631256,2366.631256,0,0,0,0,0.088182856,,3.73E-05,,3.73E-05,0,1,0,1,2366.631256,2366.631256,2366.631256,0,0,0,0,0,0
15402749.27,4974824.717,15405749.27,4974824.717,15405749.27,4971824.717,15402749.27,4971824.717,63515106.93,0,0,0,7823.446334,7823.446334,0,0,0,0,0.963649681,,0.000123175,,0.000123175,0,1,0,1,7823.446334,7823.446334,7823.446334,0,0,0,0,0,0
15402749.27,4971824.717,15405749.27,4971824.717,15405749.27,4968824.717,15402749.27,4968824.717,63515106.93,0,0,0,8986.870798,8986.870798,0,0,0,0,1.27156909,,0.000141492,,0.000141492,0,1,0,1,8986.870798,8986.870798,8986.870798,0,0,0,0,0,0
15402749.27,4968824.717,15405749.27,4968824.717,15405749.27,4965824.717,15402749.27,4965824.717,63515106.93,0,0,0,8108.643931,8108.643931,0,0,0,0,1.03518847,,0.000127665,,0.000127665,0,1,0,1,8108.643931,8108.643931,8108.643931,0,0,0,0,0,0
15402749.27,4965824.717,15405749.27,4965824.717,15405749.27,4962824.717,15402749.27,4962824.717,63515106.93,0,0,0,3959.034205,3959.034205,0,0,0,0,0.246775178,,6.23E-05,,6.23E-05,0,1,0,1,3959.034205,3959.034205,3959.034205,0,0,0,0,0,0
15402749.27,4962824.717,15405749.27,4962824.717,15405749.27,4959824.717,15402749.27,4959824.717,63515106.93,0,0,0,0,0,0,0,0,0,0,,0,,0,0,0,0,0,0,0,0,0,0,0,0,0,0
15402749.27,4959824.717,15405749.27,4959824.717,15405749.27,4956824.717,15402749.27,4956824.717,63515106.93,0,0,0,0,0,0,0,0,0,0,,0,,0,0,0,0,0,0,0,0,0,0,0,0,0,0
15402749.27,4956824.717,15405749.27,4956824.717,15405749.27,4953824.717,15402749.27,4953824.717,63515106.93,0,0,0,0,0,0,0,0,0,0,,0,,0,0,0,0,0,0,0,0,0,0,0,0,0,0
15402749.27,4953824.717,15405749.27,4953824.717,15405749.27,4950824.717,15402749.27,4950824.717,63515106.93,0,0,0,0,0,0,0,0,0,0,,0,,0,0,0,0,0,0,0,0,0,0,0,0,0,0
15402749.27,4950824.717,15405749.27,4950824.717,15405749.27,4947824.717,15402749.27,4947824.717,63515106.93,0,0,0,0,0,0,0,0,0,0,,0,,0,0,0,0,0,0,0,0,0,0,0,0,0,0
15402749.27,4947824.717,15405749.27,4947824.717,15405749.27,4944824.717,15402749.27,4944824.717,63515106.93,0,0,0,0,0,0,0,0,0,0,,0,,0,0,0,0,0,0,0,0,0,0,0,0,0,0
15402749.27,4944824.717,15405749.27,4944824.717,15405749.27,4941824.717,15402749.27,4941824.717,63515106.93,0,0,0,0,0,0,0,0,0,0,,0,,0,0,0,0,0,0,0,0,0,0,0,0,0,0
15405749.27,5124824.717,15408749.27,5124824.717,15408749.27,5121824.717,15405749.27,5121824.717,63515106.93,0,0,0,0,0,0,0,0,0,0,,0,,0,0,0,0,0,0,0,0,0,0,0,0,0,0
15405749.27,5121824.717,15408749.27,5121824.717,15408749.27,5118824.717,15405749.27,5118824.717,63515106.93,0,0,0,0,0,0,0,0,0,0,,0,,0,0,0,0,0,0,0,0,0,0,0,0,0,0
15405749.27,5118824.717,15408749.27,5118824.717,15408749.27,5115824.717,15405749.27,5115824.717,63515106.93,7.87E-09,7.87E-09,983.7908009,491.8954004,491.8954004,0,0,0,0.007619009,0.003809504,,7.74E-06,,7.74E-06,0.5,1,0.5,1,491.8954004,491.8954004,491.8954004,0,0,1,0,7.87E-09,31757553.47
15405749.27,5115824.717,15408749.27,5115824.717,15408749.27,5112824.717,15405749.27,5112824.717,63515106.93,0,0,0,0,0,0,0,0,0,0,,0,,0,0,0,0,0,0,0,0,0,0,0,0,0,0
15405749.27,5112824.717,15408749.27,5112824.717,15408749.27,5109824.717,15405749.27,5109824.717,63515106.93,0,0,0,6060.616247,6060.616247,0,0,0,0,0.578304455,,9.54E-05,,9.54E-05,0,1,0,1,6060.616247,6060.616247,6060.616247,0,0,0,0,0,0
15405749.27,5109824.717,15408749.27,5109824.717,15408749.27,5106824.717,15405749.27,5106824.717,63515106.93,7.87E-09,7.87E-09,18940.37764,660.1544627,8810.034358,0,0,0,2.824036064,0.706009016,,0.000149101,,0.000149101,0.5,2,0.5,2,4735.094411,660.1544627,8810.034358,0,0,1,0,7.87E-09,31757553.47
15405749.27,5106824.717,15408749.27,5106824.717,15408749.27,5103824.717,15405749.27,5103824.717,63515106.93,0,0,0,8557.692264,8557.692264,0,0,0,0,1.153018556,,0.000134735,,0.000134735,0,1,0,1,8557.692264,8557.692264,8557.692264,0,0,0,0,0,0
15405749.27,5103824.717,15408749.27,5103824.717,15408749.27,5100824.717,15405749.27,5100824.717,63515106.93,7.87E-09,7.87E-09,13215.81953,2666.274491,3941.635276,0,0,0,1.374931842,0.343732961,,0.000104037,,0.000104037,0.5,2,0.5,2,3303.954883,2666.274491,3941.635276,0,0,1,0,7.87E-09,31757553.47
15405749.27,5100824.717,15408749.27,5100824.717,15408749.27,5097824.717,15405749.27,5097824.717,63515106.93,2.36E-08,2.36E-08,5639.981891,452.3388185,5032.398257,0,0,0,0.751224329,0.375612165,,0.000133196,,0.000133196,1.5,3,1.5,3,2819.990945,452.3388185,5032.398257,0,0,1,0,2.36E-08,95272660.4
15405749.27,5097824.717,15408749.27,5097824.717,15408749.27,5094824.717,15405749.27,5094824.717,63515106.93,1.57E-08,1.57E-08,12417.74105,5984.058707,6433.682346,0,0,0,2.427773491,1.213886745,,0.000195508,,0.000195508,1,2,1,2,6208.870527,5984.058707,6433.682346,0,0,1,0,1.57E-08,63515106.93
15405749.27,5094824.717,15408749.27,5094824.717,15408749.27,5091824.717,15405749.27,5091824.717,63515106.93,0,0,0,4211.789012,8997.699963,0,0,0,0,1.373614935,,0.000207974,,0.000207974,0,2,0,2,6604.744487,4211.789012,8997.699963,0,0,0,0,0,0
15405749.27,5091824.717,15408749.27,5091824.717,15408749.27,5088824.717,15405749.27,5088824.717,63515106.93,0,0,0,6058.517392,8534.984815,0,0,0,0,1.676532694,,0.000229764,,0.000229764,0,2,0,2,7296.751104,6058.517392,8534.984815,0,0,0,0,0,0
15405749.27,5088824.717,15408749.27,5088824.717,15408749.27,5085824.717,15405749.27,5085824.717,63515106.93,7.87E-09,7.87E-09,29867.65242,453.3050529,7668.216839,0,0,0,7.022554982,1.17042583,,0.000235122,,0.000235122,0.5,3,0.5,3,4977.94207,453.3050529,7668.216839,0,0,1,0,7.87E-09,31757553.47
15405749.27,5085824.717,15408749.27,5085824.717,15408749.27,5082824.717,15405749.27,5082824.717,63515106.93,7.87E-09,7.87E-09,22644.1708,2573.179196,8748.906206,0,0,0,4.036507976,1.009126994,,0.000178258,,0.000178258,0.5,2,0.5,2,5661.042701,2573.179196,8748.906206,0,0,1,0,7.87E-09,31757553.47
15405749.27,5082824.717,15408749.27,5082824.717,15408749.27,5079824.717,15405749.27,5079824.717,63515106.93,3.15E-08,3.15E-08,8284.005148,1271.514878,7700.217745,0,0,0,2.160895088,1.080447544,,0.000260851,,0.000260851,2,4,2,4,4142.002574,1271.514878,7700.217745,0,0,1,0,3.15E-08,127030213.9
15405749.27,5079824.717,15408749.27,5079824.717,15408749.27,5076824.717,15405749.27,5076824.717,63515106.93,2.36E-08,2.36E-08,8068.008201,2788.285945,4871.192488,0,0,0,1.537258445,0.768629222,,0.000190538,,0.000190538,1.5,3,1.5,3,4034.004101,2788.285945,4871.192488,0,0,1,0,2.36E-08,95272660.4
15405749.27,5076824.717,15408749.27,5076824.717,15408749.27,5073824.717,15405749.27,5073824.717,63515106.93,2.36E-08,2.36E-08,6064.276261,423.3087036,7249.463444,0,0,0,0.868504715,0.434252358,,0.000143217,,0.000143217,1.5,3,1.5,3,3032.138131,423.3087036,7249.463444,0,0,1,0,2.36E-08,95272660.4
15405749.27,5073824.717,15408749.27,5073824.717,15408749.27,5070824.717,15405749.27,5070824.717,63515106.93,0,0,0,8605.687387,8605.687387,0,0,0,0,1.165988046,,0.00013549,,0.00013549,0,1,0,1,8605.687387,8605.687387,8605.687387,0,0,0,0,0,0
15405749.27,5070824.717,15408749.27,5070824.717,15408749.27,5067824.717,15405749.27,5067824.717,63515106.93,1.57E-08,1.57E-08,7318.880296,1483.412072,5835.468224,0,0,0,0.843358555,0.421679277,,0.000115231,,0.000115231,1,2,1,2,3659.440148,1483.412072,5835.468224,0,0,1,0,1.57E-08,63515106.93
15405749.27,5067824.717,15408749.27,5067824.717,15408749.27,5064824.717,15405749.27,5064824.717,63515106.93,2.36E-08,2.36E-08,5643.052149,1792.837082,4399.061583,0,0,0,0.752042445,0.376021223,,0.000133269,,0.000133269,1.5,3,1.5,3,2821.526075,1792.837082,4399.061583,0,0,1,0,2.36E-08,95272660.4
15405749.27,5064824.717,15408749.27,5064824.717,15408749.27,5061824.717,15405749.27,5061824.717,63515106.93,1.57E-08,1.57E-08,8316.979897,1018.809228,7298.170669,0,0,0,1.089066176,0.544533088,,0.000130945,,0.000130945,1,2,1,2,4158.489949,1018.809228,7298.170669,0,0,1,0,1.57E-08,63515106.93
15405749.27,5061824.717,15408749.27,5061824.717,15408749.27,5058824.717,15405749.27,5058824.717,63515106.93,4.72E-08,1.57E-08,5341.449656,1154.969821,6260.117459,1.333333333,2,1.57E-08,1.347604647,1.010703486,,0.000252292,,0.000252292,3,5,1,4,4006.087242,1154.969821,6959.875689,0.333333333,1,5,1.57E-08,4.000000016,63515106.93
15405749.27,5058824.717,15408749.27,5058824.717,15408749.27,5055824.717,15405749.27,5055824.717,63515106.93,4.72E-08,1.57E-08,5932.700052,1154.969821,4946.959916,1.333333333,2,1.57E-08,1.662451578,1.246838683,,0.000280218,,0.000280218,3,5,1,4,4449.525039,1154.969821,8988.404785,0.333333333,1,5,1.57E-08,4.000000016,63515106.93
15405749.27,5055824.717,15408749.27,5055824.717,15408749.27,5052824.717,15405749.27,5052824.717,63515106.93,3.94E-08,7.87E-09,6034.704082,1154.969821,7440.413824,1.6,4,1.57E-08,1.433424862,1.194520718,,0.00023753,,0.00023753,2.5,4,0.5,3,5028.920068,1154.969821,7440.413824,0.4,2,5,1.57E-08,4.000000008,31757553.47
15405749.27,5052824.717,15408749.27,5052824.717,15408749.27,5049824.717,15405749.27,5049824.717,63515106.93,0,0,0,8361.53646,8361.53646,0,0,0,0,1.100766343,,0.000131646,,0.000131646,0,1,0,1,8361.53646,8361.53646,8361.53646,0,0,0,0,0,0
15405749.27,5049824.717,15408749.27,5049824.717,15408749.27,5046824.717,15405749.27,5046824.717,63515106.93,0,0,0,7345.121222,7345.121222,0,0,0,0,0.849416908,,0.000115644,,0.000115644,0,1,0,1,7345.121222,7345.121222,7345.121222,0,0,0,0,0,0
15405749.27,5046824.717,15408749.27,5046824.717,15408749.27,5043824.717,15405749.27,5043824.717,63515106.93,7.87E-09,7.87E-09,8110.624112,4055.312056,4055.312056,0,0,0,0.517847065,0.258923533,,6.38E-05,,6.38E-05,0.5,1,0.5,1,4055.312056,4055.312056,4055.312056,0,0,1,0,7.87E-09,31757553.47
15405749.27,5043824.717,15408749.27,5043824.717,15408749.27,5040824.717,15405749.27,5040824.717,63515106.93,0,0,0,0,0,0,0,0,0,0,,0,,0,0,0,0,0,0,0,0,0,0,0,0,0,0
15405749.27,5040824.717,15408749.27,5040824.717,15408749.27,5037824.717,15405749.27,5037824.717,63515106.93,0,0,0,0,0,0,0,0,0,0,,0,,0,0,0,0,0,0,0,0,0,0,0,0,0,0
15405749.27,5037824.717,15408749.27,5037824.717,15408749.27,5034824.717,15405749.27,5034824.717,63515106.93,0,0,0,7474.615181,7474.615181,0,0,0,0,0.879631237,,0.000117682,,0.000117682,0,1,0,1,7474.615181,7474.615181,7474.615181,0,0,0,0,0,0
15405749.27,5034824.717,15408749.27,5034824.717,15408749.27,5031824.717,15405749.27,5031824.717,63515106.93,0,0,0,8981.380554,8981.380554,0,0,0,0,1.270015915,,0.000141405,,0.000141405,0,1,0,1,8981.380554,8981.380554,8981.380554,0,0,0,0,0,0
15405749.27,5031824.717,15408749.27,5031824.717,15408749.27,5028824.717,15405749.27,5028824.717,63515106.93,7.87E-09,7.87E-09,15630.17419,1441.489198,6373.597899,0,0,0,1.923182981,0.480795745,,0.000123043,,0.000123043,0.5,2,0.5,2,3907.543549,1441.489198,6373.597899,0,0,1,0,7.87E-09,31757553.47
15405749.27,5028824.717,15408749.27,5028824.717,15408749.27,5025824.717,15405749.27,5025824.717,63515106.93,7.87E-09,7.87E-09,2098.838625,1049.419313,1049.419313,0,0,0,0.034677762,0.017338881,,1.65E-05,,1.65E-05,0.5,1,0.5,1,1049.419313,1049.419313,1049.419313,0,0,1,0,7.87E-09,31757553.47
15405749.27,5025824.717,15408749.27,5025824.717,15408749.27,5022824.717,15405749.27,5022824.717,63515106.93,1.57E-08,1.57E-08,1483.082226,700.910134,782.1720918,0,0,0,0.034630075,0.017315037,,2.34E-05,,2.34E-05,1,2,1,2,741.5411129,700.910134,782.1720918,0,0,1,0,1.57E-08,63515106.93
15405749.27,5022824.717,15408749.27,5022824.717,15408749.27,5019824.717,15405749.27,5019824.717,63515106.93,1.57E-08,1.57E-08,3306.241611,658.8953924,2647.346218,0,0,0,0.172104466,0.086052233,,5.21E-05,,5.21E-05,1,2,1,2,1653.120805,658.8953924,2647.346218,0,0,1,0,1.57E-08,63515106.93
15405749.27,5019824.717,15408749.27,5019824.717,15408749.27,5016824.717,15405749.27,5016824.717,63515106.93,1.57E-08,1.57E-08,3690.625445,1805.623949,1885.001497,0,0,0,0.214448449,0.107224225,,5.81E-05,,5.81E-05,1,2,1,2,1845.312723,1805.623949,1885.001497,0,0,1,0,1.57E-08,63515106.93
15405749.27,5016824.717,15408749.27,5016824.717,15408749.27,5013824.717,15405749.27,5013824.717,63515106.93,7.87E-09,7.87E-09,3839.083604,1919.541802,1919.541802,0,0,0,0.116024074,0.058012037,,3.02E-05,,3.02E-05,0.5,1,0.5,1,1919.541802,1919.541802,1919.541802,0,0,1,0,7.87E-09,31757553.47
15405749.27,5013824.717,15408749.27,5013824.717,15408749.27,5010824.717,15405749.27,5010824.717,63515106.93,0,0,0,0,0,0,0,0,0,0,,0,,0,0,0,0,0,0,0,0,0,0,0,0,0,0
15405749.27,5010824.717,15408749.27,5010824.717,15408749.27,5007824.717,15405749.27,5007824.717,63515106.93,0,0,0,0,0,0,0,0,0,0,,0,,0,0,0,0,0,0,0,0,0,0,0,0,0,0
15405749.27,5007824.717,15408749.27,5007824.717,15408749.27,5004824.717,15405749.27,5004824.717,63515106.93,0,0,0,0,0,0,0,0,0,0,,0,,0,0,0,0,0,0,0,0,0,0,0,0,0,0
15405749.27,5004824.717,15408749.27,5004824.717,15408749.27,5001824.717,15405749.27,5001824.717,63515106.93,0,0,0,0,0,0,0,0,0,0,,0,,0,0,0,0,0,0,0,0,0,0,0,0,0,0
15405749.27,5001824.717,15408749.27,5001824.717,15408749.27,4998824.717,15405749.27,4998824.717,63515106.93,0,0,0,0,0,0,0,0,0,0,,0,,0,0,0,0,0,0,0,0,0,0,0,0,0,0
15405749.27,4998824.717,15408749.27,4998824.717,15408749.27,4995824.717,15405749.27,4995824.717,63515106.93,0,0,0,0,0,0,0,0,0,0,,0,,0,0,0,0,0,0,0,0,0,0,0,0,0,0
15405749.27,4995824.717,15408749.27,4995824.717,15408749.27,4992824.717,15405749.27,4992824.717,63515106.93,0,0,0,0,0,0,0,0,0,0,,0,,0,0,0,0,0,0,0,0,0,0,0,0,0,0
15405749.27,4992824.717,15408749.27,4992824.717,15408749.27,4989824.717,15405749.27,4989824.717,63515106.93,0,0,0,0,0,0,0,0,0,0,,0,,0,0,0,0,0,0,0,0,0,0,0,0,0,0
15405749.27,4989824.717,15408749.27,4989824.717,15408749.27,4986824.717,15405749.27,4986824.717,63515106.93,0,0,0,0,0,0,0,0,0,0,,0,,0,0,0,0,0,0,0,0,0,0,0,0,0,0
15405749.27,4986824.717,15408749.27,4986824.717,15408749.27,4983824.717,15405749.27,4983824.717,63515106.93,0,0,0,0,0,0,0,0,0,0,,0,,0,0,0,0,0,0,0,0,0,0,0,0,0,0
15405749.27,4983824.717,15408749.27,4983824.717,15408749.27,4980824.717,15405749.27,4980824.717,63515106.93,0,0,0,0,0,0,0,0,0,0,,0,,0,0,0,0,0,0,0,0,0,0,0,0,0,0
15405749.27,4980824.717,15408749.27,4980824.717,15408749.27,4977824.717,15405749.27,4977824.717,63515106.93,0,0,0,3938.823873,3938.823873,0,0,0,0,0.244262102,,6.20E-05,,6.20E-05,0,1,0,1,3938.823873,3938.823873,3938.823873,0,0,0,0,0,0
15405749.27,4977824.717,15408749.27,4977824.717,15408749.27,4974824.717,15405749.27,4974824.717,63515106.93,0,0,0,8089.553583,8089.553583,0,0,0,0,1.030319877,,0.000127364,,0.000127364,0,1,0,1,8089.553583,8089.553583,8089.553583,0,0,0,0,0,0
15405749.27,4974824.717,15408749.27,4974824.717,15408749.27,4971824.717,15405749.27,4971824.717,63515106.93,0,0,0,9000.693164,9000.693164,0,0,0,0,1.275483603,,0.000141709,,0.000141709,0,1,0,1,9000.693164,9000.693164,9000.693164,0,0,0,0,0,0
15405749.27,4971824.717,15408749.27,4971824.717,15408749.27,4968824.717,15405749.27,4968824.717,63515106.93,0,0,0,8029.662769,8029.662769,0,0,0,0,1.015120454,,0.000126421,,0.000126421,0,1,0,1,8029.662769,8029.662769,8029.662769,0,0,0,0,0,0
15405749.27,4968824.717,15408749.27,4968824.717,15408749.27,4965824.717,15405749.27,4965824.717,63515106.93,0,0,0,3549.676844,3549.676844,0,0,0,0,0.19838124,,5.59E-05,,5.59E-05,0,1,0,1,3549.676844,3549.676844,3549.676844,0,0,0,0,0,0
15405749.27,4965824.717,15408749.27,4965824.717,15408749.27,4962824.717,15405749.27,4962824.717,63515106.93,0,0,0,0,0,0,0,0,0,0,,0,,0,0,0,0,0,0,0,0,0,0,0,0,0,0
15405749.27,4962824.717,15408749.27,4962824.717,15408749.27,4959824.717,15405749.27,4959824.717,63515106.93,0,0,0,0,0,0,0,0,0,0,,0,,0,0,0,0,0,0,0,0,0,0,0,0,0,0
15405749.27,4959824.717,15408749.27,4959824.717,15408749.27,4956824.717,15405749.27,4956824.717,63515106.93,0,0,0,0,0,0,0,0,0,0,,0,,0,0,0,0,0,0,0,0,0,0,0,0,0,0
15405749.27,4956824.717,15408749.27,4956824.717,15408749.27,4953824.717,15405749.27,4953824.717,63515106.93,0,0,0,0,0,0,0,0,0,0,,0,,0,0,0,0,0,0,0,0,0,0,0,0,0,0
15405749.27,4953824.717,15408749.27,4953824.717,15408749.27,4950824.717,15405749.27,4950824.717,63515106.93,0,0,0,0,0,0,0,0,0,0,,0,,0,0,0,0,0,0,0,0,0,0,0,0,0,0
15405749.27,4950824.717,15408749.27,4950824.717,15408749.27,4947824.717,15405749.27,4947824.717,63515106.93,0,0,0,0,0,0,0,0,0,0,,0,,0,0,0,0,0,0,0,0,0,0,0,0,0,0
15405749.27,4947824.717,15408749.27,4947824.717,15408749.27,4944824.717,15405749.27,4944824.717,63515106.93,0,0,0,0,0,0,0,0,0,0,,0,,0,0,0,0,0,0,0,0,0,0,0,0,0,0
15405749.27,4944824.717,15408749.27,4944824.717,15408749.27,4941824.717,15405749.27,4941824.717,63515106.93,0,0,0,0,0,0,0,0,0,0,,0,,0,0,0,0,0,0,0,0,0,0,0,0,0,0
15408749.27,5124824.717,15411749.27,5124824.717,15411749.27,5121824.717,15408749.27,5121824.717,63515106.93,0,0,0,0,0,0,0,0,0,0,,0,,0,0,0,0,0,0,0,0,0,0,0,0,0,0
15408749.27,5121824.717,15411749.27,5121824.717,15411749.27,5118824.717,15408749.27,5118824.717,63515106.93,0,0,0,0,0,0,0,0,0,0,,0,,0,0,0,0,0,0,0,0,0,0,0,0,0,0
15408749.27,5118824.717,15411749.27,5118824.717,15411749.27,5115824.717,15408749.27,5115824.717,63515106.93,0,0,0,0,0,0,0,0,0,0,,0,,0,0,0,0,0,0,0,0,0,0,0,0,0,0
15408749.27,5115824.717,15411749.27,5115824.717,15411749.27,5112824.717,15408749.27,5112824.717,63515106.93,0,0,0,2620.154059,2620.154059,0,0,0,0,0.108087786,,4.13E-05,,4.13E-05,0,1,0,1,2620.154059,2620.154059,2620.154059,0,0,0,0,0,0
15408749.27,5112824.717,15411749.27,5112824.717,15411749.27,5109824.717,15408749.27,5109824.717,63515106.93,7.87E-09,7.87E-09,23676.99566,3577.721403,8260.776426,0,0,0,4.413124298,1.103281074,,0.000186389,,0.000186389,0.5,2,0.5,2,5919.248914,3577.721403,8260.776426,0,0,1,0,7.87E-09,31757553.47
15408749.27,5109824.717,15411749.27,5109824.717,15411749.27,5106824.717,15408749.27,5106824.717,63515106.93,7.87E-09,7.87E-09,25494.9116,3898.541295,8848.914506,0,0,0,5.116818258,1.279204564,,0.0002007,,0.0002007,0.5,2,0.5,2,6373.727901,3898.541295,8848.914506,0,0,1,0,7.87E-09,31757553.47
15408749.27,5106824.717,15411749.27,5106824.717,15411749.27,5103824.717,15408749.27,5103824.717,63515106.93,7.87E-09,7.87E-09,16532.64709,2280.834398,5985.489146,0,0,0,2.151680387,0.537920097,,0.000130147,,0.000130147,0.5,2,0.5,2,4133.161772,2280.834398,5985.489146,0,0,1,0,7.87E-09,31757553.47
15408749.27,5103824.717,15411749.27,5103824.717,15411749.27,5100824.717,15408749.27,5100824.717,63515106.93,2.36E-08,2.36E-08,2313.64194,597.0013716,2112.047375,0,0,0,0.126417303,0.063208652,,5.46E-05,,5.46E-05,1.5,3,1.5,3,1156.82097,597.0013716,2112.047375,0,0,1,0,2.36E-08,95272660.4
15408749.27,5100824.717,15411749.27,5100824.717,15411749.27,5097824.717,15408749.27,5097824.717,63515106.93,3.94E-08,3.94E-08,3553.861225,41.51853414,3836.320079,0,0,0,0.497123055,0.248561528,,0.000139883,,0.000139883,2.5,5,2.5,5,1776.930612,41.51853414,3836.320079,0,0,1,0,3.94E-08,158787767.3
15408749.27,5097824.717,15411749.27,5097824.717,15411749.27,5094824.717,15408749.27,5094824.717,63515106.93,3.94E-08,3.94E-08,5588.246446,516.9463757,5173.365484,0,0,0,1.229176012,0.614588006,,0.000219957,,0.000219957,2.5,5,2.5,5,2794.123223,516.9463757,5173.365484,0,0,1,0,3.94E-08,158787767.3
15408749.27,5094824.717,15411749.27,5094824.717,15411749.27,5091824.717,15408749.27,5091824.717,63515106.93,1.57E-08,1.57E-08,13610.55308,6434.707371,7175.845708,0,0,0,2.916584165,1.458292082,,0.000214288,,0.000214288,1,2,1,2,6805.276539,6434.707371,7175.845708,0,0,1,0,1.57E-08,63515106.93
15408749.27,5091824.717,15411749.27,5091824.717,15411749.27,5088824.717,15408749.27,5088824.717,63515106.93,0,0,0,4435.656863,8977.100271,0,0,0,0,1.416214682,,0.000211174,,0.000211174,0,2,0,2,6706.378567,4435.656863,8977.100271,0,0,0,0,0,0
15408749.27,5088824.717,15411749.27,5088824.717,15411749.27,5085824.717,15408749.27,5085824.717,63515106.93,0,0,0,8953.830706,8953.830706,0,0,0,0,1.262236469,,0.000140972,,0.000140972,0,1,0,1,8953.830706,8953.830706,8953.830706,0,0,0,0,0,0
15408749.27,5085824.717,15411749.27,5085824.717,15411749.27,5082824.717,15408749.27,5082824.717,63515106.93,7.87E-09,7.87E-09,30452.80538,6758.933894,8467.468795,0,0,0,7.300415602,1.825103901,,0.000239729,,0.000239729,0.5,2,0.5,2,7613.201344,6758.933894,8467.468795,0,0,1,0,7.87E-09,31757553.47
15408749.27,5082824.717,15411749.27,5082824.717,15411749.27,5079824.717,15408749.27,5079824.717,63515106.93,1.57E-08,1.57E-08,14610.599,384.921252,7215.335915,0,0,0,3.360926454,1.120308818,,0.000230033,,0.000230033,1,3,1,3,4870.199666,384.921252,7215.335915,0,0,1,0,1.57E-08,63515106.93
15408749.27,5079824.717,15411749.27,5079824.717,15411749.27,5076824.717,15408749.27,5076824.717,63515106.93,1.57E-08,1.57E-08,11825.98876,2945.339426,4885.314752,0,0,0,2.201901513,0.733967171,,0.000186192,,0.000186192,1,3,1,3,3941.996252,2945.339426,4885.314752,0,0,1,0,1.57E-08,63515106.93
15408749.27,5076824.717,15411749.27,5076824.717,15411749.27,5073824.717,15408749.27,5073824.717,63515106.93,1.57E-08,1.57E-08,5741.253753,945.8335637,4795.420189,0,0,0,0.518963066,0.259481533,,9.04E-05,,9.04E-05,1,2,1,2,2870.626876,945.8335637,4795.420189,0,0,1,0,1.57E-08,63515106.93
15408749.27,5073824.717,15411749.27,5073824.717,15411749.27,5070824.717,15408749.27,5070824.717,63515106.93,0,0,0,2682.112868,2682.112868,0,0,0,0,0.113260133,,4.22E-05,,4.22E-05,0,1,0,1,2682.112868,2682.112868,2682.112868,0,0,0,0,0,0
15408749.27,5070824.717,15411749.27,5070824.717,15411749.27,5067824.717,15408749.27,5067824.717,63515106.93,7.87E-09,7.87E-09,13362.07865,6681.039323,6681.039323,0,0,0,1.405532907,0.702766453,,0.000105188,,0.000105188,0.5,1,0.5,1,6681.039323,6681.039323,6681.039323,0,0,1,0,7.87E-09,31757553.47
15408749.27,5067824.717,15411749.27,5067824.717,15411749.27,5064824.717,15408749.27,5064824.717,63515106.93,1.57E-08,1.57E-08,7451.325502,2197.339263,5253.986239,0,0,0,0.874158203,0.437079101,,0.000117316,,0.000117316,1,2,1,2,3725.662751,2197.339263,5253.986239,0,0,1,0,1.57E-08,63515106.93
15408749.27,5064824.717,15411749.27,5064824.717,15411749.27,5061824.717,15408749.27,5061824.717,63515106.93,1.57E-08,1.57E-08,7511.638743,684.9635212,3901.7101,0,0,0,0.888366868,0.296122289,,0.000118265,,0.000118265,1,3,1,3,2503.879581,684.9635212,3901.7101,0,0,1,0,1.57E-08,63515106.93
15408749.27,5061824.717,15411749.27,5061824.717,15411749.27,5058824.717,15408749.27,5058824.717,63515106.93,3.94E-08,7.87E-09,3028.688862,82.4437815,6251.530467,1.6,4,1.57E-08,0.361054112,0.300878427,,0.000119211,,0.000119211,2.5,4,0.5,3,2523.907385,82.4437815,6334.308554,0.4,2,5,1.57E-08,4.000000008,31757553.47
15408749.27,5058824.717,15411749.27,5058824.717,15411749.27,5055824.717,15408749.27,5055824.717,63515106.93,3.94E-08,7.87E-09,5154.141767,1059.105648,7921.100145,1.6,4,1.57E-08,1.045624366,0.871353638,,0.000202871,,0.000202871,2.5,4,0.5,3,4295.11814,1154.969821,8980.205791,0.4,2,5,1.57E-08,4.000000008,31757553.47
15408749.27,5055824.717,15411749.27,5055824.717,15411749.27,5052824.717,15408749.27,5052824.717,63515106.93,0,0,0,4546.539045,7091.669831,0,0,0,0,1.066265288,,0.000183235,,0.000183235,0,2,0,2,5819.104475,4546.539045,7091.669905,0,0,0,0,0,0
15408749.27,5052824.717,15411749.27,5052824.717,15411749.27,5049824.717,15408749.27,5049824.717,63515106.93,0,0,0,1695.433747,1695.433747,0,0,0,0,0.04525688,,2.67E-05,,2.67E-05,0,1,0,1,1695.433747,1695.433747,1695.433747,0,0,0,0,0,0
15408749.27,5049824.717,15411749.27,5049824.717,15411749.27,5046824.717,15408749.27,5046824.717,63515106.93,0,0,0,0,0,0,0,0,0,0,,0,,0,0,0,0,0,0,0,0,0,0,0,0,0,0
15408749.27,5046824.717,15411749.27,5046824.717,15411749.27,5043824.717,15408749.27,5043824.717,63515106.93,7.87E-09,7.87E-09,8351.270621,4175.63531,4175.63531,0,0,0,0.54903254,0.27451627,,6.57E-05,,6.57E-05,0.5,1,0.5,1,4175.63531,4175.63531,4175.63531,0,0,1,0,7.87E-09,31757553.47
15408749.27,5043824.717,15411749.27,5043824.717,15411749.27,5040824.717,15408749.27,5040824.717,63515106.93,7.87E-09,7.87E-09,5667.523996,2833.761998,2833.761998,0,0,0,0.252859751,0.126429875,,4.46E-05,,4.46E-05,0.5,1,0.5,1,2833.761998,2833.761998,2833.761998,0,0,1,0,7.87E-09,31757553.47
15408749.27,5040824.717,15411749.27,5040824.717,15411749.27,5037824.717,15408749.27,5037824.717,63515106.93,7.87E-09,7.87E-09,1268.034144,634.017072,634.017072,0,0,0,0.012657702,0.006328851,,9.98E-06,,9.98E-06,0.5,1,0.5,1,634.017072,634.017072,634.017072,0,0,1,0,7.87E-09,31757553.47
15408749.27,5037824.717,15411749.27,5037824.717,15411749.27,5034824.717,15408749.27,5034824.717,63515106.93,0,0,0,8441.362403,8441.362403,0,0,0,0,1.121884267,,0.000132903,,0.000132903,0,1,0,1,8441.362403,8441.362403,8441.362403,0,0,0,0,0,0
15408749.27,5034824.717,15411749.27,5034824.717,15411749.27,5031824.717,15408749.27,5031824.717,63515106.93,0,0,0,4016.395611,8632.298148,0,0,0,0,1.259459848,,0.000199145,,0.000199145,0,2,0,2,6324.346879,4016.395611,8632.298148,0,0,0,0,0,0
15408749.27,5031824.717,15411749.27,5031824.717,15411749.27,5028824.717,15408749.27,5028824.717,63515106.93,7.87E-09,7.87E-09,18278.63616,4137.438339,5001.879739,0,0,0,2.630150179,0.657537545,,0.000143892,,0.000143892,0.5,2,0.5,2,4569.659039,4137.438339,5001.879739,0,0,1,0,7.87E-09,31757553.47
15408749.27,5028824.717,15411749.27,5028824.717,15411749.27,5025824.717,15408749.27,5025824.717,63515106.93,7.87E-09,7.87E-09,6987.270956,3493.635478,3493.635478,0,0,0,0.384333411,0.192166706,,5.50E-05,,5.50E-05,0.5,1,0.5,1,3493.635478,3493.635478,3493.635478,0,0,1,0,7.87E-09,31757553.47
15408749.27,5025824.717,15411749.27,5025824.717,15411749.27,5022824.717,15408749.27,5022824.717,63515106.93,1.57E-08,1.57E-08,5005.575505,324.1669863,4681.408519,0,0,0,0.394485459,0.19724273,,7.88E-05,,7.88E-05,1,2,1,2,2502.787753,324.1669863,4681.408519,0,0,1,0,1.57E-08,63515106.93
15408749.27,5022824.717,15411749.27,5022824.717,15411749.27,5019824.717,15408749.27,5019824.717,63515106.93,7.87E-09,7.87E-09,11381.59202,5690.796009,5690.796009,0,0,0,1.019762409,0.509881204,,8.96E-05,,8.96E-05,0.5,1,0.5,1,5690.796009,5690.796009,5690.796009,0,0,1,0,7.87E-09,31757553.47
15408749.27,5019824.717,15411749.27,5019824.717,15411749.27,5016824.717,15408749.27,5016824.717,63515106.93,7.87E-09,7.87E-09,8865.593187,4432.796594,4432.796594,0,0,0,0.618740536,0.309370268,,6.98E-05,,6.98E-05,0.5,1,0.5,1,4432.796594,4432.796594,4432.796594,0,0,1,0,7.87E-09,31757553.47
15408749.27,5016824.717,15411749.27,5016824.717,15411749.27,5013824.717,15408749.27,5013824.717,63515106.93,0,0,0,0,0,0,0,0,0,0,,0,,0,0,0,0,0,0,0,0,0,0,0,0,0,0
15408749.27,5013824.717,15411749.27,5013824.717,15411749.27,5010824.717,15408749.27,5010824.717,63515106.93,0,0,0,0,0,0,0,0,0,0,,0,,0,0,0,0,0,0,0,0,0,0,0,0,0,0
15408749.27,5010824.717,15411749.27,5010824.717,15411749.27,5007824.717,15408749.27,5007824.717,63515106.93,0,0,0,0,0,0,0,0,0,0,,0,,0,0,0,0,0,0,0,0,0,0,0,0,0,0
15408749.27,5007824.717,15411749.27,5007824.717,15411749.27,5004824.717,15408749.27,5004824.717,63515106.93,0,0,0,0,0,0,0,0,0,0,,0,,0,0,0,0,0,0,0,0,0,0,0,0,0,0
15408749.27,5004824.717,15411749.27,5004824.717,15411749.27,5001824.717,15408749.27,5001824.717,63515106.93,0,0,0,0,0,0,0,0,0,0,,0,,0,0,0,0,0,0,0,0,0,0,0,0,0,0
15408749.27,5001824.717,15411749.27,5001824.717,15411749.27,4998824.717,15408749.27,4998824.717,63515106.93,0,0,0,0,0,0,0,0,0,0,,0,,0,0,0,0,0,0,0,0,0,0,0,0,0,0
15408749.27,4998824.717,15411749.27,4998824.717,15411749.27,4995824.717,15408749.27,4995824.717,63515106.93,0,0,0,0,0,0,0,0,0,0,,0,,0,0,0,0,0,0,0,0,0,0,0,0,0,0
15408749.27,4995824.717,15411749.27,4995824.717,15411749.27,4992824.717,15408749.27,4992824.717,63515106.93,0,0,0,0,0,0,0,0,0,0,,0,,0,0,0,0,0,0,0,0,0,0,0,0,0,0
15408749.27,4992824.717,15411749.27,4992824.717,15411749.27,4989824.717,15408749.27,4989824.717,63515106.93,0,0,0,0,0,0,0,0,0,0,,0,,0,0,0,0,0,0,0,0,0,0,0,0,0,0
15408749.27,4989824.717,15411749.27,4989824.717,15411749.27,4986824.717,15408749.27,4986824.717,63515106.93,0,0,0,0,0,0,0,0,0,0,,0,,0,0,0,0,0,0,0,0,0,0,0,0,0,0
15408749.27,4986824.717,15411749.27,4986824.717,15411749.27,4983824.717,15408749.27,4983824.717,63515106.93,0,0,0,0,0,0,0,0,0,0,,0,,0,0,0,0,0,0,0,0,0,0,0,0,0,0
15408749.27,4983824.717,15411749.27,4983824.717,15411749.27,4980824.717,15408749.27,4980824.717,63515106.93,0,0,0,5234.540984,5234.540984,0,0,0,0,0.431400034,,8.24E-05,,8.24E-05,0,1,0,1,5234.540984,5234.540984,5234.540984,0,0,0,0,0,0
15408749.27,4980824.717,15411749.27,4980824.717,15411749.27,4977824.717,15408749.27,4977824.717,63515106.93,0,0,0,8288.129815,8288.129815,0,0,0,0,1.081523737,,0.000130491,,0.000130491,0,1,0,1,8288.129815,8288.129815,8288.129815,0,0,0,0,0,0
15408749.27,4977824.717,15411749.27,4977824.717,15411749.27,4974824.717,15408749.27,4974824.717,63515106.93,0,0,0,8983.632495,8983.632495,0,0,0,0,1.270652868,,0.000141441,,0.000141441,0,1,0,1,8983.632495,8983.632495,8983.632495,0,0,0,0,0,0
15408749.27,4974824.717,15411749.27,4974824.717,15411749.27,4971824.717,15408749.27,4971824.717,63515106.93,0,0,0,7795.194873,7795.194873,0,0,0,0,0.956702524,,0.00012273,,0.00012273,0,1,0,1,7795.194873,7795.194873,7795.194873,0,0,0,0,0,0
15408749.27,4971824.717,15411749.27,4971824.717,15411749.27,4968824.717,15408749.27,4968824.717,63515106.93,0,0,0,3442.405612,3442.405612,0,0,0,0,0.18657225,,5.42E-05,,5.42E-05,0,1,0,1,3442.405612,3442.405612,3442.405612,0,0,0,0,0,0
15408749.27,4968824.717,15411749.27,4968824.717,15411749.27,4965824.717,15408749.27,4965824.717,63515106.93,0,0,0,0,0,0,0,0,0,0,,0,,0,0,0,0,0,0,0,0,0,0,0,0,0,0
15408749.27,4965824.717,15411749.27,4965824.717,15411749.27,4962824.717,15408749.27,4962824.717,63515106.93,0,0,0,0,0,0,0,0,0,0,,0,,0,0,0,0,0,0,0,0,0,0,0,0,0,0
15408749.27,4962824.717,15411749.27,4962824.717,15411749.27,4959824.717,15408749.27,4959824.717,63515106.93,0,0,0,0,0,0,0,0,0,0,,0,,0,0,0,0,0,0,0,0,0,0,0,0,0,0
15408749.27,4959824.717,15411749.27,4959824.717,15411749.27,4956824.717,15408749.27,4956824.717,63515106.93,0,0,0,0,0,0,0,0,0,0,,0,,0,0,0,0,0,0,0,0,0,0,0,0,0,0
15408749.27,4956824.717,15411749.27,4956824.717,15411749.27,4953824.717,15408749.27,4953824.717,63515106.93,0,0,0,0,0,0,0,0,0,0,,0,,0,0,0,0,0,0,0,0,0,0,0,0,0,0
15408749.27,4953824.717,15411749.27,4953824.717,15411749.27,4950824.717,15408749.27,4950824.717,63515106.93,0,0,0,0,0,0,0,0,0,0,,0,,0,0,0,0,0,0,0,0,0,0,0,0,0,0
15408749.27,4950824.717,15411749.27,4950824.717,15411749.27,4947824.717,15408749.27,4947824.717,63515106.93,0,0,0,0,0,0,0,0,0,0,,0,,0,0,0,0,0,0,0,0,0,0,0,0,0,0
15408749.27,4947824.717,15411749.27,4947824.717,15411749.27,4944824.717,15408749.27,4944824.717,63515106.93,0,0,0,0,0,0,0,0,0,0,,0,,0,0,0,0,0,0,0,0,0,0,0,0,0,0
15408749.27,4944824.717,15411749.27,4944824.717,15411749.27,4941824.717,15408749.27,4941824.717,63515106.93,0,0,0,0,0,0,0,0,0,0,,0,,0,0,0,0,0,0,0,0,0,0,0,0,0,0
15411749.27,5124824.717,15414749.27,5124824.717,15414749.27,5121824.717,15411749.27,5121824.717,63515106.93,0,0,0,0,0,0,0,0,0,0,,0,,0,0,0,0,0,0,0,0,0,0,0,0,0,0
15411749.27,5121824.717,15414749.27,5121824.717,15414749.27,5118824.717,15411749.27,5118824.717,63515106.93,0,0,0,0,0,0,0,0,0,0,,0,,0,0,0,0,0,0,0,0,0,0,0,0,0,0
15411749.27,5118824.717,15414749.27,5118824.717,15414749.27,5115824.717,15411749.27,5115824.717,63515106.93,0,0,0,0,0,0,0,0,0,0,,0,,0,0,0,0,0,0,0,0,0,0,0,0,0,0
15411749.27,5115824.717,15414749.27,5115824.717,15414749.27,5112824.717,15411749.27,5112824.717,63515106.93,0,0,0,6656.797126,6656.797126,0,0,0,0,0.69767572,,0.000104807,,0.000104807,0,1,0,1,6656.797126,6656.797126,6656.797126,0,0,0,0,0,0
15411749.27,5112824.717,15414749.27,5112824.717,15414749.27,5109824.717,15411749.27,5109824.717,63515106.93,7.87E-09,7.87E-09,32678.56904,7358.04444,8981.240078,0,0,0,8.406573852,2.101643463,,0.00025725,,0.00025725,0.5,2,0.5,2,8169.642259,7358.04444,8981.240078,0,0,1,0,7.87E-09,31757553.47
15411749.27,5109824.717,15414749.27,5109824.717,15414749.27,5106824.717,15411749.27,5106824.717,63515106.93,1.57E-08,1.57E-08,15023.12663,619.3011235,7750.315791,0,0,0,3.553396108,1.184465369,,0.000236528,,0.000236528,1,3,1,3,5007.708877,619.3011235,7750.315791,0,0,1,0,1.57E-08,63515106.93
15411749.27,5106824.717,15414749.27,5106824.717,15414749.27,5103824.717,15411749.27,5103824.717,63515106.93,1.57E-08,1.57E-08,5979.479278,1974.803262,4004.676015,0,0,0,0.562923911,0.281461956,,9.41E-05,,9.41E-05,1,2,1,2,2989.739639,1974.803262,4004.676015,0,0,1,0,1.57E-08,63515106.93
15411749.27,5103824.717,15414749.27,5103824.717,15414749.27,5100824.717,15411749.27,5100824.717,63515106.93,1.57E-08,1.57E-08,7839.057261,3884.944391,3954.11287,0,0,0,0.967499257,0.483749628,,0.00012342,,0.00012342,1,2,1,2,3919.52863,3884.944391,3954.11287,0,0,1,0,1.57E-08,63515106.93
15411749.27,5100824.717,15414749.27,5100824.717,15414749.27,5097824.717,15411749.27,5097824.717,63515106.93,3.15E-08,3.15E-08,5735.9865,596.2515682,6698.001377,0,0,0,1.036022537,0.518011269,,0.000180618,,0.000180618,2,4,2,4,2867.99325,596.2515682,6698.001377,0,0,1,0,3.15E-08,127030213.9
15411749.27,5097824.717,15414749.27,5097824.717,15414749.27,5094824.717,15411749.27,5094824.717,63515106.93,3.15E-08,3.15E-08,7500.077411,1752.456073,6963.173001,0,0,0,1.771268723,0.885634361,,0.000236167,,0.000236167,2,4,2,4,3750.038705,1752.456073,6963.173001,0,0,1,0,3.15E-08,127030213.9
15411749.27,5094824.717,15414749.27,5094824.717,15414749.27,5091824.717,15411749.27,5091824.717,63515106.93,1.57E-08,1.57E-08,8705.450405,3227.356877,5478.093528,0,0,0,1.193178606,0.596589303,,0.000137061,,0.000137061,1,2,1,2,4352.725202,3227.356877,5478.093528,0,0,1,0,1.57E-08,63515106.93
15411749.27,5091824.717,15414749.27,5091824.717,15414749.27,5088824.717,15411749.27,5088824.717,63515106.93,0,0,0,7396.6058,7396.6058,0,0,0,0,0.861366374,,0.000116454,,0.000116454,0,1,0,1,7396.6058,7396.6058,7396.6058,0,0,0,0,0,0
15411749.27,5088824.717,15414749.27,5088824.717,15414749.27,5085824.717,15411749.27,5085824.717,63515106.93,1.57E-08,1.57E-08,10732.68274,2093.927747,6135.44351,0,0,0,1.813591826,0.604530609,,0.000168978,,0.000168978,1,3,1,3,3577.560913,2093.927747,6135.44351,0,0,1,0,1.57E-08,63515106.93
15411749.27,5085824.717,15414749.27,5085824.717,15414749.27,5082824.717,15411749.27,5082824.717,63515106.93,1.57E-08,1.57E-08,12006.52398,2825.757548,5477.389016,0,0,0,2.269643004,0.756547668,,0.000189034,,0.000189034,1,3,1,3,4002.17466,2825.757548,5477.389016,0,0,1,0,1.57E-08,63515106.93
15411749.27,5082824.717,15414749.27,5082824.717,15414749.27,5079824.717,15411749.27,5079824.717,63515106.93,1.57E-08,1.57E-08,8607.633624,1223.781696,7383.851928,0,0,0,1.166515498,0.583257749,,0.000135521,,0.000135521,1,2,1,2,4303.816812,1223.781696,7383.851928,0,0,1,0,1.57E-08,63515106.93
15411749.27,5079824.717,15414749.27,5079824.717,15414749.27,5076824.717,15411749.27,5076824.717,63515106.93,0,0,0,4167.832727,5680.497629,0,0,0,0,0.763516079,,0.000155055,,0.000155055,0,2,0,2,4924.165178,4167.832727,5680.497629,0,0,0,0,0,0
15411749.27,5076824.717,15414749.27,5076824.717,15414749.27,5073824.717,15411749.27,5073824.717,63515106.93,1.57E-08,1.57E-08,5440.849627,2353.847887,3087.00174,0,0,0,0.466075649,0.233037824,,8.57E-05,,8.57E-05,1,2,1,2,2720.424813,2353.847887,3087.00174,0,0,1,0,1.57E-08,63515106.93
15411749.27,5073824.717,15414749.27,5073824.717,15414749.27,5070824.717,15411749.27,5070824.717,63515106.93,1.57E-08,1.57E-08,7668.417541,1012.974046,6655.443495,0,0,0,0.925836866,0.462918433,,0.000120734,,0.000120734,1,2,1,2,3834.20877,1012.974046,6655.443495,0,0,1,0,1.57E-08,63515106.93
15411749.27,5070824.717,15414749.27,5070824.717,15414749.27,5067824.717,15411749.27,5067824.717,63515106.93,0,0,0,9117.762399,9117.762399,0,0,0,0,1.308879024,,0.000143553,,0.000143553,0,1,0,1,9117.762399,9117.762399,9117.762399,0,0,0,0,0,0
15411749.27,5067824.717,15414749.27,5067824.717,15414749.27,5064824.717,15411749.27,5064824.717,63515106.93,1.57E-08,1.57E-08,12239.0772,5158.164259,7080.912944,0,0,0,2.35841547,1.179207735,,0.000192696,,0.000192696,1,2,1,2,6119.538602,5158.164259,7080.912944,0,0,1,0,1.57E-08,63515106.93
15411749.27,5064824.717,15414749.27,5064824.717,15414749.27,5061824.717,15411749.27,5061824.717,63515106.93,1.57E-08,1.57E-08,7265.618746,3556.04318,3709.575566,0,0,0,0.831128503,0.415564252,,0.000114392,,0.000114392,1,2,1,2,3632.809373,3556.04318,3709.575566,0,0,1,0,1.57E-08,63515106.93
15411749.27,5061824.717,15414749.27,5061824.717,15414749.27,5058824.717,15411749.27,5058824.717,63515106.93,7.87E-09,7.87E-09,13622.29897,1289.325628,5521.823936,0,0,0,1.460810177,0.365202544,,0.000107237,,0.000107237,0.5,2,0.5,2,3405.574743,1289.325628,5521.823858,0,0,1,0,7.87E-09,31757553.47
15411749.27,5058824.717,15414749.27,5058824.717,15414749.27,5055824.717,15411749.27,5055824.717,63515106.93,0,0,0,8917.457695,8917.457695,0,0,0,0,1.252002167,,0.000140399,,0.000140399,0,1,0,1,8917.457682,8917.457682,8917.457682,0,0,0,0,0,0
15411749.27,5055824.717,15414749.27,5055824.717,15414749.27,5052824.717,15411749.27,5052824.717,63515106.93,0,0,0,7605.918791,7605.918791,0,0,0,0,0.910806956,,0.00011975,,0.00011975,0,1,0,1,7605.918826,7605.918826,7605.918826,0,0,0,0,0,0
15411749.27,5052824.717,15414749.27,5052824.717,15414749.27,5049824.717,15411749.27,5049824.717,63515106.93,0,0,0,1261.52984,1261.52984,0,0,0,0,0.025056362,,1.99E-05,,1.99E-05,0,1,0,1,1261.52984,1261.52984,1261.52984,0,0,0,0,0,0
15411749.27,5049824.717,15414749.27,5049824.717,15414749.27,5046824.717,15411749.27,5046824.717,63515106.93,0,0,0,7057.863646,7057.863646,0,0,0,0,0.784277027,,0.000111121,,0.000111121,0,1,0,1,7057.863646,7057.863646,7057.863646,0,0,0,0,0,0
15411749.27,5046824.717,15414749.27,5046824.717,15414749.27,5043824.717,15411749.27,5043824.717,63515106.93,7.87E-09,7.87E-09,14442.28441,7221.142203,7221.142203,0,0,0,1.641968257,0.820984129,,0.000113692,,0.000113692,0.5,1,0.5,1,7221.142203,7221.142203,7221.142203,0,0,1,0,7.87E-09,31757553.47
15411749.27,5043824.717,15414749.27,5043824.717,15414749.27,5040824.717,15411749.27,5040824.717,63515106.93,7.87E-09,7.87E-09,9455.432017,4727.716009,4727.716009,0,0,0,0.703810471,0.351905235,,7.44E-05,,7.44E-05,0.5,1,0.5,1,4727.716009,4727.716009,4727.716009,0,0,1,0,7.87E-09,31757553.47
15411749.27,5040824.717,15414749.27,5040824.717,15414749.27,5037824.717,15411749.27,5037824.717,63515106.93,7.87E-09,7.87E-09,14151.74532,1460.295313,5615.577349,0,0,0,1.576568988,0.394142247,,0.000111405,,0.000111405,0.5,2,0.5,2,3537.936331,1460.295313,5615.577349,0,0,1,0,7.87E-09,31757553.47
15411749.27,5037824.717,15414749.27,5037824.717,15414749.27,5034824.717,15411749.27,5034824.717,63515106.93,0,0,0,8882.130553,8882.130553,0,0,0,0,1.242102029,,0.000139843,,0.000139843,0,1,0,1,8882.130553,8882.130553,8882.130553,0,0,0,0,0,0
15411749.27,5034824.717,15414749.27,5034824.717,15414749.27,5031824.717,15411749.27,5031824.717,63515106.93,0,0,0,7606.836051,7931.219857,0,0,0,0,1.900580768,,0.000244636,,0.000244636,0,2,0,2,7769.027954,7606.836051,7931.219857,0,0,0,0,0,0
15411749.27,5031824.717,15414749.27,5031824.717,15414749.27,5028824.717,15411749.27,5028824.717,63515106.93,7.87E-09,7.87E-09,15524.60699,7762.303495,7762.303495,0,0,0,1.897292108,0.948646054,,0.000122212,,0.000122212,0.5,1,0.5,1,7762.303495,7762.303495,7762.303495,0,0,1,0,7.87E-09,31757553.47
15411749.27,5028824.717,15414749.27,5028824.717,15414749.27,5025824.717,15411749.27,5025824.717,63515106.93,7.87E-09,7.87E-09,10470.90012,5235.450058,5235.450058,0,0,0,0.863099777,0.431549888,,8.24E-05,,8.24E-05,0.5,1,0.5,1,5235.450058,5235.450058,5235.450058,0,0,1,0,7.87E-09,31757553.47
15411749.27,5025824.717,15414749.27,5025824.717,15414749.27,5022824.717,15411749.27,5022824.717,63515106.93,0,0,0,6638.076301,6638.076301,0,0,0,0,0.693757109,,0.000104512,,0.000104512,0,1,0,1,6638.076301,6638.076301,6638.076301,0,0,0,0,0,0
15411749.27,5022824.717,15414749.27,5022824.717,15414749.27,5019824.717,15411749.27,5019824.717,63515106.93,7.87E-09,7.87E-09,17352.93267,8676.466337,8676.466337,0,0,0,2.370493312,1.185246656,,0.000136605,,0.000136605,0.5,1,0.5,1,8676.466337,8676.466337,8676.466337,0,0,1,0,7.87E-09,31757553.47
15411749.27,5019824.717,15414749.27,5019824.717,15414749.27,5016824.717,15411749.27,5016824.717,63515106.93,0,0,0,6945.150989,6945.150989,0,0,0,0,0.759427553,,0.000109346,,0.000109346,0,1,0,1,6945.150989,6945.150989,6945.150989,0,0,0,0,0,0
15411749.27,5016824.717,15414749.27,5016824.717,15414749.27,5013824.717,15411749.27,5013824.717,63515106.93,0,0,0,0,0,0,0,0,0,0,,0,,0,0,0,0,0,0,0,0,0,0,0,0,0,0
15411749.27,5013824.717,15414749.27,5013824.717,15414749.27,5010824.717,15411749.27,5010824.717,63515106.93,0,0,0,0,0,0,0,0,0,0,,0,,0,0,0,0,0,0,0,0,0,0,0,0,0,0
15411749.27,5010824.717,15414749.27,5010824.717,15414749.27,5007824.717,15411749.27,5007824.717,63515106.93,0,0,0,0,0,0,0,0,0,0,,0,,0,0,0,0,0,0,0,0,0,0,0,0,0,0
15411749.27,5007824.717,15414749.27,5007824.717,15414749.27,5004824.717,15411749.27,5004824.717,63515106.93,0,0,0,0,0,0,0,0,0,0,,0,,0,0,0,0,0,0,0,0,0,0,0,0,0,0
15411749.27,5004824.717,15414749.27,5004824.717,15414749.27,5001824.717,15411749.27,5001824.717,63515106.93,0,0,0,0,0,0,0,0,0,0,,0,,0,0,0,0,0,0,0,0,0,0,0,0,0,0
15411749.27,5001824.717,15414749.27,5001824.717,15414749.27,4998824.717,15411749.27,4998824.717,63515106.93,0,0,0,0,0,0,0,0,0,0,,0,,0,0,0,0,0,0,0,0,0,0,0,0,0,0
15411749.27,4998824.717,15414749.27,4998824.717,15414749.27,4995824.717,15411749.27,4995824.717,63515106.93,0,0,0,0,0,0,0,0,0,0,,0,,0,0,0,0,0,0,0,0,0,0,0,0,0,0
15411749.27,4995824.717,15414749.27,4995824.717,15414749.27,4992824.717,15411749.27,4992824.717,63515106.93,0,0,0,0,0,0,0,0,0,0,,0,,0,0,0,0,0,0,0,0,0,0,0,0,0,0
15411749.27,4992824.717,15414749.27,4992824.717,15414749.27,4989824.717,15411749.27,4989824.717,63515106.93,0,0,0,0,0,0,0,0,0,0,,0,,0,0,0,0,0,0,0,0,0,0,0,0,0,0
15411749.27,4989824.717,15414749.27,4989824.717,15414749.27,4986824.717,15411749.27,4986824.717,63515106.93,0,0,0,0,0,0,0,0,0,0,,0,,0,0,0,0,0,0,0,0,0,0,0,0,0,0
15411749.27,4986824.717,15414749.27,4986824.717,15414749.27,4983824.717,15411749.27,4983824.717,63515106.93,0,0,0,6339.386911,6339.386911,0,0,0,0,0.632728627,,9.98E-05,,9.98E-05,0,1,0,1,6339.386911,6339.386911,6339.386911,0,0,0,0,0,0
15411749.27,4983824.717,15414749.27,4983824.717,15414749.27,4980824.717,15411749.27,4980824.717,63515106.93,0,0,0,8625.813042,8625.813042,0,0,0,0,1.171448089,,0.000135807,,0.000135807,0,1,0,1,8625.813042,8625.813042,8625.813042,0,0,0,0,0,0
15411749.27,4980824.717,15414749.27,4980824.717,15414749.27,4977824.717,15411749.27,4977824.717,63515106.93,0,0,0,8921.188556,8921.188556,0,0,0,0,1.253050008,,0.000140458,,0.000140458,0,1,0,1,8921.188556,8921.188556,8921.188556,0,0,0,0,0,0
15411749.27,4977824.717,15414749.27,4977824.717,15414749.27,4974824.717,15411749.27,4974824.717,63515106.93,0,0,0,7509.176557,7509.176557,0,0,0,0,0.887784581,,0.000118227,,0.000118227,0,1,0,1,7509.176557,7509.176557,7509.176557,0,0,0,0,0,0
15411749.27,4974824.717,15414749.27,4974824.717,15414749.27,4971824.717,15411749.27,4971824.717,63515106.93,0,0,0,1856.334245,1856.334245,0,0,0,0,0.054254444,,2.92E-05,,2.92E-05,0,1,0,1,1856.334245,1856.334245,1856.334245,0,0,0,0,0,0
15411749.27,4971824.717,15414749.27,4971824.717,15414749.27,4968824.717,15411749.27,4968824.717,63515106.93,0,0,0,0,0,0,0,0,0,0,,0,,0,0,0,0,0,0,0,0,0,0,0,0,0,0
15411749.27,4968824.717,15414749.27,4968824.717,15414749.27,4965824.717,15411749.27,4965824.717,63515106.93,0,0,0,0,0,0,0,0,0,0,,0,,0,0,0,0,0,0,0,0,0,0,0,0,0,0
15411749.27,4965824.717,15414749.27,4965824.717,15414749.27,4962824.717,15411749.27,4962824.717,63515106.93,0,0,0,0,0,0,0,0,0,0,,0,,0,0,0,0,0,0,0,0,0,0,0,0,0,0
15411749.27,4962824.717,15414749.27,4962824.717,15414749.27,4959824.717,15411749.27,4959824.717,63515106.93,0,0,0,0,0,0,0,0,0,0,,0,,0,0,0,0,0,0,0,0,0,0,0,0,0,0
15411749.27,4959824.717,15414749.27,4959824.717,15414749.27,4956824.717,15411749.27,4956824.717,63515106.93,0,0,0,0,0,0,0,0,0,0,,0,,0,0,0,0,0,0,0,0,0,0,0,0,0,0
15411749.27,4956824.717,15414749.27,4956824.717,15414749.27,4953824.717,15411749.27,4953824.717,63515106.93,0,0,0,0,0,0,0,0,0,0,,0,,0,0,0,0,0,0,0,0,0,0,0,0,0,0
15411749.27,4953824.717,15414749.27,4953824.717,15414749.27,4950824.717,15411749.27,4950824.717,63515106.93,0,0,0,0,0,0,0,0,0,0,,0,,0,0,0,0,0,0,0,0,0,0,0,0,0,0
15411749.27,4950824.717,15414749.27,4950824.717,15414749.27,4947824.717,15411749.27,4947824.717,63515106.93,0,0,0,0,0,0,0,0,0,0,,0,,0,0,0,0,0,0,0,0,0,0,0,0,0,0
15411749.27,4947824.717,15414749.27,4947824.717,15414749.27,4944824.717,15411749.27,4944824.717,63515106.93,0,0,0,0,0,0,0,0,0,0,,0,,0,0,0,0,0,0,0,0,0,0,0,0,0,0
15411749.27,4944824.717,15414749.27,4944824.717,15414749.27,4941824.717,15411749.27,4941824.717,63515106.93,0,0,0,0,0,0,0,0,0,0,,0,,0,0,0,0,0,0,0,0,0,0,0,0,0,0
15414749.27,5124824.717,15417749.27,5124824.717,15417749.27,5121824.717,15414749.27,5121824.717,63515106.93,0,0,0,0,0,0,0,0,0,0,,0,,0,0,0,0,0,0,0,0,0,0,0,0,0,0
15414749.27,5121824.717,15417749.27,5121824.717,15417749.27,5118824.717,15414749.27,5118824.717,63515106.93,0,0,0,0,0,0,0,0,0,0,,0,,0,0,0,0,0,0,0,0,0,0,0,0,0,0
15414749.27,5118824.717,15417749.27,5118824.717,15417749.27,5115824.717,15414749.27,5115824.717,63515106.93,0,0,0,1522.191514,1522.191514,0,0,0,0,0.036480565,,2.40E-05,,2.40E-05,0,1,0,1,1522.191514,1522.191514,1522.191514,0,0,0,0,0,0
15414749.27,5115824.717,15417749.27,5115824.717,15417749.27,5112824.717,15414749.27,5112824.717,63515106.93,0,0,0,4565.064851,8266.489799,0,0,0,0,1.296138845,,0.000202024,,0.000202024,0,2,0,2,6415.777325,4565.064851,8266.489799,0,0,0,0,0,0
15414749.27,5112824.717,15417749.27,5112824.717,15417749.27,5109824.717,15414749.27,5109824.717,63515106.93,7.87E-09,7.87E-09,41783.7549,3407.301653,8847.279494,0,0,0,13.74383401,2.290639001,,0.000328928,,0.000328928,0.5,3,0.5,3,6963.95915,3407.301653,8847.279494,0,0,1,0,7.87E-09,31757553.47
15414749.27,5109824.717,15417749.27,5109824.717,15417749.27,5106824.717,15414749.27,5106824.717,63515106.93,7.87E-09,7.87E-09,34305.61289,3570.558307,8583.077417,0,0,0,9.264528805,1.544088134,,0.000270059,,0.000270059,0.5,3,0.5,3,5717.602148,3570.558307,8583.077417,0,0,1,0,7.87E-09,31757553.47
15414749.27,5106824.717,15417749.27,5106824.717,15417749.27,5103824.717,15414749.27,5103824.717,63515106.93,7.87E-09,7.87E-09,19611.66061,620.2927103,7527.837458,0,0,0,3.027761821,0.50462697,,0.000154386,,0.000154386,0.5,3,0.5,3,3268.610101,620.2927103,7527.837458,0,0,1,0,7.87E-09,31757553.47
15414749.27,5103824.717,15417749.27,5103824.717,15417749.27,5100824.717,15414749.27,5100824.717,63515106.93,7.87E-09,7.87E-09,13998.09261,6999.046307,6999.046307,0,0,0,1.542519617,0.771259808,,0.000110195,,0.000110195,0.5,1,0.5,1,6999.046307,6999.046307,6999.046307,0,0,1,0,7.87E-09,31757553.47
15414749.27,5100824.717,15417749.27,5100824.717,15417749.27,5097824.717,15414749.27,5097824.717,63515106.93,1.57E-08,1.57E-08,17907.85276,3791.545291,9234.194986,0,0,0,5.049053774,1.683017925,,0.000281946,,0.000281946,1,3,1,3,5969.284252,3791.545291,9234.194986,0,0,1,0,1.57E-08,63515106.93
15414749.27,5097824.717,15417749.27,5097824.717,15417749.27,5094824.717,15414749.27,5094824.717,63515106.93,7.87E-09,7.87E-09,29283.37523,6376.339358,8265.348256,0,0,0,6.750489027,1.687622257,,0.000230523,,0.000230523,0.5,2,0.5,2,7320.843807,6376.339358,8265.348256,0,0,1,0,7.87E-09,31757553.47
15414749.27,5094824.717,15417749.27,5094824.717,15417749.27,5091824.717,15414749.27,5091824.717,63515106.93,7.87E-09,7.87E-09,18492.64994,2794.069368,6452.255604,0,0,0,2.692100497,0.673025124,,0.000145577,,0.000145577,0.5,2,0.5,2,4623.162486,2794.069368,6452.255604,0,0,1,0,7.87E-09,31757553.47
15414749.27,5091824.717,15417749.27,5091824.717,15417749.27,5088824.717,15414749.27,5088824.717,63515106.93,7.87E-09,7.87E-09,2386.894622,1193.447311,1193.447311,0,0,0,0.044849692,0.022424846,,1.88E-05,,1.88E-05,0.5,1,0.5,1,1193.447311,1193.447311,1193.447311,0,0,1,0,7.87E-09,31757553.47
15414749.27,5088824.717,15417749.27,5088824.717,15417749.27,5085824.717,15414749.27,5085824.717,63515106.93,2.36E-08,2.36E-08,4144.034873,1127.432168,5088.620142,0,0,0,0.405565523,0.304174142,,9.79E-05,,9.79E-05,1.5,2,1.5,2,3108.026155,1127.432168,5088.620142,0,0,1,0,2.36E-08,95272660.4
15414749.27,5085824.717,15417749.27,5085824.717,15417749.27,5082824.717,15414749.27,5082824.717,63515106.93,2.36E-08,2.36E-08,5558.430146,3249.025077,5088.620142,0,0,0,0.729656624,0.547242468,,0.00013127,,0.00013127,1.5,2,1.5,2,4168.822609,3249.025077,5088.620142,0,0,1,0,2.36E-08,95272660.4
15414749.27,5082824.717,15417749.27,5082824.717,15417749.27,5079824.717,15414749.27,5079824.717,63515106.93,3.15E-08,3.15E-08,6555.64604,2133.830436,4179.12909,0,0,0,1.353268445,0.676634223,,0.000206428,,0.000206428,2,4,2,4,3277.82302,2133.830436,4179.12909,0,0,1,0,3.15E-08,127030213.9
15414749.27,5079824.717,15417749.27,5079824.717,15417749.27,5076824.717,15414749.27,5076824.717,63515106.93,2.36E-08,2.36E-08,4620.678174,638.1687634,6292.848498,0,0,0,0.504226502,0.378169876,,0.000109124,,0.000109124,1.5,2,1.5,2,3465.50863,638.1687634,6292.848498,0,0,1,0,2.36E-08,95272660.4
15414749.27,5076824.717,15417749.27,5076824.717,15417749.27,5073824.717,15414749.27,5073824.717,63515106.93,1.57E-08,1.57E-08,7930.89412,2713.167176,5217.726944,0,0,0,0.99030112,0.49515056,,0.000124866,,0.000124866,1,2,1,2,3965.44706,2713.167176,5217.726944,0,0,1,0,1.57E-08,63515106.93
15414749.27,5073824.717,15417749.27,5073824.717,15417749.27,5070824.717,15414749.27,5070824.717,63515106.93,1.57E-08,1.57E-08,13195.47128,2246.136529,5486.080671,0,0,0,2.741402334,0.913800778,,0.000207753,,0.000207753,1,3,1,3,4398.490428,2246.136529,5486.080671,0,0,1,0,1.57E-08,63515106.93
15414749.27,5070824.717,15417749.27,5070824.717,15417749.27,5067824.717,15414749.27,5067824.717,63515106.93,7.87E-09,7.87E-09,31438.44269,7389.273419,8329.947925,0,0,0,7.78063461,1.945158653,,0.000247488,,0.000247488,0.5,2,0.5,2,7859.610672,7389.273419,8329.947925,0,0,1,0,7.87E-09,31757553.47
15414749.27,5067824.717,15417749.27,5067824.717,15417749.27,5064824.717,15414749.27,5064824.717,63515106.93,7.87E-09,7.87E-09,25810.84995,4808.809831,8096.615142,0,0,0,5.244421422,1.311105356,,0.000203187,,0.000203187,0.5,2,0.5,2,6452.712486,4808.809831,8096.615142,0,0,1,0,7.87E-09,31757553.47
15414749.27,5064824.717,15417749.27,5064824.717,15417749.27,5061824.717,15414749.27,5061824.717,63515106.93,7.87E-09,7.87E-09,10875.38079,5437.690395,5437.690395,0,0,0,0.931069103,0.465534552,,8.56E-05,,8.56E-05,0.5,1,0.5,1,5437.690395,5437.690395,5437.690395,0,0,1,0,7.87E-09,31757553.47
15414749.27,5061824.717,15417749.27,5061824.717,15417749.27,5058824.717,15414749.27,5058824.717,63515106.93,1.57E-08,1.57E-08,6158.9069,42.87645783,4443.189392,0,0,0,0.597214364,0.199071455,,9.70E-05,,9.70E-05,1,3,1,3,2052.968967,42.87645783,4443.189388,0,0,1,0,1.57E-08,63515106.93
15414749.27,5058824.717,15417749.27,5058824.717,15417749.27,5055824.717,15414749.27,5055824.717,63515106.93,7.87E-09,7.87E-09,19906.08526,1161.269971,8791.772663,0,0,0,3.119354193,0.779838548,,0.000156704,,0.000156704,0.5,2,0.5,2,4976.521315,1161.269971,8791.772658,0,0,1,0,7.87E-09,31757553.47
15414749.27,5055824.717,15417749.27,5055824.717,15417749.27,5052824.717,15414749.27,5052824.717,63515106.93,0,0,0,8019.440571,8019.440571,0,0,0,0,1.012537495,,0.00012626,,0.00012626,0,1,0,1,8019.440582,8019.440582,8019.440582,0,0,0,0,0,0
15414749.27,5052824.717,15417749.27,5052824.717,15417749.27,5049824.717,15414749.27,5049824.717,63515106.93,0,0,0,6848.24439,6848.24439,0,0,0,0,0.738382622,,0.000107821,,0.000107821,0,1,0,1,6848.24439,6848.24439,6848.24439,0,0,0,0,0,0
15414749.27,5049824.717,15417749.27,5049824.717,15417749.27,5046824.717,15414749.27,5046824.717,63515106.93,7.87E-09,7.87E-09,19129.42432,606.4060175,8958.306144,0,0,0,2.880691639,0.72017291,,0.00015059,,0.00015059,0.5,2,0.5,2,4782.356081,606.4060175,8958.306144,0,0,1,0,7.87E-09,31757553.47
15414749.27,5046824.717,15417749.27,5046824.717,15417749.27,5043824.717,15414749.27,5043824.717,63515106.93,7.87E-09,7.87E-09,19583.63167,1031.189522,8760.626313,0,0,0,3.019113467,0.754778367,,0.000154165,,0.000154165,0.5,2,0.5,2,4895.907917,1031.189522,8760.626313,0,0,1,0,7.87E-09,31757553.47
15414749.27,5043824.717,15417749.27,5043824.717,15417749.27,5040824.717,15414749.27,5040824.717,63515106.93,7.87E-09,7.87E-09,9960.700202,4980.350101,4980.350101,0,0,0,0.781038979,0.390519489,,7.84E-05,,7.84E-05,0.5,1,0.5,1,4980.350101,4980.350101,4980.350101,0,0,1,0,7.87E-09,31757553.47
15414749.27,5040824.717,15417749.27,5040824.717,15417749.27,5037824.717,15414749.27,5037824.717,63515106.93,0,0,0,7700.817004,7700.817004,0,0,0,0,0.933676812,,0.000121244,,0.000121244,0,1,0,1,7700.817004,7700.817004,7700.817004,0,0,0,0,0,0
15414749.27,5037824.717,15417749.27,5037824.717,15417749.27,5034824.717,15414749.27,5034824.717,63515106.93,0,0,0,6217.160221,8961.372961,0,0,0,0,1.813646239,,0.000238975,,0.000238975,0,2,0,2,7589.266591,6217.160221,8961.372961,0,0,0,0,0,0
15414749.27,5034824.717,15417749.27,5034824.717,15417749.27,5031824.717,15414749.27,5031824.717,63515106.93,0,0,0,6403.508079,8866.316627,0,0,0,0,1.835528253,,0.000240412,,0.000240412,0,2,0,2,7634.912353,6403.508079,8866.316627,0,0,0,0,0,0
15414749.27,5031824.717,15417749.27,5031824.717,15417749.27,5028824.717,15414749.27,5028824.717,63515106.93,0,0,0,8291.976339,8291.976339,0,0,0,0,1.082527841,,0.000130551,,0.000130551,0,1,0,1,8291.976339,8291.976339,8291.976339,0,0,0,0,0,0
15414749.27,5028824.717,15417749.27,5028824.717,15417749.27,5025824.717,15414749.27,5025824.717,63515106.93,0,0,0,2604.700242,2604.700242,0,0,0,0,0.10681653,,4.10E-05,,4.10E-05,0,1,0,1,2604.700242,2604.700242,2604.700242,0,0,0,0,0,0
15414749.27,5025824.717,15417749.27,5025824.717,15417749.27,5022824.717,15414749.27,5022824.717,63515106.93,0,0,0,7367.279597,7367.279597,0,0,0,0,0.854549591,,0.000115993,,0.000115993,0,1,0,1,7367.279597,7367.279597,7367.279597,0,0,0,0,0,0
15414749.27,5022824.717,15417749.27,5022824.717,15417749.27,5019824.717,15414749.27,5019824.717,63515106.93,0,0,0,8972.37329,8972.37329,0,0,0,0,1.267469841,,0.000141264,,0.000141264,0,1,0,1,8972.37329,8972.37329,8972.37329,0,0,0,0,0,0
15414749.27,5019824.717,15417749.27,5019824.717,15417749.27,5016824.717,15414749.27,5016824.717,63515106.93,0,0,0,5994.027678,5994.027678,0,0,0,0,0.565666493,,9.44E-05,,9.44E-05,0,1,0,1,5994.027678,5994.027678,5994.027678,0,0,0,0,0,0
15414749.27,5016824.717,15417749.27,5016824.717,15417749.27,5013824.717,15414749.27,5013824.717,63515106.93,0,0,0,0,0,0,0,0,0,0,,0,,0,0,0,0,0,0,0,0,0,0,0,0,0,0
15414749.27,5013824.717,15417749.27,5013824.717,15417749.27,5010824.717,15414749.27,5010824.717,63515106.93,0,0,0,0,0,0,0,0,0,0,,0,,0,0,0,0,0,0,0,0,0,0,0,0,0,0
15414749.27,5010824.717,15417749.27,5010824.717,15417749.27,5007824.717,15414749.27,5007824.717,63515106.93,0,0,0,0,0,0,0,0,0,0,,0,,0,0,0,0,0,0,0,0,0,0,0,0,0,0
15414749.27,5007824.717,15417749.27,5007824.717,15417749.27,5004824.717,15414749.27,5004824.717,63515106.93,0,0,0,0,0,0,0,0,0,0,,0,,0,0,0,0,0,0,0,0,0,0,0,0,0,0
15414749.27,5004824.717,15417749.27,5004824.717,15417749.27,5001824.717,15414749.27,5001824.717,63515106.93,0,0,0,0,0,0,0,0,0,0,,0,,0,0,0,0,0,0,0,0,0,0,0,0,0,0
15414749.27,5001824.717,15417749.27,5001824.717,15417749.27,4998824.717,15414749.27,4998824.717,63515106.93,0,0,0,0,0,0,0,0,0,0,,0,,0,0,0,0,0,0,0,0,0,0,0,0,0,0
15414749.27,4998824.717,15417749.27,4998824.717,15417749.27,4995824.717,15414749.27,4995824.717,63515106.93,0,0,0,0,0,0,0,0,0,0,,0,,0,0,0,0,0,0,0,0,0,0,0,0,0,0
15414749.27,4995824.717,15417749.27,4995824.717,15417749.27,4992824.717,15414749.27,4992824.717,63515106.93,0,0,0,0,0,0,0,0,0,0,,0,,0,0,0,0,0,0,0,0,0,0,0,0,0,0
15414749.27,4992824.717,15417749.27,4992824.717,15417749.27,4989824.717,15414749.27,4989824.717,63515106.93,0,0,0,0,0,0,0,0,0,0,,0,,0,0,0,0,0,0,0,0,0,0,0,0,0,0
15414749.27,4989824.717,15417749.27,4989824.717,15417749.27,4986824.717,15414749.27,4986824.717,63515106.93,0,0,0,6892.764749,6892.764749,0,0,0,0,0.748014263,,0.000108522,,0.000108522,0,1,0,1,6892.764749,6892.764749,6892.764749,0,0,0,0,0,0
15414749.27,4986824.717,15417749.27,4986824.717,15417749.27,4983824.717,15414749.27,4983824.717,63515106.93,0,0,0,8800.059316,8800.059316,0,0,0,0,1.219253933,,0.000138551,,0.000138551,0,1,0,1,8800.059316,8800.059316,8800.059316,0,0,0,0,0,0
15414749.27,4983824.717,15417749.27,4983824.717,15417749.27,4980824.717,15414749.27,4980824.717,63515106.93,0,0,0,8755.177765,8755.177765,0,0,0,0,1.206848912,,0.000137844,,0.000137844,0,1,0,1,8755.177765,8755.177765,8755.177765,0,0,0,0,0,0
15414749.27,4980824.717,15417749.27,4980824.717,15417749.27,4977824.717,15414749.27,4977824.717,63515106.93,0,0,0,6861.515133,6861.515133,0,0,0,0,0.741247117,,0.00010803,,0.00010803,0,1,0,1,6861.515133,6861.515133,6861.515133,0,0,0,0,0,0
15414749.27,4977824.717,15417749.27,4977824.717,15417749.27,4974824.717,15414749.27,4974824.717,63515106.93,0,0,0,0,0,0,0,0,0,0,,0,,0,0,0,0,0,0,0,0,0,0,0,0,0,0
15414749.27,4974824.717,15417749.27,4974824.717,15417749.27,4971824.717,15414749.27,4971824.717,63515106.93,0,0,0,0,0,0,0,0,0,0,,0,,0,0,0,0,0,0,0,0,0,0,0,0,0,0
15414749.27,4971824.717,15417749.27,4971824.717,15417749.27,4968824.717,15414749.27,4968824.717,63515106.93,0,0,0,0,0,0,0,0,0,0,,0,,0,0,0,0,0,0,0,0,0,0,0,0,0,0
15414749.27,4968824.717,15417749.27,4968824.717,15417749.27,4965824.717,15414749.27,4965824.717,63515106.93,0,0,0,0,0,0,0,0,0,0,,0,,0,0,0,0,0,0,0,0,0,0,0,0,0,0
15414749.27,4965824.717,15417749.27,4965824.717,15417749.27,4962824.717,15414749.27,4962824.717,63515106.93,0,0,0,0,0,0,0,0,0,0,,0,,0,0,0,0,0,0,0,0,0,0,0,0,0,0
15414749.27,4962824.717,15417749.27,4962824.717,15417749.27,4959824.717,15414749.27,4959824.717,63515106.93,0,0,0,0,0,0,0,0,0,0,,0,,0,0,0,0,0,0,0,0,0,0,0,0,0,0
15414749.27,4959824.717,15417749.27,4959824.717,15417749.27,4956824.717,15414749.27,4956824.717,63515106.93,0,0,0,0,0,0,0,0,0,0,,0,,0,0,0,0,0,0,0,0,0,0,0,0,0,0
15414749.27,4956824.717,15417749.27,4956824.717,15417749.27,4953824.717,15414749.27,4953824.717,63515106.93,0,0,0,0,0,0,0,0,0,0,,0,,0,0,0,0,0,0,0,0,0,0,0,0,0,0
15414749.27,4953824.717,15417749.27,4953824.717,15417749.27,4950824.717,15414749.27,4950824.717,63515106.93,0,0,0,0,0,0,0,0,0,0,,0,,0,0,0,0,0,0,0,0,0,0,0,0,0,0
15414749.27,4950824.717,15417749.27,4950824.717,15417749.27,4947824.717,15414749.27,4947824.717,63515106.93,0,0,0,0,0,0,0,0,0,0,,0,,0,0,0,0,0,0,0,0,0,0,0,0,0,0
15414749.27,4947824.717,15417749.27,4947824.717,15417749.27,4944824.717,15414749.27,4944824.717,63515106.93,0,0,0,0,0,0,0,0,0,0,,0,,0,0,0,0,0,0,0,0,0,0,0,0,0,0
15414749.27,4944824.717,15417749.27,4944824.717,15417749.27,4941824.717,15414749.27,4941824.717,63515106.93,0,0,0,0,0,0,0,0,0,0,,0,,0,0,0,0,0,0,0,0,0,0,0,0,0,0
15417749.27,5124824.717,15420749.27,5124824.717,15420749.27,5121824.717,15417749.27,5121824.717,63515106.93,0,0,0,0,0,0,0,0,0,0,,0,,0,0,0,0,0,0,0,0,0,0,0,0,0,0
15417749.27,5121824.717,15420749.27,5121824.717,15420749.27,5118824.717,15417749.27,5118824.717,63515106.93,0,0,0,0,0,0,0,0,0,0,,0,,0,0,0,0,0,0,0,0,0,0,0,0,0,0
15417749.27,5118824.717,15420749.27,5118824.717,15420749.27,5115824.717,15417749.27,5115824.717,63515106.93,0,0,0,6244.646409,6244.646409,0,0,0,0,0.613958012,,9.83E-05,,9.83E-05,0,1,0,1,6244.646409,6244.646409,6244.646409,0,0,0,0,0,0
15417749.27,5115824.717,15420749.27,5115824.717,15420749.27,5112824.717,15417749.27,5112824.717,63515106.93,0,0,0,6878.568493,8961.027415,0,0,0,0,1.97506397,,0.000249383,,0.000249383,0,2,0,2,7919.797954,6878.568493,8961.027415,0,0,0,0,0,0
15417749.27,5112824.717,15420749.27,5112824.717,15420749.27,5109824.717,15417749.27,5109824.717,63515106.93,7.87E-09,7.87E-09,47665.58289,6982.268006,9057.775768,0,0,0,17.88557008,2.980928347,,0.00037523,,0.00037523,0.5,3,0.5,3,7944.263815,6982.268006,9057.775768,0,0,1,0,7.87E-09,31757553.47
15417749.27,5109824.717,15420749.27,5109824.717,15420749.27,5106824.717,15417749.27,5106824.717,63515106.93,7.87E-09,7.87E-09,38708.16986,5688.75531,7349.694792,0,0,0,11.7950082,1.965834699,,0.000304716,,0.000304716,0.5,3,0.5,3,6451.361643,5688.75531,7349.694792,0,0,1,0,7.87E-09,31757553.47
15417749.27,5106824.717,15420749.27,5106824.717,15420749.27,5103824.717,15417749.27,5103824.717,63515106.93,7.87E-09,7.87E-09,24710.37636,3557.902042,8797.286138,0,0,0,4.806751726,1.201687932,,0.000194524,,0.000194524,0.5,2,0.5,2,6177.59409,3557.902042,8797.286138,0,0,1,0,7.87E-09,31757553.47
15417749.27,5103824.717,15420749.27,5103824.717,15420749.27,5100824.717,15417749.27,5100824.717,63515106.93,0,0,0,8522.149164,8522.149164,0,0,0,0,1.143460664,,0.000134175,,0.000134175,0,1,0,1,8522.149164,8522.149164,8522.149164,0,0,0,0,0,0
15417749.27,5100824.717,15420749.27,5100824.717,15420749.27,5097824.717,15417749.27,5097824.717,63515106.93,0,0,0,2340.933743,8609.933945,0,0,0,0,1.261401852,,0.000244089,,0.000244089,0,3,0,3,5167.787196,2340.933743,8609.933945,0,0,0,0,0,0
15417749.27,5097824.717,15420749.27,5097824.717,15420749.27,5094824.717,15417749.27,5094824.717,63515106.93,0,0,0,8516.865225,8519.480457,0,0,0,0,2.284787732,,0.000268225,,0.000268225,0,2,0,2,8518.172841,8516.865225,8519.480457,0,0,0,0,0,0
15417749.27,5094824.717,15420749.27,5094824.717,15420749.27,5091824.717,15417749.27,5091824.717,63515106.93,0,0,0,3250.463458,8531.544152,0,0,0,0,1.092777057,,0.000185499,,0.000185499,0,2,0,2,5891.003805,3250.463458,8531.544152,0,0,0,0,0,0
15417749.27,5091824.717,15420749.27,5091824.717,15420749.27,5088824.717,15417749.27,5088824.717,63515106.93,7.87E-09,7.87E-09,3393.355126,1696.677563,1696.677563,0,0,0,0.090646616,0.045323308,,2.67E-05,,2.67E-05,0.5,1,0.5,1,1696.677563,1696.677563,1696.677563,0,0,1,0,7.87E-09,31757553.47
15417749.27,5088824.717,15420749.27,5088824.717,15420749.27,5085824.717,15417749.27,5085824.717,63515106.93,2.36E-08,2.36E-08,4951.754175,360.7541944,4366.709894,0,0,0,0.57907175,0.289535875,,0.000116943,,0.000116943,1.5,3,1.5,3,2475.877087,360.7541944,4366.709894,0,0,1,0,2.36E-08,95272660.4
15417749.27,5085824.717,15420749.27,5085824.717,15420749.27,5082824.717,15417749.27,5082824.717,63515106.93,3.94E-08,3.94E-08,4556.139038,436.9008774,5864.826577,0,0,0,0.817065575,0.680887979,,0.000179333,,0.000179333,2.5,3,2.5,3,3796.782532,436.9008774,5864.826577,0,0,1,0,3.94E-08,158787767.3
15417749.27,5082824.717,15420749.27,5082824.717,15420749.27,5079824.717,15417749.27,5079824.717,63515106.93,1.57E-08,1.57E-08,10310.69587,2006.786073,4936.46081,0,0,0,1.673782105,0.557927368,,0.000162335,,0.000162335,1,3,1,3,3436.898624,2006.786073,4936.46081,0,0,1,0,1.57E-08,63515106.93
15417749.27,5079824.717,15420749.27,5079824.717,15420749.27,5076824.717,15417749.27,5076824.717,63515106.93,1.57E-08,1.57E-08,13075.54383,2332.558032,5841.46792,0,0,0,2.691798137,0.897266046,,0.000205865,,0.000205865,1,3,1,3,4358.514611,2332.558032,5841.46792,0,0,1,0,1.57E-08,63515106.93
15417749.27,5076824.717,15420749.27,5076824.717,15420749.27,5073824.717,15417749.27,5073824.717,63515106.93,2.36E-08,2.36E-08,11082.99008,1093.112659,7625.582299,0,0,0,2.900868985,1.087825869,,0.000261741,,0.000261741,1.5,4,1.5,4,4156.121281,1093.112659,7625.582299,0,0,1,0,2.36E-08,95272660.4
15417749.27,5073824.717,15420749.27,5073824.717,15420749.27,5070824.717,15417749.27,5070824.717,63515106.93,2.36E-08,2.36E-08,9849.624227,1005.531882,8792.170063,0,0,0,2.29115014,0.859181302,,0.000232613,,0.000232613,1.5,4,1.5,4,3693.609085,1005.531882,8792.170063,0,0,1,0,2.36E-08,95272660.4
15417749.27,5070824.717,15420749.27,5070824.717,15420749.27,5067824.717,15417749.27,5067824.717,63515106.93,0,0,0,1261.636767,8959.665628,0,0,0,0,0.822442311,,0.000160927,,0.000160927,0,2,0,2,5110.651198,1261.636767,8959.665628,0,0,0,0,0,0
15417749.27,5067824.717,15420749.27,5067824.717,15420749.27,5064824.717,15417749.27,5064824.717,63515106.93,0,0,0,7765.586595,7765.586595,0,0,0,0,0.949448691,,0.000122264,,0.000122264,0,1,0,1,7765.586595,7765.586595,7765.586595,0,0,0,0,0,0
15417749.27,5064824.717,15420749.27,5064824.717,15420749.27,5061824.717,15417749.27,5061824.717,63515106.93,0,0,0,4679.487782,4679.487782,0,0,0,0,0.344762167,,7.37E-05,,7.37E-05,0,1,0,1,4679.487782,4679.487782,4679.487782,0,0,0,0,0,0
15417749.27,5061824.717,15420749.27,5061824.717,15420749.27,5058824.717,15417749.27,5058824.717,63515106.93,7.87E-09,7.87E-09,11625.74411,2686.598215,3126.273841,0,0,0,1.063982513,0.265995628,,9.15E-05,,9.15E-05,0.5,2,0.5,2,2906.436028,2686.598215,3126.273841,0,0,1,0,7.87E-09,31757553.47
15417749.27,5058824.717,15420749.27,5058824.717,15420749.27,5055824.717,15417749.27,5055824.717,63515106.93,1.57E-08,1.57E-08,11443.45058,4158.366912,7285.083669,0,0,0,2.061754558,1.030877279,,0.000180169,,0.000180169,1,2,1,2,5721.725291,4158.366912,7285.083669,0,0,1,0,1.57E-08,63515106.93
15417749.27,5055824.717,15420749.27,5055824.717,15420749.27,5052824.717,15417749.27,5052824.717,63515106.93,1.57E-08,1.57E-08,14981.1419,2904.287476,6784.048406,0,0,0,3.533562696,1.177854232,,0.000235867,,0.000235867,1,3,1,3,4993.713965,2904.287476,6784.048406,0,0,1,0,1.57E-08,63515106.93
15417749.27,5052824.717,15420749.27,5052824.717,15420749.27,5049824.717,15417749.27,5049824.717,63515106.93,0,0,0,8712.126614,8712.126614,0,0,0,0,1.195009405,,0.000137166,,0.000137166,0,1,0,1,8712.126614,8712.126614,8712.126614,0,0,0,0,0,0
15417749.27,5049824.717,15420749.27,5049824.717,15420749.27,5046824.717,15417749.27,5046824.717,63515106.93,7.87E-09,7.87E-09,27329.55664,4812.19786,8852.580459,0,0,0,5.879740286,1.469935071,,0.000215142,,0.000215142,0.5,2,0.5,2,6832.389159,4812.19786,8852.580459,0,0,1,0,7.87E-09,31757553.47
15417749.27,5046824.717,15420749.27,5046824.717,15420749.27,5043824.717,15417749.27,5043824.717,63515106.93,7.87E-09,7.87E-09,18398.28842,3739.15781,5459.986399,0,0,0,2.664696897,0.666174224,,0.000144834,,0.000144834,0.5,2,0.5,2,4599.572105,3739.15781,5459.986399,0,0,1,0,7.87E-09,31757553.47
15417749.27,5043824.717,15420749.27,5043824.717,15420749.27,5040824.717,15417749.27,5040824.717,63515106.93,7.87E-09,7.87E-09,9876.712615,1108.452193,3829.904114,0,0,0,0.76792323,0.191980807,,7.78E-05,,7.78E-05,0.5,2,0.5,2,2469.178154,1108.452193,3829.904114,0,0,1,0,7.87E-09,31757553.47
15417749.27,5040824.717,15420749.27,5040824.717,15420749.27,5037824.717,15417749.27,5037824.717,63515106.93,0,0,0,3593.480388,8742.974853,0,0,0,0,1.198046695,,0.000194229,,0.000194229,0,2,0,2,6168.227621,3593.480388,8742.974853,0,0,0,0,0,0
15417749.27,5037824.717,15420749.27,5037824.717,15420749.27,5034824.717,15417749.27,5034824.717,63515106.93,0,0,0,8437.912514,8449.565222,0,0,0,0,2.245032072,,0.000265881,,0.000265881,0,2,0,2,8443.738868,8437.912514,8449.565222,0,0,0,0,0,0
15417749.27,5034824.717,15420749.27,5034824.717,15420749.27,5031824.717,15417749.27,5031824.717,63515106.93,0,0,0,2934.341112,8807.581816,0,0,0,0,1.085354026,,0.000184868,,0.000184868,0,2,0,2,5870.961464,2934.341112,8807.581816,0,0,0,0,0,0
15417749.27,5031824.717,15420749.27,5031824.717,15420749.27,5028824.717,15417749.27,5028824.717,63515106.93,0,0,0,5861.167631,5861.167631,0,0,0,0,0.540867955,,9.23E-05,,9.23E-05,0,1,0,1,5861.167631,5861.167631,5861.167631,0,0,0,0,0,0
15417749.27,5028824.717,15420749.27,5028824.717,15420749.27,5025824.717,15417749.27,5025824.717,63515106.93,0,0,0,0,0,0,0,0,0,0,,0,,0,0,0,0,0,0,0,0,0,0,0,0,0,0
15417749.27,5025824.717,15420749.27,5025824.717,15420749.27,5022824.717,15417749.27,5022824.717,63515106.93,0,0,0,7922.688224,7922.688224,0,0,0,0,0.988252901,,0.000124737,,0.000124737,0,1,0,1,7922.688224,7922.688224,7922.688224,0,0,0,0,0,0
15417749.27,5022824.717,15420749.27,5022824.717,15420749.27,5019824.717,15417749.27,5019824.717,63515106.93,0,0,0,8830.602499,8830.602499,0,0,0,0,1.227732177,,0.000139032,,0.000139032,0,1,0,1,8830.602499,8830.602499,8830.602499,0,0,0,0,0,0
15417749.27,5019824.717,15420749.27,5019824.717,15420749.27,5016824.717,15417749.27,5016824.717,63515106.93,0,0,0,4910.041655,4910.041655,0,0,0,0,0.379571258,,7.73E-05,,7.73E-05,0,1,0,1,4910.041655,4910.041655,4910.041655,0,0,0,0,0,0
15417749.27,5016824.717,15420749.27,5016824.717,15420749.27,5013824.717,15417749.27,5013824.717,63515106.93,0,0,0,0,0,0,0,0,0,0,,0,,0,0,0,0,0,0,0,0,0,0,0,0,0,0
15417749.27,5013824.717,15420749.27,5013824.717,15420749.27,5010824.717,15417749.27,5010824.717,63515106.93,0,0,0,0,0,0,0,0,0,0,,0,,0,0,0,0,0,0,0,0,0,0,0,0,0,0
15417749.27,5010824.717,15420749.27,5010824.717,15420749.27,5007824.717,15417749.27,5007824.717,63515106.93,0,0,0,0,0,0,0,0,0,0,,0,,0,0,0,0,0,0,0,0,0,0,0,0,0,0
15417749.27,5007824.717,15420749.27,5007824.717,15420749.27,5004824.717,15417749.27,5004824.717,63515106.93,0,0,0,0,0,0,0,0,0,0,,0,,0,0,0,0,0,0,0,0,0,0,0,0,0,0
15417749.27,5004824.717,15420749.27,5004824.717,15420749.27,5001824.717,15417749.27,5001824.717,63515106.93,0,0,0,0,0,0,0,0,0,0,,0,,0,0,0,0,0,0,0,0,0,0,0,0,0,0
15417749.27,5001824.717,15420749.27,5001824.717,15420749.27,4998824.717,15417749.27,4998824.717,63515106.93,0,0,0,0,0,0,0,0,0,0,,0,,0,0,0,0,0,0,0,0,0,0,0,0,0,0
15417749.27,4998824.717,15420749.27,4998824.717,15420749.27,4995824.717,15417749.27,4995824.717,63515106.93,0,0,0,0,0,0,0,0,0,0,,0,,0,0,0,0,0,0,0,0,0,0,0,0,0,0
15417749.27,4995824.717,15420749.27,4995824.717,15420749.27,4992824.717,15417749.27,4992824.717,63515106.93,0,0,0,0,0,0,0,0,0,0,,0,,0,0,0,0,0,0,0,0,0,0,0,0,0,0
15417749.27,4992824.717,15420749.27,4992824.717,15420749.27,4989824.717,15417749.27,4989824.717,63515106.93,0,0,0,6706.288579,6706.288579,0,0,0,0,0.708088338,,0.000105586,,0.000105586,0,1,0,1,6706.288579,6706.288579,6706.288579,0,0,0,0,0,0
15417749.27,4989824.717,15420749.27,4989824.717,15420749.27,4986824.717,15417749.27,4986824.717,63515106.93,0,0,0,8859.85005,8859.85005,0,0,0,0,1.235878308,,0.000139492,,0.000139492,0,1,0,1,8859.85005,8859.85005,8859.85005,0,0,0,0,0,0
15417749.27,4986824.717,15420749.27,4986824.717,15420749.27,4983824.717,15417749.27,4983824.717,63515106.93,0,0,0,8687.031119,8687.031119,0,0,0,0,1.188134812,,0.000136771,,0.000136771,0,1,0,1,8687.031119,8687.031119,8687.031119,0,0,0,0,0,0
15417749.27,4983824.717,15420749.27,4983824.717,15420749.27,4980824.717,15417749.27,4980824.717,63515106.93,0,0,0,6091.346006,6091.346006,0,0,0,0,0.584183794,,9.59E-05,,9.59E-05,0,1,0,1,6091.346006,6091.346006,6091.346006,0,0,0,0,0,0
15417749.27,4980824.717,15420749.27,4980824.717,15420749.27,4977824.717,15417749.27,4977824.717,63515106.93,0,0,0,0,0,0,0,0,0,0,,0,,0,0,0,0,0,0,0,0,0,0,0,0,0,0
15417749.27,4977824.717,15420749.27,4977824.717,15420749.27,4974824.717,15417749.27,4974824.717,63515106.93,0,0,0,0,0,0,0,0,0,0,,0,,0,0,0,0,0,0,0,0,0,0,0,0,0,0
15417749.27,4974824.717,15420749.27,4974824.717,15420749.27,4971824.717,15417749.27,4971824.717,63515106.93,0,0,0,0,0,0,0,0,0,0,,0,,0,0,0,0,0,0,0,0,0,0,0,0,0,0
15417749.27,4971824.717,15420749.27,4971824.717,15420749.27,4968824.717,15417749.27,4968824.717,63515106.93,0,0,0,0,0,0,0,0,0,0,,0,,0,0,0,0,0,0,0,0,0,0,0,0,0,0
15417749.27,4968824.717,15420749.27,4968824.717,15420749.27,4965824.717,15417749.27,4965824.717,63515106.93,0,0,0,0,0,0,0,0,0,0,,0,,0,0,0,0,0,0,0,0,0,0,0,0,0,0
15417749.27,4965824.717,15420749.27,4965824.717,15420749.27,4962824.717,15417749.27,4962824.717,63515106.93,0,0,0,0,0,0,0,0,0,0,,0,,0,0,0,0,0,0,0,0,0,0,0,0,0,0
15417749.27,4962824.717,15420749.27,4962824.717,15420749.27,4959824.717,15417749.27,4959824.717,63515106.93,0,0,0,0,0,0,0,0,0,0,,0,,0,0,0,0,0,0,0,0,0,0,0,0,0,0
15417749.27,4959824.717,15420749.27,4959824.717,15420749.27,4956824.717,15417749.27,4956824.717,63515106.93,0,0,0,0,0,0,0,0,0,0,,0,,0,0,0,0,0,0,0,0,0,0,0,0,0,0
15417749.27,4956824.717,15420749.27,4956824.717,15420749.27,4953824.717,15417749.27,4953824.717,63515106.93,0,0,0,0,0,0,0,0,0,0,,0,,0,0,0,0,0,0,0,0,0,0,0,0,0,0
15417749.27,4953824.717,15420749.27,4953824.717,15420749.27,4950824.717,15417749.27,4950824.717,63515106.93,0,0,0,0,0,0,0,0,0,0,,0,,0,0,0,0,0,0,0,0,0,0,0,0,0,0
15417749.27,4950824.717,15420749.27,4950824.717,15420749.27,4947824.717,15417749.27,4947824.717,63515106.93,0,0,0,0,0,0,0,0,0,0,,0,,0,0,0,0,0,0,0,0,0,0,0,0,0,0
15417749.27,4947824.717,15420749.27,4947824.717,15420749.27,4944824.717,15417749.27,4944824.717,63515106.93,0,0,0,0,0,0,0,0,0,0,,0,,0,0,0,0,0,0,0,0,0,0,0,0,0,0
15417749.27,4944824.717,15420749.27,4944824.717,15420749.27,4941824.717,15417749.27,4941824.717,63515106.93,0,0,0,0,0,0,0,0,0,0,,0,,0,0,0,0,0,0,0,0,0,0,0,0,0,0
15420749.27,5124824.717,15423749.27,5124824.717,15423749.27,5121824.717,15420749.27,5121824.717,63515106.93,0,0,0,0,0,0,0,0,0,0,,0,,0,0,0,0,0,0,0,0,0,0,0,0,0,0
15420749.27,5121824.717,15423749.27,5121824.717,15423749.27,5118824.717,15420749.27,5118824.717,63515106.93,0,0,0,0,0,0,0,0,0,0,,0,,0,0,0,0,0,0,0,0,0,0,0,0,0,0
15420749.27,5118824.717,15423749.27,5118824.717,15423749.27,5115824.717,15420749.27,5115824.717,63515106.93,0,0,0,8083.007722,8083.007722,0,0,0,0,1.028653135,,0.000127261,,0.000127261,0,1,0,1,8083.007722,8083.007722,8083.007722,0,0,0,0,0,0
15420749.27,5115824.717,15423749.27,5115824.717,15423749.27,5112824.717,15420749.27,5112824.717,63515106.93,0,0,0,4906.602957,8866.527469,0,0,0,0,2.489016921,,0.000342875,,0.000342875,0,3,0,3,7259.251015,4906.602957,8866.527469,0,0,0,0,0,0
15420749.27,5112824.717,15423749.27,5112824.717,15423749.27,5109824.717,15420749.27,5109824.717,63515106.93,7.87E-09,7.87E-09,50342.55845,1661.510777,8901.342257,0,0,0,19.950948,2.4938685,,0.000396304,,0.000396304,0.5,4,0.5,4,6292.819806,1661.510777,8901.342257,0,0,1,0,7.87E-09,31757553.47
15420749.27,5109824.717,15423749.27,5109824.717,15423749.27,5106824.717,15420749.27,5106824.717,63515106.93,7.87E-09,7.87E-09,37871.78755,5190.399469,8093.927924,0,0,0,11.29079649,1.881799414,,0.000298132,,0.000298132,0.5,3,0.5,3,6311.964592,5190.399469,8093.927924,0,0,1,0,7.87E-09,31757553.47
15420749.27,5106824.717,15423749.27,5106824.717,15423749.27,5103824.717,15420749.27,5103824.717,63515106.93,7.87E-09,7.87E-09,15617.1192,7808.559602,7808.559602,0,0,0,1.919971673,0.959985836,,0.00012294,,0.00012294,0.5,1,0.5,1,7808.559602,7808.559602,7808.559602,0,0,1,0,7.87E-09,31757553.47
15420749.27,5103824.717,15423749.27,5103824.717,15423749.27,5100824.717,15420749.27,5100824.717,63515106.93,0,0,0,6618.696448,6618.696448,0,0,0,0,0.689712177,,0.000104207,,0.000104207,0,1,0,1,6618.696448,6618.696448,6618.696448,0,0,0,0,0,0
15420749.27,5100824.717,15423749.27,5100824.717,15423749.27,5097824.717,15420749.27,5097824.717,63515106.93,0,0,0,8553.401144,8553.401144,0,0,0,0,1.15186252,,0.000134667,,0.000134667,0,1,0,1,8553.401144,8553.401144,8553.401144,0,0,0,0,0,0
15420749.27,5097824.717,15423749.27,5097824.717,15423749.27,5094824.717,15420749.27,5094824.717,63515106.93,0,0,0,8378.214882,8450.861994,0,0,0,0,2.229531226,,0.000264962,,0.000264962,0,2,0,2,8414.538438,8378.214882,8450.861994,0,0,0,0,0,0
15420749.27,5094824.717,15423749.27,5094824.717,15423749.27,5091824.717,15420749.27,5091824.717,63515106.93,7.87E-09,7.87E-09,22944.89705,774.6647735,8680.538594,0,0,0,4.144433711,0.690738952,,0.000180626,,0.000180626,0.5,3,0.5,3,3824.149509,774.6647735,8680.538594,0,0,1,0,7.87E-09,31757553.47
15420749.27,5091824.717,15423749.27,5091824.717,15423749.27,5088824.717,15420749.27,5088824.717,63515106.93,3.15E-08,3.15E-08,3881.015096,104.8880544,4055.677031,0,0,0,0.474289627,0.237144813,,0.000122208,,0.000122208,2,4,2,4,1940.507548,104.8880544,4055.677031,0,0,1,0,3.15E-08,127030213.9
15420749.27,5088824.717,15423749.27,5088824.717,15423749.27,5085824.717,15420749.27,5085824.717,63515106.93,3.94E-08,3.94E-08,2884.862405,1009.312554,3016.545729,0,0,0,0.327576836,0.204735522,,0.00011355,,0.00011355,2.5,4,2.5,4,1803.039003,1009.312554,3016.545729,0,0,1,0,3.94E-08,158787767.3
15420749.27,5085824.717,15423749.27,5085824.717,15423749.27,5082824.717,15420749.27,5082824.717,63515106.93,2.36E-08,2.36E-08,8517.317975,747.0118655,5729.696267,0,0,0,1.713246871,0.642467577,,0.000201149,,0.000201149,1.5,4,1.5,4,3193.994241,747.0118655,5729.696267,0,0,1,0,2.36E-08,95272660.4
15420749.27,5082824.717,15423749.27,5082824.717,15423749.27,5079824.717,15420749.27,5079824.717,63515106.93,2.36E-08,2.36E-08,9757.523349,1153.756539,7617.701908,0,0,0,2.248502754,1.124251377,,0.000230438,,0.000230438,1.5,3,1.5,3,4878.761675,1153.756539,7617.701908,0,0,1,0,2.36E-08,95272660.4
15420749.27,5079824.717,15423749.27,5079824.717,15423749.27,5076824.717,15420749.27,5076824.717,63515106.93,1.57E-08,1.57E-08,13837.2391,650.474595,8771.620467,0,0,0,3.014545596,0.753636399,,0.000217857,,0.000217857,1,4,1,4,3459.309775,650.474595,8771.620467,0,0,1,0,1.57E-08,63515106.93
15420749.27,5076824.717,15423749.27,5076824.717,15423749.27,5073824.717,15420749.27,5073824.717,63515106.93,7.87E-09,7.87E-09,28983.82359,5499.49556,8992.416236,0,0,0,6.61308837,1.653272093,,0.000228165,,0.000228165,0.5,2,0.5,2,7245.955898,5499.49556,8992.416236,0,0,1,0,7.87E-09,31757553.47
15420749.27,5073824.717,15423749.27,5073824.717,15423749.27,5070824.717,15420749.27,5070824.717,63515106.93,7.87E-09,7.87E-09,26177.71323,4758.594707,8330.261906,0,0,0,5.394564402,1.348641101,,0.000206075,,0.000206075,0.5,2,0.5,2,6544.428306,4758.594707,8330.261906,0,0,1,0,7.87E-09,31757553.47
15420749.27,5070824.717,15423749.27,5070824.717,15423749.27,5067824.717,15420749.27,5067824.717,63515106.93,1.57E-08,1.57E-08,10193.3358,1514.673787,6491.491558,0,0,0,1.63589577,0.54529859,,0.000160487,,0.000160487,1,3,1,3,3397.7786,1514.673787,6491.491558,0,0,1,0,1.57E-08,63515106.93
15420749.27,5067824.717,15423749.27,5067824.717,15423749.27,5064824.717,15420749.27,5064824.717,63515106.93,7.87E-09,7.87E-09,6427.94305,509.0637104,2704.907815,0,0,0,0.325264759,0.08131619,,5.06E-05,,5.06E-05,0.5,2,0.5,2,1606.985763,509.0637104,2704.907815,0,0,1,0,7.87E-09,31757553.47
15420749.27,5064824.717,15423749.27,5064824.717,15423749.27,5061824.717,15420749.27,5061824.717,63515106.93,7.87E-09,7.87E-09,2317.156818,1158.578409,1158.578409,0,0,0,0.042267234,0.021133617,,1.82E-05,,1.82E-05,0.5,1,0.5,1,1158.578409,1158.578409,1158.578409,0,0,1,0,7.87E-09,31757553.47
15420749.27,5061824.717,15423749.27,5061824.717,15423749.27,5058824.717,15420749.27,5058824.717,63515106.93,7.87E-09,7.87E-09,12609.29816,6304.649079,6304.649079,0,0,0,1.251626642,0.625813321,,9.93E-05,,9.93E-05,0.5,1,0.5,1,6304.649079,6304.649079,6304.649079,0,0,1,0,7.87E-09,31757553.47
15420749.27,5058824.717,15423749.27,5058824.717,15423749.27,5055824.717,15420749.27,5055824.717,63515106.93,1.57E-08,1.57E-08,11330.11287,4173.120328,7156.992538,0,0,0,2.021116924,1.010558462,,0.000178385,,0.000178385,1,2,1,2,5665.056433,4173.120328,7156.992538,0,0,1,0,1.57E-08,63515106.93
15420749.27,5055824.717,15423749.27,5055824.717,15423749.27,5052824.717,15420749.27,5052824.717,63515106.93,2.36E-08,2.36E-08,9750.859071,3939.15044,5719.789645,0,0,0,2.245432399,1.1227162,,0.00023028,,0.00023028,1.5,3,1.5,3,4875.429536,3939.15044,5719.789645,0,0,1,0,2.36E-08,95272660.4
15420749.27,5052824.717,15423749.27,5052824.717,15423749.27,5049824.717,15420749.27,5049824.717,63515106.93,1.57E-08,1.57E-08,14387.19484,745.4912029,7016.058989,0,0,0,3.258931386,1.086310462,,0.000226516,,0.000226516,1,3,1,3,4795.731615,745.4912029,7016.058989,0,0,1,0,1.57E-08,63515106.93
15420749.27,5049824.717,15423749.27,5049824.717,15423749.27,5046824.717,15420749.27,5046824.717,63515106.93,7.87E-09,7.87E-09,29023.75826,6644.768785,7867.110345,0,0,0,6.631324297,1.657831074,,0.000228479,,0.000228479,0.5,2,0.5,2,7255.939565,6644.768785,7867.110345,0,0,1,0,7.87E-09,31757553.47
15420749.27,5046824.717,15423749.27,5046824.717,15423749.27,5043824.717,15420749.27,5043824.717,63515106.93,7.87E-09,7.87E-09,11671.72724,5835.863618,5835.863618,0,0,0,1.072415865,0.536207932,,9.19E-05,,9.19E-05,0.5,1,0.5,1,5835.863618,5835.863618,5835.863618,0,0,1,0,7.87E-09,31757553.47
15420749.27,5043824.717,15423749.27,5043824.717,15423749.27,5040824.717,15420749.27,5040824.717,63515106.93,1.57E-08,1.57E-08,5700.161123,866.7783686,4833.382754,0,0,0,0.511560767,0.255780384,,8.97E-05,,8.97E-05,1,2,1,2,2850.080561,866.7783686,4833.382754,0,0,1,0,1.57E-08,63515106.93
15420749.27,5040824.717,15423749.27,5040824.717,15423749.27,5037824.717,15420749.27,5037824.717,63515106.93,7.87E-09,7.87E-09,29478.99347,6995.486005,7744.010731,0,0,0,6.840979241,1.71024481,,0.000232063,,0.000232063,0.5,2,0.5,2,7369.748368,6995.486005,7744.010731,0,0,1,0,7.87E-09,31757553.47
15420749.27,5037824.717,15423749.27,5037824.717,15423749.27,5034824.717,15420749.27,5034824.717,63515106.93,0,0,0,7093.369318,8993.986427,0,0,0,0,2.037334324,,0.000253284,,0.000253284,0,2,0,2,8043.677872,7093.369318,8993.986427,0,0,0,0,0,0
15420749.27,5034824.717,15423749.27,5034824.717,15423749.27,5031824.717,15420749.27,5031824.717,63515106.93,0,0,0,7359.52713,7359.52713,0,0,0,0,0.85275208,,0.00011587,,0.00011587,0,1,0,1,7359.52713,7359.52713,7359.52713,0,0,0,0,0,0
15420749.27,5031824.717,15423749.27,5031824.717,15423749.27,5028824.717,15420749.27,5028824.717,63515106.93,0,0,0,0,0,0,0,0,0,0,,0,,0,0,0,0,0,0,0,0,0,0,0,0,0,0
15420749.27,5028824.717,15423749.27,5028824.717,15423749.27,5025824.717,15420749.27,5025824.717,63515106.93,0,0,0,0,0,0,0,0,0,0,,0,,0,0,0,0,0,0,0,0,0,0,0,0,0,0
15420749.27,5025824.717,15423749.27,5025824.717,15423749.27,5022824.717,15420749.27,5022824.717,63515106.93,0,0,0,8423.512439,8423.512439,0,0,0,0,1.117144649,,0.000132622,,0.000132622,0,1,0,1,8423.512439,8423.512439,8423.512439,0,0,0,0,0,0
15420749.27,5022824.717,15423749.27,5022824.717,15423749.27,5019824.717,15420749.27,5019824.717,63515106.93,0,0,0,8587.061996,8587.061996,0,0,0,0,1.160946384,,0.000135197,,0.000135197,0,1,0,1,8587.061996,8587.061996,8587.061996,0,0,0,0,0,0
15420749.27,5019824.717,15423749.27,5019824.717,15423749.27,5016824.717,15420749.27,5016824.717,63515106.93,0,0,0,3509.716489,3509.716489,0,0,0,0,0.193939842,,5.53E-05,,5.53E-05,0,1,0,1,3509.716489,3509.716489,3509.716489,0,0,0,0,0,0
15420749.27,5016824.717,15423749.27,5016824.717,15423749.27,5013824.717,15420749.27,5013824.717,63515106.93,0,0,0,0,0,0,0,0,0,0,,0,,0,0,0,0,0,0,0,0,0,0,0,0,0,0
15420749.27,5013824.717,15423749.27,5013824.717,15423749.27,5010824.717,15420749.27,5010824.717,63515106.93,0,0,0,0,0,0,0,0,0,0,,0,,0,0,0,0,0,0,0,0,0,0,0,0,0,0
15420749.27,5010824.717,15423749.27,5010824.717,15423749.27,5007824.717,15420749.27,5007824.717,63515106.93,0,0,0,0,0,0,0,0,0,0,,0,,0,0,0,0,0,0,0,0,0,0,0,0,0,0
15420749.27,5007824.717,15423749.27,5007824.717,15423749.27,5004824.717,15420749.27,5004824.717,63515106.93,0,0,0,0,0,0,0,0,0,0,,0,,0,0,0,0,0,0,0,0,0,0,0,0,0,0
15420749.27,5004824.717,15423749.27,5004824.717,15423749.27,5001824.717,15420749.27,5001824.717,63515106.93,0,0,0,0,0,0,0,0,0,0,,0,,0,0,0,0,0,0,0,0,0,0,0,0,0,0
15420749.27,5001824.717,15423749.27,5001824.717,15423749.27,4998824.717,15420749.27,4998824.717,63515106.93,0,0,0,0,0,0,0,0,0,0,,0,,0,0,0,0,0,0,0,0,0,0,0,0,0,0
15420749.27,4998824.717,15423749.27,4998824.717,15423749.27,4995824.717,15420749.27,4995824.717,63515106.93,0,0,0,0,0,0,0,0,0,0,,0,,0,0,0,0,0,0,0,0,0,0,0,0,0,0
15420749.27,4995824.717,15423749.27,4995824.717,15423749.27,4992824.717,15420749.27,4992824.717,63515106.93,0,0,0,5214.693368,5214.693368,0,0,0,0,0.428134789,,8.21E-05,,8.21E-05,0,1,0,1,5214.693368,5214.693368,5214.693368,0,0,0,0,0,0
15420749.27,4992824.717,15423749.27,4992824.717,15423749.27,4989824.717,15420749.27,4989824.717,63515106.93,0,0,0,8629.083673,8629.083673,0,0,0,0,1.172336608,,0.000135859,,0.000135859,0,1,0,1,8629.083673,8629.083673,8629.083673,0,0,0,0,0,0
15420749.27,4989824.717,15423749.27,4989824.717,15423749.27,4986824.717,15420749.27,4986824.717,63515106.93,0,0,0,8870.720049,8870.720049,0,0,0,0,1.238912725,,0.000139663,,0.000139663,0,1,0,1,8870.720049,8870.720049,8870.720049,0,0,0,0,0,0
15420749.27,4986824.717,15423749.27,4986824.717,15423749.27,4983824.717,15420749.27,4983824.717,63515106.93,0,0,0,5563.044351,5563.044351,0,0,0,0,0.487245695,,8.76E-05,,8.76E-05,0,1,0,1,5563.044351,5563.044351,5563.044351,0,0,0,0,0,0
15420749.27,4983824.717,15423749.27,4983824.717,15423749.27,4980824.717,15420749.27,4980824.717,63515106.93,0,0,0,0,0,0,0,0,0,0,,0,,0,0,0,0,0,0,0,0,0,0,0,0,0,0
15420749.27,4980824.717,15423749.27,4980824.717,15423749.27,4977824.717,15420749.27,4977824.717,63515106.93,0,0,0,0,0,0,0,0,0,0,,0,,0,0,0,0,0,0,0,0,0,0,0,0,0,0
15420749.27,4977824.717,15423749.27,4977824.717,15423749.27,4974824.717,15420749.27,4974824.717,63515106.93,0,0,0,0,0,0,0,0,0,0,,0,,0,0,0,0,0,0,0,0,0,0,0,0,0,0
15420749.27,4974824.717,15423749.27,4974824.717,15423749.27,4971824.717,15420749.27,4971824.717,63515106.93,0,0,0,0,0,0,0,0,0,0,,0,,0,0,0,0,0,0,0,0,0,0,0,0,0,0
15420749.27,4971824.717,15423749.27,4971824.717,15423749.27,4968824.717,15420749.27,4968824.717,63515106.93,0,0,0,0,0,0,0,0,0,0,,0,,0,0,0,0,0,0,0,0,0,0,0,0,0,0
15420749.27,4968824.717,15423749.27,4968824.717,15423749.27,4965824.717,15420749.27,4965824.717,63515106.93,0,0,0,0,0,0,0,0,0,0,,0,,0,0,0,0,0,0,0,0,0,0,0,0,0,0
15420749.27,4965824.717,15423749.27,4965824.717,15423749.27,4962824.717,15420749.27,4962824.717,63515106.93,0,0,0,0,0,0,0,0,0,0,,0,,0,0,0,0,0,0,0,0,0,0,0,0,0,0
15420749.27,4962824.717,15423749.27,4962824.717,15423749.27,4959824.717,15420749.27,4959824.717,63515106.93,0,0,0,0,0,0,0,0,0,0,,0,,0,0,0,0,0,0,0,0,0,0,0,0,0,0
15420749.27,4959824.717,15423749.27,4959824.717,15423749.27,4956824.717,15420749.27,4956824.717,63515106.93,0,0,0,0,0,0,0,0,0,0,,0,,0,0,0,0,0,0,0,0,0,0,0,0,0,0
15420749.27,4956824.717,15423749.27,4956824.717,15423749.27,4953824.717,15420749.27,4953824.717,63515106.93,7.87E-09,7.87E-09,5783.029626,2891.514813,2891.514813,0,0,0,0.263271474,0.131635737,,4.55E-05,,4.55E-05,0.5,1,0.5,1,2891.514813,2891.514813,2891.514813,0,0,1,0,7.87E-09,31757553.47
15420749.27,4953824.717,15423749.27,4953824.717,15423749.27,4950824.717,15420749.27,4950824.717,63515106.93,7.87E-09,7.87E-09,2708.070647,1354.035323,1354.035323,0,0,0,0.057731514,0.028865757,,2.13E-05,,2.13E-05,0.5,1,0.5,1,1354.035323,1354.035323,1354.035323,0,0,1,0,7.87E-09,31757553.47
15420749.27,4950824.717,15423749.27,4950824.717,15423749.27,4947824.717,15420749.27,4947824.717,63515106.93,0,0,0,0,0,0,0,0,0,0,,0,,0,0,0,0,0,0,0,0,0,0,0,0,0,0
15420749.27,4947824.717,15423749.27,4947824.717,15423749.27,4944824.717,15420749.27,4944824.717,63515106.93,0,0,0,0,0,0,0,0,0,0,,0,,0,0,0,0,0,0,0,0,0,0,0,0,0,0
15420749.27,4944824.717,15423749.27,4944824.717,15423749.27,4941824.717,15420749.27,4941824.717,63515106.93,0,0,0,0,0,0,0,0,0,0,,0,,0,0,0,0,0,0,0,0,0,0,0,0,0,0
15423749.27,5124824.717,15426749.27,5124824.717,15426749.27,5121824.717,15423749.27,5121824.717,63515106.93,0,0,0,0,0,0,0,0,0,0,,0,,0,0,0,0,0,0,0,0,0,0,0,0,0,0
15423749.27,5121824.717,15426749.27,5121824.717,15426749.27,5118824.717,15423749.27,5118824.717,63515106.93,0,0,0,5457.897177,5457.897177,0,0,0,0,0.469000889,,8.59E-05,,8.59E-05,0,1,0,1,5457.897177,5457.897177,5457.897177,0,0,0,0,0,0
15423749.27,5118824.717,15426749.27,5118824.717,15426749.27,5115824.717,15423749.27,5115824.717,63515106.93,0,0,0,3732.609963,8833.692235,0,0,0,0,1.243105448,,0.000197847,,0.000197847,0,2,0,2,6283.151099,3732.609963,8833.692235,0,0,0,0,0,0
15423749.27,5115824.717,15426749.27,5115824.717,15426749.27,5112824.717,15423749.27,5112824.717,63515106.93,0,0,0,7203.642215,8713.71164,0,0,0,0,3.024545958,,0.000377966,,0.000377966,0,3,0,3,8002.17387,7203.642215,8713.71164,0,0,0,0,0,0
15423749.27,5112824.717,15426749.27,5112824.717,15426749.27,5109824.717,15423749.27,5109824.717,63515106.93,7.87E-09,7.87E-09,37321.83567,1249.287115,8996.47274,0,0,0,10.96526075,1.827543458,,0.000293803,,0.000293803,0.5,3,0.5,3,6220.305946,1249.287115,8996.47274,0,0,1,0,7.87E-09,31757553.47
15423749.27,5109824.717,15426749.27,5109824.717,15426749.27,5106824.717,15423749.27,5106824.717,63515106.93,7.87E-09,7.87E-09,23539.83164,1241.171362,6885.623644,0,0,0,4.362140758,0.72702346,,0.000185309,,0.000185309,0.5,3,0.5,3,3923.305273,1241.171362,6885.623644,0,0,1,0,7.87E-09,31757553.47
15423749.27,5106824.717,15426749.27,5106824.717,15426749.27,5103824.717,15423749.27,5103824.717,63515106.93,7.87E-09,7.87E-09,9565.697338,4782.848669,4782.848669,0,0,0,0.720321275,0.360160637,,7.53E-05,,7.53E-05,0.5,1,0.5,1,4782.848669,4782.848669,4782.848669,0,0,1,0,7.87E-09,31757553.47
15423749.27,5103824.717,15426749.27,5103824.717,15426749.27,5100824.717,15423749.27,5100824.717,63515106.93,0,0,0,4229.263092,4229.263092,0,0,0,0,0.281612787,,6.66E-05,,6.66E-05,0,1,0,1,4229.263092,4229.263092,4229.263092,0,0,0,0,0,0
15423749.27,5100824.717,15426749.27,5100824.717,15426749.27,5097824.717,15423749.27,5097824.717,63515106.93,0,0,0,8985.098985,8985.098985,0,0,0,0,1.271067745,,0.000141464,,0.000141464,0,1,0,1,8985.098985,8985.098985,8985.098985,0,0,0,0,0,0
15423749.27,5097824.717,15426749.27,5097824.717,15426749.27,5094824.717,15423749.27,5094824.717,63515106.93,7.87E-09,7.87E-09,28899.39749,6438.297615,8011.401128,0,0,0,6.574618349,1.643654587,,0.0002275,,0.0002275,0.5,2,0.5,2,7224.849371,6438.297615,8011.401128,0,0,1,0,7.87E-09,31757553.47
15423749.27,5094824.717,15426749.27,5094824.717,15426749.27,5091824.717,15423749.27,5091824.717,63515106.93,2.36E-08,2.36E-08,7863.933368,138.0471259,6605.029816,0,0,0,1.460474153,0.730237077,,0.000185718,,0.000185718,1.5,3,1.5,3,3931.966684,138.0471259,6605.029816,0,0,1,0,2.36E-08,95272660.4
15423749.27,5091824.717,15426749.27,5091824.717,15426749.27,5088824.717,15423749.27,5088824.717,63515106.93,4.72E-08,3.15E-08,5035.80213,337.3887795,5138.906619,1,1,1.57E-08,1.197792351,0.718675411,,0.000237855,,0.000237855,3,6,2,5,3021.481278,337.3887795,5138.906619,0.333333333,0.5,3.75,1,3.000000024,95272661.4
15423749.27,5088824.717,15426749.27,5088824.717,15426749.27,5085824.717,15423749.27,5085824.717,63515106.93,5.51E-08,3.94E-08,4455.657282,1419.722673,4418.513033,0.857142857,0.8,1.57E-08,1.093993062,0.765795144,,0.000245529,,0.000245529,3.5,6,2.5,5,3118.960097,1419.722673,7346.802089,0.285714286,0.4,3.8,1,3.000000031,127030214.9
15423749.27,5085824.717,15426749.27,5085824.717,15426749.27,5082824.717,15423749.27,5082824.717,63515106.93,3.94E-08,2.36E-08,5748.260978,962.0730699,7599.772026,1.2,1.333333333,1.57E-08,1.300576582,0.812860364,,0.000226256,,0.000226256,2.5,5,1.5,4,3592.663111,962.0730699,8707.430072,0.4,0.666666667,3.666666667,1,3.000000016,63515107.93
15423749.27,5082824.717,15426749.27,5082824.717,15426749.27,5079824.717,15423749.27,5079824.717,63515106.93,0,0,0,1157.575302,8994.446241,0,0,0,0,0.811330929,,0.000159836,,0.000159836,0,2,0,2,5076.010771,1157.575302,8994.446241,0,0,0,0,0,0
15423749.27,5079824.717,15426749.27,5079824.717,15426749.27,5076824.717,15423749.27,5076824.717,63515106.93,0,0,0,5228.94545,8401.890312,0,0,0,0,1.462641666,,0.000214608,,0.000214608,0,2,0,2,6815.417881,5228.94545,8401.890312,0,0,0,0,0,0
15423749.27,5076824.717,15426749.27,5076824.717,15426749.27,5073824.717,15423749.27,5073824.717,63515106.93,7.87E-09,7.87E-09,30775.90555,6785.417704,8602.535071,0,0,0,7.456150262,1.864037566,,0.000242272,,0.000242272,0.5,2,0.5,2,7693.976387,6785.417704,8602.535071,0,0,1,0,7.87E-09,31757553.47
15423749.27,5073824.717,15426749.27,5073824.717,15426749.27,5070824.717,15423749.27,5070824.717,63515106.93,7.87E-09,7.87E-09,18472.05674,1916.054388,7319.973979,0,0,0,2.68610805,0.671527012,,0.000145415,,0.000145415,0.5,2,0.5,2,4618.014184,1916.054388,7319.973979,0,0,1,0,7.87E-09,31757553.47
15423749.27,5070824.717,15426749.27,5070824.717,15426749.27,5067824.717,15423749.27,5067824.717,63515106.93,7.87E-09,7.87E-09,11962.95492,5981.47746,5981.47746,0,0,0,1.126600405,0.563300203,,9.42E-05,,9.42E-05,0.5,1,0.5,1,5981.47746,5981.47746,5981.47746,0,0,1,0,7.87E-09,31757553.47
15423749.27,5067824.717,15426749.27,5067824.717,15426749.27,5064824.717,15423749.27,5064824.717,63515106.93,7.87E-09,7.87E-09,11059.97691,5529.988453,5529.988453,0,0,0,0.962944842,0.481472421,,8.71E-05,,8.71E-05,0.5,1,0.5,1,5529.988453,5529.988453,5529.988453,0,0,1,0,7.87E-09,31757553.47
15423749.27,5064824.717,15426749.27,5064824.717,15426749.27,5061824.717,15423749.27,5061824.717,63515106.93,7.87E-09,7.87E-09,6214.953538,3107.476769,3107.476769,0,0,0,0.304066618,0.152033309,,4.89E-05,,4.89E-05,0.5,1,0.5,1,3107.476769,3107.476769,3107.476769,0,0,1,0,7.87E-09,31757553.47
15423749.27,5061824.717,15426749.27,5061824.717,15426749.27,5058824.717,15423749.27,5058824.717,63515106.93,0,0,0,7354.52559,7354.52559,0,0,0,0,0.851593412,,0.000115792,,0.000115792,0,1,0,1,7354.52559,7354.52559,7354.52559,0,0,0,0,0,0
15423749.27,5058824.717,15426749.27,5058824.717,15426749.27,5055824.717,15423749.27,5055824.717,63515106.93,1.57E-08,1.57E-08,10137.36646,159.0318495,8957.594467,0,0,0,1.617980408,0.539326803,,0.000159606,,0.000159606,1,3,1,3,3379.122152,159.0318495,8957.594467,0,0,1,0,1.57E-08,63515106.93
15423749.27,5055824.717,15426749.27,5055824.717,15426749.27,5052824.717,15423749.27,5052824.717,63515106.93,1.57E-08,1.57E-08,13178.91017,1057.715467,5972.079018,0,0,0,2.7345254,0.68363135,,0.000207493,,0.000207493,1,4,1,4,3294.727542,1057.715467,5972.079018,0,0,1,0,1.57E-08,63515106.93
15423749.27,5052824.717,15426749.27,5052824.717,15426749.27,5049824.717,15423749.27,5049824.717,63515106.93,7.87E-09,7.87E-09,24699.95796,3991.415093,8358.563885,0,0,0,4.80269933,1.200674833,,0.000194442,,0.000194442,0.5,2,0.5,2,6174.989489,3991.415093,8358.563885,0,0,1,0,7.87E-09,31757553.47
15423749.27,5049824.717,15426749.27,5049824.717,15426749.27,5046824.717,15423749.27,5046824.717,63515106.93,0,0,0,8886.814541,8886.814541,0,0,0,0,1.243412418,,0.000139917,,0.000139917,0,1,0,1,8886.814541,8886.814541,8886.814541,0,0,0,0,0,0
15423749.27,5046824.717,15426749.27,5046824.717,15426749.27,5043824.717,15423749.27,5043824.717,63515106.93,0,0,0,5343.406726,5343.406726,0,0,0,0,0.449530778,,8.41E-05,,8.41E-05,0,1,0,1,5343.406726,5343.406726,5343.406726,0,0,0,0,0,0
15423749.27,5043824.717,15426749.27,5043824.717,15426749.27,5040824.717,15423749.27,5040824.717,63515106.93,7.87E-09,7.87E-09,19502.65965,2728.822954,7022.506869,0,0,0,2.994198952,0.748549738,,0.000153528,,0.000153528,0.5,2,0.5,2,4875.664912,2728.822954,7022.506869,0,0,1,0,7.87E-09,31757553.47
15423749.27,5040824.717,15426749.27,5040824.717,15426749.27,5037824.717,15423749.27,5037824.717,63515106.93,7.87E-09,7.87E-09,26108.68609,4098.655576,8955.687471,0,0,0,5.36615242,1.341538105,,0.000205531,,0.000205531,0.5,2,0.5,2,6527.171523,4098.655576,8955.687471,0,0,1,0,7.87E-09,31757553.47
15423749.27,5037824.717,15426749.27,5037824.717,15426749.27,5034824.717,15423749.27,5034824.717,63515106.93,7.87E-09,7.87E-09,22836.33092,3262.321492,8155.843968,0,0,0,4.105306872,1.026326718,,0.000179771,,0.000179771,0.5,2,0.5,2,5709.08273,3262.321492,8155.843968,0,0,1,0,7.87E-09,31757553.47
15423749.27,5034824.717,15426749.27,5034824.717,15426749.27,5031824.717,15423749.27,5031824.717,63515106.93,0,0,0,3076.116824,3076.116824,0,0,0,0,0.148980222,,4.84E-05,,4.84E-05,0,1,0,1,3076.116824,3076.116824,3076.116824,0,0,0,0,0,0
15423749.27,5031824.717,15426749.27,5031824.717,15426749.27,5028824.717,15423749.27,5028824.717,63515106.93,0,0,0,0,0,0,0,0,0,0,,0,,0,0,0,0,0,0,0,0,0,0,0,0,0,0
15423749.27,5028824.717,15426749.27,5028824.717,15426749.27,5025824.717,15423749.27,5025824.717,63515106.93,0,0,0,4110.271328,4110.271328,0,0,0,0,0.265989167,,6.47E-05,,6.47E-05,0,1,0,1,4110.271328,4110.271328,4110.271328,0,0,0,0,0,0
15423749.27,5025824.717,15426749.27,5025824.717,15426749.27,5022824.717,15423749.27,5022824.717,63515106.93,0,0,0,8806.287473,8806.287473,0,0,0,0,1.220980374,,0.000138649,,0.000138649,0,1,0,1,8806.287473,8806.287473,8806.287473,0,0,0,0,0,0
15423749.27,5022824.717,15426749.27,5022824.717,15426749.27,5019824.717,15423749.27,5019824.717,63515106.93,0,0,0,8115.497762,8115.497762,0,0,0,0,1.036939196,,0.000127773,,0.000127773,0,1,0,1,8115.497762,8115.497762,8115.497762,0,0,0,0,0,0
15423749.27,5019824.717,15426749.27,5019824.717,15426749.27,5016824.717,15423749.27,5016824.717,63515106.93,0,0,0,0,0,0,0,0,0,0,,0,,0,0,0,0,0,0,0,0,0,0,0,0,0,0
15423749.27,5016824.717,15426749.27,5016824.717,15426749.27,5013824.717,15423749.27,5013824.717,63515106.93,0,0,0,0,0,0,0,0,0,0,,0,,0,0,0,0,0,0,0,0,0,0,0,0,0,0
15423749.27,5013824.717,15426749.27,5013824.717,15426749.27,5010824.717,15423749.27,5010824.717,63515106.93,0,0,0,0,0,0,0,0,0,0,,0,,0,0,0,0,0,0,0,0,0,0,0,0,0,0
15423749.27,5010824.717,15426749.27,5010824.717,15426749.27,5007824.717,15423749.27,5007824.717,63515106.93,0,0,0,0,0,0,0,0,0,0,,0,,0,0,0,0,0,0,0,0,0,0,0,0,0,0
15423749.27,5007824.717,15426749.27,5007824.717,15426749.27,5004824.717,15423749.27,5004824.717,63515106.93,0,0,0,0,0,0,0,0,0,0,,0,,0,0,0,0,0,0,0,0,0,0,0,0,0,0
15423749.27,5004824.717,15426749.27,5004824.717,15426749.27,5001824.717,15423749.27,5001824.717,63515106.93,0,0,0,0,0,0,0,0,0,0,,0,,0,0,0,0,0,0,0,0,0,0,0,0,0,0
15423749.27,5001824.717,15426749.27,5001824.717,15426749.27,4998824.717,15423749.27,4998824.717,63515106.93,0,0,0,0,0,0,0,0,0,0,,0,,0,0,0,0,0,0,0,0,0,0,0,0,0,0
15423749.27,4998824.717,15426749.27,4998824.717,15426749.27,4995824.717,15423749.27,4995824.717,63515106.93,0,0,0,0,0,0,0,0,0,0,,0,,0,0,0,0,0,0,0,0,0,0,0,0,0,0
15423749.27,4995824.717,15426749.27,4995824.717,15426749.27,4992824.717,15423749.27,4992824.717,63515106.93,0,0,0,7743.8813,7743.8813,0,0,0,0,0.944148573,,0.000121922,,0.000121922,0,1,0,1,7743.8813,7743.8813,7743.8813,0,0,0,0,0,0
15423749.27,4992824.717,15426749.27,4992824.717,15426749.27,4989824.717,15423749.27,4989824.717,63515106.93,0,0,0,9005.242245,9005.242245,0,0,0,0,1.276773225,,0.000141781,,0.000141781,0,1,0,1,9005.242245,9005.242245,9005.242245,0,0,0,0,0,0
15423749.27,4989824.717,15426749.27,4989824.717,15426749.27,4986824.717,15423749.27,4986824.717,63515106.93,0,0,0,6801.811703,6801.811703,0,0,0,0,0.728403756,,0.00010709,,0.00010709,0,1,0,1,6801.811703,6801.811703,6801.811703,0,0,0,0,0,0
15423749.27,4986824.717,15426749.27,4986824.717,15426749.27,4983824.717,15423749.27,4983824.717,63515106.93,0,0,0,0,0,0,0,0,0,0,,0,,0,0,0,0,0,0,0,0,0,0,0,0,0,0
15423749.27,4983824.717,15426749.27,4983824.717,15426749.27,4980824.717,15423749.27,4980824.717,63515106.93,0,0,0,0,0,0,0,0,0,0,,0,,0,0,0,0,0,0,0,0,0,0,0,0,0,0
15423749.27,4980824.717,15426749.27,4980824.717,15426749.27,4977824.717,15423749.27,4977824.717,63515106.93,0,0,0,0,0,0,0,0,0,0,,0,,0,0,0,0,0,0,0,0,0,0,0,0,0,0
15423749.27,4977824.717,15426749.27,4977824.717,15426749.27,4974824.717,15423749.27,4974824.717,63515106.93,0,0,0,0,0,0,0,0,0,0,,0,,0,0,0,0,0,0,0,0,0,0,0,0,0,0
15423749.27,4974824.717,15426749.27,4974824.717,15426749.27,4971824.717,15423749.27,4971824.717,63515106.93,0,0,0,0,0,0,0,0,0,0,,0,,0,0,0,0,0,0,0,0,0,0,0,0,0,0
15423749.27,4971824.717,15426749.27,4971824.717,15426749.27,4968824.717,15423749.27,4968824.717,63515106.93,0,0,0,0,0,0,0,0,0,0,,0,,0,0,0,0,0,0,0,0,0,0,0,0,0,0
15423749.27,4968824.717,15426749.27,4968824.717,15426749.27,4965824.717,15423749.27,4965824.717,63515106.93,0,0,0,0,0,0,0,0,0,0,,0,,0,0,0,0,0,0,0,0,0,0,0,0,0,0
15423749.27,4965824.717,15426749.27,4965824.717,15426749.27,4962824.717,15423749.27,4962824.717,63515106.93,0,0,0,0,0,0,0,0,0,0,,0,,0,0,0,0,0,0,0,0,0,0,0,0,0,0
15423749.27,4962824.717,15426749.27,4962824.717,15426749.27,4959824.717,15423749.27,4959824.717,63515106.93,0,0,0,5845.023017,5845.023017,0,0,0,0,0.537892412,,9.20E-05,,9.20E-05,0,1,0,1,5845.023017,5845.023017,5845.023017,0,0,0,0,0,0
15423749.27,4959824.717,15426749.27,4959824.717,15426749.27,4956824.717,15423749.27,4956824.717,63515106.93,0,0,0,7777.66747,7777.66747,0,0,0,0,0.952405092,,0.000122454,,0.000122454,0,1,0,1,7777.66747,7777.66747,7777.66747,0,0,0,0,0,0
15423749.27,4956824.717,15426749.27,4956824.717,15426749.27,4953824.717,15423749.27,4953824.717,63515106.93,7.87E-09,7.87E-09,12187.09208,6093.546038,6093.546038,0,0,0,1.169211708,0.584605854,,9.59E-05,,9.59E-05,0.5,1,0.5,1,6093.546038,6093.546038,6093.546038,0,0,1,0,7.87E-09,31757553.47
15423749.27,4953824.717,15426749.27,4953824.717,15426749.27,4950824.717,15423749.27,4950824.717,63515106.93,7.87E-09,7.87E-09,6875.18846,3437.59423,3437.59423,0,0,0,0.372102155,0.186051078,,5.41E-05,,5.41E-05,0.5,1,0.5,1,3437.59423,3437.59423,3437.59423,0,0,1,0,7.87E-09,31757553.47
15423749.27,4950824.717,15426749.27,4950824.717,15426749.27,4947824.717,15423749.27,4947824.717,63515106.93,7.87E-09,7.87E-09,1028.328845,514.1644226,514.1644226,0,0,0,0.008324478,0.004162239,,8.10E-06,,8.10E-06,0.5,1,0.5,1,514.1644226,514.1644226,514.1644226,0,0,1,0,7.87E-09,31757553.47
15423749.27,4947824.717,15426749.27,4947824.717,15426749.27,4944824.717,15423749.27,4944824.717,63515106.93,0,0,0,0,0,0,0,0,0,0,,0,,0,0,0,0,0,0,0,0,0,0,0,0,0,0
15423749.27,4944824.717,15426749.27,4944824.717,15426749.27,4941824.717,15423749.27,4941824.717,63515106.93,0,0,0,0,0,0,0,0,0,0,,0,,0,0,0,0,0,0,0,0,0,0,0,0,0,0
15426749.27,5124824.717,15429749.27,5124824.717,15429749.27,5121824.717,15426749.27,5121824.717,63515106.93,0,0,0,0,0,0,0,0,0,0,,0,,0,0,0,0,0,0,0,0,0,0,0,0,0,0
15426749.27,5121824.717,15429749.27,5121824.717,15429749.27,5118824.717,15426749.27,5118824.717,63515106.93,0,0,0,7144.224137,7144.224137,0,0,0,0,0.803587382,,0.000112481,,0.000112481,0,1,0,1,7144.224137,7144.224137,7144.224137,0,0,0,0,0,0
15426749.27,5118824.717,15429749.27,5118824.717,15429749.27,5115824.717,15426749.27,5115824.717,63515106.93,7.87E-09,7.87E-09,33718.19298,1689.634884,9100.429848,0,0,0,8.949969487,1.491661581,,0.000265434,,0.000265434,0.5,3,0.5,3,5619.698831,1689.634884,9100.429848,0,0,1,0,7.87E-09,31757553.47
15426749.27,5115824.717,15429749.27,5115824.717,15429749.27,5112824.717,15426749.27,5112824.717,63515106.93,7.87E-09,7.87E-09,47335.84491,6833.786028,8425.311118,0,0,0,17.63897064,2.93982844,,0.000372635,,0.000372635,0.5,3,0.5,3,7889.307485,6833.786028,8425.311118,0,0,1,0,7.87E-09,31757553.47
15426749.27,5112824.717,15429749.27,5112824.717,15429749.27,5109824.717,15426749.27,5109824.717,63515106.93,0,0,0,7153.859676,8681.542403,0,0,0,0,1.974018238,,0.000249317,,0.000249317,0,2,0,2,7917.701039,7153.859676,8681.542403,0,0,0,0,0,0
15426749.27,5109824.717,15429749.27,5109824.717,15429749.27,5106824.717,15426749.27,5106824.717,63515106.93,7.87E-09,7.87E-09,9493.217402,692.8986723,4053.710029,0,0,0,0.709446784,0.177361696,,7.47E-05,,7.47E-05,0.5,2,0.5,2,2373.30435,692.8986723,4053.710029,0,0,1,0,7.87E-09,31757553.47
15426749.27,5106824.717,15429749.27,5106824.717,15429749.27,5103824.717,15426749.27,5103824.717,63515106.93,0,0,0,0,0,0,0,0,0,0,,0,,0,0,0,0,0,0,0,0,0,0,0,0,0,0
15426749.27,5103824.717,15429749.27,5103824.717,15429749.27,5100824.717,15426749.27,5100824.717,63515106.93,0,0,0,7887.026968,7887.026968,0,0,0,0,0.979376363,,0.000124176,,0.000124176,0,1,0,1,7887.026968,7887.026968,7887.026968,0,0,0,0,0,0
15426749.27,5100824.717,15429749.27,5100824.717,15429749.27,5097824.717,15426749.27,5097824.717,63515106.93,7.87E-09,7.87E-09,24242.70761,2932.690995,9188.662807,0,0,0,4.626528242,1.15663206,,0.000190842,,0.000190842,0.5,2,0.5,2,6060.676901,2932.690995,9188.662807,0,0,1,0,7.87E-09,31757553.47
15426749.27,5097824.717,15429749.27,5097824.717,15429749.27,5094824.717,15426749.27,5094824.717,63515106.93,1.57E-08,1.57E-08,12604.34389,2609.830039,6915.055665,0,0,0,2.501286584,0.833762195,,0.000198446,,0.000198446,1,3,1,3,4201.447963,2609.830039,6915.055665,0,0,1,0,1.57E-08,63515106.93
15426749.27,5094824.717,15429749.27,5094824.717,15429749.27,5091824.717,15426749.27,5091824.717,63515106.93,3.15E-08,3.15E-08,6354.637255,540.445863,6212.078061,0,0,0,1.271553071,0.635776536,,0.000200098,,0.000200098,2,4,2,4,3177.318627,540.445863,6212.078061,0,0,1,0,3.15E-08,127030213.9
15426749.27,5091824.717,15429749.27,5091824.717,15429749.27,5088824.717,15426749.27,5088824.717,63515106.93,6.30E-08,4.72E-08,4466.518553,488.7814847,6679.383438,0.75,0.666666667,1.57E-08,1.256380659,1.005104527,,0.000281289,,0.000281289,4,6,3,5,3573.214842,488.7814847,6679.383438,0.25,0.333333333,3.833333333,1,3.000000039,158787768.3
15426749.27,5088824.717,15429749.27,5088824.717,15429749.27,5085824.717,15426749.27,5085824.717,63515106.93,4.72E-08,3.15E-08,6515.226002,729.4830774,5056.222462,1,1,1.57E-08,2.004948361,1.503711271,,0.000307733,,0.000307733,3,5,2,4,4886.419501,729.4830774,8765.018975,0.333333333,0.5,3.75,1,3.000000024,95272661.4
15426749.27,5085824.717,15429749.27,5085824.717,15429749.27,5082824.717,15426749.27,5082824.717,63515106.93,2.36E-08,7.87E-09,8904.442932,2444.253483,6205.738005,2,4,1.57E-08,1.872525477,1.404394108,,0.000210291,,0.000210291,1.5,3,0.5,2,6678.332199,4706.67291,8649.991488,0.666666667,2,3,1,3,1
15426749.27,5082824.717,15429749.27,5082824.717,15429749.27,5079824.717,15426749.27,5079824.717,63515106.93,0,0,0,6736.277999,6736.277999,0,0,0,0,0.714435407,,0.000106058,,0.000106058,0,1,0,1,6736.277999,6736.277999,6736.277999,0,0,0,0,0,0
15426749.27,5079824.717,15429749.27,5079824.717,15429749.27,5076824.717,15426749.27,5076824.717,63515106.93,0,0,0,3372.849401,6923.2249,0,0,0,0,0.834519149,,0.000162104,,0.000162104,0,2,0,2,5148.03715,3372.849401,6923.2249,0,0,0,0,0,0
15426749.27,5076824.717,15429749.27,5076824.717,15429749.27,5073824.717,15426749.27,5073824.717,63515106.93,0,0,0,8999.000408,8999.000408,0,0,0,0,1.275003889,,0.000141683,,0.000141683,0,1,0,1,8999.000408,8999.000408,8999.000408,0,0,0,0,0,0
15426749.27,5073824.717,15429749.27,5073824.717,15429749.27,5070824.717,15426749.27,5070824.717,63515106.93,0,0,0,3766.536177,6772.468511,0,0,0,0,0.874363795,,0.000165929,,0.000165929,0,2,0,2,5269.502344,3766.536177,6772.468511,0,0,0,0,0,0
15426749.27,5070824.717,15429749.27,5070824.717,15429749.27,5067824.717,15426749.27,5067824.717,63515106.93,0,0,0,8569.229276,8569.229276,0,0,0,0,1.156129525,,0.000134916,,0.000134916,0,1,0,1,8569.229276,8569.229276,8569.229276,0,0,0,0,0,0
15426749.27,5067824.717,15429749.27,5067824.717,15429749.27,5064824.717,15426749.27,5064824.717,63515106.93,7.87E-09,7.87E-09,16211.34814,8105.67407,8105.67407,0,0,0,2.068860632,1.034430316,,0.000127618,,0.000127618,0.5,1,0.5,1,8105.67407,8105.67407,8105.67407,0,0,1,0,7.87E-09,31757553.47
15426749.27,5064824.717,15429749.27,5064824.717,15429749.27,5061824.717,15426749.27,5061824.717,63515106.93,0,0,0,2670.998584,2670.998584,0,0,0,0,0.112323411,,4.21E-05,,4.21E-05,0,1,0,1,2670.998584,2670.998584,2670.998584,0,0,0,0,0,0
15426749.27,5061824.717,15429749.27,5061824.717,15429749.27,5058824.717,15426749.27,5058824.717,63515106.93,0,0,0,7727.981763,7727.981763,0,0,0,0,0.94027555,,0.000121672,,0.000121672,0,1,0,1,7727.981763,7727.981763,7727.981763,0,0,0,0,0,0
15426749.27,5058824.717,15429749.27,5058824.717,15429749.27,5055824.717,15426749.27,5055824.717,63515106.93,0,0,0,8883.548619,8883.548619,0,0,0,0,1.242498673,,0.000139865,,0.000139865,0,1,0,1,8883.548619,8883.548619,8883.548619,0,0,0,0,0,0
15426749.27,5055824.717,15429749.27,5055824.717,15429749.27,5052824.717,15426749.27,5052824.717,63515106.93,7.87E-09,7.87E-09,25121.23441,228.0913517,7028.890512,0,0,0,4.967923766,0.827987294,,0.000197758,,0.000197758,0.5,3,0.5,3,4186.872402,228.0913517,7028.890512,0,0,1,0,7.87E-09,31757553.47
15426749.27,5052824.717,15429749.27,5052824.717,15429749.27,5049824.717,15426749.27,5049824.717,63515106.93,7.87E-09,7.87E-09,18258.92759,77.68991865,9051.773876,0,0,0,2.624481425,0.656120356,,0.000143737,,0.000143737,0.5,2,0.5,2,4564.731897,77.68991865,9051.773876,0,0,1,0,7.87E-09,31757553.47
15426749.27,5049824.717,15429749.27,5049824.717,15429749.27,5046824.717,15426749.27,5046824.717,63515106.93,0,0,0,7761.856199,7761.856199,0,0,0,0,0.948536727,,0.000122205,,0.000122205,0,1,0,1,7761.856199,7761.856199,7761.856199,0,0,0,0,0,0
15426749.27,5046824.717,15429749.27,5046824.717,15429749.27,5043824.717,15426749.27,5043824.717,63515106.93,0,0,0,6268.900064,6268.900064,0,0,0,0,0.618736391,,9.87E-05,,9.87E-05,0,1,0,1,6268.900064,6268.900064,6268.900064,0,0,0,0,0,0
15426749.27,5043824.717,15429749.27,5043824.717,15429749.27,5040824.717,15426749.27,5040824.717,63515106.93,7.87E-09,7.87E-09,18142.59236,258.3509651,8812.945213,0,0,0,2.591144637,0.647786159,,0.000142821,,0.000142821,0.5,2,0.5,2,4535.648089,258.3509651,8812.945213,0,0,1,0,7.87E-09,31757553.47
15426749.27,5040824.717,15429749.27,5040824.717,15429749.27,5037824.717,15426749.27,5037824.717,63515106.93,7.87E-09,7.87E-09,18435.19306,694.1161388,8523.48039,0,0,0,2.675397708,0.668849427,,0.000145124,,0.000145124,0.5,2,0.5,2,4608.798264,694.1161388,8523.48039,0,0,1,0,7.87E-09,31757553.47
15426749.27,5037824.717,15429749.27,5037824.717,15429749.27,5034824.717,15426749.27,5034824.717,63515106.93,0,0,0,5139.775583,5139.775583,0,0,0,0,0.415921413,,8.09E-05,,8.09E-05,0,1,0,1,5139.775583,5139.775583,5139.775583,0,0,0,0,0,0
15426749.27,5034824.717,15429749.27,5034824.717,15429749.27,5031824.717,15426749.27,5031824.717,63515106.93,0,0,0,0,0,0,0,0,0,0,,0,,0,0,0,0,0,0,0,0,0,0,0,0,0,0
15426749.27,5031824.717,15429749.27,5031824.717,15429749.27,5028824.717,15426749.27,5028824.717,63515106.93,0,0,0,0,0,0,0,0,0,0,,0,,0,0,0,0,0,0,0,0,0,0,0,0,0,0
15426749.27,5028824.717,15429749.27,5028824.717,15429749.27,5025824.717,15426749.27,5025824.717,63515106.93,0,0,0,6481.180439,6481.180439,0,0,0,0,0.661349747,,0.000102042,,0.000102042,0,1,0,1,6481.180439,6481.180439,6481.180439,0,0,0,0,0,0
15426749.27,5025824.717,15429749.27,5025824.717,15429749.27,5022824.717,15426749.27,5022824.717,63515106.93,0,0,0,8979.966332,8979.966332,0,0,0,0,1.269615989,,0.000141383,,0.000141383,0,1,0,1,8979.966332,8979.966332,8979.966332,0,0,0,0,0,0
15426749.27,5022824.717,15429749.27,5022824.717,15429749.27,5019824.717,15426749.27,5019824.717,63515106.93,0,0,0,7282.769094,7282.769094,0,0,0,0,0.835056859,,0.000114662,,0.000114662,0,1,0,1,7282.769094,7282.769094,7282.769094,0,0,0,0,0,0
15426749.27,5019824.717,15429749.27,5019824.717,15429749.27,5016824.717,15426749.27,5016824.717,63515106.93,0,0,0,0,0,0,0,0,0,0,,0,,0,0,0,0,0,0,0,0,0,0,0,0,0,0
15426749.27,5016824.717,15429749.27,5016824.717,15429749.27,5013824.717,15426749.27,5013824.717,63515106.93,0,0,0,0,0,0,0,0,0,0,,0,,0,0,0,0,0,0,0,0,0,0,0,0,0,0
15426749.27,5013824.717,15429749.27,5013824.717,15429749.27,5010824.717,15426749.27,5010824.717,63515106.93,0,0,0,0,0,0,0,0,0,0,,0,,0,0,0,0,0,0,0,0,0,0,0,0,0,0
15426749.27,5010824.717,15429749.27,5010824.717,15429749.27,5007824.717,15426749.27,5007824.717,63515106.93,0,0,0,0,0,0,0,0,0,0,,0,,0,0,0,0,0,0,0,0,0,0,0,0,0,0
15426749.27,5007824.717,15429749.27,5007824.717,15429749.27,5004824.717,15426749.27,5004824.717,63515106.93,0,0,0,0,0,0,0,0,0,0,,0,,0,0,0,0,0,0,0,0,0,0,0,0,0,0
15426749.27,5004824.717,15429749.27,5004824.717,15429749.27,5001824.717,15426749.27,5001824.717,63515106.93,0,0,0,0,0,0,0,0,0,0,,0,,0,0,0,0,0,0,0,0,0,0,0,0,0,0
15426749.27,5001824.717,15429749.27,5001824.717,15429749.27,4998824.717,15426749.27,4998824.717,63515106.93,0,0,0,0,0,0,0,0,0,0,,0,,0,0,0,0,0,0,0,0,0,0,0,0,0,0
15426749.27,4998824.717,15429749.27,4998824.717,15429749.27,4995824.717,15426749.27,4995824.717,63515106.93,0,0,0,5041.046943,5041.046943,0,0,0,0,0.400096221,,7.94E-05,,7.94E-05,0,1,0,1,5041.046943,5041.046943,5041.046943,0,0,0,0,0,0
15426749.27,4995824.717,15429749.27,4995824.717,15429749.27,4992824.717,15426749.27,4992824.717,63515106.93,0,0,0,8746.511417,8746.511417,0,0,0,0,1.204460886,,0.000137708,,0.000137708,0,1,0,1,8746.511417,8746.511417,8746.511417,0,0,0,0,0,0
15426749.27,4992824.717,15429749.27,4992824.717,15429749.27,4989824.717,15426749.27,4989824.717,63515106.93,0,0,0,8328.795034,8328.795034,0,0,0,0,1.092162638,,0.000131131,,0.000131131,0,1,0,1,8328.795034,8328.795034,8328.795034,0,0,0,0,0,0
15426749.27,4989824.717,15429749.27,4989824.717,15429749.27,4986824.717,15426749.27,4986824.717,63515106.93,0,0,0,0,0,0,0,0,0,0,,0,,0,0,0,0,0,0,0,0,0,0,0,0,0,0
15426749.27,4986824.717,15429749.27,4986824.717,15429749.27,4983824.717,15426749.27,4983824.717,63515106.93,0,0,0,0,0,0,0,0,0,0,,0,,0,0,0,0,0,0,0,0,0,0,0,0,0,0
15426749.27,4983824.717,15429749.27,4983824.717,15429749.27,4980824.717,15426749.27,4980824.717,63515106.93,0,0,0,0,0,0,0,0,0,0,,0,,0,0,0,0,0,0,0,0,0,0,0,0,0,0
15426749.27,4980824.717,15429749.27,4980824.717,15429749.27,4977824.717,15426749.27,4977824.717,63515106.93,0,0,0,0,0,0,0,0,0,0,,0,,0,0,0,0,0,0,0,0,0,0,0,0,0,0
15426749.27,4977824.717,15429749.27,4977824.717,15429749.27,4974824.717,15426749.27,4974824.717,63515106.93,0,0,0,0,0,0,0,0,0,0,,0,,0,0,0,0,0,0,0,0,0,0,0,0,0,0
15426749.27,4974824.717,15429749.27,4974824.717,15429749.27,4971824.717,15426749.27,4971824.717,63515106.93,0,0,0,0,0,0,0,0,0,0,,0,,0,0,0,0,0,0,0,0,0,0,0,0,0,0
15426749.27,4971824.717,15429749.27,4971824.717,15429749.27,4968824.717,15426749.27,4968824.717,63515106.93,0,0,0,0,0,0,0,0,0,0,,0,,0,0,0,0,0,0,0,0,0,0,0,0,0,0
15426749.27,4968824.717,15429749.27,4968824.717,15429749.27,4965824.717,15426749.27,4965824.717,63515106.93,0,0,0,5894.665176,5894.665176,0,0,0,0,0.547067922,,9.28E-05,,9.28E-05,0,1,0,1,5894.665176,5894.665176,5894.665176,0,0,0,0,0,0
15426749.27,4965824.717,15429749.27,4965824.717,15429749.27,4962824.717,15426749.27,4962824.717,63515106.93,0,0,0,8038.486396,8038.486396,0,0,0,0,1.017352669,,0.00012656,,0.00012656,0,1,0,1,8038.486396,8038.486396,8038.486396,0,0,0,0,0,0
15426749.27,4962824.717,15429749.27,4962824.717,15429749.27,4959824.717,15426749.27,4959824.717,63515106.93,0,0,0,8868.06612,8868.06612,0,0,0,0,1.238171523,,0.000139621,,0.000139621,0,1,0,1,8868.06612,8868.06612,8868.06612,0,0,0,0,0,0
15426749.27,4959824.717,15429749.27,4959824.717,15429749.27,4956824.717,15426749.27,4956824.717,63515106.93,0,0,0,8958.135434,8958.135434,0,0,0,0,1.26345045,,0.000141039,,0.000141039,0,1,0,1,8958.135434,8958.135434,8958.135434,0,0,0,0,0,0
15426749.27,4956824.717,15429749.27,4956824.717,15429749.27,4953824.717,15426749.27,4953824.717,63515106.93,7.87E-09,7.87E-09,13990.71112,6995.355559,6995.355559,0,0,0,1.540893238,0.770446619,,0.000110137,,0.000110137,0.5,1,0.5,1,6995.355559,6995.355559,6995.355559,0,0,1,0,7.87E-09,31757553.47
15426749.27,4953824.717,15429749.27,4953824.717,15429749.27,4950824.717,15426749.27,4950824.717,63515106.93,7.87E-09,7.87E-09,7122.395011,3561.197506,3561.197506,0,0,0,0.399342087,0.199671043,,5.61E-05,,5.61E-05,0.5,1,0.5,1,3561.197506,3561.197506,3561.197506,0,0,1,0,7.87E-09,31757553.47
15426749.27,4950824.717,15429749.27,4950824.717,15429749.27,4947824.717,15426749.27,4947824.717,63515106.93,0,0,0,0,0,0,0,0,0,0,,0,,0,0,0,0,0,0,0,0,0,0,0,0,0,0
15426749.27,4947824.717,15429749.27,4947824.717,15429749.27,4944824.717,15426749.27,4944824.717,63515106.93,0,0,0,0,0,0,0,0,0,0,,0,,0,0,0,0,0,0,0,0,0,0,0,0,0,0
15426749.27,4944824.717,15429749.27,4944824.717,15429749.27,4941824.717,15426749.27,4941824.717,63515106.93,0,0,0,0,0,0,0,0,0,0,,0,,0,0,0,0,0,0,0,0,0,0,0,0,0,0
15429749.27,5124824.717,15432749.27,5124824.717,15432749.27,5121824.717,15429749.27,5121824.717,63515106.93,0,0,0,0,0,0,0,0,0,0,,0,,0,0,0,0,0,0,0,0,0,0,0,0,0,0
15429749.27,5121824.717,15432749.27,5121824.717,15432749.27,5118824.717,15429749.27,5118824.717,63515106.93,7.87E-09,7.87E-09,16498.60046,163.3396744,8085.960554,0,0,0,2.142827354,0.535706838,,0.000129879,,0.000129879,0.5,2,0.5,2,4124.650114,163.3396744,8085.960554,0,0,1,0,7.87E-09,31757553.47
15429749.27,5118824.717,15432749.27,5118824.717,15432749.27,5115824.717,15429749.27,5115824.717,63515106.93,7.87E-09,7.87E-09,37735.98247,4073.967857,8898.538825,0,0,0,11.20996596,1.868327659,,0.000297063,,0.000297063,0.5,3,0.5,3,6289.330412,4073.967857,8898.538825,0,0,1,0,7.87E-09,31757553.47
15429749.27,5115824.717,15432749.27,5115824.717,15432749.27,5112824.717,15429749.27,5112824.717,63515106.93,1.57E-08,1.57E-08,19454.50472,1027.331003,8914.906106,0,0,0,5.958861947,1.489715487,,0.000306297,,0.000306297,1,4,1,4,4863.626179,1027.331003,8914.906106,0,0,1,0,1.57E-08,63515106.93
15429749.27,5112824.717,15432749.27,5112824.717,15432749.27,5109824.717,15429749.27,5109824.717,63515106.93,1.57E-08,1.57E-08,15376.77339,958.7011398,7800.220359,0,0,0,3.722660189,0.930665047,,0.000242096,,0.000242096,1,4,1,4,3844.193348,958.7012192,7800.220359,0,0,1,0,1.57E-08,63515106.93
15429749.27,5109824.717,15432749.27,5109824.717,15432749.27,5106824.717,15429749.27,5106824.717,63515106.93,1.57E-08,1.57E-08,1125.311851,472.5845162,652.7273349,0,0,0,0.019937411,0.009968705,,1.77E-05,,1.77E-05,1,2,1,2,562.6559257,472.5845165,652.7273349,0,0,1,0,1.57E-08,63515106.93
15429749.27,5106824.717,15432749.27,5106824.717,15432749.27,5103824.717,15429749.27,5103824.717,63515106.93,0,0,0,5551.308996,5551.308996,0,0,0,0,0.485192154,,8.74E-05,,8.74E-05,0,1,0,1,5551.308996,5551.308996,5551.308996,0,0,0,0,0,0
15429749.27,5103824.717,15432749.27,5103824.717,15432749.27,5100824.717,15429749.27,5100824.717,63515106.93,0,0,0,3462.886214,8881.288372,0,0,0,0,1.199546482,,0.00019435,,0.00019435,0,2,0,2,6172.087293,3462.886214,8881.288372,0,0,0,0,0,0
15429749.27,5100824.717,15432749.27,5100824.717,15432749.27,5097824.717,15429749.27,5097824.717,63515106.93,7.87E-09,7.87E-09,29800.66245,6447.998654,8452.332571,0,0,0,6.99108862,1.747772155,,0.000234595,,0.000234595,0.5,2,0.5,2,7450.165613,6447.998654,8452.332571,0,0,1,0,7.87E-09,31757553.47
15429749.27,5097824.717,15432749.27,5097824.717,15432749.27,5094824.717,15429749.27,5094824.717,63515106.93,2.36E-08,2.36E-08,7154.895589,207.6012801,5117.625176,0,0,0,1.20898476,0.453369285,,0.000168973,,0.000168973,1.5,4,1.5,4,2683.085846,207.6012801,5117.625176,0,0,1,0,2.36E-08,95272660.4
15429749.27,5094824.717,15432749.27,5094824.717,15432749.27,5091824.717,15429749.27,5091824.717,63515106.93,3.15E-08,3.15E-08,4059.383638,606.1048838,3760.800026,0,0,0,0.518887437,0.259443718,,0.000127824,,0.000127824,2,4,2,4,2029.691819,606.1048838,3760.800026,0,0,1,0,3.15E-08,127030213.9
15429749.27,5091824.717,15432749.27,5091824.717,15432749.27,5088824.717,15429749.27,5088824.717,63515106.93,1.57E-08,1.57E-08,13291.06426,4341.822657,4505.461252,0,0,0,2.781265715,0.927088572,,0.000209258,,0.000209258,1,3,1,3,4430.354755,4341.822657,4505.461252,0,0,1,0,1.57E-08,63515106.93
15429749.27,5088824.717,15432749.27,5088824.717,15432749.27,5085824.717,15429749.27,5085824.717,63515106.93,3.15E-08,1.57E-08,7056.018912,1092.292595,7969.143648,1.5,2,1.57E-08,1.567734206,1.567734206,,0.000222184,,0.000222184,2,3,1,2,7056.018912,6142.894175,7969.143648,0.5,1,3.5,1,3.000000008,31757554.47
15429749.27,5085824.717,15432749.27,5085824.717,15432749.27,5082824.717,15429749.27,5082824.717,63515106.93,2.36E-08,7.87E-09,6544.236897,929.9194254,7922.75358,2,4,1.57E-08,1.011421659,0.758566244,,0.000154552,,0.000154552,1.5,3,0.5,2,4908.177673,1893.601765,7922.75358,0.666666667,2,3,1,3,1
15429749.27,5082824.717,15432749.27,5082824.717,15432749.27,5079824.717,15429749.27,5079824.717,63515106.93,0,0,0,0,0,0,0,0,0,0,,0,,0,0,0,0,0,0,0,0,0,0,0,0,0,0
15429749.27,5079824.717,15432749.27,5079824.717,15432749.27,5076824.717,15429749.27,5076824.717,63515106.93,0,0,0,7761.30804,7761.30804,0,0,0,0,0.948402757,,0.000122196,,0.000122196,0,1,0,1,7761.30804,7761.30804,7761.30804,0,0,0,0,0,0
15429749.27,5076824.717,15432749.27,5076824.717,15432749.27,5073824.717,15429749.27,5073824.717,63515106.93,0,0,0,8921.260756,8921.260756,0,0,0,0,1.25307029,,0.000140459,,0.000140459,0,1,0,1,8921.260756,8921.260756,8921.260756,0,0,0,0,0,0
15429749.27,5073824.717,15432749.27,5073824.717,15432749.27,5070824.717,15429749.27,5070824.717,63515106.93,0,0,0,5185.339276,6430.351324,0,0,0,0,1.062143123,,0.000182881,,0.000182881,0,2,0,2,5807.8453,5185.339276,6430.351324,0,0,0,0,0,0
15429749.27,5070824.717,15432749.27,5070824.717,15432749.27,5067824.717,15429749.27,5067824.717,63515106.93,0,0,0,8967.843471,8967.843471,0,0,0,0,1.266190366,,0.000141192,,0.000141192,0,1,0,1,8967.843471,8967.843471,8967.843471,0,0,0,0,0,0
15429749.27,5067824.717,15432749.27,5067824.717,15432749.27,5064824.717,15429749.27,5064824.717,63515106.93,0,0,0,7465.328312,7465.328312,0,0,0,0,0.877446792,,0.000117536,,0.000117536,0,1,0,1,7465.328312,7465.328312,7465.328312,0,0,0,0,0,0
15429749.27,5064824.717,15432749.27,5064824.717,15432749.27,5061824.717,15429749.27,5061824.717,63515106.93,0,0,0,0,0,0,0,0,0,0,,0,,0,0,0,0,0,0,0,0,0,0,0,0,0,0
15429749.27,5061824.717,15432749.27,5061824.717,15432749.27,5058824.717,15429749.27,5058824.717,63515106.93,0,0,0,8194.448801,8194.448801,0,0,0,0,1.057212912,,0.000129016,,0.000129016,0,1,0,1,8194.448801,8194.448801,8194.448801,0,0,0,0,0,0
15429749.27,5058824.717,15432749.27,5058824.717,15432749.27,5055824.717,15429749.27,5055824.717,63515106.93,7.87E-09,7.87E-09,30015.53398,3138.142233,8724.431181,0,0,0,7.092267682,1.182044614,,0.000236287,,0.000236287,0.5,3,0.5,3,5002.588997,3138.142233,8724.431181,0,0,1,0,7.87E-09,31757553.47
15429749.27,5055824.717,15432749.27,5055824.717,15432749.27,5052824.717,15429749.27,5052824.717,63515106.93,7.87E-09,7.87E-09,30406.0836,2491.626124,8589.200769,0,0,0,7.278031673,1.213005279,,0.000239361,,0.000239361,0.5,3,0.5,3,5067.6806,2491.626124,8589.200769,0,0,1,0,7.87E-09,31757553.47
15429749.27,5052824.717,15432749.27,5052824.717,15432749.27,5049824.717,15429749.27,5049824.717,63515106.93,0,0,0,8672.019726,8672.019726,0,0,0,0,1.184032111,,0.000136535,,0.000136535,0,1,0,1,8672.019726,8672.019726,8672.019726,0,0,0,0,0,0
15429749.27,5049824.717,15432749.27,5049824.717,15432749.27,5046824.717,15429749.27,5046824.717,63515106.93,0,0,0,4470.294584,5446.352506,0,0,0,0,0.774145666,,0.000156131,,0.000156131,0,2,0,2,4958.323545,4470.294584,5446.352506,0,0,0,0,0,0
15429749.27,5046824.717,15432749.27,5046824.717,15432749.27,5043824.717,15429749.27,5043824.717,63515106.93,0,0,0,8612.036724,8612.036724,0,0,0,0,1.167709229,,0.00013559,,0.00013559,0,1,0,1,8612.036724,8612.036724,8612.036724,0,0,0,0,0,0
15429749.27,5043824.717,15432749.27,5043824.717,15432749.27,5040824.717,15429749.27,5040824.717,63515106.93,0,0,0,8777.030781,8777.030781,0,0,0,0,1.212881046,,0.000138188,,0.000138188,0,1,0,1,8777.030781,8777.030781,8777.030781,0,0,0,0,0,0
15429749.27,5040824.717,15432749.27,5040824.717,15432749.27,5037824.717,15429749.27,5037824.717,63515106.93,0,0,0,6094.040553,6094.040553,0,0,0,0,0.584700744,,9.59E-05,,9.59E-05,0,1,0,1,6094.040553,6094.040553,6094.040553,0,0,0,0,0,0
15429749.27,5037824.717,15432749.27,5037824.717,15432749.27,5034824.717,15429749.27,5034824.717,63515106.93,0,0,0,0,0,0,0,0,0,0,,0,,0,0,0,0,0,0,0,0,0,0,0,0,0,0
15429749.27,5034824.717,15432749.27,5034824.717,15432749.27,5031824.717,15429749.27,5031824.717,63515106.93,7.87E-09,7.87E-09,609.0016308,304.5008154,304.5008154,0,0,0,0.002919644,0.001459822,,4.79E-06,,4.79E-06,0.5,1,0.5,1,304.5008154,304.5008154,304.5008154,0,0,1,0,7.87E-09,31757553.47
15429749.27,5031824.717,15432749.27,5031824.717,15432749.27,5028824.717,15429749.27,5028824.717,63515106.93,7.87E-09,7.87E-09,969.3765148,484.6882574,484.6882574,0,0,0,0.007397381,0.00369869,,7.63E-06,,7.63E-06,0.5,1,0.5,1,484.6882574,484.6882574,484.6882574,0,0,1,0,7.87E-09,31757553.47
15429749.27,5028824.717,15432749.27,5028824.717,15432749.27,5025824.717,15429749.27,5025824.717,63515106.93,0,0,0,7949.978157,7949.978157,0,0,0,0,0.995072759,,0.000125167,,0.000125167,0,1,0,1,7949.978157,7949.978157,7949.978157,0,0,0,0,0,0
15429749.27,5025824.717,15432749.27,5025824.717,15432749.27,5022824.717,15429749.27,5022824.717,63515106.93,0,0,0,8885.424997,8885.424997,0,0,0,0,1.243023608,,0.000139895,,0.000139895,0,1,0,1,8885.424997,8885.424997,8885.424997,0,0,0,0,0,0
15429749.27,5022824.717,15432749.27,5022824.717,15432749.27,5019824.717,15429749.27,5019824.717,63515106.93,0,0,0,5690.798471,5690.798471,0,0,0,0,0.509881645,,8.96E-05,,8.96E-05,0,1,0,1,5690.798471,5690.798471,5690.798471,0,0,0,0,0,0
15429749.27,5019824.717,15432749.27,5019824.717,15432749.27,5016824.717,15429749.27,5016824.717,63515106.93,0,0,0,0,0,0,0,0,0,0,,0,,0,0,0,0,0,0,0,0,0,0,0,0,0,0
15429749.27,5016824.717,15432749.27,5016824.717,15432749.27,5013824.717,15429749.27,5013824.717,63515106.93,0,0,0,0,0,0,0,0,0,0,,0,,0,0,0,0,0,0,0,0,0,0,0,0,0,0
15429749.27,5013824.717,15432749.27,5013824.717,15432749.27,5010824.717,15429749.27,5010824.717,63515106.93,0,0,0,0,0,0,0,0,0,0,,0,,0,0,0,0,0,0,0,0,0,0,0,0,0,0
15429749.27,5010824.717,15432749.27,5010824.717,15432749.27,5007824.717,15429749.27,5007824.717,63515106.93,0,0,0,0,0,0,0,0,0,0,,0,,0,0,0,0,0,0,0,0,0,0,0,0,0,0
15429749.27,5007824.717,15432749.27,5007824.717,15432749.27,5004824.717,15429749.27,5004824.717,63515106.93,0,0,0,0,0,0,0,0,0,0,,0,,0,0,0,0,0,0,0,0,0,0,0,0,0,0
15429749.27,5004824.717,15432749.27,5004824.717,15432749.27,5001824.717,15429749.27,5001824.717,63515106.93,0,0,0,0,0,0,0,0,0,0,,0,,0,0,0,0,0,0,0,0,0,0,0,0,0,0
15429749.27,5001824.717,15432749.27,5001824.717,15432749.27,4998824.717,15429749.27,4998824.717,63515106.93,0,0,0,0,0,0,0,0,0,0,,0,,0,0,0,0,0,0,0,0,0,0,0,0,0,0
15429749.27,4998824.717,15432749.27,4998824.717,15432749.27,4995824.717,15429749.27,4995824.717,63515106.93,0,0,0,7287.014298,7287.014298,0,0,0,0,0.83603067,,0.000114729,,0.000114729,0,1,0,1,7287.014298,7287.014298,7287.014298,0,0,0,0,0,0
15429749.27,4995824.717,15432749.27,4995824.717,15432749.27,4992824.717,15429749.27,4992824.717,63515106.93,0,0,0,9001.669767,9001.669767,0,0,0,0,1.275760406,,0.000141725,,0.000141725,0,1,0,1,9001.669767,9001.669767,9001.669767,0,0,0,0,0,0
15429749.27,4992824.717,15432749.27,4992824.717,15432749.27,4989824.717,15429749.27,4989824.717,63515106.93,0,0,0,6825.635595,6825.635595,0,0,0,0,0.733515277,,0.000107465,,0.000107465,0,1,0,1,6825.635595,6825.635595,6825.635595,0,0,0,0,0,0
15429749.27,4989824.717,15432749.27,4989824.717,15432749.27,4986824.717,15429749.27,4986824.717,63515106.93,0,0,0,0,0,0,0,0,0,0,,0,,0,0,0,0,0,0,0,0,0,0,0,0,0,0
15429749.27,4986824.717,15432749.27,4986824.717,15432749.27,4983824.717,15429749.27,4983824.717,63515106.93,0,0,0,0,0,0,0,0,0,0,,0,,0,0,0,0,0,0,0,0,0,0,0,0,0,0
15429749.27,4983824.717,15432749.27,4983824.717,15432749.27,4980824.717,15429749.27,4980824.717,63515106.93,0,0,0,0,0,0,0,0,0,0,,0,,0,0,0,0,0,0,0,0,0,0,0,0,0,0
15429749.27,4980824.717,15432749.27,4980824.717,15432749.27,4977824.717,15429749.27,4977824.717,63515106.93,0,0,0,0,0,0,0,0,0,0,,0,,0,0,0,0,0,0,0,0,0,0,0,0,0,0
15429749.27,4977824.717,15432749.27,4977824.717,15432749.27,4974824.717,15429749.27,4974824.717,63515106.93,0,0,0,0,0,0,0,0,0,0,,0,,0,0,0,0,0,0,0,0,0,0,0,0,0,0
15429749.27,4974824.717,15432749.27,4974824.717,15432749.27,4971824.717,15429749.27,4971824.717,63515106.93,0,0,0,4834.330895,4834.330895,0,0,0,0,0.367955851,,7.61E-05,,7.61E-05,0,1,0,1,4834.330895,4834.330895,4834.330895,0,0,0,0,0,0
15429749.27,4971824.717,15432749.27,4971824.717,15432749.27,4968824.717,15429749.27,4968824.717,63515106.93,0,0,0,7755.465247,7755.465247,0,0,0,0,0.946975359,,0.000122104,,0.000122104,0,1,0,1,7755.465247,7755.465247,7755.465247,0,0,0,0,0,0
15429749.27,4968824.717,15432749.27,4968824.717,15432749.27,4965824.717,15429749.27,4965824.717,63515106.93,0,0,0,8854.735443,8854.735443,0,0,0,0,1.234451826,,0.000139411,,0.000139411,0,1,0,1,8854.735443,8854.735443,8854.735443,0,0,0,0,0,0
15429749.27,4965824.717,15432749.27,4965824.717,15432749.27,4962824.717,15429749.27,4962824.717,63515106.93,0,0,0,8904.302465,8904.302465,0,0,0,0,1.248310933,,0.000140192,,0.000140192,0,1,0,1,8904.302465,8904.302465,8904.302465,0,0,0,0,0,0
15429749.27,4962824.717,15432749.27,4962824.717,15432749.27,4959824.717,15429749.27,4959824.717,63515106.93,0,0,0,8090.424936,8090.424936,0,0,0,0,1.030541847,,0.000127378,,0.000127378,0,1,0,1,8090.424936,8090.424936,8090.424936,0,0,0,0,0,0
15429749.27,4959824.717,15432749.27,4959824.717,15432749.27,4956824.717,15429749.27,4956824.717,63515106.93,0,0,0,6168.433385,6168.433385,0,0,0,0,0.599063314,,9.71E-05,,9.71E-05,0,1,0,1,6168.433385,6168.433385,6168.433385,0,0,0,0,0,0
15429749.27,4956824.717,15432749.27,4956824.717,15432749.27,4953824.717,15429749.27,4953824.717,63515106.93,0,0,0,270.2304863,270.2304863,0,0,0,0,0.001149719,,4.25E-06,,4.25E-06,0,1,0,1,270.2304863,270.2304863,270.2304863,0,0,0,0,0,0
15429749.27,4953824.717,15432749.27,4953824.717,15432749.27,4950824.717,15429749.27,4950824.717,63515106.93,0,0,0,0,0,0,0,0,0,0,,0,,0,0,0,0,0,0,0,0,0,0,0,0,0,0
15429749.27,4950824.717,15432749.27,4950824.717,15432749.27,4947824.717,15429749.27,4947824.717,63515106.93,0,0,0,0,0,0,0,0,0,0,,0,,0,0,0,0,0,0,0,0,0,0,0,0,0,0
15429749.27,4947824.717,15432749.27,4947824.717,15432749.27,4944824.717,15429749.27,4944824.717,63515106.93,0,0,0,0,0,0,0,0,0,0,,0,,0,0,0,0,0,0,0,0,0,0,0,0,0,0
15429749.27,4944824.717,15432749.27,4944824.717,15432749.27,4941824.717,15429749.27,4941824.717,63515106.93,0,0,0,0,0,0,0,0,0,0,,0,,0,0,0,0,0,0,0,0,0,0,0,0,0,0
15432749.27,5124824.717,15435749.27,5124824.717,15435749.27,5121824.717,15432749.27,5121824.717,63515106.93,0,0,0,1502.319707,1502.319707,0,0,0,0,0.035534294,,2.37E-05,,2.37E-05,0,1,0,1,1502.319707,1502.319707,1502.319707,0,0,0,0,0,0
15432749.27,5121824.717,15435749.27,5121824.717,15435749.27,5118824.717,15432749.27,5118824.717,63515106.93,0,0,0,8535.483075,8535.483075,0,0,0,0,1.147041623,,0.000134385,,0.000134385,0,1,0,1,8535.483075,8535.483075,8535.483075,0,0,0,0,0,0
15432749.27,5118824.717,15435749.27,5118824.717,15435749.27,5115824.717,15432749.27,5115824.717,63515106.93,7.87E-09,7.87E-09,34823.47012,1659.826457,8457.728285,0,0,0,9.546343614,1.591057269,,0.000274135,,0.000274135,0.5,3,0.5,3,5803.911686,1659.826457,8457.728285,0,0,1,0,7.87E-09,31757553.47
15432749.27,5115824.717,15435749.27,5115824.717,15435749.27,5112824.717,15432749.27,5112824.717,63515106.93,2.36E-08,2.36E-08,13380.41524,655.4681354,9017.369959,0,0,0,4.228179418,1.268453825,,0.000315998,,0.000315998,1.5,5,1.5,5,4014.124571,655.4681354,9017.369959,0,0,1,0,2.36E-08,95272660.4
15432749.27,5112824.717,15435749.27,5112824.717,15435749.27,5109824.717,15432749.27,5109824.717,63515106.93,1.57E-08,1.57E-08,15471.69507,4288.046195,6260.395574,0,0,0,3.768762425,1.256254142,,0.000243591,,0.000243591,1,3,1,3,5157.231691,4288.046357,6260.395574,0,0,1,0,1.57E-08,63515106.93
15432749.27,5109824.717,15435749.27,5109824.717,15435749.27,5106824.717,15432749.27,5106824.717,63515106.93,2.36E-08,2.36E-08,5842.654405,2899.545159,2947.491144,0,0,0,0.806184831,0.403092415,,0.000137983,,0.000137983,1.5,3,1.5,3,2921.327202,2899.545159,2947.491036,0,0,1,0,2.36E-08,95272660.4
15432749.27,5106824.717,15435749.27,5106824.717,15435749.27,5103824.717,15432749.27,5103824.717,63515106.93,7.87E-09,7.87E-09,13817.55948,6908.779738,6908.779738,0,0,0,1.502988494,0.751494247,,0.000108774,,0.000108774,0.5,1,0.5,1,6908.779738,6908.779738,6908.779738,0,0,1,0,7.87E-09,31757553.47
15432749.27,5103824.717,15435749.27,5103824.717,15435749.27,5100824.717,15432749.27,5100824.717,63515106.93,0,0,0,7659.72424,8995.008273,0,0,0,0,2.183575912,,0.000262217,,0.000262217,0,2,0,2,8327.366257,7659.72424,8995.008273,0,0,0,0,0,0
15432749.27,5100824.717,15435749.27,5100824.717,15435749.27,5097824.717,15432749.27,5097824.717,63515106.93,0,0,0,6552.68434,9023.07741,0,0,0,0,1.909816151,,0.000245229,,0.000245229,0,2,0,2,7787.880875,6552.68434,9023.07741,0,0,0,0,0,0
15432749.27,5097824.717,15435749.27,5097824.717,15435749.27,5094824.717,15432749.27,5094824.717,63515106.93,7.87E-09,7.87E-09,14022.70518,7011.35259,7011.35259,0,0,0,1.547948749,0.773974374,,0.000110389,,0.000110389,0.5,1,0.5,1,7011.35259,7011.35259,7011.35259,0,0,1,0,7.87E-09,31757553.47
15432749.27,5094824.717,15435749.27,5094824.717,15435749.27,5091824.717,15432749.27,5091824.717,63515106.93,1.57E-08,1.57E-08,1191.428152,148.763106,1042.665046,0,0,0,0.02234903,0.011174515,,1.88E-05,,1.88E-05,1,2,1,2,595.7140762,148.763106,1042.665046,0,0,1,0,1.57E-08,63515106.93
15432749.27,5091824.717,15435749.27,5091824.717,15435749.27,5088824.717,15432749.27,5088824.717,63515106.93,1.57E-08,1.57E-08,5525.666778,925.8394574,3036.138147,0,0,0,0.480720175,0.160240058,,8.70E-05,,8.70E-05,1,3,1,3,1841.888926,925.8394574,3036.138147,0,0,1,0,1.57E-08,63515106.93
15432749.27,5088824.717,15435749.27,5088824.717,15435749.27,5085824.717,15432749.27,5085824.717,63515106.93,7.87E-09,7.87E-09,18395.75125,609.69105,8588.184574,0,0,0,2.663962011,0.665990503,,0.000144814,,0.000144814,0.5,2,0.5,2,4598.937812,609.69105,8588.184574,0,0,1,0,7.87E-09,31757553.47
15432749.27,5085824.717,15435749.27,5085824.717,15435749.27,5082824.717,15432749.27,5082824.717,63515106.93,0,0,0,8376.798955,8376.798955,0,0,0,0,1.104788516,,0.000131887,,0.000131887,0,1,0,1,8376.798955,8376.798955,8376.798955,0,0,0,0,0,0
15432749.27,5082824.717,15435749.27,5082824.717,15435749.27,5079824.717,15432749.27,5079824.717,63515106.93,0,0,0,0,0,0,0,0,0,0,,0,,0,0,0,0,0,0,0,0,0,0,0,0,0,0
15432749.27,5079824.717,15435749.27,5079824.717,15435749.27,5076824.717,15432749.27,5076824.717,63515106.93,7.87E-09,7.87E-09,18816.04266,1129.904219,8278.117109,0,0,0,2.78708073,0.696770183,,0.000148123,,0.000148123,0.5,2,0.5,2,4704.010664,1129.904219,8278.117109,0,0,1,0,7.87E-09,31757553.47
15432749.27,5076824.717,15435749.27,5076824.717,15435749.27,5073824.717,15432749.27,5073824.717,63515106.93,7.87E-09,7.87E-09,17695.30426,136.0800626,8711.572067,0,0,0,2.464955252,0.616238813,,0.0001393,,0.0001393,0.5,2,0.5,2,4423.826065,136.0800626,8711.572067,0,0,1,0,7.87E-09,31757553.47
15432749.27,5073824.717,15435749.27,5073824.717,15435749.27,5070824.717,15432749.27,5070824.717,63515106.93,0,0,0,2153.87972,7683.134765,0,0,0,0,0.761762505,,0.000154877,,0.000154877,0,2,0,2,4918.507242,2153.87972,7683.134765,0,0,0,0,0,0
15432749.27,5070824.717,15435749.27,5070824.717,15435749.27,5067824.717,15432749.27,5067824.717,63515106.93,0,0,0,8950.556877,8950.556877,0,0,0,0,1.261313604,,0.00014092,,0.00014092,0,1,0,1,8950.556877,8950.556877,8950.556877,0,0,0,0,0,0
15432749.27,5067824.717,15435749.27,5067824.717,15435749.27,5064824.717,15432749.27,5064824.717,63515106.93,0,0,0,5628.552707,5628.552707,0,0,0,0,0.49878851,,8.86E-05,,8.86E-05,0,1,0,1,5628.552707,5628.552707,5628.552707,0,0,0,0,0,0
15432749.27,5064824.717,15435749.27,5064824.717,15435749.27,5061824.717,15432749.27,5061824.717,63515106.93,0,0,0,1855.747891,1855.747891,0,0,0,0,0.054220175,,2.92E-05,,2.92E-05,0,1,0,1,1855.747891,1855.747891,1855.747891,0,0,0,0,0,0
15432749.27,5061824.717,15435749.27,5061824.717,15435749.27,5058824.717,15432749.27,5058824.717,63515106.93,0,0,0,5056.104789,8629.566865,0,0,0,0,1.474433546,,0.000215471,,0.000215471,0,2,0,2,6842.835827,5056.104789,8629.566865,0,0,0,0,0,0
15432749.27,5058824.717,15435749.27,5058824.717,15435749.27,5055824.717,15432749.27,5055824.717,63515106.93,1.57E-08,1.57E-08,19144.986,4374.106501,8383.465786,0,0,0,5.770760796,1.923586932,,0.000301424,,0.000301424,1,3,1,3,6381.662001,4374.106501,8383.465786,0,0,1,0,1.57E-08,63515106.93
15432749.27,5055824.717,15435749.27,5055824.717,15435749.27,5052824.717,15432749.27,5052824.717,63515106.93,1.57E-08,1.57E-08,13245.43974,1543.393602,6788.873218,0,0,0,2.762203865,0.920734622,,0.00020854,,0.00020854,1,3,1,3,4415.146579,1543.393602,6788.873218,0,0,1,0,1.57E-08,63515106.93
15432749.27,5052824.717,15435749.27,5052824.717,15435749.27,5049824.717,15432749.27,5049824.717,63515106.93,0,0,0,4076.919485,7434.228783,0,0,0,0,1.043110378,,0.000181235,,0.000181235,0,2,0,2,5755.574134,4076.919485,7434.228783,0,0,0,0,0,0
15432749.27,5049824.717,15435749.27,5049824.717,15435749.27,5046824.717,15432749.27,5046824.717,63515106.93,0,0,0,8338.833577,8338.833577,0,0,0,0,1.094796951,,0.000131289,,0.000131289,0,1,0,1,8338.833577,8338.833577,8338.833577,0,0,0,0,0,0
15432749.27,5046824.717,15435749.27,5046824.717,15435749.27,5043824.717,15432749.27,5043824.717,63515106.93,7.87E-09,7.87E-09,18953.6674,578.2181839,8898.615516,0,0,0,2.828000496,0.707000124,,0.000149206,,0.000149206,0.5,2,0.5,2,4738.41685,578.2181839,8898.615516,0,0,1,0,7.87E-09,31757553.47
15432749.27,5043824.717,15435749.27,5043824.717,15435749.27,5040824.717,15432749.27,5040824.717,63515106.93,0,0,0,6788.779731,6788.779731,0,0,0,0,0.725615251,,0.000106884,,0.000106884,0,1,0,1,6788.779731,6788.779731,6788.779731,0,0,0,0,0,0
15432749.27,5040824.717,15435749.27,5040824.717,15435749.27,5037824.717,15432749.27,5037824.717,63515106.93,0,0,0,0,0,0,0,0,0,0,,0,,0,0,0,0,0,0,0,0,0,0,0,0,0,0
15432749.27,5037824.717,15435749.27,5037824.717,15435749.27,5034824.717,15432749.27,5034824.717,63515106.93,0,0,0,0,0,0,0,0,0,0,,0,,0,0,0,0,0,0,0,0,0,0,0,0,0,0
15432749.27,5034824.717,15435749.27,5034824.717,15435749.27,5031824.717,15432749.27,5031824.717,63515106.93,7.87E-09,7.87E-09,8189.635455,4094.817727,4094.817727,0,0,0,0.527985641,0.26399282,,6.45E-05,,6.45E-05,0.5,1,0.5,1,4094.817727,4094.817727,4094.817727,0,0,1,0,7.87E-09,31757553.47
15432749.27,5031824.717,15435749.27,5031824.717,15435749.27,5028824.717,15432749.27,5028824.717,63515106.93,7.87E-09,7.87E-09,15167.04703,3188.216359,4395.307157,0,0,0,1.810902373,0.452725593,,0.000119397,,0.000119397,0.5,2,0.5,2,3791.761758,3188.216359,4395.307157,0,0,1,0,7.87E-09,31757553.47
15432749.27,5028824.717,15435749.27,5028824.717,15435749.27,5025824.717,15432749.27,5025824.717,63515106.93,7.87E-09,7.87E-09,18520.52584,470.2696911,8789.993228,0,0,0,2.70022278,0.675055695,,0.000145796,,0.000145796,0.5,2,0.5,2,4630.131459,470.2696911,8789.993228,0,0,1,0,7.87E-09,31757553.47
15432749.27,5025824.717,15435749.27,5025824.717,15435749.27,5022824.717,15432749.27,5022824.717,63515106.93,0,0,0,8271.369777,8271.369777,0,0,0,0,1.077154102,,0.000130227,,0.000130227,0,1,0,1,8271.369777,8271.369777,8271.369777,0,0,0,0,0,0
15432749.27,5022824.717,15435749.27,5022824.717,15435749.27,5019824.717,15432749.27,5019824.717,63515106.93,0,0,0,2005.386965,2005.386965,0,0,0,0,0.063316856,,3.16E-05,,3.16E-05,0,1,0,1,2005.386965,2005.386965,2005.386965,0,0,0,0,0,0
15432749.27,5019824.717,15435749.27,5019824.717,15435749.27,5016824.717,15432749.27,5016824.717,63515106.93,0,0,0,0,0,0,0,0,0,0,,0,,0,0,0,0,0,0,0,0,0,0,0,0,0,0
15432749.27,5016824.717,15435749.27,5016824.717,15435749.27,5013824.717,15432749.27,5013824.717,63515106.93,0,0,0,0,0,0,0,0,0,0,,0,,0,0,0,0,0,0,0,0,0,0,0,0,0,0
15432749.27,5013824.717,15435749.27,5013824.717,15435749.27,5010824.717,15432749.27,5010824.717,63515106.93,7.87E-09,7.87E-09,1008.20579,504.1028948,504.1028948,0,0,0,0.008001867,0.004000934,,7.94E-06,,7.94E-06,0.5,1,0.5,1,504.1028948,504.1028948,504.1028948,0,0,1,0,7.87E-09,31757553.47
15432749.27,5010824.717,15435749.27,5010824.717,15435749.27,5007824.717,15432749.27,5007824.717,63515106.93,7.87E-09,7.87E-09,5511.151857,2755.575929,2755.575929,0,0,0,0.239098982,0.119549491,,4.34E-05,,4.34E-05,0.5,1,0.5,1,2755.575929,2755.575929,2755.575929,0,0,1,0,7.87E-09,31757553.47
15432749.27,5007824.717,15435749.27,5007824.717,15435749.27,5004824.717,15432749.27,5004824.717,63515106.93,7.87E-09,7.87E-09,7236.354322,3618.177161,3618.177161,0,0,0,0.412223378,0.206111689,,5.70E-05,,5.70E-05,0.5,1,0.5,1,3618.177161,3618.177161,3618.177161,0,0,1,0,7.87E-09,31757553.47
15432749.27,5004824.717,15435749.27,5004824.717,15435749.27,5001824.717,15432749.27,5001824.717,63515106.93,0,0,0,0,0,0,0,0,0,0,,0,,0,0,0,0,0,0,0,0,0,0,0,0,0,0
15432749.27,5001824.717,15435749.27,5001824.717,15435749.27,4998824.717,15432749.27,4998824.717,63515106.93,0,0,0,1585.3385,1585.3385,0,0,0,0,0.039570085,,2.50E-05,,2.50E-05,0,1,0,1,1585.3385,1585.3385,1585.3385,0,0,0,0,0,0
15432749.27,4998824.717,15435749.27,4998824.717,15435749.27,4995824.717,15432749.27,4995824.717,63515106.93,0,0,0,8359.41325,8359.41325,0,0,0,0,1.100207388,,0.000131613,,0.000131613,0,1,0,1,8359.41325,8359.41325,8359.41325,0,0,0,0,0,0
15432749.27,4995824.717,15435749.27,4995824.717,15435749.27,4992824.717,15432749.27,4992824.717,63515106.93,0,0,0,8687.528954,8687.528954,0,0,0,0,1.188270995,,0.000136779,,0.000136779,0,1,0,1,8687.528954,8687.528954,8687.528954,0,0,0,0,0,0
15432749.27,4992824.717,15435749.27,4992824.717,15435749.27,4989824.717,15432749.27,4989824.717,63515106.93,0,0,0,3872.373334,3872.373334,0,0,0,0,0.2360899,,6.10E-05,,6.10E-05,0,1,0,1,3872.373334,3872.373334,3872.373334,0,0,0,0,0,0
15432749.27,4989824.717,15435749.27,4989824.717,15435749.27,4986824.717,15432749.27,4986824.717,63515106.93,0,0,0,0,0,0,0,0,0,0,,0,,0,0,0,0,0,0,0,0,0,0,0,0,0,0
15432749.27,4986824.717,15435749.27,4986824.717,15435749.27,4983824.717,15432749.27,4983824.717,63515106.93,0,0,0,0,0,0,0,0,0,0,,0,,0,0,0,0,0,0,0,0,0,0,0,0,0,0
15432749.27,4983824.717,15435749.27,4983824.717,15435749.27,4980824.717,15432749.27,4980824.717,63515106.93,0,0,0,0,0,0,0,0,0,0,,0,,0,0,0,0,0,0,0,0,0,0,0,0,0,0
15432749.27,4980824.717,15435749.27,4980824.717,15435749.27,4977824.717,15432749.27,4977824.717,63515106.93,0,0,0,0,0,0,0,0,0,0,,0,,0,0,0,0,0,0,0,0,0,0,0,0,0,0
15432749.27,4977824.717,15435749.27,4977824.717,15435749.27,4974824.717,15432749.27,4974824.717,63515106.93,0,0,0,6753.346334,6753.346334,0,0,0,0,0.718060457,,0.000106327,,0.000106327,0,1,0,1,6753.346334,6753.346334,6753.346334,0,0,0,0,0,0
15432749.27,4974824.717,15435749.27,4974824.717,15435749.27,4971824.717,15432749.27,4971824.717,63515106.93,0,0,0,8597.973729,8597.973729,0,0,0,0,1.163898729,,0.000135369,,0.000135369,0,1,0,1,8597.973729,8597.973729,8597.973729,0,0,0,0,0,0
15432749.27,4971824.717,15435749.27,4971824.717,15435749.27,4968824.717,15432749.27,4968824.717,63515106.93,0,0,0,8982.552936,8982.552936,0,0,0,0,1.270347499,,0.000141424,,0.000141424,0,1,0,1,8982.552936,8982.552936,8982.552936,0,0,0,0,0,0
15432749.27,4968824.717,15435749.27,4968824.717,15435749.27,4965824.717,15432749.27,4965824.717,63515106.93,0,0,0,8229.056054,8229.056054,0,0,0,0,1.066161529,,0.000129561,,0.000129561,0,1,0,1,8229.056054,8229.056054,8229.056054,0,0,0,0,0,0
15432749.27,4965824.717,15435749.27,4965824.717,15435749.27,4962824.717,15432749.27,4962824.717,63515106.93,0,0,0,6087.45121,6087.45121,0,0,0,0,0.583436981,,9.58E-05,,9.58E-05,0,1,0,1,6087.45121,6087.45121,6087.45121,0,0,0,0,0,0
15432749.27,4962824.717,15435749.27,4962824.717,15435749.27,4959824.717,15432749.27,4959824.717,63515106.93,0,0,0,0,0,0,0,0,0,0,,0,,0,0,0,0,0,0,0,0,0,0,0,0,0,0
15432749.27,4959824.717,15435749.27,4959824.717,15435749.27,4956824.717,15432749.27,4956824.717,63515106.93,0,0,0,0,0,0,0,0,0,0,,0,,0,0,0,0,0,0,0,0,0,0,0,0,0,0
15432749.27,4956824.717,15435749.27,4956824.717,15435749.27,4953824.717,15432749.27,4953824.717,63515106.93,0,0,0,0,0,0,0,0,0,0,,0,,0,0,0,0,0,0,0,0,0,0,0,0,0,0
15432749.27,4953824.717,15435749.27,4953824.717,15435749.27,4950824.717,15432749.27,4950824.717,63515106.93,0,0,0,0,0,0,0,0,0,0,,0,,0,0,0,0,0,0,0,0,0,0,0,0,0,0
15432749.27,4950824.717,15435749.27,4950824.717,15435749.27,4947824.717,15432749.27,4947824.717,63515106.93,0,0,0,0,0,0,0,0,0,0,,0,,0,0,0,0,0,0,0,0,0,0,0,0,0,0
15432749.27,4947824.717,15435749.27,4947824.717,15435749.27,4944824.717,15432749.27,4944824.717,63515106.93,0,0,0,0,0,0,0,0,0,0,,0,,0,0,0,0,0,0,0,0,0,0,0,0,0,0
15432749.27,4944824.717,15435749.27,4944824.717,15435749.27,4941824.717,15432749.27,4941824.717,63515106.93,0,0,0,0,0,0,0,0,0,0,,0,,0,0,0,0,0,0,0,0,0,0,0,0,0,0
15435749.27,5124824.717,15438749.27,5124824.717,15438749.27,5121824.717,15435749.27,5121824.717,63515106.93,0,0,0,4323.770369,4323.770369,0,0,0,0,0.29433927,,6.81E-05,,6.81E-05,0,1,0,1,4323.770369,4323.770369,4323.770369,0,0,0,0,0,0
15435749.27,5121824.717,15438749.27,5121824.717,15438749.27,5118824.717,15435749.27,5118824.717,63515106.93,0,0,0,8847.753015,8847.753015,0,0,0,0,1.232505733,,0.000139302,,0.000139302,0,1,0,1,8847.753015,8847.753015,8847.753015,0,0,0,0,0,0
15435749.27,5118824.717,15438749.27,5118824.717,15438749.27,5115824.717,15435749.27,5115824.717,63515106.93,0,0,0,7998.392618,8064.345789,0,0,0,0,2.031103919,,0.000252896,,0.000252896,0,2,0,2,8031.369204,7998.392618,8064.345789,0,0,0,0,0,0
15435749.27,5115824.717,15438749.27,5115824.717,15438749.27,5112824.717,15435749.27,5112824.717,63515106.93,2.36E-08,7.87E-09,14623.05899,2287.207208,8887.930777,2,4,1.57E-08,5.049991994,2.524995997,,0.000345344,,0.000345344,1.5,4,0.5,3,7311.529497,5876.434659,8887.930777,0.666666667,2,3,1,3,1
15435749.27,5112824.717,15438749.27,5112824.717,15438749.27,5109824.717,15435749.27,5109824.717,63515106.93,3.94E-08,2.36E-08,6747.736831,1924.032954,5967.403087,1.2,1.333333333,1.57E-08,1.792170184,1.493475153,,0.000265596,,0.000265596,2.5,4,1.5,3,5623.114026,3722.159565,7179.779427,0.4,0.666666667,3.666666667,1,3.000000016,63515107.93
15435749.27,5109824.717,15438749.27,5109824.717,15438749.27,5106824.717,15435749.27,5106824.717,63515106.93,1.57E-08,1.57E-08,12330.49076,2376.69516,4986.314492,0,0,0,2.393777004,0.797925668,,0.000194135,,0.000194135,1,3,1,3,4110.163587,2376.69516,4986.314492,0,0,1,0,1.57E-08,63515106.93
15435749.27,5106824.717,15438749.27,5106824.717,15438749.27,5103824.717,15435749.27,5103824.717,63515106.93,1.57E-08,1.57E-08,8818.032531,4033.625265,4784.407266,0,0,0,1.224239421,0.61211971,,0.000138834,,0.000138834,1,2,1,2,4409.016265,4033.625265,4784.407266,0,0,1,0,1.57E-08,63515106.93
15435749.27,5103824.717,15438749.27,5103824.717,15438749.27,5100824.717,15435749.27,5100824.717,63515106.93,1.57E-08,1.57E-08,12783.25345,5647.763281,7135.490171,0,0,0,2.572798452,1.286399226,,0.000201263,,0.000201263,1,2,1,2,6391.626726,5647.763281,7135.490171,0,0,1,0,1.57E-08,63515106.93
15435749.27,5100824.717,15438749.27,5100824.717,15438749.27,5097824.717,15435749.27,5097824.717,63515106.93,0,0,0,8272.101017,8272.101017,0,0,0,0,1.077344565,,0.000130238,,0.000130238,0,1,0,1,8272.101017,8272.101017,8272.101017,0,0,0,0,0,0
15435749.27,5097824.717,15438749.27,5097824.717,15438749.27,5094824.717,15435749.27,5094824.717,63515106.93,0,0,0,3653.309031,3653.309031,0,0,0,0,0.210133739,,5.75E-05,,5.75E-05,0,1,0,1,3653.309031,3653.309031,3653.309031,0,0,0,0,0,0
15435749.27,5094824.717,15438749.27,5094824.717,15438749.27,5091824.717,15435749.27,5091824.717,63515106.93,0,0,0,0,0,0,0,0,0,0,,0,,0,0,0,0,0,0,0,0,0,0,0,0,0,0
15435749.27,5091824.717,15438749.27,5091824.717,15438749.27,5088824.717,15435749.27,5088824.717,63515106.93,0,0,0,0,0,0,0,0,0,0,,0,,0,0,0,0,0,0,0,0,0,0,0,0,0,0
15435749.27,5088824.717,15438749.27,5088824.717,15438749.27,5085824.717,15435749.27,5085824.717,63515106.93,0,0,0,8422.881179,8422.881179,0,0,0,0,1.116977217,,0.000132612,,0.000132612,0,1,0,1,8422.881179,8422.881179,8422.881179,0,0,0,0,0,0
15435749.27,5085824.717,15438749.27,5085824.717,15438749.27,5082824.717,15435749.27,5082824.717,63515106.93,0,0,0,8545.576909,8545.576909,0,0,0,0,1.149756148,,0.000134544,,0.000134544,0,1,0,1,8545.576909,8545.576909,8545.576909,0,0,0,0,0,0
15435749.27,5082824.717,15438749.27,5082824.717,15438749.27,5079824.717,15435749.27,5079824.717,63515106.93,1.57E-08,1.57E-08,10291.13896,2507.516959,4978.239818,0,0,0,1.667438601,0.555812867,,0.000162027,,0.000162027,1,3,1,3,3430.379653,2507.516959,4978.239818,0,0,1,0,1.57E-08,63515106.93
15435749.27,5079824.717,15438749.27,5079824.717,15438749.27,5076824.717,15435749.27,5076824.717,63515106.93,7.87E-09,7.87E-09,26099.55276,4486.385649,8563.39073,0,0,0,5.362398703,1.340599676,,0.000205459,,0.000205459,0.5,2,0.5,2,6524.888189,4486.385649,8563.39073,0,0,1,0,7.87E-09,31757553.47
15435749.27,5076824.717,15438749.27,5076824.717,15438749.27,5073824.717,15435749.27,5073824.717,63515106.93,7.87E-09,7.87E-09,24332.83027,1456.043042,8414.513956,0,0,0,4.660990569,0.776831761,,0.000191552,,0.000191552,0.5,3,0.5,3,4055.471711,1456.043042,8414.513956,0,0,1,0,7.87E-09,31757553.47
15435749.27,5073824.717,15438749.27,5073824.717,15438749.27,5070824.717,15435749.27,5070824.717,63515106.93,7.87E-09,7.87E-09,15831.68987,7915.844935,7915.844935,0,0,0,1.97309283,0.986546415,,0.000124629,,0.000124629,0.5,1,0.5,1,7915.844935,7915.844935,7915.844935,0,0,1,0,7.87E-09,31757553.47
15435749.27,5070824.717,15438749.27,5070824.717,15438749.27,5067824.717,15435749.27,5067824.717,63515106.93,0,0,0,8591.79685,8591.79685,0,0,0,0,1.162227014,,0.000135272,,0.000135272,0,1,0,1,8591.79685,8591.79685,8591.79685,0,0,0,0,0,0
15435749.27,5067824.717,15438749.27,5067824.717,15438749.27,5064824.717,15435749.27,5064824.717,63515106.93,0,0,0,2283.77334,2283.77334,0,0,0,0,0.082116223,,3.60E-05,,3.60E-05,0,1,0,1,2283.77334,2283.77334,2283.77334,0,0,0,0,0,0
15435749.27,5064824.717,15438749.27,5064824.717,15438749.27,5061824.717,15435749.27,5061824.717,63515106.93,0,0,0,5313.75066,5313.75066,0,0,0,0,0.444554807,,8.37E-05,,8.37E-05,0,1,0,1,5313.75066,5313.75066,5313.75066,0,0,0,0,0,0
15435749.27,5061824.717,15438749.27,5061824.717,15438749.27,5058824.717,15435749.27,5058824.717,63515106.93,0,0,0,7598.617615,8925.659717,0,0,0,0,2.149502335,,0.000260163,,0.000260163,0,2,0,2,8262.138666,7598.617615,8925.659717,0,0,0,0,0,0
15435749.27,5058824.717,15438749.27,5058824.717,15438749.27,5055824.717,15435749.27,5055824.717,63515106.93,7.87E-09,7.87E-09,38581.58474,2519.846969,8971.631418,0,0,0,11.71798925,1.952998209,,0.00030372,,0.00030372,0.5,3,0.5,3,6430.264123,2519.846969,8971.631418,0,0,1,0,7.87E-09,31757553.47
15435749.27,5055824.717,15438749.27,5055824.717,15438749.27,5052824.717,15435749.27,5052824.717,63515106.93,7.87E-09,7.87E-09,22209.88532,443.5786434,6683.580656,0,0,0,3.88316284,0.647193807,,0.000174839,,0.000174839,0.5,3,0.5,3,3701.647554,443.5786434,6683.580656,0,0,1,0,7.87E-09,31757553.47
15435749.27,5052824.717,15438749.27,5052824.717,15438749.27,5049824.717,15435749.27,5049824.717,63515106.93,7.87E-09,7.87E-09,22229.81861,3310.143699,7804.765605,0,0,0,3.890136215,0.972534054,,0.000174996,,0.000174996,0.5,2,0.5,2,5557.454652,3310.143699,7804.765605,0,0,1,0,7.87E-09,31757553.47
15435749.27,5049824.717,15438749.27,5049824.717,15438749.27,5046824.717,15435749.27,5046824.717,63515106.93,7.87E-09,7.87E-09,22357.73457,2195.938606,8982.928678,0,0,0,3.935034665,0.983758666,,0.000176003,,0.000176003,0.5,2,0.5,2,5589.433642,2195.938606,8982.928678,0,0,1,0,7.87E-09,31757553.47
15435749.27,5046824.717,15438749.27,5046824.717,15438749.27,5043824.717,15435749.27,5043824.717,63515106.93,7.87E-09,7.87E-09,22066.76611,3600.064679,7433.318375,0,0,0,3.833278333,0.958319583,,0.000173713,,0.000173713,0.5,2,0.5,2,5516.691527,3600.064679,7433.318375,0,0,1,0,7.87E-09,31757553.47
15435749.27,5043824.717,15438749.27,5043824.717,15438749.27,5040824.717,15435749.27,5040824.717,63515106.93,7.87E-09,7.87E-09,5286.059645,2643.029822,2643.029822,0,0,0,0.219966776,0.109983388,,4.16E-05,,4.16E-05,0.5,1,0.5,1,2643.029822,2643.029822,2643.029822,0,0,1,0,7.87E-09,31757553.47
15435749.27,5040824.717,15438749.27,5040824.717,15438749.27,5037824.717,15435749.27,5037824.717,63515106.93,0,0,0,0,0,0,0,0,0,0,,0,,0,0,0,0,0,0,0,0,0,0,0,0,0,0
15435749.27,5037824.717,15438749.27,5037824.717,15438749.27,5034824.717,15435749.27,5034824.717,63515106.93,0,0,0,6011.678892,6011.678892,0,0,0,0,0.569002948,,9.46E-05,,9.46E-05,0,1,0,1,6011.678892,6011.678892,6011.678892,0,0,0,0,0,0
15435749.27,5034824.717,15438749.27,5034824.717,15438749.27,5031824.717,15435749.27,5031824.717,63515106.93,7.87E-09,7.87E-09,14444.76102,7222.380509,7222.380509,0,0,0,1.642531446,0.821265723,,0.000113711,,0.000113711,0.5,1,0.5,1,7222.380509,7222.380509,7222.380509,0,0,1,0,7.87E-09,31757553.47
15435749.27,5031824.717,15438749.27,5031824.717,15438749.27,5028824.717,15435749.27,5028824.717,63515106.93,7.87E-09,7.87E-09,25504.63358,5412.016702,7340.300087,0,0,0,5.120721395,1.280180349,,0.000200776,,0.000200776,0.5,2,0.5,2,6376.158395,5412.016702,7340.300087,0,0,1,0,7.87E-09,31757553.47
15435749.27,5028824.717,15438749.27,5028824.717,15438749.27,5025824.717,15435749.27,5025824.717,63515106.93,0,0,0,8997.411257,8997.411257,0,0,0,0,1.274553618,,0.000141658,,0.000141658,0,1,0,1,8997.411257,8997.411257,8997.411257,0,0,0,0,0,0
15435749.27,5025824.717,15438749.27,5025824.717,15438749.27,5022824.717,15435749.27,5022824.717,63515106.93,0,0,0,6963.155853,6963.155853,0,0,0,0,0.763370193,,0.00010963,,0.00010963,0,1,0,1,6963.155853,6963.155853,6963.155853,0,0,0,0,0,0
15435749.27,5022824.717,15438749.27,5022824.717,15438749.27,5019824.717,15435749.27,5019824.717,63515106.93,0,0,0,0,0,0,0,0,0,0,,0,,0,0,0,0,0,0,0,0,0,0,0,0,0,0
15435749.27,5019824.717,15438749.27,5019824.717,15438749.27,5016824.717,15435749.27,5016824.717,63515106.93,0,0,0,0,0,0,0,0,0,0,,0,,0,0,0,0,0,0,0,0,0,0,0,0,0,0
15435749.27,5016824.717,15438749.27,5016824.717,15438749.27,5013824.717,15435749.27,5013824.717,63515106.93,0,0,0,0,0,0,0,0,0,0,,0,,0,0,0,0,0,0,0,0,0,0,0,0,0,0
15435749.27,5013824.717,15438749.27,5013824.717,15438749.27,5010824.717,15435749.27,5010824.717,63515106.93,7.87E-09,7.87E-09,2544.703926,1272.351963,1272.351963,0,0,0,0.050976204,0.025488102,,2.00E-05,,2.00E-05,0.5,1,0.5,1,1272.351963,1272.351963,1272.351963,0,0,1,0,7.87E-09,31757553.47
15435749.27,5010824.717,15438749.27,5010824.717,15438749.27,5007824.717,15435749.27,5007824.717,63515106.93,7.87E-09,7.87E-09,9872.011937,4936.005968,4936.005968,0,0,0,0.76719244,0.38359622,,7.77E-05,,7.77E-05,0.5,1,0.5,1,4936.005968,4936.005968,4936.005968,0,0,1,0,7.87E-09,31757553.47
15435749.27,5007824.717,15438749.27,5007824.717,15438749.27,5004824.717,15435749.27,5004824.717,63515106.93,7.87E-09,7.87E-09,13730.57277,6865.286387,6865.286387,0,0,0,1.484124311,0.742062156,,0.000108089,,0.000108089,0.5,1,0.5,1,6865.286387,6865.286387,6865.286387,0,0,1,0,7.87E-09,31757553.47
15435749.27,5004824.717,15438749.27,5004824.717,15438749.27,5001824.717,15435749.27,5001824.717,63515106.93,0,0,0,5912.027971,5912.027971,0,0,0,0,0.550295456,,9.31E-05,,9.31E-05,0,1,0,1,5912.027971,5912.027971,5912.027971,0,0,0,0,0,0
15435749.27,5001824.717,15438749.27,5001824.717,15438749.27,4998824.717,15435749.27,4998824.717,63515106.93,0,0,0,5636.559682,5636.559682,0,0,0,0,0.500208637,,8.87E-05,,8.87E-05,0,1,0,1,5636.559682,5636.559682,5636.559682,0,0,0,0,0,0
15435749.27,4998824.717,15438749.27,4998824.717,15438749.27,4995824.717,15435749.27,4995824.717,63515106.93,0,0,0,8888.802656,8888.802656,0,0,0,0,1.24396882,,0.000139948,,0.000139948,0,1,0,1,8888.802656,8888.802656,8888.802656,0,0,0,0,0,0
15435749.27,4995824.717,15438749.27,4995824.717,15438749.27,4992824.717,15435749.27,4992824.717,63515106.93,0,0,0,7873.763468,7873.763468,0,0,0,0,0.976085126,,0.000123967,,0.000123967,0,1,0,1,7873.763468,7873.763468,7873.763468,0,0,0,0,0,0
15435749.27,4992824.717,15438749.27,4992824.717,15438749.27,4989824.717,15435749.27,4989824.717,63515106.93,0,0,0,0,0,0,0,0,0,0,,0,,0,0,0,0,0,0,0,0,0,0,0,0,0,0
15435749.27,4989824.717,15438749.27,4989824.717,15438749.27,4986824.717,15435749.27,4986824.717,63515106.93,0,0,0,0,0,0,0,0,0,0,,0,,0,0,0,0,0,0,0,0,0,0,0,0,0,0
15435749.27,4986824.717,15438749.27,4986824.717,15438749.27,4983824.717,15435749.27,4983824.717,63515106.93,0,0,0,0,0,0,0,0,0,0,,0,,0,0,0,0,0,0,0,0,0,0,0,0,0,0
15435749.27,4983824.717,15438749.27,4983824.717,15438749.27,4980824.717,15435749.27,4980824.717,63515106.93,0,0,0,3424.146629,3424.146629,0,0,0,0,0.184598337,,5.39E-05,,5.39E-05,0,1,0,1,3424.147059,3424.147059,3424.147059,0,0,0,0,0,0
15435749.27,4980824.717,15438749.27,4980824.717,15438749.27,4977824.717,15435749.27,4977824.717,63515106.93,0,0,0,7701.480034,7701.480034,0,0,0,0,0.933837622,,0.000121254,,0.000121254,0,1,0,1,7701.480143,7701.480143,7701.480143,0,0,0,0,0,0
15435749.27,4977824.717,15438749.27,4977824.717,15438749.27,4974824.717,15435749.27,4974824.717,63515106.93,0,0,0,8926.164803,8926.164803,0,0,0,0,1.254448303,,0.000140536,,0.000140536,0,1,0,1,8926.164803,8926.164803,8926.164803,0,0,0,0,0,0
15435749.27,4974824.717,15438749.27,4974824.717,15438749.27,4971824.717,15435749.27,4971824.717,63515106.93,0,0,0,8704.502123,8704.502123,0,0,0,0,1.192918675,,0.000137046,,0.000137046,0,1,0,1,8704.502123,8704.502123,8704.502123,0,0,0,0,0,0
15435749.27,4971824.717,15438749.27,4971824.717,15438749.27,4968824.717,15435749.27,4968824.717,63515106.93,0,0,0,6934.103818,6934.103818,0,0,0,0,0.757013537,,0.000109173,,0.000109173,0,1,0,1,6934.103818,6934.103818,6934.103818,0,0,0,0,0,0
15435749.27,4968824.717,15438749.27,4968824.717,15438749.27,4965824.717,15435749.27,4965824.717,63515106.93,0,0,0,824.0762468,824.0762468,0,0,0,0,0.010691971,,1.30E-05,,1.30E-05,0,1,0,1,824.0762468,824.0762468,824.0762468,0,0,0,0,0,0
15435749.27,4965824.717,15438749.27,4965824.717,15438749.27,4962824.717,15435749.27,4962824.717,63515106.93,0,0,0,0,0,0,0,0,0,0,,0,,0,0,0,0,0,0,0,0,0,0,0,0,0,0
15435749.27,4962824.717,15438749.27,4962824.717,15438749.27,4959824.717,15435749.27,4959824.717,63515106.93,0,0,0,0,0,0,0,0,0,0,,0,,0,0,0,0,0,0,0,0,0,0,0,0,0,0
15435749.27,4959824.717,15438749.27,4959824.717,15438749.27,4956824.717,15435749.27,4956824.717,63515106.93,0,0,0,0,0,0,0,0,0,0,,0,,0,0,0,0,0,0,0,0,0,0,0,0,0,0
15435749.27,4956824.717,15438749.27,4956824.717,15438749.27,4953824.717,15435749.27,4953824.717,63515106.93,0,0,0,0,0,0,0,0,0,0,,0,,0,0,0,0,0,0,0,0,0,0,0,0,0,0
15435749.27,4953824.717,15438749.27,4953824.717,15438749.27,4950824.717,15435749.27,4950824.717,63515106.93,0,0,0,0,0,0,0,0,0,0,,0,,0,0,0,0,0,0,0,0,0,0,0,0,0,0
15435749.27,4950824.717,15438749.27,4950824.717,15438749.27,4947824.717,15435749.27,4947824.717,63515106.93,0,0,0,0,0,0,0,0,0,0,,0,,0,0,0,0,0,0,0,0,0,0,0,0,0,0
15435749.27,4947824.717,15438749.27,4947824.717,15438749.27,4944824.717,15435749.27,4944824.717,63515106.93,0,0,0,0,0,0,0,0,0,0,,0,,0,0,0,0,0,0,0,0,0,0,0,0,0,0
15435749.27,4944824.717,15438749.27,4944824.717,15438749.27,4941824.717,15435749.27,4941824.717,63515106.93,0,0,0,0,0,0,0,0,0,0,,0,,0,0,0,0,0,0,0,0,0,0,0,0,0,0
15438749.27,5124824.717,15441749.27,5124824.717,15441749.27,5121824.717,15438749.27,5121824.717,63515106.93,0,0,0,6479.790013,6479.790013,0,0,0,0,0.661066015,,0.00010202,,0.00010202,0,1,0,1,6479.790013,6479.790013,6479.790013,0,0,0,0,0,0
15438749.27,5121824.717,15441749.27,5121824.717,15441749.27,5118824.717,15438749.27,5118824.717,63515106.93,0,0,0,1863.303138,9019.361506,0,0,0,0,0.9323167,,0.00017134,,0.00017134,0,2,0,2,5441.332322,1863.303138,9019.361506,0,0,0,0,0,0
15438749.27,5118824.717,15441749.27,5118824.717,15441749.27,5115824.717,15438749.27,5115824.717,63515106.93,7.87E-09,7.87E-09,32891.80714,3373.150293,7234.259798,0,0,0,8.516642962,1.419440494,,0.000258929,,0.000258929,0.5,3,0.5,3,5481.967856,3373.150293,7234.259798,0,0,1,0,7.87E-09,31757553.47
15438749.27,5115824.717,15441749.27,5115824.717,15441749.27,5112824.717,15438749.27,5112824.717,63515106.93,3.15E-08,1.57E-08,9002.045375,2844.740609,6174.488911,1.5,2,1.57E-08,2.551733748,1.701155832,,0.000283462,,0.000283462,2,4,1,3,6001.363583,3332.037054,8497.564784,0.5,1,3.5,1,3.000000008,31757554.47
15438749.27,5112824.717,15441749.27,5112824.717,15441749.27,5109824.717,15438749.27,5109824.717,63515106.93,2.36E-08,7.87E-09,8366.074333,3911.784497,4473.586081,2,4,1.57E-08,1.652942185,1.239706639,,0.000197577,,0.000197577,1.5,3,0.5,2,6274.55575,3911.784497,8637.327003,0.666666667,2,3,1,3,1
15438749.27,5109824.717,15441749.27,5109824.717,15441749.27,5106824.717,15438749.27,5106824.717,63515106.93,3.15E-08,1.57E-08,2605.46565,534.442397,3174.975308,1.5,2,1.57E-08,0.213758634,0.142505756,,8.20E-05,,8.20E-05,2,4,1,3,1736.9771,534.442397,4052.912529,0.5,1,3.5,1,3.000000008,31757554.47
15438749.27,5106824.717,15441749.27,5106824.717,15441749.27,5103824.717,15438749.27,5103824.717,63515106.93,1.57E-08,1.57E-08,4729.750248,1968.427707,2761.322542,0,0,0,0.352208136,0.176104068,,7.45E-05,,7.45E-05,1,2,1,2,2364.875124,1968.427707,2761.322542,0,0,1,0,1.57E-08,63515106.93
15438749.27,5103824.717,15441749.27,5103824.717,15441749.27,5100824.717,15438749.27,5100824.717,63515106.93,1.57E-08,1.57E-08,5901.071921,1231.504519,4669.567402,0,0,0,0.548257753,0.274128877,,9.29E-05,,9.29E-05,1,2,1,2,2950.535961,1231.504519,4669.567402,0,0,1,0,1.57E-08,63515106.93
15438749.27,5100824.717,15441749.27,5100824.717,15441749.27,5097824.717,15438749.27,5097824.717,63515106.93,7.87E-09,7.87E-09,10228.30855,5114.154276,5114.154276,0,0,0,0.823570178,0.411785089,,8.05E-05,,8.05E-05,0.5,1,0.5,1,5114.154276,5114.154276,5114.154276,0,0,1,0,7.87E-09,31757553.47
15438749.27,5097824.717,15441749.27,5097824.717,15441749.27,5094824.717,15438749.27,5094824.717,63515106.93,0,0,0,0,0,0,0,0,0,0,,0,,0,0,0,0,0,0,0,0,0,0,0,0,0,0
15438749.27,5094824.717,15441749.27,5094824.717,15441749.27,5091824.717,15438749.27,5091824.717,63515106.93,0,0,0,0,0,0,0,0,0,0,,0,,0,0,0,0,0,0,0,0,0,0,0,0,0,0
15438749.27,5091824.717,15441749.27,5091824.717,15441749.27,5088824.717,15438749.27,5088824.717,63515106.93,0,0,0,0,0,0,0,0,0,0,,0,,0,0,0,0,0,0,0,0,0,0,0,0,0,0
15438749.27,5088824.717,15441749.27,5088824.717,15441749.27,5085824.717,15438749.27,5085824.717,63515106.93,0,0,0,8146.289129,8146.289129,0,0,0,0,1.044822722,,0.000128258,,0.000128258,0,1,0,1,8146.28915,8146.28915,8146.28915,0,0,0,0,0,0
15438749.27,5085824.717,15441749.27,5085824.717,15441749.27,5082824.717,15438749.27,5082824.717,63515106.93,1.57E-08,1.57E-08,13555.54371,1839.540984,8720.93575,0,0,0,2.893056065,0.964352022,,0.000213422,,0.000213422,1,3,1,3,4518.514571,1839.540984,8720.935739,0,0,1,0,1.57E-08,63515106.93
15438749.27,5082824.717,15441749.27,5082824.717,15441749.27,5079824.717,15438749.27,5079824.717,63515106.93,2.36E-08,2.36E-08,10446.48278,2822.167555,4978.239818,0,0,0,2.577237316,0.966463994,,0.000246709,,0.000246709,1.5,4,1.5,4,3917.431043,2822.167555,4978.239818,0,0,1,0,2.36E-08,95272660.4
15438749.27,5079824.717,15441749.27,5079824.717,15441749.27,5076824.717,15438749.27,5076824.717,63515106.93,2.36E-08,2.36E-08,9680.651685,806.9630205,8735.774688,0,0,0,2.213214027,1.106607013,,0.000228622,,0.000228622,1.5,3,1.5,3,4840.325842,806.9630205,8735.774688,0,0,1,0,2.36E-08,95272660.4
15438749.27,5076824.717,15441749.27,5076824.717,15441749.27,5073824.717,15438749.27,5073824.717,63515106.93,1.57E-08,1.57E-08,13789.36358,2537.11823,8130.896465,0,0,0,2.993721605,0.997907202,,0.000217104,,0.000217104,1,3,1,3,4596.454525,2537.11823,8130.896465,0,0,1,0,1.57E-08,63515106.93
15438749.27,5073824.717,15441749.27,5073824.717,15441749.27,5070824.717,15438749.27,5070824.717,63515106.93,7.87E-09,7.87E-09,10414.32747,5207.163735,5207.163735,0,0,0,0.853798584,0.426899292,,8.20E-05,,8.20E-05,0.5,1,0.5,1,5207.163735,5207.163735,5207.163735,0,0,1,0,7.87E-09,31757553.47
15438749.27,5070824.717,15441749.27,5070824.717,15441749.27,5067824.717,15438749.27,5067824.717,63515106.93,7.87E-09,7.87E-09,10821.14513,5410.572567,5410.572567,0,0,0,0.921805754,0.460902877,,8.52E-05,,8.52E-05,0.5,1,0.5,1,5410.572567,5410.572567,5410.572567,0,0,1,0,7.87E-09,31757553.47
15438749.27,5067824.717,15441749.27,5067824.717,15441749.27,5064824.717,15438749.27,5064824.717,63515106.93,0,0,0,0,0,0,0,0,0,0,,0,,0,0,0,0,0,0,0,0,0,0,0,0,0,0
15438749.27,5064824.717,15441749.27,5064824.717,15441749.27,5061824.717,15438749.27,5061824.717,63515106.93,0,0,0,5133.173908,7152.418389,0,0,0,0,1.188187963,,0.000193428,,0.000193428,0,2,0,2,6142.796005,5133.173908,7152.418101,0,0,0,0,0,0
15438749.27,5061824.717,15441749.27,5061824.717,15441749.27,5058824.717,15438749.27,5058824.717,63515106.93,0,0,0,8791.835392,8990.380039,0,0,0,0,2.489228161,,0.000279968,,0.000279968,0,2,0,2,8891.107716,8791.835392,8990.380041,0,0,0,0,0,0
15438749.27,5058824.717,15441749.27,5058824.717,15441749.27,5055824.717,15438749.27,5055824.717,63515106.93,7.87E-09,7.87E-09,30360.23674,83.30236361,8405.591439,0,0,0,7.256100316,1.209350053,,0.000239,,0.000239,0.5,3,0.5,3,5060.039457,83.30236361,8405.591439,0,0,1,0,7.87E-09,31757553.47
15438749.27,5055824.717,15441749.27,5055824.717,15441749.27,5052824.717,15438749.27,5052824.717,63515106.93,7.87E-09,7.87E-09,20609.46312,556.3448999,6714.892586,0,0,0,3.343692474,0.557282079,,0.000162241,,0.000162241,0.5,3,0.5,3,3434.91052,556.3448999,6714.892586,0,0,1,0,7.87E-09,31757553.47
15438749.27,5052824.717,15441749.27,5052824.717,15441749.27,5049824.717,15438749.27,5049824.717,63515106.93,0,0,0,8936.065621,8936.065621,0,0,0,0,1.257232691,,0.000140692,,0.000140692,0,1,0,1,8936.065621,8936.065621,8936.065621,0,0,0,0,0,0
15438749.27,5049824.717,15441749.27,5049824.717,15441749.27,5046824.717,15438749.27,5046824.717,63515106.93,7.87E-09,7.87E-09,27222.60557,5446.979415,8164.323368,0,0,0,5.833810959,1.45845274,,0.0002143,,0.0002143,0.5,2,0.5,2,6805.651392,5446.979415,8164.323368,0,0,1,0,7.87E-09,31757553.47
15438749.27,5046824.717,15441749.27,5046824.717,15441749.27,5043824.717,15438749.27,5043824.717,63515106.93,7.87E-09,7.87E-09,16212.32326,1494.223161,6611.938469,0,0,0,2.069109525,0.517277381,,0.000127626,,0.000127626,0.5,2,0.5,2,4053.080815,1494.223161,6611.938469,0,0,1,0,7.87E-09,31757553.47
15438749.27,5043824.717,15441749.27,5043824.717,15441749.27,5040824.717,15438749.27,5040824.717,63515106.93,7.87E-09,7.87E-09,10940.39317,5470.196587,5470.196587,0,0,0,0.942234128,0.471117064,,8.61E-05,,8.61E-05,0.5,1,0.5,1,5470.196587,5470.196587,5470.196587,0,0,1,0,7.87E-09,31757553.47
15438749.27,5040824.717,15441749.27,5040824.717,15441749.27,5037824.717,15438749.27,5037824.717,63515106.93,0,0,0,1737.666702,1737.666702,0,0,0,0,0.047539644,,2.74E-05,,2.74E-05,0,1,0,1,1737.666702,1737.666702,1737.666702,0,0,0,0,0,0
15438749.27,5037824.717,15441749.27,5037824.717,15441749.27,5034824.717,15438749.27,5034824.717,63515106.93,0,0,0,8372.377083,8372.377083,0,0,0,0,1.103622452,,0.000131817,,0.000131817,0,1,0,1,8372.377083,8372.377083,8372.377083,0,0,0,0,0,0
15438749.27,5034824.717,15441749.27,5034824.717,15441749.27,5031824.717,15438749.27,5031824.717,63515106.93,0,0,0,4328.829608,8833.422766,0,0,0,0,1.363808517,,0.00020723,,0.00020723,0,2,0,2,6581.126187,4328.829608,8833.422766,0,0,0,0,0,0
15438749.27,5031824.717,15441749.27,5031824.717,15441749.27,5028824.717,15438749.27,5028824.717,63515106.93,0,0,0,5958.065508,8673.275743,0,0,0,0,1.685238026,,0.00023036,,0.00023036,0,2,0,2,7315.670626,5958.065508,8673.275743,0,0,0,0,0,0
15438749.27,5028824.717,15441749.27,5028824.717,15441749.27,5025824.717,15438749.27,5025824.717,63515106.93,0,0,0,8506.879059,8506.879059,0,0,0,0,1.139366598,,0.000133935,,0.000133935,0,1,0,1,8506.879059,8506.879059,8506.879059,0,0,0,0,0,0
15438749.27,5025824.717,15441749.27,5025824.717,15441749.27,5022824.717,15438749.27,5022824.717,63515106.93,0,0,0,3860.496548,3860.496548,0,0,0,0,0.234643919,,6.08E-05,,6.08E-05,0,1,0,1,3860.496548,3860.496548,3860.496548,0,0,0,0,0,0
15438749.27,5022824.717,15441749.27,5022824.717,15441749.27,5019824.717,15438749.27,5019824.717,63515106.93,0,0,0,0,0,0,0,0,0,0,,0,,0,0,0,0,0,0,0,0,0,0,0,0,0,0
15438749.27,5019824.717,15441749.27,5019824.717,15441749.27,5016824.717,15438749.27,5016824.717,63515106.93,0,0,0,0,0,0,0,0,0,0,,0,,0,0,0,0,0,0,0,0,0,0,0,0,0,0
15438749.27,5016824.717,15441749.27,5016824.717,15441749.27,5013824.717,15438749.27,5013824.717,63515106.93,0,0,0,0,0,0,0,0,0,0,,0,,0,0,0,0,0,0,0,0,0,0,0,0,0,0
15438749.27,5013824.717,15441749.27,5013824.717,15441749.27,5010824.717,15438749.27,5010824.717,63515106.93,0,0,0,0,0,0,0,0,0,0,,0,,0,0,0,0,0,0,0,0,0,0,0,0,0,0
15438749.27,5010824.717,15441749.27,5010824.717,15441749.27,5007824.717,15438749.27,5007824.717,63515106.93,7.87E-09,7.87E-09,12376.29368,6188.146838,6188.146838,0,0,0,1.205796956,0.602898478,,9.74E-05,,9.74E-05,0.5,1,0.5,1,6188.146838,6188.146838,6188.146838,0,0,1,0,7.87E-09,31757553.47
15438749.27,5007824.717,15441749.27,5007824.717,15441749.27,5004824.717,15438749.27,5004824.717,63515106.93,0,0,0,8857.381991,8857.381991,0,0,0,0,1.235189855,,0.000139453,,0.000139453,0,1,0,1,8857.381991,8857.381991,8857.381991,0,0,0,0,0,0
15438749.27,5004824.717,15441749.27,5004824.717,15441749.27,5001824.717,15438749.27,5001824.717,63515106.93,0,0,0,8378.655834,8378.655834,0,0,0,0,1.105278366,,0.000131916,,0.000131916,0,1,0,1,8378.655834,8378.655834,8378.655834,0,0,0,0,0,0
15438749.27,5001824.717,15441749.27,5001824.717,15441749.27,4998824.717,15438749.27,4998824.717,63515106.93,0,0,0,4044.869286,7167.165663,0,0,0,0,0.989604944,,0.000176525,,0.000176525,0,2,0,2,5606.017474,4044.869286,7167.165663,0,0,0,0,0,0
15438749.27,4998824.717,15441749.27,4998824.717,15441749.27,4995824.717,15438749.27,4995824.717,63515106.93,0,0,0,8995.585099,8995.585099,0,0,0,0,1.274036291,,0.000141629,,0.000141629,0,1,0,1,8995.585099,8995.585099,8995.585099,0,0,0,0,0,0
15438749.27,4995824.717,15441749.27,4995824.717,15441749.27,4992824.717,15438749.27,4992824.717,63515106.93,0,0,0,6552.008316,6552.008316,0,0,0,0,0.675883503,,0.000103157,,0.000103157,0,1,0,1,6552.008316,6552.008316,6552.008316,0,0,0,0,0,0
15438749.27,4992824.717,15441749.27,4992824.717,15441749.27,4989824.717,15438749.27,4989824.717,63515106.93,0,0,0,0,0,0,0,0,0,0,,0,,0,0,0,0,0,0,0,0,0,0,0,0,0,0
15438749.27,4989824.717,15441749.27,4989824.717,15441749.27,4986824.717,15438749.27,4986824.717,63515106.93,0,0,0,0,0,0,0,0,0,0,,0,,0,0,0,0,0,0,0,0,0,0,0,0,0,0
15438749.27,4986824.717,15441749.27,4986824.717,15441749.27,4983824.717,15438749.27,4983824.717,63515106.93,2.36E-08,7.87E-09,3928.452612,799.4263152,2590.036093,2,4,1.57E-08,0.364466203,0.273349653,,9.28E-05,,9.28E-05,1.5,3,0.5,2,2946.339459,799.4263152,5093.252602,0.666666667,2,3,1,3,1
15438749.27,4983824.717,15441749.27,4983824.717,15441749.27,4980824.717,15438749.27,4980824.717,63515106.93,2.36E-08,7.87E-09,6806.816393,1830.249921,6386.143723,2,4,1.57E-08,1.094214077,0.820660558,,0.000160753,,0.000160753,1.5,3,0.5,2,5105.112294,1993.830945,8216.393644,0.666666667,2,3,1,3,1
15438749.27,4980824.717,15441749.27,4980824.717,15441749.27,4977824.717,15438749.27,4977824.717,63515106.93,0,0,0,8995.29427,8995.29427,0,0,0,0,1.273953908,,0.000141624,,0.000141624,0,1,0,1,8995.294252,8995.294252,8995.294252,0,0,0,0,0,0
15438749.27,4977824.717,15441749.27,4977824.717,15441749.27,4974824.717,15438749.27,4974824.717,63515106.93,0,0,0,8197.538733,8197.538733,0,0,0,0,1.058010344,,0.000129064,,0.000129064,0,1,0,1,8197.538665,8197.538665,8197.538665,0,0,0,0,0,0
15438749.27,4974824.717,15441749.27,4974824.717,15441749.27,4971824.717,15438749.27,4971824.717,63515106.93,0,0,0,5150.724497,5150.724497,0,0,0,0,0.417695319,,8.11E-05,,8.11E-05,0,1,0,1,5150.724497,5150.724497,5150.724497,0,0,0,0,0,0
15438749.27,4971824.717,15441749.27,4971824.717,15441749.27,4968824.717,15438749.27,4968824.717,63515106.93,0,0,0,0,0,0,0,0,0,0,,0,,0,0,0,0,0,0,0,0,0,0,0,0,0,0
15438749.27,4968824.717,15441749.27,4968824.717,15441749.27,4965824.717,15438749.27,4965824.717,63515106.93,0,0,0,0,0,0,0,0,0,0,,0,,0,0,0,0,0,0,0,0,0,0,0,0,0,0
15438749.27,4965824.717,15441749.27,4965824.717,15441749.27,4962824.717,15438749.27,4962824.717,63515106.93,0,0,0,0,0,0,0,0,0,0,,0,,0,0,0,0,0,0,0,0,0,0,0,0,0,0
15438749.27,4962824.717,15441749.27,4962824.717,15441749.27,4959824.717,15438749.27,4959824.717,63515106.93,0,0,0,0,0,0,0,0,0,0,,0,,0,0,0,0,0,0,0,0,0,0,0,0,0,0
15438749.27,4959824.717,15441749.27,4959824.717,15441749.27,4956824.717,15438749.27,4956824.717,63515106.93,0,0,0,0,0,0,0,0,0,0,,0,,0,0,0,0,0,0,0,0,0,0,0,0,0,0
15438749.27,4956824.717,15441749.27,4956824.717,15441749.27,4953824.717,15438749.27,4953824.717,63515106.93,0,0,0,0,0,0,0,0,0,0,,0,,0,0,0,0,0,0,0,0,0,0,0,0,0,0
15438749.27,4953824.717,15441749.27,4953824.717,15441749.27,4950824.717,15438749.27,4950824.717,63515106.93,0,0,0,0,0,0,0,0,0,0,,0,,0,0,0,0,0,0,0,0,0,0,0,0,0,0
15438749.27,4950824.717,15441749.27,4950824.717,15441749.27,4947824.717,15438749.27,4947824.717,63515106.93,0,0,0,0,0,0,0,0,0,0,,0,,0,0,0,0,0,0,0,0,0,0,0,0,0,0
15438749.27,4947824.717,15441749.27,4947824.717,15441749.27,4944824.717,15438749.27,4944824.717,63515106.93,0,0,0,0,0,0,0,0,0,0,,0,,0,0,0,0,0,0,0,0,0,0,0,0,0,0
15438749.27,4944824.717,15441749.27,4944824.717,15441749.27,4941824.717,15438749.27,4941824.717,63515106.93,0,0,0,0,0,0,0,0,0,0,,0,,0,0,0,0,0,0,0,0,0,0,0,0,0,0
15441749.27,5124824.717,15444749.27,5124824.717,15444749.27,5121824.717,15441749.27,5121824.717,63515106.93,0,0,0,7799.540997,7799.540997,0,0,0,0,0.957769619,,0.000122798,,0.000122798,0,1,0,1,7799.540997,7799.540997,7799.540997,0,0,0,0,0,0
15441749.27,5121824.717,15444749.27,5121824.717,15444749.27,5118824.717,15441749.27,5118824.717,63515106.93,7.87E-09,7.87E-09,17983.5998,84.47818953,8907.321709,0,0,0,2.545928656,0.636482164,,0.000141569,,0.000141569,0.5,2,0.5,2,4495.899949,84.47818953,8907.321709,0,0,1,0,7.87E-09,31757553.47
15441749.27,5118824.717,15444749.27,5118824.717,15444749.27,5115824.717,15441749.27,5115824.717,63515106.93,7.87E-09,7.87E-09,30992.62768,2982.80996,6691.626588,0,0,0,7.561531552,1.260255259,,0.000243978,,0.000243978,0.5,3,0.5,3,5165.437946,2982.80996,6691.626716,0,0,1,0,7.87E-09,31757553.47
15441749.27,5115824.717,15444749.27,5115824.717,15444749.27,5112824.717,15441749.27,5112824.717,63515106.93,3.15E-08,1.57E-08,6223.013551,359.0717414,8617.392029,1.5,2,1.57E-08,1.219423206,0.812948804,,0.000195954,,0.000195954,2,4,1,3,4148.675701,488.1789008,8976.463772,0.5,1,3.5,1,3.000000008,31757554.47
15441749.27,5112824.717,15444749.27,5112824.717,15444749.27,5109824.717,15441749.27,5109824.717,63515106.93,2.36E-08,7.87E-09,5405.235468,642.9284962,6643.549358,2,4,1.57E-08,0.689991056,0.517493292,,0.000127652,,0.000127652,1.5,3,0.5,2,4053.926601,642.9284962,7464.924705,0.666666667,2,3,1,3,1
15441749.27,5109824.717,15444749.27,5109824.717,15444749.27,5106824.717,15441749.27,5106824.717,63515106.93,0,0,0,0,0,0,0,0,0,0,,0,,0,0,0,0,0,0,0,0,0,0,0,0,0,0
15441749.27,5106824.717,15444749.27,5106824.717,15444749.27,5103824.717,15441749.27,5103824.717,63515106.93,7.87E-09,7.87E-09,1075.655204,537.8276021,537.8276021,0,0,0,0.009108338,0.004554169,,8.47E-06,,8.47E-06,0.5,1,0.5,1,537.8276021,537.8276021,537.8276021,0,0,1,0,7.87E-09,31757553.47
15441749.27,5103824.717,15444749.27,5103824.717,15444749.27,5100824.717,15441749.27,5100824.717,63515106.93,7.87E-09,7.87E-09,2706.308202,1353.154101,1353.154101,0,0,0,0.057656394,0.028828197,,2.13E-05,,2.13E-05,0.5,1,0.5,1,1353.154101,1353.154101,1353.154101,0,0,1,0,7.87E-09,31757553.47
15441749.27,5100824.717,15444749.27,5100824.717,15444749.27,5097824.717,15441749.27,5097824.717,63515106.93,0,0,0,0,0,0,0,0,0,0,,0,,0,0,0,0,0,0,0,0,0,0,0,0,0,0
15441749.27,5097824.717,15444749.27,5097824.717,15444749.27,5094824.717,15441749.27,5094824.717,63515106.93,0,0,0,0,0,0,0,0,0,0,,0,,0,0,0,0,0,0,0,0,0,0,0,0,0,0
15441749.27,5094824.717,15444749.27,5094824.717,15444749.27,5091824.717,15441749.27,5091824.717,63515106.93,0,0,0,0,0,0,0,0,0,0,,0,,0,0,0,0,0,0,0,0,0,0,0,0,0,0
15441749.27,5091824.717,15444749.27,5091824.717,15444749.27,5088824.717,15441749.27,5088824.717,63515106.93,0,0,0,0,0,0,0,0,0,0,,0,,0,0,0,0,0,0,0,0,0,0,0,0,0,0
15441749.27,5088824.717,15444749.27,5088824.717,15444749.27,5085824.717,15441749.27,5085824.717,63515106.93,2.36E-08,7.87E-09,7301.164152,303.5388646,7589.534632,2,4,1.57E-08,1.258920922,0.944190691,,0.000172427,,0.000172427,1.5,3,0.5,2,5475.873114,3058.672681,7893.073547,0.666666667,2,3,1,3,1
15441749.27,5085824.717,15444749.27,5085824.717,15444749.27,5082824.717,15441749.27,5082824.717,63515106.93,3.94E-08,2.36E-08,6202.060646,851.5061296,7838.15088,1.2,1.333333333,1.57E-08,1.514031784,1.261693153,,0.000244118,,0.000244118,2.5,4,1.5,3,5168.383872,851.5061296,8833.513314,0.4,0.666666667,3.666666667,1,3.000000016,63515107.93
15441749.27,5082824.717,15444749.27,5082824.717,15444749.27,5079824.717,15441749.27,5079824.717,63515106.93,1.57E-08,1.57E-08,17843.0225,2975.238865,5333.089492,0,0,0,5.012562637,1.253140659,,0.000280926,,0.000280926,1,4,1,4,4460.755625,2975.238865,5333.089492,0,0,1,0,1.57E-08,63515106.93
15441749.27,5079824.717,15444749.27,5079824.717,15444749.27,5076824.717,15441749.27,5076824.717,63515106.93,1.57E-08,1.57E-08,15045.58352,2329.508927,8881.038169,0,0,0,3.56402743,1.188009143,,0.000236882,,0.000236882,1,3,1,3,5015.194505,2329.508927,8881.038169,0,0,1,0,1.57E-08,63515106.93
15441749.27,5076824.717,15444749.27,5076824.717,15444749.27,5073824.717,15441749.27,5073824.717,63515106.93,7.87E-09,7.87E-09,16494.83347,427.6252805,7819.791455,0,0,0,2.141848958,0.53546224,,0.00012985,,0.00012985,0.5,2,0.5,2,4123.708368,427.6252805,7819.791455,0,0,1,0,7.87E-09,31757553.47
15441749.27,5073824.717,15444749.27,5073824.717,15444749.27,5070824.717,15441749.27,5070824.717,63515106.93,7.87E-09,7.87E-09,4689.880346,2344.940173,2344.940173,0,0,0,0.173147608,0.086573804,,3.69E-05,,3.69E-05,0.5,1,0.5,1,2344.940173,2344.940173,2344.940173,0,0,1,0,7.87E-09,31757553.47
15441749.27,5070824.717,15444749.27,5070824.717,15444749.27,5067824.717,15441749.27,5067824.717,63515106.93,7.87E-09,7.87E-09,4196.864351,2098.432176,2098.432176,0,0,0,0.138657331,0.069328665,,3.30E-05,,3.30E-05,0.5,1,0.5,1,2098.432176,2098.432176,2098.432176,0,0,1,0,7.87E-09,31757553.47
15441749.27,5067824.717,15444749.27,5067824.717,15444749.27,5064824.717,15441749.27,5064824.717,63515106.93,0,0,0,0,0,0,0,0,0,0,,0,,0,0,0,0,0,0,0,0,0,0,0,0,0,0
15441749.27,5064824.717,15444749.27,5064824.717,15444749.27,5061824.717,15441749.27,5061824.717,63515106.93,3.15E-08,0,8154.486038,2462.069901,5755.954399,2,0,1.57E-08,2.09385281,1.395901873,,0.000256773,,0.000256773,2,4,0,3,5436.324026,2890.447447,8218.0243,0.5,0,0,1.57E-08,4,0
15441749.27,5061824.717,15444749.27,5061824.717,15444749.27,5058824.717,15441749.27,5058824.717,63515106.93,3.15E-08,0,8845.330613,1672.351158,7271.995636,2,0,1.57E-08,2.463661873,1.642441249,,0.000278527,,0.000278527,2,4,0,3,5896.887076,1672.351158,8746.314433,0.5,0,0,1.57E-08,4,0
15441749.27,5058824.717,15444749.27,5058824.717,15444749.27,5055824.717,15441749.27,5055824.717,63515106.93,0,0,0,4038.216462,6613.956147,0,0,0,0,1.232347683,,0.000241262,,0.000241262,0,3,0,3,5107.925046,4038.216462,6613.956147,0,0,0,0,0,0
15441749.27,5055824.717,15444749.27,5055824.717,15444749.27,5052824.717,15441749.27,5052824.717,63515106.93,2.36E-08,7.87E-09,5823.524333,241.6081918,8250.918978,2,4,1.57E-08,0.800914238,0.600685679,,0.000137531,,0.000137531,1.5,3,0.5,2,4367.64325,241.6081918,8493.678308,0.666666667,2,3,1,3,1
15441749.27,5052824.717,15444749.27,5052824.717,15444749.27,5049824.717,15441749.27,5049824.717,63515106.93,0,0,0,8766.533981,8766.533981,0,0,0,0,1.209981715,,0.000138023,,0.000138023,0,1,0,1,8766.533981,8766.533981,8766.533981,0,0,0,0,0,0
15441749.27,5049824.717,15444749.27,5049824.717,15444749.27,5046824.717,15441749.27,5046824.717,63515106.93,0,0,0,5073.634696,6628.918499,0,0,0,0,1.078088016,,0.000184248,,0.000184248,0,2,0,2,5851.276597,5073.634696,6628.918499,0,0,0,0,0,0
15441749.27,5046824.717,15444749.27,5046824.717,15444749.27,5043824.717,15441749.27,5043824.717,63515106.93,0,0,0,8995.972988,8995.972988,0,0,0,0,1.274146166,,0.000141635,,0.000141635,0,1,0,1,8995.972988,8995.972988,8995.972988,0,0,0,0,0,0
15441749.27,5043824.717,15444749.27,5043824.717,15444749.27,5040824.717,15441749.27,5040824.717,63515106.93,0,0,0,6800.944106,6800.944106,0,0,0,0,0.728217946,,0.000107076,,0.000107076,0,1,0,1,6800.944106,6800.944106,6800.944106,0,0,0,0,0,0
15441749.27,5040824.717,15444749.27,5040824.717,15444749.27,5037824.717,15441749.27,5037824.717,63515106.93,0,0,0,7651.522035,7651.522035,0,0,0,0,0.921761645,,0.000120468,,0.000120468,0,1,0,1,7651.522035,7651.522035,7651.522035,0,0,0,0,0,0
15441749.27,5037824.717,15444749.27,5037824.717,15444749.27,5034824.717,15441749.27,5034824.717,63515106.93,0,0,0,9024.061373,9024.061373,0,0,0,0,1.282115194,,0.000142077,,0.000142077,0,1,0,1,9024.061373,9024.061373,9024.061373,0,0,0,0,0,0
15441749.27,5034824.717,15444749.27,5034824.717,15444749.27,5031824.717,15441749.27,5031824.717,63515106.93,0,0,0,7492.933367,7540.40044,0,0,0,0,1.779113161,,0.000236689,,0.000236689,0,2,0,2,7516.666903,7492.933367,7540.40044,0,0,0,0,0,0
15441749.27,5031824.717,15444749.27,5031824.717,15444749.27,5028824.717,15441749.27,5028824.717,63515106.93,0,0,0,8985.619686,8985.619686,0,0,0,0,1.27121507,,0.000141472,,0.000141472,0,1,0,1,8985.619686,8985.619686,8985.619686,0,0,0,0,0,0
15441749.27,5028824.717,15444749.27,5028824.717,15444749.27,5025824.717,15441749.27,5025824.717,63515106.93,0,0,0,7019.415008,7019.415008,0,0,0,0,0.775755398,,0.000110516,,0.000110516,0,1,0,1,7019.415008,7019.415008,7019.415008,0,0,0,0,0,0
15441749.27,5025824.717,15444749.27,5025824.717,15444749.27,5022824.717,15441749.27,5022824.717,63515106.93,0,0,0,0,0,0,0,0,0,0,,0,,0,0,0,0,0,0,0,0,0,0,0,0,0,0
15441749.27,5022824.717,15444749.27,5022824.717,15444749.27,5019824.717,15441749.27,5019824.717,63515106.93,0,0,0,0,0,0,0,0,0,0,,0,,0,0,0,0,0,0,0,0,0,0,0,0,0,0
15441749.27,5019824.717,15444749.27,5019824.717,15444749.27,5016824.717,15441749.27,5016824.717,63515106.93,0,0,0,0,0,0,0,0,0,0,,0,,0,0,0,0,0,0,0,0,0,0,0,0,0,0
15441749.27,5016824.717,15444749.27,5016824.717,15444749.27,5013824.717,15441749.27,5013824.717,63515106.93,0,0,0,0,0,0,0,0,0,0,,0,,0,0,0,0,0,0,0,0,0,0,0,0,0,0
15441749.27,5013824.717,15444749.27,5013824.717,15444749.27,5010824.717,15441749.27,5010824.717,63515106.93,0,0,0,0,0,0,0,0,0,0,,0,,0,0,0,0,0,0,0,0,0,0,0,0,0,0
15441749.27,5010824.717,15444749.27,5010824.717,15444749.27,5007824.717,15441749.27,5007824.717,63515106.93,0,0,0,0,0,0,0,0,0,0,,0,,0,0,0,0,0,0,0,0,0,0,0,0,0,0
15441749.27,5007824.717,15444749.27,5007824.717,15444749.27,5004824.717,15441749.27,5004824.717,63515106.93,0,0,0,7376.723215,7376.723215,0,0,0,0,0.856741774,,0.000116141,,0.000116141,0,1,0,1,7376.723215,7376.723215,7376.723215,0,0,0,0,0,0
15441749.27,5004824.717,15444749.27,5004824.717,15444749.27,5001824.717,15441749.27,5001824.717,63515106.93,0,0,0,8991.379028,8991.379028,0,0,0,0,1.272845166,,0.000141563,,0.000141563,0,1,0,1,8991.379028,8991.379028,8991.379028,0,0,0,0,0,0
15441749.27,5001824.717,15444749.27,5001824.717,15444749.27,4998824.717,15441749.27,4998824.717,63515106.93,7.87E-09,7.87E-09,29602.95201,7061.485535,7739.990468,0,0,0,6.898632544,1.724658136,,0.000233039,,0.000233039,0.5,2,0.5,2,7400.738002,7061.485535,7739.990468,0,0,1,0,7.87E-09,31757553.47
15441749.27,4998824.717,15444749.27,4998824.717,15444749.27,4995824.717,15441749.27,4995824.717,63515106.93,7.87E-09,7.87E-09,16268.996,8134.498001,8134.498001,0,0,0,2.083600608,1.041800304,,0.000128072,,0.000128072,0.5,1,0.5,1,8134.498001,8134.498001,8134.498001,0,0,1,0,7.87E-09,31757553.47
15441749.27,4995824.717,15444749.27,4995824.717,15444749.27,4992824.717,15441749.27,4992824.717,63515106.93,0,0,0,4392.617963,4392.617963,0,0,0,0,0.303787453,,6.92E-05,,6.92E-05,0,1,0,1,4392.617963,4392.617963,4392.617963,0,0,0,0,0,0
15441749.27,4992824.717,15444749.27,4992824.717,15444749.27,4989824.717,15441749.27,4989824.717,63515106.93,0,0,0,0,0,0,0,0,0,0,,0,,0,0,0,0,0,0,0,0,0,0,0,0,0,0
15441749.27,4989824.717,15444749.27,4989824.717,15444749.27,4986824.717,15441749.27,4986824.717,63515106.93,0,0,0,6137.394105,6137.394105,0,0,0,0,0.593049583,,9.66E-05,,9.66E-05,0,1,0,1,6137.39421,6137.39421,6137.39421,0,0,0,0,0,0
15441749.27,4986824.717,15444749.27,4986824.717,15444749.27,4983824.717,15441749.27,4983824.717,63515106.93,2.36E-08,7.87E-09,7558.791213,2346.847897,6203.694856,2,4,1.57E-08,1.349332325,1.011999244,,0.000178512,,0.000178512,1.5,3,0.5,2,5669.093409,2787.643994,8550.542825,0.666666667,2,3,1,3,1
15441749.27,4983824.717,15444749.27,4983824.717,15444749.27,4980824.717,15441749.27,4980824.717,63515106.93,2.36E-08,7.87E-09,9267.573371,4071.654855,4961.936609,2,4,1.57E-08,2.028365857,1.521274392,,0.000218867,,0.000218867,1.5,3,0.5,2,6950.680028,4961.936609,8939.423448,0.666666667,2,3,1,3,1
15441749.27,4980824.717,15444749.27,4980824.717,15444749.27,4977824.717,15441749.27,4977824.717,63515106.93,2.36E-08,7.87E-09,8796.894873,1068.012662,6543.961369,2,4,1.57E-08,1.82756583,1.370674372,,0.000207751,,0.000207751,1.5,3,0.5,2,6597.671155,5583.368353,7611.973956,0.666666667,2,3,1,3,1
15441749.27,4977824.717,15444749.27,4977824.717,15444749.27,4974824.717,15441749.27,4974824.717,63515106.93,0,0,0,2785.323358,2785.323358,0,0,0,0,0.122144568,,4.39E-05,,4.39E-05,0,1,0,1,2785.323193,2785.323193,2785.323193,0,0,0,0,0,0
15441749.27,4974824.717,15444749.27,4974824.717,15444749.27,4971824.717,15441749.27,4971824.717,63515106.93,0,0,0,0,0,0,0,0,0,0,,0,,0,0,0,0,0,0,0,0,0,0,0,0,0,0
15441749.27,4971824.717,15444749.27,4971824.717,15444749.27,4968824.717,15441749.27,4968824.717,63515106.93,0,0,0,0,0,0,0,0,0,0,,0,,0,0,0,0,0,0,0,0,0,0,0,0,0,0
15441749.27,4968824.717,15444749.27,4968824.717,15444749.27,4965824.717,15441749.27,4965824.717,63515106.93,0,0,0,0,0,0,0,0,0,0,,0,,0,0,0,0,0,0,0,0,0,0,0,0,0,0
15441749.27,4965824.717,15444749.27,4965824.717,15444749.27,4962824.717,15441749.27,4962824.717,63515106.93,0,0,0,0,0,0,0,0,0,0,,0,,0,0,0,0,0,0,0,0,0,0,0,0,0,0
15441749.27,4962824.717,15444749.27,4962824.717,15444749.27,4959824.717,15441749.27,4959824.717,63515106.93,0,0,0,0,0,0,0,0,0,0,,0,,0,0,0,0,0,0,0,0,0,0,0,0,0,0
15441749.27,4959824.717,15444749.27,4959824.717,15444749.27,4956824.717,15441749.27,4956824.717,63515106.93,0,0,0,0,0,0,0,0,0,0,,0,,0,0,0,0,0,0,0,0,0,0,0,0,0,0
15441749.27,4956824.717,15444749.27,4956824.717,15444749.27,4953824.717,15441749.27,4953824.717,63515106.93,0,0,0,0,0,0,0,0,0,0,,0,,0,0,0,0,0,0,0,0,0,0,0,0,0,0
15441749.27,4953824.717,15444749.27,4953824.717,15444749.27,4950824.717,15441749.27,4950824.717,63515106.93,0,0,0,0,0,0,0,0,0,0,,0,,0,0,0,0,0,0,0,0,0,0,0,0,0,0
15441749.27,4950824.717,15444749.27,4950824.717,15444749.27,4947824.717,15441749.27,4947824.717,63515106.93,0,0,0,0,0,0,0,0,0,0,,0,,0,0,0,0,0,0,0,0,0,0,0,0,0,0
15441749.27,4947824.717,15444749.27,4947824.717,15444749.27,4944824.717,15441749.27,4944824.717,63515106.93,0,0,0,0,0,0,0,0,0,0,,0,,0,0,0,0,0,0,0,0,0,0,0,0,0,0
15441749.27,4944824.717,15444749.27,4944824.717,15444749.27,4941824.717,15441749.27,4941824.717,63515106.93,0,0,0,0,0,0,0,0,0,0,,0,,0,0,0,0,0,0,0,0,0,0,0,0,0,0
15444749.27,5124824.717,15447749.27,5124824.717,15447749.27,5121824.717,15444749.27,5121824.717,63515106.93,0,0,0,8534.268964,8534.268964,0,0,0,0,1.146715329,,0.000134366,,0.000134366,0,1,0,1,8534.268964,8534.268964,8534.268964,0,0,0,0,0,0
15444749.27,5121824.717,15447749.27,5121824.717,15447749.27,5118824.717,15444749.27,5118824.717,63515106.93,0,0,0,8522.04936,8522.04936,0,0,0,0,1.143433882,,0.000134174,,0.000134174,0,1,0,1,8522.04936,8522.04936,8522.04936,0,0,0,0,0,0
15444749.27,5118824.717,15447749.27,5118824.717,15447749.27,5115824.717,15444749.27,5115824.717,63515106.93,3.15E-08,1.57E-08,6033.271882,48.26399934,6542.352347,1.5,2,1.57E-08,1.146195649,0.573097824,,0.000189979,,0.000189979,2,5,1,4,3016.635941,48.26399934,8185.563324,0.5,1,3.5,1,3.000000008,31757554.47
15444749.27,5115824.717,15447749.27,5115824.717,15447749.27,5112824.717,15444749.27,5112824.717,63515106.93,2.36E-08,7.87E-09,6583.105226,817.8775628,7998.427728,2,4,1.57E-08,1.023471655,0.767603742,,0.000155469,,0.000155469,1.5,3,0.5,2,4937.32892,1058.352593,8816.305247,0.666666667,2,3,1,3,1
15444749.27,5112824.717,15447749.27,5112824.717,15447749.27,5109824.717,15444749.27,5109824.717,63515106.93,7.87E-09,7.87E-09,12622.88301,1212.622944,5098.818731,0,0,0,1.25432502,0.313581255,,9.94E-05,,9.94E-05,0.5,2,0.5,2,3155.720754,1212.622944,5098.818563,0,0,1,0,7.87E-09,31757553.47
15444749.27,5109824.717,15447749.27,5109824.717,15447749.27,5106824.717,15444749.27,5106824.717,63515106.93,7.87E-09,7.87E-09,4786.488522,2393.244261,2393.244261,0,0,0,0.180354513,0.090177257,,3.77E-05,,3.77E-05,0.5,1,0.5,1,2393.244261,2393.244261,2393.244261,0,0,1,0,7.87E-09,31757553.47
15444749.27,5106824.717,15447749.27,5106824.717,15447749.27,5103824.717,15444749.27,5103824.717,63515106.93,7.87E-09,7.87E-09,2502.942052,1251.471026,1251.471026,0,0,0,0.049316763,0.024658381,,1.97E-05,,1.97E-05,0.5,1,0.5,1,1251.471026,1251.471026,1251.471026,0,0,1,0,7.87E-09,31757553.47
15444749.27,5103824.717,15447749.27,5103824.717,15447749.27,5100824.717,15444749.27,5100824.717,63515106.93,0,0,0,0,0,0,0,0,0,0,,0,,0,0,0,0,0,0,0,0,0,0,0,0,0,0
15444749.27,5100824.717,15447749.27,5100824.717,15447749.27,5097824.717,15444749.27,5097824.717,63515106.93,0,0,0,0,0,0,0,0,0,0,,0,,0,0,0,0,0,0,0,0,0,0,0,0,0,0
15444749.27,5097824.717,15447749.27,5097824.717,15447749.27,5094824.717,15444749.27,5094824.717,63515106.93,0,0,0,0,0,0,0,0,0,0,,0,,0,0,0,0,0,0,0,0,0,0,0,0,0,0
15444749.27,5094824.717,15447749.27,5094824.717,15447749.27,5091824.717,15444749.27,5091824.717,63515106.93,0,0,0,0,0,0,0,0,0,0,,0,,0,0,0,0,0,0,0,0,0,0,0,0,0,0
15444749.27,5091824.717,15447749.27,5091824.717,15447749.27,5088824.717,15444749.27,5088824.717,63515106.93,7.87E-09,7.87E-09,6833.918678,3416.959339,3416.959339,0,0,0,0.367648318,0.183824159,,5.38E-05,,5.38E-05,0.5,1,0.5,1,3416.959339,3416.959339,3416.959339,0,0,1,0,7.87E-09,31757553.47
15444749.27,5088824.717,15447749.27,5088824.717,15447749.27,5085824.717,15444749.27,5085824.717,63515106.93,3.15E-08,1.57E-08,6617.790299,2746.819722,4427.25507,1.5,2,1.57E-08,1.379046673,0.919364448,,0.000208385,,0.000208385,2,4,1,3,4411.860199,2746.819722,7605.586724,0.5,1,3.5,1,3.000000008,31757554.47
15444749.27,5085824.717,15447749.27,5085824.717,15447749.27,5082824.717,15444749.27,5082824.717,63515106.93,3.15E-08,1.57E-08,7469.12356,754.5511394,5267.528771,1.5,2,1.57E-08,1.756678354,1.171118903,,0.000235192,,0.000235192,2,4,1,3,4979.415706,754.5511394,8916.167209,0.5,1,3.5,1,3.000000008,31757554.47
15444749.27,5082824.717,15447749.27,5082824.717,15447749.27,5079824.717,15444749.27,5079824.717,63515106.93,3.15E-08,1.57E-08,8688.878065,2446.824998,6134.662325,1.5,2,1.57E-08,2.377280168,1.584853445,,0.0002736,,0.0002736,2,4,1,3,5792.585377,5422.961634,6134.662325,0.5,1,3.5,1,3.000000008,31757554.47
15444749.27,5079824.717,15447749.27,5079824.717,15447749.27,5076824.717,15444749.27,5076824.717,63515106.93,0,0,0,9034.007273,9034.007273,0,0,0,0,1.284942927,,0.000142234,,0.000142234,0,1,0,1,9034.007273,9034.007273,9034.007273,0,0,0,0,0,0
15444749.27,5076824.717,15447749.27,5076824.717,15447749.27,5073824.717,15444749.27,5073824.717,63515106.93,0,0,0,7306.505811,7306.505811,0,0,0,0,0.840509128,,0.000115036,,0.000115036,0,1,0,1,7306.505811,7306.505811,7306.505811,0,0,0,0,0,0
15444749.27,5073824.717,15447749.27,5073824.717,15447749.27,5070824.717,15444749.27,5070824.717,63515106.93,7.87E-09,7.87E-09,205.495772,102.747886,102.747886,0,0,0,0.000332429,0.000166214,,1.62E-06,,1.62E-06,0.5,1,0.5,1,102.747886,102.747886,102.747886,0,0,1,0,7.87E-09,31757553.47
15444749.27,5070824.717,15447749.27,5070824.717,15447749.27,5067824.717,15444749.27,5067824.717,63515106.93,0,0,0,0,0,0,0,0,0,0,,0,,0,0,0,0,0,0,0,0,0,0,0,0,0,0
15444749.27,5067824.717,15447749.27,5067824.717,15447749.27,5064824.717,15444749.27,5064824.717,63515106.93,3.15E-08,0,6214.803807,325.3116541,6994.154043,2,0,1.57E-08,1.216207867,0.810805245,,0.000195695,,0.000195695,2,4,0,3,4143.202538,325.3116541,6994.154043,0.5,0,0,1.57E-08,4,0
15444749.27,5064824.717,15447749.27,5064824.717,15447749.27,5061824.717,15444749.27,5061824.717,63515106.93,3.15E-08,0,8907.726322,3116.899009,5883.614253,2,0,1.57E-08,2.498542223,1.665694815,,0.000280492,,0.000280492,2,4,0,3,5938.484215,3116.899009,8814.939383,0.5,0,0,1.57E-08,4,0
15444749.27,5061824.717,15447749.27,5061824.717,15447749.27,5058824.717,15444749.27,5058824.717,63515106.93,3.15E-08,0,7995.418884,3589.676307,4311.139958,2,0,1.57E-08,2.012961206,1.341974137,,0.000251764,,0.000251764,2,4,0,3,5330.279256,3589.676307,8090.021503,0.5,0,0,1.57E-08,4,0
15444749.27,5058824.717,15447749.27,5058824.717,15447749.27,5055824.717,15444749.27,5055824.717,63515106.93,2.36E-08,7.87E-09,7468.459525,1525.668957,3638.672636,2,4,1.57E-08,1.317274512,0.658637256,,0.000176378,,0.000176378,1.5,4,0.5,3,3734.229762,1525.668957,7083.705678,0.666666667,2,3,1,3,1
15444749.27,5055824.717,15447749.27,5055824.717,15447749.27,5052824.717,15444749.27,5052824.717,63515106.93,2.36E-08,7.87E-09,8166.496958,3126.3479,5875.400644,2,4,1.57E-08,1.575019136,1.181264352,,0.000192863,,0.000192863,1.5,3,0.5,2,6124.872718,3247.996894,9001.748543,0.666666667,2,3,1,3,1
15444749.27,5052824.717,15447749.27,5052824.717,15447749.27,5049824.717,15444749.27,5049824.717,63515106.93,2.36E-08,7.87E-09,5927.962176,910.5851789,6430.644409,2,4,1.57E-08,0.829898679,0.622424009,,0.000139997,,0.000139997,1.5,3,0.5,2,4445.971632,1550.713764,7341.2295,0.666666667,2,3,1,3,1
15444749.27,5049824.717,15447749.27,5049824.717,15447749.27,5046824.717,15444749.27,5046824.717,63515106.93,0,0,0,7184.08021,7184.08021,0,0,0,0,0.812578471,,0.000113108,,0.000113108,0,1,0,1,7184.08021,7184.08021,7184.08021,0,0,0,0,0,0
15444749.27,5046824.717,15447749.27,5046824.717,15447749.27,5043824.717,15444749.27,5043824.717,63515106.93,0,0,0,8974.731799,8974.731799,0,0,0,0,1.268136271,,0.000141301,,0.000141301,0,1,0,1,8974.731799,8974.731799,8974.731799,0,0,0,0,0,0
15444749.27,5043824.717,15447749.27,5043824.717,15447749.27,5040824.717,15444749.27,5040824.717,63515106.93,0,0,0,6224.013592,7322.065006,0,0,0,0,1.444508671,,0.000213273,,0.000213273,0,2,0,2,6773.039299,6224.013592,7322.065006,0,0,0,0,0,0
15444749.27,5040824.717,15447749.27,5040824.717,15447749.27,5037824.717,15444749.27,5037824.717,63515106.93,0,0,0,8984.004325,8984.004325,0,0,0,0,1.270758054,,0.000141447,,0.000141447,0,1,0,1,8984.004325,8984.004325,8984.004325,0,0,0,0,0,0
15444749.27,5037824.717,15447749.27,5037824.717,15447749.27,5034824.717,15444749.27,5034824.717,63515106.93,0,0,0,5661.97805,8187.970503,0,0,0,0,1.510042919,,0.000218058,,0.000218058,0,2,0,2,6924.974276,5661.97805,8187.970503,0,0,0,0,0,0
15444749.27,5034824.717,15447749.27,5034824.717,15447749.27,5031824.717,15444749.27,5031824.717,63515106.93,0,0,0,3952.336593,8823.89257,0,0,0,0,1.284985884,,0.000201153,,0.000201153,0,2,0,2,6388.114582,3952.336593,8823.89257,0,0,0,0,0,0
15444749.27,5031824.717,15447749.27,5031824.717,15447749.27,5028824.717,15444749.27,5028824.717,63515106.93,0,0,0,8364.243371,8364.243371,0,0,0,0,1.101479168,,0.000131689,,0.000131689,0,1,0,1,8364.243371,8364.243371,8364.243371,0,0,0,0,0,0
15444749.27,5028824.717,15447749.27,5028824.717,15447749.27,5025824.717,15444749.27,5025824.717,63515106.93,0,0,0,3135.0505,3135.0505,0,0,0,0,0.154743369,,4.94E-05,,4.94E-05,0,1,0,1,3135.0505,3135.0505,3135.0505,0,0,0,0,0,0
15444749.27,5025824.717,15447749.27,5025824.717,15447749.27,5022824.717,15444749.27,5022824.717,63515106.93,0,0,0,0,0,0,0,0,0,0,,0,,0,0,0,0,0,0,0,0,0,0,0,0,0,0
15444749.27,5022824.717,15447749.27,5022824.717,15447749.27,5019824.717,15444749.27,5019824.717,63515106.93,0,0,0,0,0,0,0,0,0,0,,0,,0,0,0,0,0,0,0,0,0,0,0,0,0,0
15444749.27,5019824.717,15447749.27,5019824.717,15447749.27,5016824.717,15444749.27,5016824.717,63515106.93,0,0,0,0,0,0,0,0,0,0,,0,,0,0,0,0,0,0,0,0,0,0,0,0,0,0
15444749.27,5016824.717,15447749.27,5016824.717,15447749.27,5013824.717,15444749.27,5013824.717,63515106.93,0,0,0,0,0,0,0,0,0,0,,0,,0,0,0,0,0,0,0,0,0,0,0,0,0,0
15444749.27,5013824.717,15447749.27,5013824.717,15447749.27,5010824.717,15444749.27,5010824.717,63515106.93,0,0,0,0,0,0,0,0,0,0,,0,,0,0,0,0,0,0,0,0,0,0,0,0,0,0
15444749.27,5010824.717,15447749.27,5010824.717,15447749.27,5007824.717,15444749.27,5007824.717,63515106.93,0,0,0,0,0,0,0,0,0,0,,0,,0,0,0,0,0,0,0,0,0,0,0,0,0,0
15444749.27,5007824.717,15447749.27,5007824.717,15447749.27,5004824.717,15444749.27,5004824.717,63515106.93,0,0,0,2301.640819,2301.640819,0,0,0,0,0.083406149,,3.62E-05,,3.62E-05,0,1,0,1,2301.640819,2301.640819,2301.640819,0,0,0,0,0,0
15444749.27,5004824.717,15447749.27,5004824.717,15447749.27,5001824.717,15444749.27,5001824.717,63515106.93,7.87E-09,7.87E-09,18789.68103,1236.648895,8158.19162,0,0,0,2.779276697,0.694819174,,0.000147915,,0.000147915,0.5,2,0.5,2,4697.420258,1236.648895,8158.19162,0,0,1,0,7.87E-09,31757553.47
15444749.27,5001824.717,15447749.27,5001824.717,15447749.27,4998824.717,15444749.27,4998824.717,63515106.93,7.87E-09,7.87E-09,26738.3723,4445.783391,8923.402761,0,0,0,5.628114224,1.407028556,,0.000210488,,0.000210488,0.5,2,0.5,2,6684.593076,4445.783391,8923.402761,0,0,1,0,7.87E-09,31757553.47
15444749.27,4998824.717,15447749.27,4998824.717,15447749.27,4995824.717,15444749.27,4995824.717,63515106.93,7.87E-09,7.87E-09,23209.13924,4930.20174,6674.36788,0,0,0,4.240441135,1.060110284,,0.000182706,,0.000182706,0.5,2,0.5,2,5802.28481,4930.20174,6674.36788,0,0,1,0,7.87E-09,31757553.47
15444749.27,4995824.717,15447749.27,4995824.717,15447749.27,4992824.717,15444749.27,4992824.717,63515106.93,0,0,0,0,0,0,0,0,0,0,,0,,0,0,0,0,0,0,0,0,0,0,0,0,0,0
15444749.27,4992824.717,15447749.27,4992824.717,15447749.27,4989824.717,15444749.27,4989824.717,63515106.93,0,0,0,6833.852773,6833.852773,0,0,0,0,0.735282455,,0.000107594,,0.000107594,0,1,0,1,6833.852773,6833.852773,6833.852773,0,0,0,0,0,0
15444749.27,4989824.717,15447749.27,4989824.717,15447749.27,4986824.717,15444749.27,4986824.717,63515106.93,0,0,0,8762.797882,8762.797882,0,0,0,0,1.208950601,,0.000137964,,0.000137964,0,1,0,1,8762.797882,8762.797882,8762.797882,0,0,0,0,0,0
15444749.27,4986824.717,15447749.27,4986824.717,15447749.27,4983824.717,15444749.27,4983824.717,63515106.93,2.36E-08,7.87E-09,8380.059007,571.8267183,8236.242534,2,4,1.57E-08,1.658472898,1.243854673,,0.000197907,,0.000197907,1.5,3,0.5,2,6285.044255,3762.019363,8808.069147,0.666666667,2,3,1,3,1
15444749.27,4983824.717,15447749.27,4983824.717,15447749.27,4980824.717,15444749.27,4980824.717,63515106.93,3.15E-08,1.57E-08,7376.220753,506.3982144,7255.947624,1.5,2,1.57E-08,1.71325013,1.142166753,,0.000232267,,0.000232267,2,4,1,3,4917.480502,506.3982144,7255.947624,0.5,1,3.5,1,3.000000008,31757554.47
15444749.27,4980824.717,15447749.27,4980824.717,15447749.27,4977824.717,15444749.27,4977824.717,63515106.93,7.87E-09,7.87E-09,20036.13728,1285.236727,8732.831914,0,0,0,3.160246566,0.790061642,,0.000157727,,0.000157727,0.5,2,0.5,2,5009.03432,1285.236727,8732.831914,0,0,1,0,7.87E-09,31757553.47
15444749.27,4977824.717,15447749.27,4977824.717,15447749.27,4974824.717,15444749.27,4974824.717,63515106.93,0,0,0,5484.374744,5484.374744,0,0,0,0,0.473562398,,8.63E-05,,8.63E-05,0,1,0,1,5484.374744,5484.374744,5484.374744,0,0,0,0,0,0
15444749.27,4974824.717,15447749.27,4974824.717,15447749.27,4971824.717,15444749.27,4971824.717,63515106.93,0,0,0,0,0,0,0,0,0,0,,0,,0,0,0,0,0,0,0,0,0,0,0,0,0,0
15444749.27,4971824.717,15447749.27,4971824.717,15447749.27,4968824.717,15444749.27,4968824.717,63515106.93,0,0,0,0,0,0,0,0,0,0,,0,,0,0,0,0,0,0,0,0,0,0,0,0,0,0
15444749.27,4968824.717,15447749.27,4968824.717,15447749.27,4965824.717,15444749.27,4965824.717,63515106.93,0,0,0,0,0,0,0,0,0,0,,0,,0,0,0,0,0,0,0,0,0,0,0,0,0,0
15444749.27,4965824.717,15447749.27,4965824.717,15447749.27,4962824.717,15444749.27,4962824.717,63515106.93,0,0,0,0,0,0,0,0,0,0,,0,,0,0,0,0,0,0,0,0,0,0,0,0,0,0
15444749.27,4962824.717,15447749.27,4962824.717,15447749.27,4959824.717,15444749.27,4959824.717,63515106.93,0,0,0,0,0,0,0,0,0,0,,0,,0,0,0,0,0,0,0,0,0,0,0,0,0,0
15444749.27,4959824.717,15447749.27,4959824.717,15447749.27,4956824.717,15444749.27,4956824.717,63515106.93,0,0,0,0,0,0,0,0,0,0,,0,,0,0,0,0,0,0,0,0,0,0,0,0,0,0
15444749.27,4956824.717,15447749.27,4956824.717,15447749.27,4953824.717,15444749.27,4953824.717,63515106.93,0,0,0,0,0,0,0,0,0,0,,0,,0,0,0,0,0,0,0,0,0,0,0,0,0,0
15444749.27,4953824.717,15447749.27,4953824.717,15447749.27,4950824.717,15444749.27,4950824.717,63515106.93,0,0,0,0,0,0,0,0,0,0,,0,,0,0,0,0,0,0,0,0,0,0,0,0,0,0
15444749.27,4950824.717,15447749.27,4950824.717,15447749.27,4947824.717,15444749.27,4947824.717,63515106.93,0,0,0,0,0,0,0,0,0,0,,0,,0,0,0,0,0,0,0,0,0,0,0,0,0,0
15444749.27,4947824.717,15447749.27,4947824.717,15447749.27,4944824.717,15444749.27,4944824.717,63515106.93,0,0,0,0,0,0,0,0,0,0,,0,,0,0,0,0,0,0,0,0,0,0,0,0,0,0
15444749.27,4944824.717,15447749.27,4944824.717,15447749.27,4941824.717,15444749.27,4941824.717,63515106.93,0,0,0,0,0,0,0,0,0,0,,0,,0,0,0,0,0,0,0,0,0,0,0,0,0,0
15447749.27,5124824.717,15450749.27,5124824.717,15450749.27,5121824.717,15447749.27,5121824.717,63515106.93,0,0,0,8957.333711,8957.333711,0,0,0,0,1.263224311,,0.000141027,,0.000141027,0,1,0,1,8957.333711,8957.333711,8957.333711,0,0,0,0,0,0
15447749.27,5121824.717,15450749.27,5121824.717,15450749.27,5118824.717,15447749.27,5118824.717,63515106.93,2.36E-08,7.87E-09,10356.53568,1403.293613,7690.104532,2,4,1.57E-08,2.533046936,1.266523468,,0.000244584,,0.000244584,1.5,4,0.5,3,5178.267841,1954.947046,7690.104532,0.666666667,2,3,1,3,1
15447749.27,5118824.717,15450749.27,5118824.717,15450749.27,5115824.717,15447749.27,5115824.717,63515106.93,2.36E-08,7.87E-09,8883.795003,4117.959107,4799.780311,2,4,1.57E-08,1.863851392,1.397888544,,0.000209804,,0.000209804,1.5,3,0.5,2,6662.846253,4407.953087,8917.739418,0.666666667,2,3,1,3,1
15447749.27,5115824.717,15450749.27,5115824.717,15450749.27,5112824.717,15447749.27,5112824.717,63515106.93,3.15E-08,1.57E-08,6229.52306,351.0297199,4789.216258,1.5,2,1.57E-08,1.221975666,0.814650444,,0.000196159,,0.000196159,2,4,1,3,4153.015373,351.0297199,7951.711793,0.5,1,3.5,1,3.000000008,31757554.47
15447749.27,5112824.717,15450749.27,5112824.717,15450749.27,5109824.717,15447749.27,5109824.717,63515106.93,1.57E-08,1.57E-08,5421.380711,1653.941539,3767.439173,0,0,0,0.462746112,0.231373056,,8.54E-05,,8.54E-05,1,2,1,2,2710.690356,1653.941539,3767.439173,0,0,1,0,1.57E-08,63515106.93
15447749.27,5109824.717,15450749.27,5109824.717,15450749.27,5106824.717,15447749.27,5106824.717,63515106.93,1.57E-08,1.57E-08,6051.388839,671.9436015,5379.445237,0,0,0,0.576544836,0.288272418,,9.53E-05,,9.53E-05,1,2,1,2,3025.694419,671.9436015,5379.445237,0,0,1,0,1.57E-08,63515106.93
15447749.27,5106824.717,15450749.27,5106824.717,15450749.27,5103824.717,15447749.27,5103824.717,63515106.93,7.87E-09,7.87E-09,9536.62942,4768.31471,4768.31471,0,0,0,0.71595015,0.357975075,,7.51E-05,,7.51E-05,0.5,1,0.5,1,4768.31471,4768.31471,4768.31471,0,0,1,0,7.87E-09,31757553.47
15447749.27,5103824.717,15450749.27,5103824.717,15450749.27,5100824.717,15447749.27,5100824.717,63515106.93,0,0,0,0,0,0,0,0,0,0,,0,,0,0,0,0,0,0,0,0,0,0,0,0,0,0
15447749.27,5100824.717,15450749.27,5100824.717,15450749.27,5097824.717,15447749.27,5097824.717,63515106.93,0,0,0,0,0,0,0,0,0,0,,0,,0,0,0,0,0,0,0,0,0,0,0,0,0,0
15447749.27,5097824.717,15450749.27,5097824.717,15450749.27,5094824.717,15447749.27,5094824.717,63515106.93,0,0,0,0,0,0,0,0,0,0,,0,,0,0,0,0,0,0,0,0,0,0,0,0,0,0
15447749.27,5094824.717,15450749.27,5094824.717,15450749.27,5091824.717,15447749.27,5091824.717,63515106.93,0,0,0,3862.888662,3862.888662,0,0,0,0,0.234934798,,6.08E-05,,6.08E-05,0,1,0,1,3862.888662,3862.888662,3862.888662,0,0,0,0,0,0
15447749.27,5091824.717,15450749.27,5091824.717,15450749.27,5088824.717,15447749.27,5088824.717,63515106.93,7.87E-09,7.87E-09,13275.61562,6637.807808,6637.807808,0,0,0,1.387401978,0.693700989,,0.000104508,,0.000104508,0.5,1,0.5,1,6637.807808,6637.807808,6637.807808,0,0,1,0,7.87E-09,31757553.47
15447749.27,5088824.717,15450749.27,5088824.717,15450749.27,5085824.717,15447749.27,5085824.717,63515106.93,3.15E-08,1.57E-08,6862.208195,994.6632692,6028.384727,1.5,2,1.57E-08,1.482793735,0.988529156,,0.000216081,,0.000216081,2,4,1,3,4574.805463,994.6632692,7334.124022,0.5,1,3.5,1,3.000000008,31757554.47
15447749.27,5085824.717,15450749.27,5085824.717,15450749.27,5082824.717,15447749.27,5082824.717,63515106.93,3.15E-08,1.57E-08,6579.015098,1711.854363,7057.917583,1.5,2,1.57E-08,1.362933694,0.908622463,,0.000207164,,0.000207164,2,4,1,3,4386.010065,1711.854363,8976.503799,0.5,1,3.5,1,3.000000008,31757554.47
15447749.27,5082824.717,15450749.27,5082824.717,15450749.27,5079824.717,15447749.27,5079824.717,63515106.93,2.36E-08,7.87E-09,10099.06783,184.505732,7426.146431,2,4,1.57E-08,2.408667228,1.204333614,,0.000238504,,0.000238504,1.5,4,0.5,3,5049.533915,1812.316483,7426.146431,0.666666667,2,3,1,3,1
15447749.27,5079824.717,15450749.27,5079824.717,15450749.27,5076824.717,15447749.27,5076824.717,63515106.93,0,0,0,8986.648489,8986.648489,0,0,0,0,1.271506181,,0.000141488,,0.000141488,0,1,0,1,8986.648489,8986.648489,8986.648489,0,0,0,0,0,0
15447749.27,5076824.717,15450749.27,5076824.717,15450749.27,5073824.717,15447749.27,5073824.717,63515106.93,7.87E-09,7.87E-09,17251.91042,2336.534819,6289.420392,0,0,0,2.342973409,0.585743352,,0.00013581,,0.00013581,0.5,2,0.5,2,4312.977606,2336.534819,6289.420392,0,0,1,0,7.87E-09,31757553.47
15447749.27,5073824.717,15450749.27,5073824.717,15450749.27,5070824.717,15447749.27,5070824.717,63515106.93,7.87E-09,7.87E-09,7191.353783,3595.676892,3595.676892,0,0,0,0.407112353,0.203556176,,5.66E-05,,5.66E-05,0.5,1,0.5,1,3595.676892,3595.676892,3595.676892,0,0,1,0,7.87E-09,31757553.47
15447749.27,5070824.717,15450749.27,5070824.717,15450749.27,5067824.717,15447749.27,5067824.717,63515106.93,7.87E-09,7.87E-09,18186.27211,2329.682723,6763.453333,0,0,0,2.603636436,0.650909109,,0.000143165,,0.000143165,0.5,2,0.5,2,4546.568028,2329.682723,6763.453333,0,0,1,0,7.87E-09,31757553.47
15447749.27,5067824.717,15450749.27,5067824.717,15450749.27,5064824.717,15447749.27,5064824.717,63515106.93,0,0,0,7050.694252,8916.954213,0,0,0,0,2.00712717,,0.000251399,,0.000251399,0,2,0,2,7983.824173,7050.694133,8916.954213,0,0,0,0,0,0
15447749.27,5064824.717,15450749.27,5064824.717,15450749.27,5061824.717,15447749.27,5061824.717,63515106.93,3.15E-08,0,8689.843248,479.874608,8516.966682,2,0,1.57E-08,2.377808346,1.585205564,,0.000273631,,0.000273631,2,4,0,3,5793.228832,499.5085073,8996.841287,0.5,0,0,1.57E-08,4,0
15447749.27,5061824.717,15450749.27,5061824.717,15450749.27,5058824.717,15447749.27,5058824.717,63515106.93,3.15E-08,0,7203.234776,326.7492884,6523.484881,2,0,1.57E-08,1.63383465,0.816917325,,0.00022682,,0.00022682,2,5,0,4,3601.617388,448.4353167,6850.234729,0.5,0,0,1.57E-08,4,0
15447749.27,5058824.717,15450749.27,5058824.717,15450749.27,5055824.717,15447749.27,5055824.717,63515106.93,2.36E-08,7.87E-09,9381.844727,1654.611251,6748.780899,2,4,1.57E-08,2.078694693,1.55902102,,0.000221566,,0.000221566,1.5,3,0.5,2,7036.383545,5669.374941,8403.392149,0.666666667,2,3,1,3,1
15447749.27,5055824.717,15450749.27,5055824.717,15450749.27,5052824.717,15447749.27,5052824.717,63515106.93,2.36E-08,7.87E-09,9963.270676,2971.141611,6232.700769,2,4,1.57E-08,2.344326429,1.758244822,,0.000235297,,0.000235297,1.5,3,0.5,2,7472.453007,6232.700769,8712.205244,0.666666667,2,3,1,3,1
15447749.27,5052824.717,15450749.27,5052824.717,15450749.27,5049824.717,15447749.27,5049824.717,63515106.93,2.36E-08,7.87E-09,5664.797471,1940.104549,4399.62616,2,4,1.57E-08,0.757849556,0.568387167,,0.000133782,,0.000133782,1.5,3,0.5,2,4248.598104,4097.570047,4399.62616,0.666666667,2,3,1,3,1
15447749.27,5049824.717,15450749.27,5049824.717,15450749.27,5046824.717,15447749.27,5046824.717,63515106.93,0,0,0,7574.758042,7574.758042,0,0,0,0,0.903359294,,0.000119259,,0.000119259,0,1,0,1,7574.758224,7574.758224,7574.758224,0,0,0,0,0,0
15447749.27,5046824.717,15450749.27,5046824.717,15450749.27,5043824.717,15447749.27,5043824.717,63515106.93,0,0,0,7386.564876,8921.052688,0,0,0,0,2.09350501,,0.000256752,,0.000256752,0,2,0,2,8153.808759,7386.564876,8921.052641,0,0,0,0,0,0
15447749.27,5043824.717,15450749.27,5043824.717,15450749.27,5040824.717,15447749.27,5040824.717,63515106.93,0,0,0,5559.814472,8937.541501,0,0,0,0,1.654514464,,0.000228251,,0.000228251,0,2,0,2,7248.677917,5559.814334,8937.541501,0,0,0,0,0,0
15447749.27,5040824.717,15450749.27,5040824.717,15450749.27,5037824.717,15447749.27,5037824.717,63515106.93,0,0,0,2057.919654,8368.271006,0,0,0,0,0.855744853,,0.000164153,,0.000164153,0,2,0,2,5213.09533,2057.919654,8368.271006,0,0,0,0,0,0
15447749.27,5037824.717,15450749.27,5037824.717,15450749.27,5034824.717,15447749.27,5034824.717,63515106.93,0,0,0,4978.236938,8202.410552,0,0,0,0,1.367623205,,0.00020752,,0.00020752,0,2,0,2,6590.323745,4978.236938,8202.410552,0,0,0,0,0,0
15447749.27,5034824.717,15450749.27,5034824.717,15450749.27,5031824.717,15447749.27,5031824.717,63515106.93,0,0,0,8886.210283,8886.210283,0,0,0,0,1.243243332,,0.000139907,,0.000139907,0,1,0,1,8886.210283,8886.210283,8886.210283,0,0,0,0,0,0
15447749.27,5031824.717,15450749.27,5031824.717,15450749.27,5028824.717,15447749.27,5028824.717,63515106.93,0,0,0,6323.666282,6323.666282,0,0,0,0,0.629594394,,9.96E-05,,9.96E-05,0,1,0,1,6323.666282,6323.666282,6323.666282,0,0,0,0,0,0
15447749.27,5028824.717,15450749.27,5028824.717,15450749.27,5025824.717,15447749.27,5025824.717,63515106.93,0,0,0,0,0,0,0,0,0,0,,0,,0,0,0,0,0,0,0,0,0,0,0,0,0,0
15447749.27,5025824.717,15450749.27,5025824.717,15450749.27,5022824.717,15447749.27,5022824.717,63515106.93,0,0,0,0,0,0,0,0,0,0,,0,,0,0,0,0,0,0,0,0,0,0,0,0,0,0
15447749.27,5022824.717,15450749.27,5022824.717,15450749.27,5019824.717,15447749.27,5019824.717,63515106.93,0,0,0,0,0,0,0,0,0,0,,0,,0,0,0,0,0,0,0,0,0,0,0,0,0,0
15447749.27,5019824.717,15450749.27,5019824.717,15450749.27,5016824.717,15447749.27,5016824.717,63515106.93,0,0,0,0,0,0,0,0,0,0,,0,,0,0,0,0,0,0,0,0,0,0,0,0,0,0
15447749.27,5016824.717,15450749.27,5016824.717,15450749.27,5013824.717,15447749.27,5013824.717,63515106.93,0,0,0,0,0,0,0,0,0,0,,0,,0,0,0,0,0,0,0,0,0,0,0,0,0,0
15447749.27,5013824.717,15450749.27,5013824.717,15450749.27,5010824.717,15447749.27,5010824.717,63515106.93,0,0,0,0,0,0,0,0,0,0,,0,,0,0,0,0,0,0,0,0,0,0,0,0,0,0
15447749.27,5010824.717,15450749.27,5010824.717,15450749.27,5007824.717,15447749.27,5007824.717,63515106.93,0,0,0,0,0,0,0,0,0,0,,0,,0,0,0,0,0,0,0,0,0,0,0,0,0,0
15447749.27,5007824.717,15450749.27,5007824.717,15450749.27,5004824.717,15447749.27,5004824.717,63515106.93,0,0,0,0,0,0,0,0,0,0,,0,,0,0,0,0,0,0,0,0,0,0,0,0,0,0
15447749.27,5004824.717,15450749.27,5004824.717,15450749.27,5001824.717,15447749.27,5001824.717,63515106.93,0,0,0,5327.523175,5327.523175,0,0,0,0,0.446862243,,8.39E-05,,8.39E-05,0,1,0,1,5327.523175,5327.523175,5327.523175,0,0,0,0,0,0
15447749.27,5001824.717,15450749.27,5001824.717,15450749.27,4998824.717,15447749.27,4998824.717,63515106.93,7.87E-09,7.87E-09,20670.6774,1648.260511,8687.078189,0,0,0,3.363584861,0.840896215,,0.000162723,,0.000162723,0.5,2,0.5,2,5167.66935,1648.260511,8687.078189,0,0,1,0,7.87E-09,31757553.47
15447749.27,4998824.717,15450749.27,4998824.717,15450749.27,4995824.717,15447749.27,4995824.717,63515106.93,1.57E-08,1.57E-08,11268.53034,999.5581433,8610.879349,0,0,0,1.999205892,0.666401964,,0.000177415,,0.000177415,1,3,1,3,3756.176779,999.5581433,8610.879349,0,0,1,0,1.57E-08,63515106.93
15447749.27,4995824.717,15450749.27,4995824.717,15450749.27,4992824.717,15447749.27,4992824.717,63515106.93,7.87E-09,7.87E-09,22233.16567,4955.416734,6161.166102,0,0,0,3.891307751,0.972826938,,0.000175023,,0.000175023,0.5,2,0.5,2,5558.291418,4955.416734,6161.166102,0,0,1,0,7.87E-09,31757553.47
15447749.27,4992824.717,15450749.27,4992824.717,15450749.27,4989824.717,15447749.27,4989824.717,63515106.93,0,0,0,8921.845126,8921.845126,0,0,0,0,1.253234455,,0.000140468,,0.000140468,0,1,0,1,8921.845126,8921.845126,8921.845126,0,0,0,0,0,0
15447749.27,4989824.717,15450749.27,4989824.717,15450749.27,4986824.717,15447749.27,4986824.717,63515106.93,0,0,0,8608.224401,8608.224401,0,0,0,0,1.166675629,,0.00013553,,0.00013553,0,1,0,1,8608.224401,8608.224401,8608.224401,0,0,0,0,0,0
15447749.27,4986824.717,15450749.27,4986824.717,15450749.27,4983824.717,15447749.27,4983824.717,63515106.93,0,0,0,6249.265741,6249.265741,0,0,0,0,0.61486667,,9.84E-05,,9.84E-05,0,1,0,1,6249.265741,6249.265741,6249.265741,0,0,0,0,0,0
15447749.27,4983824.717,15450749.27,4983824.717,15450749.27,4980824.717,15447749.27,4980824.717,63515106.93,7.87E-09,7.87E-09,21153.71996,4008.642845,6568.217136,0,0,0,3.522625481,0.88065637,,0.000166525,,0.000166525,0.5,2,0.5,2,5288.42999,4008.642845,6568.217136,0,0,1,0,7.87E-09,31757553.47
15447749.27,4980824.717,15450749.27,4980824.717,15450749.27,4977824.717,15447749.27,4977824.717,63515106.93,7.87E-09,7.87E-09,26235.22657,4224.751179,8892.862104,0,0,0,5.41829453,1.354573632,,0.000206527,,0.000206527,0.5,2,0.5,2,6558.806641,4224.751179,8892.862104,0,0,1,0,7.87E-09,31757553.47
15447749.27,4977824.717,15450749.27,4977824.717,15450749.27,4974824.717,15447749.27,4974824.717,63515106.93,7.87E-09,7.87E-09,21295.14262,2264.535482,8383.035827,0,0,0,3.569883773,0.892470943,,0.000167638,,0.000167638,0.5,2,0.5,2,5323.785655,2264.535482,8383.035827,0,0,1,0,7.87E-09,31757553.47
15447749.27,4974824.717,15450749.27,4974824.717,15450749.27,4971824.717,15447749.27,4971824.717,63515106.93,0,0,0,3977.98077,3977.98077,0,0,0,0,0.249142791,,6.26E-05,,6.26E-05,0,1,0,1,3977.98077,3977.98077,3977.98077,0,0,0,0,0,0
15447749.27,4971824.717,15450749.27,4971824.717,15450749.27,4968824.717,15447749.27,4968824.717,63515106.93,0,0,0,0,0,0,0,0,0,0,,0,,0,0,0,0,0,0,0,0,0,0,0,0,0,0
15447749.27,4968824.717,15450749.27,4968824.717,15450749.27,4965824.717,15447749.27,4965824.717,63515106.93,0,0,0,0,0,0,0,0,0,0,,0,,0,0,0,0,0,0,0,0,0,0,0,0,0,0
15447749.27,4965824.717,15450749.27,4965824.717,15450749.27,4962824.717,15447749.27,4962824.717,63515106.93,0,0,0,0,0,0,0,0,0,0,,0,,0,0,0,0,0,0,0,0,0,0,0,0,0,0
15447749.27,4962824.717,15450749.27,4962824.717,15450749.27,4959824.717,15447749.27,4959824.717,63515106.93,0,0,0,0,0,0,0,0,0,0,,0,,0,0,0,0,0,0,0,0,0,0,0,0,0,0
15447749.27,4959824.717,15450749.27,4959824.717,15450749.27,4956824.717,15447749.27,4956824.717,63515106.93,0,0,0,0,0,0,0,0,0,0,,0,,0,0,0,0,0,0,0,0,0,0,0,0,0,0
15447749.27,4956824.717,15450749.27,4956824.717,15450749.27,4953824.717,15447749.27,4953824.717,63515106.93,0,0,0,0,0,0,0,0,0,0,,0,,0,0,0,0,0,0,0,0,0,0,0,0,0,0
15447749.27,4953824.717,15450749.27,4953824.717,15450749.27,4950824.717,15447749.27,4950824.717,63515106.93,0,0,0,0,0,0,0,0,0,0,,0,,0,0,0,0,0,0,0,0,0,0,0,0,0,0
15447749.27,4950824.717,15450749.27,4950824.717,15450749.27,4947824.717,15447749.27,4947824.717,63515106.93,0,0,0,0,0,0,0,0,0,0,,0,,0,0,0,0,0,0,0,0,0,0,0,0,0,0
15447749.27,4947824.717,15450749.27,4947824.717,15450749.27,4944824.717,15447749.27,4944824.717,63515106.93,0,0,0,0,0,0,0,0,0,0,,0,,0,0,0,0,0,0,0,0,0,0,0,0,0,0
15447749.27,4944824.717,15450749.27,4944824.717,15450749.27,4941824.717,15447749.27,4941824.717,63515106.93,0,0,0,0,0,0,0,0,0,0,,0,,0,0,0,0,0,0,0,0,0,0,0,0,0,0
15450749.27,5124824.717,15453749.27,5124824.717,15453749.27,5121824.717,15450749.27,5121824.717,63515106.93,0,0,0,8281.318576,8281.318576,0,0,0,0,1.079746861,,0.000130383,,0.000130383,0,1,0,1,8281.318576,8281.318576,8281.318576,0,0,0,0,0,0
15450749.27,5121824.717,15453749.27,5121824.717,15453749.27,5118824.717,15450749.27,5118824.717,63515106.93,0,0,0,3921.429983,7894.942629,0,0,0,0,1.661626272,,0.000280149,,0.000280149,0,3,0,3,5931.227258,3921.429983,7894.942764,0,0,0,0,0,0
15450749.27,5118824.717,15453749.27,5118824.717,15453749.27,5115824.717,15450749.27,5115824.717,63515106.93,2.36E-08,7.87E-09,10922.62513,1372.164504,7545.068393,2,4,1.57E-08,2.817528273,2.113146205,,0.000257953,,0.000257953,1.5,3,0.5,2,8191.968846,7466.704818,8917.232874,0.666666667,2,3,1,3,1
15450749.27,5115824.717,15453749.27,5115824.717,15453749.27,5112824.717,15450749.27,5112824.717,63515106.93,3.15E-08,1.57E-08,8231.191002,1170.090246,7096.955933,1.5,2,1.57E-08,2.133429623,1.422286415,,0.000259188,,0.000259188,2,4,1,3,5487.460668,3266.413852,7096.955933,0.5,1,3.5,1,3.000000008,31757554.47
15450749.27,5112824.717,15453749.27,5112824.717,15453749.27,5109824.717,15450749.27,5109824.717,63515106.93,7.87E-09,7.87E-09,21024.69947,4657.051121,5855.298612,0,0,0,3.479786219,0.869946555,,0.000165509,,0.000165509,0.5,2,0.5,2,5256.174866,4657.051121,5855.298612,0,0,1,0,7.87E-09,31757553.47
15450749.27,5109824.717,15453749.27,5109824.717,15453749.27,5106824.717,15450749.27,5106824.717,63515106.93,1.57E-08,1.57E-08,12057.19657,3734.352745,8322.84382,0,0,0,2.288841128,1.144420564,,0.000189832,,0.000189832,1,2,1,2,6028.598283,3734.352745,8322.84382,0,0,1,0,1.57E-08,63515106.93
15450749.27,5106824.717,15453749.27,5106824.717,15453749.27,5103824.717,15450749.27,5103824.717,63515106.93,0,0,0,7421.882302,7421.882302,0,0,0,0,0.867263547,,0.000116852,,0.000116852,0,1,0,1,7421.882302,7421.882302,7421.882302,0,0,0,0,0,0
15450749.27,5103824.717,15453749.27,5103824.717,15453749.27,5100824.717,15450749.27,5100824.717,63515106.93,0,0,0,0,0,0,0,0,0,0,,0,,0,0,0,0,0,0,0,0,0,0,0,0,0,0
15450749.27,5100824.717,15453749.27,5100824.717,15453749.27,5097824.717,15450749.27,5097824.717,63515106.93,0,0,0,0,0,0,0,0,0,0,,0,,0,0,0,0,0,0,0,0,0,0,0,0,0,0
15450749.27,5097824.717,15453749.27,5097824.717,15453749.27,5094824.717,15450749.27,5094824.717,63515106.93,0,0,0,0,0,0,0,0,0,0,,0,,0,0,0,0,0,0,0,0,0,0,0,0,0,0
15450749.27,5094824.717,15453749.27,5094824.717,15453749.27,5091824.717,15450749.27,5091824.717,63515106.93,0,0,0,6269.167899,6269.167899,0,0,0,0,0.618789262,,9.87E-05,,9.87E-05,0,1,0,1,6269.167899,6269.167899,6269.167899,0,0,0,0,0,0
15450749.27,5091824.717,15453749.27,5091824.717,15453749.27,5088824.717,15450749.27,5088824.717,63515106.93,0,0,0,9060.926843,9060.926843,0,0,0,0,1.292612092,,0.000142658,,0.000142658,0,1,0,1,9060.926843,9060.926843,9060.926843,0,0,0,0,0,0
15450749.27,5088824.717,15453749.27,5088824.717,15453749.27,5085824.717,15450749.27,5085824.717,63515106.93,7.87E-09,7.87E-09,29548.95268,6799.178407,7975.297931,0,0,0,6.873487635,1.718371909,,0.000232614,,0.000232614,0.5,2,0.5,2,7387.238169,6799.178407,7975.297931,0,0,1,0,7.87E-09,31757553.47
15450749.27,5085824.717,15453749.27,5085824.717,15453749.27,5082824.717,15450749.27,5082824.717,63515106.93,0,0,0,9007.485566,9007.485566,0,0,0,0,1.277409424,,0.000141816,,0.000141816,0,1,0,1,9007.485561,9007.485561,9007.485561,0,0,0,0,0,0
15450749.27,5082824.717,15453749.27,5082824.717,15453749.27,5079824.717,15450749.27,5079824.717,63515106.93,0,0,0,6711.918326,8392.033613,0,0,0,0,1.795866961,,0.000237801,,0.000237801,0,2,0,2,7551.97597,6711.918326,8392.033613,0,0,0,0,0,0
15450749.27,5079824.717,15453749.27,5079824.717,15453749.27,5076824.717,15450749.27,5076824.717,63515106.93,0,0,0,8668.0751,8668.0751,0,0,0,0,1.182955199,,0.000136473,,0.000136473,0,1,0,1,8668.0751,8668.0751,8668.0751,0,0,0,0,0,0
15450749.27,5076824.717,15453749.27,5076824.717,15453749.27,5073824.717,15450749.27,5073824.717,63515106.93,7.87E-09,7.87E-09,22404.25149,4363.577618,6838.548126,0,0,0,3.951425959,0.98785649,,0.000176369,,0.000176369,0.5,2,0.5,2,5601.062872,4363.577618,6838.548126,0,0,1,0,7.87E-09,31757553.47
15450749.27,5073824.717,15453749.27,5073824.717,15453749.27,5070824.717,15450749.27,5070824.717,63515106.93,7.87E-09,7.87E-09,24512.98848,5730.776165,6525.718076,0,0,0,4.730265234,1.182566308,,0.00019297,,0.00019297,0.5,2,0.5,2,6128.24712,5730.776165,6525.718076,0,0,1,0,7.87E-09,31757553.47
15450749.27,5070824.717,15453749.27,5070824.717,15453749.27,5067824.717,15450749.27,5067824.717,63515106.93,7.87E-09,7.87E-09,26049.12073,4340.097528,8684.462839,0,0,0,5.341695258,1.335423814,,0.000205062,,0.000205062,0.5,2,0.5,2,6512.280183,4340.097528,8684.462839,0,0,1,0,7.87E-09,31757553.47
15450749.27,5067824.717,15453749.27,5067824.717,15453749.27,5064824.717,15450749.27,5064824.717,63515106.93,0,0,0,8087.328203,8724.643569,0,0,0,0,2.225001331,,0.000264692,,0.000264692,0,2,0,2,8405.985886,8087.328203,8724.643569,0,0,0,0,0,0
15450749.27,5064824.717,15453749.27,5064824.717,15453749.27,5061824.717,15450749.27,5061824.717,63515106.93,0,0,0,5603.34248,8810.90924,0,0,0,0,1.635600274,,0.000226942,,0.000226942,0,2,0,2,7207.12586,5603.34248,8810.90924,0,0,0,0,0,0
15450749.27,5061824.717,15453749.27,5061824.717,15453749.27,5058824.717,15450749.27,5058824.717,63515106.93,0,0,0,4681.898608,6173.46289,0,0,0,0,0.927644457,,0.00017091,,0.00017091,0,2,0,2,5427.680762,4681.898608,6173.462916,0,0,0,0,0,0
15450749.27,5058824.717,15453749.27,5058824.717,15453749.27,5055824.717,15450749.27,5055824.717,63515106.93,0,0,0,7759.636497,8937.242592,0,0,0,0,2.19464144,,0.00026288,,0.00026288,0,2,0,2,8348.439547,7759.636497,8937.242596,0,0,0,0,0,0
15450749.27,5055824.717,15453749.27,5055824.717,15453749.27,5052824.717,15450749.27,5052824.717,63515106.93,0,0,0,7721.002404,8868.783715,0,0,0,0,2.166579058,,0.000261194,,0.000261194,0,2,0,2,8294.893024,7721.002333,8868.783715,0,0,0,0,0,0
15450749.27,5052824.717,15453749.27,5052824.717,15453749.27,5049824.717,15450749.27,5049824.717,63515106.93,0,0,0,5150.550262,5150.550262,0,0,0,0,0.41766706,,8.11E-05,,8.11E-05,0,1,0,1,5150.550262,5150.550262,5150.550262,0,0,0,0,0,0
15450749.27,5049824.717,15453749.27,5049824.717,15453749.27,5046824.717,15450749.27,5046824.717,63515106.93,2.36E-08,7.87E-09,7600.220895,2661.996317,5296.129699,2,4,1.57E-08,1.364164223,1.023123167,,0.00017949,,0.00017949,1.5,3,0.5,2,5700.165671,3442.20531,7958.126032,0.666666667,2,3,1,3,1
15450749.27,5046824.717,15453749.27,5046824.717,15453749.27,5043824.717,15450749.27,5043824.717,63515106.93,2.36E-08,7.87E-09,10103.81675,2749.278611,6333.345619,2,4,1.57E-08,2.410933033,1.808199775,,0.000238616,,0.000238616,1.5,3,0.5,2,7577.862564,6333.345619,8822.379509,0.666666667,2,3,1,3,1
15450749.27,5043824.717,15453749.27,5043824.717,15453749.27,5040824.717,15450749.27,5040824.717,63515106.93,2.36E-08,7.87E-09,8485.029909,260.8239306,8207.560637,2,4,1.57E-08,1.700282091,1.275211568,,0.000200386,,0.000200386,1.5,3,0.5,2,6363.772432,4519.984226,8207.560637,0.666666667,2,3,1,3,1
15450749.27,5040824.717,15453749.27,5040824.717,15453749.27,5037824.717,15450749.27,5037824.717,63515106.93,0,0,0,5022.2574,7135.149995,0,0,0,0,1.163522835,,0.00019141,,0.00019141,0,2,0,2,6078.703698,5022.2574,7135.149995,0,0,0,0,0,0
15450749.27,5037824.717,15453749.27,5037824.717,15453749.27,5034824.717,15450749.27,5034824.717,63515106.93,0,0,0,8980.014211,8980.014211,0,0,0,0,1.269629528,,0.000141384,,0.000141384,0,1,0,1,8980.014211,8980.014211,8980.014211,0,0,0,0,0,0
15450749.27,5034824.717,15453749.27,5034824.717,15453749.27,5031824.717,15450749.27,5031824.717,63515106.93,0,0,0,7748.209262,7748.209262,0,0,0,0,0.945204215,,0.00012199,,0.00012199,0,1,0,1,7748.209262,7748.209262,7748.209262,0,0,0,0,0,0
15450749.27,5031824.717,15453749.27,5031824.717,15453749.27,5028824.717,15450749.27,5028824.717,63515106.93,0,0,0,0,0,0,0,0,0,0,,0,,0,0,0,0,0,0,0,0,0,0,0,0,0,0
15450749.27,5028824.717,15453749.27,5028824.717,15453749.27,5025824.717,15450749.27,5025824.717,63515106.93,0,0,0,0,0,0,0,0,0,0,,0,,0,0,0,0,0,0,0,0,0,0,0,0,0,0
15450749.27,5025824.717,15453749.27,5025824.717,15453749.27,5022824.717,15450749.27,5022824.717,63515106.93,0,0,0,0,0,0,0,0,0,0,,0,,0,0,0,0,0,0,0,0,0,0,0,0,0,0
15450749.27,5022824.717,15453749.27,5022824.717,15453749.27,5019824.717,15450749.27,5019824.717,63515106.93,0,0,0,0,0,0,0,0,0,0,,0,,0,0,0,0,0,0,0,0,0,0,0,0,0,0
15450749.27,5019824.717,15453749.27,5019824.717,15453749.27,5016824.717,15450749.27,5016824.717,63515106.93,0,0,0,0,0,0,0,0,0,0,,0,,0,0,0,0,0,0,0,0,0,0,0,0,0,0
15450749.27,5016824.717,15453749.27,5016824.717,15453749.27,5013824.717,15450749.27,5013824.717,63515106.93,0,0,0,0,0,0,0,0,0,0,,0,,0,0,0,0,0,0,0,0,0,0,0,0,0,0
15450749.27,5013824.717,15453749.27,5013824.717,15453749.27,5010824.717,15450749.27,5010824.717,63515106.93,0,0,0,0,0,0,0,0,0,0,,0,,0,0,0,0,0,0,0,0,0,0,0,0,0,0
15450749.27,5010824.717,15453749.27,5010824.717,15453749.27,5007824.717,15450749.27,5007824.717,63515106.93,0,0,0,0,0,0,0,0,0,0,,0,,0,0,0,0,0,0,0,0,0,0,0,0,0,0
15450749.27,5007824.717,15453749.27,5007824.717,15453749.27,5004824.717,15450749.27,5004824.717,63515106.93,0,0,0,0,0,0,0,0,0,0,,0,,0,0,0,0,0,0,0,0,0,0,0,0,0,0
15450749.27,5004824.717,15453749.27,5004824.717,15453749.27,5001824.717,15450749.27,5001824.717,63515106.93,0,0,0,0,0,0,0,0,0,0,,0,,0,0,0,0,0,0,0,0,0,0,0,0,0,0
15450749.27,5001824.717,15453749.27,5001824.717,15453749.27,4998824.717,15450749.27,4998824.717,63515106.93,0,0,0,6902.224346,6902.224346,0,0,0,0,0.750068814,,0.000108671,,0.000108671,0,1,0,1,6902.224346,6902.224346,6902.224346,0,0,0,0,0,0
15450749.27,4998824.717,15453749.27,4998824.717,15453749.27,4995824.717,15450749.27,4995824.717,63515106.93,7.87E-09,7.87E-09,22250.54073,2171.291302,8953.979064,0,0,0,3.897392185,0.974348046,,0.000175159,,0.000175159,0.5,2,0.5,2,5562.635183,2171.291302,8953.979064,0,0,1,0,7.87E-09,31757553.47
15450749.27,4995824.717,15453749.27,4995824.717,15453749.27,4992824.717,15450749.27,4992824.717,63515106.93,7.87E-09,7.87E-09,26055.45163,5011.380726,8016.345089,0,0,0,5.344292031,1.336073008,,0.000205112,,0.000205112,0.5,2,0.5,2,6513.862907,5011.380726,8016.345089,0,0,1,0,7.87E-09,31757553.47
15450749.27,4992824.717,15453749.27,4992824.717,15453749.27,4989824.717,15450749.27,4989824.717,63515106.93,7.87E-09,7.87E-09,13985.35309,6992.676546,6992.676546,0,0,0,1.539713232,0.769856616,,0.000110095,,0.000110095,0.5,1,0.5,1,6992.676546,6992.676546,6992.676546,0,0,1,0,7.87E-09,31757553.47
15450749.27,4989824.717,15453749.27,4989824.717,15453749.27,4986824.717,15450749.27,4986824.717,63515106.93,0,0,0,5325.833331,5325.833331,0,0,0,0,0.446578807,,8.39E-05,,8.39E-05,0,1,0,1,5325.833331,5325.833331,5325.833331,0,0,0,0,0,0
15450749.27,4986824.717,15453749.27,4986824.717,15453749.27,4983824.717,15450749.27,4983824.717,63515106.93,0,0,0,0,0,0,0,0,0,0,,0,,0,0,0,0,0,0,0,0,0,0,0,0,0,0
15450749.27,4983824.717,15453749.27,4983824.717,15453749.27,4980824.717,15450749.27,4980824.717,63515106.93,7.87E-09,7.87E-09,16736.37159,8368.185794,8368.185794,0,0,0,2.205035522,1.102517761,,0.000131751,,0.000131751,0.5,1,0.5,1,8368.185794,8368.185794,8368.185794,0,0,1,0,7.87E-09,31757553.47
15450749.27,4980824.717,15453749.27,4980824.717,15453749.27,4977824.717,15450749.27,4977824.717,63515106.93,7.87E-09,7.87E-09,28890.95572,6998.102506,7447.375355,0,0,0,6.570777905,1.642694476,,0.000227434,,0.000227434,0.5,2,0.5,2,7222.738931,6998.102506,7447.375355,0,0,1,0,7.87E-09,31757553.47
15450749.27,4977824.717,15453749.27,4977824.717,15453749.27,4974824.717,15450749.27,4974824.717,63515106.93,7.87E-09,7.87E-09,26631.00548,4335.952856,8979.549885,0,0,0,5.583006054,1.395751513,,0.000209643,,0.000209643,0.5,2,0.5,2,6657.751371,4335.952856,8979.549885,0,0,1,0,7.87E-09,31757553.47
15450749.27,4974824.717,15453749.27,4974824.717,15453749.27,4971824.717,15450749.27,4971824.717,63515106.93,0,0,0,8141.119248,8141.119248,0,0,0,0,1.043496985,,0.000128176,,0.000128176,0,1,0,1,8141.119248,8141.119248,8141.119248,0,0,0,0,0,0
15450749.27,4971824.717,15453749.27,4971824.717,15453749.27,4968824.717,15450749.27,4968824.717,63515106.93,0,0,0,3424.145755,3424.145755,0,0,0,0,0.184598196,,5.39E-05,,5.39E-05,0,1,0,1,3424.145755,3424.145755,3424.145755,0,0,0,0,0,0
15450749.27,4968824.717,15453749.27,4968824.717,15453749.27,4965824.717,15450749.27,4965824.717,63515106.93,0,0,0,0,0,0,0,0,0,0,,0,,0,0,0,0,0,0,0,0,0,0,0,0,0,0
15450749.27,4965824.717,15453749.27,4965824.717,15453749.27,4962824.717,15450749.27,4962824.717,63515106.93,0,0,0,0,0,0,0,0,0,0,,0,,0,0,0,0,0,0,0,0,0,0,0,0,0,0
15450749.27,4962824.717,15453749.27,4962824.717,15453749.27,4959824.717,15450749.27,4959824.717,63515106.93,0,0,0,0,0,0,0,0,0,0,,0,,0,0,0,0,0,0,0,0,0,0,0,0,0,0
15450749.27,4959824.717,15453749.27,4959824.717,15453749.27,4956824.717,15450749.27,4956824.717,63515106.93,0,0,0,0,0,0,0,0,0,0,,0,,0,0,0,0,0,0,0,0,0,0,0,0,0,0
15450749.27,4956824.717,15453749.27,4956824.717,15453749.27,4953824.717,15450749.27,4953824.717,63515106.93,0,0,0,0,0,0,0,0,0,0,,0,,0,0,0,0,0,0,0,0,0,0,0,0,0,0
15450749.27,4953824.717,15453749.27,4953824.717,15453749.27,4950824.717,15450749.27,4950824.717,63515106.93,0,0,0,0,0,0,0,0,0,0,,0,,0,0,0,0,0,0,0,0,0,0,0,0,0,0
15450749.27,4950824.717,15453749.27,4950824.717,15453749.27,4947824.717,15450749.27,4947824.717,63515106.93,0,0,0,0,0,0,0,0,0,0,,0,,0,0,0,0,0,0,0,0,0,0,0,0,0,0
15450749.27,4947824.717,15453749.27,4947824.717,15453749.27,4944824.717,15450749.27,4944824.717,63515106.93,0,0,0,0,0,0,0,0,0,0,,0,,0,0,0,0,0,0,0,0,0,0,0,0,0,0
15450749.27,4944824.717,15453749.27,4944824.717,15453749.27,4941824.717,15450749.27,4941824.717,63515106.93,0,0,0,0,0,0,0,0,0,0,,0,,0,0,0,0,0,0,0,0,0,0,0,0,0,0
15453749.27,5124824.717,15456749.27,5124824.717,15456749.27,5121824.717,15453749.27,5121824.717,63515106.93,0,0,0,5250.550526,5385.997162,0,0,0,0,0.890623918,,0.000167465,,0.000167465,0,2,0,2,5318.273844,5250.550526,5385.997162,0,0,0,0,0,0
15453749.27,5121824.717,15456749.27,5121824.717,15456749.27,5118824.717,15453749.27,5118824.717,63515106.93,0,0,0,3607.621557,8797.601023,0,0,0,0,1.590830031,,0.000274116,,0.000274116,0,3,0,3,5803.497208,3607.621557,8797.601023,0,0,0,0,0,0
15453749.27,5118824.717,15456749.27,5118824.717,15456749.27,5115824.717,15453749.27,5115824.717,63515106.93,0,0,0,8241.13589,9152.281937,0,0,0,0,2.381567139,,0.000273847,,0.000273847,0,2,0,2,8696.708903,8241.135869,9152.281937,0,0,0,0,0,0
15453749.27,5115824.717,15456749.27,5115824.717,15456749.27,5112824.717,15453749.27,5112824.717,63515106.93,7.87E-09,7.87E-09,27104.73186,5862.113491,7690.25244,0,0,0,5.783399609,1.445849902,,0.000213372,,0.000213372,0.5,2,0.5,2,6776.182965,5862.113491,7690.25244,0,0,1,0,7.87E-09,31757553.47
15453749.27,5112824.717,15456749.27,5112824.717,15456749.27,5109824.717,15453749.27,5109824.717,63515106.93,7.87E-09,7.87E-09,24237.41416,4492.688305,7626.018773,0,0,0,4.624508037,1.156127009,,0.0001908,,0.0001908,0.5,2,0.5,2,6059.353539,4492.688305,7626.018773,0,0,1,0,7.87E-09,31757553.47
15453749.27,5109824.717,15456749.27,5109824.717,15456749.27,5106824.717,15453749.27,5106824.717,63515106.93,7.87E-09,7.87E-09,32182.6467,7283.779711,8807.543641,0,0,0,8.153357514,2.038339379,,0.000253346,,0.000253346,0.5,2,0.5,2,8045.661676,7283.779711,8807.543641,0,0,1,0,7.87E-09,31757553.47
15453749.27,5106824.717,15456749.27,5106824.717,15456749.27,5103824.717,15453749.27,5103824.717,63515106.93,0,0,0,8000.058983,8000.058983,0,0,0,0,1.007649153,,0.000125955,,0.000125955,0,1,0,1,8000.058983,8000.058983,8000.058983,0,0,0,0,0,0
15453749.27,5103824.717,15456749.27,5103824.717,15456749.27,5100824.717,15453749.27,5100824.717,63515106.93,0,0,0,0,0,0,0,0,0,0,,0,,0,0,0,0,0,0,0,0,0,0,0,0,0,0
15453749.27,5100824.717,15456749.27,5100824.717,15456749.27,5097824.717,15453749.27,5097824.717,63515106.93,0,0,0,0,0,0,0,0,0,0,,0,,0,0,0,0,0,0,0,0,0,0,0,0,0,0
15453749.27,5097824.717,15456749.27,5097824.717,15456749.27,5094824.717,15453749.27,5094824.717,63515106.93,0,0,0,0,0,0,0,0,0,0,,0,,0,0,0,0,0,0,0,0,0,0,0,0,0,0
15453749.27,5094824.717,15456749.27,5094824.717,15456749.27,5091824.717,15453749.27,5091824.717,63515106.93,0,0,0,7182.519618,7182.519618,0,0,0,0,0.812225478,,0.000113084,,0.000113084,0,1,0,1,7182.519618,7182.519618,7182.519618,0,0,0,0,0,0
15453749.27,5091824.717,15456749.27,5091824.717,15456749.27,5088824.717,15453749.27,5088824.717,63515106.93,0,0,0,9102.906102,9102.906102,0,0,0,0,1.304617177,,0.000143319,,0.000143319,0,1,0,1,9102.906102,9102.906102,9102.906102,0,0,0,0,0,0
15453749.27,5088824.717,15456749.27,5088824.717,15456749.27,5085824.717,15453749.27,5085824.717,63515106.93,0,0,0,6048.116182,6168.199705,0,0,0,0,1.174825811,,0.000192337,,0.000192337,0,2,0,2,6108.157947,6048.11619,6168.199705,0,0,0,0,0,0
15453749.27,5085824.717,15456749.27,5085824.717,15456749.27,5082824.717,15453749.27,5082824.717,63515106.93,0,0,0,6508.267753,8958.04962,0,0,0,0,1.883071483,,0.000243506,,0.000243506,0,2,0,2,7733.158688,6508.267753,8958.049622,0,0,0,0,0,0
15453749.27,5082824.717,15456749.27,5082824.717,15456749.27,5079824.717,15453749.27,5079824.717,63515106.93,0,0,0,7371.991319,9036.491295,0,0,0,0,2.119482386,,0.00025834,,0.00025834,0,2,0,2,8204.241293,7371.991291,9036.491295,0,0,0,0,0,0
15453749.27,5079824.717,15456749.27,5079824.717,15456749.27,5076824.717,15453749.27,5076824.717,63515106.93,0,0,0,2795.218485,7716.406626,0,0,0,0,0.869826627,,0.000165498,,0.000165498,0,2,0,2,5255.812556,2795.218485,7716.406626,0,0,0,0,0,0
15453749.27,5076824.717,15456749.27,5076824.717,15456749.27,5073824.717,15453749.27,5073824.717,63515106.93,0,0,0,2421.860053,8226.371666,0,0,0,0,0.892581657,,0.000167649,,0.000167649,0,2,0,2,5324.11586,2421.860053,8226.371666,0,0,0,0,0,0
15453749.27,5073824.717,15456749.27,5073824.717,15456749.27,5070824.717,15453749.27,5070824.717,63515106.93,7.87E-09,7.87E-09,32513.51612,7379.553528,8877.204533,0,0,0,8.321868463,2.080467116,,0.000255951,,0.000255951,0.5,2,0.5,2,8128.37903,7379.553528,8877.204533,0,0,1,0,7.87E-09,31757553.47
15453749.27,5070824.717,15456749.27,5070824.717,15456749.27,5067824.717,15453749.27,5067824.717,63515106.93,0,0,0,3986.161119,9000.934383,0,0,0,0,1.583074567,,0.000273447,,0.000273447,0,3,0,3,5789.333595,3986.161119,9000.934383,0,0,0,0,0,0
15453749.27,5067824.717,15456749.27,5067824.717,15456749.27,5064824.717,15453749.27,5064824.717,63515106.93,0,0,0,6629.414501,8655.136808,0,0,0,0,1.83907042,,0.000240644,,0.000240644,0,2,0,2,7642.275655,6629.414501,8655.136808,0,0,0,0,0,0
15453749.27,5064824.717,15456749.27,5064824.717,15456749.27,5061824.717,15453749.27,5061824.717,63515106.93,0,0,0,8329.680379,8329.680379,0,0,0,0,1.092394842,,0.000131145,,0.000131145,0,1,0,1,8329.680379,8329.680379,8329.680379,0,0,0,0,0,0
15453749.27,5061824.717,15456749.27,5061824.717,15456749.27,5058824.717,15453749.27,5058824.717,63515106.93,0,0,0,7721.669464,7721.669464,0,0,0,0,0.938740123,,0.000121572,,0.000121572,0,1,0,1,7721.669464,7721.669464,7721.669464,0,0,0,0,0,0
15453749.27,5058824.717,15456749.27,5058824.717,15456749.27,5055824.717,15453749.27,5055824.717,63515106.93,0,0,0,7909.750596,8932.992517,0,0,0,0,2.233153726,,0.000265177,,0.000265177,0,2,0,2,8421.371555,7909.750596,8932.992515,0,0,0,0,0,0
15453749.27,5055824.717,15456749.27,5055824.717,15456749.27,5052824.717,15453749.27,5052824.717,63515106.93,0,0,0,5875.072158,8821.786052,0,0,0,0,1.700364304,,0.000231392,,0.000231392,0,2,0,2,7348.429105,5875.072158,8821.786052,0,0,0,0,0,0
15453749.27,5052824.717,15456749.27,5052824.717,15456749.27,5049824.717,15453749.27,5049824.717,63515106.93,0,0,0,4695.585447,4695.585447,0,0,0,0,0.347138244,,7.39E-05,,7.39E-05,0,1,0,1,4695.585447,4695.585447,4695.585447,0,0,0,0,0,0
15453749.27,5049824.717,15456749.27,5049824.717,15456749.27,5046824.717,15453749.27,5046824.717,63515106.93,2.36E-08,7.87E-09,6931.660891,2103.068174,5798.689896,2,4,1.57E-08,1.134720345,0.851040259,,0.000163701,,0.000163701,1.5,3,0.5,2,5198.745668,2103.068174,8294.423163,0.666666667,2,3,1,3,1
15453749.27,5046824.717,15456749.27,5046824.717,15456749.27,5043824.717,15453749.27,5043824.717,63515106.93,2.36E-08,7.87E-09,8378.305668,2991.136185,5654.51235,2,4,1.57E-08,1.657778974,1.24333423,,0.000197866,,0.000197866,1.5,3,0.5,2,6283.729251,3921.809972,8645.64853,0.666666667,2,3,1,3,1
15453749.27,5043824.717,15456749.27,5043824.717,15456749.27,5040824.717,15453749.27,5040824.717,63515106.93,2.36E-08,7.87E-09,8434.086818,530.3242744,5259.010925,2,4,1.57E-08,1.679926806,0.839963403,,0.000199183,,0.000199183,1.5,4,0.5,3,4217.043409,3082.080588,5259.010925,0.666666667,2,3,1,3,1
15453749.27,5040824.717,15456749.27,5040824.717,15456749.27,5037824.717,15453749.27,5037824.717,63515106.93,0,0,0,8685.978243,8685.978243,0,0,0,0,1.187846824,,0.000136755,,0.000136755,0,1,0,1,8685.978243,8685.978243,8685.978243,0,0,0,0,0,0
15453749.27,5037824.717,15456749.27,5037824.717,15456749.27,5034824.717,15453749.27,5034824.717,63515106.93,0,0,0,8579.872799,8579.872799,0,0,0,0,1.15900328,,0.000135084,,0.000135084,0,1,0,1,8579.872799,8579.872799,8579.872799,0,0,0,0,0,0
15453749.27,5034824.717,15456749.27,5034824.717,15456749.27,5031824.717,15453749.27,5031824.717,63515106.93,0,0,0,4219.627204,4219.627204,0,0,0,0,0.280331005,,6.64E-05,,6.64E-05,0,1,0,1,4219.627204,4219.627204,4219.627204,0,0,0,0,0,0
15453749.27,5031824.717,15456749.27,5031824.717,15456749.27,5028824.717,15453749.27,5028824.717,63515106.93,0,0,0,0,0,0,0,0,0,0,,0,,0,0,0,0,0,0,0,0,0,0,0,0,0,0
15453749.27,5028824.717,15456749.27,5028824.717,15456749.27,5025824.717,15453749.27,5025824.717,63515106.93,0,0,0,0,0,0,0,0,0,0,,0,,0,0,0,0,0,0,0,0,0,0,0,0,0,0
15453749.27,5025824.717,15456749.27,5025824.717,15456749.27,5022824.717,15453749.27,5022824.717,63515106.93,0,0,0,0,0,0,0,0,0,0,,0,,0,0,0,0,0,0,0,0,0,0,0,0,0,0
15453749.27,5022824.717,15456749.27,5022824.717,15456749.27,5019824.717,15453749.27,5019824.717,63515106.93,0,0,0,0,0,0,0,0,0,0,,0,,0,0,0,0,0,0,0,0,0,0,0,0,0,0
15453749.27,5019824.717,15456749.27,5019824.717,15456749.27,5016824.717,15453749.27,5016824.717,63515106.93,0,0,0,0,0,0,0,0,0,0,,0,,0,0,0,0,0,0,0,0,0,0,0,0,0,0
15453749.27,5016824.717,15456749.27,5016824.717,15456749.27,5013824.717,15453749.27,5013824.717,63515106.93,0,0,0,0,0,0,0,0,0,0,,0,,0,0,0,0,0,0,0,0,0,0,0,0,0,0
15453749.27,5013824.717,15456749.27,5013824.717,15456749.27,5010824.717,15453749.27,5010824.717,63515106.93,0,0,0,0,0,0,0,0,0,0,,0,,0,0,0,0,0,0,0,0,0,0,0,0,0,0
15453749.27,5010824.717,15456749.27,5010824.717,15456749.27,5007824.717,15453749.27,5007824.717,63515106.93,0,0,0,0,0,0,0,0,0,0,,0,,0,0,0,0,0,0,0,0,0,0,0,0,0,0
15453749.27,5007824.717,15456749.27,5007824.717,15456749.27,5004824.717,15453749.27,5004824.717,63515106.93,0,0,0,0,0,0,0,0,0,0,,0,,0,0,0,0,0,0,0,0,0,0,0,0,0,0
15453749.27,5004824.717,15456749.27,5004824.717,15456749.27,5001824.717,15453749.27,5001824.717,63515106.93,0,0,0,0,0,0,0,0,0,0,,0,,0,0,0,0,0,0,0,0,0,0,0,0,0,0
15453749.27,5001824.717,15456749.27,5001824.717,15456749.27,4998824.717,15453749.27,4998824.717,63515106.93,0,0,0,0,0,0,0,0,0,0,,0,,0,0,0,0,0,0,0,0,0,0,0,0,0,0
15453749.27,4998824.717,15456749.27,4998824.717,15456749.27,4995824.717,15453749.27,4995824.717,63515106.93,1.57E-08,1.57E-08,11360.52629,787.0764619,7913.107256,0,0,0,2.031982055,0.677327352,,0.000178863,,0.000178863,1,3,1,3,3786.842095,787.0764619,7913.107256,0,0,1,0,1.57E-08,63515106.93
15453749.27,4995824.717,15456749.27,4995824.717,15456749.27,4992824.717,15453749.27,4992824.717,63515106.93,1.57E-08,1.57E-08,14243.86116,2601.263877,8964.365693,0,0,0,3.194320067,1.064773356,,0.000224259,,0.000224259,1,3,1,3,4747.953719,2601.263877,8964.365693,0,0,1,0,1.57E-08,63515106.93
15453749.27,4992824.717,15456749.27,4992824.717,15456749.27,4989824.717,15453749.27,4989824.717,63515106.93,1.57E-08,1.57E-08,10754.41856,805.1971749,6921.012024,0,0,0,1.820945035,0.606981678,,0.000169321,,0.000169321,1,3,1,3,3584.806188,805.1971749,6921.012024,0,0,1,0,1.57E-08,63515106.93
15453749.27,4989824.717,15456749.27,4989824.717,15456749.27,4986824.717,15453749.27,4986824.717,63515106.93,0,0,0,3506.451161,3506.451161,0,0,0,0,0.193579139,,5.52E-05,,5.52E-05,0,1,0,1,3506.451161,3506.451161,3506.451161,0,0,0,0,0,0
15453749.27,4986824.717,15456749.27,4986824.717,15456749.27,4983824.717,15453749.27,4983824.717,63515106.93,0,0,0,7940.941597,7940.941597,0,0,0,0,0.992811891,,0.000125024,,0.000125024,0,1,0,1,7940.941597,7940.941597,7940.941597,0,0,0,0,0,0
15453749.27,4983824.717,15456749.27,4983824.717,15456749.27,4980824.717,15453749.27,4980824.717,63515106.93,0,0,0,9413.15673,9413.15673,0,0,0,0,1.395062118,,0.000148203,,0.000148203,0,1,0,1,9413.15673,9413.15673,9413.15673,0,0,0,0,0,0
15453749.27,4980824.717,15456749.27,4980824.717,15456749.27,4977824.717,15453749.27,4977824.717,63515106.93,0,0,0,1977.260382,7465.140532,0,0,0,0,0.70187188,,0.000148664,,0.000148664,0,2,0,2,4721.200457,1977.260382,7465.140532,0,0,0,0,0,0
15453749.27,4977824.717,15456749.27,4977824.717,15456749.27,4974824.717,15453749.27,4974824.717,63515106.93,0,0,0,7726.451947,7726.451947,0,0,0,0,0.939903317,,0.000121647,,0.000121647,0,1,0,1,7726.451947,7726.451947,7726.451947,0,0,0,0,0,0
15453749.27,4974824.717,15456749.27,4974824.717,15456749.27,4971824.717,15453749.27,4971824.717,63515106.93,0,0,0,8991.625178,8991.625178,0,0,0,0,1.272914858,,0.000141567,,0.000141567,0,1,0,1,8991.625178,8991.625178,8991.625178,0,0,0,0,0,0
15453749.27,4971824.717,15456749.27,4971824.717,15456749.27,4968824.717,15453749.27,4968824.717,63515106.93,0,0,0,8053.640298,8053.640298,0,0,0,0,1.021192047,,0.000126799,,0.000126799,0,1,0,1,8053.640298,8053.640298,8053.640298,0,0,0,0,0,0
15453749.27,4968824.717,15456749.27,4968824.717,15456749.27,4965824.717,15453749.27,4965824.717,63515106.93,0,0,0,3586.678025,3586.678025,0,0,0,0,0.202538575,,5.65E-05,,5.65E-05,0,1,0,1,3586.678025,3586.678025,3586.678025,0,0,0,0,0,0
15453749.27,4965824.717,15456749.27,4965824.717,15456749.27,4962824.717,15453749.27,4962824.717,63515106.93,0,0,0,0,0,0,0,0,0,0,,0,,0,0,0,0,0,0,0,0,0,0,0,0,0,0
15453749.27,4962824.717,15456749.27,4962824.717,15456749.27,4959824.717,15453749.27,4959824.717,63515106.93,0,0,0,0,0,0,0,0,0,0,,0,,0,0,0,0,0,0,0,0,0,0,0,0,0,0
15453749.27,4959824.717,15456749.27,4959824.717,15456749.27,4956824.717,15453749.27,4956824.717,63515106.93,0,0,0,0,0,0,0,0,0,0,,0,,0,0,0,0,0,0,0,0,0,0,0,0,0,0
15453749.27,4956824.717,15456749.27,4956824.717,15456749.27,4953824.717,15453749.27,4953824.717,63515106.93,0,0,0,0,0,0,0,0,0,0,,0,,0,0,0,0,0,0,0,0,0,0,0,0,0,0
15453749.27,4953824.717,15456749.27,4953824.717,15456749.27,4950824.717,15453749.27,4950824.717,63515106.93,0,0,0,0,0,0,0,0,0,0,,0,,0,0,0,0,0,0,0,0,0,0,0,0,0,0
15453749.27,4950824.717,15456749.27,4950824.717,15456749.27,4947824.717,15453749.27,4947824.717,63515106.93,0,0,0,0,0,0,0,0,0,0,,0,,0,0,0,0,0,0,0,0,0,0,0,0,0,0
15453749.27,4947824.717,15456749.27,4947824.717,15456749.27,4944824.717,15453749.27,4944824.717,63515106.93,0,0,0,0,0,0,0,0,0,0,,0,,0,0,0,0,0,0,0,0,0,0,0,0,0,0
15453749.27,4944824.717,15456749.27,4944824.717,15456749.27,4941824.717,15453749.27,4941824.717,63515106.93,0,0,0,0,0,0,0,0,0,0,,0,,0,0,0,0,0,0,0,0,0,0,0,0,0,0
15456749.27,5124824.717,15459749.27,5124824.717,15459749.27,5121824.717,15456749.27,5121824.717,63515106.93,0,0,0,2041.553351,7838.331955,0,0,0,0,0.768416668,,0.000155552,,0.000155552,0,2,0,2,4939.942653,2041.553351,7838.331955,0,0,0,0,0,0
15456749.27,5121824.717,15459749.27,5121824.717,15459749.27,5118824.717,15456749.27,5118824.717,63515106.93,0,0,0,7419.380647,8959.709412,0,0,0,0,2.111895926,,0.000257877,,0.000257877,0,2,0,2,8189.54503,7419.380647,8959.709412,0,0,0,0,0,0
15456749.27,5118824.717,15459749.27,5118824.717,15459749.27,5115824.717,15456749.27,5115824.717,63515106.93,0,0,0,6524.730487,9144.042784,0,0,0,0,1.932693399,,0.000246694,,0.000246694,0,2,0,2,7834.386636,6524.730487,9144.042784,0,0,0,0,0,0
15456749.27,5115824.717,15459749.27,5115824.717,15459749.27,5112824.717,15456749.27,5112824.717,63515106.93,0,0,0,4834.241043,6814.284919,0,0,0,0,1.068156567,,0.000183398,,0.000183398,0,2,0,2,5824.262981,4834.241043,6814.284919,0,0,0,0,0,0
15456749.27,5112824.717,15459749.27,5112824.717,15459749.27,5109824.717,15456749.27,5109824.717,63515106.93,0,0,0,2546.869427,8760.402907,0,0,0,0,1.006488171,,0.000178025,,0.000178025,0,2,0,2,5653.636167,2546.869427,8760.402907,0,0,0,0,0,0
15456749.27,5109824.717,15459749.27,5109824.717,15459749.27,5106824.717,15456749.27,5106824.717,63515106.93,0,0,0,8264.792358,8572.132285,0,0,0,0,2.231611069,,0.000265085,,0.000265085,0,2,0,2,8418.462321,8264.792358,8572.132285,0,0,0,0,0,0
15456749.27,5106824.717,15459749.27,5106824.717,15459749.27,5103824.717,15456749.27,5103824.717,63515106.93,0,0,0,8395.756432,8395.756432,0,0,0,0,1.109794653,,0.000132185,,0.000132185,0,1,0,1,8395.756432,8395.756432,8395.756432,0,0,0,0,0,0
15456749.27,5103824.717,15459749.27,5103824.717,15459749.27,5100824.717,15456749.27,5100824.717,63515106.93,0,0,0,0,0,0,0,0,0,0,,0,,0,0,0,0,0,0,0,0,0,0,0,0,0,0
15456749.27,5100824.717,15459749.27,5100824.717,15459749.27,5097824.717,15456749.27,5097824.717,63515106.93,0,0,0,0,0,0,0,0,0,0,,0,,0,0,0,0,0,0,0,0,0,0,0,0,0,0
15456749.27,5097824.717,15459749.27,5097824.717,15459749.27,5094824.717,15456749.27,5094824.717,63515106.93,0,0,0,0,0,0,0,0,0,0,,0,,0,0,0,0,0,0,0,0,0,0,0,0,0,0
15456749.27,5094824.717,15459749.27,5094824.717,15459749.27,5091824.717,15456749.27,5091824.717,63515106.93,0,0,0,7475.438792,7475.438792,0,0,0,0,0.879825097,,0.000117695,,0.000117695,0,1,0,1,7475.438792,7475.438792,7475.438792,0,0,0,0,0,0
15456749.27,5091824.717,15459749.27,5091824.717,15459749.27,5088824.717,15456749.27,5088824.717,63515106.93,0,0,0,8986.096689,8986.096689,0,0,0,0,1.271350039,,0.00014148,,0.00014148,0,1,0,1,8986.096689,8986.096689,8986.096689,0,0,0,0,0,0
15456749.27,5088824.717,15459749.27,5088824.717,15459749.27,5085824.717,15456749.27,5085824.717,63515106.93,2.36E-08,7.87E-09,6926.038522,161.0296818,5515.768959,2,4,1.57E-08,1.132880316,0.566440158,,0.000163568,,0.000163568,1.5,4,0.5,3,3463.019261,211.2463487,5515.768959,0.666666667,2,3,1,3,1
15456749.27,5085824.717,15459749.27,5085824.717,15459749.27,5082824.717,15456749.27,5082824.717,63515106.93,2.36E-08,7.87E-09,9044.864957,2799.524102,5995.336365,2,4,1.57E-08,1.93205017,1.449037627,,0.000213607,,0.000213607,1.5,3,0.5,2,6783.648717,4772.436968,8794.860467,0.666666667,2,3,1,3,1
15456749.27,5082824.717,15459749.27,5082824.717,15459749.27,5079824.717,15456749.27,5079824.717,63515106.93,2.36E-08,7.87E-09,9734.268376,3076.492459,6511.937779,2,4,1.57E-08,2.237797873,1.678348405,,0.000229889,,0.000229889,1.5,3,0.5,2,7300.701282,6511.937779,8089.464786,0.666666667,2,3,1,3,1
15456749.27,5079824.717,15459749.27,5079824.717,15459749.27,5076824.717,15456749.27,5076824.717,63515106.93,0,0,0,5192.281415,5668.243685,0,0,0,0,0.928527174,,0.000170991,,0.000170991,0,2,0,2,5430.26255,5192.281415,5668.243685,0,0,0,0,0,0
15456749.27,5076824.717,15459749.27,5076824.717,15459749.27,5073824.717,15456749.27,5073824.717,63515106.93,7.87E-09,7.87E-09,23122.14813,2724.38628,8836.687786,0,0,0,4.208713171,1.052178293,,0.000182021,,0.000182021,0.5,2,0.5,2,5780.537033,2724.38628,8836.687786,0,0,1,0,7.87E-09,31757553.47
15456749.27,5073824.717,15459749.27,5073824.717,15459749.27,5070824.717,15456749.27,5070824.717,63515106.93,7.87E-09,7.87E-09,26993.23047,5200.400804,8296.214429,0,0,0,5.735914857,1.433978714,,0.000212495,,0.000212495,0.5,2,0.5,2,6748.307617,5200.400804,8296.214429,0,0,1,0,7.87E-09,31757553.47
15456749.27,5070824.717,15459749.27,5070824.717,15459749.27,5067824.717,15456749.27,5067824.717,63515106.93,7.87E-09,7.87E-09,23614.62612,5776.021651,6031.291408,0,0,0,4.389904966,1.097476242,,0.000185898,,0.000185898,0.5,2,0.5,2,5903.65653,5776.021651,6031.291408,0,0,1,0,7.87E-09,31757553.47
15456749.27,5067824.717,15459749.27,5067824.717,15459749.27,5064824.717,15456749.27,5064824.717,63515106.93,0,0,0,8919.540736,8919.540736,0,0,0,0,1.252587153,,0.000140432,,0.000140432,0,1,0,1,8919.540736,8919.540736,8919.540736,0,0,0,0,0,0
15456749.27,5064824.717,15459749.27,5064824.717,15459749.27,5061824.717,15456749.27,5061824.717,63515106.93,0,0,0,3099.29654,7637.902665,0,0,0,0,0.907559259,,0.00016905,,0.00016905,0,2,0,2,5368.599602,3099.29654,7637.902665,0,0,0,0,0,0
15456749.27,5061824.717,15459749.27,5061824.717,15459749.27,5058824.717,15456749.27,5058824.717,63515106.93,0,0,0,8555.983654,8555.983654,0,0,0,0,1.152558184,,0.000134708,,0.000134708,0,1,0,1,8555.983654,8555.983654,8555.983654,0,0,0,0,0,0
15456749.27,5058824.717,15459749.27,5058824.717,15459749.27,5055824.717,15456749.27,5055824.717,63515106.93,0,0,0,8101.863268,8491.73838,0,0,0,0,2.167575786,,0.000261254,,0.000261254,0,2,0,2,8296.800824,8101.863268,8491.73838,0,0,0,0,0,0
15456749.27,5055824.717,15459749.27,5055824.717,15459749.27,5052824.717,15456749.27,5052824.717,63515106.93,0,0,0,2294.763334,8747.160388,0,0,0,0,0.95980378,,0.000173847,,0.000173847,0,2,0,2,5520.961861,2294.763334,8747.160388,0,0,0,0,0,0
15456749.27,5052824.717,15459749.27,5052824.717,15459749.27,5049824.717,15456749.27,5049824.717,63515106.93,0,0,0,1821.880513,4066.065209,0,0,0,0,0.272910702,,9.27E-05,,9.27E-05,0,2,0,2,2943.972861,1821.880513,4066.065209,0,0,0,0,0,0
15456749.27,5049824.717,15459749.27,5049824.717,15459749.27,5046824.717,15456749.27,5046824.717,63515106.93,0,0,0,8580.621507,8580.621507,0,0,0,0,1.159205595,,0.000135096,,0.000135096,0,1,0,1,8580.621615,8580.621615,8580.621615,0,0,0,0,0,0
15456749.27,5046824.717,15459749.27,5046824.717,15459749.27,5043824.717,15456749.27,5043824.717,63515106.93,0,0,0,8396.505018,8396.505018,0,0,0,0,1.109992532,,0.000132197,,0.000132197,0,1,0,1,8396.504891,8396.504891,8396.504891,0,0,0,0,0,0
15456749.27,5043824.717,15459749.27,5043824.717,15459749.27,5040824.717,15456749.27,5040824.717,63515106.93,0,0,0,7905.706847,7905.706847,0,0,0,0,0.984021027,,0.00012447,,0.00012447,0,1,0,1,7905.706847,7905.706847,7905.706847,0,0,0,0,0,0
15456749.27,5040824.717,15459749.27,5040824.717,15459749.27,5037824.717,15456749.27,5037824.717,63515106.93,0,0,0,8960.085515,8960.085515,0,0,0,0,1.264000587,,0.00014107,,0.00014107,0,1,0,1,8960.085515,8960.085515,8960.085515,0,0,0,0,0,0
15456749.27,5037824.717,15459749.27,5037824.717,15459749.27,5034824.717,15456749.27,5034824.717,63515106.93,0,0,0,6716.147506,6716.147506,0,0,0,0,0.710171792,,0.000105741,,0.000105741,0,1,0,1,6716.147506,6716.147506,6716.147506,0,0,0,0,0,0
15456749.27,5034824.717,15459749.27,5034824.717,15459749.27,5031824.717,15456749.27,5031824.717,63515106.93,0,0,0,0,0,0,0,0,0,0,,0,,0,0,0,0,0,0,0,0,0,0,0,0,0,0
15456749.27,5031824.717,15459749.27,5031824.717,15459749.27,5028824.717,15456749.27,5028824.717,63515106.93,0,0,0,0,0,0,0,0,0,0,,0,,0,0,0,0,0,0,0,0,0,0,0,0,0,0
15456749.27,5028824.717,15459749.27,5028824.717,15459749.27,5025824.717,15456749.27,5025824.717,63515106.93,0,0,0,0,0,0,0,0,0,0,,0,,0,0,0,0,0,0,0,0,0,0,0,0,0,0
15456749.27,5025824.717,15459749.27,5025824.717,15459749.27,5022824.717,15456749.27,5022824.717,63515106.93,0,0,0,0,0,0,0,0,0,0,,0,,0,0,0,0,0,0,0,0,0,0,0,0,0,0
15456749.27,5022824.717,15459749.27,5022824.717,15459749.27,5019824.717,15456749.27,5019824.717,63515106.93,0,0,0,0,0,0,0,0,0,0,,0,,0,0,0,0,0,0,0,0,0,0,0,0,0,0
15456749.27,5019824.717,15459749.27,5019824.717,15459749.27,5016824.717,15456749.27,5016824.717,63515106.93,0,0,0,0,0,0,0,0,0,0,,0,,0,0,0,0,0,0,0,0,0,0,0,0,0,0
15456749.27,5016824.717,15459749.27,5016824.717,15459749.27,5013824.717,15456749.27,5013824.717,63515106.93,0,0,0,0,0,0,0,0,0,0,,0,,0,0,0,0,0,0,0,0,0,0,0,0,0,0
15456749.27,5013824.717,15459749.27,5013824.717,15459749.27,5010824.717,15456749.27,5010824.717,63515106.93,0,0,0,0,0,0,0,0,0,0,,0,,0,0,0,0,0,0,0,0,0,0,0,0,0,0
15456749.27,5010824.717,15459749.27,5010824.717,15459749.27,5007824.717,15456749.27,5007824.717,63515106.93,0,0,0,0,0,0,0,0,0,0,,0,,0,0,0,0,0,0,0,0,0,0,0,0,0,0
15456749.27,5007824.717,15459749.27,5007824.717,15459749.27,5004824.717,15456749.27,5004824.717,63515106.93,0,0,0,0,0,0,0,0,0,0,,0,,0,0,0,0,0,0,0,0,0,0,0,0,0,0
15456749.27,5004824.717,15459749.27,5004824.717,15459749.27,5001824.717,15456749.27,5001824.717,63515106.93,0,0,0,0,0,0,0,0,0,0,,0,,0,0,0,0,0,0,0,0,0,0,0,0,0,0
15456749.27,5001824.717,15459749.27,5001824.717,15459749.27,4998824.717,15456749.27,4998824.717,63515106.93,0,0,0,0,0,0,0,0,0,0,,0,,0,0,0,0,0,0,0,0,0,0,0,0,0,0
15456749.27,4998824.717,15459749.27,4998824.717,15459749.27,4995824.717,15456749.27,4995824.717,63515106.93,7.87E-09,7.87E-09,21904.35103,4735.985149,6216.190366,0,0,0,3.777058855,0.944264714,,0.000172434,,0.000172434,0.5,2,0.5,2,5476.087758,4735.985149,6216.190366,0,0,1,0,7.87E-09,31757553.47
15456749.27,4995824.717,15459749.27,4995824.717,15459749.27,4992824.717,15456749.27,4992824.717,63515106.93,7.87E-09,7.87E-09,28012.27173,5360.933367,8645.202501,0,0,0,6.177171114,1.544292779,,0.000220517,,0.000220517,0.5,2,0.5,2,7003.067934,5360.933367,8645.202501,0,0,1,0,7.87E-09,31757553.47
15456749.27,4992824.717,15459749.27,4992824.717,15459749.27,4989824.717,15456749.27,4989824.717,63515106.93,7.87E-09,7.87E-09,29018.18283,2428.594393,8632.691635,0,0,0,6.628776801,1.104796134,,0.000228435,,0.000228435,0.5,3,0.5,3,4836.363805,2428.594393,8632.691635,0,0,1,0,7.87E-09,31757553.47
15456749.27,4989824.717,15459749.27,4989824.717,15459749.27,4986824.717,15456749.27,4986824.717,63515106.93,0,0,0,4945.733194,7747.898842,0,0,0,0,1.268424963,,0.000199852,,0.000199852,0,2,0,2,6346.816018,4945.733194,7747.898842,0,0,0,0,0,0
15456749.27,4986824.717,15459749.27,4986824.717,15459749.27,4983824.717,15456749.27,4983824.717,63515106.93,0,0,0,9089.936169,9089.936169,0,0,0,0,1.300902156,,0.000143115,,0.000143115,0,1,0,1,9089.936169,9089.936169,9089.936169,0,0,0,0,0,0
15456749.27,4983824.717,15459749.27,4983824.717,15459749.27,4980824.717,15456749.27,4980824.717,63515106.93,0,0,0,8025.91556,8025.91556,0,0,0,0,1.014173221,,0.000126362,,0.000126362,0,1,0,1,8025.91556,8025.91556,8025.91556,0,0,0,0,0,0
15456749.27,4980824.717,15459749.27,4980824.717,15459749.27,4977824.717,15456749.27,4977824.717,63515106.93,0,0,0,4436.134693,4436.134693,0,0,0,0,0.309836383,,6.98E-05,,6.98E-05,0,1,0,1,4436.134693,4436.134693,4436.134693,0,0,0,0,0,0
15456749.27,4977824.717,15459749.27,4977824.717,15459749.27,4974824.717,15456749.27,4974824.717,63515106.93,0,0,0,2468.763582,2468.763582,0,0,0,0,0.095958173,,3.89E-05,,3.89E-05,0,1,0,1,2468.763582,2468.763582,2468.763582,0,0,0,0,0,0
15456749.27,4974824.717,15459749.27,4974824.717,15459749.27,4971824.717,15456749.27,4971824.717,63515106.93,0,0,0,7796.872203,7796.872203,0,0,0,0,0.957114285,,0.000122756,,0.000122756,0,1,0,1,7796.872203,7796.872203,7796.872203,0,0,0,0,0,0
15456749.27,4971824.717,15459749.27,4971824.717,15459749.27,4968824.717,15456749.27,4968824.717,63515106.93,0,0,0,8986.706712,8986.706712,0,0,0,0,1.271522657,,0.000141489,,0.000141489,0,1,0,1,8986.706712,8986.706712,8986.706712,0,0,0,0,0,0
15456749.27,4968824.717,15459749.27,4968824.717,15459749.27,4965824.717,15456749.27,4965824.717,63515106.93,0,0,0,8124.191078,8124.191078,0,0,0,0,1.039161923,,0.00012791,,0.00012791,0,1,0,1,8124.191078,8124.191078,8124.191078,0,0,0,0,0,0
15456749.27,4965824.717,15459749.27,4965824.717,15459749.27,4962824.717,15456749.27,4962824.717,63515106.93,0,0,0,4089.814544,4089.814544,0,0,0,0,0.263348104,,6.44E-05,,6.44E-05,0,1,0,1,4089.814544,4089.814544,4089.814544,0,0,0,0,0,0
15456749.27,4962824.717,15459749.27,4962824.717,15459749.27,4959824.717,15456749.27,4959824.717,63515106.93,0,0,0,0,0,0,0,0,0,0,,0,,0,0,0,0,0,0,0,0,0,0,0,0,0,0
15456749.27,4959824.717,15459749.27,4959824.717,15459749.27,4956824.717,15456749.27,4956824.717,63515106.93,0,0,0,0,0,0,0,0,0,0,,0,,0,0,0,0,0,0,0,0,0,0,0,0,0,0
15456749.27,4956824.717,15459749.27,4956824.717,15459749.27,4953824.717,15456749.27,4953824.717,63515106.93,0,0,0,0,0,0,0,0,0,0,,0,,0,0,0,0,0,0,0,0,0,0,0,0,0,0
15456749.27,4953824.717,15459749.27,4953824.717,15459749.27,4950824.717,15456749.27,4950824.717,63515106.93,0,0,0,0,0,0,0,0,0,0,,0,,0,0,0,0,0,0,0,0,0,0,0,0,0,0
15456749.27,4950824.717,15459749.27,4950824.717,15459749.27,4947824.717,15456749.27,4947824.717,63515106.93,0,0,0,0,0,0,0,0,0,0,,0,,0,0,0,0,0,0,0,0,0,0,0,0,0,0
15456749.27,4947824.717,15459749.27,4947824.717,15459749.27,4944824.717,15456749.27,4944824.717,63515106.93,0,0,0,0,0,0,0,0,0,0,,0,,0,0,0,0,0,0,0,0,0,0,0,0,0,0
15456749.27,4944824.717,15459749.27,4944824.717,15459749.27,4941824.717,15456749.27,4941824.717,63515106.93,0,0,0,0,0,0,0,0,0,0,,0,,0,0,0,0,0,0,0,0,0,0,0,0,0,0
15459749.27,5124824.717,15462749.27,5124824.717,15462749.27,5121824.717,15459749.27,5121824.717,63515106.93,7.87E-09,7.87E-09,25771.81478,5231.736557,7654.170834,0,0,0,5.228570565,1.307142641,,0.000202879,,0.000202879,0.5,2,0.5,2,6442.953695,5231.736557,7654.170834,0,0,1,0,7.87E-09,31757553.47
15459749.27,5121824.717,15462749.27,5121824.717,15462749.27,5118824.717,15459749.27,5118824.717,63515106.93,0,0,0,8167.285843,8846.098417,0,0,0,0,2.278633053,,0.000267864,,0.000267864,0,2,0,2,8506.69213,8167.285843,8846.098417,0,0,0,0,0,0
15459749.27,5118824.717,15462749.27,5118824.717,15462749.27,5115824.717,15459749.27,5115824.717,63515106.93,0,0,0,1974.554001,8505.737407,0,0,0,0,0.86464869,,0.000165005,,0.000165005,0,2,0,2,5240.145704,1974.554001,8505.737407,0,0,0,0,0,0
15459749.27,5115824.717,15462749.27,5115824.717,15462749.27,5112824.717,15459749.27,5112824.717,63515106.93,0,0,0,1599.86605,4654.58274,0,0,0,0,0.307943508,,9.85E-05,,9.85E-05,0,2,0,2,3127.224395,1599.86605,4654.58274,0,0,0,0,0,0
15459749.27,5112824.717,15462749.27,5112824.717,15462749.27,5109824.717,15459749.27,5109824.717,63515106.93,0,0,0,8345.243063,8345.243063,0,0,0,0,1.096480588,,0.00013139,,0.00013139,0,1,0,1,8345.243063,8345.243063,8345.243063,0,0,0,0,0,0
15459749.27,5109824.717,15462749.27,5109824.717,15462749.27,5106824.717,15459749.27,5106824.717,63515106.93,1.57E-08,1.57E-08,15111.70405,6641.314005,8470.390046,0,0,0,3.595421788,1.797710894,,0.000237923,,0.000237923,1,2,1,2,7555.852026,6641.314005,8470.390046,0,0,1,0,1.57E-08,63515106.93
15459749.27,5106824.717,15462749.27,5106824.717,15462749.27,5103824.717,15459749.27,5103824.717,63515106.93,7.87E-09,7.87E-09,20260.98431,3717.384004,6413.108151,0,0,0,3.231573598,0.807893399,,0.000159497,,0.000159497,0.5,2,0.5,2,5065.246078,3717.384004,6413.108151,0,0,1,0,7.87E-09,31757553.47
15459749.27,5103824.717,15462749.27,5103824.717,15462749.27,5100824.717,15459749.27,5100824.717,63515106.93,0,0,0,3230.402177,3230.402177,0,0,0,0,0.164299467,,5.09E-05,,5.09E-05,0,1,0,1,3230.402177,3230.402177,3230.402177,0,0,0,0,0,0
15459749.27,5100824.717,15462749.27,5100824.717,15462749.27,5097824.717,15459749.27,5097824.717,63515106.93,0,0,0,0,0,0,0,0,0,0,,0,,0,0,0,0,0,0,0,0,0,0,0,0,0,0
15459749.27,5097824.717,15462749.27,5097824.717,15462749.27,5094824.717,15459749.27,5094824.717,63515106.93,0,0,0,0,0,0,0,0,0,0,,0,,0,0,0,0,0,0,0,0,0,0,0,0,0,0
15459749.27,5094824.717,15462749.27,5094824.717,15462749.27,5091824.717,15459749.27,5091824.717,63515106.93,0,0,0,7368.239082,7368.239082,0,0,0,0,0.854772192,,0.000116008,,0.000116008,0,1,0,1,7368.239082,7368.239082,7368.239082,0,0,0,0,0,0
15459749.27,5091824.717,15462749.27,5091824.717,15462749.27,5088824.717,15459749.27,5088824.717,63515106.93,0,0,0,9002.620172,9002.620172,0,0,0,0,1.276029812,,0.00014174,,0.00014174,0,1,0,1,9002.620172,9002.620172,9002.620172,0,0,0,0,0,0
15459749.27,5088824.717,15462749.27,5088824.717,15462749.27,5085824.717,15459749.27,5085824.717,63515106.93,2.36E-08,7.87E-09,4928.914553,5.476202168,5796.900879,2,4,1.57E-08,0.573742213,0.286871106,,0.000116403,,0.000116403,1.5,4,0.5,3,2464.457276,5.476202168,5796.900879,0.666666667,2,3,1,3,1
15459749.27,5085824.717,15462749.27,5085824.717,15462749.27,5082824.717,15459749.27,5082824.717,63515106.93,2.36E-08,7.87E-09,7220.461668,2500.946525,5439.312288,2,4,1.57E-08,1.23124409,0.923433068,,0.000170522,,0.000170522,1.5,3,0.5,2,5415.346251,2500.946525,8329.745978,0.666666667,2,3,1,3,1
15459749.27,5082824.717,15462749.27,5082824.717,15462749.27,5079824.717,15459749.27,5079824.717,63515106.93,2.36E-08,7.87E-09,8088.963257,2312.702791,6388.263656,2,4,1.57E-08,1.545254265,1.158940698,,0.000191032,,0.000191032,1.5,3,0.5,2,6066.722443,3432.478439,8700.966446,0.666666667,2,3,1,3,1
15459749.27,5079824.717,15462749.27,5079824.717,15462749.27,5076824.717,15459749.27,5076824.717,63515106.93,0,0,0,2828.46529,6324.10776,0,0,0,0,0.659446208,,0.000144101,,0.000144101,0,2,0,2,4576.286507,2828.465254,6324.10776,0,0,0,0,0,0
15459749.27,5076824.717,15462749.27,5076824.717,15462749.27,5073824.717,15459749.27,5073824.717,63515106.93,7.87E-09,7.87E-09,19773.35719,895.7011079,8990.977489,0,0,0,3.077894957,0.769473739,,0.000155659,,0.000155659,0.5,2,0.5,2,4943.339298,895.7011079,8990.977489,0,0,1,0,7.87E-09,31757553.47
15459749.27,5073824.717,15462749.27,5073824.717,15462749.27,5070824.717,15459749.27,5070824.717,63515106.93,7.87E-09,7.87E-09,19334.84314,2417.436208,7249.985363,0,0,0,2.942891679,0.73572292,,0.000152207,,0.000152207,0.5,2,0.5,2,4833.710786,2417.436208,7249.985363,0,0,1,0,7.87E-09,31757553.47
15459749.27,5070824.717,15462749.27,5070824.717,15462749.27,5067824.717,15459749.27,5067824.717,63515106.93,7.87E-09,7.87E-09,17205.51078,1899.374511,6703.380877,0,0,0,2.330387331,0.582596833,,0.000135444,,0.000135444,0.5,2,0.5,2,4301.377694,1899.374511,6703.380877,0,0,1,0,7.87E-09,31757553.47
15459749.27,5067824.717,15462749.27,5067824.717,15462749.27,5064824.717,15459749.27,5064824.717,63515106.93,0,0,0,9006.812696,9006.812696,0,0,0,0,1.277218584,,0.000141806,,0.000141806,0,1,0,1,9006.812696,9006.812696,9006.812696,0,0,0,0,0,0
15459749.27,5064824.717,15462749.27,5064824.717,15462749.27,5061824.717,15459749.27,5061824.717,63515106.93,0,0,0,5921.549042,6805.807503,0,0,0,0,1.275173832,,0.000200383,,0.000200383,0,2,0,2,6363.678272,5921.549042,6805.807503,0,0,0,0,0,0
15459749.27,5061824.717,15462749.27,5061824.717,15462749.27,5058824.717,15459749.27,5058824.717,63515106.93,0,0,0,8929.477257,8929.477257,0,0,0,0,1.255379514,,0.000140588,,0.000140588,0,1,0,1,8929.477257,8929.477257,8929.477257,0,0,0,0,0,0
15459749.27,5058824.717,15462749.27,5058824.717,15462749.27,5055824.717,15459749.27,5055824.717,63515106.93,0,0,0,7660.127019,8320.951011,0,0,0,0,2.010504802,,0.000251611,,0.000251611,0,2,0,2,7990.539015,7660.127019,8320.951011,0,0,0,0,0,0
15459749.27,5055824.717,15462749.27,5055824.717,15462749.27,5052824.717,15459749.27,5052824.717,63515106.93,0,0,0,8620.75883,8620.75883,0,0,0,0,1.170075694,,0.000135728,,0.000135728,0,1,0,1,8620.75883,8620.75883,8620.75883,0,0,0,0,0,0
15459749.27,5052824.717,15462749.27,5052824.717,15462749.27,5049824.717,15459749.27,5049824.717,63515106.93,0,0,0,3063.897756,4214.908778,0,0,0,0,0.417074198,,0.0001146,,0.0001146,0,2,0,2,3639.403267,3063.897756,4214.908778,0,0,0,0,0,0
15459749.27,5049824.717,15462749.27,5049824.717,15462749.27,5046824.717,15459749.27,5046824.717,63515106.93,0,0,0,8801.97611,8801.97611,0,0,0,0,1.219785137,,0.000138581,,0.000138581,0,1,0,1,8801.97611,8801.97611,8801.97611,0,0,0,0,0,0
15459749.27,5046824.717,15462749.27,5046824.717,15462749.27,5043824.717,15459749.27,5043824.717,63515106.93,0,0,0,6021.518547,8024.075014,0,0,0,0,1.553006144,,0.000221138,,0.000221138,0,2,0,2,7022.796854,6021.518694,8024.075014,0,0,0,0,0,0
15459749.27,5043824.717,15462749.27,5043824.717,15462749.27,5040824.717,15459749.27,5040824.717,63515106.93,0,0,0,8877.732508,8877.732508,0,0,0,0,1.240872266,,0.000139774,,0.000139774,0,1,0,1,8877.732519,8877.732519,8877.732519,0,0,0,0,0,0
15459749.27,5040824.717,15462749.27,5040824.717,15462749.27,5037824.717,15459749.27,5037824.717,63515106.93,0,0,0,8109.163518,8109.163518,0,0,0,0,1.035321141,,0.000127673,,0.000127673,0,1,0,1,8109.163518,8109.163518,8109.163518,0,0,0,0,0,0
15459749.27,5037824.717,15462749.27,5037824.717,15462749.27,5034824.717,15459749.27,5034824.717,63515106.93,0,0,0,0,0,0,0,0,0,0,,0,,0,0,0,0,0,0,0,0,0,0,0,0,0,0
15459749.27,5034824.717,15462749.27,5034824.717,15462749.27,5031824.717,15459749.27,5031824.717,63515106.93,0,0,0,0,0,0,0,0,0,0,,0,,0,0,0,0,0,0,0,0,0,0,0,0,0,0
15459749.27,5031824.717,15462749.27,5031824.717,15462749.27,5028824.717,15459749.27,5028824.717,63515106.93,0,0,0,0,0,0,0,0,0,0,,0,,0,0,0,0,0,0,0,0,0,0,0,0,0,0
15459749.27,5028824.717,15462749.27,5028824.717,15462749.27,5025824.717,15459749.27,5025824.717,63515106.93,0,0,0,0,0,0,0,0,0,0,,0,,0,0,0,0,0,0,0,0,0,0,0,0,0,0
15459749.27,5025824.717,15462749.27,5025824.717,15462749.27,5022824.717,15459749.27,5022824.717,63515106.93,0,0,0,0,0,0,0,0,0,0,,0,,0,0,0,0,0,0,0,0,0,0,0,0,0,0
15459749.27,5022824.717,15462749.27,5022824.717,15462749.27,5019824.717,15459749.27,5019824.717,63515106.93,0,0,0,0,0,0,0,0,0,0,,0,,0,0,0,0,0,0,0,0,0,0,0,0,0,0
15459749.27,5019824.717,15462749.27,5019824.717,15462749.27,5016824.717,15459749.27,5016824.717,63515106.93,0,0,0,0,0,0,0,0,0,0,,0,,0,0,0,0,0,0,0,0,0,0,0,0,0,0
15459749.27,5016824.717,15462749.27,5016824.717,15462749.27,5013824.717,15459749.27,5013824.717,63515106.93,0,0,0,0,0,0,0,0,0,0,,0,,0,0,0,0,0,0,0,0,0,0,0,0,0,0
15459749.27,5013824.717,15462749.27,5013824.717,15462749.27,5010824.717,15459749.27,5010824.717,63515106.93,0,0,0,0,0,0,0,0,0,0,,0,,0,0,0,0,0,0,0,0,0,0,0,0,0,0
15459749.27,5010824.717,15462749.27,5010824.717,15462749.27,5007824.717,15459749.27,5007824.717,63515106.93,0,0,0,0,0,0,0,0,0,0,,0,,0,0,0,0,0,0,0,0,0,0,0,0,0,0
15459749.27,5007824.717,15462749.27,5007824.717,15462749.27,5004824.717,15459749.27,5004824.717,63515106.93,0,0,0,0,0,0,0,0,0,0,,0,,0,0,0,0,0,0,0,0,0,0,0,0,0,0
15459749.27,5004824.717,15462749.27,5004824.717,15462749.27,5001824.717,15459749.27,5001824.717,63515106.93,0,0,0,0,0,0,0,0,0,0,,0,,0,0,0,0,0,0,0,0,0,0,0,0,0,0
15459749.27,5001824.717,15462749.27,5001824.717,15462749.27,4998824.717,15459749.27,4998824.717,63515106.93,0,0,0,5740.705845,5740.705845,0,0,0,0,0.518864018,,9.04E-05,,9.04E-05,0,1,0,1,5740.705845,5740.705845,5740.705845,0,0,0,0,0,0
15459749.27,4998824.717,15462749.27,4998824.717,15462749.27,4995824.717,15459749.27,4995824.717,63515106.93,0,0,0,8877.243591,8877.243591,0,0,0,0,1.240735592,,0.000139766,,0.000139766,0,1,0,1,8877.243591,8877.243591,8877.243591,0,0,0,0,0,0
15459749.27,4995824.717,15462749.27,4995824.717,15462749.27,4992824.717,15459749.27,4992824.717,63515106.93,7.87E-09,7.87E-09,29136.6982,6846.780841,7721.56826,0,0,0,6.683033558,1.67075839,,0.000229368,,0.000229368,0.5,2,0.5,2,7284.174551,6846.780841,7721.56826,0,0,1,0,7.87E-09,31757553.47
15459749.27,4992824.717,15462749.27,4992824.717,15462749.27,4989824.717,15459749.27,4989824.717,63515106.93,2.36E-08,7.87E-09,9062.294623,1834.770923,7164.477428,2,4,1.57E-08,1.939503556,1.454627667,,0.000214019,,0.000214019,1.5,3,0.5,2,6796.720967,4594.193638,8999.248296,0.666666667,2,3,1,3,1
15459749.27,4989824.717,15462749.27,4989824.717,15462749.27,4986824.717,15459749.27,4986824.717,63515106.93,2.36E-08,7.87E-09,9792.5934,2571.383597,7070.51711,2,4,1.57E-08,2.264694735,1.698521051,,0.000231266,,0.000231266,1.5,3,0.5,2,7344.44505,7070.51711,7618.37299,0.666666667,2,3,1,3,1
15459749.27,4986824.717,15462749.27,4986824.717,15462749.27,4983824.717,15459749.27,4983824.717,63515106.93,0,0,0,8478.463617,8478.463617,0,0,0,0,1.131767681,,0.000133487,,0.000133487,0,1,0,1,8478.463617,8478.463617,8478.463617,0,0,0,0,0,0
15459749.27,4983824.717,15462749.27,4983824.717,15462749.27,4980824.717,15459749.27,4980824.717,63515106.93,0,0,0,2825.346792,2825.346792,0,0,0,0,0.125680092,,4.45E-05,,4.45E-05,0,1,0,1,2825.346792,2825.346792,2825.346792,0,0,0,0,0,0
15459749.27,4980824.717,15462749.27,4980824.717,15462749.27,4977824.717,15459749.27,4977824.717,63515106.93,0,0,0,0,0,0,0,0,0,0,,0,,0,0,0,0,0,0,0,0,0,0,0,0,0,0
15459749.27,4977824.717,15462749.27,4977824.717,15462749.27,4974824.717,15459749.27,4974824.717,63515106.93,0,0,0,0,0,0,0,0,0,0,,0,,0,0,0,0,0,0,0,0,0,0,0,0,0,0
15459749.27,4974824.717,15462749.27,4974824.717,15462749.27,4971824.717,15459749.27,4971824.717,63515106.93,0,0,0,2292.789524,2292.789524,0,0,0,0,0.082765881,,3.61E-05,,3.61E-05,0,1,0,1,2292.789524,2292.789524,2292.789524,0,0,0,0,0,0
15459749.27,4971824.717,15462749.27,4971824.717,15462749.27,4968824.717,15459749.27,4968824.717,63515106.93,0,0,0,7709.892288,7709.892288,0,0,0,0,0.935878753,,0.000121387,,0.000121387,0,1,0,1,7709.892288,7709.892288,7709.892288,0,0,0,0,0,0
15459749.27,4968824.717,15462749.27,4968824.717,15462749.27,4965824.717,15459749.27,4965824.717,63515106.93,0,0,0,8985.379831,8985.379831,0,0,0,0,1.271147206,,0.000141468,,0.000141468,0,1,0,1,8985.379831,8985.379831,8985.379831,0,0,0,0,0,0
15459749.27,4965824.717,15462749.27,4965824.717,15462749.27,4962824.717,15459749.27,4962824.717,63515106.93,0,0,0,8165.985926,8165.985926,0,0,0,0,1.049881349,,0.000128568,,0.000128568,0,1,0,1,8165.985926,8165.985926,8165.985926,0,0,0,0,0,0
15459749.27,4962824.717,15462749.27,4962824.717,15462749.27,4959824.717,15459749.27,4959824.717,63515106.93,0,0,0,4345.109252,4345.109252,0,0,0,0,0.297251714,,6.84E-05,,6.84E-05,0,1,0,1,4345.109252,4345.109252,4345.109252,0,0,0,0,0,0
15459749.27,4959824.717,15462749.27,4959824.717,15462749.27,4956824.717,15459749.27,4956824.717,63515106.93,0,0,0,0,0,0,0,0,0,0,,0,,0,0,0,0,0,0,0,0,0,0,0,0,0,0
15459749.27,4956824.717,15462749.27,4956824.717,15462749.27,4953824.717,15459749.27,4953824.717,63515106.93,0,0,0,0,0,0,0,0,0,0,,0,,0,0,0,0,0,0,0,0,0,0,0,0,0,0
15459749.27,4953824.717,15462749.27,4953824.717,15462749.27,4950824.717,15459749.27,4950824.717,63515106.93,0,0,0,0,0,0,0,0,0,0,,0,,0,0,0,0,0,0,0,0,0,0,0,0,0,0
15459749.27,4950824.717,15462749.27,4950824.717,15462749.27,4947824.717,15459749.27,4947824.717,63515106.93,0,0,0,0,0,0,0,0,0,0,,0,,0,0,0,0,0,0,0,0,0,0,0,0,0,0
15459749.27,4947824.717,15462749.27,4947824.717,15462749.27,4944824.717,15459749.27,4944824.717,63515106.93,0,0,0,0,0,0,0,0,0,0,,0,,0,0,0,0,0,0,0,0,0,0,0,0,0,0
15459749.27,4944824.717,15462749.27,4944824.717,15462749.27,4941824.717,15459749.27,4941824.717,63515106.93,0,0,0,0,0,0,0,0,0,0,,0,,0,0,0,0,0,0,0,0,0,0,0,0,0,0
15462749.27,5124824.717,15465749.27,5124824.717,15465749.27,5121824.717,15462749.27,5121824.717,63515106.93,1.57E-08,1.57E-08,12947.69171,5056.992775,7890.69894,0,0,0,2.639414918,1.319707459,,0.000203852,,0.000203852,1,2,1,2,6473.845857,5056.992775,7890.69894,0,0,1,0,1.57E-08,63515106.93
15462749.27,5121824.717,15465749.27,5121824.717,15465749.27,5118824.717,15462749.27,5118824.717,63515106.93,1.57E-08,1.57E-08,15398.19754,1210.256017,8950.783073,0,0,0,3.733040829,1.244346943,,0.000242434,,0.000242434,1,3,1,3,5132.732513,1210.256017,8950.783073,0,0,1,0,1.57E-08,63515106.93
15462749.27,5118824.717,15465749.27,5118824.717,15465749.27,5115824.717,15462749.27,5115824.717,63515106.93,7.87E-09,7.87E-09,21305.47141,4020.067429,6632.668277,0,0,0,3.573347617,0.893336904,,0.00016772,,0.00016772,0.5,2,0.5,2,5326.367853,4020.067429,6632.668277,0,0,1,0,7.87E-09,31757553.47
15462749.27,5115824.717,15465749.27,5115824.717,15465749.27,5112824.717,15462749.27,5112824.717,63515106.93,0,0,0,6209.56616,6209.56616,0,0,0,0,0.607079382,,9.78E-05,,9.78E-05,0,1,0,1,6209.56616,6209.56616,6209.56616,0,0,0,0,0,0
15462749.27,5112824.717,15465749.27,5112824.717,15465749.27,5109824.717,15462749.27,5109824.717,63515106.93,7.87E-09,7.87E-09,22464.2214,5297.81507,5934.295631,0,0,0,3.972607995,0.993151999,,0.000176842,,0.000176842,0.5,2,0.5,2,5616.055351,5297.81507,5934.295631,0,0,1,0,7.87E-09,31757553.47
15462749.27,5109824.717,15465749.27,5109824.717,15465749.27,5106824.717,15462749.27,5106824.717,63515106.93,1.57E-08,1.57E-08,12579.66482,3363.68389,5755.016208,0,0,0,2.49150123,0.83050041,,0.000198058,,0.000198058,1,3,1,3,4193.221607,3363.68389,5755.016208,0,0,1,0,1.57E-08,63515106.93
15462749.27,5106824.717,15465749.27,5106824.717,15465749.27,5103824.717,15462749.27,5103824.717,63515106.93,1.57E-08,1.57E-08,7095.941248,3541.244538,3554.696709,0,0,0,0.792762299,0.396381149,,0.000111721,,0.000111721,1,2,1,2,3547.970624,3541.244538,3554.696709,0,0,1,0,1.57E-08,63515106.93
15462749.27,5103824.717,15465749.27,5103824.717,15465749.27,5100824.717,15462749.27,5100824.717,63515106.93,7.87E-09,7.87E-09,2293.405885,1146.702943,1146.702943,0,0,0,0.041405193,0.020702597,,1.81E-05,,1.81E-05,0.5,1,0.5,1,1146.702943,1146.702943,1146.702943,0,0,1,0,7.87E-09,31757553.47
15462749.27,5100824.717,15465749.27,5100824.717,15465749.27,5097824.717,15462749.27,5097824.717,63515106.93,0,0,0,0,0,0,0,0,0,0,,0,,0,0,0,0,0,0,0,0,0,0,0,0,0,0
15462749.27,5097824.717,15465749.27,5097824.717,15465749.27,5094824.717,15462749.27,5094824.717,63515106.93,0,0,0,0,0,0,0,0,0,0,,0,,0,0,0,0,0,0,0,0,0,0,0,0,0,0
15462749.27,5094824.717,15465749.27,5094824.717,15465749.27,5091824.717,15462749.27,5091824.717,63515106.93,0,0,0,6852.835612,6852.835612,0,0,0,0,0.739373012,,0.000107893,,0.000107893,0,1,0,1,6852.835612,6852.835612,6852.835612,0,0,0,0,0,0
15462749.27,5091824.717,15465749.27,5091824.717,15465749.27,5088824.717,15462749.27,5088824.717,63515106.93,0,0,0,9005.067287,9005.067287,0,0,0,0,1.276723614,,0.000141778,,0.000141778,0,1,0,1,9005.067287,9005.067287,9005.067287,0,0,0,0,0,0
15462749.27,5088824.717,15465749.27,5088824.717,15465749.27,5085824.717,15462749.27,5085824.717,63515106.93,0,0,0,6627.745889,6627.745889,0,0,0,0,0.69159949,,0.000104349,,0.000104349,0,1,0,1,6627.745889,6627.745889,6627.745889,0,0,0,0,0,0
15462749.27,5085824.717,15465749.27,5085824.717,15465749.27,5082824.717,15462749.27,5082824.717,63515106.93,0,0,0,7475.793556,7475.793556,0,0,0,0,0.879908612,,0.000117701,,0.000117701,0,1,0,1,7475.793574,7475.793574,7475.793574,0,0,0,0,0,0
15462749.27,5082824.717,15465749.27,5082824.717,15465749.27,5079824.717,15462749.27,5079824.717,63515106.93,0,0,0,9026.948625,9026.948625,0,0,0,0,1.282935751,,0.000142123,,0.000142123,0,1,0,1,9026.94862,9026.94862,9026.94862,0,0,0,0,0,0
15462749.27,5079824.717,15465749.27,5079824.717,15465749.27,5076824.717,15462749.27,5076824.717,63515106.93,0,0,0,6398.425652,6747.948099,0,0,0,0,1.36051997,,0.00020698,,0.00020698,0,2,0,2,6573.186875,6398.425652,6747.948099,0,0,0,0,0,0
15462749.27,5076824.717,15465749.27,5076824.717,15465749.27,5073824.717,15462749.27,5073824.717,63515106.93,0,0,0,8995.988726,8995.988726,0,0,0,0,1.274150624,,0.000141635,,0.000141635,0,1,0,1,8995.988726,8995.988726,8995.988726,0,0,0,0,0,0
15462749.27,5073824.717,15465749.27,5073824.717,15465749.27,5070824.717,15462749.27,5070824.717,63515106.93,0,0,0,6690.721988,6690.721988,0,0,0,0,0.704804934,,0.000105341,,0.000105341,0,1,0,1,6690.721988,6690.721988,6690.721988,0,0,0,0,0,0
15462749.27,5070824.717,15465749.27,5070824.717,15465749.27,5067824.717,15462749.27,5067824.717,63515106.93,0,0,0,7240.116697,7240.116697,0,0,0,0,0.825304283,,0.00011399,,0.00011399,0,1,0,1,7240.116697,7240.116697,7240.116697,0,0,0,0,0,0
15462749.27,5067824.717,15465749.27,5067824.717,15465749.27,5064824.717,15462749.27,5064824.717,63515106.93,0,0,0,8981.065832,8981.065832,0,0,0,0,1.26992691,,0.0001414,,0.0001414,0,1,0,1,8981.065832,8981.065832,8981.065832,0,0,0,0,0,0
15462749.27,5064824.717,15465749.27,5064824.717,15465749.27,5061824.717,15462749.27,5061824.717,63515106.93,0,0,0,6043.653386,7383.316938,0,0,0,0,1.419217733,,0.000211398,,0.000211398,0,2,0,2,6713.485162,6043.653386,7383.316938,0,0,0,0,0,0
15462749.27,5061824.717,15465749.27,5061824.717,15465749.27,5058824.717,15462749.27,5058824.717,63515106.93,0,0,0,1060.55151,8976.464381,0,0,0,0,0.793052967,,0.000158026,,0.000158026,0,2,0,2,5018.507946,1060.55151,8976.464381,0,0,0,0,0,0
15462749.27,5058824.717,15465749.27,5058824.717,15465749.27,5055824.717,15462749.27,5055824.717,63515106.93,0,0,0,6299.272558,8480.794563,0,0,0,0,1.719672647,,0.000232702,,0.000232702,0,2,0,2,7390.03356,6299.272558,8480.794563,0,0,0,0,0,0
15462749.27,5055824.717,15465749.27,5055824.717,15465749.27,5052824.717,15462749.27,5052824.717,63515106.93,0,0,0,8472.487718,8472.487718,0,0,0,0,1.13017283,,0.000133393,,0.000133393,0,1,0,1,8472.487718,8472.487718,8472.487718,0,0,0,0,0,0
15462749.27,5052824.717,15465749.27,5052824.717,15465749.27,5049824.717,15462749.27,5049824.717,63515106.93,0,0,0,334.9598298,5678.954225,0,0,0,0,0.284713071,,9.47E-05,,9.47E-05,0,2,0,2,3006.957027,334.9598298,5678.954225,0,0,0,0,0,0
15462749.27,5049824.717,15465749.27,5049824.717,15465749.27,5046824.717,15462749.27,5046824.717,63515106.93,0,0,0,8935.633728,8935.633728,0,0,0,0,1.257111166,,0.000140685,,0.000140685,0,1,0,1,8935.633728,8935.633728,8935.633728,0,0,0,0,0,0
15462749.27,5046824.717,15465749.27,5046824.717,15465749.27,5043824.717,15462749.27,5043824.717,63515106.93,5.51E-08,2.36E-08,5011.855128,242.2101439,7553.554724,1.714285714,2.666666667,3.15E-08,1.384165526,1.211144835,,0.000276178,,0.000276178,3.5,6,1.5,4,4385.373237,242.2101439,8012.057176,0.571428571,1.333333333,6.333333333,2,6.000000008,31757555.47
15462749.27,5043824.717,15465749.27,5043824.717,15465749.27,5040824.717,15462749.27,5040824.717,63515106.93,5.51E-08,2.36E-08,3071.800622,242.2101439,7746.246652,1.714285714,2.666666667,3.15E-08,0.519968529,0.60662995,,0.000169272,,0.000169272,3.5,5,1.5,3,3583.767392,242.2101439,8918.269707,0.571428571,1.333333333,6.333333333,2,6.000000008,31757555.47
15462749.27,5040824.717,15465749.27,5040824.717,15465749.27,5037824.717,15462749.27,5037824.717,63515106.93,0,0,0,5941.006299,5941.006299,0,0,0,0,0.555703293,,9.35E-05,,9.35E-05,0,1,0,1,5941.006151,5941.006151,5941.006151,0,0,0,0,0,0
15462749.27,5037824.717,15465749.27,5037824.717,15465749.27,5034824.717,15462749.27,5034824.717,63515106.93,0,0,0,0,0,0,0,0,0,0,,0,,0,0,0,0,0,0,0,0,0,0,0,0,0,0
15462749.27,5034824.717,15465749.27,5034824.717,15465749.27,5031824.717,15462749.27,5031824.717,63515106.93,0,0,0,0,0,0,0,0,0,0,,0,,0,0,0,0,0,0,0,0,0,0,0,0,0,0
15462749.27,5031824.717,15465749.27,5031824.717,15465749.27,5028824.717,15462749.27,5028824.717,63515106.93,0,0,0,0,0,0,0,0,0,0,,0,,0,0,0,0,0,0,0,0,0,0,0,0,0,0
15462749.27,5028824.717,15465749.27,5028824.717,15465749.27,5025824.717,15462749.27,5025824.717,63515106.93,0,0,0,0,0,0,0,0,0,0,,0,,0,0,0,0,0,0,0,0,0,0,0,0,0,0
15462749.27,5025824.717,15465749.27,5025824.717,15465749.27,5022824.717,15462749.27,5022824.717,63515106.93,0,0,0,0,0,0,0,0,0,0,,0,,0,0,0,0,0,0,0,0,0,0,0,0,0,0
15462749.27,5022824.717,15465749.27,5022824.717,15465749.27,5019824.717,15462749.27,5019824.717,63515106.93,0,0,0,0,0,0,0,0,0,0,,0,,0,0,0,0,0,0,0,0,0,0,0,0,0,0
15462749.27,5019824.717,15465749.27,5019824.717,15465749.27,5016824.717,15462749.27,5016824.717,63515106.93,0,0,0,0,0,0,0,0,0,0,,0,,0,0,0,0,0,0,0,0,0,0,0,0,0,0
15462749.27,5016824.717,15465749.27,5016824.717,15465749.27,5013824.717,15462749.27,5013824.717,63515106.93,0,0,0,0,0,0,0,0,0,0,,0,,0,0,0,0,0,0,0,0,0,0,0,0,0,0
15462749.27,5013824.717,15465749.27,5013824.717,15465749.27,5010824.717,15462749.27,5010824.717,63515106.93,0,0,0,0,0,0,0,0,0,0,,0,,0,0,0,0,0,0,0,0,0,0,0,0,0,0
15462749.27,5010824.717,15465749.27,5010824.717,15465749.27,5007824.717,15462749.27,5007824.717,63515106.93,0,0,0,0,0,0,0,0,0,0,,0,,0,0,0,0,0,0,0,0,0,0,0,0,0,0
15462749.27,5007824.717,15465749.27,5007824.717,15465749.27,5004824.717,15462749.27,5004824.717,63515106.93,0,0,0,0,0,0,0,0,0,0,,0,,0,0,0,0,0,0,0,0,0,0,0,0,0,0
15462749.27,5004824.717,15465749.27,5004824.717,15465749.27,5001824.717,15462749.27,5001824.717,63515106.93,0,0,0,0,0,0,0,0,0,0,,0,,0,0,0,0,0,0,0,0,0,0,0,0,0,0
15462749.27,5001824.717,15465749.27,5001824.717,15465749.27,4998824.717,15462749.27,4998824.717,63515106.93,0,0,0,7886.069888,7886.069888,0,0,0,0,0.979138685,,0.000124161,,0.000124161,0,1,0,1,7886.069888,7886.069888,7886.069888,0,0,0,0,0,0
15462749.27,4998824.717,15465749.27,4998824.717,15465749.27,4995824.717,15462749.27,4995824.717,63515106.93,0,0,0,8930.52208,8930.52208,0,0,0,0,1.255673311,,0.000140605,,0.000140605,0,1,0,1,8930.52208,8930.52208,8930.52208,0,0,0,0,0,0
15462749.27,4995824.717,15465749.27,4995824.717,15465749.27,4992824.717,15462749.27,4992824.717,63515106.93,0,0,0,304.1107932,6220.637027,0,0,0,0,0.335135499,,0.000102727,,0.000102727,0,2,0,2,3262.37391,304.1107932,6220.637027,0,0,0,0,0,0
15462749.27,4992824.717,15465749.27,4992824.717,15465749.27,4989824.717,15462749.27,4989824.717,63515106.93,2.36E-08,7.87E-09,7462.501824,2769.285106,4239.292365,2,4,1.57E-08,1.315173732,0.986380299,,0.000176238,,0.000176238,1.5,3,0.5,2,5596.876368,2769.285106,8424.46763,0.666666667,2,3,1,3,1
15462749.27,4989824.717,15465749.27,4989824.717,15465749.27,4986824.717,15462749.27,4986824.717,63515106.93,2.36E-08,7.87E-09,8627.128887,3015.795615,5751.022226,2,4,1.57E-08,1.757708278,1.318281209,,0.000203742,,0.000203742,1.5,3,0.5,2,6470.346665,4173.87549,8766.817841,0.666666667,2,3,1,3,1
15462749.27,4986824.717,15465749.27,4986824.717,15465749.27,4983824.717,15462749.27,4983824.717,63515106.93,2.36E-08,7.87E-09,5703.659635,148.7825191,5145.888384,2,4,1.57E-08,0.768283361,0.576212521,,0.0001347,,0.0001347,1.5,3,0.5,2,4277.744727,3260.818215,5294.671239,0.666666667,2,3,1,3,1
15462749.27,4983824.717,15465749.27,4983824.717,15465749.27,4980824.717,15462749.27,4980824.717,63515106.93,0,0,0,0,0,0,0,0,0,0,,0,,0,0,0,0,0,0,0,0,0,0,0,0,0,0
15462749.27,4980824.717,15465749.27,4980824.717,15465749.27,4977824.717,15462749.27,4977824.717,63515106.93,0,0,0,0,0,0,0,0,0,0,,0,,0,0,0,0,0,0,0,0,0,0,0,0,0,0
15462749.27,4977824.717,15465749.27,4977824.717,15465749.27,4974824.717,15462749.27,4974824.717,63515106.93,0,0,0,0,0,0,0,0,0,0,,0,,0,0,0,0,0,0,0,0,0,0,0,0,0,0
15462749.27,4974824.717,15465749.27,4974824.717,15465749.27,4971824.717,15462749.27,4971824.717,63515106.93,0,0,0,0,0,0,0,0,0,0,,0,,0,0,0,0,0,0,0,0,0,0,0,0,0,0
15462749.27,4971824.717,15465749.27,4971824.717,15465749.27,4968824.717,15462749.27,4968824.717,63515106.93,0,0,0,607.8658277,607.8658277,0,0,0,0,0.005817527,,9.57E-06,,9.57E-06,0,1,0,1,607.8658277,607.8658277,607.8658277,0,0,0,0,0,0
15462749.27,4968824.717,15465749.27,4968824.717,15465749.27,4965824.717,15462749.27,4965824.717,63515106.93,0,0,0,7648.418942,7648.418942,0,0,0,0,0.921014151,,0.000120419,,0.000120419,0,1,0,1,7648.418942,7648.418942,7648.418942,0,0,0,0,0,0
15462749.27,4965824.717,15465749.27,4965824.717,15465749.27,4962824.717,15462749.27,4962824.717,63515106.93,0,0,0,8974.749829,8974.749829,0,0,0,0,1.268141366,,0.000141301,,0.000141301,0,1,0,1,8974.749829,8974.749829,8974.749829,0,0,0,0,0,0
15462749.27,4962824.717,15465749.27,4962824.717,15465749.27,4959824.717,15462749.27,4959824.717,63515106.93,0,0,0,8196.28363,8196.28363,0,0,0,0,1.057686409,,0.000129045,,0.000129045,0,1,0,1,8196.28363,8196.28363,8196.28363,0,0,0,0,0,0
15462749.27,4959824.717,15465749.27,4959824.717,15465749.27,4956824.717,15462749.27,4956824.717,63515106.93,0,0,0,4204.557787,4204.557787,0,0,0,0,0.278332306,,6.62E-05,,6.62E-05,0,1,0,1,4204.557787,4204.557787,4204.557787,0,0,0,0,0,0
15462749.27,4956824.717,15465749.27,4956824.717,15465749.27,4953824.717,15462749.27,4953824.717,63515106.93,0,0,0,0,0,0,0,0,0,0,,0,,0,0,0,0,0,0,0,0,0,0,0,0,0,0
15462749.27,4953824.717,15465749.27,4953824.717,15465749.27,4950824.717,15462749.27,4950824.717,63515106.93,0,0,0,0,0,0,0,0,0,0,,0,,0,0,0,0,0,0,0,0,0,0,0,0,0,0
15462749.27,4950824.717,15465749.27,4950824.717,15465749.27,4947824.717,15462749.27,4947824.717,63515106.93,0,0,0,0,0,0,0,0,0,0,,0,,0,0,0,0,0,0,0,0,0,0,0,0,0,0
15462749.27,4947824.717,15465749.27,4947824.717,15465749.27,4944824.717,15462749.27,4944824.717,63515106.93,0,0,0,0,0,0,0,0,0,0,,0,,0,0,0,0,0,0,0,0,0,0,0,0,0,0
15462749.27,4944824.717,15465749.27,4944824.717,15465749.27,4941824.717,15462749.27,4941824.717,63515106.93,0,0,0,0,0,0,0,0,0,0,,0,,0,0,0,0,0,0,0,0,0,0,0,0,0,0
15465749.27,5124824.717,15468749.27,5124824.717,15468749.27,5121824.717,15465749.27,5121824.717,63515106.93,1.57E-08,1.57E-08,7927.04044,1983.646407,5943.394032,0,0,0,0.989338965,0.494669482,,0.000124806,,0.000124806,1,2,1,2,3963.52022,1983.646407,5943.394032,0,0,1,0,1.57E-08,63515106.93
15465749.27,5121824.717,15468749.27,5121824.717,15468749.27,5118824.717,15465749.27,5118824.717,63515106.93,1.57E-08,1.57E-08,9523.6521,2385.246227,7138.405873,0,0,0,1.42800593,0.714002965,,0.000149943,,0.000149943,1,2,1,2,4761.82605,2385.246227,7138.405873,0,0,1,0,1.57E-08,63515106.93
15465749.27,5118824.717,15468749.27,5118824.717,15468749.27,5115824.717,15465749.27,5115824.717,63515106.93,7.87E-09,7.87E-09,10764.40402,5382.202009,5382.202009,0,0,0,0.912164046,0.456082023,,8.47E-05,,8.47E-05,0.5,1,0.5,1,5382.202009,5382.202009,5382.202009,0,0,1,0,7.87E-09,31757553.47
15465749.27,5115824.717,15468749.27,5115824.717,15468749.27,5112824.717,15465749.27,5112824.717,63515106.93,7.87E-09,7.87E-09,16734.00366,8367.001828,8367.001828,0,0,0,2.204411611,1.102205805,,0.000131732,,0.000131732,0.5,1,0.5,1,8367.001828,8367.001828,8367.001828,0,0,1,0,7.87E-09,31757553.47
15465749.27,5112824.717,15468749.27,5112824.717,15468749.27,5109824.717,15465749.27,5109824.717,63515106.93,7.87E-09,7.87E-09,22015.12238,2154.744505,8852.816684,0,0,0,3.815356981,0.953839245,,0.000173306,,0.000173306,0.5,2,0.5,2,5503.780594,2154.744505,8852.816684,0,0,1,0,7.87E-09,31757553.47
15465749.27,5109824.717,15468749.27,5109824.717,15468749.27,5106824.717,15465749.27,5106824.717,63515106.93,1.57E-08,1.57E-08,11628.59343,255.4152042,8511.538458,0,0,0,2.129008225,0.709669408,,0.000183084,,0.000183084,1,3,1,3,3876.197809,255.4152042,8511.538458,0,0,1,0,1.57E-08,63515106.93
15465749.27,5106824.717,15468749.27,5106824.717,15468749.27,5103824.717,15465749.27,5103824.717,63515106.93,1.57E-08,1.57E-08,9679.73375,620.0376648,7659.416469,0,0,0,1.475196217,0.491732072,,0.0001524,,0.0001524,1,3,1,3,3226.577917,620.0376648,7659.416469,0,0,1,0,1.57E-08,63515106.93
15465749.27,5103824.717,15468749.27,5103824.717,15468749.27,5100824.717,15465749.27,5100824.717,63515106.93,0,0,0,5821.157184,5821.157184,0,0,0,0,0.533508839,,9.16E-05,,9.16E-05,0,1,0,1,5821.157184,5821.157184,5821.157184,0,0,0,0,0,0
15465749.27,5100824.717,15468749.27,5100824.717,15468749.27,5097824.717,15465749.27,5097824.717,63515106.93,0,0,0,0,0,0,0,0,0,0,,0,,0,0,0,0,0,0,0,0,0,0,0,0,0,0
15465749.27,5097824.717,15468749.27,5097824.717,15468749.27,5094824.717,15465749.27,5094824.717,63515106.93,0,0,0,0,0,0,0,0,0,0,,0,,0,0,0,0,0,0,0,0,0,0,0,0,0,0
15465749.27,5094824.717,15468749.27,5094824.717,15468749.27,5091824.717,15465749.27,5091824.717,63515106.93,0,0,0,5988.609982,5988.609982,0,0,0,0,0.564644401,,9.43E-05,,9.43E-05,0,1,0,1,5988.609982,5988.609982,5988.609982,0,0,0,0,0,0
15465749.27,5091824.717,15468749.27,5091824.717,15468749.27,5088824.717,15465749.27,5088824.717,63515106.93,0,0,0,8948.23307,8948.23307,0,0,0,0,1.260658746,,0.000140884,,0.000140884,0,1,0,1,8948.23307,8948.23307,8948.23307,0,0,0,0,0,0
15465749.27,5088824.717,15468749.27,5088824.717,15468749.27,5085824.717,15465749.27,5085824.717,63515106.93,0,0,0,7527.35105,7527.35105,0,0,0,0,0.892087199,,0.000118513,,0.000118513,0,1,0,1,7527.35105,7527.35105,7527.35105,0,0,0,0,0,0
15465749.27,5085824.717,15468749.27,5085824.717,15468749.27,5082824.717,15465749.27,5082824.717,63515106.93,0,0,0,5665.350635,5665.350635,0,0,0,0,0.505331714,,8.92E-05,,8.92E-05,0,1,0,1,5665.350635,5665.350635,5665.350635,0,0,0,0,0,0
15465749.27,5082824.717,15468749.27,5082824.717,15468749.27,5079824.717,15465749.27,5079824.717,63515106.93,0,0,0,8847.21943,8847.21943,0,0,0,0,1.232357079,,0.000139293,,0.000139293,0,1,0,1,8847.21943,8847.21943,8847.21943,0,0,0,0,0,0
15465749.27,5079824.717,15468749.27,5079824.717,15468749.27,5076824.717,15465749.27,5076824.717,63515106.93,0,0,0,7074.638616,8188.883753,0,0,0,0,1.834013407,,0.000240313,,0.000240313,0,2,0,2,7631.761188,7074.638624,8188.883753,0,0,0,0,0,0
15465749.27,5076824.717,15468749.27,5076824.717,15468749.27,5073824.717,15465749.27,5073824.717,63515106.93,0,0,0,8988.134381,8988.134381,0,0,0,0,1.271926688,,0.000141512,,0.000141512,0,1,0,1,8988.134378,8988.134378,8988.134378,0,0,0,0,0,0
15465749.27,5073824.717,15468749.27,5073824.717,15468749.27,5070824.717,15465749.27,5070824.717,63515106.93,0,0,0,6283.032254,6283.032254,0,0,0,0,0.621529211,,9.89E-05,,9.89E-05,0,1,0,1,6283.032254,6283.032254,6283.032254,0,0,0,0,0,0
15465749.27,5070824.717,15468749.27,5070824.717,15468749.27,5067824.717,15465749.27,5067824.717,63515106.93,0,0,0,7562.817786,7562.817786,0,0,0,0,0.900513525,,0.000119071,,0.000119071,0,1,0,1,7562.817786,7562.817786,7562.817786,0,0,0,0,0,0
15465749.27,5067824.717,15468749.27,5067824.717,15468749.27,5064824.717,15465749.27,5064824.717,63515106.93,0,0,0,8925.960422,8925.960422,0,0,0,0,1.254390858,,0.000140533,,0.000140533,0,1,0,1,8925.960422,8925.960422,8925.960422,0,0,0,0,0,0
15465749.27,5064824.717,15468749.27,5064824.717,15468749.27,5061824.717,15465749.27,5061824.717,63515106.93,0,0,0,5485.228133,8329.847707,0,0,0,0,1.502448234,,0.000217509,,0.000217509,0,2,0,2,6907.53792,5485.228133,8329.847707,0,0,0,0,0,0
15465749.27,5061824.717,15468749.27,5061824.717,15468749.27,5058824.717,15465749.27,5058824.717,63515106.93,0,0,0,3137.345815,8680.588757,0,0,0,0,1.099451645,,0.000186065,,0.000186065,0,2,0,2,5908.967286,3137.345815,8680.588757,0,0,0,0,0,0
15465749.27,5058824.717,15468749.27,5058824.717,15468749.27,5055824.717,15465749.27,5055824.717,63515106.93,0,0,0,4019.282681,8613.522778,0,0,0,0,1.256297765,,0.000198895,,0.000198895,0,2,0,2,6316.402729,4019.282681,8613.522778,0,0,0,0,0,0
15465749.27,5055824.717,15468749.27,5055824.717,15468749.27,5052824.717,15465749.27,5052824.717,63515106.93,0,0,0,8326.654811,8326.654811,0,0,0,0,1.091601411,,0.000131097,,0.000131097,0,1,0,1,8326.654811,8326.654811,8326.654811,0,0,0,0,0,0
15465749.27,5052824.717,15468749.27,5052824.717,15468749.27,5049824.717,15465749.27,5049824.717,63515106.93,0,0,0,6755.525511,6755.525511,0,0,0,0,0.718523941,,0.000106361,,0.000106361,0,1,0,1,6755.525511,6755.525511,6755.525511,0,0,0,0,0,0
15465749.27,5049824.717,15468749.27,5049824.717,15468749.27,5046824.717,15465749.27,5046824.717,63515106.93,5.51E-08,2.36E-08,4808.20841,242.2101439,8991.753901,1.714285714,2.666666667,3.15E-08,1.273965239,1.114719584,,0.000264956,,0.000264956,3.5,6,1.5,4,4207.182359,242.2101439,8991.753901,0.571428571,1.333333333,6.333333333,2,6.000000008,31757555.47
15465749.27,5046824.717,15468749.27,5046824.717,15468749.27,5043824.717,15465749.27,5043824.717,63515106.93,5.51E-08,2.36E-08,5848.482847,242.2101439,6805.056521,1.714285714,2.666666667,3.15E-08,1.884852855,1.649246248,,0.000322281,,0.000322281,3.5,6,1.5,4,5117.422491,242.2101439,8894.274601,0.571428571,1.333333333,6.333333333,2,6.000000008,31757555.47
15465749.27,5043824.717,15468749.27,5043824.717,15468749.27,5040824.717,15465749.27,5040824.717,63515106.93,5.51E-08,2.36E-08,3803.967743,242.2101439,4978.618508,1.714285714,2.666666667,3.15E-08,0.797378758,0.930275218,,0.000209618,,0.000209618,3.5,5,1.5,3,4437.962367,242.2101439,8093.05845,0.571428571,1.333333333,6.333333333,2,6.000000008,31757555.47
15465749.27,5040824.717,15468749.27,5040824.717,15468749.27,5037824.717,15465749.27,5037824.717,63515106.93,0,0,0,0,0,0,0,0,0,0,,0,,0,0,0,0,0,0,0,0,0,0,0,0,0,0
15465749.27,5037824.717,15468749.27,5037824.717,15468749.27,5034824.717,15465749.27,5034824.717,63515106.93,0,0,0,0,0,0,0,0,0,0,,0,,0,0,0,0,0,0,0,0,0,0,0,0,0,0
15465749.27,5034824.717,15468749.27,5034824.717,15468749.27,5031824.717,15465749.27,5031824.717,63515106.93,0,0,0,0,0,0,0,0,0,0,,0,,0,0,0,0,0,0,0,0,0,0,0,0,0,0
15465749.27,5031824.717,15468749.27,5031824.717,15468749.27,5028824.717,15465749.27,5028824.717,63515106.93,0,0,0,0,0,0,0,0,0,0,,0,,0,0,0,0,0,0,0,0,0,0,0,0,0,0
15465749.27,5028824.717,15468749.27,5028824.717,15468749.27,5025824.717,15465749.27,5025824.717,63515106.93,0,0,0,0,0,0,0,0,0,0,,0,,0,0,0,0,0,0,0,0,0,0,0,0,0,0
15465749.27,5025824.717,15468749.27,5025824.717,15468749.27,5022824.717,15465749.27,5022824.717,63515106.93,0,0,0,0,0,0,0,0,0,0,,0,,0,0,0,0,0,0,0,0,0,0,0,0,0,0
15465749.27,5022824.717,15468749.27,5022824.717,15468749.27,5019824.717,15465749.27,5019824.717,63515106.93,0,0,0,0,0,0,0,0,0,0,,0,,0,0,0,0,0,0,0,0,0,0,0,0,0,0
15465749.27,5019824.717,15468749.27,5019824.717,15468749.27,5016824.717,15465749.27,5016824.717,63515106.93,0,0,0,0,0,0,0,0,0,0,,0,,0,0,0,0,0,0,0,0,0,0,0,0,0,0
15465749.27,5016824.717,15468749.27,5016824.717,15468749.27,5013824.717,15465749.27,5013824.717,63515106.93,0,0,0,0,0,0,0,0,0,0,,0,,0,0,0,0,0,0,0,0,0,0,0,0,0,0
15465749.27,5013824.717,15468749.27,5013824.717,15468749.27,5010824.717,15465749.27,5010824.717,63515106.93,0,0,0,0,0,0,0,0,0,0,,0,,0,0,0,0,0,0,0,0,0,0,0,0,0,0
15465749.27,5010824.717,15468749.27,5010824.717,15468749.27,5007824.717,15465749.27,5007824.717,63515106.93,0,0,0,0,0,0,0,0,0,0,,0,,0,0,0,0,0,0,0,0,0,0,0,0,0,0
15465749.27,5007824.717,15468749.27,5007824.717,15468749.27,5004824.717,15465749.27,5004824.717,63515106.93,0,0,0,0,0,0,0,0,0,0,,0,,0,0,0,0,0,0,0,0,0,0,0,0,0,0
15465749.27,5004824.717,15468749.27,5004824.717,15468749.27,5001824.717,15465749.27,5001824.717,63515106.93,0,0,0,5545.763096,5545.763096,0,0,0,0,0.4842232,,8.73E-05,,8.73E-05,0,1,0,1,5545.763096,5545.763096,5545.763096,0,0,0,0,0,0
15465749.27,5001824.717,15468749.27,5001824.717,15468749.27,4998824.717,15465749.27,4998824.717,63515106.93,0,0,0,8871.754369,8871.754369,0,0,0,0,1.239201654,,0.000139679,,0.000139679,0,1,0,1,8871.754369,8871.754369,8871.754369,0,0,0,0,0,0
15465749.27,4998824.717,15468749.27,4998824.717,15468749.27,4995824.717,15465749.27,4995824.717,63515106.93,0,0,0,8204.213076,8204.213076,0,0,0,0,1.059733904,,0.000129169,,0.000129169,0,1,0,1,8204.213076,8204.213076,8204.213076,0,0,0,0,0,0
15465749.27,4995824.717,15468749.27,4995824.717,15468749.27,4992824.717,15465749.27,4992824.717,63515106.93,0,0,0,1624.156349,1624.156349,0,0,0,0,0.041531597,,2.56E-05,,2.56E-05,0,1,0,1,1624.156349,1624.156349,1624.156349,0,0,0,0,0,0
15465749.27,4992824.717,15468749.27,4992824.717,15468749.27,4989824.717,15465749.27,4989824.717,63515106.93,2.36E-08,7.87E-09,4536.044824,264.15521,6153.336467,2,4,1.57E-08,0.485924616,0.364443462,,0.000107125,,0.000107125,1.5,3,0.5,2,3402.033618,264.15521,6539.912026,0.666666667,2,3,1,3,1
15465749.27,4989824.717,15468749.27,4989824.717,15468749.27,4986824.717,15465749.27,4986824.717,63515106.93,2.36E-08,7.87E-09,6328.607342,395.4065857,8563.620836,2,4,1.57E-08,0.945867987,0.70940099,,0.000149459,,0.000149459,1.5,3,0.5,2,4746.455506,533.8835905,8959.027422,0.666666667,2,3,1,3,1
15465749.27,4986824.717,15468749.27,4986824.717,15468749.27,4983824.717,15465749.27,4983824.717,63515106.93,0,0,0,7711.565808,7711.565808,0,0,0,0,0.936285145,,0.000121413,,0.000121413,0,1,0,1,7711.566059,7711.566059,7711.566059,0,0,0,0,0,0
15465749.27,4983824.717,15468749.27,4983824.717,15468749.27,4980824.717,15465749.27,4980824.717,63515106.93,0,0,0,0,0,0,0,0,0,0,,0,,0,0,0,0,0,0,0,0,0,0,0,0,0,0
15465749.27,4980824.717,15468749.27,4980824.717,15468749.27,4977824.717,15465749.27,4977824.717,63515106.93,0,0,0,0,0,0,0,0,0,0,,0,,0,0,0,0,0,0,0,0,0,0,0,0,0,0
15465749.27,4977824.717,15468749.27,4977824.717,15468749.27,4974824.717,15465749.27,4974824.717,63515106.93,7.87E-09,7.87E-09,3633.458152,1816.729076,1816.729076,0,0,0,0.103928174,0.051964087,,2.86E-05,,2.86E-05,0.5,1,0.5,1,1816.729076,1816.729076,1816.729076,0,0,1,0,7.87E-09,31757553.47
15465749.27,4974824.717,15468749.27,4974824.717,15468749.27,4971824.717,15465749.27,4971824.717,63515106.93,7.87E-09,7.87E-09,4556.905976,2278.452988,2278.452988,0,0,0,0.163468134,0.081734067,,3.59E-05,,3.59E-05,0.5,1,0.5,1,2278.452988,2278.452988,2278.452988,0,0,1,0,7.87E-09,31757553.47
15465749.27,4971824.717,15468749.27,4971824.717,15468749.27,4968824.717,15465749.27,4968824.717,63515106.93,0,0,0,0,0,0,0,0,0,0,,0,,0,0,0,0,0,0,0,0,0,0,0,0,0,0
15465749.27,4968824.717,15468749.27,4968824.717,15468749.27,4965824.717,15465749.27,4965824.717,63515106.93,0,0,0,0,0,0,0,0,0,0,,0,,0,0,0,0,0,0,0,0,0,0,0,0,0,0
15465749.27,4965824.717,15468749.27,4965824.717,15468749.27,4962824.717,15465749.27,4962824.717,63515106.93,0,0,0,7602.069652,7602.069652,0,0,0,0,0.909885314,,0.000119689,,0.000119689,0,1,0,1,7602.069652,7602.069652,7602.069652,0,0,0,0,0,0
15465749.27,4962824.717,15468749.27,4962824.717,15468749.27,4959824.717,15465749.27,4959824.717,63515106.93,0,0,0,8991.867152,8991.867152,0,0,0,0,1.27298337,,0.000141571,,0.000141571,0,1,0,1,8991.867152,8991.867152,8991.867152,0,0,0,0,0,0
15465749.27,4959824.717,15468749.27,4959824.717,15468749.27,4956824.717,15465749.27,4956824.717,63515106.93,0,0,0,8055.382934,8055.382934,0,0,0,0,1.021634023,,0.000126826,,0.000126826,0,1,0,1,8055.382934,8055.382934,8055.382934,0,0,0,0,0,0
15465749.27,4956824.717,15468749.27,4956824.717,15468749.27,4953824.717,15465749.27,4953824.717,63515106.93,0,0,0,3396.344649,3396.344649,0,0,0,0,0.181612809,,5.35E-05,,5.35E-05,0,1,0,1,3396.344649,3396.344649,3396.344649,0,0,0,0,0,0
15465749.27,4953824.717,15468749.27,4953824.717,15468749.27,4950824.717,15465749.27,4950824.717,63515106.93,0,0,0,0,0,0,0,0,0,0,,0,,0,0,0,0,0,0,0,0,0,0,0,0,0,0
15465749.27,4950824.717,15468749.27,4950824.717,15468749.27,4947824.717,15465749.27,4947824.717,63515106.93,0,0,0,0,0,0,0,0,0,0,,0,,0,0,0,0,0,0,0,0,0,0,0,0,0,0
15465749.27,4947824.717,15468749.27,4947824.717,15468749.27,4944824.717,15465749.27,4944824.717,63515106.93,0,0,0,0,0,0,0,0,0,0,,0,,0,0,0,0,0,0,0,0,0,0,0,0,0,0
15465749.27,4944824.717,15468749.27,4944824.717,15468749.27,4941824.717,15465749.27,4941824.717,63515106.93,0,0,0,0,0,0,0,0,0,0,,0,,0,0,0,0,0,0,0,0,0,0,0,0,0,0
15468749.27,5124824.717,15471749.27,5124824.717,15471749.27,5121824.717,15468749.27,5121824.717,63515106.93,7.87E-09,7.87E-09,6247.994538,3123.997269,3123.997269,0,0,0,0.307308274,0.153654137,,4.92E-05,,4.92E-05,0.5,1,0.5,1,3123.997269,3123.997269,3123.997269,0,0,1,0,7.87E-09,31757553.47
15468749.27,5121824.717,15471749.27,5121824.717,15471749.27,5118824.717,15468749.27,5118824.717,63515106.93,1.57E-08,1.57E-08,3633.190353,1262.332145,2370.858208,0,0,0,0.207825709,0.103912855,,5.72E-05,,5.72E-05,1,2,1,2,1816.595176,1262.332145,2370.858208,0,0,1,0,1.57E-08,63515106.93
15468749.27,5118824.717,15471749.27,5118824.717,15471749.27,5115824.717,15468749.27,5115824.717,63515106.93,7.87E-09,7.87E-09,8924.121311,4462.060656,4462.060656,0,0,0,0.626937,0.3134685,,7.03E-05,,7.03E-05,0.5,1,0.5,1,4462.060656,4462.060656,4462.060656,0,0,1,0,7.87E-09,31757553.47
15468749.27,5115824.717,15471749.27,5115824.717,15471749.27,5112824.717,15468749.27,5112824.717,63515106.93,0,0,0,7260.422962,7260.422962,0,0,0,0,0.829940216,,0.00011431,,0.00011431,0,1,0,1,7260.422962,7260.422962,7260.422962,0,0,0,0,0,0
15468749.27,5112824.717,15471749.27,5112824.717,15471749.27,5109824.717,15468749.27,5109824.717,63515106.93,0,0,0,7990.308747,7990.308747,0,0,0,0,1.005194464,,0.000125802,,0.000125802,0,1,0,1,7990.308747,7990.308747,7990.308747,0,0,0,0,0,0
15468749.27,5109824.717,15471749.27,5109824.717,15471749.27,5106824.717,15468749.27,5106824.717,63515106.93,0,0,0,8568.414205,8568.414205,0,0,0,0,1.155909602,,0.000134904,,0.000134904,0,1,0,1,8568.414205,8568.414205,8568.414205,0,0,0,0,0,0
15468749.27,5106824.717,15471749.27,5106824.717,15471749.27,5103824.717,15468749.27,5103824.717,63515106.93,0,0,0,8997.295517,8997.295517,0,0,0,0,1.274520827,,0.000141656,,0.000141656,0,1,0,1,8997.295517,8997.295517,8997.295517,0,0,0,0,0,0
15468749.27,5103824.717,15471749.27,5103824.717,15471749.27,5100824.717,15468749.27,5100824.717,63515106.93,0,0,0,8891.889865,8891.889865,0,0,0,0,1.244833067,,0.000139996,,0.000139996,0,1,0,1,8891.889865,8891.889865,8891.889865,0,0,0,0,0,0
15468749.27,5100824.717,15471749.27,5100824.717,15471749.27,5097824.717,15468749.27,5097824.717,63515106.93,0,0,0,8305.707521,8305.707521,0,0,0,0,1.086116056,,0.000130767,,0.000130767,0,1,0,1,8305.707521,8305.707521,8305.707521,0,0,0,0,0,0
15468749.27,5097824.717,15471749.27,5097824.717,15471749.27,5094824.717,15468749.27,5094824.717,63515106.93,0,0,0,6921.658646,6921.658646,0,0,0,0,0.754298634,,0.000108977,,0.000108977,0,1,0,1,6921.658646,6921.658646,6921.658646,0,0,0,0,0,0
15468749.27,5094824.717,15471749.27,5094824.717,15471749.27,5091824.717,15468749.27,5091824.717,63515106.93,0,0,0,4149.756639,4706.427394,0,0,0,0,0.61742788,,0.000139434,,0.000139434,0,2,0,2,4428.092016,4149.756639,4706.427394,0,0,0,0,0,0
15468749.27,5091824.717,15471749.27,5091824.717,15471749.27,5088824.717,15468749.27,5088824.717,63515106.93,0,0,0,1603.883535,8705.430197,0,0,0,0,0.836666698,,0.000162313,,0.000162313,0,2,0,2,5154.656866,1603.883535,8705.430197,0,0,0,0,0,0
15468749.27,5088824.717,15471749.27,5088824.717,15471749.27,5085824.717,15468749.27,5085824.717,63515106.93,0,0,0,8247.695088,8247.695088,0,0,0,0,1.070996768,,0.000129854,,0.000129854,0,1,0,1,8247.695088,8247.695088,8247.695088,0,0,0,0,0,0
15468749.27,5085824.717,15471749.27,5085824.717,15471749.27,5082824.717,15468749.27,5082824.717,63515106.93,0,0,0,0,0,0,0,0,0,0,,0,,0,0,0,0,0,0,0,0,0,0,0,0,0,0
15468749.27,5082824.717,15471749.27,5082824.717,15471749.27,5079824.717,15468749.27,5079824.717,63515106.93,0,0,0,7984.382274,7984.382274,0,0,0,0,1.003703896,,0.000125708,,0.000125708,0,1,0,1,7984.382274,7984.382274,7984.382274,0,0,0,0,0,0
15468749.27,5079824.717,15471749.27,5079824.717,15471749.27,5076824.717,15468749.27,5076824.717,63515106.93,0,0,0,7395.566571,8921.053217,0,0,0,0,2.095817027,,0.000256894,,0.000256894,0,2,0,2,8158.309953,7395.566689,8921.053217,0,0,0,0,0,0
15468749.27,5076824.717,15471749.27,5076824.717,15471749.27,5073824.717,15468749.27,5073824.717,63515106.93,0,0,0,6225.23002,8947.921441,0,0,0,0,1.812360367,,0.00023889,,0.00023889,0,2,0,2,7586.575726,6225.23002,8947.921431,0,0,0,0,0,0
15468749.27,5073824.717,15471749.27,5073824.717,15471749.27,5070824.717,15468749.27,5070824.717,63515106.93,0,0,0,5876.006854,5876.006854,0,0,0,0,0.543610124,,9.25E-05,,9.25E-05,0,1,0,1,5876.006738,5876.006738,5876.006738,0,0,0,0,0,0
15468749.27,5070824.717,15471749.27,5070824.717,15471749.27,5067824.717,15468749.27,5067824.717,63515106.93,0,0,0,7957.518265,7957.518265,0,0,0,0,0.996961195,,0.000125285,,0.000125285,0,1,0,1,7957.518265,7957.518265,7957.518265,0,0,0,0,0,0
15468749.27,5067824.717,15471749.27,5067824.717,15471749.27,5064824.717,15468749.27,5064824.717,63515106.93,0,0,0,4840.329592,8826.643259,0,0,0,0,1.470407246,,0.000215177,,0.000215177,0,2,0,2,6833.486426,4840.329592,8826.643259,0,0,0,0,0,0
15468749.27,5064824.717,15471749.27,5064824.717,15471749.27,5061824.717,15468749.27,5061824.717,63515106.93,0,0,0,4846.058997,8834.023783,0,0,0,0,1.473229551,,0.000215383,,0.000215383,0,2,0,2,6840.04139,4846.058997,8834.023783,0,0,0,0,0,0
15468749.27,5061824.717,15471749.27,5061824.717,15471749.27,5058824.717,15468749.27,5058824.717,63515106.93,0,0,0,3964.636938,8037.960116,0,0,0,0,1.1340793,,0.000188972,,0.000188972,0,2,0,2,6001.298527,3964.636938,8037.960116,0,0,0,0,0,0
15468749.27,5058824.717,15471749.27,5058824.717,15471749.27,5055824.717,15468749.27,5055824.717,63515106.93,0,0,0,8719.781125,8719.781125,0,0,0,0,1.197110208,,0.000137287,,0.000137287,0,1,0,1,8719.781125,8719.781125,8719.781125,0,0,0,0,0,0
15468749.27,5055824.717,15471749.27,5055824.717,15471749.27,5052824.717,15468749.27,5052824.717,63515106.93,0,0,0,8166.3821,8166.3821,0,0,0,0,1.049983222,,0.000128574,,0.000128574,0,1,0,1,8166.3821,8166.3821,8166.3821,0,0,0,0,0,0
15468749.27,5052824.717,15471749.27,5052824.717,15471749.27,5049824.717,15468749.27,5049824.717,63515106.93,0,0,0,7525.446774,7525.446774,0,0,0,0,0.891635894,,0.000118483,,0.000118483,0,1,0,1,7525.446774,7525.446774,7525.446774,0,0,0,0,0,0
15468749.27,5049824.717,15471749.27,5049824.717,15471749.27,5046824.717,15468749.27,5046824.717,63515106.93,0,0,0,7983.853229,8937.115718,0,0,0,0,2.253945582,,0.000266409,,0.000266409,0,2,0,2,8460.484462,7983.853205,8937.115718,0,0,0,0,0,0
15468749.27,5046824.717,15471749.27,5046824.717,15471749.27,5043824.717,15468749.27,5043824.717,63515106.93,5.51E-08,2.36E-08,6303.960297,242.2101439,7580.328718,1.714285714,2.666666667,3.15E-08,2.18986806,1.916134552,,0.00034738,,0.00034738,3.5,6,1.5,4,5515.96526,242.2101439,8908.047237,0.571428571,1.333333333,6.333333333,2,6.000000008,31757555.47
15468749.27,5043824.717,15471749.27,5043824.717,15471749.27,5040824.717,15468749.27,5040824.717,63515106.93,5.51E-08,2.36E-08,4143.229835,242.2101439,8181.69189,1.714285714,2.666666667,3.15E-08,0.945951916,1.103610569,,0.000228313,,0.000228313,3.5,5,1.5,3,4833.768141,242.2101439,8181.69189,0.571428571,1.333333333,6.333333333,2,6.000000008,31757555.47
15468749.27,5040824.717,15471749.27,5040824.717,15471749.27,5037824.717,15468749.27,5037824.717,63515106.93,0,0,0,3979.194885,3979.194885,0,0,0,0,0.249294895,,6.26E-05,,6.26E-05,0,1,0,1,3979.194885,3979.194885,3979.194885,0,0,0,0,0,0
15468749.27,5037824.717,15471749.27,5037824.717,15471749.27,5034824.717,15468749.27,5034824.717,63515106.93,0,0,0,0,0,0,0,0,0,0,,0,,0,0,0,0,0,0,0,0,0,0,0,0,0,0
15468749.27,5034824.717,15471749.27,5034824.717,15471749.27,5031824.717,15468749.27,5031824.717,63515106.93,0,0,0,0,0,0,0,0,0,0,,0,,0,0,0,0,0,0,0,0,0,0,0,0,0,0
15468749.27,5031824.717,15471749.27,5031824.717,15471749.27,5028824.717,15468749.27,5028824.717,63515106.93,0,0,0,0,0,0,0,0,0,0,,0,,0,0,0,0,0,0,0,0,0,0,0,0,0,0
15468749.27,5028824.717,15471749.27,5028824.717,15471749.27,5025824.717,15468749.27,5025824.717,63515106.93,0,0,0,0,0,0,0,0,0,0,,0,,0,0,0,0,0,0,0,0,0,0,0,0,0,0
15468749.27,5025824.717,15471749.27,5025824.717,15471749.27,5022824.717,15468749.27,5022824.717,63515106.93,0,0,0,0,0,0,0,0,0,0,,0,,0,0,0,0,0,0,0,0,0,0,0,0,0,0
15468749.27,5022824.717,15471749.27,5022824.717,15471749.27,5019824.717,15468749.27,5019824.717,63515106.93,0,0,0,0,0,0,0,0,0,0,,0,,0,0,0,0,0,0,0,0,0,0,0,0,0,0
15468749.27,5019824.717,15471749.27,5019824.717,15471749.27,5016824.717,15468749.27,5016824.717,63515106.93,0,0,0,0,0,0,0,0,0,0,,0,,0,0,0,0,0,0,0,0,0,0,0,0,0,0
15468749.27,5016824.717,15471749.27,5016824.717,15471749.27,5013824.717,15468749.27,5013824.717,63515106.93,0,0,0,0,0,0,0,0,0,0,,0,,0,0,0,0,0,0,0,0,0,0,0,0,0,0
15468749.27,5013824.717,15471749.27,5013824.717,15471749.27,5010824.717,15468749.27,5010824.717,63515106.93,0,0,0,0,0,0,0,0,0,0,,0,,0,0,0,0,0,0,0,0,0,0,0,0,0,0
15468749.27,5010824.717,15471749.27,5010824.717,15471749.27,5007824.717,15468749.27,5007824.717,63515106.93,0,0,0,0,0,0,0,0,0,0,,0,,0,0,0,0,0,0,0,0,0,0,0,0,0,0
15468749.27,5007824.717,15471749.27,5007824.717,15471749.27,5004824.717,15468749.27,5004824.717,63515106.93,0,0,0,0,0,0,0,0,0,0,,0,,0,0,0,0,0,0,0,0,0,0,0,0,0,0
15468749.27,5004824.717,15471749.27,5004824.717,15471749.27,5001824.717,15468749.27,5001824.717,63515106.93,0,0,0,8360.535275,8360.535275,0,0,0,0,1.100502754,,0.000131631,,0.000131631,0,1,0,1,8360.535275,8360.535275,8360.535275,0,0,0,0,0,0
15468749.27,5001824.717,15471749.27,5001824.717,15471749.27,4998824.717,15468749.27,4998824.717,63515106.93,0,0,0,8907.813845,8907.813845,0,0,0,0,1.249295661,,0.000140247,,0.000140247,0,1,0,1,8907.813845,8907.813845,8907.813845,0,0,0,0,0,0
15468749.27,4998824.717,15471749.27,4998824.717,15471749.27,4995824.717,15468749.27,4995824.717,63515106.93,0,0,0,6358.767973,6358.767973,0,0,0,0,0.636603354,,0.000100114,,0.000100114,0,1,0,1,6358.767973,6358.767973,6358.767973,0,0,0,0,0,0
15468749.27,4995824.717,15471749.27,4995824.717,15471749.27,4992824.717,15468749.27,4992824.717,63515106.93,0,0,0,0,0,0,0,0,0,0,,0,,0,0,0,0,0,0,0,0,0,0,0,0,0,0
15468749.27,4992824.717,15471749.27,4992824.717,15471749.27,4989824.717,15468749.27,4989824.717,63515106.93,0,0,0,2667.635509,2667.635509,0,0,0,0,0.112040709,,4.20E-05,,4.20E-05,0,1,0,1,2667.635204,2667.635204,2667.635204,0,0,0,0,0,0
15468749.27,4989824.717,15471749.27,4989824.717,15471749.27,4986824.717,15468749.27,4986824.717,63515106.93,0,0,0,8347.857011,8347.857011,0,0,0,0,1.09716756,,0.000131431,,0.000131431,0,1,0,1,8347.856904,8347.856904,8347.856904,0,0,0,0,0,0
15468749.27,4986824.717,15471749.27,4986824.717,15471749.27,4983824.717,15468749.27,4983824.717,63515106.93,0,0,0,8795.106355,8795.106355,0,0,0,0,1.217881863,,0.000138473,,0.000138473,0,1,0,1,8795.106411,8795.106411,8795.106411,0,0,0,0,0,0
15468749.27,4983824.717,15471749.27,4983824.717,15471749.27,4980824.717,15468749.27,4980824.717,63515106.93,0,0,0,5079.740787,5079.740787,0,0,0,0,0.406261876,,8.00E-05,,8.00E-05,0,1,0,1,5079.740787,5079.740787,5079.740787,0,0,0,0,0,0
15468749.27,4980824.717,15471749.27,4980824.717,15471749.27,4977824.717,15468749.27,4977824.717,63515106.93,7.87E-09,7.87E-09,2331.979066,1165.989533,1165.989533,0,0,0,0.042809708,0.021404854,,1.84E-05,,1.84E-05,0.5,1,0.5,1,1165.989533,1165.989533,1165.989533,0,0,1,0,7.87E-09,31757553.47
15468749.27,4977824.717,15471749.27,4977824.717,15471749.27,4974824.717,15468749.27,4974824.717,63515106.93,7.87E-09,7.87E-09,8403.631843,4201.815922,4201.815922,0,0,0,0.555938827,0.277969414,,6.62E-05,,6.62E-05,0.5,1,0.5,1,4201.815922,4201.815922,4201.815922,0,0,1,0,7.87E-09,31757553.47
15468749.27,4974824.717,15471749.27,4974824.717,15471749.27,4971824.717,15468749.27,4971824.717,63515106.93,7.87E-09,7.87E-09,11893.37066,5946.685329,5946.685329,0,0,0,1.113532453,0.556766226,,9.36E-05,,9.36E-05,0.5,1,0.5,1,5946.685329,5946.685329,5946.685329,0,0,1,0,7.87E-09,31757553.47
15468749.27,4971824.717,15471749.27,4971824.717,15471749.27,4968824.717,15468749.27,4968824.717,63515106.93,0,0,0,4716.262977,4716.262977,0,0,0,0,0.350202299,,7.43E-05,,7.43E-05,0,1,0,1,4716.262977,4716.262977,4716.262977,0,0,0,0,0,0
15468749.27,4968824.717,15471749.27,4968824.717,15471749.27,4965824.717,15468749.27,4965824.717,63515106.93,0,0,0,0,0,0,0,0,0,0,,0,,0,0,0,0,0,0,0,0,0,0,0,0,0,0
15468749.27,4965824.717,15471749.27,4965824.717,15471749.27,4962824.717,15468749.27,4962824.717,63515106.93,0,0,0,0,0,0,0,0,0,0,,0,,0,0,0,0,0,0,0,0,0,0,0,0,0,0
15468749.27,4962824.717,15471749.27,4962824.717,15471749.27,4959824.717,15468749.27,4959824.717,63515106.93,0,0,0,7802.373791,7802.373791,0,0,0,0,0.958465469,,0.000122843,,0.000122843,0,1,0,1,7802.373791,7802.373791,7802.373791,0,0,0,0,0,0
15468749.27,4959824.717,15471749.27,4959824.717,15471749.27,4956824.717,15468749.27,4956824.717,63515106.93,0,0,0,8993.017131,8993.017131,0,0,0,0,1.273308997,,0.000141589,,0.000141589,0,1,0,1,8993.017131,8993.017131,8993.017131,0,0,0,0,0,0
15468749.27,4956824.717,15471749.27,4956824.717,15471749.27,4953824.717,15468749.27,4953824.717,63515106.93,0,0,0,7840.306352,7840.306352,0,0,0,0,0.967807608,,0.00012344,,0.00012344,0,1,0,1,7840.306352,7840.306352,7840.306352,0,0,0,0,0,0
15468749.27,4953824.717,15471749.27,4953824.717,15471749.27,4950824.717,15468749.27,4950824.717,63515106.93,0,0,0,868.8227853,868.8227853,0,0,0,0,0.011884622,,1.37E-05,,1.37E-05,0,1,0,1,868.8227853,868.8227853,868.8227853,0,0,0,0,0,0
15468749.27,4950824.717,15471749.27,4950824.717,15471749.27,4947824.717,15468749.27,4947824.717,63515106.93,0,0,0,0,0,0,0,0,0,0,,0,,0,0,0,0,0,0,0,0,0,0,0,0,0,0
15468749.27,4947824.717,15471749.27,4947824.717,15471749.27,4944824.717,15468749.27,4944824.717,63515106.93,0,0,0,0,0,0,0,0,0,0,,0,,0,0,0,0,0,0,0,0,0,0,0,0,0,0
15468749.27,4944824.717,15471749.27,4944824.717,15471749.27,4941824.717,15468749.27,4941824.717,63515106.93,0,0,0,0,0,0,0,0,0,0,,0,,0,0,0,0,0,0,0,0,0,0,0,0,0,0
15471749.27,5124824.717,15474749.27,5124824.717,15474749.27,5121824.717,15471749.27,5121824.717,63515106.93,0,0,0,0,0,0,0,0,0,0,,0,,0,0,0,0,0,0,0,0,0,0,0,0,0,0
15471749.27,5121824.717,15474749.27,5121824.717,15474749.27,5118824.717,15471749.27,5118824.717,63515106.93,0,0,0,0,0,0,0,0,0,0,,0,,0,0,0,0,0,0,0,0,0,0,0,0,0,0
15471749.27,5118824.717,15474749.27,5118824.717,15474749.27,5115824.717,15471749.27,5115824.717,63515106.93,0,0,0,0,0,0,0,0,0,0,,0,,0,0,0,0,0,0,0,0,0,0,0,0,0,0
15471749.27,5115824.717,15474749.27,5115824.717,15474749.27,5112824.717,15471749.27,5112824.717,63515106.93,0,0,0,0,0,0,0,0,0,0,,0,,0,0,0,0,0,0,0,0,0,0,0,0,0,0
15471749.27,5112824.717,15474749.27,5112824.717,15474749.27,5109824.717,15471749.27,5109824.717,63515106.93,0,0,0,0,0,0,0,0,0,0,,0,,0,0,0,0,0,0,0,0,0,0,0,0,0,0
15471749.27,5109824.717,15474749.27,5109824.717,15474749.27,5106824.717,15471749.27,5106824.717,63515106.93,0,0,0,0,0,0,0,0,0,0,,0,,0,0,0,0,0,0,0,0,0,0,0,0,0,0
15471749.27,5106824.717,15474749.27,5106824.717,15474749.27,5103824.717,15471749.27,5103824.717,63515106.93,0,0,0,6229.579606,6229.579606,0,0,0,0,0.610998925,,9.81E-05,,9.81E-05,0,1,0,1,6229.579606,6229.579606,6229.579606,0,0,0,0,0,0
15471749.27,5103824.717,15474749.27,5103824.717,15474749.27,5100824.717,15471749.27,5100824.717,63515106.93,0,0,0,7952.276027,7952.276027,0,0,0,0,0.995648076,,0.000125203,,0.000125203,0,1,0,1,7952.276027,7952.276027,7952.276027,0,0,0,0,0,0
15471749.27,5100824.717,15474749.27,5100824.717,15474749.27,5097824.717,15471749.27,5097824.717,63515106.93,0,0,0,8764.240637,8764.240637,0,0,0,0,1.209348731,,0.000137987,,0.000137987,0,1,0,1,8764.240637,8764.240637,8764.240637,0,0,0,0,0,0
15471749.27,5097824.717,15474749.27,5097824.717,15474749.27,5094824.717,15471749.27,5094824.717,63515106.93,0,0,0,9029.168188,9029.168188,0,0,0,0,1.283566731,,0.000142158,,0.000142158,0,1,0,1,9029.168188,9029.168188,9029.168188,0,0,0,0,0,0
15471749.27,5094824.717,15474749.27,5094824.717,15474749.27,5091824.717,15471749.27,5091824.717,63515106.93,7.87E-09,7.87E-09,16461.2505,8230.625248,8230.625248,0,0,0,2.133136359,1.066568179,,0.000129585,,0.000129585,0.5,1,0.5,1,8230.625248,8230.625248,8230.625248,0,0,1,0,7.87E-09,31757553.47
15471749.27,5091824.717,15474749.27,5091824.717,15474749.27,5088824.717,15471749.27,5088824.717,63515106.93,7.87E-09,7.87E-09,26633.24976,5060.466147,8256.158734,0,0,0,5.583947089,1.395986772,,0.000209661,,0.000209661,0.5,2,0.5,2,6658.312441,5060.466147,8256.158734,0,0,1,0,7.87E-09,31757553.47
15471749.27,5088824.717,15474749.27,5088824.717,15474749.27,5085824.717,15471749.27,5085824.717,63515106.93,7.87E-09,7.87E-09,21142.62408,1860.60016,8710.711881,0,0,0,3.518930965,0.879732741,,0.000166438,,0.000166438,0.5,2,0.5,2,5285.65602,1860.60016,8710.711881,0,0,1,0,7.87E-09,31757553.47
15471749.27,5085824.717,15474749.27,5085824.717,15474749.27,5082824.717,15471749.27,5082824.717,63515106.93,0,0,0,4095.710729,4095.710729,0,0,0,0,0.264107977,,6.45E-05,,6.45E-05,0,1,0,1,4095.710729,4095.710729,4095.710729,0,0,0,0,0,0
15471749.27,5082824.717,15474749.27,5082824.717,15474749.27,5079824.717,15471749.27,5079824.717,63515106.93,0,0,0,5765.411335,5765.411335,0,0,0,0,0.523339556,,9.08E-05,,9.08E-05,0,1,0,1,5765.411335,5765.411335,5765.411335,0,0,0,0,0,0
15471749.27,5079824.717,15474749.27,5079824.717,15474749.27,5076824.717,15471749.27,5076824.717,63515106.93,2.36E-08,7.87E-09,9982.313475,1960.818546,7303.835979,2,4,1.57E-08,2.353296416,1.764972312,,0.000235747,,0.000235747,1.5,3,0.5,2,7486.735106,7303.835979,7669.634234,0.666666667,2,3,1,3,1
15471749.27,5076824.717,15474749.27,5076824.717,15474749.27,5073824.717,15471749.27,5073824.717,63515106.93,2.36E-08,7.87E-09,9604.063762,2308.434758,6588.500547,2,4,1.57E-08,2.178333121,1.633749841,,0.000226814,,0.000226814,1.5,3,0.5,2,7203.047821,5509.160338,8896.935305,0.666666667,2,3,1,3,1
15471749.27,5073824.717,15474749.27,5073824.717,15474749.27,5070824.717,15471749.27,5070824.717,63515106.93,2.36E-08,7.87E-09,4247.143015,256.2129033,5103.921672,2,4,1.57E-08,0.425998428,0.319498821,,0.000100302,,0.000100302,1.5,3,0.5,2,3185.357262,1010.580203,5360.13432,0.666666667,2,3,1,3,1
15471749.27,5070824.717,15474749.27,5070824.717,15474749.27,5067824.717,15471749.27,5067824.717,63515106.93,0,0,0,8189.254045,8189.254045,0,0,0,0,1.055872926,,0.000128934,,0.000128934,0,1,0,1,8189.254045,8189.254045,8189.254045,0,0,0,0,0,0
15471749.27,5067824.717,15474749.27,5067824.717,15474749.27,5064824.717,15471749.27,5064824.717,63515106.93,0,0,0,6838.920985,8704.868075,0,0,0,0,1.901983559,,0.000244726,,0.000244726,0,2,0,2,7771.89453,6838.920985,8704.868075,0,0,0,0,0,0
15471749.27,5064824.717,15474749.27,5064824.717,15474749.27,5061824.717,15471749.27,5061824.717,63515106.93,7.87E-09,7.87E-09,28968.22662,1664.783578,8995.567254,0,0,0,6.605972926,1.100995488,,0.000228042,,0.000228042,0.5,3,0.5,3,4828.03777,1664.783578,8995.567254,0,0,1,0,7.87E-09,31757553.47
15471749.27,5061824.717,15474749.27,5061824.717,15474749.27,5058824.717,15471749.27,5058824.717,63515106.93,7.87E-09,7.87E-09,23966.76091,664.8604061,7020.501173,0,0,0,4.521803209,0.753633868,,0.00018867,,0.00018867,0.5,3,0.5,3,3994.460152,664.8604061,7020.501173,0,0,1,0,7.87E-09,31757553.47
15471749.27,5058824.717,15474749.27,5058824.717,15474749.27,5055824.717,15471749.27,5055824.717,63515106.93,0,0,0,8777.016468,8777.016468,0,0,0,0,1.21287709,,0.000138188,,0.000138188,0,1,0,1,8777.016468,8777.016468,8777.016468,0,0,0,0,0,0
15471749.27,5055824.717,15474749.27,5055824.717,15474749.27,5052824.717,15471749.27,5052824.717,63515106.93,0,0,0,8036.460366,8036.460366,0,0,0,0,1.016839904,,0.000126528,,0.000126528,0,1,0,1,8036.460366,8036.460366,8036.460366,0,0,0,0,0,0
15471749.27,5052824.717,15474749.27,5052824.717,15474749.27,5049824.717,15471749.27,5049824.717,63515106.93,0,0,0,5199.964995,8101.407419,0,0,0,0,1.39279076,,0.000209421,,0.000209421,0,2,0,2,6650.686207,5199.964995,8101.407419,0,0,0,0,0,0
15471749.27,5049824.717,15474749.27,5049824.717,15474749.27,5046824.717,15471749.27,5046824.717,63515106.93,0,0,0,8766.154966,8783.396007,0,0,0,0,2.424515632,,0.000276305,,0.000276305,0,2,0,2,8774.775485,8766.154966,8783.396004,0,0,0,0,0,0
15471749.27,5046824.717,15474749.27,5046824.717,15474749.27,5043824.717,15471749.27,5043824.717,63515106.93,0,0,0,4260.367555,8255.891935,0,0,0,0,2.066795846,,0.000312443,,0.000312443,0,3,0,3,6614.95173,4260.367555,8255.891945,0,0,0,0,0,0
15471749.27,5043824.717,15474749.27,5043824.717,15474749.27,5040824.717,15471749.27,5040824.717,63515106.93,0,0,0,8994.652016,8994.652016,0,0,0,0,1.273772002,,0.000141614,,0.000141614,0,1,0,1,8994.652016,8994.652016,8994.652016,0,0,0,0,0,0
15471749.27,5040824.717,15474749.27,5040824.717,15474749.27,5037824.717,15471749.27,5037824.717,63515106.93,0,0,0,6539.500515,6539.500515,0,0,0,0,0.673305439,,0.00010296,,0.00010296,0,1,0,1,6539.500515,6539.500515,6539.500515,0,0,0,0,0,0
15471749.27,5037824.717,15474749.27,5037824.717,15474749.27,5034824.717,15471749.27,5034824.717,63515106.93,0,0,0,0,0,0,0,0,0,0,,0,,0,0,0,0,0,0,0,0,0,0,0,0,0,0
15471749.27,5034824.717,15474749.27,5034824.717,15474749.27,5031824.717,15471749.27,5031824.717,63515106.93,0,0,0,0,0,0,0,0,0,0,,0,,0,0,0,0,0,0,0,0,0,0,0,0,0,0
15471749.27,5031824.717,15474749.27,5031824.717,15474749.27,5028824.717,15471749.27,5028824.717,63515106.93,0,0,0,0,0,0,0,0,0,0,,0,,0,0,0,0,0,0,0,0,0,0,0,0,0,0
15471749.27,5028824.717,15474749.27,5028824.717,15474749.27,5025824.717,15471749.27,5025824.717,63515106.93,0,0,0,0,0,0,0,0,0,0,,0,,0,0,0,0,0,0,0,0,0,0,0,0,0,0
15471749.27,5025824.717,15474749.27,5025824.717,15474749.27,5022824.717,15471749.27,5022824.717,63515106.93,0,0,0,0,0,0,0,0,0,0,,0,,0,0,0,0,0,0,0,0,0,0,0,0,0,0
15471749.27,5022824.717,15474749.27,5022824.717,15474749.27,5019824.717,15471749.27,5019824.717,63515106.93,0,0,0,0,0,0,0,0,0,0,,0,,0,0,0,0,0,0,0,0,0,0,0,0,0,0
15471749.27,5019824.717,15474749.27,5019824.717,15474749.27,5016824.717,15471749.27,5016824.717,63515106.93,0,0,0,0,0,0,0,0,0,0,,0,,0,0,0,0,0,0,0,0,0,0,0,0,0,0
15471749.27,5016824.717,15474749.27,5016824.717,15474749.27,5013824.717,15471749.27,5013824.717,63515106.93,0,0,0,0,0,0,0,0,0,0,,0,,0,0,0,0,0,0,0,0,0,0,0,0,0,0
15471749.27,5013824.717,15474749.27,5013824.717,15474749.27,5010824.717,15471749.27,5010824.717,63515106.93,0,0,0,0,0,0,0,0,0,0,,0,,0,0,0,0,0,0,0,0,0,0,0,0,0,0
15471749.27,5010824.717,15474749.27,5010824.717,15474749.27,5007824.717,15471749.27,5007824.717,63515106.93,0,0,0,3253.416951,3253.416951,0,0,0,0,0.166648887,,5.12E-05,,5.12E-05,0,1,0,1,3253.416951,3253.416951,3253.416951,0,0,0,0,0,0
15471749.27,5007824.717,15474749.27,5007824.717,15474749.27,5004824.717,15471749.27,5004824.717,63515106.93,0,0,0,8155.030998,8155.030998,0,0,0,0,1.04706634,,0.000128395,,0.000128395,0,1,0,1,8155.030998,8155.030998,8155.030998,0,0,0,0,0,0
15471749.27,5004824.717,15474749.27,5004824.717,15474749.27,5001824.717,15471749.27,5001824.717,63515106.93,0,0,0,9088.277159,9088.277159,0,0,0,0,1.300427343,,0.000143088,,0.000143088,0,1,0,1,9088.277159,9088.277159,9088.277159,0,0,0,0,0,0
15471749.27,5001824.717,15474749.27,5001824.717,15474749.27,4998824.717,15471749.27,4998824.717,63515106.93,0,0,0,7634.913708,7634.913708,0,0,0,0,0.917764452,,0.000120206,,0.000120206,0,1,0,1,7634.913708,7634.913708,7634.913708,0,0,0,0,0,0
15471749.27,4998824.717,15474749.27,4998824.717,15474749.27,4995824.717,15471749.27,4995824.717,63515106.93,0,0,0,0,0,0,0,0,0,0,,0,,0,0,0,0,0,0,0,0,0,0,0,0,0,0
15471749.27,4995824.717,15474749.27,4995824.717,15474749.27,4992824.717,15471749.27,4992824.717,63515106.93,0,0,0,0,0,0,0,0,0,0,,0,,0,0,0,0,0,0,0,0,0,0,0,0,0,0
15471749.27,4992824.717,15474749.27,4992824.717,15474749.27,4989824.717,15471749.27,4989824.717,63515106.93,0,0,0,0,0,0,0,0,0,0,,0,,0,0,0,0,0,0,0,0,0,0,0,0,0,0
15471749.27,4989824.717,15474749.27,4989824.717,15474749.27,4986824.717,15471749.27,4986824.717,63515106.93,0,0,0,6646.874487,6646.874487,0,0,0,0,0.695597356,,0.00010465,,0.00010465,0,1,0,1,6646.874487,6646.874487,6646.874487,0,0,0,0,0,0
15471749.27,4986824.717,15474749.27,4986824.717,15474749.27,4983824.717,15471749.27,4983824.717,63515106.93,0,0,0,8949.315494,8949.315494,0,0,0,0,1.260963756,,0.000140901,,0.000140901,0,1,0,1,8949.315494,8949.315494,8949.315494,0,0,0,0,0,0
15471749.27,4983824.717,15474749.27,4983824.717,15474749.27,4980824.717,15471749.27,4980824.717,63515106.93,0,0,0,7975.261348,7975.261348,0,0,0,0,1.001412052,,0.000125565,,0.000125565,0,1,0,1,7975.261348,7975.261348,7975.261348,0,0,0,0,0,0
15471749.27,4980824.717,15474749.27,4980824.717,15474749.27,4977824.717,15471749.27,4977824.717,63515106.93,0,0,0,0,0,0,0,0,0,0,,0,,0,0,0,0,0,0,0,0,0,0,0,0,0,0
15471749.27,4977824.717,15474749.27,4977824.717,15474749.27,4974824.717,15471749.27,4974824.717,63515106.93,7.87E-09,7.87E-09,11268.63881,5634.319405,5634.319405,0,0,0,0.99962219,0.499811095,,8.87E-05,,8.87E-05,0.5,1,0.5,1,5634.319405,5634.319405,5634.319405,0,0,1,0,7.87E-09,31757553.47
15471749.27,4974824.717,15474749.27,4974824.717,15474749.27,4971824.717,15471749.27,4971824.717,63515106.93,7.87E-09,7.87E-09,16997.19811,8498.599054,8498.599054,0,0,0,2.274299434,1.137149717,,0.000133804,,0.000133804,0.5,1,0.5,1,8498.599054,8498.599054,8498.599054,0,0,1,0,7.87E-09,31757553.47
15471749.27,4971824.717,15474749.27,4971824.717,15474749.27,4968824.717,15471749.27,4968824.717,63515106.93,0,0,0,8045.742185,8045.742185,0,0,0,0,1.019190086,,0.000126674,,0.000126674,0,1,0,1,8045.742185,8045.742185,8045.742185,0,0,0,0,0,0
15471749.27,4968824.717,15474749.27,4968824.717,15474749.27,4965824.717,15471749.27,4965824.717,63515106.93,0,0,0,2767.159826,2767.159826,0,0,0,0,0.120556728,,4.36E-05,,4.36E-05,0,1,0,1,2767.159826,2767.159826,2767.159826,0,0,0,0,0,0
15471749.27,4965824.717,15474749.27,4965824.717,15474749.27,4962824.717,15471749.27,4962824.717,63515106.93,0,0,0,0,0,0,0,0,0,0,,0,,0,0,0,0,0,0,0,0,0,0,0,0,0,0
15471749.27,4962824.717,15474749.27,4962824.717,15474749.27,4959824.717,15471749.27,4959824.717,63515106.93,0,0,0,2629.700122,2629.700122,0,0,0,0,0.108876818,,4.14E-05,,4.14E-05,0,1,0,1,2629.700122,2629.700122,2629.700122,0,0,0,0,0,0
15471749.27,4959824.717,15474749.27,4959824.717,15474749.27,4956824.717,15471749.27,4956824.717,63515106.93,7.87E-09,7.87E-09,18256.79982,1100.312234,8028.087674,0,0,0,2.623869782,0.655967446,,0.00014372,,0.00014372,0.5,2,0.5,2,4564.199954,1100.312234,8028.087674,0,0,1,0,7.87E-09,31757553.47
15471749.27,4956824.717,15474749.27,4956824.717,15474749.27,4953824.717,15471749.27,4953824.717,63515106.93,7.87E-09,7.87E-09,18446.48799,250.7712968,8972.4727,0,0,0,2.678677056,0.669669264,,0.000145213,,0.000145213,0.5,2,0.5,2,4611.621998,250.7712968,8972.4727,0,0,1,0,7.87E-09,31757553.47
15471749.27,4953824.717,15474749.27,4953824.717,15474749.27,4950824.717,15471749.27,4950824.717,63515106.93,0,0,0,7312.324652,7312.324652,0,0,0,0,0.841848411,,0.000115127,,0.000115127,0,1,0,1,7312.324652,7312.324652,7312.324652,0,0,0,0,0,0
15471749.27,4950824.717,15474749.27,4950824.717,15474749.27,4947824.717,15471749.27,4947824.717,63515106.93,0,0,0,0,0,0,0,0,0,0,,0,,0,0,0,0,0,0,0,0,0,0,0,0,0,0
15471749.27,4947824.717,15474749.27,4947824.717,15474749.27,4944824.717,15471749.27,4944824.717,63515106.93,0,0,0,0,0,0,0,0,0,0,,0,,0,0,0,0,0,0,0,0,0,0,0,0,0,0
15471749.27,4944824.717,15474749.27,4944824.717,15474749.27,4941824.717,15471749.27,4941824.717,63515106.93,0,0,0,0,0,0,0,0,0,0,,0,,0,0,0,0,0,0,0,0,0,0,0,0,0,0
15474749.27,5124824.717,15477749.27,5124824.717,15477749.27,5121824.717,15474749.27,5121824.717,63515106.93,0,0,0,0,0,0,0,0,0,0,,0,,0,0,0,0,0,0,0,0,0,0,0,0,0,0
15474749.27,5121824.717,15477749.27,5121824.717,15477749.27,5118824.717,15474749.27,5118824.717,63515106.93,0,0,0,0,0,0,0,0,0,0,,0,,0,0,0,0,0,0,0,0,0,0,0,0,0,0
15474749.27,5118824.717,15477749.27,5118824.717,15477749.27,5115824.717,15474749.27,5115824.717,63515106.93,0,0,0,0,0,0,0,0,0,0,,0,,0,0,0,0,0,0,0,0,0,0,0,0,0,0
15474749.27,5115824.717,15477749.27,5115824.717,15477749.27,5112824.717,15474749.27,5112824.717,63515106.93,0,0,0,0,0,0,0,0,0,0,,0,,0,0,0,0,0,0,0,0,0,0,0,0,0,0
15474749.27,5112824.717,15477749.27,5112824.717,15477749.27,5109824.717,15474749.27,5109824.717,63515106.93,0,0,0,0,0,0,0,0,0,0,,0,,0,0,0,0,0,0,0,0,0,0,0,0,0,0
15474749.27,5109824.717,15477749.27,5109824.717,15477749.27,5106824.717,15474749.27,5106824.717,63515106.93,0,0,0,0,0,0,0,0,0,0,,0,,0,0,0,0,0,0,0,0,0,0,0,0,0,0
15474749.27,5106824.717,15477749.27,5106824.717,15477749.27,5103824.717,15474749.27,5103824.717,63515106.93,0,0,0,0,0,0,0,0,0,0,,0,,0,0,0,0,0,0,0,0,0,0,0,0,0,0
15474749.27,5103824.717,15477749.27,5103824.717,15477749.27,5100824.717,15474749.27,5100824.717,63515106.93,0,0,0,0,0,0,0,0,0,0,,0,,0,0,0,0,0,0,0,0,0,0,0,0,0,0
15474749.27,5100824.717,15477749.27,5100824.717,15477749.27,5097824.717,15474749.27,5097824.717,63515106.93,0,0,0,5211.301258,5211.301258,0,0,0,0,0.427577975,,8.20E-05,,8.20E-05,0,1,0,1,5211.301258,5211.301258,5211.301258,0,0,0,0,0,0
15474749.27,5097824.717,15477749.27,5097824.717,15477749.27,5094824.717,15474749.27,5094824.717,63515106.93,0,0,0,7023.699055,7023.699055,0,0,0,0,0.776702596,,0.000110583,,0.000110583,0,1,0,1,7023.699055,7023.699055,7023.699055,0,0,0,0,0,0
15474749.27,5094824.717,15477749.27,5094824.717,15477749.27,5091824.717,15474749.27,5091824.717,63515106.93,7.87E-09,7.87E-09,14285.61666,7142.808328,7142.808328,0,0,0,1.606537823,0.803268911,,0.000112458,,0.000112458,0.5,1,0.5,1,7142.808328,7142.808328,7142.808328,0,0,1,0,7.87E-09,31757553.47
15474749.27,5091824.717,15477749.27,5091824.717,15477749.27,5088824.717,15474749.27,5088824.717,63515106.93,7.87E-09,7.87E-09,23832.88394,4510.649618,7405.792353,0,0,0,4.471427227,1.117856807,,0.000187616,,0.000187616,0.5,2,0.5,2,5958.220985,4510.649618,7405.792353,0,0,1,0,7.87E-09,31757553.47
15474749.27,5088824.717,15477749.27,5088824.717,15477749.27,5085824.717,15474749.27,5085824.717,63515106.93,7.87E-09,7.87E-09,21377.75034,1717.583994,8971.291175,0,0,0,3.597633945,0.899408486,,0.000168289,,0.000168289,0.5,2,0.5,2,5344.437584,1717.583994,8971.291175,0,0,1,0,7.87E-09,31757553.47
15474749.27,5085824.717,15477749.27,5085824.717,15477749.27,5082824.717,15474749.27,5082824.717,63515106.93,0,0,0,6241.612612,6241.612612,0,0,0,0,0.613361606,,9.83E-05,,9.83E-05,0,1,0,1,6241.612612,6241.612612,6241.612612,0,0,0,0,0,0
15474749.27,5082824.717,15477749.27,5082824.717,15477749.27,5079824.717,15474749.27,5079824.717,63515106.93,0,0,0,0,0,0,0,0,0,0,,0,,0,0,0,0,0,0,0,0,0,0,0,0,0,0
15474749.27,5079824.717,15477749.27,5079824.717,15477749.27,5076824.717,15474749.27,5076824.717,63515106.93,2.36E-08,7.87E-09,8011.737565,2856.066453,5008.54385,2,4,1.57E-08,1.515889886,1.136917414,,0.000189209,,0.000189209,1.5,3,0.5,2,6008.803174,4152.996005,7864.610342,0.666666667,2,3,1,3,1
15474749.27,5076824.717,15477749.27,5076824.717,15477749.27,5073824.717,15474749.27,5073824.717,63515106.93,2.36E-08,7.87E-09,8094.452781,3284.467107,5287.223537,2,4,1.57E-08,1.54735233,1.160514248,,0.000191162,,0.000191162,1.5,3,0.5,2,6070.839585,3284.467107,8857.212064,0.666666667,2,3,1,3,1
15474749.27,5073824.717,15477749.27,5073824.717,15477749.27,5070824.717,15474749.27,5070824.717,63515106.93,2.36E-08,7.87E-09,3585.52546,768.0837439,2898.732388,2,4,1.57E-08,0.303612639,0.227709479,,8.47E-05,,8.47E-05,1.5,3,0.5,2,2689.144095,768.0837439,4610.204446,0.666666667,2,3,1,3,1
15474749.27,5070824.717,15477749.27,5070824.717,15477749.27,5067824.717,15474749.27,5067824.717,63515106.93,0,0,0,8437.024548,8437.024548,0,0,0,0,1.120731534,,0.000132835,,0.000132835,0,1,0,1,8437.024548,8437.024548,8437.024548,0,0,0,0,0,0
15474749.27,5067824.717,15477749.27,5067824.717,15477749.27,5064824.717,15474749.27,5064824.717,63515106.93,7.87E-09,7.87E-09,41666.11391,4194.90227,8541.965166,0,0,0,13.66655219,2.277758699,,0.000328002,,0.000328002,0.5,3,0.5,3,6944.352318,4194.90227,8541.965166,0,0,1,0,7.87E-09,31757553.47
15474749.27,5064824.717,15477749.27,5064824.717,15477749.27,5061824.717,15474749.27,5061824.717,63515106.93,7.87E-09,7.87E-09,29419.95313,1194.672457,8821.4261,0,0,0,6.813604541,1.135600757,,0.000231598,,0.000231598,0.5,3,0.5,3,4903.325521,1194.672457,8821.4261,0,0,1,0,7.87E-09,31757553.47
15474749.27,5061824.717,15477749.27,5061824.717,15477749.27,5058824.717,15474749.27,5058824.717,63515106.93,7.87E-09,7.87E-09,25321.40396,3077.264496,5064.498758,0,0,0,5.047409422,0.841234904,,0.000199334,,0.000199334,0.5,3,0.5,3,4220.233993,3077.264496,5064.498758,0,0,1,0,7.87E-09,31757553.47
15474749.27,5058824.717,15477749.27,5058824.717,15477749.27,5055824.717,15474749.27,5055824.717,63515106.93,0,0,0,8803.100833,8803.100833,0,0,0,0,1.220096887,,0.000138599,,0.000138599,0,1,0,1,8803.100833,8803.100833,8803.100833,0,0,0,0,0,0
15474749.27,5055824.717,15477749.27,5055824.717,15477749.27,5052824.717,15474749.27,5052824.717,63515106.93,0,0,0,1997.19693,7964.237624,0,0,0,0,0.781154147,,0.000156836,,0.000156836,0,2,0,2,4980.717277,1997.19693,7964.237624,0,0,0,0,0,0
15474749.27,5052824.717,15477749.27,5052824.717,15477749.27,5049824.717,15474749.27,5049824.717,63515106.93,0,0,0,7338.444689,8585.863502,0,0,0,0,1.996246276,,0.000250717,,0.000250717,0,2,0,2,7962.154095,7338.444689,8585.863502,0,0,0,0,0,0
15474749.27,5049824.717,15477749.27,5049824.717,15477749.27,5046824.717,15474749.27,5046824.717,63515106.93,0,0,0,8412.857637,9020.199963,0,0,0,0,2.392434745,,0.000274471,,0.000274471,0,2,0,2,8716.5288,8412.857637,9020.199963,0,0,0,0,0,0
15474749.27,5046824.717,15477749.27,5046824.717,15477749.27,5043824.717,15474749.27,5043824.717,63515106.93,0,0,0,973.2607736,6806.712623,0,0,0,0,0.932585227,,0.000209878,,0.000209878,0,3,0,3,4443.469006,973.2607736,6806.712623,0,0,0,0,0,0
15474749.27,5043824.717,15477749.27,5043824.717,15477749.27,5040824.717,15474749.27,5040824.717,63515106.93,0,0,0,8858.382709,8858.382709,0,0,0,0,1.235468977,,0.000139469,,0.000139469,0,1,0,1,8858.382709,8858.382709,8858.382709,0,0,0,0,0,0
15474749.27,5040824.717,15477749.27,5040824.717,15477749.27,5037824.717,15474749.27,5037824.717,63515106.93,0,0,0,8018.136555,8018.136555,0,0,0,0,1.012208228,,0.00012624,,0.00012624,0,1,0,1,8018.136555,8018.136555,8018.136555,0,0,0,0,0,0
15474749.27,5037824.717,15477749.27,5037824.717,15477749.27,5034824.717,15474749.27,5034824.717,63515106.93,0,0,0,0,0,0,0,0,0,0,,0,,0,0,0,0,0,0,0,0,0,0,0,0,0,0
15474749.27,5034824.717,15477749.27,5034824.717,15477749.27,5031824.717,15474749.27,5031824.717,63515106.93,0,0,0,0,0,0,0,0,0,0,,0,,0,0,0,0,0,0,0,0,0,0,0,0,0,0
15474749.27,5031824.717,15477749.27,5031824.717,15477749.27,5028824.717,15474749.27,5028824.717,63515106.93,0,0,0,0,0,0,0,0,0,0,,0,,0,0,0,0,0,0,0,0,0,0,0,0,0,0
15474749.27,5028824.717,15477749.27,5028824.717,15477749.27,5025824.717,15474749.27,5025824.717,63515106.93,0,0,0,0,0,0,0,0,0,0,,0,,0,0,0,0,0,0,0,0,0,0,0,0,0,0
15474749.27,5025824.717,15477749.27,5025824.717,15477749.27,5022824.717,15474749.27,5022824.717,63515106.93,0,0,0,0,0,0,0,0,0,0,,0,,0,0,0,0,0,0,0,0,0,0,0,0,0,0
15474749.27,5022824.717,15477749.27,5022824.717,15477749.27,5019824.717,15474749.27,5019824.717,63515106.93,0,0,0,0,0,0,0,0,0,0,,0,,0,0,0,0,0,0,0,0,0,0,0,0,0,0
15474749.27,5019824.717,15477749.27,5019824.717,15477749.27,5016824.717,15474749.27,5016824.717,63515106.93,0,0,0,0,0,0,0,0,0,0,,0,,0,0,0,0,0,0,0,0,0,0,0,0,0,0
15474749.27,5016824.717,15477749.27,5016824.717,15477749.27,5013824.717,15474749.27,5013824.717,63515106.93,0,0,0,0,0,0,0,0,0,0,,0,,0,0,0,0,0,0,0,0,0,0,0,0,0,0
15474749.27,5013824.717,15477749.27,5013824.717,15477749.27,5010824.717,15474749.27,5010824.717,63515106.93,0,0,0,6392.454424,6392.454424,0,0,0,0,0.643366209,,0.000100645,,0.000100645,0,1,0,1,6392.454424,6392.454424,6392.454424,0,0,0,0,0,0
15474749.27,5010824.717,15477749.27,5010824.717,15477749.27,5007824.717,15474749.27,5007824.717,63515106.93,0,0,0,8460.700989,8460.700989,0,0,0,0,1.127030476,,0.000133208,,0.000133208,0,1,0,1,8460.700989,8460.700989,8460.700989,0,0,0,0,0,0
15474749.27,5007824.717,15477749.27,5007824.717,15477749.27,5004824.717,15474749.27,5004824.717,63515106.93,0,0,0,9016.069313,9016.069313,0,0,0,0,1.279845218,,0.000141952,,0.000141952,0,1,0,1,9016.069313,9016.069313,9016.069313,0,0,0,0,0,0
15474749.27,5004824.717,15477749.27,5004824.717,15477749.27,5001824.717,15474749.27,5001824.717,63515106.93,0,0,0,7874.642346,7874.642346,0,0,0,0,0.976303041,,0.000123981,,0.000123981,0,1,0,1,7874.642346,7874.642346,7874.642346,0,0,0,0,0,0
15474749.27,5001824.717,15477749.27,5001824.717,15477749.27,4998824.717,15474749.27,4998824.717,63515106.93,0,0,0,3850.652266,3850.652266,0,0,0,0,0.233448759,,6.06E-05,,6.06E-05,0,1,0,1,3850.652266,3850.652266,3850.652266,0,0,0,0,0,0
15474749.27,4998824.717,15477749.27,4998824.717,15477749.27,4995824.717,15474749.27,4995824.717,63515106.93,0,0,0,0,0,0,0,0,0,0,,0,,0,0,0,0,0,0,0,0,0,0,0,0,0,0
15474749.27,4995824.717,15477749.27,4995824.717,15477749.27,4992824.717,15474749.27,4992824.717,63515106.93,0,0,0,0,0,0,0,0,0,0,,0,,0,0,0,0,0,0,0,0,0,0,0,0,0,0
15474749.27,4992824.717,15477749.27,4992824.717,15477749.27,4989824.717,15474749.27,4989824.717,63515106.93,0,0,0,0,0,0,0,0,0,0,,0,,0,0,0,0,0,0,0,0,0,0,0,0,0,0
15474749.27,4989824.717,15477749.27,4989824.717,15477749.27,4986824.717,15474749.27,4986824.717,63515106.93,0,0,0,1805.42784,1805.42784,0,0,0,0,0.051319597,,2.84E-05,,2.84E-05,0,1,0,1,1805.42784,1805.42784,1805.42784,0,0,0,0,0,0
15474749.27,4986824.717,15477749.27,4986824.717,15477749.27,4983824.717,15474749.27,4983824.717,63515106.93,0,0,0,8004.476409,8004.476409,0,0,0,0,1.008762256,,0.000126025,,0.000126025,0,1,0,1,8004.476409,8004.476409,8004.476409,0,0,0,0,0,0
15474749.27,4983824.717,15477749.27,4983824.717,15477749.27,4980824.717,15474749.27,4980824.717,63515106.93,0,0,0,8988.473689,8988.473689,0,0,0,0,1.272022723,,0.000141517,,0.000141517,0,1,0,1,8988.473689,8988.473689,8988.473689,0,0,0,0,0,0
15474749.27,4980824.717,15477749.27,4980824.717,15477749.27,4977824.717,15474749.27,4977824.717,63515106.93,0,0,0,6952.241698,6952.241698,0,0,0,0,0.760979032,,0.000109458,,0.000109458,0,1,0,1,6952.241698,6952.241698,6952.241698,0,0,0,0,0,0
15474749.27,4977824.717,15477749.27,4977824.717,15477749.27,4974824.717,15474749.27,4974824.717,63515106.93,0,0,0,0,0,0,0,0,0,0,,0,,0,0,0,0,0,0,0,0,0,0,0,0,0,0
15474749.27,4974824.717,15477749.27,4974824.717,15477749.27,4971824.717,15474749.27,4971824.717,63515106.93,0,0,0,7843.398564,7843.398564,0,0,0,0,0.968571164,,0.000123489,,0.000123489,0,1,0,1,7843.398564,7843.398564,7843.398564,0,0,0,0,0,0
15474749.27,4971824.717,15477749.27,4971824.717,15477749.27,4968824.717,15474749.27,4968824.717,63515106.93,0,0,0,8997.011227,8997.011227,0,0,0,0,1.274440285,,0.000141652,,0.000141652,0,1,0,1,8997.011227,8997.011227,8997.011227,0,0,0,0,0,0
15474749.27,4968824.717,15477749.27,4968824.717,15477749.27,4965824.717,15474749.27,4965824.717,63515106.93,0,0,0,7216.61058,7216.61058,0,0,0,0,0.819954036,,0.00011362,,0.00011362,0,1,0,1,7216.61058,7216.61058,7216.61058,0,0,0,0,0,0
15474749.27,4965824.717,15477749.27,4965824.717,15477749.27,4962824.717,15474749.27,4962824.717,63515106.93,0,0,0,0,0,0,0,0,0,0,,0,,0,0,0,0,0,0,0,0,0,0,0,0,0,0
15474749.27,4962824.717,15477749.27,4962824.717,15477749.27,4959824.717,15474749.27,4959824.717,63515106.93,7.87E-09,7.87E-09,9922.963004,4961.481502,4961.481502,0,0,0,0.775132087,0.387566043,,7.81E-05,,7.81E-05,0.5,1,0.5,1,4961.481502,4961.481502,4961.481502,0,0,1,0,7.87E-09,31757553.47
15474749.27,4959824.717,15477749.27,4959824.717,15477749.27,4956824.717,15474749.27,4956824.717,63515106.93,7.87E-09,7.87E-09,17165.6097,4198.507213,4384.297637,0,0,0,2.319591123,0.579897781,,0.00013513,,0.00013513,0.5,2,0.5,2,4291.402425,4198.507213,4384.297637,0,0,1,0,7.87E-09,31757553.47
15474749.27,4956824.717,15477749.27,4956824.717,15477749.27,4953824.717,15474749.27,4953824.717,63515106.93,7.87E-09,7.87E-09,21737.97222,2453.683079,8415.303031,0,0,0,3.719897982,0.929974496,,0.000171124,,0.000171124,0.5,2,0.5,2,5434.493055,2453.683079,8415.303031,0,0,1,0,7.87E-09,31757553.47
15474749.27,4953824.717,15477749.27,4953824.717,15477749.27,4950824.717,15474749.27,4950824.717,63515106.93,0,0,0,8870.274506,8870.274506,0,0,0,0,1.238788276,,0.000139656,,0.000139656,0,1,0,1,8870.274506,8870.274506,8870.274506,0,0,0,0,0,0
15474749.27,4950824.717,15477749.27,4950824.717,15477749.27,4947824.717,15474749.27,4947824.717,63515106.93,0,0,0,6587.961469,6587.961469,0,0,0,0,0.683321471,,0.000103723,,0.000103723,0,1,0,1,6587.961469,6587.961469,6587.961469,0,0,0,0,0,0
15474749.27,4947824.717,15477749.27,4947824.717,15477749.27,4944824.717,15474749.27,4944824.717,63515106.93,0,0,0,0,0,0,0,0,0,0,,0,,0,0,0,0,0,0,0,0,0,0,0,0,0,0
15474749.27,4944824.717,15477749.27,4944824.717,15477749.27,4941824.717,15474749.27,4941824.717,63515106.93,0,0,0,0,0,0,0,0,0,0,,0,,0,0,0,0,0,0,0,0,0,0,0,0,0,0
15477749.27,5124824.717,15480749.27,5124824.717,15480749.27,5121824.717,15477749.27,5121824.717,63515106.93,0,0,0,0,0,0,0,0,0,0,,0,,0,0,0,0,0,0,0,0,0,0,0,0,0,0
15477749.27,5121824.717,15480749.27,5121824.717,15480749.27,5118824.717,15477749.27,5118824.717,63515106.93,0,0,0,0,0,0,0,0,0,0,,0,,0,0,0,0,0,0,0,0,0,0,0,0,0,0
15477749.27,5118824.717,15480749.27,5118824.717,15480749.27,5115824.717,15477749.27,5115824.717,63515106.93,0,0,0,0,0,0,0,0,0,0,,0,,0,0,0,0,0,0,0,0,0,0,0,0,0,0
15477749.27,5115824.717,15480749.27,5115824.717,15480749.27,5112824.717,15477749.27,5112824.717,63515106.93,0,0,0,0,0,0,0,0,0,0,,0,,0,0,0,0,0,0,0,0,0,0,0,0,0,0
15477749.27,5112824.717,15480749.27,5112824.717,15480749.27,5109824.717,15477749.27,5109824.717,63515106.93,0,0,0,0,0,0,0,0,0,0,,0,,0,0,0,0,0,0,0,0,0,0,0,0,0,0
15477749.27,5109824.717,15480749.27,5109824.717,15480749.27,5106824.717,15477749.27,5106824.717,63515106.93,0,0,0,0,0,0,0,0,0,0,,0,,0,0,0,0,0,0,0,0,0,0,0,0,0,0
15477749.27,5106824.717,15480749.27,5106824.717,15480749.27,5103824.717,15477749.27,5103824.717,63515106.93,0,0,0,0,0,0,0,0,0,0,,0,,0,0,0,0,0,0,0,0,0,0,0,0,0,0
15477749.27,5103824.717,15480749.27,5103824.717,15480749.27,5100824.717,15477749.27,5100824.717,63515106.93,0,0,0,0,0,0,0,0,0,0,,0,,0,0,0,0,0,0,0,0,0,0,0,0,0,0
15477749.27,5100824.717,15480749.27,5100824.717,15480749.27,5097824.717,15477749.27,5097824.717,63515106.93,0,0,0,0,0,0,0,0,0,0,,0,,0,0,0,0,0,0,0,0,0,0,0,0,0,0
15477749.27,5097824.717,15480749.27,5097824.717,15480749.27,5094824.717,15477749.27,5094824.717,63515106.93,0,0,0,0,0,0,0,0,0,0,,0,,0,0,0,0,0,0,0,0,0,0,0,0,0,0
15477749.27,5094824.717,15480749.27,5094824.717,15480749.27,5091824.717,15477749.27,5091824.717,63515106.93,0,0,0,0,0,0,0,0,0,0,,0,,0,0,0,0,0,0,0,0,0,0,0,0,0,0
15477749.27,5091824.717,15480749.27,5091824.717,15480749.27,5088824.717,15477749.27,5088824.717,63515106.93,0,0,0,6024.944874,6024.944874,0,0,0,0,0.571516958,,9.49E-05,,9.49E-05,0,1,0,1,6024.944874,6024.944874,6024.944874,0,0,0,0,0,0
15477749.27,5088824.717,15480749.27,5088824.717,15480749.27,5085824.717,15477749.27,5085824.717,63515106.93,0,0,0,8942.893514,8942.893514,0,0,0,0,1.259154684,,0.000140799,,0.000140799,0,1,0,1,8942.893514,8942.893514,8942.893514,0,0,0,0,0,0
15477749.27,5085824.717,15480749.27,5085824.717,15480749.27,5082824.717,15477749.27,5082824.717,63515106.93,0,0,0,7574.975565,7574.975565,0,0,0,0,0.903411134,,0.000119263,,0.000119263,0,1,0,1,7574.975565,7574.975565,7574.975565,0,0,0,0,0,0
15477749.27,5082824.717,15480749.27,5082824.717,15480749.27,5079824.717,15477749.27,5079824.717,63515106.93,0,0,0,0,0,0,0,0,0,0,,0,,0,0,0,0,0,0,0,0,0,0,0,0,0,0
15477749.27,5079824.717,15480749.27,5079824.717,15480749.27,5076824.717,15477749.27,5076824.717,63515106.93,2.36E-08,7.87E-09,5233.884647,9.267547679,7823.987822,2,4,1.57E-08,0.646937787,0.485203341,,0.000123606,,0.000123606,1.5,3,0.5,2,3925.413485,17.57149798,7833.255472,0.666666667,2,3,1,3,1
15477749.27,5076824.717,15480749.27,5076824.717,15480749.27,5073824.717,15477749.27,5073824.717,63515106.93,2.36E-08,7.87E-09,6321.087163,510.9606818,8457.282344,2,4,1.57E-08,0.943621404,0.707716053,,0.000149282,,0.000149282,1.5,3,0.5,2,4740.815372,513.3877668,8968.242977,0.666666667,2,3,1,3,1
15477749.27,5073824.717,15480749.27,5073824.717,15480749.27,5070824.717,15477749.27,5070824.717,63515106.93,0,0,0,3386.124293,3939.016631,0,0,0,0,0.422400996,,0.000115329,,0.000115329,0,2,0,2,3662.570438,3386.124293,3939.016583,0,0,0,0,0,0
15477749.27,5070824.717,15480749.27,5070824.717,15480749.27,5067824.717,15477749.27,5067824.717,63515106.93,0,0,0,4396.201115,8698.279626,0,0,0,0,1.34980034,,0.000206163,,0.000206163,0,2,0,2,6547.240371,4396.201115,8698.279626,0,0,0,0,0,0
15477749.27,5067824.717,15480749.27,5067824.717,15480749.27,5064824.717,15477749.27,5064824.717,63515106.93,0,0,0,7642.33151,8756.911324,0,0,0,0,3.178568405,,0.00038747,,0.00038747,0,3,0,3,8203.395885,7642.33151,8756.911324,0,0,0,0,0,0
15477749.27,5064824.717,15480749.27,5064824.717,15480749.27,5061824.717,15477749.27,5061824.717,63515106.93,7.87E-09,7.87E-09,31552.09246,7550.440082,8225.606145,0,0,0,7.836990177,1.959247544,,0.000248383,,0.000248383,0.5,2,0.5,2,7888.023114,7550.440082,8225.606145,0,0,1,0,7.87E-09,31757553.47
15477749.27,5061824.717,15480749.27,5061824.717,15480749.27,5058824.717,15477749.27,5058824.717,63515106.93,7.87E-09,7.87E-09,19252.48571,4423.164464,5203.07839,0,0,0,2.917874375,0.729468594,,0.000151558,,0.000151558,0.5,2,0.5,2,4813.121427,4423.164464,5203.07839,0,0,1,0,7.87E-09,31757553.47
15477749.27,5058824.717,15480749.27,5058824.717,15480749.27,5055824.717,15477749.27,5055824.717,63515106.93,0,0,0,8768.571118,8768.571118,0,0,0,0,1.210544124,,0.000138055,,0.000138055,0,1,0,1,8768.571118,8768.571118,8768.571118,0,0,0,0,0,0
15477749.27,5055824.717,15480749.27,5055824.717,15480749.27,5052824.717,15477749.27,5052824.717,63515106.93,0,0,0,2404.637193,8068.424429,0,0,0,0,1.254357137,,0.000243407,,0.000243407,0,3,0,3,5153.336384,2404.63803,8068.424429,0,0,0,0,0,0
15477749.27,5052824.717,15480749.27,5052824.717,15480749.27,5049824.717,15477749.27,5049824.717,63515106.93,2.36E-08,7.87E-09,11086.14937,1040.291532,7930.655488,2,4,1.57E-08,2.902523048,2.176892286,,0.000261815,,0.000261815,1.5,3,0.5,2,8314.612027,7930.655488,8698.568567,0.666666667,2,3,1,3,1
15477749.27,5049824.717,15480749.27,5049824.717,15480749.27,5046824.717,15477749.27,5046824.717,63515106.93,0,0,0,7871.511844,8531.29514,0,0,0,0,2.118016393,,0.00025825,,0.00025825,0,2,0,2,8201.403469,7871.511844,8531.295093,0,0,0,0,0,0
15477749.27,5046824.717,15480749.27,5046824.717,15480749.27,5043824.717,15477749.27,5043824.717,63515106.93,0,0,0,3622.538785,3622.538785,0,0,0,0,0.206608914,,5.70E-05,,5.70E-05,0,1,0,1,3622.538785,3622.538785,3622.538785,0,0,0,0,0,0
15477749.27,5043824.717,15480749.27,5043824.717,15480749.27,5040824.717,15477749.27,5040824.717,63515106.93,0,0,0,8212.060305,8212.060305,0,0,0,0,1.061762118,,0.000129293,,0.000129293,0,1,0,1,8212.060305,8212.060305,8212.060305,0,0,0,0,0,0
15477749.27,5040824.717,15480749.27,5040824.717,15480749.27,5037824.717,15477749.27,5037824.717,63515106.93,0,0,0,8801.315615,8801.315615,0,0,0,0,1.219602081,,0.00013857,,0.00013857,0,1,0,1,8801.315615,8801.315615,8801.315615,0,0,0,0,0,0
15477749.27,5037824.717,15480749.27,5037824.717,15480749.27,5034824.717,15477749.27,5034824.717,63515106.93,0,0,0,5056.448588,5056.448588,0,0,0,0,0.402544742,,7.96E-05,,7.96E-05,0,1,0,1,5056.448588,5056.448588,5056.448588,0,0,0,0,0,0
15477749.27,5034824.717,15480749.27,5034824.717,15480749.27,5031824.717,15477749.27,5031824.717,63515106.93,0,0,0,0,0,0,0,0,0,0,,0,,0,0,0,0,0,0,0,0,0,0,0,0,0,0
15477749.27,5031824.717,15480749.27,5031824.717,15480749.27,5028824.717,15477749.27,5028824.717,63515106.93,0,0,0,0,0,0,0,0,0,0,,0,,0,0,0,0,0,0,0,0,0,0,0,0,0,0
15477749.27,5028824.717,15480749.27,5028824.717,15480749.27,5025824.717,15477749.27,5025824.717,63515106.93,0,0,0,0,0,0,0,0,0,0,,0,,0,0,0,0,0,0,0,0,0,0,0,0,0,0
15477749.27,5025824.717,15480749.27,5025824.717,15480749.27,5022824.717,15477749.27,5022824.717,63515106.93,0,0,0,0,0,0,0,0,0,0,,0,,0,0,0,0,0,0,0,0,0,0,0,0,0,0
15477749.27,5022824.717,15480749.27,5022824.717,15480749.27,5019824.717,15477749.27,5019824.717,63515106.93,0,0,0,0,0,0,0,0,0,0,,0,,0,0,0,0,0,0,0,0,0,0,0,0,0,0
15477749.27,5019824.717,15480749.27,5019824.717,15480749.27,5016824.717,15477749.27,5016824.717,63515106.93,0,0,0,5648.657692,5648.657692,0,0,0,0,0.502358183,,8.89E-05,,8.89E-05,0,1,0,1,5648.657692,5648.657692,5648.657692,0,0,0,0,0,0
15477749.27,5016824.717,15480749.27,5016824.717,15480749.27,5013824.717,15477749.27,5013824.717,63515106.93,0,0,0,8002.29169,8002.29169,0,0,0,0,1.008211674,,0.00012599,,0.00012599,0,1,0,1,8002.29169,8002.29169,8002.29169,0,0,0,0,0,0
15477749.27,5013824.717,15480749.27,5013824.717,15480749.27,5010824.717,15477749.27,5010824.717,63515106.93,0,0,0,8954.951851,8954.951851,0,0,0,0,1.262552588,,0.000140989,,0.000140989,0,1,0,1,8954.951851,8954.951851,8954.951851,0,0,0,0,0,0
15477749.27,5010824.717,15480749.27,5010824.717,15480749.27,5007824.717,15477749.27,5007824.717,63515106.93,0,0,0,8777.982098,8777.982098,0,0,0,0,1.213143981,,0.000138203,,0.000138203,0,1,0,1,8777.982098,8777.982098,8777.982098,0,0,0,0,0,0
15477749.27,5007824.717,15480749.27,5007824.717,15480749.27,5004824.717,15477749.27,5004824.717,63515106.93,0,0,0,7369.997865,7369.997865,0,0,0,0,0.855180305,,0.000116035,,0.000116035,0,1,0,1,7369.997865,7369.997865,7369.997865,0,0,0,0,0,0
15477749.27,5004824.717,15480749.27,5004824.717,15480749.27,5001824.717,15477749.27,5001824.717,63515106.93,0,0,0,3116.262657,3116.262657,0,0,0,0,0.152894223,,4.91E-05,,4.91E-05,0,1,0,1,3116.262657,3116.262657,3116.262657,0,0,0,0,0,0
15477749.27,5001824.717,15480749.27,5001824.717,15480749.27,4998824.717,15477749.27,4998824.717,63515106.93,0,0,0,0,0,0,0,0,0,0,,0,,0,0,0,0,0,0,0,0,0,0,0,0,0,0
15477749.27,4998824.717,15480749.27,4998824.717,15480749.27,4995824.717,15477749.27,4995824.717,63515106.93,0,0,0,0,0,0,0,0,0,0,,0,,0,0,0,0,0,0,0,0,0,0,0,0,0,0
15477749.27,4995824.717,15480749.27,4995824.717,15480749.27,4992824.717,15477749.27,4992824.717,63515106.93,0,0,0,0,0,0,0,0,0,0,,0,,0,0,0,0,0,0,0,0,0,0,0,0,0,0
15477749.27,4992824.717,15480749.27,4992824.717,15480749.27,4989824.717,15477749.27,4989824.717,63515106.93,0,0,0,0,0,0,0,0,0,0,,0,,0,0,0,0,0,0,0,0,0,0,0,0,0,0
15477749.27,4989824.717,15480749.27,4989824.717,15480749.27,4986824.717,15477749.27,4986824.717,63515106.93,0,0,0,0,0,0,0,0,0,0,,0,,0,0,0,0,0,0,0,0,0,0,0,0,0,0
15477749.27,4986824.717,15480749.27,4986824.717,15480749.27,4983824.717,15477749.27,4983824.717,63515106.93,7.87E-09,7.87E-09,12545.41731,1100.183197,5172.525458,0,0,0,1.23897686,0.309744215,,9.88E-05,,9.88E-05,0.5,2,0.5,2,3136.354327,1100.183197,5172.525458,0,0,1,0,7.87E-09,31757553.47
15477749.27,4983824.717,15480749.27,4983824.717,15480749.27,4980824.717,15477749.27,4980824.717,63515106.93,7.87E-09,7.87E-09,17239.65291,53.9725166,8565.85394,0,0,0,2.339645219,0.584911305,,0.000135713,,0.000135713,0.5,2,0.5,2,4309.913228,53.9725166,8565.85394,0,0,1,0,7.87E-09,31757553.47
15477749.27,4980824.717,15480749.27,4980824.717,15480749.27,4977824.717,15477749.27,4977824.717,63515106.93,0,0,0,8742.16878,8742.16878,0,0,0,0,1.203265155,,0.000137639,,0.000137639,0,1,0,1,8742.16878,8742.16878,8742.16878,0,0,0,0,0,0
15477749.27,4977824.717,15480749.27,4977824.717,15480749.27,4974824.717,15477749.27,4974824.717,63515106.93,0,0,0,5796.200884,5796.200884,0,0,0,0,0.528944157,,9.13E-05,,9.13E-05,0,1,0,1,5796.200884,5796.200884,5796.200884,0,0,0,0,0,0
15477749.27,4974824.717,15480749.27,4974824.717,15480749.27,4971824.717,15477749.27,4971824.717,63515106.93,0,0,0,3764.595984,3764.595984,0,0,0,0,0.223130899,,5.93E-05,,5.93E-05,0,1,0,1,3764.595984,3764.595984,3764.595984,0,0,0,0,0,0
15477749.27,4971824.717,15480749.27,4971824.717,15480749.27,4968824.717,15477749.27,4968824.717,63515106.93,0,0,0,8549.675193,8549.675193,0,0,0,0,1.150859212,,0.000134609,,0.000134609,0,1,0,1,8549.675193,8549.675193,8549.675193,0,0,0,0,0,0
15477749.27,4968824.717,15480749.27,4968824.717,15480749.27,4965824.717,15477749.27,4965824.717,63515106.93,0,0,0,8701.846588,8701.846588,0,0,0,0,1.192190924,,0.000137004,,0.000137004,0,1,0,1,8701.846588,8701.846588,8701.846588,0,0,0,0,0,0
15477749.27,4965824.717,15480749.27,4965824.717,15480749.27,4962824.717,15477749.27,4962824.717,63515106.93,0,0,0,5292.805733,6042.87256,0,0,0,0,1.011551492,,0.000178472,,0.000178472,0,2,0,2,5667.839146,5292.805733,6042.87256,0,0,0,0,0,0
15477749.27,4962824.717,15480749.27,4962824.717,15480749.27,4959824.717,15477749.27,4959824.717,63515106.93,7.87E-09,7.87E-09,17558.82916,8779.41458,8779.41458,0,0,0,2.427079921,1.213539961,,0.000138226,,0.000138226,0.5,1,0.5,1,8779.41458,8779.41458,8779.41458,0,0,1,0,7.87E-09,31757553.47
15477749.27,4959824.717,15480749.27,4959824.717,15480749.27,4956824.717,15477749.27,4956824.717,63515106.93,7.87E-09,7.87E-09,13413.33657,6706.668287,6706.668287,0,0,0,1.416337048,0.708168524,,0.000105592,,0.000105592,0.5,1,0.5,1,6706.668287,6706.668287,6706.668287,0,0,1,0,7.87E-09,31757553.47
15477749.27,4956824.717,15480749.27,4956824.717,15480749.27,4953824.717,15477749.27,4953824.717,63515106.93,7.87E-09,7.87E-09,18520.3811,3672.35597,5587.83458,0,0,0,2.700180576,0.675045144,,0.000145795,,0.000145795,0.5,2,0.5,2,4630.095275,3672.35597,5587.83458,0,0,1,0,7.87E-09,31757553.47
15477749.27,4953824.717,15480749.27,4953824.717,15480749.27,4950824.717,15477749.27,4950824.717,63515106.93,0,0,0,8698.940363,8698.940363,0,0,0,0,1.191394726,,0.000136959,,0.000136959,0,1,0,1,8698.940363,8698.940363,8698.940363,0,0,0,0,0,0
15477749.27,4950824.717,15480749.27,4950824.717,15480749.27,4947824.717,15477749.27,4947824.717,63515106.93,0,0,0,8639.835421,8639.835421,0,0,0,0,1.175259867,,0.000136028,,0.000136028,0,1,0,1,8639.835421,8639.835421,8639.835421,0,0,0,0,0,0
15477749.27,4947824.717,15480749.27,4947824.717,15480749.27,4944824.717,15477749.27,4944824.717,63515106.93,0,0,0,5318.965514,5318.965514,0,0,0,0,0.445427797,,8.37E-05,,8.37E-05,0,1,0,1,5318.965514,5318.965514,5318.965514,0,0,0,0,0,0
15477749.27,4944824.717,15480749.27,4944824.717,15480749.27,4941824.717,15477749.27,4941824.717,63515106.93,0,0,0,0,0,0,0,0,0,0,,0,,0,0,0,0,0,0,0,0,0,0,0,0,0,0
15480749.27,5124824.717,15483749.27,5124824.717,15483749.27,5121824.717,15480749.27,5121824.717,63515106.93,0,0,0,0,0,0,0,0,0,0,,0,,0,0,0,0,0,0,0,0,0,0,0,0,0,0
15480749.27,5121824.717,15483749.27,5121824.717,15483749.27,5118824.717,15480749.27,5118824.717,63515106.93,0,0,0,0,0,0,0,0,0,0,,0,,0,0,0,0,0,0,0,0,0,0,0,0,0,0
15480749.27,5118824.717,15483749.27,5118824.717,15483749.27,5115824.717,15480749.27,5115824.717,63515106.93,0,0,0,0,0,0,0,0,0,0,,0,,0,0,0,0,0,0,0,0,0,0,0,0,0,0
15480749.27,5115824.717,15483749.27,5115824.717,15483749.27,5112824.717,15480749.27,5112824.717,63515106.93,0,0,0,0,0,0,0,0,0,0,,0,,0,0,0,0,0,0,0,0,0,0,0,0,0,0
15480749.27,5112824.717,15483749.27,5112824.717,15483749.27,5109824.717,15480749.27,5109824.717,63515106.93,0,0,0,0,0,0,0,0,0,0,,0,,0,0,0,0,0,0,0,0,0,0,0,0,0,0
15480749.27,5109824.717,15483749.27,5109824.717,15483749.27,5106824.717,15480749.27,5106824.717,63515106.93,0,0,0,0,0,0,0,0,0,0,,0,,0,0,0,0,0,0,0,0,0,0,0,0,0,0
15480749.27,5106824.717,15483749.27,5106824.717,15483749.27,5103824.717,15480749.27,5103824.717,63515106.93,0,0,0,0,0,0,0,0,0,0,,0,,0,0,0,0,0,0,0,0,0,0,0,0,0,0
15480749.27,5103824.717,15483749.27,5103824.717,15483749.27,5100824.717,15480749.27,5100824.717,63515106.93,0,0,0,0,0,0,0,0,0,0,,0,,0,0,0,0,0,0,0,0,0,0,0,0,0,0
15480749.27,5100824.717,15483749.27,5100824.717,15483749.27,5097824.717,15480749.27,5097824.717,63515106.93,0,0,0,0,0,0,0,0,0,0,,0,,0,0,0,0,0,0,0,0,0,0,0,0,0,0
15480749.27,5097824.717,15483749.27,5097824.717,15483749.27,5094824.717,15480749.27,5094824.717,63515106.93,0,0,0,0,0,0,0,0,0,0,,0,,0,0,0,0,0,0,0,0,0,0,0,0,0,0
15480749.27,5094824.717,15483749.27,5094824.717,15483749.27,5091824.717,15480749.27,5091824.717,63515106.93,0,0,0,0,0,0,0,0,0,0,,0,,0,0,0,0,0,0,0,0,0,0,0,0,0,0
15480749.27,5091824.717,15483749.27,5091824.717,15483749.27,5088824.717,15480749.27,5088824.717,63515106.93,0,0,0,3624.171648,3624.171648,0,0,0,0,0.206795214,,5.71E-05,,5.71E-05,0,1,0,1,3624.171648,3624.171648,3624.171648,0,0,0,0,0,0
15480749.27,5088824.717,15483749.27,5088824.717,15483749.27,5085824.717,15480749.27,5085824.717,63515106.93,0,0,0,8622.871903,8622.871903,0,0,0,0,1.170649369,,0.000135761,,0.000135761,0,1,0,1,8622.871903,8622.871903,8622.871903,0,0,0,0,0,0
15480749.27,5085824.717,15483749.27,5085824.717,15483749.27,5082824.717,15480749.27,5082824.717,63515106.93,0,0,0,8399.737159,8399.737159,0,0,0,0,1.110847289,,0.000132248,,0.000132248,0,1,0,1,8399.737159,8399.737159,8399.737159,0,0,0,0,0,0
15480749.27,5082824.717,15483749.27,5082824.717,15483749.27,5079824.717,15480749.27,5079824.717,63515106.93,0,0,0,38.22931472,38.22931472,0,0,0,0,2.30E-05,,6.02E-07,,6.02E-07,0,1,0,1,38.22931472,38.22931472,38.22931472,0,0,0,0,0,0
15480749.27,5079824.717,15483749.27,5079824.717,15483749.27,5076824.717,15480749.27,5076824.717,63515106.93,0,0,0,7574.639369,7574.639369,0,0,0,0,0.903330945,,0.000119257,,0.000119257,0,1,0,1,7574.639369,7574.639369,7574.639369,0,0,0,0,0,0
15480749.27,5076824.717,15483749.27,5076824.717,15483749.27,5073824.717,15480749.27,5073824.717,63515106.93,0,0,0,9035.220721,9035.220721,0,0,0,0,1.285288137,,0.000142253,,0.000142253,0,1,0,1,9035.220721,9035.220721,9035.220721,0,0,0,0,0,0
15480749.27,5073824.717,15483749.27,5073824.717,15483749.27,5070824.717,15480749.27,5070824.717,63515106.93,0,0,0,4850.783846,5172.586133,0,0,0,0,0.790898029,,0.000157811,,0.000157811,0,2,0,2,5011.68499,4850.783846,5172.586133,0,0,0,0,0,0
15480749.27,5070824.717,15483749.27,5070824.717,15483749.27,5067824.717,15480749.27,5067824.717,63515106.93,0,0,0,2205.315505,8852.778111,0,0,0,0,1.690998232,,0.000282614,,0.000282614,0,3,0,3,5983.419689,2205.315505,8852.778111,0,0,0,0,0,0
15480749.27,5067824.717,15483749.27,5067824.717,15483749.27,5064824.717,15480749.27,5064824.717,63515106.93,0,0,0,7864.060614,8991.363852,0,0,0,0,3.369096658,,0.000398914,,0.000398914,0,3,0,3,8445.68005,7864.060614,8991.363852,0,0,0,0,0,0
15480749.27,5064824.717,15483749.27,5064824.717,15483749.27,5061824.717,15480749.27,5061824.717,63515106.93,0,0,0,7146.505744,8561.269945,0,0,0,0,1.942327023,,0.000247308,,0.000247308,0,2,0,2,7853.887845,7146.505744,8561.269945,0,0,0,0,0,0
15480749.27,5061824.717,15483749.27,5061824.717,15483749.27,5058824.717,15480749.27,5058824.717,63515106.93,0,0,0,2954.908263,4066.072076,0,0,0,0,0.388050712,,0.00011054,,0.00011054,0,2,0,2,3510.49017,2954.908263,4066.072076,0,0,0,0,0,0
15480749.27,5058824.717,15483749.27,5058824.717,15483749.27,5055824.717,15480749.27,5055824.717,63515106.93,0,0,0,8722.532519,8722.532519,0,0,0,0,1.197865787,,0.00013733,,0.00013733,0,1,0,1,8722.532519,8722.532519,8722.532519,0,0,0,0,0,0
15480749.27,5055824.717,15483749.27,5055824.717,15483749.27,5052824.717,15480749.27,5052824.717,63515106.93,2.36E-08,7.87E-09,12258.938,2463.805969,8161.615727,2,4,1.57E-08,3.549113779,1.77455689,,0.000289512,,0.000289512,1.5,4,0.5,3,6129.468998,3175.955609,8161.615727,0.666666667,2,3,1,3,1
15480749.27,5052824.717,15483749.27,5052824.717,15483749.27,5049824.717,15480749.27,5049824.717,63515106.93,2.36E-08,7.87E-09,9398.48001,4003.502045,5051.282815,2,4,1.57E-08,2.086072844,1.564554633,,0.000221959,,0.000221959,1.5,3,0.5,2,7048.860008,5051.282815,9046.437201,0.666666667,2,3,1,3,1
15480749.27,5049824.717,15483749.27,5049824.717,15483749.27,5046824.717,15480749.27,5046824.717,63515106.93,2.36E-08,7.87E-09,8054.639591,1858.870457,5454.270401,2,4,1.57E-08,1.532168221,1.149126166,,0.000190222,,0.000190222,1.5,3,0.5,2,6040.979693,4768.818605,7313.140782,0.666666667,2,3,1,3,1
15480749.27,5046824.717,15483749.27,5046824.717,15483749.27,5043824.717,15480749.27,5043824.717,63515106.93,0,0,0,0,0,0,0,0,0,0,,0,,0,0,0,0,0,0,0,0,0,0,0,0,0,0
15480749.27,5043824.717,15483749.27,5043824.717,15483749.27,5040824.717,15480749.27,5040824.717,63515106.93,0,0,0,6687.049173,6687.049173,0,0,0,0,0.704031353,,0.000105283,,0.000105283,0,1,0,1,6687.049173,6687.049173,6687.049173,0,0,0,0,0,0
15480749.27,5040824.717,15483749.27,5040824.717,15483749.27,5037824.717,15480749.27,5037824.717,63515106.93,7.87E-09,7.87E-09,21632.02688,1847.056314,8968.957126,0,0,0,3.683726672,0.920931668,,0.00017029,,0.00017029,0.5,2,0.5,2,5408.00672,1847.056314,8968.957126,0,0,1,0,7.87E-09,31757553.47
15480749.27,5037824.717,15483749.27,5037824.717,15483749.27,5034824.717,15480749.27,5034824.717,63515106.93,7.87E-09,7.87E-09,17451.28197,1074.724577,7650.916405,0,0,0,2.39743942,0.599359855,,0.000137379,,0.000137379,0.5,2,0.5,2,4362.820491,1074.724577,7650.916405,0,0,1,0,7.87E-09,31757553.47
15480749.27,5034824.717,15483749.27,5034824.717,15483749.27,5031824.717,15480749.27,5031824.717,63515106.93,0,0,0,0,0,0,0,0,0,0,,0,,0,0,0,0,0,0,0,0,0,0,0,0,0,0
15480749.27,5031824.717,15483749.27,5031824.717,15483749.27,5028824.717,15480749.27,5028824.717,63515106.93,0,0,0,0,0,0,0,0,0,0,,0,,0,0,0,0,0,0,0,0,0,0,0,0,0,0
15480749.27,5028824.717,15483749.27,5028824.717,15483749.27,5025824.717,15480749.27,5025824.717,63515106.93,0,0,0,0,0,0,0,0,0,0,,0,,0,0,0,0,0,0,0,0,0,0,0,0,0,0
15480749.27,5025824.717,15483749.27,5025824.717,15483749.27,5022824.717,15480749.27,5022824.717,63515106.93,0,0,0,0,0,0,0,0,0,0,,0,,0,0,0,0,0,0,0,0,0,0,0,0,0,0
15480749.27,5022824.717,15483749.27,5022824.717,15483749.27,5019824.717,15480749.27,5019824.717,63515106.93,0,0,0,7022.468791,7022.468791,0,0,0,0,0.776430527,,0.000110564,,0.000110564,0,1,0,1,7022.468791,7022.468791,7022.468791,0,0,0,0,0,0
15480749.27,5019824.717,15483749.27,5019824.717,15483749.27,5016824.717,15480749.27,5016824.717,63515106.93,0,0,0,8734.566082,8734.566082,0,0,0,0,1.201173206,,0.00013752,,0.00013752,0,1,0,1,8734.566082,8734.566082,8734.566082,0,0,0,0,0,0
15480749.27,5016824.717,15483749.27,5016824.717,15483749.27,5013824.717,15480749.27,5013824.717,63515106.93,0,0,0,8960.41055,8960.41055,0,0,0,0,1.264092294,,0.000141075,,0.000141075,0,1,0,1,8960.41055,8960.41055,8960.41055,0,0,0,0,0,0
15480749.27,5013824.717,15483749.27,5013824.717,15483749.27,5010824.717,15480749.27,5010824.717,63515106.93,0,0,0,7976.242248,7976.242248,0,0,0,0,1.0016584,,0.00012558,,0.00012558,0,1,0,1,7976.242248,7976.242248,7976.242248,0,0,0,0,0,0
15480749.27,5010824.717,15483749.27,5010824.717,15483749.27,5007824.717,15480749.27,5007824.717,63515106.93,0,0,0,5619.07473,5619.07473,0,0,0,0,0.497110095,,8.85E-05,,8.85E-05,0,1,0,1,5619.07473,5619.07473,5619.07473,0,0,0,0,0,0
15480749.27,5007824.717,15483749.27,5007824.717,15483749.27,5004824.717,15480749.27,5004824.717,63515106.93,0,0,0,0,0,0,0,0,0,0,,0,,0,0,0,0,0,0,0,0,0,0,0,0,0,0
15480749.27,5004824.717,15483749.27,5004824.717,15483749.27,5001824.717,15480749.27,5001824.717,63515106.93,0,0,0,0,0,0,0,0,0,0,,0,,0,0,0,0,0,0,0,0,0,0,0,0,0,0
15480749.27,5001824.717,15483749.27,5001824.717,15483749.27,4998824.717,15480749.27,4998824.717,63515106.93,0,0,0,0,0,0,0,0,0,0,,0,,0,0,0,0,0,0,0,0,0,0,0,0,0,0
15480749.27,4998824.717,15483749.27,4998824.717,15483749.27,4995824.717,15480749.27,4995824.717,63515106.93,0,0,0,0,0,0,0,0,0,0,,0,,0,0,0,0,0,0,0,0,0,0,0,0,0,0
15480749.27,4995824.717,15483749.27,4995824.717,15483749.27,4992824.717,15480749.27,4992824.717,63515106.93,0,0,0,0,0,0,0,0,0,0,,0,,0,0,0,0,0,0,0,0,0,0,0,0,0,0
15480749.27,4992824.717,15483749.27,4992824.717,15483749.27,4989824.717,15480749.27,4989824.717,63515106.93,0,0,0,0,0,0,0,0,0,0,,0,,0,0,0,0,0,0,0,0,0,0,0,0,0,0
15480749.27,4989824.717,15483749.27,4989824.717,15483749.27,4986824.717,15480749.27,4986824.717,63515106.93,7.87E-09,7.87E-09,7111.960417,3555.980208,3555.980208,0,0,0,0.39817284,0.19908642,,5.60E-05,,5.60E-05,0.5,1,0.5,1,3555.980208,3555.980208,3555.980208,0,0,1,0,7.87E-09,31757553.47
15480749.27,4986824.717,15483749.27,4986824.717,15483749.27,4983824.717,15480749.27,4983824.717,63515106.93,7.87E-09,7.87E-09,8243.990392,4121.995196,4121.995196,0,0,0,0.535017422,0.267508711,,6.49E-05,,6.49E-05,0.5,1,0.5,1,4121.995196,4121.995196,4121.995196,0,0,1,0,7.87E-09,31757553.47
15480749.27,4983824.717,15483749.27,4983824.717,15483749.27,4980824.717,15480749.27,4980824.717,63515106.93,7.87E-09,7.87E-09,18017.78122,2545.938054,6462.952557,0,0,0,2.555615946,0.638903986,,0.000141839,,0.000141839,0.5,2,0.5,2,4504.445305,2545.938054,6462.952557,0,0,1,0,7.87E-09,31757553.47
15480749.27,4980824.717,15483749.27,4980824.717,15483749.27,4977824.717,15480749.27,4977824.717,63515106.93,0,0,0,8904.784865,8904.784865,0,0,0,0,1.248446194,,0.000140199,,0.000140199,0,1,0,1,8904.784865,8904.784865,8904.784865,0,0,0,0,0,0
15480749.27,4977824.717,15483749.27,4977824.717,15483749.27,4974824.717,15480749.27,4974824.717,63515106.93,0,0,0,8340.394128,8340.394128,0,0,0,0,1.095206756,,0.000131314,,0.000131314,0,1,0,1,8340.394128,8340.394128,8340.394128,0,0,0,0,0,0
15480749.27,4974824.717,15483749.27,4974824.717,15483749.27,4971824.717,15480749.27,4971824.717,63515106.93,0,0,0,4083.212049,4083.212049,0,0,0,0,0.262498505,,6.43E-05,,6.43E-05,0,1,0,1,4083.212049,4083.212049,4083.212049,0,0,0,0,0,0
15480749.27,4971824.717,15483749.27,4971824.717,15483749.27,4968824.717,15480749.27,4968824.717,63515106.93,0,0,0,6634.074498,6634.074498,0,0,0,0,0.69292089,,0.000104449,,0.000104449,0,1,0,1,6634.074498,6634.074498,6634.074498,0,0,0,0,0,0
15480749.27,4968824.717,15483749.27,4968824.717,15483749.27,4965824.717,15480749.27,4965824.717,63515106.93,7.87E-09,7.87E-09,22914.11401,2466.102057,8990.954948,0,0,0,4.133320766,1.033330191,,0.000180383,,0.000180383,0.5,2,0.5,2,5728.528502,2466.102057,8990.954948,0,0,1,0,7.87E-09,31757553.47
15480749.27,4965824.717,15483749.27,4965824.717,15483749.27,4962824.717,15480749.27,4962824.717,63515106.93,7.87E-09,7.87E-09,26922.90255,5832.759178,7628.692097,0,0,0,5.706065193,1.426516298,,0.000211941,,0.000211941,0.5,2,0.5,2,6730.725638,5832.759178,7628.692097,0,0,1,0,7.87E-09,31757553.47
15480749.27,4962824.717,15483749.27,4962824.717,15483749.27,4959824.717,15480749.27,4959824.717,63515106.93,7.87E-09,7.87E-09,16300.7265,8150.363249,8150.363249,0,0,0,2.091736102,1.045868051,,0.000128322,,0.000128322,0.5,1,0.5,1,8150.363249,8150.363249,8150.363249,0,0,1,0,7.87E-09,31757553.47
15480749.27,4959824.717,15483749.27,4959824.717,15483749.27,4956824.717,15480749.27,4956824.717,63515106.93,0,0,0,6621.730047,6621.730047,0,0,0,0,0.690344564,,0.000104254,,0.000104254,0,1,0,1,6621.730047,6621.730047,6621.730047,0,0,0,0,0,0
15480749.27,4956824.717,15483749.27,4956824.717,15483749.27,4953824.717,15480749.27,4953824.717,63515106.93,0,0,0,0,0,0,0,0,0,0,,0,,0,0,0,0,0,0,0,0,0,0,0,0,0,0
15480749.27,4953824.717,15483749.27,4953824.717,15483749.27,4950824.717,15480749.27,4950824.717,63515106.93,0,0,0,6762.516989,6762.516989,0,0,0,0,0.72001195,,0.000106471,,0.000106471,0,1,0,1,6762.516989,6762.516989,6762.516989,0,0,0,0,0,0
15480749.27,4950824.717,15483749.27,4950824.717,15483749.27,4947824.717,15480749.27,4947824.717,63515106.93,0,0,0,8924.121414,8924.121414,0,0,0,0,1.253874029,,0.000140504,,0.000140504,0,1,0,1,8924.121414,8924.121414,8924.121414,0,0,0,0,0,0
15480749.27,4947824.717,15483749.27,4947824.717,15483749.27,4944824.717,15480749.27,4944824.717,63515106.93,7.87E-09,7.87E-09,16278.5425,8139.271251,8139.271251,0,0,0,2.086046602,1.043023301,,0.000128147,,0.000128147,0.5,1,0.5,1,8139.271251,8139.271251,8139.271251,0,0,1,0,7.87E-09,31757553.47
15480749.27,4944824.717,15483749.27,4944824.717,15483749.27,4941824.717,15480749.27,4941824.717,63515106.93,0,0,0,3099.732361,3099.732361,0,0,0,0,0.151276463,,4.88E-05,,4.88E-05,0,1,0,1,3099.732361,3099.732361,3099.732361,0,0,0,0,0,0
15483749.27,5124824.717,15486749.27,5124824.717,15486749.27,5121824.717,15483749.27,5121824.717,63515106.93,0,0,0,0,0,0,0,0,0,0,,0,,0,0,0,0,0,0,0,0,0,0,0,0,0,0
15483749.27,5121824.717,15486749.27,5121824.717,15486749.27,5118824.717,15483749.27,5118824.717,63515106.93,0,0,0,0,0,0,0,0,0,0,,0,,0,0,0,0,0,0,0,0,0,0,0,0,0,0
15483749.27,5118824.717,15486749.27,5118824.717,15486749.27,5115824.717,15483749.27,5115824.717,63515106.93,0,0,0,0,0,0,0,0,0,0,,0,,0,0,0,0,0,0,0,0,0,0,0,0,0,0
15483749.27,5115824.717,15486749.27,5115824.717,15486749.27,5112824.717,15483749.27,5112824.717,63515106.93,0,0,0,0,0,0,0,0,0,0,,0,,0,0,0,0,0,0,0,0,0,0,0,0,0,0
15483749.27,5112824.717,15486749.27,5112824.717,15486749.27,5109824.717,15483749.27,5109824.717,63515106.93,0,0,0,0,0,0,0,0,0,0,,0,,0,0,0,0,0,0,0,0,0,0,0,0,0,0
15483749.27,5109824.717,15486749.27,5109824.717,15486749.27,5106824.717,15483749.27,5106824.717,63515106.93,0,0,0,0,0,0,0,0,0,0,,0,,0,0,0,0,0,0,0,0,0,0,0,0,0,0
15483749.27,5106824.717,15486749.27,5106824.717,15486749.27,5103824.717,15483749.27,5103824.717,63515106.93,0,0,0,0,0,0,0,0,0,0,,0,,0,0,0,0,0,0,0,0,0,0,0,0,0,0
15483749.27,5103824.717,15486749.27,5103824.717,15486749.27,5100824.717,15483749.27,5100824.717,63515106.93,0,0,0,0,0,0,0,0,0,0,,0,,0,0,0,0,0,0,0,0,0,0,0,0,0,0
15483749.27,5100824.717,15486749.27,5100824.717,15486749.27,5097824.717,15483749.27,5097824.717,63515106.93,0,0,0,0,0,0,0,0,0,0,,0,,0,0,0,0,0,0,0,0,0,0,0,0,0,0
15483749.27,5097824.717,15486749.27,5097824.717,15486749.27,5094824.717,15483749.27,5094824.717,63515106.93,0,0,0,0,0,0,0,0,0,0,,0,,0,0,0,0,0,0,0,0,0,0,0,0,0,0
15483749.27,5094824.717,15486749.27,5094824.717,15486749.27,5091824.717,15483749.27,5091824.717,63515106.93,0,0,0,0,0,0,0,0,0,0,,0,,0,0,0,0,0,0,0,0,0,0,0,0,0,0
15483749.27,5091824.717,15486749.27,5091824.717,15486749.27,5088824.717,15483749.27,5088824.717,63515106.93,0,0,0,0,0,0,0,0,0,0,,0,,0,0,0,0,0,0,0,0,0,0,0,0,0,0
15483749.27,5088824.717,15486749.27,5088824.717,15486749.27,5085824.717,15483749.27,5085824.717,63515106.93,0,0,0,7942.40038,7942.40038,0,0,0,0,0.993176692,,0.000125047,,0.000125047,0,1,0,1,7942.40038,7942.40038,7942.40038,0,0,0,0,0,0
15483749.27,5085824.717,15486749.27,5085824.717,15486749.27,5082824.717,15483749.27,5082824.717,63515106.93,0,0,0,8854.675908,8854.675908,0,0,0,0,1.234435227,,0.000139411,,0.000139411,0,1,0,1,8854.675908,8854.675908,8854.675908,0,0,0,0,0,0
15483749.27,5082824.717,15486749.27,5082824.717,15486749.27,5079824.717,15483749.27,5079824.717,63515106.93,0,0,0,5278.946119,5278.946119,0,0,0,0,0.438750299,,8.31E-05,,8.31E-05,0,1,0,1,5278.946119,5278.946119,5278.946119,0,0,0,0,0,0
15483749.27,5079824.717,15486749.27,5079824.717,15486749.27,5076824.717,15483749.27,5076824.717,63515106.93,0,0,0,6921.648129,6921.648129,0,0,0,0,0.754296342,,0.000108976,,0.000108976,0,1,0,1,6921.648129,6921.648129,6921.648129,0,0,0,0,0,0
15483749.27,5076824.717,15486749.27,5076824.717,15486749.27,5073824.717,15483749.27,5073824.717,63515106.93,0,0,0,9003.235165,9003.235165,0,0,0,0,1.276204156,,0.00014175,,0.00014175,0,1,0,1,9003.235165,9003.235165,9003.235165,0,0,0,0,0,0
15483749.27,5073824.717,15486749.27,5073824.717,15486749.27,5070824.717,15483749.27,5070824.717,63515106.93,0,0,0,5904.657574,6826.648796,0,0,0,0,1.275965436,,0.000200445,,0.000200445,0,2,0,2,6365.653192,5904.657588,6826.648796,0,0,0,0,0,0
15483749.27,5070824.717,15486749.27,5070824.717,15486749.27,5067824.717,15483749.27,5067824.717,63515106.93,2.36E-08,7.87E-09,15085.34125,55.92389028,8893.67512,2,4,1.57E-08,5.374332148,2.687166074,,0.000356262,,0.000356262,1.5,4,0.5,3,7542.670626,5319.282108,8949.599013,0.666666667,2,3,1,3,1
15483749.27,5067824.717,15486749.27,5067824.717,15486749.27,5064824.717,15483749.27,5064824.717,63515106.93,0,0,0,7398.166656,8848.596547,0,0,0,0,3.280344678,,0.000393624,,0.000393624,0,3,0,3,8333.695518,7398.166648,8848.596547,0,0,0,0,0,0
15483749.27,5064824.717,15486749.27,5064824.717,15486749.27,5061824.717,15483749.27,5061824.717,63515106.93,0,0,0,4927.098638,7954.649493,0,0,0,0,1.306298949,,0.000202814,,0.000202814,0,2,0,2,6440.874065,4927.098638,7954.649493,0,0,0,0,0,0
15483749.27,5061824.717,15486749.27,5061824.717,15486749.27,5058824.717,15483749.27,5058824.717,63515106.93,0,0,0,2939.945443,2939.945443,0,0,0,0,0.136082259,,4.63E-05,,4.63E-05,0,1,0,1,2939.945443,2939.945443,2939.945443,0,0,0,0,0,0
15483749.27,5058824.717,15486749.27,5058824.717,15486749.27,5055824.717,15483749.27,5055824.717,63515106.93,2.36E-08,7.87E-09,9135.004824,822.1210212,8186.822006,2,4,1.57E-08,1.970751145,1.478063359,,0.000215736,,0.000215736,1.5,3,0.5,2,6851.253618,5515.68523,8186.822006,0.666666667,2,3,1,3,1
15483749.27,5055824.717,15486749.27,5055824.717,15486749.27,5052824.717,15483749.27,5052824.717,63515106.93,4.72E-08,1.57E-08,5787.658627,511.1760377,7780.570032,2,4,3.15E-08,1.58215867,1.58215867,,0.000273368,,0.000273368,3,5,1,3,5787.658627,776.760156,8805.645691,0.666666667,2,6,2,6,2
15483749.27,5052824.717,15486749.27,5052824.717,15486749.27,5049824.717,15483749.27,5049824.717,63515106.93,2.36E-08,7.87E-09,7097.748929,2101.769806,6313.962086,2,4,1.57E-08,1.189749391,0.892312043,,0.000167623,,0.000167623,1.5,3,0.5,2,5323.311697,2101.769806,8544.853587,0.666666667,2,3,1,3,1
15483749.27,5049824.717,15486749.27,5049824.717,15486749.27,5046824.717,15483749.27,5046824.717,63515106.93,2.36E-08,7.87E-09,3986.643822,1179.498216,2928.678123,2,4,1.57E-08,0.375343672,0.281507754,,9.42E-05,,9.42E-05,1.5,3,0.5,2,2989.982867,1179.498216,4800.467518,0.666666667,2,3,1,3,1
15483749.27,5046824.717,15486749.27,5046824.717,15486749.27,5043824.717,15483749.27,5043824.717,63515106.93,0,0,0,0,0,0,0,0,0,0,,0,,0,0,0,0,0,0,0,0,0,0,0,0,0,0
15483749.27,5043824.717,15486749.27,5043824.717,15486749.27,5040824.717,15483749.27,5040824.717,63515106.93,7.87E-09,7.87E-09,13805.95901,3004.081196,3898.89831,0,0,0,1.5004659,0.375116475,,0.000108682,,0.000108682,0.5,2,0.5,2,3451.489753,3004.081196,3898.89831,0,0,1,0,7.87E-09,31757553.47
15483749.27,5040824.717,15486749.27,5040824.717,15486749.27,5037824.717,15483749.27,5037824.717,63515106.93,7.87E-09,7.87E-09,26560.0356,4919.216044,8360.801758,0,0,0,5.553289015,1.388322254,,0.000209084,,0.000209084,0.5,2,0.5,2,6640.008901,4919.216044,8360.801758,0,0,1,0,7.87E-09,31757553.47
15483749.27,5037824.717,15486749.27,5037824.717,15486749.27,5034824.717,15483749.27,5034824.717,63515106.93,7.87E-09,7.87E-09,24895.2924,3660.437321,8787.208879,0,0,0,4.878961979,1.219740495,,0.000195979,,0.000195979,0.5,2,0.5,2,6223.8231,3660.437321,8787.208879,0,0,1,0,7.87E-09,31757553.47
15483749.27,5034824.717,15486749.27,5034824.717,15486749.27,5031824.717,15483749.27,5031824.717,63515106.93,0,0,0,5195.392615,5195.392615,0,0,0,0,0.424971408,,8.18E-05,,8.18E-05,0,1,0,1,5195.392615,5195.392615,5195.392615,0,0,0,0,0,0
15483749.27,5031824.717,15486749.27,5031824.717,15486749.27,5028824.717,15483749.27,5028824.717,63515106.93,0,0,0,0,0,0,0,0,0,0,,0,,0,0,0,0,0,0,0,0,0,0,0,0,0,0
15483749.27,5028824.717,15486749.27,5028824.717,15486749.27,5025824.717,15483749.27,5025824.717,63515106.93,0,0,0,0,0,0,0,0,0,0,,0,,0,0,0,0,0,0,0,0,0,0,0,0,0,0
15483749.27,5025824.717,15486749.27,5025824.717,15486749.27,5022824.717,15483749.27,5022824.717,63515106.93,0,0,0,7170.12138,7170.12138,0,0,0,0,0.809423822,,0.000112888,,0.000112888,0,1,0,1,7170.12138,7170.12138,7170.12138,0,0,0,0,0,0
15483749.27,5022824.717,15486749.27,5022824.717,15486749.27,5019824.717,15483749.27,5019824.717,63515106.93,0,0,0,8950.004063,8950.004063,0,0,0,0,1.261157803,,0.000140911,,0.000140911,0,1,0,1,8950.004063,8950.004063,8950.004063,0,0,0,0,0,0
15483749.27,5019824.717,15486749.27,5019824.717,15486749.27,5016824.717,15483749.27,5016824.717,63515106.93,0,0,0,8725.006766,8725.006766,0,0,0,0,1.19854546,,0.000137369,,0.000137369,0,1,0,1,8725.006766,8725.006766,8725.006766,0,0,0,0,0,0
15483749.27,5016824.717,15486749.27,5016824.717,15486749.27,5013824.717,15483749.27,5013824.717,63515106.93,0,0,0,6368.55095,6368.55095,0,0,0,0,0.638563692,,0.000100268,,0.000100268,0,1,0,1,6368.55095,6368.55095,6368.55095,0,0,0,0,0,0
15483749.27,5013824.717,15486749.27,5013824.717,15486749.27,5010824.717,15483749.27,5010824.717,63515106.93,0,0,0,0,0,0,0,0,0,0,,0,,0,0,0,0,0,0,0,0,0,0,0,0,0,0
15483749.27,5010824.717,15486749.27,5010824.717,15486749.27,5007824.717,15483749.27,5007824.717,63515106.93,0,0,0,0,0,0,0,0,0,0,,0,,0,0,0,0,0,0,0,0,0,0,0,0,0,0
15483749.27,5007824.717,15486749.27,5007824.717,15486749.27,5004824.717,15483749.27,5004824.717,63515106.93,0,0,0,0,0,0,0,0,0,0,,0,,0,0,0,0,0,0,0,0,0,0,0,0,0,0
15483749.27,5004824.717,15486749.27,5004824.717,15486749.27,5001824.717,15483749.27,5001824.717,63515106.93,0,0,0,0,0,0,0,0,0,0,,0,,0,0,0,0,0,0,0,0,0,0,0,0,0,0
15483749.27,5001824.717,15486749.27,5001824.717,15486749.27,4998824.717,15483749.27,4998824.717,63515106.93,0,0,0,0,0,0,0,0,0,0,,0,,0,0,0,0,0,0,0,0,0,0,0,0,0,0
15483749.27,4998824.717,15486749.27,4998824.717,15486749.27,4995824.717,15483749.27,4995824.717,63515106.93,0,0,0,0,0,0,0,0,0,0,,0,,0,0,0,0,0,0,0,0,0,0,0,0,0,0
15483749.27,4995824.717,15486749.27,4995824.717,15486749.27,4992824.717,15483749.27,4992824.717,63515106.93,0,0,0,0,0,0,0,0,0,0,,0,,0,0,0,0,0,0,0,0,0,0,0,0,0,0
15483749.27,4992824.717,15486749.27,4992824.717,15486749.27,4989824.717,15483749.27,4989824.717,63515106.93,0,0,0,0,0,0,0,0,0,0,,0,,0,0,0,0,0,0,0,0,0,0,0,0,0,0
15483749.27,4989824.717,15486749.27,4989824.717,15486749.27,4986824.717,15483749.27,4986824.717,63515106.93,7.87E-09,7.87E-09,14072.16251,7036.081254,7036.081254,0,0,0,1.558887068,0.779443534,,0.000110778,,0.000110778,0.5,1,0.5,1,7036.081254,7036.081254,7036.081254,0,0,1,0,7.87E-09,31757553.47
15483749.27,4986824.717,15486749.27,4986824.717,15486749.27,4983824.717,15483749.27,4983824.717,63515106.93,7.87E-09,7.87E-09,14030.43444,7015.217221,7015.217221,0,0,0,1.549655666,0.774827833,,0.00011045,,0.00011045,0.5,1,0.5,1,7015.217221,7015.217221,7015.217221,0,0,1,0,7.87E-09,31757553.47
15483749.27,4983824.717,15486749.27,4983824.717,15486749.27,4980824.717,15483749.27,4980824.717,63515106.93,7.87E-09,7.87E-09,9381.71292,4690.85646,4690.85646,0,0,0,0.692878762,0.346439381,,7.39E-05,,7.39E-05,0.5,1,0.5,1,4690.85646,4690.85646,4690.85646,0,0,1,0,7.87E-09,31757553.47
15483749.27,4980824.717,15486749.27,4980824.717,15486749.27,4977824.717,15483749.27,4977824.717,63515106.93,0,0,0,7425.705488,7425.705488,0,0,0,0,0.868157273,,0.000116912,,0.000116912,0,1,0,1,7425.705488,7425.705488,7425.705488,0,0,0,0,0,0
15483749.27,4977824.717,15486749.27,4977824.717,15486749.27,4974824.717,15483749.27,4974824.717,63515106.93,0,0,0,8994.639861,8994.639861,0,0,0,0,1.273768559,,0.000141614,,0.000141614,0,1,0,1,8994.639861,8994.639861,8994.639861,0,0,0,0,0,0
15483749.27,4974824.717,15486749.27,4974824.717,15486749.27,4971824.717,15483749.27,4971824.717,63515106.93,0,0,0,7721.048041,7721.048041,0,0,0,0,0.938589034,,0.000121562,,0.000121562,0,1,0,1,7721.048041,7721.048041,7721.048041,0,0,0,0,0,0
15483749.27,4971824.717,15486749.27,4971824.717,15486749.27,4968824.717,15483749.27,4968824.717,63515106.93,0,0,0,484.5599814,484.5599814,0,0,0,0,0.003696733,,7.63E-06,,7.63E-06,0,1,0,1,484.5599814,484.5599814,484.5599814,0,0,0,0,0,0
15483749.27,4968824.717,15486749.27,4968824.717,15486749.27,4965824.717,15483749.27,4965824.717,63515106.93,7.87E-09,7.87E-09,20348.31774,1682.946281,8491.212587,0,0,0,3.259492542,0.814873135,,0.000160185,,0.000160185,0.5,2,0.5,2,5087.079434,1682.946281,8491.212587,0,0,1,0,7.87E-09,31757553.47
15483749.27,4965824.717,15486749.27,4965824.717,15486749.27,4962824.717,15483749.27,4962824.717,63515106.93,7.87E-09,7.87E-09,25142.97783,3913.37374,8658.115174,0,0,0,4.976527354,1.244131838,,0.000197929,,0.000197929,0.5,2,0.5,2,6285.744457,3913.37374,8658.115174,0,0,1,0,7.87E-09,31757553.47
15483749.27,4962824.717,15486749.27,4962824.717,15486749.27,4959824.717,15483749.27,4959824.717,63515106.93,7.87E-09,7.87E-09,19175.19459,4451.713751,5135.883545,0,0,0,2.89449318,0.723623295,,0.00015095,,0.00015095,0.5,2,0.5,2,4793.798648,4451.713751,5135.883545,0,0,1,0,7.87E-09,31757553.47
15483749.27,4959824.717,15486749.27,4959824.717,15486749.27,4956824.717,15483749.27,4956824.717,63515106.93,0,0,0,0,0,0,0,0,0,0,,0,,0,0,0,0,0,0,0,0,0,0,0,0,0,0
15483749.27,4956824.717,15486749.27,4956824.717,15486749.27,4953824.717,15483749.27,4953824.717,63515106.93,0,0,0,0,0,0,0,0,0,0,,0,,0,0,0,0,0,0,0,0,0,0,0,0,0,0
15483749.27,4953824.717,15486749.27,4953824.717,15486749.27,4950824.717,15483749.27,4950824.717,63515106.93,0,0,0,0,0,0,0,0,0,0,,0,,0,0,0,0,0,0,0,0,0,0,0,0,0,0
15483749.27,4950824.717,15486749.27,4950824.717,15486749.27,4947824.717,15483749.27,4947824.717,63515106.93,7.87E-09,7.87E-09,14510.91666,7255.458328,7255.458328,0,0,0,1.657611176,0.828805588,,0.000114232,,0.000114232,0.5,1,0.5,1,7255.458328,7255.458328,7255.458328,0,0,1,0,7.87E-09,31757553.47
15483749.27,4947824.717,15486749.27,4947824.717,15486749.27,4944824.717,15483749.27,4944824.717,63515106.93,7.87E-09,7.87E-09,12257.74774,6128.873868,6128.873868,0,0,0,1.182808207,0.591404104,,9.65E-05,,9.65E-05,0.5,1,0.5,1,6128.873868,6128.873868,6128.873868,0,0,1,0,7.87E-09,31757553.47
15483749.27,4944824.717,15486749.27,4944824.717,15486749.27,4941824.717,15483749.27,4941824.717,63515106.93,7.87E-09,7.87E-09,7258.433151,3629.216575,3629.216575,0,0,0,0.414742684,0.207371342,,5.71E-05,,5.71E-05,0.5,1,0.5,1,3629.216575,3629.216575,3629.216575,0,0,1,0,7.87E-09,31757553.47
15486749.27,5124824.717,15489749.27,5124824.717,15489749.27,5121824.717,15486749.27,5121824.717,63515106.93,0,0,0,0,0,0,0,0,0,0,,0,,0,0,0,0,0,0,0,0,0,0,0,0,0,0
15486749.27,5121824.717,15489749.27,5121824.717,15489749.27,5118824.717,15486749.27,5118824.717,63515106.93,0,0,0,0,0,0,0,0,0,0,,0,,0,0,0,0,0,0,0,0,0,0,0,0,0,0
15486749.27,5118824.717,15489749.27,5118824.717,15489749.27,5115824.717,15486749.27,5115824.717,63515106.93,0,0,0,0,0,0,0,0,0,0,,0,,0,0,0,0,0,0,0,0,0,0,0,0,0,0
15486749.27,5115824.717,15489749.27,5115824.717,15489749.27,5112824.717,15486749.27,5112824.717,63515106.93,0,0,0,0,0,0,0,0,0,0,,0,,0,0,0,0,0,0,0,0,0,0,0,0,0,0
15486749.27,5112824.717,15489749.27,5112824.717,15489749.27,5109824.717,15486749.27,5109824.717,63515106.93,0,0,0,0,0,0,0,0,0,0,,0,,0,0,0,0,0,0,0,0,0,0,0,0,0,0
15486749.27,5109824.717,15489749.27,5109824.717,15489749.27,5106824.717,15486749.27,5106824.717,63515106.93,0,0,0,0,0,0,0,0,0,0,,0,,0,0,0,0,0,0,0,0,0,0,0,0,0,0
15486749.27,5106824.717,15489749.27,5106824.717,15489749.27,5103824.717,15486749.27,5103824.717,63515106.93,0,0,0,0,0,0,0,0,0,0,,0,,0,0,0,0,0,0,0,0,0,0,0,0,0,0
15486749.27,5103824.717,15489749.27,5103824.717,15489749.27,5100824.717,15486749.27,5100824.717,63515106.93,0,0,0,0,0,0,0,0,0,0,,0,,0,0,0,0,0,0,0,0,0,0,0,0,0,0
15486749.27,5100824.717,15489749.27,5100824.717,15489749.27,5097824.717,15486749.27,5097824.717,63515106.93,0,0,0,0,0,0,0,0,0,0,,0,,0,0,0,0,0,0,0,0,0,0,0,0,0,0
15486749.27,5097824.717,15489749.27,5097824.717,15489749.27,5094824.717,15486749.27,5094824.717,63515106.93,0,0,0,0,0,0,0,0,0,0,,0,,0,0,0,0,0,0,0,0,0,0,0,0,0,0
15486749.27,5094824.717,15489749.27,5094824.717,15489749.27,5091824.717,15486749.27,5091824.717,63515106.93,0,0,0,0,0,0,0,0,0,0,,0,,0,0,0,0,0,0,0,0,0,0,0,0,0,0
15486749.27,5091824.717,15489749.27,5091824.717,15489749.27,5088824.717,15486749.27,5088824.717,63515106.93,0,0,0,0,0,0,0,0,0,0,,0,,0,0,0,0,0,0,0,0,0,0,0,0,0,0
15486749.27,5088824.717,15489749.27,5088824.717,15489749.27,5085824.717,15486749.27,5085824.717,63515106.93,0,0,0,6895.653455,6895.653455,0,0,0,0,0.748641368,,0.000108567,,0.000108567,0,1,0,1,6895.653455,6895.653455,6895.653455,0,0,0,0,0,0
15486749.27,5085824.717,15489749.27,5085824.717,15489749.27,5082824.717,15486749.27,5082824.717,63515106.93,0,0,0,9000.118178,9000.118178,0,0,0,0,1.275320646,,0.0001417,,0.0001417,0,1,0,1,9000.118178,9000.118178,9000.118178,0,0,0,0,0,0
15486749.27,5082824.717,15489749.27,5082824.717,15489749.27,5079824.717,15486749.27,5079824.717,63515106.93,0,0,0,6858.197405,6858.197405,0,0,0,0,0.740530465,,0.000107977,,0.000107977,0,1,0,1,6858.197405,6858.197405,6858.197405,0,0,0,0,0,0
15486749.27,5079824.717,15489749.27,5079824.717,15489749.27,5076824.717,15486749.27,5076824.717,63515106.93,0,0,0,5360.344531,5360.344531,0,0,0,0,0.452385186,,8.44E-05,,8.44E-05,0,1,0,1,5360.344531,5360.344531,5360.344531,0,0,0,0,0,0
15486749.27,5076824.717,15489749.27,5076824.717,15489749.27,5073824.717,15486749.27,5073824.717,63515106.93,0,0,0,8828.298081,8828.298081,0,0,0,0,1.227091487,,0.000138995,,0.000138995,0,1,0,1,8828.298081,8828.298081,8828.298081,0,0,0,0,0,0
15486749.27,5073824.717,15489749.27,5073824.717,15489749.27,5070824.717,15486749.27,5070824.717,63515106.93,2.36E-08,7.87E-09,11852.71884,2243.157408,8047.767786,2,4,1.57E-08,3.317799907,1.658899953,,0.000279919,,0.000279919,1.5,4,0.5,3,5926.35942,3083.760458,8047.767786,0.666666667,2,3,1,3,1
15486749.27,5070824.717,15489749.27,5070824.717,15489749.27,5067824.717,15486749.27,5067824.717,63515106.93,2.36E-08,7.87E-09,14423.19562,3053.667375,6781.494978,2,4,1.57E-08,4.912891957,2.456445979,,0.000340624,,0.000340624,1.5,4,0.5,3,7211.597812,5860.987145,8992.311313,0.666666667,2,3,1,3,1
15486749.27,5067824.717,15489749.27,5067824.717,15489749.27,5064824.717,15486749.27,5064824.717,63515106.93,2.36E-08,7.87E-09,14925.6297,1597.414964,9010.463197,2,4,1.57E-08,5.261136275,2.630568137,,0.00035249,,0.00035249,1.5,4,0.5,3,7462.814852,6548.608878,9010.463197,0.666666667,2,3,1,3,1
15486749.27,5064824.717,15489749.27,5064824.717,15489749.27,5061824.717,15486749.27,5061824.717,63515106.93,0,0,0,6983.63478,6983.63478,0,0,0,0,0.767867002,,0.000109952,,0.000109952,0,1,0,1,6983.63478,6983.63478,6983.63478,0,0,0,0,0,0
15486749.27,5061824.717,15489749.27,5061824.717,15489749.27,5058824.717,15486749.27,5058824.717,63515106.93,0,0,0,223.1794256,3925.625232,0,0,0,0,0.135499911,,6.53E-05,,6.53E-05,0,2,0,2,2074.402485,223.1794256,3925.625544,0,0,0,0,0,0
15486749.27,5058824.717,15489749.27,5058824.717,15489749.27,5055824.717,15486749.27,5055824.717,63515106.93,2.36E-08,7.87E-09,8925.233588,3721.969214,5116.438722,2,4,1.57E-08,1.881279867,1.4109599,,0.000210782,,0.000210782,1.5,3,0.5,2,6693.925191,5116.438722,8271.41166,0.666666667,2,3,1,3,1
15486749.27,5055824.717,15489749.27,5055824.717,15489749.27,5052824.717,15486749.27,5052824.717,63515106.93,2.36E-08,7.87E-09,9179.997126,2961.338032,5928.739995,2,4,1.57E-08,1.990211887,1.492658916,,0.000216799,,0.000216799,1.5,3,0.5,2,6884.997844,4879.917662,8890.078027,0.666666667,2,3,1,3,1
15486749.27,5052824.717,15489749.27,5052824.717,15489749.27,5049824.717,15486749.27,5049824.717,63515106.93,2.36E-08,7.87E-09,4911.952249,11.42265182,6514.261008,2,4,1.57E-08,0.569800069,0.427350052,,0.000116003,,0.000116003,1.5,3,0.5,2,3683.964187,842.2450232,6525.68335,0.666666667,2,3,1,3,1
15486749.27,5049824.717,15489749.27,5049824.717,15489749.27,5046824.717,15486749.27,5046824.717,63515106.93,0,0,0,0,0,0,0,0,0,0,,0,,0,0,0,0,0,0,0,0,0,0,0,0,0,0
15486749.27,5046824.717,15489749.27,5046824.717,15489749.27,5043824.717,15486749.27,5043824.717,63515106.93,0,0,0,0,0,0,0,0,0,0,,0,,0,0,0,0,0,0,0,0,0,0,0,0,0,0
15486749.27,5043824.717,15489749.27,5043824.717,15489749.27,5040824.717,15486749.27,5040824.717,63515106.93,0,0,0,6798.980259,6798.980259,0,0,0,0,0.727797445,,0.000107045,,0.000107045,0,1,0,1,6798.980259,6798.980259,6798.980259,0,0,0,0,0,0
15486749.27,5040824.717,15489749.27,5040824.717,15489749.27,5037824.717,15486749.27,5037824.717,63515106.93,7.87E-09,7.87E-09,28989.64929,6602.626168,7892.198479,0,0,0,6.615747078,1.653936769,,0.000228211,,0.000228211,0.5,2,0.5,2,7247.412324,6602.626168,7892.198479,0,0,1,0,7.87E-09,31757553.47
15486749.27,5037824.717,15489749.27,5037824.717,15489749.27,5034824.717,15486749.27,5034824.717,63515106.93,7.87E-09,7.87E-09,30079.96898,6100.311373,8939.673117,0,0,0,7.122750614,1.780687654,,0.000236794,,0.000236794,0.5,2,0.5,2,7519.992245,6100.311373,8939.673117,0,0,1,0,7.87E-09,31757553.47
15486749.27,5034824.717,15489749.27,5034824.717,15489749.27,5031824.717,15486749.27,5031824.717,63515106.93,0,0,0,7938.902902,7938.902902,0,0,0,0,0.992302183,,0.000124992,,0.000124992,0,1,0,1,7938.902902,7938.902902,7938.902902,0,0,0,0,0,0
15486749.27,5031824.717,15489749.27,5031824.717,15489749.27,5028824.717,15486749.27,5028824.717,63515106.93,0,0,0,0,0,0,0,0,0,0,,0,,0,0,0,0,0,0,0,0,0,0,0,0,0,0
15486749.27,5028824.717,15489749.27,5028824.717,15489749.27,5025824.717,15486749.27,5025824.717,63515106.93,0,0,0,6626.532938,6626.532938,0,0,0,0,0.691346373,,0.00010433,,0.00010433,0,1,0,1,6626.532938,6626.532938,6626.532938,0,0,0,0,0,0
15486749.27,5025824.717,15489749.27,5025824.717,15489749.27,5022824.717,15486749.27,5022824.717,63515106.93,0,0,0,8861.925123,8861.925123,0,0,0,0,1.236457288,,0.000139525,,0.000139525,0,1,0,1,8861.925123,8861.925123,8861.925123,0,0,0,0,0,0
15486749.27,5022824.717,15489749.27,5022824.717,15489749.27,5019824.717,15486749.27,5019824.717,63515106.93,0,0,0,8604.986643,8604.986643,0,0,0,0,1.165798165,,0.000135479,,0.000135479,0,1,0,1,8604.986643,8604.986643,8604.986643,0,0,0,0,0,0
15486749.27,5019824.717,15489749.27,5019824.717,15489749.27,5016824.717,15486749.27,5016824.717,63515106.93,0,0,0,4682.731114,4682.731114,0,0,0,0,0.345240239,,7.37E-05,,7.37E-05,0,1,0,1,4682.731114,4682.731114,4682.731114,0,0,0,0,0,0
15486749.27,5016824.717,15489749.27,5016824.717,15489749.27,5013824.717,15486749.27,5013824.717,63515106.93,0,0,0,0,0,0,0,0,0,0,,0,,0,0,0,0,0,0,0,0,0,0,0,0,0,0
15486749.27,5013824.717,15489749.27,5013824.717,15489749.27,5010824.717,15486749.27,5010824.717,63515106.93,0,0,0,0,0,0,0,0,0,0,,0,,0,0,0,0,0,0,0,0,0,0,0,0,0,0
15486749.27,5010824.717,15489749.27,5010824.717,15489749.27,5007824.717,15486749.27,5007824.717,63515106.93,0,0,0,0,0,0,0,0,0,0,,0,,0,0,0,0,0,0,0,0,0,0,0,0,0,0
15486749.27,5007824.717,15489749.27,5007824.717,15489749.27,5004824.717,15486749.27,5004824.717,63515106.93,0,0,0,0,0,0,0,0,0,0,,0,,0,0,0,0,0,0,0,0,0,0,0,0,0,0
15486749.27,5004824.717,15489749.27,5004824.717,15489749.27,5001824.717,15486749.27,5001824.717,63515106.93,0,0,0,0,0,0,0,0,0,0,,0,,0,0,0,0,0,0,0,0,0,0,0,0,0,0
15486749.27,5001824.717,15489749.27,5001824.717,15489749.27,4998824.717,15486749.27,4998824.717,63515106.93,0,0,0,0,0,0,0,0,0,0,,0,,0,0,0,0,0,0,0,0,0,0,0,0,0,0
15486749.27,4998824.717,15489749.27,4998824.717,15489749.27,4995824.717,15486749.27,4995824.717,63515106.93,0,0,0,0,0,0,0,0,0,0,,0,,0,0,0,0,0,0,0,0,0,0,0,0,0,0
15486749.27,4995824.717,15489749.27,4995824.717,15489749.27,4992824.717,15486749.27,4992824.717,63515106.93,0,0,0,0,0,0,0,0,0,0,,0,,0,0,0,0,0,0,0,0,0,0,0,0,0,0
15486749.27,4992824.717,15489749.27,4992824.717,15489749.27,4989824.717,15486749.27,4989824.717,63515106.93,0,0,0,0,0,0,0,0,0,0,,0,,0,0,0,0,0,0,0,0,0,0,0,0,0,0
15486749.27,4989824.717,15489749.27,4989824.717,15489749.27,4986824.717,15486749.27,4986824.717,63515106.93,0,0,0,8195.958764,8195.958764,0,0,0,0,1.057602566,,0.00012904,,0.00012904,0,1,0,1,8195.958764,8195.958764,8195.958764,0,0,0,0,0,0
15486749.27,4986824.717,15489749.27,4986824.717,15489749.27,4983824.717,15486749.27,4983824.717,63515106.93,0,0,0,8748.210632,8748.210632,0,0,0,0,1.204928921,,0.000137734,,0.000137734,0,1,0,1,8748.210632,8748.210632,8748.210632,0,0,0,0,0,0
15486749.27,4983824.717,15489749.27,4983824.717,15489749.27,4980824.717,15486749.27,4980824.717,63515106.93,0,0,0,3654.462698,3654.462698,0,0,0,0,0.210266474,,5.75E-05,,5.75E-05,0,1,0,1,3654.462698,3654.462698,3654.462698,0,0,0,0,0,0
15486749.27,4980824.717,15489749.27,4980824.717,15489749.27,4977824.717,15486749.27,4977824.717,63515106.93,0,0,0,2445.493143,2445.493143,0,0,0,0,0.094157705,,3.85E-05,,3.85E-05,0,1,0,1,2445.493143,2445.493143,2445.493143,0,0,0,0,0,0
15486749.27,4977824.717,15489749.27,4977824.717,15489749.27,4974824.717,15486749.27,4974824.717,63515106.93,0,0,0,8173.334207,8173.334207,0,0,0,0,1.051771701,,0.000128683,,0.000128683,0,1,0,1,8173.334207,8173.334207,8173.334207,0,0,0,0,0,0
15486749.27,4974824.717,15489749.27,4974824.717,15489749.27,4971824.717,15486749.27,4971824.717,63515106.93,0,0,0,8913.752473,8913.752473,0,0,0,0,1.250961968,,0.000140341,,0.000140341,0,1,0,1,8913.752473,8913.752473,8913.752473,0,0,0,0,0,0
15486749.27,4971824.717,15489749.27,4971824.717,15489749.27,4968824.717,15486749.27,4968824.717,63515106.93,0,0,0,6570.900461,6570.900461,0,0,0,0,0.679786825,,0.000103454,,0.000103454,0,1,0,1,6570.900461,6570.900461,6570.900461,0,0,0,0,0,0
15486749.27,4968824.717,15489749.27,4968824.717,15489749.27,4965824.717,15486749.27,4965824.717,63515106.93,0,0,0,7195.228493,7195.228493,0,0,0,0,0.815102352,,0.000113284,,0.000113284,0,1,0,1,7195.228493,7195.228493,7195.228493,0,0,0,0,0,0
15486749.27,4965824.717,15489749.27,4965824.717,15489749.27,4962824.717,15486749.27,4962824.717,63515106.93,7.87E-09,7.87E-09,18718.0316,360.5739469,8998.441854,0,0,0,2.758121052,0.689530263,,0.000147351,,0.000147351,0.5,2,0.5,2,4679.5079,360.5739469,8998.441854,0,0,1,0,7.87E-09,31757553.47
15486749.27,4962824.717,15489749.27,4962824.717,15489749.27,4959824.717,15486749.27,4959824.717,63515106.93,0,0,0,6938.869869,6938.869869,0,0,0,0,0.758054538,,0.000109248,,0.000109248,0,1,0,1,6938.869869,6938.869869,6938.869869,0,0,0,0,0,0
15486749.27,4959824.717,15489749.27,4959824.717,15489749.27,4956824.717,15486749.27,4956824.717,63515106.93,0,0,0,0,0,0,0,0,0,0,,0,,0,0,0,0,0,0,0,0,0,0,0,0,0,0
15486749.27,4956824.717,15489749.27,4956824.717,15489749.27,4953824.717,15486749.27,4953824.717,63515106.93,0,0,0,0,0,0,0,0,0,0,,0,,0,0,0,0,0,0,0,0,0,0,0,0,0,0
15486749.27,4953824.717,15489749.27,4953824.717,15489749.27,4950824.717,15486749.27,4950824.717,63515106.93,0,0,0,0,0,0,0,0,0,0,,0,,0,0,0,0,0,0,0,0,0,0,0,0,0,0
15486749.27,4950824.717,15489749.27,4950824.717,15489749.27,4947824.717,15486749.27,4947824.717,63515106.93,7.87E-09,7.87E-09,5366.726711,2683.363356,2683.363356,0,0,0,0.226731537,0.113365768,,4.22E-05,,4.22E-05,0.5,1,0.5,1,2683.363356,2683.363356,2683.363356,0,0,1,0,7.87E-09,31757553.47
15486749.27,4947824.717,15489749.27,4947824.717,15489749.27,4944824.717,15486749.27,4944824.717,63515106.93,7.87E-09,7.87E-09,6715.791591,3357.895796,3357.895796,0,0,0,0.355048262,0.177524131,,5.29E-05,,5.29E-05,0.5,1,0.5,1,3357.895796,3357.895796,3357.895796,0,0,1,0,7.87E-09,31757553.47
15486749.27,4944824.717,15489749.27,4944824.717,15489749.27,4941824.717,15486749.27,4941824.717,63515106.93,7.87E-09,7.87E-09,3779.220922,1889.610461,1889.610461,0,0,0,0.112433966,0.056216983,,2.98E-05,,2.98E-05,0.5,1,0.5,1,1889.610461,1889.610461,1889.610461,0,0,1,0,7.87E-09,31757553.47
15489749.27,5124824.717,15492749.27,5124824.717,15492749.27,5121824.717,15489749.27,5121824.717,63515106.93,0,0,0,0,0,0,0,0,0,0,,0,,0,0,0,0,0,0,0,0,0,0,0,0,0,0
15489749.27,5121824.717,15492749.27,5121824.717,15492749.27,5118824.717,15489749.27,5118824.717,63515106.93,0,0,0,0,0,0,0,0,0,0,,0,,0,0,0,0,0,0,0,0,0,0,0,0,0,0
15489749.27,5118824.717,15492749.27,5118824.717,15492749.27,5115824.717,15489749.27,5115824.717,63515106.93,0,0,0,0,0,0,0,0,0,0,,0,,0,0,0,0,0,0,0,0,0,0,0,0,0,0
15489749.27,5115824.717,15492749.27,5115824.717,15492749.27,5112824.717,15489749.27,5112824.717,63515106.93,0,0,0,0,0,0,0,0,0,0,,0,,0,0,0,0,0,0,0,0,0,0,0,0,0,0
15489749.27,5112824.717,15492749.27,5112824.717,15492749.27,5109824.717,15489749.27,5109824.717,63515106.93,0,0,0,0,0,0,0,0,0,0,,0,,0,0,0,0,0,0,0,0,0,0,0,0,0,0
15489749.27,5109824.717,15492749.27,5109824.717,15492749.27,5106824.717,15489749.27,5106824.717,63515106.93,0,0,0,0,0,0,0,0,0,0,,0,,0,0,0,0,0,0,0,0,0,0,0,0,0,0
15489749.27,5106824.717,15492749.27,5106824.717,15492749.27,5103824.717,15489749.27,5103824.717,63515106.93,0,0,0,0,0,0,0,0,0,0,,0,,0,0,0,0,0,0,0,0,0,0,0,0,0,0
15489749.27,5103824.717,15492749.27,5103824.717,15492749.27,5100824.717,15489749.27,5100824.717,63515106.93,0,0,0,0,0,0,0,0,0,0,,0,,0,0,0,0,0,0,0,0,0,0,0,0,0,0
15489749.27,5100824.717,15492749.27,5100824.717,15492749.27,5097824.717,15489749.27,5097824.717,63515106.93,0,0,0,0,0,0,0,0,0,0,,0,,0,0,0,0,0,0,0,0,0,0,0,0,0,0
15489749.27,5097824.717,15492749.27,5097824.717,15492749.27,5094824.717,15489749.27,5094824.717,63515106.93,0,0,0,0,0,0,0,0,0,0,,0,,0,0,0,0,0,0,0,0,0,0,0,0,0,0
15489749.27,5094824.717,15492749.27,5094824.717,15492749.27,5091824.717,15489749.27,5091824.717,63515106.93,0,0,0,0,0,0,0,0,0,0,,0,,0,0,0,0,0,0,0,0,0,0,0,0,0,0
15489749.27,5091824.717,15492749.27,5091824.717,15492749.27,5088824.717,15489749.27,5088824.717,63515106.93,0,0,0,0,0,0,0,0,0,0,,0,,0,0,0,0,0,0,0,0,0,0,0,0,0,0
15489749.27,5088824.717,15492749.27,5088824.717,15492749.27,5085824.717,15489749.27,5085824.717,63515106.93,0,0,0,5117.591859,5117.591859,0,0,0,0,0.412338854,,8.06E-05,,8.06E-05,0,1,0,1,5117.591859,5117.591859,5117.591859,0,0,0,0,0,0
15489749.27,5085824.717,15492749.27,5085824.717,15492749.27,5082824.717,15489749.27,5082824.717,63515106.93,0,0,0,8914.465617,8914.465617,0,0,0,0,1.251162142,,0.000140352,,0.000140352,0,1,0,1,8914.465617,8914.465617,8914.465617,0,0,0,0,0,0
15489749.27,5082824.717,15492749.27,5082824.717,15492749.27,5079824.717,15489749.27,5079824.717,63515106.93,0,0,0,7777.861299,7777.861299,0,0,0,0,0.952452563,,0.000122457,,0.000122457,0,1,0,1,7777.861299,7777.861299,7777.861299,0,0,0,0,0,0
15489749.27,5079824.717,15492749.27,5079824.717,15492749.27,5076824.717,15489749.27,5076824.717,63515106.93,0,0,0,0,0,0,0,0,0,0,,0,,0,0,0,0,0,0,0,0,0,0,0,0,0,0
15489749.27,5076824.717,15492749.27,5076824.717,15492749.27,5073824.717,15489749.27,5073824.717,63515106.93,0,0,0,8220.65521,8220.65521,0,0,0,0,1.063985803,,0.000129428,,0.000129428,0,1,0,1,8220.65521,8220.65521,8220.65521,0,0,0,0,0,0
15489749.27,5073824.717,15492749.27,5073824.717,15492749.27,5070824.717,15489749.27,5070824.717,63515106.93,3.15E-08,1.57E-08,8420.988327,1332.24901,8780.670165,1.5,2,1.57E-08,2.232950485,1.488633656,,0.000265165,,0.000265165,2,4,1,3,5613.992218,1332.24901,8780.670165,0.5,1,3.5,1,3.000000008,31757554.47
15489749.27,5070824.717,15492749.27,5070824.717,15492749.27,5067824.717,15489749.27,5067824.717,63515106.93,3.15E-08,1.57E-08,11720.41334,2948.625527,7728.388031,1.5,2,1.57E-08,4.325524919,2.162762459,,0.000369059,,0.000369059,2,5,1,4,5860.20667,3129.797262,7932.210942,0.5,1,3.5,1,3.000000008,31757554.47
15489749.27,5067824.717,15492749.27,5067824.717,15492749.27,5064824.717,15489749.27,5064824.717,63515106.93,2.36E-08,7.87E-09,11944.21901,1860.248834,8896.904936,2,4,1.57E-08,3.369222881,1.684611441,,0.00028208,,0.00028208,1.5,4,0.5,3,5972.109504,2982.079788,8896.904936,0.666666667,2,3,1,3,1
15489749.27,5064824.717,15492749.27,5064824.717,15492749.27,5061824.717,15489749.27,5061824.717,63515106.93,0,0,0,5472.474216,5472.474216,0,0,0,0,0.471509464,,8.62E-05,,8.62E-05,0,1,0,1,5472.474216,5472.474216,5472.474216,0,0,0,0,0,0
15489749.27,5061824.717,15492749.27,5061824.717,15492749.27,5058824.717,15489749.27,5058824.717,63515106.93,0,0,0,7780.393128,7780.393128,0,0,0,0,0.953072758,,0.000122497,,0.000122497,0,1,0,1,7780.393186,7780.393186,7780.393186,0,0,0,0,0,0
15489749.27,5058824.717,15492749.27,5058824.717,15492749.27,5055824.717,15489749.27,5055824.717,63515106.93,2.36E-08,7.87E-09,7361.186199,1757.533836,7249.317693,2,4,1.57E-08,1.279704897,0.959778673,,0.000173845,,0.000173845,1.5,3,0.5,2,5520.889649,2034.927776,9006.851522,0.666666667,2,3,1,3,1
15489749.27,5055824.717,15492749.27,5055824.717,15492749.27,5052824.717,15489749.27,5052824.717,63515106.93,2.36E-08,7.87E-09,6365.225669,1965.908196,4631.203824,2,4,1.57E-08,0.956845539,0.717634154,,0.000150324,,0.000150324,1.5,3,0.5,2,4773.919251,1965.908196,7581.930306,0.666666667,2,3,1,3,1
15489749.27,5052824.717,15492749.27,5052824.717,15492749.27,5049824.717,15489749.27,5049824.717,63515106.93,0,0,0,0,0,0,0,0,0,0,,0,,0,0,0,0,0,0,0,0,0,0,0,0,0,0
15489749.27,5049824.717,15492749.27,5049824.717,15492749.27,5046824.717,15489749.27,5046824.717,63515106.93,0,0,0,0,0,0,0,0,0,0,,0,,0,0,0,0,0,0,0,0,0,0,0,0,0,0
15489749.27,5046824.717,15492749.27,5046824.717,15492749.27,5043824.717,15489749.27,5043824.717,63515106.93,0,0,0,0,0,0,0,0,0,0,,0,,0,0,0,0,0,0,0,0,0,0,0,0,0,0
15489749.27,5043824.717,15492749.27,5043824.717,15492749.27,5040824.717,15489749.27,5040824.717,63515106.93,0,0,0,7621.84589,7621.84589,0,0,0,0,0.914625474,,0.000120001,,0.000120001,0,1,0,1,7621.84589,7621.84589,7621.84589,0,0,0,0,0,0
15489749.27,5040824.717,15492749.27,5040824.717,15492749.27,5037824.717,15489749.27,5037824.717,63515106.93,0,0,0,92.22037069,8937.73016,0,0,0,0,0.641894586,,0.00014217,,0.00014217,0,2,0,2,4514.975265,92.22037069,8937.73016,0,0,0,0,0,0
15489749.27,5037824.717,15492749.27,5037824.717,15492749.27,5034824.717,15489749.27,5034824.717,63515106.93,0,0,0,5514.609222,8055.262858,0,0,0,0,1.449587643,,0.000213648,,0.000213648,0,2,0,2,6784.93604,5514.609222,8055.262858,0,0,0,0,0,0
15489749.27,5034824.717,15492749.27,5034824.717,15492749.27,5031824.717,15489749.27,5031824.717,63515106.93,0,0,0,8926.589316,8926.589316,0,0,0,0,1.254567613,,0.000140543,,0.000140543,0,1,0,1,8926.589277,8926.589277,8926.589277,0,0,0,0,0,0
15489749.27,5031824.717,15492749.27,5031824.717,15492749.27,5028824.717,15489749.27,5028824.717,63515106.93,0,0,0,5532.806813,6489.410606,0,0,0,0,1.137789959,,0.000189281,,0.000189281,0,2,0,2,6011.108504,5532.806813,6489.410196,0,0,0,0,0,0
15489749.27,5028824.717,15492749.27,5028824.717,15492749.27,5025824.717,15489749.27,5025824.717,63515106.93,0,0,0,8741.1918,8741.1918,0,0,0,0,1.202996228,,0.000137624,,0.000137624,0,1,0,1,8741.1918,8741.1918,8741.1918,0,0,0,0,0,0
15489749.27,5025824.717,15492749.27,5025824.717,15492749.27,5022824.717,15489749.27,5022824.717,63515106.93,0,0,0,8690.038546,8690.038546,0,0,0,0,1.188957613,,0.000136818,,0.000136818,0,1,0,1,8690.038546,8690.038546,8690.038546,0,0,0,0,0,0
15489749.27,5022824.717,15492749.27,5022824.717,15492749.27,5019824.717,15489749.27,5019824.717,63515106.93,0,0,0,5731.132132,5731.132132,0,0,0,0,0.517134854,,9.02E-05,,9.02E-05,0,1,0,1,5731.132132,5731.132132,5731.132132,0,0,0,0,0,0
15489749.27,5019824.717,15492749.27,5019824.717,15492749.27,5016824.717,15489749.27,5016824.717,63515106.93,0,0,0,0,0,0,0,0,0,0,,0,,0,0,0,0,0,0,0,0,0,0,0,0,0,0
15489749.27,5016824.717,15492749.27,5016824.717,15492749.27,5013824.717,15489749.27,5013824.717,63515106.93,0,0,0,0,0,0,0,0,0,0,,0,,0,0,0,0,0,0,0,0,0,0,0,0,0,0
15489749.27,5013824.717,15492749.27,5013824.717,15492749.27,5010824.717,15489749.27,5010824.717,63515106.93,0,0,0,0,0,0,0,0,0,0,,0,,0,0,0,0,0,0,0,0,0,0,0,0,0,0
15489749.27,5010824.717,15492749.27,5010824.717,15492749.27,5007824.717,15489749.27,5007824.717,63515106.93,0,0,0,0,0,0,0,0,0,0,,0,,0,0,0,0,0,0,0,0,0,0,0,0,0,0
15489749.27,5007824.717,15492749.27,5007824.717,15492749.27,5004824.717,15489749.27,5004824.717,63515106.93,0,0,0,0,0,0,0,0,0,0,,0,,0,0,0,0,0,0,0,0,0,0,0,0,0,0
15489749.27,5004824.717,15492749.27,5004824.717,15492749.27,5001824.717,15489749.27,5001824.717,63515106.93,0,0,0,0,0,0,0,0,0,0,,0,,0,0,0,0,0,0,0,0,0,0,0,0,0,0
15489749.27,5001824.717,15492749.27,5001824.717,15492749.27,4998824.717,15489749.27,4998824.717,63515106.93,0,0,0,0,0,0,0,0,0,0,,0,,0,0,0,0,0,0,0,0,0,0,0,0,0,0
15489749.27,4998824.717,15492749.27,4998824.717,15492749.27,4995824.717,15489749.27,4995824.717,63515106.93,0,0,0,0,0,0,0,0,0,0,,0,,0,0,0,0,0,0,0,0,0,0,0,0,0,0
15489749.27,4995824.717,15492749.27,4995824.717,15492749.27,4992824.717,15489749.27,4992824.717,63515106.93,0,0,0,0,0,0,0,0,0,0,,0,,0,0,0,0,0,0,0,0,0,0,0,0,0,0
15489749.27,4992824.717,15492749.27,4992824.717,15492749.27,4989824.717,15489749.27,4989824.717,63515106.93,0,0,0,3527.908282,3527.908282,0,0,0,0,0.195955536,,5.55E-05,,5.55E-05,0,1,0,1,3527.908282,3527.908282,3527.908282,0,0,0,0,0,0
15489749.27,4989824.717,15492749.27,4989824.717,15492749.27,4986824.717,15489749.27,4986824.717,63515106.93,0,0,0,8711.350393,8711.350393,0,0,0,0,1.194796472,,0.000137154,,0.000137154,0,1,0,1,8711.350393,8711.350393,8711.350393,0,0,0,0,0,0
15489749.27,4986824.717,15492749.27,4986824.717,15492749.27,4983824.717,15489749.27,4983824.717,63515106.93,0,0,0,8314.330591,8314.330591,0,0,0,0,1.08837246,,0.000130903,,0.000130903,0,1,0,1,8314.330591,8314.330591,8314.330591,0,0,0,0,0,0
15489749.27,4983824.717,15492749.27,4983824.717,15492749.27,4980824.717,15489749.27,4980824.717,63515106.93,0,0,0,0,0,0,0,0,0,0,,0,,0,0,0,0,0,0,0,0,0,0,0,0,0,0
15489749.27,4980824.717,15492749.27,4980824.717,15492749.27,4977824.717,15489749.27,4977824.717,63515106.93,0,0,0,0,0,0,0,0,0,0,,0,,0,0,0,0,0,0,0,0,0,0,0,0,0,0
15489749.27,4977824.717,15492749.27,4977824.717,15492749.27,4974824.717,15489749.27,4974824.717,63515106.93,0,0,0,5473.798116,5473.798116,0,0,0,0,0.471737627,,8.62E-05,,8.62E-05,0,1,0,1,5473.798116,5473.798116,5473.798116,0,0,0,0,0,0
15489749.27,4974824.717,15492749.27,4974824.717,15492749.27,4971824.717,15489749.27,4971824.717,63515106.93,0,0,0,8711.509677,8711.509677,0,0,0,0,1.194840165,,0.000137156,,0.000137156,0,1,0,1,8711.509677,8711.509677,8711.509677,0,0,0,0,0,0
15489749.27,4971824.717,15492749.27,4971824.717,15492749.27,4968824.717,15489749.27,4968824.717,63515106.93,7.87E-09,7.87E-09,14654.70915,7327.354576,7327.354576,0,0,0,1.690625354,0.845312677,,0.000115364,,0.000115364,0.5,1,0.5,1,7327.354576,7327.354576,7327.354576,0,0,1,0,7.87E-09,31757553.47
15489749.27,4968824.717,15492749.27,4968824.717,15492749.27,4965824.717,15489749.27,4965824.717,63515106.93,7.87E-09,7.87E-09,17248.64513,3710.447756,4913.874807,0,0,0,2.342086576,0.585521644,,0.000135784,,0.000135784,0.5,2,0.5,2,4312.161281,3710.447756,4913.874807,0,0,1,0,7.87E-09,31757553.47
15489749.27,4965824.717,15492749.27,4965824.717,15492749.27,4962824.717,15489749.27,4962824.717,63515106.93,0,0,0,8775.175954,8775.175954,0,0,0,0,1.21236847,,0.000138159,,0.000138159,0,1,0,1,8775.175954,8775.175954,8775.175954,0,0,0,0,0,0
15489749.27,4962824.717,15492749.27,4962824.717,15492749.27,4959824.717,15489749.27,4959824.717,63515106.93,0,0,0,8206.416616,8206.416616,0,0,0,0,1.06030324,,0.000129204,,0.000129204,0,1,0,1,8206.416616,8206.416616,8206.416616,0,0,0,0,0,0
15489749.27,4959824.717,15492749.27,4959824.717,15492749.27,4956824.717,15489749.27,4956824.717,63515106.93,0,0,0,0,0,0,0,0,0,0,,0,,0,0,0,0,0,0,0,0,0,0,0,0,0,0
15489749.27,4956824.717,15492749.27,4956824.717,15492749.27,4953824.717,15489749.27,4953824.717,63515106.93,0,0,0,0,0,0,0,0,0,0,,0,,0,0,0,0,0,0,0,0,0,0,0,0,0,0
15489749.27,4953824.717,15492749.27,4953824.717,15492749.27,4950824.717,15489749.27,4950824.717,63515106.93,0,0,0,0,0,0,0,0,0,0,,0,,0,0,0,0,0,0,0,0,0,0,0,0,0,0
15489749.27,4950824.717,15492749.27,4950824.717,15492749.27,4947824.717,15489749.27,4947824.717,63515106.93,0,0,0,0,0,0,0,0,0,0,,0,,0,0,0,0,0,0,0,0,0,0,0,0,0,0
15489749.27,4947824.717,15492749.27,4947824.717,15492749.27,4944824.717,15489749.27,4944824.717,63515106.93,0,0,0,0,0,0,0,0,0,0,,0,,0,0,0,0,0,0,0,0,0,0,0,0,0,0
15489749.27,4944824.717,15492749.27,4944824.717,15492749.27,4941824.717,15489749.27,4941824.717,63515106.93,0,0,0,0,0,0,0,0,0,0,,0,,0,0,0,0,0,0,0,0,0,0,0,0,0,0
15492749.27,5124824.717,15495749.27,5124824.717,15495749.27,5121824.717,15492749.27,5121824.717,63515106.93,0,0,0,0,0,0,0,0,0,0,,0,,0,0,0,0,0,0,0,0,0,0,0,0,0,0
15492749.27,5121824.717,15495749.27,5121824.717,15495749.27,5118824.717,15492749.27,5118824.717,63515106.93,0,0,0,0,0,0,0,0,0,0,,0,,0,0,0,0,0,0,0,0,0,0,0,0,0,0
15492749.27,5118824.717,15495749.27,5118824.717,15495749.27,5115824.717,15492749.27,5115824.717,63515106.93,0,0,0,0,0,0,0,0,0,0,,0,,0,0,0,0,0,0,0,0,0,0,0,0,0,0
15492749.27,5115824.717,15495749.27,5115824.717,15495749.27,5112824.717,15492749.27,5112824.717,63515106.93,0,0,0,0,0,0,0,0,0,0,,0,,0,0,0,0,0,0,0,0,0,0,0,0,0,0
15492749.27,5112824.717,15495749.27,5112824.717,15495749.27,5109824.717,15492749.27,5109824.717,63515106.93,0,0,0,0,0,0,0,0,0,0,,0,,0,0,0,0,0,0,0,0,0,0,0,0,0,0
15492749.27,5109824.717,15495749.27,5109824.717,15495749.27,5106824.717,15492749.27,5106824.717,63515106.93,0,0,0,0,0,0,0,0,0,0,,0,,0,0,0,0,0,0,0,0,0,0,0,0,0,0
15492749.27,5106824.717,15495749.27,5106824.717,15495749.27,5103824.717,15492749.27,5103824.717,63515106.93,0,0,0,0,0,0,0,0,0,0,,0,,0,0,0,0,0,0,0,0,0,0,0,0,0,0
15492749.27,5103824.717,15495749.27,5103824.717,15495749.27,5100824.717,15492749.27,5100824.717,63515106.93,0,0,0,0,0,0,0,0,0,0,,0,,0,0,0,0,0,0,0,0,0,0,0,0,0,0
15492749.27,5100824.717,15495749.27,5100824.717,15495749.27,5097824.717,15492749.27,5097824.717,63515106.93,0,0,0,0,0,0,0,0,0,0,,0,,0,0,0,0,0,0,0,0,0,0,0,0,0,0
15492749.27,5097824.717,15495749.27,5097824.717,15495749.27,5094824.717,15492749.27,5094824.717,63515106.93,0,0,0,0,0,0,0,0,0,0,,0,,0,0,0,0,0,0,0,0,0,0,0,0,0,0
15492749.27,5094824.717,15495749.27,5094824.717,15495749.27,5091824.717,15492749.27,5091824.717,63515106.93,0,0,0,0,0,0,0,0,0,0,,0,,0,0,0,0,0,0,0,0,0,0,0,0,0,0
15492749.27,5091824.717,15495749.27,5091824.717,15495749.27,5088824.717,15492749.27,5088824.717,63515106.93,0,0,0,0,0,0,0,0,0,0,,0,,0,0,0,0,0,0,0,0,0,0,0,0,0,0
15492749.27,5088824.717,15495749.27,5088824.717,15495749.27,5085824.717,15492749.27,5085824.717,63515106.93,0,0,0,2894.656546,2894.656546,0,0,0,0,0.131921946,,4.56E-05,,4.56E-05,0,1,0,1,2894.656546,2894.656546,2894.656546,0,0,0,0,0,0
15492749.27,5085824.717,15495749.27,5085824.717,15495749.27,5082824.717,15492749.27,5082824.717,63515106.93,0,0,0,8582.82815,8582.82815,0,0,0,0,1.159801858,,0.00013513,,0.00013513,0,1,0,1,8582.82815,8582.82815,8582.82815,0,0,0,0,0,0
15492749.27,5082824.717,15495749.27,5082824.717,15495749.27,5079824.717,15492749.27,5079824.717,63515106.93,0,0,0,8550.000703,8550.000703,0,0,0,0,1.150946846,,0.000134614,,0.000134614,0,1,0,1,8550.000703,8550.000703,8550.000703,0,0,0,0,0,0
15492749.27,5079824.717,15495749.27,5079824.717,15495749.27,5076824.717,15492749.27,5076824.717,63515106.93,0,0,0,0,0,0,0,0,0,0,,0,,0,0,0,0,0,0,0,0,0,0,0,0,0,0
15492749.27,5076824.717,15495749.27,5076824.717,15495749.27,5073824.717,15492749.27,5073824.717,63515106.93,0,0,0,6987.419687,6987.419687,0,0,0,0,0.768699546,,0.000110012,,0.000110012,0,1,0,1,6987.419687,6987.419687,6987.419687,0,0,0,0,0,0
15492749.27,5073824.717,15495749.27,5073824.717,15495749.27,5070824.717,15492749.27,5070824.717,63515106.93,7.87E-09,7.87E-09,25942.44842,3976.620796,8994.603401,0,0,0,5.298035874,1.324508969,,0.000204223,,0.000204223,0.5,2,0.5,2,6485.612106,3976.620811,8994.603401,0,0,1,0,7.87E-09,31757553.47
15492749.27,5070824.717,15495749.27,5070824.717,15495749.27,5067824.717,15492749.27,5067824.717,63515106.93,7.87E-09,7.87E-09,40555.08418,4912.636527,8254.149692,0,0,0,12.9474304,2.157905067,,0.000319255,,0.000319255,0.5,3,0.5,3,6759.180697,4912.636521,8254.149692,0,0,1,0,7.87E-09,31757553.47
15492749.27,5067824.717,15495749.27,5067824.717,15495749.27,5064824.717,15492749.27,5064824.717,63515106.93,7.87E-09,7.87E-09,24250.94094,3441.929812,8683.540687,0,0,0,4.62967131,1.157417827,,0.000190907,,0.000190907,0.5,2,0.5,2,6062.735236,3441.929785,8683.540687,0,0,1,0,7.87E-09,31757553.47
15492749.27,5064824.717,15495749.27,5064824.717,15495749.27,5061824.717,15492749.27,5061824.717,63515106.93,0,0,0,3573.50338,7250.988122,0,0,0,0,0.922375966,,0.000170424,,0.000170424,0,2,0,2,5412.245751,3573.50338,7250.988122,0,0,0,0,0,0
15492749.27,5061824.717,15495749.27,5061824.717,15495749.27,5058824.717,15492749.27,5058824.717,63515106.93,0,0,0,9000.118303,9000.118303,0,0,0,0,1.275320682,,0.0001417,,0.0001417,0,1,0,1,9000.118303,9000.118303,9000.118303,0,0,0,0,0,0
15492749.27,5058824.717,15495749.27,5058824.717,15495749.27,5055824.717,15492749.27,5055824.717,63515106.93,0,0,0,8090.311765,8090.311765,0,0,0,0,1.030513,,0.000127376,,0.000127376,0,1,0,1,8090.311699,8090.311699,8090.311699,0,0,0,0,0,0
15492749.27,5055824.717,15495749.27,5055824.717,15495749.27,5052824.717,15492749.27,5052824.717,63515106.93,0,0,0,1428.505121,1428.505121,0,0,0,0,0.032128213,,2.25E-05,,2.25E-05,0,1,0,1,1428.505121,1428.505121,1428.505121,0,0,0,0,0,0
15492749.27,5052824.717,15495749.27,5052824.717,15495749.27,5049824.717,15492749.27,5049824.717,63515106.93,0,0,0,0,0,0,0,0,0,0,,0,,0,0,0,0,0,0,0,0,0,0,0,0,0,0
15492749.27,5049824.717,15495749.27,5049824.717,15495749.27,5046824.717,15492749.27,5046824.717,63515106.93,0,0,0,0,0,0,0,0,0,0,,0,,0,0,0,0,0,0,0,0,0,0,0,0,0,0
15492749.27,5046824.717,15495749.27,5046824.717,15495749.27,5043824.717,15492749.27,5043824.717,63515106.93,0,0,0,0,0,0,0,0,0,0,,0,,0,0,0,0,0,0,0,0,0,0,0,0,0,0
15492749.27,5043824.717,15495749.27,5043824.717,15495749.27,5040824.717,15492749.27,5040824.717,63515106.93,0,0,0,8145.591364,8145.591364,0,0,0,0,1.044643737,,0.000128247,,0.000128247,0,1,0,1,8145.591364,8145.591364,8145.591364,0,0,0,0,0,0
15492749.27,5040824.717,15495749.27,5040824.717,15495749.27,5037824.717,15492749.27,5037824.717,63515106.93,0,0,0,8766.204193,8766.204193,0,0,0,0,1.20989068,,0.000138018,,0.000138018,0,1,0,1,8766.204193,8766.204193,8766.204193,0,0,0,0,0,0
15492749.27,5037824.717,15495749.27,5037824.717,15495749.27,5034824.717,15492749.27,5034824.717,63515106.93,0,0,0,3630.730346,5534.785501,0,0,0,0,0.661312607,,0.000144305,,0.000144305,0,2,0,2,4582.757957,3630.730346,5534.785567,0,0,0,0,0,0
15492749.27,5034824.717,15495749.27,5034824.717,15495749.27,5031824.717,15492749.27,5031824.717,63515106.93,2.36E-08,7.87E-09,7357.992133,900.5277428,7840.237172,2,4,1.57E-08,1.278594594,0.958945945,,0.000173769,,0.000173769,1.5,3,0.5,2,5518.4941,2296.223258,8740.764941,0.666666667,2,3,1,3,1
15492749.27,5031824.717,15495749.27,5031824.717,15495749.27,5028824.717,15492749.27,5028824.717,63515106.93,2.36E-08,7.87E-09,9753.803351,2400.727285,6141.162916,2,4,1.57E-08,2.246788624,1.685091468,,0.00023035,,0.00023035,1.5,3,0.5,2,7315.352513,6141.162916,8489.54211,0.666666667,2,3,1,3,1
15492749.27,5028824.717,15495749.27,5028824.717,15495749.27,5025824.717,15492749.27,5025824.717,63515106.93,2.36E-08,7.87E-09,8251.706571,1846.424629,8368.045899,2,4,1.57E-08,1.608058255,1.206043691,,0.000194876,,0.000194876,1.5,3,0.5,2,6188.779928,4009.513957,8368.045899,0.666666667,2,3,1,3,1
15492749.27,5025824.717,15495749.27,5025824.717,15495749.27,5022824.717,15492749.27,5022824.717,63515106.93,0,0,0,6681.103684,6681.103684,0,0,0,0,0.702779993,,0.000105189,,0.000105189,0,1,0,1,6681.103684,6681.103684,6681.103684,0,0,0,0,0,0
15492749.27,5022824.717,15495749.27,5022824.717,15495749.27,5019824.717,15492749.27,5019824.717,63515106.93,0,0,0,0,0,0,0,0,0,0,,0,,0,0,0,0,0,0,0,0,0,0,0,0,0,0
15492749.27,5019824.717,15495749.27,5019824.717,15495749.27,5016824.717,15492749.27,5016824.717,63515106.93,0,0,0,0,0,0,0,0,0,0,,0,,0,0,0,0,0,0,0,0,0,0,0,0,0,0
15492749.27,5016824.717,15495749.27,5016824.717,15495749.27,5013824.717,15492749.27,5013824.717,63515106.93,0,0,0,0,0,0,0,0,0,0,,0,,0,0,0,0,0,0,0,0,0,0,0,0,0,0
15492749.27,5013824.717,15495749.27,5013824.717,15495749.27,5010824.717,15492749.27,5010824.717,63515106.93,0,0,0,0,0,0,0,0,0,0,,0,,0,0,0,0,0,0,0,0,0,0,0,0,0,0
15492749.27,5010824.717,15495749.27,5010824.717,15495749.27,5007824.717,15492749.27,5007824.717,63515106.93,0,0,0,0,0,0,0,0,0,0,,0,,0,0,0,0,0,0,0,0,0,0,0,0,0,0
15492749.27,5007824.717,15495749.27,5007824.717,15495749.27,5004824.717,15492749.27,5004824.717,63515106.93,0,0,0,0,0,0,0,0,0,0,,0,,0,0,0,0,0,0,0,0,0,0,0,0,0,0
15492749.27,5004824.717,15495749.27,5004824.717,15495749.27,5001824.717,15492749.27,5001824.717,63515106.93,0,0,0,0,0,0,0,0,0,0,,0,,0,0,0,0,0,0,0,0,0,0,0,0,0,0
15492749.27,5001824.717,15495749.27,5001824.717,15495749.27,4998824.717,15492749.27,4998824.717,63515106.93,0,0,0,0,0,0,0,0,0,0,,0,,0,0,0,0,0,0,0,0,0,0,0,0,0,0
15492749.27,4998824.717,15495749.27,4998824.717,15495749.27,4995824.717,15492749.27,4995824.717,63515106.93,0,0,0,0,0,0,0,0,0,0,,0,,0,0,0,0,0,0,0,0,0,0,0,0,0,0
15492749.27,4995824.717,15495749.27,4995824.717,15495749.27,4992824.717,15492749.27,4992824.717,63515106.93,0,0,0,0,0,0,0,0,0,0,,0,,0,0,0,0,0,0,0,0,0,0,0,0,0,0
15492749.27,4992824.717,15495749.27,4992824.717,15495749.27,4989824.717,15492749.27,4989824.717,63515106.93,0,0,0,5934.258727,5934.258727,0,0,0,0,0.554441744,,9.34E-05,,9.34E-05,0,1,0,1,5934.258727,5934.258727,5934.258727,0,0,0,0,0,0
15492749.27,4989824.717,15495749.27,4989824.717,15495749.27,4986824.717,15492749.27,4986824.717,63515106.93,0,0,0,9017.766704,9017.766704,0,0,0,0,1.280327158,,0.000141978,,0.000141978,0,1,0,1,9017.766704,9017.766704,9017.766704,0,0,0,0,0,0
15492749.27,4986824.717,15495749.27,4986824.717,15495749.27,4983824.717,15492749.27,4983824.717,63515106.93,0,0,0,7502.034435,7502.034435,0,0,0,0,0.886096606,,0.000118114,,0.000118114,0,1,0,1,7502.034435,7502.034435,7502.034435,0,0,0,0,0,0
15492749.27,4983824.717,15495749.27,4983824.717,15495749.27,4980824.717,15492749.27,4980824.717,63515106.93,0,0,0,0,0,0,0,0,0,0,,0,,0,0,0,0,0,0,0,0,0,0,0,0,0,0
15492749.27,4980824.717,15495749.27,4980824.717,15495749.27,4977824.717,15492749.27,4977824.717,63515106.93,0,0,0,0,0,0,0,0,0,0,,0,,0,0,0,0,0,0,0,0,0,0,0,0,0,0
15492749.27,4977824.717,15495749.27,4977824.717,15495749.27,4974824.717,15492749.27,4974824.717,63515106.93,0,0,0,0,0,0,0,0,0,0,,0,,0,0,0,0,0,0,0,0,0,0,0,0,0,0
15492749.27,4974824.717,15495749.27,4974824.717,15495749.27,4971824.717,15492749.27,4971824.717,63515106.93,7.87E-09,7.87E-09,11609.67679,5804.838397,5804.838397,0,0,0,1.061043599,0.530521799,,9.14E-05,,9.14E-05,0.5,1,0.5,1,5804.838397,5804.838397,5804.838397,0,0,1,0,7.87E-09,31757553.47
15492749.27,4971824.717,15495749.27,4971824.717,15495749.27,4968824.717,15492749.27,4968824.717,63515106.93,7.87E-09,7.87E-09,10130.38917,5065.194584,5065.194584,0,0,0,0.807876973,0.403938487,,7.97E-05,,7.97E-05,0.5,1,0.5,1,5065.194584,5065.194584,5065.194584,0,0,1,0,7.87E-09,31757553.47
15492749.27,4968824.717,15495749.27,4968824.717,15495749.27,4965824.717,15492749.27,4965824.717,63515106.93,7.87E-09,7.87E-09,5699.861292,2849.930646,2849.930646,0,0,0,0.255753476,0.127876738,,4.49E-05,,4.49E-05,0.5,1,0.5,1,2849.930646,2849.930646,2849.930646,0,0,1,0,7.87E-09,31757553.47
15492749.27,4965824.717,15495749.27,4965824.717,15495749.27,4962824.717,15492749.27,4962824.717,63515106.93,0,0,0,8059.713356,8059.713356,0,0,0,0,1.022732741,,0.000126894,,0.000126894,0,1,0,1,8059.713356,8059.713356,8059.713356,0,0,0,0,0,0
15492749.27,4962824.717,15495749.27,4962824.717,15495749.27,4959824.717,15492749.27,4959824.717,63515106.93,0,0,0,8852.56611,8852.56611,0,0,0,0,1.233847041,,0.000139377,,0.000139377,0,1,0,1,8852.56611,8852.56611,8852.56611,0,0,0,0,0,0
15492749.27,4959824.717,15495749.27,4959824.717,15495749.27,4956824.717,15492749.27,4956824.717,63515106.93,0,0,0,5333.464707,5333.464707,0,0,0,0,0.447859527,,8.40E-05,,8.40E-05,0,1,0,1,5333.464707,5333.464707,5333.464707,0,0,0,0,0,0
15492749.27,4956824.717,15495749.27,4956824.717,15495749.27,4953824.717,15492749.27,4953824.717,63515106.93,0,0,0,0,0,0,0,0,0,0,,0,,0,0,0,0,0,0,0,0,0,0,0,0,0,0
15492749.27,4953824.717,15495749.27,4953824.717,15495749.27,4950824.717,15492749.27,4950824.717,63515106.93,0,0,0,0,0,0,0,0,0,0,,0,,0,0,0,0,0,0,0,0,0,0,0,0,0,0
15492749.27,4950824.717,15495749.27,4950824.717,15495749.27,4947824.717,15492749.27,4947824.717,63515106.93,0,0,0,0,0,0,0,0,0,0,,0,,0,0,0,0,0,0,0,0,0,0,0,0,0,0
15492749.27,4947824.717,15495749.27,4947824.717,15495749.27,4944824.717,15492749.27,4944824.717,63515106.93,0,0,0,0,0,0,0,0,0,0,,0,,0,0,0,0,0,0,0,0,0,0,0,0,0,0
15492749.27,4944824.717,15495749.27,4944824.717,15495749.27,4941824.717,15492749.27,4941824.717,63515106.93,0,0,0,0,0,0,0,0,0,0,,0,,0,0,0,0,0,0,0,0,0,0,0,0,0,0
15495749.27,5124824.717,15498749.27,5124824.717,15498749.27,5121824.717,15495749.27,5121824.717,63515106.93,0,0,0,0,0,0,0,0,0,0,,0,,0,0,0,0,0,0,0,0,0,0,0,0,0,0
15495749.27,5121824.717,15498749.27,5121824.717,15498749.27,5118824.717,15495749.27,5118824.717,63515106.93,0,0,0,0,0,0,0,0,0,0,,0,,0,0,0,0,0,0,0,0,0,0,0,0,0,0
15495749.27,5118824.717,15498749.27,5118824.717,15498749.27,5115824.717,15495749.27,5115824.717,63515106.93,0,0,0,0,0,0,0,0,0,0,,0,,0,0,0,0,0,0,0,0,0,0,0,0,0,0
15495749.27,5115824.717,15498749.27,5115824.717,15498749.27,5112824.717,15495749.27,5112824.717,63515106.93,0,0,0,0,0,0,0,0,0,0,,0,,0,0,0,0,0,0,0,0,0,0,0,0,0,0
15495749.27,5112824.717,15498749.27,5112824.717,15498749.27,5109824.717,15495749.27,5109824.717,63515106.93,0,0,0,0,0,0,0,0,0,0,,0,,0,0,0,0,0,0,0,0,0,0,0,0,0,0
15495749.27,5109824.717,15498749.27,5109824.717,15498749.27,5106824.717,15495749.27,5106824.717,63515106.93,0,0,0,0,0,0,0,0,0,0,,0,,0,0,0,0,0,0,0,0,0,0,0,0,0,0
15495749.27,5106824.717,15498749.27,5106824.717,15498749.27,5103824.717,15495749.27,5103824.717,63515106.93,0,0,0,0,0,0,0,0,0,0,,0,,0,0,0,0,0,0,0,0,0,0,0,0,0,0
15495749.27,5103824.717,15498749.27,5103824.717,15498749.27,5100824.717,15495749.27,5100824.717,63515106.93,0,0,0,0,0,0,0,0,0,0,,0,,0,0,0,0,0,0,0,0,0,0,0,0,0,0
15495749.27,5100824.717,15498749.27,5100824.717,15498749.27,5097824.717,15495749.27,5097824.717,63515106.93,0,0,0,0,0,0,0,0,0,0,,0,,0,0,0,0,0,0,0,0,0,0,0,0,0,0
15495749.27,5097824.717,15498749.27,5097824.717,15498749.27,5094824.717,15495749.27,5094824.717,63515106.93,0,0,0,0,0,0,0,0,0,0,,0,,0,0,0,0,0,0,0,0,0,0,0,0,0,0
15495749.27,5094824.717,15498749.27,5094824.717,15498749.27,5091824.717,15495749.27,5091824.717,63515106.93,0,0,0,0,0,0,0,0,0,0,,0,,0,0,0,0,0,0,0,0,0,0,0,0,0,0
15495749.27,5091824.717,15498749.27,5091824.717,15498749.27,5088824.717,15495749.27,5088824.717,63515106.93,0,0,0,0,0,0,0,0,0,0,,0,,0,0,0,0,0,0,0,0,0,0,0,0,0,0
15495749.27,5088824.717,15498749.27,5088824.717,15498749.27,5085824.717,15495749.27,5085824.717,63515106.93,0,0,0,0,0,0,0,0,0,0,,0,,0,0,0,0,0,0,0,0,0,0,0,0,0,0
15495749.27,5085824.717,15498749.27,5085824.717,15498749.27,5082824.717,15495749.27,5082824.717,63515106.93,0,0,0,7832.551792,7832.551792,0,0,0,0,0.965894108,,0.000123318,,0.000123318,0,1,0,1,7832.551792,7832.551792,7832.551792,0,0,0,0,0,0
15495749.27,5082824.717,15498749.27,5082824.717,15498749.27,5079824.717,15495749.27,5079824.717,63515106.93,0,0,0,8993.871769,8993.871769,0,0,0,0,1.273551023,,0.000141602,,0.000141602,0,1,0,1,8993.871769,8993.871769,8993.871769,0,0,0,0,0,0
15495749.27,5079824.717,15498749.27,5079824.717,15498749.27,5076824.717,15495749.27,5076824.717,63515106.93,0,0,0,5086.772835,5086.772835,0,0,0,0,0.407387457,,8.01E-05,,8.01E-05,0,1,0,1,5086.772835,5086.772835,5086.772835,0,0,0,0,0,0
15495749.27,5076824.717,15498749.27,5076824.717,15498749.27,5073824.717,15495749.27,5073824.717,63515106.93,0,0,0,4331.063324,4331.063324,0,0,0,0,0.295333038,,6.82E-05,,6.82E-05,0,1,0,1,4331.063324,4331.063324,4331.063324,0,0,0,0,0,0
15495749.27,5073824.717,15498749.27,5073824.717,15498749.27,5070824.717,15495749.27,5070824.717,63515106.93,7.87E-09,7.87E-09,27493.20613,1199.227492,8702.963753,0,0,0,5.950366925,0.991727821,,0.00021643,,0.00021643,0.5,3,0.5,3,4582.201021,1199.227492,8702.963745,0,0,1,0,7.87E-09,31757553.47
15495749.27,5070824.717,15498749.27,5070824.717,15498749.27,5067824.717,15495749.27,5067824.717,63515106.93,3.15E-08,1.57E-08,9506.07612,6.793354542,8777.457283,1.5,2,1.57E-08,2.845479999,1.896986666,,0.000299333,,0.000299333,2,4,1,3,6337.38408,1870.941178,8777.457283,0.5,1,3.5,1,3.000000008,31757554.47
15495749.27,5067824.717,15498749.27,5067824.717,15498749.27,5064824.717,15495749.27,5064824.717,63515106.93,7.87E-09,7.87E-09,31348.12685,1335.814896,8194.622535,0,0,0,7.735994666,1.289332444,,0.000246777,,0.000246777,0.5,3,0.5,3,5224.687808,1335.814896,8194.622535,0,0,1,0,7.87E-09,31757553.47
15495749.27,5064824.717,15498749.27,5064824.717,15498749.27,5061824.717,15495749.27,5061824.717,63515106.93,0,0,0,8920.405717,8920.405717,0,0,0,0,1.252830106,,0.000140445,,0.000140445,0,1,0,1,8920.405717,8920.405717,8920.405717,0,0,0,0,0,0
15495749.27,5061824.717,15498749.27,5061824.717,15498749.27,5058824.717,15495749.27,5058824.717,63515106.93,0,0,0,8428.175547,8428.175547,0,0,0,0,1.118381854,,0.000132696,,0.000132696,0,1,0,1,8428.175547,8428.175547,8428.175547,0,0,0,0,0,0
15495749.27,5058824.717,15498749.27,5058824.717,15498749.27,5055824.717,15495749.27,5055824.717,63515106.93,0,0,0,4776.615394,4776.615394,0,0,0,0,0.359222486,,7.52E-05,,7.52E-05,0,1,0,1,4776.615394,4776.615394,4776.615394,0,0,0,0,0,0
15495749.27,5055824.717,15498749.27,5055824.717,15498749.27,5052824.717,15495749.27,5052824.717,63515106.93,0,0,0,0,0,0,0,0,0,0,,0,,0,0,0,0,0,0,0,0,0,0,0,0,0,0
15495749.27,5052824.717,15498749.27,5052824.717,15498749.27,5049824.717,15495749.27,5049824.717,63515106.93,0,0,0,0,0,0,0,0,0,0,,0,,0,0,0,0,0,0,0,0,0,0,0,0,0,0
15495749.27,5049824.717,15498749.27,5049824.717,15498749.27,5046824.717,15495749.27,5046824.717,63515106.93,0,0,0,0,0,0,0,0,0,0,,0,,0,0,0,0,0,0,0,0,0,0,0,0,0,0
15495749.27,5046824.717,15498749.27,5046824.717,15498749.27,5043824.717,15495749.27,5043824.717,63515106.93,0,0,0,1535.807494,1535.807494,0,0,0,0,0.03713612,,2.42E-05,,2.42E-05,0,1,0,1,1535.807494,1535.807494,1535.807494,0,0,0,0,0,0
15495749.27,5043824.717,15498749.27,5043824.717,15498749.27,5040824.717,15495749.27,5040824.717,63515106.93,0,0,0,8406.368228,8406.368228,0,0,0,0,1.112601871,,0.000132352,,0.000132352,0,1,0,1,8406.368228,8406.368228,8406.368228,0,0,0,0,0,0
15495749.27,5040824.717,15498749.27,5040824.717,15498749.27,5037824.717,15495749.27,5037824.717,63515106.93,0,0,0,8573.124674,8573.124674,0,0,0,0,1.15718087,,0.000134978,,0.000134978,0,1,0,1,8573.124674,8573.124674,8573.124674,0,0,0,0,0,0
15495749.27,5037824.717,15498749.27,5037824.717,15498749.27,5034824.717,15495749.27,5034824.717,63515106.93,0,0,0,0,0,0,0,0,0,0,,0,,0,0,0,0,0,0,0,0,0,0,0,0,0,0
15495749.27,5034824.717,15498749.27,5034824.717,15498749.27,5031824.717,15495749.27,5031824.717,63515106.93,2.36E-08,7.87E-09,6051.531455,1820.822487,4589.70977,2,4,1.57E-08,0.864858017,0.648643513,,0.000142916,,0.000142916,1.5,3,0.5,2,4538.648591,1820.822487,7256.474696,0.666666667,2,3,1,3,1
15495749.27,5031824.717,15498749.27,5031824.717,15498749.27,5028824.717,15495749.27,5028824.717,63515106.93,2.36E-08,7.87E-09,8779.10234,3818.224151,5169.990223,2,4,1.57E-08,1.820180465,1.365135348,,0.000207331,,0.000207331,1.5,3,0.5,2,6584.326755,4180.439136,8988.214374,0.666666667,2,3,1,3,1
15495749.27,5028824.717,15498749.27,5028824.717,15498749.27,5025824.717,15495749.27,5025824.717,63515106.93,2.36E-08,7.87E-09,8657.507589,1489.88273,6141.870483,2,4,1.57E-08,1.770108907,1.32758168,,0.000204459,,0.000204459,1.5,3,0.5,2,6493.130692,5354.508334,7631.75305,0.666666667,2,3,1,3,1
15495749.27,5025824.717,15498749.27,5025824.717,15498749.27,5022824.717,15495749.27,5022824.717,63515106.93,0,0,0,0,0,0,0,0,0,0,,0,,0,0,0,0,0,0,0,0,0,0,0,0,0,0
15495749.27,5022824.717,15498749.27,5022824.717,15498749.27,5019824.717,15495749.27,5019824.717,63515106.93,0,0,0,0,0,0,0,0,0,0,,0,,0,0,0,0,0,0,0,0,0,0,0,0,0,0
15495749.27,5019824.717,15498749.27,5019824.717,15498749.27,5016824.717,15495749.27,5016824.717,63515106.93,0,0,0,0,0,0,0,0,0,0,,0,,0,0,0,0,0,0,0,0,0,0,0,0,0,0
15495749.27,5016824.717,15498749.27,5016824.717,15498749.27,5013824.717,15495749.27,5013824.717,63515106.93,0,0,0,0,0,0,0,0,0,0,,0,,0,0,0,0,0,0,0,0,0,0,0,0,0,0
15495749.27,5013824.717,15498749.27,5013824.717,15498749.27,5010824.717,15495749.27,5010824.717,63515106.93,0,0,0,0,0,0,0,0,0,0,,0,,0,0,0,0,0,0,0,0,0,0,0,0,0,0
15495749.27,5010824.717,15498749.27,5010824.717,15498749.27,5007824.717,15495749.27,5007824.717,63515106.93,0,0,0,0,0,0,0,0,0,0,,0,,0,0,0,0,0,0,0,0,0,0,0,0,0,0
15495749.27,5007824.717,15498749.27,5007824.717,15498749.27,5004824.717,15495749.27,5004824.717,63515106.93,0,0,0,0,0,0,0,0,0,0,,0,,0,0,0,0,0,0,0,0,0,0,0,0,0,0
15495749.27,5004824.717,15498749.27,5004824.717,15498749.27,5001824.717,15495749.27,5001824.717,63515106.93,0,0,0,0,0,0,0,0,0,0,,0,,0,0,0,0,0,0,0,0,0,0,0,0,0,0
15495749.27,5001824.717,15498749.27,5001824.717,15498749.27,4998824.717,15495749.27,4998824.717,63515106.93,0,0,0,0,0,0,0,0,0,0,,0,,0,0,0,0,0,0,0,0,0,0,0,0,0,0
15495749.27,4998824.717,15498749.27,4998824.717,15498749.27,4995824.717,15495749.27,4995824.717,63515106.93,0,0,0,0,0,0,0,0,0,0,,0,,0,0,0,0,0,0,0,0,0,0,0,0,0,0
15495749.27,4995824.717,15498749.27,4995824.717,15498749.27,4992824.717,15495749.27,4992824.717,63515106.93,0,0,0,0,0,0,0,0,0,0,,0,,0,0,0,0,0,0,0,0,0,0,0,0,0,0
15495749.27,4992824.717,15498749.27,4992824.717,15498749.27,4989824.717,15495749.27,4989824.717,63515106.93,0,0,0,7616.416171,7616.416171,0,0,0,0,0.9133228,,0.000119915,,0.000119915,0,1,0,1,7616.416171,7616.416171,7616.416171,0,0,0,0,0,0
15495749.27,4989824.717,15498749.27,4989824.717,15498749.27,4986824.717,15495749.27,4986824.717,63515106.93,0,0,0,8970.728527,8970.728527,0,0,0,0,1.267005193,,0.000141238,,0.000141238,0,1,0,1,8970.728527,8970.728527,8970.728527,0,0,0,0,0,0
15495749.27,4986824.717,15498749.27,4986824.717,15498749.27,4983824.717,15495749.27,4983824.717,63515106.93,0,0,0,6249.596118,6249.596118,0,0,0,0,0.614931684,,9.84E-05,,9.84E-05,0,1,0,1,6249.596118,6249.596118,6249.596118,0,0,0,0,0,0
15495749.27,4983824.717,15498749.27,4983824.717,15498749.27,4980824.717,15495749.27,4980824.717,63515106.93,0,0,0,0,0,0,0,0,0,0,,0,,0,0,0,0,0,0,0,0,0,0,0,0,0,0
15495749.27,4980824.717,15498749.27,4980824.717,15498749.27,4977824.717,15495749.27,4977824.717,63515106.93,0,0,0,0,0,0,0,0,0,0,,0,,0,0,0,0,0,0,0,0,0,0,0,0,0,0
15495749.27,4977824.717,15498749.27,4977824.717,15498749.27,4974824.717,15495749.27,4974824.717,63515106.93,0,0,0,0,0,0,0,0,0,0,,0,,0,0,0,0,0,0,0,0,0,0,0,0,0,0
15495749.27,4974824.717,15498749.27,4974824.717,15498749.27,4971824.717,15495749.27,4971824.717,63515106.93,0,0,0,0,0,0,0,0,0,0,,0,,0,0,0,0,0,0,0,0,0,0,0,0,0,0
15495749.27,4971824.717,15498749.27,4971824.717,15498749.27,4968824.717,15495749.27,4968824.717,63515106.93,7.87E-09,7.87E-09,4210.361358,2105.180679,2105.180679,0,0,0,0.139550602,0.069775301,,3.31E-05,,3.31E-05,0.5,1,0.5,1,2105.180679,2105.180679,2105.180679,0,0,1,0,7.87E-09,31757553.47
15495749.27,4968824.717,15498749.27,4968824.717,15498749.27,4965824.717,15495749.27,4965824.717,63515106.93,7.87E-09,7.87E-09,1784.238744,892.1193719,892.1193719,0,0,0,0.025061029,0.012530515,,1.40E-05,,1.40E-05,0.5,1,0.5,1,892.1193719,892.1193719,892.1193719,0,0,1,0,7.87E-09,31757553.47
15495749.27,4965824.717,15498749.27,4965824.717,15498749.27,4962824.717,15495749.27,4962824.717,63515106.93,0,0,0,6565.509929,6565.509929,0,0,0,0,0.678671937,,0.000103369,,0.000103369,0,1,0,1,6565.509929,6565.509929,6565.509929,0,0,0,0,0,0
15495749.27,4962824.717,15498749.27,4962824.717,15498749.27,4959824.717,15495749.27,4959824.717,63515106.93,0,0,0,8972.969265,8972.969265,0,0,0,0,1.267638225,,0.000141273,,0.000141273,0,1,0,1,8972.969265,8972.969265,8972.969265,0,0,0,0,0,0
15495749.27,4959824.717,15498749.27,4959824.717,15498749.27,4956824.717,15495749.27,4956824.717,63515106.93,0,0,0,7460.462894,7460.462894,0,0,0,0,0.876303438,,0.00011746,,0.00011746,0,1,0,1,7460.462894,7460.462894,7460.462894,0,0,0,0,0,0
15495749.27,4956824.717,15498749.27,4956824.717,15498749.27,4953824.717,15495749.27,4953824.717,63515106.93,0,0,0,0,0,0,0,0,0,0,,0,,0,0,0,0,0,0,0,0,0,0,0,0,0,0
15495749.27,4953824.717,15498749.27,4953824.717,15498749.27,4950824.717,15495749.27,4950824.717,63515106.93,0,0,0,0,0,0,0,0,0,0,,0,,0,0,0,0,0,0,0,0,0,0,0,0,0,0
15495749.27,4950824.717,15498749.27,4950824.717,15498749.27,4947824.717,15495749.27,4947824.717,63515106.93,0,0,0,0,0,0,0,0,0,0,,0,,0,0,0,0,0,0,0,0,0,0,0,0,0,0
15495749.27,4947824.717,15498749.27,4947824.717,15498749.27,4944824.717,15495749.27,4944824.717,63515106.93,0,0,0,0,0,0,0,0,0,0,,0,,0,0,0,0,0,0,0,0,0,0,0,0,0,0
15495749.27,4944824.717,15498749.27,4944824.717,15498749.27,4941824.717,15495749.27,4941824.717,63515106.93,0,0,0,0,0,0,0,0,0,0,,0,,0,0,0,0,0,0,0,0,0,0,0,0,0,0
15498749.27,5124824.717,15501749.27,5124824.717,15501749.27,5121824.717,15498749.27,5121824.717,63515106.93,0,0,0,0,0,0,0,0,0,0,,0,,0,0,0,0,0,0,0,0,0,0,0,0,0,0
15498749.27,5121824.717,15501749.27,5121824.717,15501749.27,5118824.717,15498749.27,5118824.717,63515106.93,0,0,0,0,0,0,0,0,0,0,,0,,0,0,0,0,0,0,0,0,0,0,0,0,0,0
15498749.27,5118824.717,15501749.27,5118824.717,15501749.27,5115824.717,15498749.27,5115824.717,63515106.93,0,0,0,0,0,0,0,0,0,0,,0,,0,0,0,0,0,0,0,0,0,0,0,0,0,0
15498749.27,5115824.717,15501749.27,5115824.717,15501749.27,5112824.717,15498749.27,5112824.717,63515106.93,0,0,0,0,0,0,0,0,0,0,,0,,0,0,0,0,0,0,0,0,0,0,0,0,0,0
15498749.27,5112824.717,15501749.27,5112824.717,15501749.27,5109824.717,15498749.27,5109824.717,63515106.93,0,0,0,0,0,0,0,0,0,0,,0,,0,0,0,0,0,0,0,0,0,0,0,0,0,0
15498749.27,5109824.717,15501749.27,5109824.717,15501749.27,5106824.717,15498749.27,5106824.717,63515106.93,0,0,0,0,0,0,0,0,0,0,,0,,0,0,0,0,0,0,0,0,0,0,0,0,0,0
15498749.27,5106824.717,15501749.27,5106824.717,15501749.27,5103824.717,15498749.27,5103824.717,63515106.93,0,0,0,0,0,0,0,0,0,0,,0,,0,0,0,0,0,0,0,0,0,0,0,0,0,0
15498749.27,5103824.717,15501749.27,5103824.717,15501749.27,5100824.717,15498749.27,5100824.717,63515106.93,0,0,0,0,0,0,0,0,0,0,,0,,0,0,0,0,0,0,0,0,0,0,0,0,0,0
15498749.27,5100824.717,15501749.27,5100824.717,15501749.27,5097824.717,15498749.27,5097824.717,63515106.93,0,0,0,0,0,0,0,0,0,0,,0,,0,0,0,0,0,0,0,0,0,0,0,0,0,0
15498749.27,5097824.717,15501749.27,5097824.717,15501749.27,5094824.717,15498749.27,5094824.717,63515106.93,0,0,0,0,0,0,0,0,0,0,,0,,0,0,0,0,0,0,0,0,0,0,0,0,0,0
15498749.27,5094824.717,15501749.27,5094824.717,15501749.27,5091824.717,15498749.27,5091824.717,63515106.93,0,0,0,0,0,0,0,0,0,0,,0,,0,0,0,0,0,0,0,0,0,0,0,0,0,0
15498749.27,5091824.717,15501749.27,5091824.717,15501749.27,5088824.717,15498749.27,5088824.717,63515106.93,0,0,0,0,0,0,0,0,0,0,,0,,0,0,0,0,0,0,0,0,0,0,0,0,0,0
15498749.27,5088824.717,15501749.27,5088824.717,15501749.27,5085824.717,15498749.27,5085824.717,63515106.93,0,0,0,0,0,0,0,0,0,0,,0,,0,0,0,0,0,0,0,0,0,0,0,0,0,0
15498749.27,5085824.717,15501749.27,5085824.717,15501749.27,5082824.717,15498749.27,5082824.717,63515106.93,7.87E-09,7.87E-09,13286.88818,6643.444089,6643.444089,0,0,0,1.389759114,0.694879557,,0.000104596,,0.000104596,0.5,1,0.5,1,6643.444089,6643.444089,6643.444089,0,0,1,0,7.87E-09,31757553.47
15498749.27,5082824.717,15501749.27,5082824.717,15501749.27,5079824.717,15498749.27,5079824.717,63515106.93,7.87E-09,7.87E-09,13406.26572,6703.132859,6703.132859,0,0,0,1.414844193,0.707422097,,0.000105536,,0.000105536,0.5,1,0.5,1,6703.132859,6703.132859,6703.132859,0,0,1,0,7.87E-09,31757553.47
15498749.27,5079824.717,15501749.27,5079824.717,15501749.27,5076824.717,15498749.27,5076824.717,63515106.93,7.87E-09,7.87E-09,9371.344783,4685.672392,4685.672392,0,0,0,0.691348148,0.345674074,,7.38E-05,,7.38E-05,0.5,1,0.5,1,4685.672392,4685.672392,4685.672392,0,0,1,0,7.87E-09,31757553.47
15498749.27,5076824.717,15501749.27,5076824.717,15501749.27,5073824.717,15498749.27,5073824.717,63515106.93,0,0,0,0,0,0,0,0,0,0,,0,,0,0,0,0,0,0,0,0,0,0,0,0,0,0
15498749.27,5073824.717,15501749.27,5073824.717,15501749.27,5070824.717,15498749.27,5070824.717,63515106.93,2.36E-08,7.87E-09,7685.519959,1429.625945,6359.449373,2,4,1.57E-08,1.394956725,1.046217544,,0.000181505,,0.000181505,1.5,3,0.5,2,5764.139969,3739.204713,7789.075226,0.666666667,2,3,1,3,1
15498749.27,5070824.717,15501749.27,5070824.717,15501749.27,5067824.717,15498749.27,5067824.717,63515106.93,3.15E-08,1.57E-08,8332.800538,1782.709938,5955.675523,1.5,2,1.57E-08,2.186426762,1.457617841,,0.000262388,,0.000262388,2,4,1,3,5555.200358,1782.709938,8927.215614,0.5,1,3.5,1,3.000000008,31757554.47
15498749.27,5067824.717,15501749.27,5067824.717,15501749.27,5064824.717,15498749.27,5064824.717,63515106.93,3.15E-08,1.57E-08,8424.505833,2714.588745,5871.481404,1.5,2,1.57E-08,2.234816312,1.489877542,,0.000265276,,0.000265276,2,4,1,3,5616.337222,4980.727389,5996.802873,0.5,1,3.5,1,3.000000008,31757554.47
15498749.27,5064824.717,15501749.27,5064824.717,15501749.27,5061824.717,15498749.27,5061824.717,63515106.93,7.87E-09,7.87E-09,13896.70484,6948.352422,6948.352422,0,0,0,1.520255691,0.760127845,,0.000109397,,0.000109397,0.5,1,0.5,1,6948.352422,6948.352422,6948.352422,0,0,1,0,7.87E-09,31757553.47
15498749.27,5061824.717,15501749.27,5061824.717,15501749.27,5058824.717,15498749.27,5058824.717,63515106.93,0,0,0,5729.885503,5729.885503,0,0,0,0,0.516909905,,9.02E-05,,9.02E-05,0,1,0,1,5729.885503,5729.885503,5729.885503,0,0,0,0,0,0
15498749.27,5058824.717,15501749.27,5058824.717,15501749.27,5055824.717,15498749.27,5055824.717,63515106.93,0,0,0,0,0,0,0,0,0,0,,0,,0,0,0,0,0,0,0,0,0,0,0,0,0,0
15498749.27,5055824.717,15501749.27,5055824.717,15501749.27,5052824.717,15498749.27,5052824.717,63515106.93,0,0,0,0,0,0,0,0,0,0,,0,,0,0,0,0,0,0,0,0,0,0,0,0,0,0
15498749.27,5052824.717,15501749.27,5052824.717,15501749.27,5049824.717,15498749.27,5049824.717,63515106.93,0,0,0,0,0,0,0,0,0,0,,0,,0,0,0,0,0,0,0,0,0,0,0,0,0,0
15498749.27,5049824.717,15501749.27,5049824.717,15501749.27,5046824.717,15498749.27,5046824.717,63515106.93,0,0,0,0,0,0,0,0,0,0,,0,,0,0,0,0,0,0,0,0,0,0,0,0,0,0
15498749.27,5046824.717,15501749.27,5046824.717,15501749.27,5043824.717,15498749.27,5043824.717,63515106.93,0,0,0,2839.289644,2839.289644,0,0,0,0,0.126923595,,4.47E-05,,4.47E-05,0,1,0,1,2839.289644,2839.289644,2839.289644,0,0,0,0,0,0
15498749.27,5043824.717,15501749.27,5043824.717,15501749.27,5040824.717,15498749.27,5040824.717,63515106.93,7.87E-09,7.87E-09,16736.63606,8368.318031,8368.318031,0,0,0,2.205105212,1.102552606,,0.000131753,,0.000131753,0.5,1,0.5,1,8368.318031,8368.318031,8368.318031,0,0,1,0,7.87E-09,31757553.47
15498749.27,5040824.717,15501749.27,5040824.717,15501749.27,5037824.717,15498749.27,5037824.717,63515106.93,0,0,0,8358.825179,8358.825179,0,0,0,0,1.100052598,,0.000131604,,0.000131604,0,1,0,1,8358.825179,8358.825179,8358.825179,0,0,0,0,0,0
15498749.27,5037824.717,15501749.27,5037824.717,15501749.27,5034824.717,15498749.27,5034824.717,63515106.93,0,0,0,0,0,0,0,0,0,0,,0,,0,0,0,0,0,0,0,0,0,0,0,0,0,0
15498749.27,5034824.717,15501749.27,5034824.717,15501749.27,5031824.717,15498749.27,5031824.717,63515106.93,0,0,0,2691.278005,2691.278005,0,0,0,0,0.114035692,,4.24E-05,,4.24E-05,0,1,0,1,2691.280215,2691.280215,2691.280215,0,0,0,0,0,0
15498749.27,5031824.717,15501749.27,5031824.717,15501749.27,5028824.717,15498749.27,5028824.717,63515106.93,2.36E-08,7.87E-09,6295.856976,947.2636243,7306.92885,2,4,1.57E-08,0.936103637,0.702077728,,0.000148686,,0.000148686,1.5,3,0.5,2,4721.892732,1189.592789,8254.192676,0.666666667,2,3,1,3,1
15498749.27,5028824.717,15501749.27,5028824.717,15501749.27,5025824.717,15498749.27,5025824.717,63515106.93,7.87E-09,7.87E-09,16446.21896,8223.109542,8223.109542,0,0,0,2.129242405,1.064621203,,0.000129467,,0.000129467,0.5,1,0.5,1,8223.10948,8223.10948,8223.10948,0,0,1,0,7.87E-09,31757553.47
15498749.27,5025824.717,15501749.27,5025824.717,15501749.27,5022824.717,15498749.27,5022824.717,63515106.93,7.87E-09,7.87E-09,10501.85863,5250.929316,5250.929316,0,0,0,0.868211045,0.434105522,,8.27E-05,,8.27E-05,0.5,1,0.5,1,5250.929316,5250.929316,5250.929316,0,0,1,0,7.87E-09,31757553.47
15498749.27,5022824.717,15501749.27,5022824.717,15501749.27,5019824.717,15498749.27,5019824.717,63515106.93,0,0,0,0,0,0,0,0,0,0,,0,,0,0,0,0,0,0,0,0,0,0,0,0,0,0
15498749.27,5019824.717,15501749.27,5019824.717,15501749.27,5016824.717,15498749.27,5016824.717,63515106.93,0,0,0,0,0,0,0,0,0,0,,0,,0,0,0,0,0,0,0,0,0,0,0,0,0,0
15498749.27,5016824.717,15501749.27,5016824.717,15501749.27,5013824.717,15498749.27,5013824.717,63515106.93,0,0,0,0,0,0,0,0,0,0,,0,,0,0,0,0,0,0,0,0,0,0,0,0,0,0
15498749.27,5013824.717,15501749.27,5013824.717,15501749.27,5010824.717,15498749.27,5010824.717,63515106.93,0,0,0,0,0,0,0,0,0,0,,0,,0,0,0,0,0,0,0,0,0,0,0,0,0,0
15498749.27,5010824.717,15501749.27,5010824.717,15501749.27,5007824.717,15498749.27,5007824.717,63515106.93,0,0,0,0,0,0,0,0,0,0,,0,,0,0,0,0,0,0,0,0,0,0,0,0,0,0
15498749.27,5007824.717,15501749.27,5007824.717,15501749.27,5004824.717,15498749.27,5004824.717,63515106.93,0,0,0,0,0,0,0,0,0,0,,0,,0,0,0,0,0,0,0,0,0,0,0,0,0,0
15498749.27,5004824.717,15501749.27,5004824.717,15501749.27,5001824.717,15498749.27,5001824.717,63515106.93,0,0,0,0,0,0,0,0,0,0,,0,,0,0,0,0,0,0,0,0,0,0,0,0,0,0
15498749.27,5001824.717,15501749.27,5001824.717,15501749.27,4998824.717,15498749.27,4998824.717,63515106.93,0,0,0,0,0,0,0,0,0,0,,0,,0,0,0,0,0,0,0,0,0,0,0,0,0,0
15498749.27,4998824.717,15501749.27,4998824.717,15501749.27,4995824.717,15498749.27,4995824.717,63515106.93,0,0,0,0,0,0,0,0,0,0,,0,,0,0,0,0,0,0,0,0,0,0,0,0,0,0
15498749.27,4995824.717,15501749.27,4995824.717,15501749.27,4992824.717,15498749.27,4992824.717,63515106.93,7.87E-09,7.87E-09,6929.941134,3464.970567,3464.970567,0,0,0,0.378052454,0.189026227,,5.46E-05,,5.46E-05,0.5,1,0.5,1,3464.970567,3464.970567,3464.970567,0,0,1,0,7.87E-09,31757553.47
15498749.27,4992824.717,15501749.27,4992824.717,15501749.27,4989824.717,15498749.27,4989824.717,63515106.93,7.87E-09,7.87E-09,14241.34247,7120.671233,7120.671233,0,0,0,1.596595244,0.798297622,,0.00011211,,0.00011211,0.5,1,0.5,1,7120.671233,7120.671233,7120.671233,0,0,1,0,7.87E-09,31757553.47
15498749.27,4989824.717,15501749.27,4989824.717,15501749.27,4986824.717,15498749.27,4986824.717,63515106.93,7.87E-09,7.87E-09,16498.95567,8249.477834,8249.477834,0,0,0,2.142919624,1.071459812,,0.000129882,,0.000129882,0.5,1,0.5,1,8249.477834,8249.477834,8249.477834,0,0,1,0,7.87E-09,31757553.47
15498749.27,4986824.717,15501749.27,4986824.717,15501749.27,4983824.717,15498749.27,4983824.717,63515106.93,0,0,0,3435.269795,3435.269795,0,0,0,0,0.185799554,,5.41E-05,,5.41E-05,0,1,0,1,3435.269795,3435.269795,3435.269795,0,0,0,0,0,0
15498749.27,4983824.717,15501749.27,4983824.717,15501749.27,4980824.717,15498749.27,4980824.717,63515106.93,0,0,0,0,0,0,0,0,0,0,,0,,0,0,0,0,0,0,0,0,0,0,0,0,0,0
15498749.27,4980824.717,15501749.27,4980824.717,15501749.27,4977824.717,15498749.27,4977824.717,63515106.93,0,0,0,0,0,0,0,0,0,0,,0,,0,0,0,0,0,0,0,0,0,0,0,0,0,0
15498749.27,4977824.717,15501749.27,4977824.717,15501749.27,4974824.717,15498749.27,4974824.717,63515106.93,0,0,0,0,0,0,0,0,0,0,,0,,0,0,0,0,0,0,0,0,0,0,0,0,0,0
15498749.27,4974824.717,15501749.27,4974824.717,15501749.27,4971824.717,15498749.27,4971824.717,63515106.93,0,0,0,0,0,0,0,0,0,0,,0,,0,0,0,0,0,0,0,0,0,0,0,0,0,0
15498749.27,4971824.717,15501749.27,4971824.717,15501749.27,4968824.717,15498749.27,4968824.717,63515106.93,0,0,0,0,0,0,0,0,0,0,,0,,0,0,0,0,0,0,0,0,0,0,0,0,0,0
15498749.27,4968824.717,15501749.27,4968824.717,15501749.27,4965824.717,15498749.27,4965824.717,63515106.93,0,0,0,0,0,0,0,0,0,0,,0,,0,0,0,0,0,0,0,0,0,0,0,0,0,0
15498749.27,4965824.717,15501749.27,4965824.717,15501749.27,4962824.717,15498749.27,4962824.717,63515106.93,0,0,0,3315.055295,3315.055295,0,0,0,0,0.173023272,,5.22E-05,,5.22E-05,0,1,0,1,3315.055295,3315.055295,3315.055295,0,0,0,0,0,0
15498749.27,4962824.717,15501749.27,4962824.717,15501749.27,4959824.717,15498749.27,4959824.717,63515106.93,7.87E-09,7.87E-09,16733.49407,8366.747033,8366.747033,0,0,0,2.204277354,1.102138677,,0.000131728,,0.000131728,0.5,1,0.5,1,8366.747033,8366.747033,8366.747033,0,0,1,0,7.87E-09,31757553.47
15498749.27,4959824.717,15501749.27,4959824.717,15501749.27,4956824.717,15498749.27,4956824.717,63515106.93,7.87E-09,7.87E-09,14494.37145,7247.185724,7247.185724,0,0,0,1.653833346,0.826916673,,0.000114102,,0.000114102,0.5,1,0.5,1,7247.185724,7247.185724,7247.185724,0,0,1,0,7.87E-09,31757553.47
15498749.27,4956824.717,15501749.27,4956824.717,15501749.27,4953824.717,15498749.27,4953824.717,63515106.93,0,0,0,3378.450168,3378.450168,0,0,0,0,0.179704106,,5.32E-05,,5.32E-05,0,1,0,1,3378.450168,3378.450168,3378.450168,0,0,0,0,0,0
15498749.27,4953824.717,15501749.27,4953824.717,15501749.27,4950824.717,15498749.27,4950824.717,63515106.93,0,0,0,0,0,0,0,0,0,0,,0,,0,0,0,0,0,0,0,0,0,0,0,0,0,0
15498749.27,4950824.717,15501749.27,4950824.717,15501749.27,4947824.717,15498749.27,4947824.717,63515106.93,0,0,0,0,0,0,0,0,0,0,,0,,0,0,0,0,0,0,0,0,0,0,0,0,0,0
15498749.27,4947824.717,15501749.27,4947824.717,15501749.27,4944824.717,15498749.27,4944824.717,63515106.93,0,0,0,0,0,0,0,0,0,0,,0,,0,0,0,0,0,0,0,0,0,0,0,0,0,0
15498749.27,4944824.717,15501749.27,4944824.717,15501749.27,4941824.717,15498749.27,4941824.717,63515106.93,0,0,0,0,0,0,0,0,0,0,,0,,0,0,0,0,0,0,0,0,0,0,0,0,0,0
15501749.27,5124824.717,15504749.27,5124824.717,15504749.27,5121824.717,15501749.27,5121824.717,63515106.93,0,0,0,0,0,0,0,0,0,0,,0,,0,0,0,0,0,0,0,0,0,0,0,0,0,0
15501749.27,5121824.717,15504749.27,5121824.717,15504749.27,5118824.717,15501749.27,5118824.717,63515106.93,0,0,0,0,0,0,0,0,0,0,,0,,0,0,0,0,0,0,0,0,0,0,0,0,0,0
15501749.27,5118824.717,15504749.27,5118824.717,15504749.27,5115824.717,15501749.27,5115824.717,63515106.93,0,0,0,0,0,0,0,0,0,0,,0,,0,0,0,0,0,0,0,0,0,0,0,0,0,0
15501749.27,5115824.717,15504749.27,5115824.717,15504749.27,5112824.717,15501749.27,5112824.717,63515106.93,0,0,0,0,0,0,0,0,0,0,,0,,0,0,0,0,0,0,0,0,0,0,0,0,0,0
15501749.27,5112824.717,15504749.27,5112824.717,15504749.27,5109824.717,15501749.27,5109824.717,63515106.93,0,0,0,0,0,0,0,0,0,0,,0,,0,0,0,0,0,0,0,0,0,0,0,0,0,0
15501749.27,5109824.717,15504749.27,5109824.717,15504749.27,5106824.717,15501749.27,5106824.717,63515106.93,0,0,0,0,0,0,0,0,0,0,,0,,0,0,0,0,0,0,0,0,0,0,0,0,0,0
15501749.27,5106824.717,15504749.27,5106824.717,15504749.27,5103824.717,15501749.27,5103824.717,63515106.93,0,0,0,0,0,0,0,0,0,0,,0,,0,0,0,0,0,0,0,0,0,0,0,0,0,0
15501749.27,5103824.717,15504749.27,5103824.717,15504749.27,5100824.717,15501749.27,5100824.717,63515106.93,0,0,0,0,0,0,0,0,0,0,,0,,0,0,0,0,0,0,0,0,0,0,0,0,0,0
15501749.27,5100824.717,15504749.27,5100824.717,15504749.27,5097824.717,15501749.27,5097824.717,63515106.93,0,0,0,0,0,0,0,0,0,0,,0,,0,0,0,0,0,0,0,0,0,0,0,0,0,0
15501749.27,5097824.717,15504749.27,5097824.717,15504749.27,5094824.717,15501749.27,5094824.717,63515106.93,0,0,0,0,0,0,0,0,0,0,,0,,0,0,0,0,0,0,0,0,0,0,0,0,0,0
15501749.27,5094824.717,15504749.27,5094824.717,15504749.27,5091824.717,15501749.27,5091824.717,63515106.93,0,0,0,0,0,0,0,0,0,0,,0,,0,0,0,0,0,0,0,0,0,0,0,0,0,0
15501749.27,5091824.717,15504749.27,5091824.717,15504749.27,5088824.717,15501749.27,5088824.717,63515106.93,0,0,0,0,0,0,0,0,0,0,,0,,0,0,0,0,0,0,0,0,0,0,0,0,0,0
15501749.27,5088824.717,15504749.27,5088824.717,15504749.27,5085824.717,15501749.27,5085824.717,63515106.93,0,0,0,0,0,0,0,0,0,0,,0,,0,0,0,0,0,0,0,0,0,0,0,0,0,0
15501749.27,5085824.717,15504749.27,5085824.717,15504749.27,5082824.717,15501749.27,5082824.717,63515106.93,7.87E-09,7.87E-09,4865.069437,2432.534718,2432.534718,0,0,0,0.186324969,0.093162484,,3.83E-05,,3.83E-05,0.5,1,0.5,1,2432.534718,2432.534718,2432.534718,0,0,1,0,7.87E-09,31757553.47
15501749.27,5082824.717,15504749.27,5082824.717,15504749.27,5079824.717,15501749.27,5079824.717,63515106.93,7.87E-09,7.87E-09,7459.061895,3729.530948,3729.530948,0,0,0,0.437987174,0.218993587,,5.87E-05,,5.87E-05,0.5,1,0.5,1,3729.530948,3729.530948,3729.530948,0,0,1,0,7.87E-09,31757553.47
15501749.27,5079824.717,15504749.27,5079824.717,15504749.27,5076824.717,15501749.27,5076824.717,63515106.93,7.87E-09,7.87E-09,5053.00622,2526.50311,2526.50311,0,0,0,0.200998417,0.100499208,,3.98E-05,,3.98E-05,0.5,1,0.5,1,2526.50311,2526.50311,2526.50311,0,0,1,0,7.87E-09,31757553.47
15501749.27,5076824.717,15504749.27,5076824.717,15504749.27,5073824.717,15501749.27,5073824.717,63515106.93,0,0,0,0,0,0,0,0,0,0,,0,,0,0,0,0,0,0,0,0,0,0,0,0,0,0
15501749.27,5073824.717,15504749.27,5073824.717,15504749.27,5070824.717,15501749.27,5070824.717,63515106.93,2.36E-08,7.87E-09,5004.215203,1453.628408,3346.965121,2,4,1.57E-08,0.59140662,0.443554965,,0.000118182,,0.000118182,1.5,3,0.5,2,3753.161403,1453.628408,6052.694397,0.666666667,2,3,1,3,1
15501749.27,5070824.717,15504749.27,5070824.717,15504749.27,5067824.717,15501749.27,5067824.717,63515106.93,3.15E-08,1.57E-08,5129.072078,730.5348463,3430.770056,1.5,2,1.57E-08,0.828381834,0.552254556,,0.000161507,,0.000161507,2,4,1,3,3419.381385,730.5348463,6480.483673,0.5,1,3.5,1,3.000000008,31757554.47
15501749.27,5067824.717,15504749.27,5067824.717,15504749.27,5064824.717,15501749.27,5064824.717,63515106.93,3.15E-08,1.57E-08,5039.730975,1373.139991,3430.770056,1.5,2,1.57E-08,0.799774716,0.533183144,,0.000158694,,0.000158694,2,4,1,3,3359.82065,2514.907791,4803.910047,0.5,1,3.5,1,3.000000008,31757554.47
15501749.27,5064824.717,15504749.27,5064824.717,15504749.27,5061824.717,15501749.27,5061824.717,63515106.93,7.87E-09,7.87E-09,7048.752465,3524.376232,3524.376232,0,0,0,0.391126723,0.195563362,,5.55E-05,,5.55E-05,0.5,1,0.5,1,3524.376232,3524.376232,3524.376232,0,0,1,0,7.87E-09,31757553.47
15501749.27,5061824.717,15504749.27,5061824.717,15504749.27,5058824.717,15501749.27,5058824.717,63515106.93,0,0,0,0,0,0,0,0,0,0,,0,,0,0,0,0,0,0,0,0,0,0,0,0,0,0
15501749.27,5058824.717,15504749.27,5058824.717,15504749.27,5055824.717,15501749.27,5055824.717,63515106.93,0,0,0,0,0,0,0,0,0,0,,0,,0,0,0,0,0,0,0,0,0,0,0,0,0,0
15501749.27,5055824.717,15504749.27,5055824.717,15504749.27,5052824.717,15501749.27,5052824.717,63515106.93,0,0,0,0,0,0,0,0,0,0,,0,,0,0,0,0,0,0,0,0,0,0,0,0,0,0
15501749.27,5052824.717,15504749.27,5052824.717,15504749.27,5049824.717,15501749.27,5049824.717,63515106.93,0,0,0,0,0,0,0,0,0,0,,0,,0,0,0,0,0,0,0,0,0,0,0,0,0,0
15501749.27,5049824.717,15504749.27,5049824.717,15504749.27,5046824.717,15501749.27,5046824.717,63515106.93,0,0,0,0,0,0,0,0,0,0,,0,,0,0,0,0,0,0,0,0,0,0,0,0,0,0
15501749.27,5046824.717,15504749.27,5046824.717,15504749.27,5043824.717,15501749.27,5043824.717,63515106.93,7.87E-09,7.87E-09,5466.257003,2733.128501,2733.128501,0,0,0,0.23521936,0.11760968,,4.30E-05,,4.30E-05,0.5,1,0.5,1,2733.128501,2733.128501,2733.128501,0,0,1,0,7.87E-09,31757553.47
15501749.27,5043824.717,15504749.27,5043824.717,15504749.27,5040824.717,15501749.27,5040824.717,63515106.93,7.87E-09,7.87E-09,10892.13507,5446.067534,5446.067534,0,0,0,0.933940066,0.466970033,,8.57E-05,,8.57E-05,0.5,1,0.5,1,5446.067534,5446.067534,5446.067534,0,0,1,0,7.87E-09,31757553.47
15501749.27,5040824.717,15504749.27,5040824.717,15504749.27,5037824.717,15501749.27,5037824.717,63515106.93,7.87E-09,7.87E-09,10645.29213,5322.646066,5322.646066,0,0,0,0.892088906,0.446044453,,8.38E-05,,8.38E-05,0.5,1,0.5,1,5322.646066,5322.646066,5322.646066,0,0,1,0,7.87E-09,31757553.47
15501749.27,5037824.717,15504749.27,5037824.717,15504749.27,5034824.717,15501749.27,5034824.717,63515106.93,0,0,0,0,0,0,0,0,0,0,,0,,0,0,0,0,0,0,0,0,0,0,0,0,0,0
15501749.27,5034824.717,15504749.27,5034824.717,15504749.27,5031824.717,15501749.27,5031824.717,63515106.93,0,0,0,0,0,0,0,0,0,0,,0,,0,0,0,0,0,0,0,0,0,0,0,0,0,0
15501749.27,5031824.717,15504749.27,5031824.717,15504749.27,5028824.717,15501749.27,5028824.717,63515106.93,0,0,0,5794.011084,5794.011084,0,0,0,0,0.528544563,,9.12E-05,,9.12E-05,0,1,0,1,5794.011084,5794.011084,5794.011084,0,0,0,0,0,0
15501749.27,5028824.717,15504749.27,5028824.717,15504749.27,5025824.717,15501749.27,5025824.717,63515106.93,7.87E-09,7.87E-09,11361.17538,5680.587692,5680.587692,0,0,0,1.01610713,0.508053565,,8.94E-05,,8.94E-05,0.5,1,0.5,1,5680.587692,5680.587692,5680.587692,0,0,1,0,7.87E-09,31757553.47
15501749.27,5025824.717,15504749.27,5025824.717,15504749.27,5022824.717,15501749.27,5022824.717,63515106.93,7.87E-09,7.87E-09,7662.355878,3831.177939,3831.177939,0,0,0,0.462186875,0.231093438,,6.03E-05,,6.03E-05,0.5,1,0.5,1,3831.177939,3831.177939,3831.177939,0,0,1,0,7.87E-09,31757553.47
15501749.27,5022824.717,15504749.27,5022824.717,15504749.27,5019824.717,15501749.27,5019824.717,63515106.93,0,0,0,0,0,0,0,0,0,0,,0,,0,0,0,0,0,0,0,0,0,0,0,0,0,0
15501749.27,5019824.717,15504749.27,5019824.717,15504749.27,5016824.717,15501749.27,5016824.717,63515106.93,0,0,0,0,0,0,0,0,0,0,,0,,0,0,0,0,0,0,0,0,0,0,0,0,0,0
15501749.27,5016824.717,15504749.27,5016824.717,15504749.27,5013824.717,15501749.27,5013824.717,63515106.93,0,0,0,0,0,0,0,0,0,0,,0,,0,0,0,0,0,0,0,0,0,0,0,0,0,0
15501749.27,5013824.717,15504749.27,5013824.717,15504749.27,5010824.717,15501749.27,5010824.717,63515106.93,0,0,0,0,0,0,0,0,0,0,,0,,0,0,0,0,0,0,0,0,0,0,0,0,0,0
15501749.27,5010824.717,15504749.27,5010824.717,15504749.27,5007824.717,15501749.27,5007824.717,63515106.93,0,0,0,0,0,0,0,0,0,0,,0,,0,0,0,0,0,0,0,0,0,0,0,0,0,0
15501749.27,5007824.717,15504749.27,5007824.717,15504749.27,5004824.717,15501749.27,5004824.717,63515106.93,0,0,0,0,0,0,0,0,0,0,,0,,0,0,0,0,0,0,0,0,0,0,0,0,0,0
15501749.27,5004824.717,15504749.27,5004824.717,15504749.27,5001824.717,15501749.27,5001824.717,63515106.93,0,0,0,0,0,0,0,0,0,0,,0,,0,0,0,0,0,0,0,0,0,0,0,0,0,0
15501749.27,5001824.717,15504749.27,5001824.717,15504749.27,4998824.717,15501749.27,4998824.717,63515106.93,0,0,0,0,0,0,0,0,0,0,,0,,0,0,0,0,0,0,0,0,0,0,0,0,0,0
15501749.27,4998824.717,15504749.27,4998824.717,15504749.27,4995824.717,15501749.27,4995824.717,63515106.93,0,0,0,0,0,0,0,0,0,0,,0,,0,0,0,0,0,0,0,0,0,0,0,0,0,0
15501749.27,4995824.717,15504749.27,4995824.717,15504749.27,4992824.717,15501749.27,4992824.717,63515106.93,7.87E-09,7.87E-09,4654.378132,2327.189066,2327.189066,0,0,0,0.170536089,0.085268044,,3.66E-05,,3.66E-05,0.5,1,0.5,1,2327.189066,2327.189066,2327.189066,0,0,1,0,7.87E-09,31757553.47
15501749.27,4992824.717,15504749.27,4992824.717,15504749.27,4989824.717,15501749.27,4989824.717,63515106.93,7.87E-09,7.87E-09,9115.114924,4557.557462,4557.557462,0,0,0,0.654059515,0.327029758,,7.18E-05,,7.18E-05,0.5,1,0.5,1,4557.557462,4557.557462,4557.557462,0,0,1,0,7.87E-09,31757553.47
15501749.27,4989824.717,15504749.27,4989824.717,15504749.27,4986824.717,15501749.27,4986824.717,63515106.93,7.87E-09,7.87E-09,9930.298449,4965.149224,4965.149224,0,0,0,0.776278527,0.388139263,,7.82E-05,,7.82E-05,0.5,1,0.5,1,4965.149224,4965.149224,4965.149224,0,0,1,0,7.87E-09,31757553.47
15501749.27,4986824.717,15504749.27,4986824.717,15504749.27,4983824.717,15501749.27,4983824.717,63515106.93,0,0,0,0,0,0,0,0,0,0,,0,,0,0,0,0,0,0,0,0,0,0,0,0,0,0
15501749.27,4983824.717,15504749.27,4983824.717,15504749.27,4980824.717,15501749.27,4980824.717,63515106.93,0,0,0,0,0,0,0,0,0,0,,0,,0,0,0,0,0,0,0,0,0,0,0,0,0,0
15501749.27,4980824.717,15504749.27,4980824.717,15504749.27,4977824.717,15501749.27,4977824.717,63515106.93,0,0,0,0,0,0,0,0,0,0,,0,,0,0,0,0,0,0,0,0,0,0,0,0,0,0
15501749.27,4977824.717,15504749.27,4977824.717,15504749.27,4974824.717,15501749.27,4974824.717,63515106.93,0,0,0,0,0,0,0,0,0,0,,0,,0,0,0,0,0,0,0,0,0,0,0,0,0,0
15501749.27,4974824.717,15504749.27,4974824.717,15504749.27,4971824.717,15501749.27,4971824.717,63515106.93,0,0,0,0,0,0,0,0,0,0,,0,,0,0,0,0,0,0,0,0,0,0,0,0,0,0
15501749.27,4971824.717,15504749.27,4971824.717,15504749.27,4968824.717,15501749.27,4968824.717,63515106.93,0,0,0,0,0,0,0,0,0,0,,0,,0,0,0,0,0,0,0,0,0,0,0,0,0,0
15501749.27,4968824.717,15504749.27,4968824.717,15504749.27,4965824.717,15501749.27,4965824.717,63515106.93,0,0,0,0,0,0,0,0,0,0,,0,,0,0,0,0,0,0,0,0,0,0,0,0,0,0
15501749.27,4965824.717,15504749.27,4965824.717,15504749.27,4962824.717,15501749.27,4962824.717,63515106.93,0,0,0,0,0,0,0,0,0,0,,0,,0,0,0,0,0,0,0,0,0,0,0,0,0,0
15501749.27,4962824.717,15504749.27,4962824.717,15504749.27,4959824.717,15501749.27,4959824.717,63515106.93,7.87E-09,7.87E-09,10058.67483,5029.337417,5029.337417,0,0,0,0.796479328,0.398239664,,7.92E-05,,7.92E-05,0.5,1,0.5,1,5029.337417,5029.337417,5029.337417,0,0,1,0,7.87E-09,31757553.47
15501749.27,4959824.717,15504749.27,4959824.717,15504749.27,4956824.717,15501749.27,4956824.717,63515106.93,7.87E-09,7.87E-09,9347.980535,4673.990267,4673.990267,0,0,0,0.687905164,0.343952582,,7.36E-05,,7.36E-05,0.5,1,0.5,1,4673.990267,4673.990267,4673.990267,0,0,1,0,7.87E-09,31757553.47
15501749.27,4956824.717,15504749.27,4956824.717,15504749.27,4953824.717,15501749.27,4953824.717,63515106.93,7.87E-09,7.87E-09,4741.764591,2370.882295,2370.882295,0,0,0,0.176999871,0.088499935,,3.73E-05,,3.73E-05,0.5,1,0.5,1,2370.882295,2370.882295,2370.882295,0,0,1,0,7.87E-09,31757553.47
15501749.27,4953824.717,15504749.27,4953824.717,15504749.27,4950824.717,15501749.27,4950824.717,63515106.93,0,0,0,0,0,0,0,0,0,0,,0,,0,0,0,0,0,0,0,0,0,0,0,0,0,0
15501749.27,4950824.717,15504749.27,4950824.717,15504749.27,4947824.717,15501749.27,4947824.717,63515106.93,0,0,0,0,0,0,0,0,0,0,,0,,0,0,0,0,0,0,0,0,0,0,0,0,0,0
15501749.27,4947824.717,15504749.27,4947824.717,15504749.27,4944824.717,15501749.27,4944824.717,63515106.93,0,0,0,0,0,0,0,0,0,0,,0,,0,0,0,0,0,0,0,0,0,0,0,0,0,0
15501749.27,4944824.717,15504749.27,4944824.717,15504749.27,4941824.717,15501749.27,4941824.717,63515106.93,0,0,0,0,0,0,0,0,0,0,,0,,0,0,0,0,0,0,0,0,0,0,0,0,0,0
15504749.27,5124824.717,15507749.27,5124824.717,15507749.27,5121824.717,15504749.27,5121824.717,63515106.93,0,0,0,0,0,0,0,0,0,0,,0,,0,0,0,0,0,0,0,0,0,0,0,0,0,0
15504749.27,5121824.717,15507749.27,5121824.717,15507749.27,5118824.717,15504749.27,5118824.717,63515106.93,0,0,0,0,0,0,0,0,0,0,,0,,0,0,0,0,0,0,0,0,0,0,0,0,0,0
15504749.27,5118824.717,15507749.27,5118824.717,15507749.27,5115824.717,15504749.27,5115824.717,63515106.93,0,0,0,0,0,0,0,0,0,0,,0,,0,0,0,0,0,0,0,0,0,0,0,0,0,0
15504749.27,5115824.717,15507749.27,5115824.717,15507749.27,5112824.717,15504749.27,5112824.717,63515106.93,0,0,0,0,0,0,0,0,0,0,,0,,0,0,0,0,0,0,0,0,0,0,0,0,0,0
15504749.27,5112824.717,15507749.27,5112824.717,15507749.27,5109824.717,15504749.27,5109824.717,63515106.93,0,0,0,0,0,0,0,0,0,0,,0,,0,0,0,0,0,0,0,0,0,0,0,0,0,0
15504749.27,5109824.717,15507749.27,5109824.717,15507749.27,5106824.717,15504749.27,5106824.717,63515106.93,0,0,0,0,0,0,0,0,0,0,,0,,0,0,0,0,0,0,0,0,0,0,0,0,0,0
15504749.27,5106824.717,15507749.27,5106824.717,15507749.27,5103824.717,15504749.27,5103824.717,63515106.93,0,0,0,0,0,0,0,0,0,0,,0,,0,0,0,0,0,0,0,0,0,0,0,0,0,0
15504749.27,5103824.717,15507749.27,5103824.717,15507749.27,5100824.717,15504749.27,5100824.717,63515106.93,0,0,0,0,0,0,0,0,0,0,,0,,0,0,0,0,0,0,0,0,0,0,0,0,0,0
15504749.27,5100824.717,15507749.27,5100824.717,15507749.27,5097824.717,15504749.27,5097824.717,63515106.93,0,0,0,0,0,0,0,0,0,0,,0,,0,0,0,0,0,0,0,0,0,0,0,0,0,0
15504749.27,5097824.717,15507749.27,5097824.717,15507749.27,5094824.717,15504749.27,5094824.717,63515106.93,0,0,0,0,0,0,0,0,0,0,,0,,0,0,0,0,0,0,0,0,0,0,0,0,0,0
15504749.27,5094824.717,15507749.27,5094824.717,15507749.27,5091824.717,15504749.27,5091824.717,63515106.93,0,0,0,0,0,0,0,0,0,0,,0,,0,0,0,0,0,0,0,0,0,0,0,0,0,0
15504749.27,5091824.717,15507749.27,5091824.717,15507749.27,5088824.717,15504749.27,5088824.717,63515106.93,0,0,0,0,0,0,0,0,0,0,,0,,0,0,0,0,0,0,0,0,0,0,0,0,0,0
15504749.27,5088824.717,15507749.27,5088824.717,15507749.27,5085824.717,15504749.27,5085824.717,63515106.93,0,0,0,0,0,0,0,0,0,0,,0,,0,0,0,0,0,0,0,0,0,0,0,0,0,0
15504749.27,5085824.717,15507749.27,5085824.717,15507749.27,5082824.717,15504749.27,5082824.717,63515106.93,0,0,0,0,0,0,0,0,0,0,,0,,0,0,0,0,0,0,0,0,0,0,0,0,0,0
15504749.27,5082824.717,15507749.27,5082824.717,15507749.27,5079824.717,15504749.27,5079824.717,63515106.93,7.87E-09,7.87E-09,848.643633,424.3218165,424.3218165,0,0,0,0.005669486,0.002834743,,6.68E-06,,6.68E-06,0.5,1,0.5,1,424.3218165,424.3218165,424.3218165,0,0,1,0,7.87E-09,31757553.47
15504749.27,5079824.717,15507749.27,5079824.717,15507749.27,5076824.717,15504749.27,5076824.717,63515106.93,0,0,0,0,0,0,0,0,0,0,,0,,0,0,0,0,0,0,0,0,0,0,0,0,0,0
15504749.27,5076824.717,15507749.27,5076824.717,15507749.27,5073824.717,15504749.27,5073824.717,63515106.93,0,0,0,0,0,0,0,0,0,0,,0,,0,0,0,0,0,0,0,0,0,0,0,0,0,0
15504749.27,5073824.717,15507749.27,5073824.717,15507749.27,5070824.717,15504749.27,5070824.717,63515106.93,0,0,0,1084.38322,1084.38322,0,0,0,0,0.018513496,,1.71E-05,,1.71E-05,0,1,0,1,1084.383084,1084.383084,1084.383084,0,0,0,0,0,0
15504749.27,5070824.717,15507749.27,5070824.717,15507749.27,5067824.717,15504749.27,5067824.717,63515106.93,0,0,0,3421.521058,3421.521058,0,0,0,0,0.184315293,,5.39E-05,,5.39E-05,0,1,0,1,3421.520939,3421.520939,3421.520939,0,0,0,0,0,0
15504749.27,5067824.717,15507749.27,5067824.717,15507749.27,5064824.717,15504749.27,5064824.717,63515106.93,0,0,0,2470.430074,2470.430074,0,0,0,0,0.096087771,,3.89E-05,,3.89E-05,0,1,0,1,2470.430131,2470.430131,2470.430131,0,0,0,0,0,0
15504749.27,5064824.717,15507749.27,5064824.717,15507749.27,5061824.717,15504749.27,5061824.717,63515106.93,0,0,0,0,0,0,0,0,0,0,,0,,0,0,0,0,0,0,0,0,0,0,0,0,0,0
15504749.27,5061824.717,15507749.27,5061824.717,15507749.27,5058824.717,15504749.27,5058824.717,63515106.93,0,0,0,0,0,0,0,0,0,0,,0,,0,0,0,0,0,0,0,0,0,0,0,0,0,0
15504749.27,5058824.717,15507749.27,5058824.717,15507749.27,5055824.717,15504749.27,5055824.717,63515106.93,0,0,0,0,0,0,0,0,0,0,,0,,0,0,0,0,0,0,0,0,0,0,0,0,0,0
15504749.27,5055824.717,15507749.27,5055824.717,15507749.27,5052824.717,15504749.27,5052824.717,63515106.93,0,0,0,0,0,0,0,0,0,0,,0,,0,0,0,0,0,0,0,0,0,0,0,0,0,0
15504749.27,5052824.717,15507749.27,5052824.717,15507749.27,5049824.717,15504749.27,5049824.717,63515106.93,0,0,0,0,0,0,0,0,0,0,,0,,0,0,0,0,0,0,0,0,0,0,0,0,0,0
15504749.27,5049824.717,15507749.27,5049824.717,15507749.27,5046824.717,15504749.27,5046824.717,63515106.93,0,0,0,0,0,0,0,0,0,0,,0,,0,0,0,0,0,0,0,0,0,0,0,0,0,0
15504749.27,5046824.717,15507749.27,5046824.717,15507749.27,5043824.717,15504749.27,5043824.717,63515106.93,7.87E-09,7.87E-09,53.13923929,26.56961964,26.56961964,0,0,0,2.22E-05,1.11E-05,,4.18E-07,,4.18E-07,0.5,1,0.5,1,26.56961964,26.56961964,26.56961964,0,0,1,0,7.87E-09,31757553.47
15504749.27,5043824.717,15507749.27,5043824.717,15507749.27,5040824.717,15504749.27,5040824.717,63515106.93,7.87E-09,7.87E-09,4959.488227,2479.744113,2479.744113,0,0,0,0.193627348,0.096813674,,3.90E-05,,3.90E-05,0.5,1,0.5,1,2479.744113,2479.744113,2479.744113,0,0,1,0,7.87E-09,31757553.47
15504749.27,5040824.717,15507749.27,5040824.717,15507749.27,5037824.717,15504749.27,5037824.717,63515106.93,7.87E-09,7.87E-09,4516.097611,2258.048805,2258.048805,0,0,0,0.160553438,0.080276719,,3.56E-05,,3.56E-05,0.5,1,0.5,1,2258.048805,2258.048805,2258.048805,0,0,1,0,7.87E-09,31757553.47
15504749.27,5037824.717,15507749.27,5037824.717,15507749.27,5034824.717,15504749.27,5034824.717,63515106.93,0,0,0,0,0,0,0,0,0,0,,0,,0,0,0,0,0,0,0,0,0,0,0,0,0,0
15504749.27,5034824.717,15507749.27,5034824.717,15507749.27,5031824.717,15504749.27,5031824.717,63515106.93,0,0,0,0,0,0,0,0,0,0,,0,,0,0,0,0,0,0,0,0,0,0,0,0,0,0
15504749.27,5031824.717,15507749.27,5031824.717,15507749.27,5028824.717,15504749.27,5028824.717,63515106.93,0,0,0,0,0,0,0,0,0,0,,0,,0,0,0,0,0,0,0,0,0,0,0,0,0,0
15504749.27,5028824.717,15507749.27,5028824.717,15507749.27,5025824.717,15504749.27,5025824.717,63515106.93,7.87E-09,7.87E-09,4917.418029,2458.709014,2458.709014,0,0,0,0.190356289,0.095178144,,3.87E-05,,3.87E-05,0.5,1,0.5,1,2458.709014,2458.709014,2458.709014,0,0,1,0,7.87E-09,31757553.47
15504749.27,5025824.717,15507749.27,5025824.717,15507749.27,5022824.717,15504749.27,5022824.717,63515106.93,7.87E-09,7.87E-09,3236.644657,1618.322328,1618.322328,0,0,0,0.082467535,0.041233768,,2.55E-05,,2.55E-05,0.5,1,0.5,1,1618.322328,1618.322328,1618.322328,0,0,1,0,7.87E-09,31757553.47
15504749.27,5022824.717,15507749.27,5022824.717,15507749.27,5019824.717,15504749.27,5019824.717,63515106.93,0,0,0,0,0,0,0,0,0,0,,0,,0,0,0,0,0,0,0,0,0,0,0,0,0,0
15504749.27,5019824.717,15507749.27,5019824.717,15507749.27,5016824.717,15504749.27,5016824.717,63515106.93,0,0,0,0,0,0,0,0,0,0,,0,,0,0,0,0,0,0,0,0,0,0,0,0,0,0
15504749.27,5016824.717,15507749.27,5016824.717,15507749.27,5013824.717,15504749.27,5013824.717,63515106.93,0,0,0,0,0,0,0,0,0,0,,0,,0,0,0,0,0,0,0,0,0,0,0,0,0,0
15504749.27,5013824.717,15507749.27,5013824.717,15507749.27,5010824.717,15504749.27,5010824.717,63515106.93,0,0,0,0,0,0,0,0,0,0,,0,,0,0,0,0,0,0,0,0,0,0,0,0,0,0
15504749.27,5010824.717,15507749.27,5010824.717,15507749.27,5007824.717,15504749.27,5007824.717,63515106.93,0,0,0,0,0,0,0,0,0,0,,0,,0,0,0,0,0,0,0,0,0,0,0,0,0,0
15504749.27,5007824.717,15507749.27,5007824.717,15507749.27,5004824.717,15504749.27,5004824.717,63515106.93,0,0,0,0,0,0,0,0,0,0,,0,,0,0,0,0,0,0,0,0,0,0,0,0,0,0
15504749.27,5004824.717,15507749.27,5004824.717,15507749.27,5001824.717,15504749.27,5001824.717,63515106.93,0,0,0,0,0,0,0,0,0,0,,0,,0,0,0,0,0,0,0,0,0,0,0,0,0,0
15504749.27,5001824.717,15507749.27,5001824.717,15507749.27,4998824.717,15504749.27,4998824.717,63515106.93,0,0,0,0,0,0,0,0,0,0,,0,,0,0,0,0,0,0,0,0,0,0,0,0,0,0
15504749.27,4998824.717,15507749.27,4998824.717,15507749.27,4995824.717,15504749.27,4995824.717,63515106.93,0,0,0,0,0,0,0,0,0,0,,0,,0,0,0,0,0,0,0,0,0,0,0,0,0,0
15504749.27,4995824.717,15507749.27,4995824.717,15507749.27,4992824.717,15504749.27,4992824.717,63515106.93,7.87E-09,7.87E-09,657.224034,328.612017,328.612017,0,0,0,0.00340032,0.00170016,,5.17E-06,,5.17E-06,0.5,1,0.5,1,328.612017,328.612017,328.612017,0,0,1,0,7.87E-09,31757553.47
15504749.27,4992824.717,15507749.27,4992824.717,15507749.27,4989824.717,15504749.27,4989824.717,63515106.93,7.87E-09,7.87E-09,3339.424975,1669.712488,1669.712488,0,0,0,0.087788242,0.043894121,,2.63E-05,,2.63E-05,0.5,1,0.5,1,1669.712488,1669.712488,1669.712488,0,0,1,0,7.87E-09,31757553.47
15504749.27,4989824.717,15507749.27,4989824.717,15507749.27,4986824.717,15504749.27,4986824.717,63515106.93,7.87E-09,7.87E-09,1451.074053,725.5370263,725.5370263,0,0,0,0.016575709,0.008287855,,1.14E-05,,1.14E-05,0.5,1,0.5,1,725.5370263,725.5370263,725.5370263,0,0,1,0,7.87E-09,31757553.47
15504749.27,4986824.717,15507749.27,4986824.717,15507749.27,4983824.717,15504749.27,4983824.717,63515106.93,0,0,0,0,0,0,0,0,0,0,,0,,0,0,0,0,0,0,0,0,0,0,0,0,0,0
15504749.27,4983824.717,15507749.27,4983824.717,15507749.27,4980824.717,15504749.27,4980824.717,63515106.93,0,0,0,0,0,0,0,0,0,0,,0,,0,0,0,0,0,0,0,0,0,0,0,0,0,0
15504749.27,4980824.717,15507749.27,4980824.717,15507749.27,4977824.717,15504749.27,4977824.717,63515106.93,0,0,0,0,0,0,0,0,0,0,,0,,0,0,0,0,0,0,0,0,0,0,0,0,0,0
15504749.27,4977824.717,15507749.27,4977824.717,15507749.27,4974824.717,15504749.27,4974824.717,63515106.93,0,0,0,0,0,0,0,0,0,0,,0,,0,0,0,0,0,0,0,0,0,0,0,0,0,0
15504749.27,4974824.717,15507749.27,4974824.717,15507749.27,4971824.717,15504749.27,4971824.717,63515106.93,0,0,0,0,0,0,0,0,0,0,,0,,0,0,0,0,0,0,0,0,0,0,0,0,0,0
15504749.27,4971824.717,15507749.27,4971824.717,15507749.27,4968824.717,15504749.27,4968824.717,63515106.93,0,0,0,0,0,0,0,0,0,0,,0,,0,0,0,0,0,0,0,0,0,0,0,0,0,0
15504749.27,4968824.717,15507749.27,4968824.717,15507749.27,4965824.717,15504749.27,4965824.717,63515106.93,0,0,0,0,0,0,0,0,0,0,,0,,0,0,0,0,0,0,0,0,0,0,0,0,0,0
15504749.27,4965824.717,15507749.27,4965824.717,15507749.27,4962824.717,15504749.27,4962824.717,63515106.93,0,0,0,0,0,0,0,0,0,0,,0,,0,0,0,0,0,0,0,0,0,0,0,0,0,0
15504749.27,4962824.717,15507749.27,4962824.717,15507749.27,4959824.717,15504749.27,4959824.717,63515106.93,7.87E-09,7.87E-09,2334.191694,1167.095847,1167.095847,0,0,0,0.042890984,0.021445492,,1.84E-05,,1.84E-05,0.5,1,0.5,1,1167.095847,1167.095847,1167.095847,0,0,1,0,7.87E-09,31757553.47
15504749.27,4959824.717,15507749.27,4959824.717,15507749.27,4956824.717,15504749.27,4956824.717,63515106.93,7.87E-09,7.87E-09,3641.546301,1820.773151,1820.773151,0,0,0,0.104391381,0.052195691,,2.87E-05,,2.87E-05,0.5,1,0.5,1,1820.773151,1820.773151,1820.773151,0,0,1,0,7.87E-09,31757553.47
15504749.27,4956824.717,15507749.27,4956824.717,15507749.27,4953824.717,15504749.27,4953824.717,63515106.93,7.87E-09,7.87E-09,683.9749382,341.9874691,341.9874691,0,0,0,0.003682759,0.00184138,,5.38E-06,,5.38E-06,0.5,1,0.5,1,341.9874691,341.9874691,341.9874691,0,0,1,0,7.87E-09,31757553.47
15504749.27,4953824.717,15507749.27,4953824.717,15507749.27,4950824.717,15504749.27,4950824.717,63515106.93,0,0,0,0,0,0,0,0,0,0,,0,,0,0,0,0,0,0,0,0,0,0,0,0,0,0
15504749.27,4950824.717,15507749.27,4950824.717,15507749.27,4947824.717,15504749.27,4947824.717,63515106.93,0,0,0,0,0,0,0,0,0,0,,0,,0,0,0,0,0,0,0,0,0,0,0,0,0,0
15504749.27,4947824.717,15507749.27,4947824.717,15507749.27,4944824.717,15504749.27,4944824.717,63515106.93,0,0,0,0,0,0,0,0,0,0,,0,,0,0,0,0,0,0,0,0,0,0,0,0,0,0
15504749.27,4944824.717,15507749.27,4944824.717,15507749.27,4941824.717,15504749.27,4941824.717,63515106.93,0,0,0,0,0,0,0,0,0,0,,0,,0,0,0,0,0,0,0,0,0,0,0,0,0,0
