period,node_idx,pos_x,pos_y,exact_betweenness,pagerank,degree,removal_impact,stability_rate,is_top20,betweenness_percentile,pagerank_percentile,removal_impact_percentile,network_criticality,geometry_wkt
喜山期,0,15335626.94,5087444.148,2.061367959655645e-06,0.0003556152904824,2,0.0,0.0,False,0.0010741138560687,0.4989258861439312,0.0,0.1504296455424275,"POLYGON ((15334126.94 5088944.148, 15337126.94 5088944.148, 15337126.94 5085944.148, 15334126.94 5085944.148, 15334126.94 5088944.148))"
喜山期,1,15335626.94,5084444.148,0.0003379704384994,0.0003556152904824,3,0.0,0.0,False,0.0025062656641604,0.4989258861439312,0.0,0.1514321518080916,"POLYGON ((15334126.94 5085944.148, 15337126.94 5085944.148, 15337126.94 5082944.148, 15334126.94 5082944.148, 15334126.94 5085944.148))"
喜山期,2,15335626.94,5081444.148,0.000527977677921,0.0003556152904824,3,0.0,0.0,False,0.0053705692803437,0.4989258861439312,0.0,0.1534371643394199,"POLYGON ((15334126.94 5082944.148, 15337126.94 5082944.148, 15337126.94 5079944.148, 15334126.94 5079944.148, 15334126.94 5082944.148))"
喜山期,3,15335626.94,5078444.148,0.0006480344322774,0.0003556152904824,3,0.0,0.0,False,0.0075187969924812,0.4989258861439312,0.0,0.1549409237379162,"POLYGON ((15334126.94 5079944.148, 15337126.94 5079944.148, 15337126.94 5076944.148, 15334126.94 5076944.148, 15334126.94 5079944.148))"
喜山期,4,15335626.94,5075444.148,0.0007294351608207,0.0003556152904824,3,0.0,0.0,False,0.0110991765127103,0.4989258861439312,0.0,0.1574471894020766,"POLYGON ((15334126.94 5076944.148, 15337126.94 5076944.148, 15337126.94 5073944.148, 15334126.94 5073944.148, 15334126.94 5076944.148))"
喜山期,5,15335626.94,5072444.148,0.0007872929894547,0.0003556152904824,3,0.0,0.0,False,0.0132474042248478,0.4989258861439312,0.0,0.1589509488005728,"POLYGON ((15334126.94 5073944.148, 15337126.94 5073944.148, 15337126.94 5070944.148, 15334126.94 5070944.148, 15334126.94 5073944.148))"
喜山期,6,15335626.94,5069444.148,0.0008297596982567,0.0003556152904824,3,0.0,0.0,False,0.0153956319369853,0.4989258861439312,0.0,0.1604547081990691,"POLYGON ((15334126.94 5070944.148, 15337126.94 5070944.148, 15337126.94 5067944.148, 15334126.94 5067944.148, 15334126.94 5070944.148))"
喜山期,7,15335626.94,5066444.148,0.0008616199589703,0.0003556152904824,3,0.0,0.0,False,0.016469745793054,0.4989258861439312,0.0,0.1612065878983172,"POLYGON ((15334126.94 5067944.148, 15337126.94 5067944.148, 15337126.94 5064944.148, 15334126.94 5064944.148, 15334126.94 5067944.148))"
喜山期,8,15335626.94,5063444.148,0.0008858756806374,0.0003556152904824,3,0.0,0.0,False,0.0175438596491228,0.4989258861439312,0.0,0.1619584675975653,"POLYGON ((15334126.94 5064944.148, 15337126.94 5064944.148, 15337126.94 5061944.148, 15334126.94 5061944.148, 15334126.94 5064944.148))"
喜山期,9,15335626.94,5060444.148,0.0009045138621765,0.0003556152904824,3,0.0,0.0,False,0.0193340494092373,0.4989258861439312,0.0,0.1632116004296455,"POLYGON ((15334126.94 5061944.148, 15337126.94 5061944.148, 15337126.94 5058944.148, 15334126.94 5058944.148, 15334126.94 5061944.148))"
喜山期,10,15335626.94,5057444.148,0.0009189084370514,0.0003556152904824,3,0.0,0.0,False,0.020766201217329,0.4989258861439312,0.0,0.1642141066953097,"POLYGON ((15334126.94 5058944.148, 15337126.94 5058944.148, 15337126.94 5055944.148, 15334126.94 5055944.148, 15334126.94 5058944.148))"
喜山期,11,15335626.94,5054444.148,0.0009300442178645,0.0003556152904824,3,0.0,0.0,False,0.0214822771213748,0.4989258861439312,0.0,0.1647153598281417,"POLYGON ((15334126.94 5055944.148, 15337126.94 5055944.148, 15337126.94 5052944.148, 15334126.94 5052944.148, 15334126.94 5055944.148))"
喜山期,12,15335626.94,5051444.148,0.0009386483524214,0.0003556152904824,3,0.0,0.0,False,0.0225563909774436,0.4989258861439312,0.0,0.1654672395273899,"POLYGON ((15334126.94 5052944.148, 15337126.94 5052944.148, 15337126.94 5049944.148, 15334126.94 5049944.148, 15334126.94 5052944.148))"
喜山期,13,15335626.94,5048444.148,0.0009452709255453,0.0003556152904824,3,0.0,0.0,False,0.0236305048335123,0.4989258861439312,0.0,0.166219119226638,"POLYGON ((15334126.94 5049944.148, 15337126.94 5049944.148, 15337126.94 5046944.148, 15334126.94 5046944.148, 15334126.94 5049944.148))"
喜山期,14,15335626.94,5045444.148,0.0009503362235909,0.0003556152904824,3,0.0,0.0,False,0.0243465807375581,0.4989258861439312,0.0,0.1667203723594701,"POLYGON ((15334126.94 5046944.148, 15337126.94 5046944.148, 15337126.94 5043944.148, 15334126.94 5043944.148, 15334126.94 5046944.148))"
喜山期,15,15335626.94,5042444.148,0.0009541762207194,0.0003556152904824,3,0.0,0.0,False,0.0264948084496956,0.4989258861439312,0.0,0.1682241317579663,"POLYGON ((15334126.94 5043944.148, 15337126.94 5043944.148, 15337126.94 5040944.148, 15334126.94 5040944.148, 15334126.94 5043944.148))"
喜山期,16,15335626.94,5039444.148,0.0009570521777418,0.0003556152904824,3,0.0,0.0,False,0.0275689223057644,0.4989258861439312,0.0,0.1689760114572144,"POLYGON ((15334126.94 5040944.148, 15337126.94 5040944.148, 15337126.94 5037944.148, 15334126.94 5037944.148, 15334126.94 5040944.148))"
喜山期,17,15335626.94,5036444.148,0.0009591648266869,0.0003556152904824,3,0.0,0.0,False,0.0279269602577873,0.4989258861439312,0.0,0.1692266380236305,"POLYGON ((15334126.94 5037944.148, 15337126.94 5037944.148, 15337126.94 5034944.148, 15334126.94 5034944.148, 15334126.94 5037944.148))"
喜山期,18,15335626.94,5033444.148,0.0009606399814662,0.0003556152904824,3,0.0,0.0,False,0.0286430361618331,0.4989258861439312,0.0,0.1697278911564625,"POLYGON ((15334126.94 5034944.148, 15337126.94 5034944.148, 15337126.94 5031944.148, 15334126.94 5031944.148, 15334126.94 5034944.148))"
喜山期,19,15335626.94,5030444.148,0.0009614193430533,0.0003556152904824,3,0.0,0.0,False,0.0297171500179018,0.4989258861439312,0.0,0.1704797708557107,"POLYGON ((15334126.94 5031944.148, 15337126.94 5031944.148, 15337126.94 5028944.148, 15334126.94 5028944.148, 15334126.94 5031944.148))"
喜山期,20,15335626.94,5027444.148,0.0009607056797908,0.0003556152904824,3,0.0,0.0,False,0.029001074113856,0.4989258861439312,0.0,0.1699785177228786,"POLYGON ((15334126.94 5028944.148, 15337126.94 5028944.148, 15337126.94 5025944.148, 15334126.94 5025944.148, 15334126.94 5028944.148))"
喜山期,21,15335626.94,5024444.148,0.0009539717396159,0.0003556152904824,3,0.0,0.0,False,0.0261367704976727,0.4989258861439312,0.0,0.1679735051915503,"POLYGON ((15334126.94 5025944.148, 15337126.94 5025944.148, 15337126.94 5022944.148, 15334126.94 5022944.148, 15334126.94 5025944.148))"
喜山期,22,15335626.94,5021444.148,0.0009523148213471,0.0003556152904824,3,0.0,0.0,False,0.025062656641604,0.4989258861439312,0.0,0.1672216254923021,"POLYGON ((15334126.94 5022944.148, 15337126.94 5022944.148, 15337126.94 5019944.148, 15334126.94 5019944.148, 15334126.94 5022944.148))"
喜山期,23,15335626.94,5018444.148,0.0009514794769713,0.0003556152904824,3,0.0,0.0,False,0.024704618689581,0.4989258861439312,0.0,0.1669709989258861,"POLYGON ((15334126.94 5019944.148, 15337126.94 5019944.148, 15337126.94 5016944.148, 15334126.94 5016944.148, 15334126.94 5019944.148))"
喜山期,24,15335626.94,5015444.148,0.0009526527218778,0.0003556152904824,3,0.0,0.0,False,0.0257787325456498,0.4989258861439312,0.0,0.1677228786251342,"POLYGON ((15334126.94 5016944.148, 15337126.94 5016944.148, 15337126.94 5013944.148, 15334126.94 5013944.148, 15334126.94 5016944.148))"
喜山期,25,15335626.94,5012444.148,0.0009548466017759,0.0003556152904824,3,0.0,0.0,False,0.0268528464017185,0.4989258861439312,0.0,0.1684747583243823,"POLYGON ((15334126.94 5013944.148, 15337126.94 5013944.148, 15337126.94 5010944.148, 15334126.94 5010944.148, 15334126.94 5013944.148))"
喜山期,26,15335626.94,5009444.148,0.000963136581565,0.0003556152904824,3,0.0,0.0,False,0.0304332259219477,0.4989258861439312,0.0,0.1709810239885427,"POLYGON ((15334126.94 5010944.148, 15337126.94 5010944.148, 15337126.94 5007944.148, 15334126.94 5007944.148, 15334126.94 5010944.148))"
喜山期,27,15335626.94,5006444.148,0.0009646735499818,0.0003556152904824,3,0.0,0.0,False,0.0315073397780164,0.4989258861439312,0.0,0.1717329036877909,"POLYGON ((15334126.94 5007944.148, 15337126.94 5007944.148, 15337126.94 5004944.148, 15334126.94 5004944.148, 15334126.94 5007944.148))"
喜山期,28,15335626.94,5003444.148,0.0009646029753267,0.0003556152904824,3,0.0,0.0,False,0.0311493018259935,0.4989258861439312,0.0,0.1714822771213748,"POLYGON ((15334126.94 5004944.148, 15337126.94 5004944.148, 15337126.94 5001944.148, 15334126.94 5001944.148, 15334126.94 5004944.148))"
喜山期,29,15335626.94,5000444.148,0.0009639471495463,0.0003556152904824,3,0.0,0.0,False,0.0307912638739706,0.4989258861439312,0.0,0.1712316505549588,"POLYGON ((15334126.94 5001944.148, 15337126.94 5001944.148, 15337126.94 4998944.148, 15334126.94 4998944.148, 15334126.94 5001944.148))"
喜山期,30,15335626.94,4997444.148,0.000962871013213,0.0003556152904824,3,0.0,0.0,False,0.0300751879699248,0.4989258861439312,0.0,0.1707303974221267,"POLYGON ((15334126.94 4998944.148, 15337126.94 4998944.148, 15337126.94 4995944.148, 15334126.94 4995944.148, 15334126.94 4998944.148))"
喜山期,31,15335626.94,4994444.148,0.0009613269783699,0.0003556152904824,3,0.0,0.0,False,0.0293591120658789,0.4989258861439312,0.0,0.1702291442892946,"POLYGON ((15334126.94 4995944.148, 15337126.94 4995944.148, 15337126.94 4992944.148, 15334126.94 4992944.148, 15334126.94 4995944.148))"
喜山期,32,15335626.94,4991444.148,0.0009591950035338,0.0003556152904824,3,0.0,0.0,False,0.0282849982098102,0.4989258861439312,0.0,0.1694772645900465,"POLYGON ((15334126.94 4992944.148, 15337126.94 4992944.148, 15337126.94 4989944.148, 15334126.94 4989944.148, 15334126.94 4992944.148))"
喜山期,33,15335626.94,4988444.148,0.0009563104867124,0.0003556152904824,3,0.0,0.0,False,0.0272108843537414,0.4989258861439312,0.0,0.1687253848907984,"POLYGON ((15334126.94 4989944.148, 15337126.94 4989944.148, 15337126.94 4986944.148, 15334126.94 4986944.148, 15334126.94 4989944.148))"
喜山期,34,15335626.94,4985444.148,0.0009524642332807,0.0003556152904824,3,0.0,0.0,False,0.0254206945936269,0.4989258861439312,0.0,0.1674722520587182,"POLYGON ((15334126.94 4986944.148, 15337126.94 4986944.148, 15337126.94 4983944.148, 15334126.94 4983944.148, 15334126.94 4986944.148))"
喜山期,35,15335626.94,4982444.148,0.0009473931590633,0.0003556152904824,3,0.0,0.0,False,0.0239885427855352,0.4989258861439312,0.0,0.166469745793054,"POLYGON ((15334126.94 4983944.148, 15337126.94 4983944.148, 15337126.94 4980944.148, 15334126.94 4980944.148, 15334126.94 4983944.148))"
喜山期,36,15335626.94,4979444.148,0.0009407649050188,0.0003556152904824,3,0.0,0.0,False,0.0229144289294665,0.4989258861439312,0.0,0.1657178660938059,"POLYGON ((15334126.94 4980944.148, 15337126.94 4980944.148, 15337126.94 4977944.148, 15334126.94 4977944.148, 15334126.94 4980944.148))"
喜山期,37,15335626.94,4976444.148,0.0009321551012221,0.0003556152904824,3,0.0,0.0,False,0.0218403150733977,0.4989258861439312,0.0,0.1649659863945578,"POLYGON ((15334126.94 4977944.148, 15337126.94 4977944.148, 15337126.94 4974944.148, 15334126.94 4974944.148, 15334126.94 4977944.148))"
喜山期,38,15335626.94,4973444.148,0.000921013626337,0.0003556152904824,3,0.0,0.0,False,0.0211242391693519,0.4989258861439312,0.0,0.1644647332617257,"POLYGON ((15334126.94 4974944.148, 15337126.94 4974944.148, 15337126.94 4971944.148, 15334126.94 4971944.148, 15334126.94 4974944.148))"
喜山期,39,15335626.94,4970444.148,0.0009066132518436,0.0003556152904824,3,0.0,0.0,False,0.0196920873612602,0.4989258861439312,0.0,0.1634622269960615,"POLYGON ((15334126.94 4971944.148, 15337126.94 4971944.148, 15337126.94 4968944.148, 15334126.94 4968944.148, 15334126.94 4971944.148))"
喜山期,40,15335626.94,4967444.148,0.0008879688960371,0.0003556152904824,3,0.0,0.0,False,0.0179018976011457,0.4989258861439312,0.0,0.1622090941639813,"POLYGON ((15334126.94 4968944.148, 15337126.94 4968944.148, 15337126.94 4965944.148, 15334126.94 4965944.148, 15334126.94 4968944.148))"
喜山期,41,15335626.94,4964444.148,0.0008637057540299,0.0003556152904824,3,0.0,0.0,False,0.0168277837450769,0.4989258861439312,0.0,0.1614572144647332,"POLYGON ((15334126.94 4965944.148, 15337126.94 4965944.148, 15337126.94 4962944.148, 15334126.94 4962944.148, 15334126.94 4965944.148))"
喜山期,42,15335626.94,4961444.148,0.0008318341732508,0.0003556152904824,3,0.0,0.0,False,0.0157536698890082,0.4989258861439312,0.0,0.1607053347654851,"POLYGON ((15334126.94 4962944.148, 15337126.94 4962944.148, 15337126.94 4959944.148, 15334126.94 4959944.148, 15334126.94 4962944.148))"
喜山期,43,15335626.94,4958444.148,0.0007893446936726,0.0003556152904824,3,0.0,0.0,False,0.0136054421768707,0.4989258861439312,0.0,0.1592015753669889,"POLYGON ((15334126.94 4959944.148, 15337126.94 4959944.148, 15337126.94 4956944.148, 15334126.94 4956944.148, 15334126.94 4959944.148))"
喜山期,44,15335626.94,4955444.148,0.0007314327728827,0.0003556152904824,3,0.0,0.0,False,0.0114572144647332,0.4989258861439312,0.0,0.1576978159684926,"POLYGON ((15334126.94 4956944.148, 15337126.94 4956944.148, 15337126.94 4953944.148, 15334126.94 4953944.148, 15334126.94 4956944.148))"
喜山期,45,15335626.94,4952444.148,0.0006498993195381,0.0003556152904824,3,0.0,0.0,False,0.0078768349445041,0.4989258861439312,0.0,0.1551915503043322,"POLYGON ((15334126.94 4953944.148, 15337126.94 4953944.148, 15337126.94 4950944.148, 15334126.94 4950944.148, 15334126.94 4953944.148))"
喜山期,46,15335626.94,4949444.148,0.0005295345127889,0.0003556152904824,3,0.0,0.0,False,0.0057286072323666,0.4989258861439312,0.0,0.153687790905836,"POLYGON ((15334126.94 4950944.148, 15337126.94 4950944.148, 15337126.94 4947944.148, 15334126.94 4947944.148, 15334126.94 4950944.148))"
喜山期,47,15335626.94,4946444.148,0.0003389015514958,0.0003556152904824,3,0.0,0.0,False,0.0028643036161833,0.4989258861439312,0.0,0.1516827783745077,"POLYGON ((15334126.94 4947944.148, 15337126.94 4947944.148, 15337126.94 4944944.148, 15334126.94 4944944.148, 15334126.94 4947944.148))"
喜山期,48,15335626.94,4943444.148,2.0613679596556456e-06,0.0003556152904824,2,0.0,0.0,False,0.0014321518080916,0.4989258861439312,0.0,0.1506802721088435,"POLYGON ((15334126.94 4944944.148, 15337126.94 4944944.148, 15337126.94 4941944.148, 15334126.94 4941944.148, 15334126.94 4944944.148))"
喜山期,49,15338626.94,5087444.148,0.0003899297916406,0.0003556152904824,3,0.0,0.0,False,0.0035803795202291,0.4989258861439312,0.0,0.1521840315073397,"POLYGON ((15337126.94 5088944.148, 15340126.94 5088944.148, 15340126.94 5085944.148, 15337126.94 5085944.148, 15337126.94 5088944.148))"
喜山期,50,15338626.94,5084444.148,0.0010237069519256,0.0003556152904824,4,0.0,0.0,False,0.0340136054421768,0.4989258861439312,0.0,0.1734872896527031,"POLYGON ((15337126.94 5085944.148, 15340126.94 5085944.148, 15340126.94 5082944.148, 15337126.94 5082944.148, 15337126.94 5085944.148))"
喜山期,51,15338626.94,5081444.148,0.0014271425932382,0.0003556152904824,4,0.0,0.0,False,0.0762620837808807,0.4989258861439312,0.0,0.2030612244897959,"POLYGON ((15337126.94 5082944.148, 15340126.94 5082944.148, 15340126.94 5079944.148, 15337126.94 5079944.148, 15337126.94 5082944.148))"
喜山期,52,15338626.94,5078444.148,0.0017031802185817,0.0003556152904824,4,0.0,0.0,False,0.0798424633011099,0.4989258861439312,0.0,0.2055674901539563,"POLYGON ((15337126.94 5079944.148, 15340126.94 5079944.148, 15340126.94 5076944.148, 15337126.94 5076944.148, 15337126.94 5079944.148))"
喜山期,53,15338626.94,5075444.148,0.0019021134687005,0.0003556152904824,4,0.0,0.0,False,0.0827067669172932,0.4989258861439312,0.0,0.2075725026852846,"POLYGON ((15337126.94 5076944.148, 15340126.94 5076944.148, 15340126.94 5073944.148, 15337126.94 5073944.148, 15337126.94 5076944.148))"
喜山期,54,15338626.94,5072444.148,0.0020511813931152,0.0003556152904824,4,0.0,0.0,False,0.0862871464375223,0.4989258861439312,0.0,0.210078768349445,"POLYGON ((15337126.94 5073944.148, 15340126.94 5073944.148, 15340126.94 5070944.148, 15337126.94 5070944.148, 15337126.94 5073944.148))"
喜山期,55,15338626.94,5069444.148,0.0021662403790057,0.0003556152904824,4,0.0,0.0,False,0.0902255639097744,0.4989258861439312,0.0,0.2128356605800214,"POLYGON ((15337126.94 5070944.148, 15340126.94 5070944.148, 15340126.94 5067944.148, 15337126.94 5067944.148, 15337126.94 5070944.148))"
喜山期,56,15338626.94,5066444.148,0.0022570863141374,0.0003556152904824,4,0.0,0.0,False,0.0916577157178661,0.4989258861439312,0.0,0.2138381668456856,"POLYGON ((15337126.94 5067944.148, 15340126.94 5067944.148, 15340126.94 5064944.148, 15337126.94 5064944.148, 15337126.94 5067944.148))"
喜山期,57,15338626.94,5063444.148,0.0023300795860648,0.0003556152904824,4,0.0,0.0,False,0.0927318295739348,0.4989258861439312,0.0,0.2145900465449337,"POLYGON ((15337126.94 5064944.148, 15340126.94 5064944.148, 15340126.94 5061944.148, 15337126.94 5061944.148, 15337126.94 5064944.148))"
喜山期,58,15338626.94,5060444.148,0.0023895241971487,0.0003556152904824,4,0.0,0.0,False,0.0948800572860723,0.4989258861439312,0.0,0.21609380594343,"POLYGON ((15337126.94 5061944.148, 15340126.94 5061944.148, 15340126.94 5058944.148, 15337126.94 5058944.148, 15337126.94 5061944.148))"
喜山期,59,15338626.94,5057444.148,0.0024384350125705,0.0003556152904824,4,0.0,0.0,False,0.0963122090941639,0.4989258861439312,0.0,0.2170963122090941,"POLYGON ((15337126.94 5058944.148, 15340126.94 5058944.148, 15340126.94 5055944.148, 15337126.94 5055944.148, 15337126.94 5058944.148))"
喜山期,60,15338626.94,5054444.148,0.00247898668394,0.0003556152904824,4,0.0,0.0,False,0.0973863229502327,0.4989258861439312,0.0,0.2178481919083422,"POLYGON ((15337126.94 5055944.148, 15340126.94 5055944.148, 15340126.94 5052944.148, 15337126.94 5052944.148, 15337126.94 5055944.148))"
喜山期,61,15338626.94,5051444.148,0.0025127876542732,0.0003556152904824,4,0.0,0.0,False,0.0984604368063014,0.4989258861439312,0.0,0.2186000716075904,"POLYGON ((15337126.94 5052944.148, 15340126.94 5052944.148, 15340126.94 5049944.148, 15337126.94 5049944.148, 15337126.94 5052944.148))"
喜山期,62,15338626.94,5048444.148,0.0025410532466925,0.0003556152904824,4,0.0,0.0,False,0.0995345506623702,0.4989258861439312,0.0,0.2193519513068385,"POLYGON ((15337126.94 5049944.148, 15340126.94 5049944.148, 15340126.94 5046944.148, 15337126.94 5046944.148, 15337126.94 5049944.148))"
喜山期,63,15338626.94,5045444.148,0.002564717916198,0.0003556152904824,4,0.0,0.0,False,0.1009667024704618,0.4989258861439312,0.0,0.2203544575725027,"POLYGON ((15337126.94 5046944.148, 15340126.94 5046944.148, 15340126.94 5043944.148, 15337126.94 5043944.148, 15337126.94 5046944.148))"
喜山期,64,15338626.94,5042444.148,0.0025845086271254,0.0003556152904824,4,0.0,0.0,False,0.1023988542785535,0.4989258861439312,0.0,0.2213569638381668,"POLYGON ((15337126.94 5043944.148, 15340126.94 5043944.148, 15340126.94 5040944.148, 15337126.94 5040944.148, 15337126.94 5043944.148))"
喜山期,65,15338626.94,5039444.148,0.0026009888911399,0.0003556152904824,4,0.0,0.0,False,0.1038310060866451,0.4989258861439312,0.0,0.222359470103831,"POLYGON ((15337126.94 5040944.148, 15340126.94 5040944.148, 15340126.94 5037944.148, 15337126.94 5037944.148, 15337126.94 5040944.148))"
喜山期,66,15338626.94,5036444.148,0.0026145662800621,0.0003556152904824,4,0.0,0.0,False,0.1049051199427139,0.4989258861439312,0.0,0.2231113498030791,"POLYGON ((15337126.94 5037944.148, 15340126.94 5037944.148, 15340126.94 5034944.148, 15337126.94 5034944.148, 15337126.94 5037944.148))"
喜山期,67,15338626.94,5033444.148,0.0026254112936166,0.0003556152904824,4,0.0,0.0,False,0.1059792337987826,0.4989258861439312,0.0,0.2238632295023272,"POLYGON ((15337126.94 5034944.148, 15340126.94 5034944.148, 15340126.94 5031944.148, 15337126.94 5031944.148, 15337126.94 5034944.148))"
喜山期,68,15338626.94,5030444.148,0.0026330811117597,0.0003556152904824,4,0.0,0.0,False,0.1081274615109201,0.4989258861439312,0.0,0.2253669889008235,"POLYGON ((15337126.94 5031944.148, 15340126.94 5031944.148, 15340126.94 5028944.148, 15337126.94 5028944.148, 15337126.94 5031944.148))"
喜山期,69,15338626.94,5027444.148,0.0026350673709949,0.0003556152904824,4,0.0,0.0,False,0.1088435374149659,0.4989258861439312,0.0,0.2258682420336555,"POLYGON ((15337126.94 5028944.148, 15340126.94 5028944.148, 15340126.94 5025944.148, 15337126.94 5025944.148, 15337126.94 5028944.148))"
喜山期,70,15338626.94,5024444.148,0.0026210453819815,0.0003556152904824,4,0.0,0.0,False,0.1056211958467597,0.4989258861439312,0.0,0.2236126029359112,"POLYGON ((15337126.94 5025944.148, 15340126.94 5025944.148, 15340126.94 5022944.148, 15337126.94 5022944.148, 15337126.94 5025944.148))"
喜山期,71,15338626.94,5021444.148,0.0026262253567895,0.0003556152904824,4,0.0,0.0,False,0.1066953097028285,0.4989258861439312,0.0,0.2243644826351593,"POLYGON ((15337126.94 5022944.148, 15340126.94 5022944.148, 15340126.94 5019944.148, 15337126.94 5019944.148, 15337126.94 5022944.148))"
喜山期,72,15338626.94,5018444.148,0.002626200769458,0.0003556152904824,4,0.0,0.0,False,0.1063372717508055,0.4989258861439312,0.0,0.2241138560687433,"POLYGON ((15337126.94 5019944.148, 15340126.94 5019944.148, 15340126.94 5016944.148, 15337126.94 5016944.148, 15337126.94 5019944.148))"
喜山期,73,15338626.94,5015444.148,0.0026291137526857,0.0003556152904824,4,0.0,0.0,False,0.1074113856068743,0.4989258861439312,0.0,0.2248657357679914,"POLYGON ((15337126.94 5016944.148, 15340126.94 5016944.148, 15340126.94 5013944.148, 15337126.94 5013944.148, 15337126.94 5016944.148))"
喜山期,74,15338626.94,5012444.148,0.0026264745840191,0.0003556152904824,4,0.0,0.0,False,0.1070533476548514,0.4989258861439312,0.0,0.2246151092015753,"POLYGON ((15337126.94 5013944.148, 15340126.94 5013944.148, 15340126.94 5010944.148, 15337126.94 5010944.148, 15337126.94 5013944.148))"
喜山期,75,15338626.94,5009444.148,0.0026466533267132,0.0003556152904824,4,0.0,0.0,False,0.1099176512710347,0.4989258861439312,0.0,0.2266201217329037,"POLYGON ((15337126.94 5010944.148, 15340126.94 5010944.148, 15340126.94 5007944.148, 15337126.94 5007944.148, 15337126.94 5010944.148))"
喜山期,76,15338626.94,5006444.148,0.0026492518711854,0.0003556152904824,4,0.0,0.0,False,0.1113498030791263,0.4989258861439312,0.0,0.2276226279985678,"POLYGON ((15337126.94 5007944.148, 15340126.94 5007944.148, 15340126.94 5004944.148, 15337126.94 5004944.148, 15337126.94 5007944.148))"
喜山期,77,15338626.94,5003444.148,0.0026457276134542,0.0003556152904824,4,0.0,0.0,False,0.1095596133190118,0.4989258861439312,0.0,0.2263694951664876,"POLYGON ((15337126.94 5004944.148, 15340126.94 5004944.148, 15340126.94 5001944.148, 15337126.94 5001944.148, 15337126.94 5004944.148))"
喜山期,78,15338626.94,5000444.148,0.0026391504680526,0.0003556152904824,4,0.0,0.0,False,0.1092015753669889,0.4989258861439312,0.0,0.2261188686000716,"POLYGON ((15337126.94 5001944.148, 15340126.94 5001944.148, 15340126.94 4998944.148, 15337126.94 4998944.148, 15337126.94 5001944.148))"
喜山期,79,15338626.94,4997444.148,0.0026302602211981,0.0003556152904824,4,0.0,0.0,False,0.1077694235588972,0.4989258861439312,0.0,0.2251163623344074,"POLYGON ((15337126.94 4998944.148, 15340126.94 4998944.148, 15340126.94 4995944.148, 15337126.94 4995944.148, 15337126.94 4998944.148))"
喜山期,80,15338626.94,4994444.148,0.0026190893885154,0.0003556152904824,4,0.0,0.0,False,0.1052631578947368,0.4989258861439312,0.0,0.2233619763694951,"POLYGON ((15337126.94 4995944.148, 15340126.94 4995944.148, 15340126.94 4992944.148, 15337126.94 4992944.148, 15337126.94 4995944.148))"
喜山期,81,15338626.94,4991444.148,0.0026054207455501,0.0003556152904824,4,0.0,0.0,False,0.104547081990691,0.4989258861439312,0.0,0.2228607232366631,"POLYGON ((15337126.94 4992944.148, 15340126.94 4992944.148, 15340126.94 4989944.148, 15337126.94 4989944.148, 15337126.94 4992944.148))"
喜山期,82,15338626.94,4988444.148,0.0025889091528524,0.0003556152904824,4,0.0,0.0,False,0.1027568922305764,0.4989258861439312,0.0,0.2216075904045829,"POLYGON ((15337126.94 4989944.148, 15340126.94 4989944.148, 15340126.94 4986944.148, 15337126.94 4986944.148, 15337126.94 4989944.148))"
喜山期,83,15338626.94,4985444.148,0.0025691019105549,0.0003556152904824,4,0.0,0.0,False,0.1016827783745077,0.4989258861439312,0.0,0.2208557107053347,"POLYGON ((15337126.94 4986944.148, 15340126.94 4986944.148, 15340126.94 4983944.148, 15337126.94 4983944.148, 15337126.94 4986944.148))"
喜山期,84,15338626.94,4982444.148,0.0025454242165037,0.0003556152904824,4,0.0,0.0,False,0.0998925886143931,0.4989258861439312,0.0,0.2196025778732545,"POLYGON ((15337126.94 4983944.148, 15340126.94 4983944.148, 15340126.94 4980944.148, 15337126.94 4980944.148, 15337126.94 4983944.148))"
喜山期,85,15338626.94,4979444.148,0.0025171463759597,0.0003556152904824,4,0.0,0.0,False,0.0988184747583243,0.4989258861439312,0.0,0.2188506981740064,"POLYGON ((15337126.94 4980944.148, 15340126.94 4980944.148, 15340126.94 4977944.148, 15337126.94 4977944.148, 15337126.94 4980944.148))"
喜山期,86,15338626.94,4976444.148,0.0024833332506269,0.0003556152904824,4,0.0,0.0,False,0.0977443609022556,0.4989258861439312,0.0,0.2180988184747583,"POLYGON ((15337126.94 4977944.148, 15340126.94 4977944.148, 15340126.94 4974944.148, 15337126.94 4974944.148, 15337126.94 4977944.148))"
喜山期,87,15338626.94,4973444.148,0.0024427691734403,0.0003556152904824,4,0.0,0.0,False,0.0966702470461869,0.4989258861439312,0.0,0.2173469387755102,"POLYGON ((15337126.94 4974944.148, 15340126.94 4974944.148, 15340126.94 4971944.148, 15337126.94 4971944.148, 15337126.94 4974944.148))"
喜山期,88,15338626.94,4970444.148,0.0023938449908634,0.0003556152904824,4,0.0,0.0,False,0.0952380952380952,0.4989258861439312,0.0,0.216344432509846,"POLYGON ((15337126.94 4971944.148, 15340126.94 4971944.148, 15340126.94 4968944.148, 15337126.94 4968944.148, 15337126.94 4971944.148))"
喜山期,89,15338626.94,4967444.148,0.0023343839542628,0.0003556152904824,4,0.0,0.0,False,0.0930898675259577,0.4989258861439312,0.0,0.2148406731113498,"POLYGON ((15337126.94 4968944.148, 15340126.94 4968944.148, 15340126.94 4965944.148, 15337126.94 4965944.148, 15337126.94 4968944.148))"
喜山期,90,15338626.94,4964444.148,0.0022613652405862,0.0003556152904824,4,0.0,0.0,False,0.092015753669889,0.4989258861439312,0.0,0.2140887934121016,"POLYGON ((15337126.94 4965944.148, 15340126.94 4965944.148, 15340126.94 4962944.148, 15337126.94 4962944.148, 15337126.94 4965944.148))"
喜山期,91,15338626.94,4961444.148,0.0021704691729597,0.0003556152904824,4,0.0,0.0,False,0.0905836018617973,0.4989258861439312,0.0,0.2130862871464375,"POLYGON ((15337126.94 4962944.148, 15340126.94 4962944.148, 15340126.94 4959944.148, 15337126.94 4959944.148, 15337126.94 4962944.148))"
喜山期,92,15338626.94,4958444.148,0.002055297676091,0.0003556152904824,4,0.0,0.0,False,0.0866451843895452,0.4989258861439312,0.0,0.210329394915861,"POLYGON ((15337126.94 4959944.148, 15340126.94 4959944.148, 15340126.94 4956944.148, 15337126.94 4956944.148, 15337126.94 4959944.148))"
喜山期,93,15338626.94,4955444.148,0.0019059738327238,0.0003556152904824,4,0.0,0.0,False,0.0830648048693161,0.4989258861439312,0.0,0.2078231292517006,"POLYGON ((15337126.94 4956944.148, 15340126.94 4956944.148, 15340126.94 4953944.148, 15337126.94 4953944.148, 15337126.94 4956944.148))"
喜山期,94,15338626.94,4952444.148,0.0017064926392151,0.0003556152904824,4,0.0,0.0,False,0.0802005012531328,0.4989258861439312,0.0,0.2058181167203723,"POLYGON ((15337126.94 4953944.148, 15340126.94 4953944.148, 15340126.94 4950944.148, 15337126.94 4950944.148, 15337126.94 4953944.148))"
喜山期,95,15338626.94,4949444.148,0.0014294114223633,0.0003556152904824,4,0.0,0.0,False,0.0766201217329036,0.4989258861439312,0.0,0.2033118510562119,"POLYGON ((15337126.94 4950944.148, 15340126.94 4950944.148, 15340126.94 4947944.148, 15337126.94 4947944.148, 15337126.94 4950944.148))"
喜山期,96,15338626.94,4946444.148,0.0010243525859669,0.0003556152904824,4,0.0,0.0,False,0.0343716433941997,0.4989258861439312,0.0,0.1737379162191192,"POLYGON ((15337126.94 4947944.148, 15340126.94 4947944.148, 15340126.94 4944944.148, 15337126.94 4944944.148, 15337126.94 4947944.148))"
喜山期,97,15338626.94,4943444.148,0.0003889986786442,0.0003556152904824,3,0.0,0.0,False,0.0032223415682062,0.4989258861439312,0.0,0.1519334049409237,"POLYGON ((15337126.94 4944944.148, 15340126.94 4944944.148, 15340126.94 4941944.148, 15337126.94 4941944.148, 15337126.94 4944944.148))"
喜山期,98,15341626.94,5087444.148,0.0006326794843831,0.0003556152904824,3,0.0,0.0,False,0.0071607590404582,0.4989258861439312,0.0,0.1546902971715001,"POLYGON ((15340126.94 5088944.148, 15343126.94 5088944.148, 15343126.94 5085944.148, 15340126.94 5085944.148, 15340126.94 5088944.148))"
喜山期,99,15341626.94,5084444.148,0.0015071880153963,0.0003556152904824,4,0.0,0.0,False,0.0780522735409953,0.4989258861439312,0.0,0.2043143573218761,"POLYGON ((15340126.94 5085944.148, 15343126.94 5085944.148, 15343126.94 5082944.148, 15340126.94 5082944.148, 15340126.94 5085944.148))"
喜山期,100,15341626.94,5081444.148,0.0021105928103462,0.0003556152904824,4,0.0,0.0,False,0.087719298245614,0.4989258861439312,0.0,0.2110812746151092,"POLYGON ((15340126.94 5082944.148, 15343126.94 5082944.148, 15343126.94 5079944.148, 15340126.94 5079944.148, 15340126.94 5082944.148))"
喜山期,101,15341626.94,5078444.148,0.0025473102400892,0.0003556152904824,4,0.0,0.0,False,0.100250626566416,0.4989258861439312,0.0,0.2198532044396706,"POLYGON ((15340126.94 5079944.148, 15343126.94 5079944.148, 15343126.94 5076944.148, 15340126.94 5076944.148, 15340126.94 5079944.148))"
喜山期,102,15341626.94,5075444.148,0.002875166107915,0.0003556152904824,4,0.0,0.0,False,0.117078410311493,0.4989258861439312,0.0,0.2316326530612245,"POLYGON ((15340126.94 5076944.148, 15343126.94 5076944.148, 15343126.94 5073944.148, 15340126.94 5073944.148, 15340126.94 5076944.148))"
喜山期,103,15341626.94,5072444.148,0.0031286892661626,0.0003556152904824,4,0.0,0.0,False,0.1288936627282492,0.4989258861439312,0.0,0.2399033297529538,"POLYGON ((15340126.94 5073944.148, 15343126.94 5073944.148, 15343126.94 5070944.148, 15340126.94 5070944.148, 15340126.94 5073944.148))"
喜山期,104,15341626.94,5069444.148,0.0033294486573363,0.0003556152904824,4,0.0,0.0,False,0.1521661296097386,0.4989258861439312,0.0,0.2561940565699964,"POLYGON ((15340126.94 5070944.148, 15343126.94 5070944.148, 15343126.94 5067944.148, 15340126.94 5067944.148, 15340126.94 5070944.148))"
喜山期,105,15341626.94,5066444.148,0.0034914761187393,0.0003556152904824,4,0.0,0.0,False,0.1557465091299677,0.4989258861439312,0.0,0.2587003222341568,"POLYGON ((15340126.94 5067944.148, 15343126.94 5067944.148, 15343126.94 5064944.148, 15340126.94 5064944.148, 15340126.94 5067944.148))"
喜山期,106,15341626.94,5063444.148,0.0036242479260406,0.0003556152904824,4,0.0,0.0,False,0.1611170784103115,0.4989258861439312,0.0,0.2624597207303974,"POLYGON ((15340126.94 5064944.148, 15343126.94 5064944.148, 15343126.94 5061944.148, 15340126.94 5061944.148, 15340126.94 5064944.148))"
喜山期,107,15341626.94,5060444.148,0.0037343741666163,0.0003556152904824,4,0.0,0.0,False,0.1675617615467239,0.4989258861439312,0.0,0.2669709989258861,"POLYGON ((15340126.94 5061944.148, 15343126.94 5061944.148, 15343126.94 5058944.148, 15340126.94 5058944.148, 15340126.94 5061944.148))"
喜山期,108,15341626.94,5057444.148,0.0038265916920552,0.0003556152904824,4,0.0,0.0,False,0.1704260651629072,0.4989258861439312,0.0,0.2689760114572144,"POLYGON ((15340126.94 5058944.148, 15343126.94 5058944.148, 15343126.94 5055944.148, 15340126.94 5055944.148, 15340126.94 5058944.148))"
喜山期,109,15341626.94,5054444.148,0.0039043724096884,0.0003556152904824,4,0.0,0.0,False,0.1722162549230218,0.4989258861439312,0.0,0.2702291442892947,"POLYGON ((15340126.94 5055944.148, 15343126.94 5055944.148, 15343126.94 5052944.148, 15340126.94 5052944.148, 15340126.94 5055944.148))"
喜山期,110,15341626.94,5051444.148,0.0039703106376275,0.0003556152904824,4,0.0,0.0,False,0.1747225205871822,0.4989258861439312,0.0,0.2719835302542069,"POLYGON ((15340126.94 5052944.148, 15343126.94 5052944.148, 15343126.94 5049944.148, 15340126.94 5049944.148, 15340126.94 5052944.148))"
喜山期,111,15341626.94,5048444.148,0.0040263774121834,0.0003556152904824,4,0.0,0.0,False,0.175438596491228,0.4989258861439312,0.0,0.272484783387039,"POLYGON ((15340126.94 5049944.148, 15343126.94 5049944.148, 15343126.94 5046944.148, 15340126.94 5046944.148, 15340126.94 5049944.148))"
喜山期,112,15341626.94,5045444.148,0.0040740903157695,0.0003556152904824,4,0.0,0.0,False,0.1775868242033655,0.4989258861439312,0.0,0.2739885427855352,"POLYGON ((15340126.94 5046944.148, 15343126.94 5046944.148, 15343126.94 5043944.148, 15340126.94 5043944.148, 15340126.94 5046944.148))"
喜山期,113,15341626.94,5042444.148,0.0041146245918889,0.0003556152904824,4,0.0,0.0,False,0.1783029001074113,0.4989258861439312,0.0,0.2744897959183673,"POLYGON ((15340126.94 5043944.148, 15343126.94 5043944.148, 15343126.94 5040944.148, 15340126.94 5040944.148, 15340126.94 5043944.148))"
喜山期,114,15341626.94,5039444.148,0.0041488716473445,0.0003556152904824,4,0.0,0.0,False,0.1800930898675259,0.4989258861439312,0.0,0.2757429287504475,"POLYGON ((15340126.94 5040944.148, 15343126.94 5040944.148, 15343126.94 5037944.148, 15340126.94 5037944.148, 15340126.94 5040944.148))"
喜山期,115,15341626.94,5036444.148,0.0041774177544375,0.0003556152904824,4,0.0,0.0,False,0.1811672037235947,0.4989258861439312,0.0,0.2764948084496956,"POLYGON ((15340126.94 5037944.148, 15343126.94 5037944.148, 15343126.94 5034944.148, 15340126.94 5034944.148, 15340126.94 5037944.148))"
喜山期,116,15341626.94,5033444.148,0.0042003313509464,0.0003556152904824,4,0.0,0.0,False,0.1825993555316863,0.4989258861439312,0.0,0.2774973147153598,"POLYGON ((15340126.94 5034944.148, 15343126.94 5034944.148, 15343126.94 5031944.148, 15340126.94 5031944.148, 15340126.94 5034944.148))"
喜山期,117,15341626.94,5030444.148,0.0042164112050901,0.0003556152904824,4,0.0,0.0,False,0.184031507339778,0.4989258861439312,0.0,0.278499820981024,"POLYGON ((15340126.94 5031944.148, 15343126.94 5031944.148, 15343126.94 5028944.148, 15340126.94 5028944.148, 15340126.94 5031944.148))"
喜山期,118,15341626.94,5027444.148,0.0042208625640638,0.0003556152904824,4,0.0,0.0,False,0.1847475832438238,0.4989258861439312,0.0,0.279001074113856,"POLYGON ((15340126.94 5028944.148, 15343126.94 5028944.148, 15343126.94 5025944.148, 15340126.94 5025944.148, 15340126.94 5028944.148))"
喜山期,119,15341626.94,5024444.148,0.0041980523731921,0.0003556152904824,4,0.0,0.0,False,0.1822413175796634,0.4989258861439312,0.0,0.2772466881489438,"POLYGON ((15340126.94 5025944.148, 15343126.94 5025944.148, 15343126.94 5022944.148, 15340126.94 5022944.148, 15340126.94 5025944.148))"
喜山期,120,15341626.94,5021444.148,0.0042158457838108,0.0003556152904824,4,0.0,0.0,False,0.1836734693877551,0.4989258861439312,0.0,0.2782491944146079,"POLYGON ((15340126.94 5022944.148, 15343126.94 5022944.148, 15343126.94 5019944.148, 15340126.94 5019944.148, 15340126.94 5022944.148))"
喜山期,121,15341626.94,5018444.148,0.0042168467270376,0.0003556152904824,4,0.0,0.0,False,0.1843895452918009,0.4989258861439312,0.0,0.27875044754744,"POLYGON ((15340126.94 5019944.148, 15343126.94 5019944.148, 15343126.94 5016944.148, 15340126.94 5016944.148, 15340126.94 5019944.148))"
喜山期,122,15341626.94,5015444.148,0.0042220042660416,0.0003556152904824,4,0.0,0.0,False,0.1851056211958467,0.4989258861439312,0.0,0.2792517006802721,"POLYGON ((15340126.94 5016944.148, 15343126.94 5016944.148, 15343126.94 5013944.148, 15340126.94 5013944.148, 15340126.94 5016944.148))"
喜山期,123,15341626.94,5012444.148,0.0042089196756859,0.0003556152904824,4,0.0,0.0,False,0.1833154314357322,0.4989258861439312,0.0,0.2779985678481919,"POLYGON ((15340126.94 5013944.148, 15343126.94 5013944.148, 15343126.94 5010944.148, 15340126.94 5010944.148, 15340126.94 5013944.148))"
喜山期,124,15341626.94,5009444.148,0.004243597887675,0.0003556152904824,4,0.0,0.0,False,0.1868958109559613,0.4989258861439312,0.0,0.2805048335123523,"POLYGON ((15340126.94 5010944.148, 15343126.94 5010944.148, 15343126.94 5007944.148, 15340126.94 5007944.148, 15340126.94 5010944.148))"
喜山期,125,15341626.94,5006444.148,0.0042488327767504,0.0003556152904824,4,0.0,0.0,False,0.1872538489079842,0.4989258861439312,0.0,0.2807554600787683,"POLYGON ((15340126.94 5007944.148, 15343126.94 5007944.148, 15343126.94 5004944.148, 15340126.94 5004944.148, 15340126.94 5007944.148))"
喜山期,126,15341626.94,5003444.148,0.0042415895397424,0.0003556152904824,4,0.0,0.0,False,0.1865377730039384,0.4989258861439312,0.0,0.2802542069459363,"POLYGON ((15340126.94 5004944.148, 15343126.94 5004944.148, 15343126.94 5001944.148, 15340126.94 5001944.148, 15340126.94 5004944.148))"
喜山期,127,15341626.94,5000444.148,0.0042275449377868,0.0003556152904824,4,0.0,0.0,False,0.1854636591478696,0.4989258861439312,0.0,0.2795023272466881,"POLYGON ((15340126.94 5001944.148, 15343126.94 5001944.148, 15343126.94 4998944.148, 15340126.94 4998944.148, 15340126.94 5001944.148))"
喜山期,128,15341626.94,4997444.148,0.0042084469778505,0.0003556152904824,4,0.0,0.0,False,0.1829573934837092,0.4989258861439312,0.0,0.2777479412817758,"POLYGON ((15340126.94 4998944.148, 15343126.94 4998944.148, 15343126.94 4995944.148, 15340126.94 4995944.148, 15340126.94 4998944.148))"
喜山期,129,15341626.94,4994444.148,0.0041846089018262,0.0003556152904824,4,0.0,0.0,False,0.1815252416756176,0.4989258861439312,0.0,0.2767454350161117,"POLYGON ((15340126.94 4995944.148, 15343126.94 4995944.148, 15343126.94 4992944.148, 15340126.94 4992944.148, 15340126.94 4995944.148))"
喜山期,130,15341626.94,4991444.148,0.0041557820788396,0.0003556152904824,4,0.0,0.0,False,0.1808091657715718,0.4989258861439312,0.0,0.2762441818832796,"POLYGON ((15340126.94 4992944.148, 15343126.94 4992944.148, 15343126.94 4989944.148, 15340126.94 4989944.148, 15340126.94 4992944.148))"
喜山期,131,15341626.94,4988444.148,0.0041214438237521,0.0003556152904824,4,0.0,0.0,False,0.1790189760114572,0.4989258861439312,0.0,0.2749910490511994,"POLYGON ((15340126.94 4989944.148, 15343126.94 4989944.148, 15343126.94 4986944.148, 15340126.94 4986944.148, 15340126.94 4989944.148))"
喜山期,132,15341626.94,4985444.148,0.004080871529774,0.0003556152904824,4,0.0,0.0,False,0.1779448621553884,0.4989258861439312,0.0,0.2742391693519513,"POLYGON ((15340126.94 4986944.148, 15343126.94 4986944.148, 15343126.94 4983944.148, 15340126.94 4983944.148, 15340126.94 4986944.148))"
喜山期,133,15341626.94,4982444.148,0.0040331347615354,0.0003556152904824,4,0.0,0.0,False,0.1757966344432509,0.4989258861439312,0.0,0.272735409953455,"POLYGON ((15340126.94 4983944.148, 15343126.94 4983944.148, 15343126.94 4980944.148, 15340126.94 4980944.148, 15340126.94 4983944.148))"
喜山期,134,15341626.94,4979444.148,0.0039770475767401,0.0003556152904824,4,0.0,0.0,False,0.1750805585392051,0.4989258861439312,0.0,0.2722341568206229,"POLYGON ((15340126.94 4980944.148, 15343126.94 4980944.148, 15343126.94 4977944.148, 15340126.94 4977944.148, 15340126.94 4980944.148))"
喜山期,135,15341626.94,4976444.148,0.0039110893273057,0.0003556152904824,4,0.0,0.0,False,0.1729323308270676,0.4989258861439312,0.0,0.2707303974221267,"POLYGON ((15340126.94 4977944.148, 15343126.94 4977944.148, 15343126.94 4974944.148, 15340126.94 4974944.148, 15340126.94 4977944.148))"
喜山期,136,15341626.94,4973444.148,0.0038332872349322,0.0003556152904824,4,0.0,0.0,False,0.1707841031149301,0.4989258861439312,0.0,0.2692266380236305,"POLYGON ((15340126.94 4974944.148, 15343126.94 4974944.148, 15343126.94 4971944.148, 15340126.94 4971944.148, 15340126.94 4974944.148))"
喜山期,137,15341626.94,4970444.148,0.0037410436299604,0.0003556152904824,4,0.0,0.0,False,0.1679197994987468,0.4989258861439312,0.0,0.2672216254923021,"POLYGON ((15340126.94 4971944.148, 15343126.94 4971944.148, 15343126.94 4968944.148, 15340126.94 4968944.148, 15340126.94 4971944.148))"
喜山期,138,15341626.94,4967444.148,0.0036308778156999,0.0003556152904824,4,0.0,0.0,False,0.1618331543143573,0.4989258861439312,0.0,0.2629609738632295,"POLYGON ((15340126.94 4968944.148, 15343126.94 4968944.148, 15343126.94 4965944.148, 15340126.94 4965944.148, 15340126.94 4968944.148))"
喜山期,139,15341626.94,4964444.148,0.0034980309391777,0.0003556152904824,4,0.0,0.0,False,0.1561045470819907,0.4989258861439312,0.0,0.2589509488005728,"POLYGON ((15340126.94 4965944.148, 15343126.94 4965944.148, 15343126.94 4962944.148, 15340126.94 4962944.148, 15340126.94 4965944.148))"
喜山期,140,15341626.94,4961444.148,0.0033358427082267,0.0003556152904824,4,0.0,0.0,False,0.1528822055137844,0.4989258861439312,0.0,0.2566953097028285,"POLYGON ((15340126.94 4962944.148, 15343126.94 4962944.148, 15343126.94 4959944.148, 15340126.94 4959944.148, 15340126.94 4962944.148))"
喜山期,141,15341626.94,4958444.148,0.0031347346753121,0.0003556152904824,4,0.0,0.0,False,0.1292517006802721,0.4989258861439312,0.0,0.2401539563193698,"POLYGON ((15340126.94 4959944.148, 15343126.94 4959944.148, 15343126.94 4956944.148, 15340126.94 4956944.148, 15340126.94 4959944.148))"
喜山期,142,15341626.94,4955444.148,0.002880496684249,0.0003556152904824,4,0.0,0.0,False,0.1174364482635159,0.4989258861439312,0.0,0.2318832796276405,"POLYGON ((15340126.94 4956944.148, 15343126.94 4956944.148, 15343126.94 4953944.148, 15340126.94 4953944.148, 15340126.94 4956944.148))"
喜山期,143,15341626.94,4952444.148,0.0025513177510331,0.0003556152904824,4,0.0,0.0,False,0.1006086645184389,0.4989258861439312,0.0,0.2201038310060866,"POLYGON ((15340126.94 4953944.148, 15343126.94 4953944.148, 15343126.94 4950944.148, 15340126.94 4950944.148, 15340126.94 4953944.148))"
喜山期,144,15341626.94,4949444.148,0.0021125035110168,0.0003556152904824,4,0.0,0.0,False,0.0880773361976369,0.4989258861439312,0.0,0.2113319011815252,"POLYGON ((15340126.94 4950944.148, 15343126.94 4950944.148, 15343126.94 4947944.148, 15340126.94 4947944.148, 15340126.94 4950944.148))"
喜山期,145,15341626.94,4946444.148,0.0015065429507124,0.0003556152904824,4,0.0,0.0,False,0.0776942355889724,0.4989258861439312,0.0,0.20406373075546,"POLYGON ((15340126.94 4947944.148, 15343126.94 4947944.148, 15343126.94 4944944.148, 15340126.94 4944944.148, 15340126.94 4947944.148))"
喜山期,146,15341626.94,4943444.148,0.0006304770154739,0.0003556152904824,3,0.0,0.0,False,0.0068027210884353,0.4989258861439312,0.0,0.1544396706050841,"POLYGON ((15340126.94 4944944.148, 15343126.94 4944944.148, 15343126.94 4941944.148, 15340126.94 4941944.148, 15340126.94 4944944.148))"
喜山期,147,15344626.94,5087444.148,0.0007971636397375,0.0003556152904824,3,0.0,0.0,False,0.0143215180809165,0.4989258861439312,0.0,0.1597028284998209,"POLYGON ((15343126.94 5088944.148, 15346126.94 5088944.148, 15346126.94 5085944.148, 15343126.94 5085944.148, 15343126.94 5088944.148))"
喜山期,148,15344626.94,5084444.148,0.0018648259836811,0.0003556152904824,4,0.0,0.0,False,0.0819906910132474,0.4989258861439312,0.0,0.2070712495524525,"POLYGON ((15343126.94 5085944.148, 15346126.94 5085944.148, 15346126.94 5082944.148, 15343126.94 5082944.148, 15343126.94 5085944.148))"
喜山期,149,15344626.94,5081444.148,0.002647077753222,0.0003556152904824,4,0.0,0.0,False,0.1106337271750805,0.4989258861439312,0.0,0.2271213748657357,"POLYGON ((15343126.94 5082944.148, 15346126.94 5082944.148, 15346126.94 5079944.148, 15343126.94 5079944.148, 15343126.94 5082944.148))"
喜山期,150,15344626.94,5078444.148,0.0032390718546006,0.0003556152904824,4,0.0,0.0,False,0.1374865735767991,0.4989258861439312,0.0,0.2459183673469387,"POLYGON ((15343126.94 5079944.148, 15346126.94 5079944.148, 15346126.94 5076944.148, 15343126.94 5076944.148, 15343126.94 5079944.148))"
喜山期,151,15344626.94,5075444.148,0.0036986079324608,0.0003556152904824,4,0.0,0.0,False,0.1643394199785177,0.4989258861439312,0.0,0.2647153598281417,"POLYGON ((15343126.94 5076944.148, 15346126.94 5076944.148, 15346126.94 5073944.148, 15343126.94 5073944.148, 15343126.94 5076944.148))"
喜山期,152,15344626.94,5072444.148,0.0040632442426154,0.0003556152904824,4,0.0,0.0,False,0.1768707482993197,0.4989258861439312,0.0,0.2734872896527032,"POLYGON ((15343126.94 5073944.148, 15346126.94 5073944.148, 15346126.94 5070944.148, 15343126.94 5070944.148, 15343126.94 5073944.148))"
喜山期,153,15344626.94,5069444.148,0.0043579857354171,0.0003556152904824,4,0.0,0.0,False,0.1908342284282134,0.4989258861439312,0.0,0.2832617257429287,"POLYGON ((15343126.94 5070944.148, 15346126.94 5070944.148, 15346126.94 5067944.148, 15343126.94 5067944.148, 15343126.94 5070944.148))"
喜山期,154,15344626.94,5066444.148,0.0045998815261281,0.0003556152904824,4,0.0,0.0,False,0.1979949874686716,0.4989258861439312,0.0,0.2882742570712495,"POLYGON ((15343126.94 5067944.148, 15346126.94 5067944.148, 15346126.94 5064944.148, 15343126.94 5064944.148, 15343126.94 5067944.148))"
喜山期,155,15344626.94,5063444.148,0.0048008783725486,0.0003556152904824,4,0.0,0.0,False,0.2040816326530612,0.4989258861439312,0.0,0.2925349087003222,"POLYGON ((15343126.94 5064944.148, 15346126.94 5064944.148, 15346126.94 5061944.148, 15343126.94 5061944.148, 15343126.94 5064944.148))"
喜山期,156,15344626.94,5060444.148,0.0049695733201159,0.0003556152904824,4,0.0,0.0,False,0.2105263157894736,0.4989258861439312,0.0,0.2970461868958109,"POLYGON ((15343126.94 5061944.148, 15346126.94 5061944.148, 15346126.94 5058944.148, 15343126.94 5058944.148, 15343126.94 5061944.148))"
喜山期,157,15344626.94,5057444.148,0.0051122941373849,0.0003556152904824,4,0.0,0.0,False,0.2201933404940923,0.4989258861439312,0.0,0.303813104189044,"POLYGON ((15343126.94 5058944.148, 15346126.94 5058944.148, 15346126.94 5055944.148, 15343126.94 5055944.148, 15343126.94 5058944.148))"
喜山期,158,15344626.94,5054444.148,0.0052337826328028,0.0003556152904824,4,0.0,0.0,False,0.2334407447189402,0.4989258861439312,0.0,0.3130862871464375,"POLYGON ((15343126.94 5055944.148, 15346126.94 5055944.148, 15346126.94 5052944.148, 15343126.94 5052944.148, 15343126.94 5055944.148))"
喜山期,159,15344626.94,5051444.148,0.0053376431266321,0.0003556152904824,4,0.0,0.0,False,0.2366630862871464,0.4989258861439312,0.0,0.3153419262441819,"POLYGON ((15343126.94 5052944.148, 15346126.94 5052944.148, 15346126.94 5049944.148, 15343126.94 5049944.148, 15343126.94 5052944.148))"
喜山期,160,15344626.94,5048444.148,0.0054266466796106,0.0003556152904824,4,0.0,0.0,False,0.2402434658073755,0.4989258861439312,0.0,0.3178481919083422,"POLYGON ((15343126.94 5049944.148, 15346126.94 5049944.148, 15346126.94 5046944.148, 15343126.94 5046944.148, 15343126.94 5049944.148))"
喜山期,161,15344626.94,5045444.148,0.005502939736106,0.0003556152904824,4,0.0,0.0,False,0.2427497314715359,0.4989258861439312,0.0,0.3196025778732545,"POLYGON ((15343126.94 5046944.148, 15346126.94 5046944.148, 15346126.94 5043944.148, 15343126.94 5043944.148, 15343126.94 5046944.148))"
喜山期,162,15344626.94,5042444.148,0.0055681786527578,0.0003556152904824,4,0.0,0.0,False,0.2445399212316505,0.4989258861439312,0.0,0.3208557107053347,"POLYGON ((15343126.94 5043944.148, 15346126.94 5043944.148, 15346126.94 5040944.148, 15343126.94 5040944.148, 15343126.94 5043944.148))"
喜山期,163,15344626.94,5039444.148,0.0056235833392654,0.0003556152904824,4,0.0,0.0,False,0.2481203007518796,0.4989258861439312,0.0,0.3233619763694951,"POLYGON ((15343126.94 5040944.148, 15346126.94 5040944.148, 15346126.94 5037944.148, 15343126.94 5037944.148, 15343126.94 5040944.148))"
喜山期,164,15344626.94,5036444.148,0.0056698520067312,0.0003556152904824,4,0.0,0.0,False,0.2502685284640172,0.4989258861439312,0.0,0.3248657357679914,"POLYGON ((15343126.94 5037944.148, 15346126.94 5037944.148, 15346126.94 5034944.148, 15343126.94 5034944.148, 15343126.94 5037944.148))"
喜山期,165,15344626.94,5033444.148,0.0057067647216775,0.0003556152904824,4,0.0,0.0,False,0.2524167561761546,0.4989258861439312,0.0,0.3263694951664876,"POLYGON ((15343126.94 5034944.148, 15346126.94 5034944.148, 15346126.94 5031944.148, 15343126.94 5031944.148, 15343126.94 5034944.148))"
喜山期,166,15344626.94,5030444.148,0.0057320456594174,0.0003556152904824,4,0.0,0.0,False,0.2542069459362692,0.4989258861439312,0.0,0.3276226279985678,"POLYGON ((15343126.94 5031944.148, 15346126.94 5031944.148, 15346126.94 5028944.148, 15343126.94 5028944.148, 15343126.94 5031944.148))"
喜山期,167,15344626.94,5027444.148,0.0057384603790443,0.0003556152904824,4,0.0,0.0,False,0.2545649838882922,0.4989258861439312,0.0,0.3278732545649839,"POLYGON ((15343126.94 5028944.148, 15346126.94 5028944.148, 15346126.94 5025944.148, 15343126.94 5025944.148, 15343126.94 5028944.148))"
喜山期,168,15344626.94,5024444.148,0.0057063395721019,0.0003556152904824,4,0.0,0.0,False,0.2520587182241318,0.4989258861439312,0.0,0.3261188686000716,"POLYGON ((15343126.94 5025944.148, 15346126.94 5025944.148, 15346126.94 5022944.148, 15343126.94 5022944.148, 15343126.94 5025944.148))"
喜山期,169,15344626.94,5021444.148,0.0057416243190564,0.0003556152904824,4,0.0,0.0,False,0.254923021840315,0.4989258861439312,0.0,0.3281238811313999,"POLYGON ((15343126.94 5022944.148, 15346126.94 5022944.148, 15346126.94 5019944.148, 15343126.94 5019944.148, 15343126.94 5022944.148))"
喜山期,170,15344626.94,5018444.148,0.0057434955206291,0.0003556152904824,4,0.0,0.0,False,0.255281059792338,0.4989258861439312,0.0,0.3283745076978159,"POLYGON ((15343126.94 5019944.148, 15346126.94 5019944.148, 15346126.94 5016944.148, 15343126.94 5016944.148, 15343126.94 5019944.148))"
喜山期,171,15344626.94,5015444.148,0.0057516334352534,0.0003556152904824,4,0.0,0.0,False,0.2567132116004296,0.4989258861439312,0.0,0.3293770139634801,"POLYGON ((15343126.94 5016944.148, 15346126.94 5016944.148, 15346126.94 5013944.148, 15343126.94 5013944.148, 15343126.94 5016944.148))"
喜山期,172,15344626.94,5012444.148,0.0057234068716909,0.0003556152904824,4,0.0,0.0,False,0.2538489079842463,0.4989258861439312,0.0,0.3273720014321518,"POLYGON ((15343126.94 5013944.148, 15346126.94 5013944.148, 15346126.94 5010944.148, 15343126.94 5010944.148, 15343126.94 5013944.148))"
喜山期,173,15344626.94,5009444.148,0.0057738137542817,0.0003556152904824,4,0.0,0.0,False,0.2577873254564984,0.4989258861439312,0.0,0.3301288936627282,"POLYGON ((15343126.94 5010944.148, 15346126.94 5010944.148, 15346126.94 5007944.148, 15343126.94 5007944.148, 15343126.94 5010944.148))"
喜山期,174,15344626.94,5006444.148,0.0057832377029245,0.0003556152904824,4,0.0,0.0,False,0.2585034013605442,0.4989258861439312,0.0,0.3306301467955603,"POLYGON ((15343126.94 5007944.148, 15346126.94 5007944.148, 15346126.94 5004944.148, 15343126.94 5004944.148, 15343126.94 5007944.148))"
喜山期,175,15344626.94,5003444.148,0.0057725817972547,0.0003556152904824,4,0.0,0.0,False,0.2574292875044754,0.4989258861439312,0.0,0.3298782670963122,"POLYGON ((15343126.94 5004944.148, 15346126.94 5004944.148, 15346126.94 5001944.148, 15343126.94 5001944.148, 15343126.94 5004944.148))"
喜山期,176,15344626.94,5000444.148,0.0057501733972692,0.0003556152904824,4,0.0,0.0,False,0.2563551736484067,0.4989258861439312,0.0,0.329126387397064,"POLYGON ((15343126.94 5001944.148, 15346126.94 5001944.148, 15346126.94 4998944.148, 15343126.94 4998944.148, 15343126.94 5001944.148))"
喜山期,177,15344626.94,4997444.148,0.005719095499319,0.0003556152904824,4,0.0,0.0,False,0.2534908700322234,0.4989258861439312,0.0,0.3271213748657358,"POLYGON ((15343126.94 4998944.148, 15346126.94 4998944.148, 15346126.94 4995944.148, 15343126.94 4995944.148, 15343126.94 4998944.148))"
喜山期,178,15344626.94,4994444.148,0.0056801724462363,0.0003556152904824,4,0.0,0.0,False,0.2506265664160401,0.4989258861439312,0.0,0.3251163623344074,"POLYGON ((15343126.94 4995944.148, 15346126.94 4995944.148, 15346126.94 4992944.148, 15343126.94 4992944.148, 15343126.94 4995944.148))"
喜山期,179,15344626.94,4991444.148,0.0056332313487306,0.0003556152904824,4,0.0,0.0,False,0.2484783387039026,0.4989258861439312,0.0,0.3236126029359112,"POLYGON ((15343126.94 4992944.148, 15346126.94 4992944.148, 15346126.94 4989944.148, 15343126.94 4989944.148, 15343126.94 4992944.148))"
喜山期,180,15344626.94,4988444.148,0.0055776011390999,0.0003556152904824,4,0.0,0.0,False,0.2448979591836734,0.4989258861439312,0.0,0.3211063372717507,"POLYGON ((15343126.94 4989944.148, 15346126.94 4989944.148, 15346126.94 4986944.148, 15343126.94 4986944.148, 15343126.94 4989944.148))"
喜山期,181,15344626.94,4985444.148,0.0055122774993122,0.0003556152904824,4,0.0,0.0,False,0.2431077694235588,0.4989258861439312,0.0,0.3198532044396706,"POLYGON ((15343126.94 4986944.148, 15346126.94 4986944.148, 15346126.94 4983944.148, 15343126.94 4983944.148, 15343126.94 4986944.148))"
喜山期,182,15344626.94,4982444.148,0.0054359413696138,0.0003556152904824,4,0.0,0.0,False,0.2409595417114214,0.4989258861439312,0.0,0.3183494450411743,"POLYGON ((15343126.94 4983944.148, 15346126.94 4983944.148, 15346126.94 4980944.148, 15343126.94 4980944.148, 15343126.94 4983944.148))"
喜山期,183,15344626.94,4979444.148,0.0053469058265302,0.0003556152904824,4,0.0,0.0,False,0.2373791621911922,0.4989258861439312,0.0,0.3158431793770139,"POLYGON ((15343126.94 4980944.148, 15346126.94 4980944.148, 15346126.94 4977944.148, 15343126.94 4977944.148, 15343126.94 4980944.148))"
喜山期,184,15344626.94,4976444.148,0.0052430144499559,0.0003556152904824,4,0.0,0.0,False,0.234156820622986,0.4989258861439312,0.0,0.3135875402792696,"POLYGON ((15343126.94 4977944.148, 15346126.94 4977944.148, 15346126.94 4974944.148, 15343126.94 4974944.148, 15343126.94 4977944.148))"
喜山期,185,15344626.94,4973444.148,0.0051214899007991,0.0003556152904824,4,0.0,0.0,False,0.221625492302184,0.4989258861439312,0.0,0.3048156104547082,"POLYGON ((15343126.94 4974944.148, 15346126.94 4974944.148, 15346126.94 4971944.148, 15343126.94 4971944.148, 15343126.94 4974944.148))"
喜山期,186,15344626.94,4970444.148,0.004978716643317,0.0003556152904824,4,0.0,0.0,False,0.2108843537414966,0.4989258861439312,0.0,0.297296813462227,"POLYGON ((15343126.94 4971944.148, 15346126.94 4971944.148, 15346126.94 4968944.148, 15343126.94 4968944.148, 15343126.94 4971944.148))"
喜山期,187,15344626.94,4967444.148,0.0048099266845137,0.0003556152904824,4,0.0,0.0,False,0.204797708557107,0.4989258861439312,0.0,0.2930361618331543,"POLYGON ((15343126.94 4968944.148, 15346126.94 4968944.148, 15346126.94 4965944.148, 15343126.94 4965944.148, 15343126.94 4968944.148))"
喜山期,188,15344626.94,4964444.148,0.0046087344171426,0.0003556152904824,4,0.0,0.0,False,0.1987110633727175,0.4989258861439312,0.0,0.2887755102040816,"POLYGON ((15343126.94 4965944.148, 15346126.94 4965944.148, 15346126.94 4962944.148, 15343126.94 4962944.148, 15343126.94 4965944.148))"
喜山期,189,15344626.94,4961444.148,0.0043664283666613,0.0003556152904824,4,0.0,0.0,False,0.1911922663802363,0.4989258861439312,0.0,0.2835123523093448,"POLYGON ((15343126.94 4962944.148, 15346126.94 4962944.148, 15346126.94 4959944.148, 15343126.94 4959944.148, 15343126.94 4962944.148))"
喜山期,190,15344626.94,4958444.148,0.0040708660076381,0.0003556152904824,4,0.0,0.0,False,0.1772287862513426,0.4989258861439312,0.0,0.2737379162191192,"POLYGON ((15343126.94 4959944.148, 15346126.94 4959944.148, 15346126.94 4956944.148, 15343126.94 4956944.148, 15343126.94 4959944.148))"
喜山期,191,15344626.94,4955444.148,0.0037047288590974,0.0003556152904824,4,0.0,0.0,False,0.1650554958825635,0.4989258861439312,0.0,0.2652166129609739,"POLYGON ((15343126.94 4956944.148, 15346126.94 4956944.148, 15346126.94 4953944.148, 15343126.94 4953944.148, 15343126.94 4956944.148))"
喜山期,192,15344626.94,4952444.148,0.0032427794370653,0.0003556152904824,4,0.0,0.0,False,0.1382026494808449,0.4989258861439312,0.0,0.2464196204797708,"POLYGON ((15343126.94 4953944.148, 15346126.94 4953944.148, 15346126.94 4950944.148, 15343126.94 4950944.148, 15343126.94 4953944.148))"
喜山期,193,15344626.94,4949444.148,0.0026475677753169,0.0003556152904824,4,0.0,0.0,False,0.1109917651271034,0.4989258861439312,0.0,0.2273720014321518,"POLYGON ((15343126.94 4950944.148, 15346126.94 4950944.148, 15346126.94 4947944.148, 15343126.94 4947944.148, 15343126.94 4950944.148))"
喜山期,194,15344626.94,4946444.148,0.0018622332375695,0.0003556152904824,4,0.0,0.0,False,0.0816326530612244,0.4989258861439312,0.0,0.2068206229860365,"POLYGON ((15343126.94 4947944.148, 15346126.94 4947944.148, 15346126.94 4944944.148, 15343126.94 4944944.148, 15343126.94 4947944.148))"
喜山期,195,15344626.94,4943444.148,0.0007936749880356,0.0003556152904824,3,0.0,0.0,False,0.0139634801288936,0.4989258861439312,0.0,0.1594522019334049,"POLYGON ((15343126.94 4944944.148, 15346126.94 4944944.148, 15346126.94 4941944.148, 15343126.94 4941944.148, 15343126.94 4944944.148))"
喜山期,196,15347626.94,5087444.148,0.0009142968473276,0.0003556152904824,3,0.0,0.0,False,0.0204081632653061,0.4989258861439312,0.0,0.1639634801288936,"POLYGON ((15346126.94 5088944.148, 15349126.94 5088944.148, 15349126.94 5085944.148, 15346126.94 5085944.148, 15346126.94 5088944.148))"
喜山期,197,15347626.94,5084444.148,0.0021378540154962,0.0003556152904824,4,0.0,0.0,False,0.0895094880057286,0.4989258861439312,0.0,0.2123344074471894,"POLYGON ((15346126.94 5085944.148, 15349126.94 5085944.148, 15349126.94 5082944.148, 15346126.94 5082944.148, 15346126.94 5085944.148))"
喜山期,198,15347626.94,5081444.148,0.0030769160871746,0.0003556152904824,4,0.0,0.0,False,0.1263873970640888,0.4989258861439312,0.0,0.2381489437880415,"POLYGON ((15346126.94 5082944.148, 15349126.94 5082944.148, 15349126.94 5079944.148, 15346126.94 5079944.148, 15346126.94 5082944.148))"
喜山期,199,15347626.94,5078444.148,0.0038140147245715,0.0003556152904824,4,0.0,0.0,False,0.1697099892588614,0.4989258861439312,0.0,0.2684747583243824,"POLYGON ((15346126.94 5079944.148, 15349126.94 5079944.148, 15349126.94 5076944.148, 15346126.94 5076944.148, 15346126.94 5079944.148))"
喜山期,200,15347626.94,5075444.148,0.0044026128941667,0.0003556152904824,4,0.0,0.0,False,0.1919083422842821,0.4989258861439312,0.0,0.2840136054421768,"POLYGON ((15346126.94 5076944.148, 15349126.94 5076944.148, 15349126.94 5073944.148, 15346126.94 5073944.148, 15346126.94 5076944.148))"
喜山期,201,15347626.94,5072444.148,0.0048801923474496,0.0003556152904824,4,0.0,0.0,False,0.2069459362692445,0.4989258861439312,0.0,0.2945399212316505,"POLYGON ((15346126.94 5073944.148, 15349126.94 5073944.148, 15349126.94 5070944.148, 15346126.94 5070944.148, 15346126.94 5073944.148))"
喜山期,202,15347626.94,5069444.148,0.0052732598822346,0.0003556152904824,4,0.0,0.0,False,0.2348728965270318,0.4989258861439312,0.0,0.3140887934121016,"POLYGON ((15346126.94 5070944.148, 15349126.94 5070944.148, 15349126.94 5067944.148, 15346126.94 5067944.148, 15346126.94 5070944.148))"
喜山期,203,15347626.94,5066444.148,0.0056006807162866,0.0003556152904824,4,0.0,0.0,False,0.2459720730397422,0.4989258861439312,0.0,0.3218582169709989,"POLYGON ((15346126.94 5067944.148, 15349126.94 5067944.148, 15349126.94 5064944.148, 15346126.94 5064944.148, 15346126.94 5067944.148))"
喜山期,204,15347626.94,5063444.148,0.0058761004545855,0.0003556152904824,4,0.0,0.0,False,0.2606516290726817,0.4989258861439312,0.0,0.3321339061940566,"POLYGON ((15346126.94 5064944.148, 15349126.94 5064944.148, 15349126.94 5061944.148, 15346126.94 5061944.148, 15346126.94 5064944.148))"
喜山期,205,15347626.94,5060444.148,0.006109607364819,0.0003556152904824,4,0.0,0.0,False,0.2710347296813462,0.4989258861439312,0.0,0.3394020766201217,"POLYGON ((15346126.94 5061944.148, 15349126.94 5061944.148, 15349126.94 5058944.148, 15346126.94 5058944.148, 15346126.94 5061944.148))"
喜山期,206,15347626.94,5057444.148,0.0063088180993946,0.0003556152904824,4,0.0,0.0,False,0.2781954887218045,0.4989258861439312,0.0,0.3444146079484425,"POLYGON ((15346126.94 5058944.148, 15349126.94 5058944.148, 15349126.94 5055944.148, 15346126.94 5055944.148, 15346126.94 5058944.148))"
喜山期,207,15347626.94,5054444.148,0.0064795788165938,0.0003556152904824,4,0.0,0.0,False,0.2857142857142857,0.4989258861439312,0.0,0.3496777658431793,"POLYGON ((15346126.94 5055944.148, 15349126.94 5055944.148, 15349126.94 5052944.148, 15346126.94 5052944.148, 15346126.94 5055944.148))"
喜山期,208,15347626.94,5051444.148,0.00662642844555,0.0003556152904824,4,0.0,0.0,False,0.2896527031865378,0.4989258861439312,0.0,0.3524346580737558,"POLYGON ((15346126.94 5052944.148, 15349126.94 5052944.148, 15349126.94 5049944.148, 15346126.94 5049944.148, 15346126.94 5052944.148))"
喜山期,209,15347626.94,5048444.148,0.0067529156079715,0.0003556152904824,4,0.0,0.0,False,0.2960973863229502,0.4989258861439312,0.0,0.3569459362692445,"POLYGON ((15346126.94 5049944.148, 15349126.94 5049944.148, 15349126.94 5046944.148, 15346126.94 5046944.148, 15346126.94 5049944.148))"
喜山期,210,15347626.94,5045444.148,0.0068618165974793,0.0003556152904824,4,0.0,0.0,False,0.3018259935553168,0.4989258861439312,0.0,0.3609559613319011,"POLYGON ((15346126.94 5046944.148, 15349126.94 5046944.148, 15349126.94 5043944.148, 15346126.94 5043944.148, 15346126.94 5046944.148))"
喜山期,211,15347626.94,5042444.148,0.0069552671296395,0.0003556152904824,4,0.0,0.0,False,0.3075546007876835,0.4989258861439312,0.0,0.3649659863945578,"POLYGON ((15346126.94 5043944.148, 15349126.94 5043944.148, 15349126.94 5040944.148, 15346126.94 5040944.148, 15346126.94 5043944.148))"
喜山期,212,15347626.94,5039444.148,0.00703478149697,0.0003556152904824,4,0.0,0.0,False,0.3157894736842105,0.4989258861439312,0.0,0.3707303974221267,"POLYGON ((15346126.94 5040944.148, 15349126.94 5040944.148, 15349126.94 5037944.148, 15346126.94 5037944.148, 15346126.94 5040944.148))"
喜山期,213,15347626.94,5036444.148,0.0071010677638332,0.0003556152904824,4,0.0,0.0,False,0.3208020050125313,0.4989258861439312,0.0,0.3742391693519513,"POLYGON ((15346126.94 5037944.148, 15349126.94 5037944.148, 15349126.94 5034944.148, 15346126.94 5034944.148, 15346126.94 5037944.148))"
喜山期,214,15347626.94,5033444.148,0.0071534281063162,0.0003556152904824,4,0.0,0.0,False,0.3218761188686,0.4989258861439312,0.0,0.3749910490511994,"POLYGON ((15346126.94 5034944.148, 15349126.94 5034944.148, 15349126.94 5031944.148, 15346126.94 5031944.148, 15346126.94 5034944.148))"
喜山期,215,15347626.94,5030444.148,0.0071883232608563,0.0003556152904824,4,0.0,0.0,False,0.3254564983888292,0.4989258861439312,0.0,0.3774973147153598,"POLYGON ((15346126.94 5031944.148, 15349126.94 5031944.148, 15349126.94 5028944.148, 15346126.94 5028944.148, 15346126.94 5031944.148))"
喜山期,216,15347626.94,5027444.148,0.0071962894620567,0.0003556152904824,4,0.0,0.0,False,0.3258145363408521,0.4989258861439312,0.0,0.3777479412817758,"POLYGON ((15346126.94 5028944.148, 15349126.94 5028944.148, 15349126.94 5025944.148, 15346126.94 5025944.148, 15346126.94 5028944.148))"
喜山期,217,15347626.94,5024444.148,0.0071551005450863,0.0003556152904824,4,0.0,0.0,False,0.322234156820623,0.4989258861439312,0.0,0.3752416756176154,"POLYGON ((15346126.94 5025944.148, 15349126.94 5025944.148, 15349126.94 5022944.148, 15346126.94 5022944.148, 15346126.94 5025944.148))"
喜山期,218,15347626.94,5021444.148,0.0072120590928677,0.0003556152904824,4,0.0,0.0,False,0.3265306122448979,0.4989258861439312,0.0,0.3782491944146079,"POLYGON ((15346126.94 5022944.148, 15349126.94 5022944.148, 15349126.94 5019944.148, 15346126.94 5019944.148, 15346126.94 5022944.148))"
喜山期,219,15347626.94,5018444.148,0.007214364357369,0.0003556152904824,4,0.0,0.0,False,0.3268886501969208,0.4989258861439312,0.0,0.3784998209810239,"POLYGON ((15346126.94 5019944.148, 15349126.94 5019944.148, 15349126.94 5016944.148, 15346126.94 5016944.148, 15346126.94 5019944.148))"
喜山期,220,15347626.94,5015444.148,0.0072264350350807,0.0003556152904824,4,0.0,0.0,False,0.3276047261009667,0.4989258861439312,0.0,0.3790010741138561,"POLYGON ((15346126.94 5016944.148, 15349126.94 5016944.148, 15349126.94 5013944.148, 15346126.94 5013944.148, 15346126.94 5016944.148))"
喜山期,221,15347626.94,5012444.148,0.007179127539522,0.0003556152904824,4,0.0,0.0,False,0.3247404224847834,0.4989258861439312,0.0,0.3769960615825277,"POLYGON ((15346126.94 5013944.148, 15349126.94 5013944.148, 15349126.94 5010944.148, 15346126.94 5010944.148, 15346126.94 5013944.148))"
喜山期,222,15347626.94,5009444.148,0.0072455179373701,0.0003556152904824,4,0.0,0.0,False,0.3290368779090583,0.4989258861439312,0.0,0.3800035803795202,"POLYGON ((15346126.94 5010944.148, 15349126.94 5010944.148, 15349126.94 5007944.148, 15346126.94 5007944.148, 15346126.94 5010944.148))"
喜山期,223,15347626.94,5006444.148,0.0072603794953405,0.0003556152904824,4,0.0,0.0,False,0.3301109917651271,0.4989258861439312,0.0,0.3807554600787683,"POLYGON ((15346126.94 5007944.148, 15349126.94 5007944.148, 15349126.94 5004944.148, 15346126.94 5004944.148, 15346126.94 5007944.148))"
喜山期,224,15347626.94,5003444.148,0.0072468794995367,0.0003556152904824,4,0.0,0.0,False,0.3293949158610812,0.4989258861439312,0.0,0.3802542069459362,"POLYGON ((15346126.94 5004944.148, 15349126.94 5004944.148, 15349126.94 5001944.148, 15346126.94 5001944.148, 15346126.94 5004944.148))"
喜山期,225,15347626.94,5000444.148,0.0072156375007118,0.0003556152904824,4,0.0,0.0,False,0.3272466881489438,0.4989258861439312,0.0,0.37875044754744,"POLYGON ((15346126.94 5001944.148, 15349126.94 5001944.148, 15349126.94 4998944.148, 15346126.94 4998944.148, 15346126.94 5001944.148))"
喜山期,226,15347626.94,4997444.148,0.0071712195277327,0.0003556152904824,4,0.0,0.0,False,0.3236663086287146,0.4989258861439312,0.0,0.3762441818832796,"POLYGON ((15346126.94 4998944.148, 15349126.94 4998944.148, 15349126.94 4995944.148, 15346126.94 4995944.148, 15346126.94 4998944.148))"
喜山期,227,15347626.94,4994444.148,0.0071151695119823,0.0003556152904824,4,0.0,0.0,False,0.3211600429645542,0.4989258861439312,0.0,0.3744897959183673,"POLYGON ((15346126.94 4995944.148, 15349126.94 4995944.148, 15349126.94 4992944.148, 15346126.94 4992944.148, 15346126.94 4995944.148))"
喜山期,228,15347626.94,4991444.148,0.0070475251117753,0.0003556152904824,4,0.0,0.0,False,0.3182957393483709,0.4989258861439312,0.0,0.372484783387039,"POLYGON ((15346126.94 4992944.148, 15349126.94 4992944.148, 15349126.94 4989944.148, 15346126.94 4989944.148, 15346126.94 4992944.148))"
喜山期,229,15347626.94,4988444.148,0.0069675256309144,0.0003556152904824,4,0.0,0.0,False,0.3086287146437522,0.4989258861439312,0.0,0.3657178660938059,"POLYGON ((15346126.94 4989944.148, 15349126.94 4989944.148, 15349126.94 4986944.148, 15346126.94 4986944.148, 15346126.94 4989944.148))"
喜山期,230,15347626.94,4985444.148,0.0068738957631954,0.0003556152904824,4,0.0,0.0,False,0.3036161833154314,0.4989258861439312,0.0,0.3622090941639814,"POLYGON ((15346126.94 4986944.148, 15349126.94 4986944.148, 15349126.94 4983944.148, 15346126.94 4983944.148, 15346126.94 4986944.148))"
喜山期,231,15347626.94,4982444.148,0.0067649151072648,0.0003556152904824,4,0.0,0.0,False,0.296813462226996,0.4989258861439312,0.0,0.3574471894020766,"POLYGON ((15346126.94 4983944.148, 15349126.94 4983944.148, 15349126.94 4980944.148, 15346126.94 4980944.148, 15346126.94 4983944.148))"
喜山期,232,15347626.94,4979444.148,0.0066383768970073,0.0003556152904824,4,0.0,0.0,False,0.2907268170426065,0.4989258861439312,0.0,0.3531865377730039,"POLYGON ((15346126.94 4980944.148, 15349126.94 4980944.148, 15349126.94 4977944.148, 15346126.94 4977944.148, 15346126.94 4980944.148))"
喜山期,233,15347626.94,4976444.148,0.0064914785543356,0.0003556152904824,4,0.0,0.0,False,0.2864303616183315,0.4989258861439312,0.0,0.3501790189760114,"POLYGON ((15346126.94 4977944.148, 15349126.94 4977944.148, 15349126.94 4974944.148, 15346126.94 4974944.148, 15346126.94 4977944.148))"
喜山期,234,15347626.94,4973444.148,0.0063206534596937,0.0003556152904824,4,0.0,0.0,False,0.2792696025778732,0.4989258861439312,0.0,0.3451664876476906,"POLYGON ((15346126.94 4974944.148, 15349126.94 4974944.148, 15349126.94 4971944.148, 15346126.94 4971944.148, 15346126.94 4974944.148))"
喜山期,235,15347626.94,4970444.148,0.0061213329251993,0.0003556152904824,4,0.0,0.0,False,0.2713927676333691,0.4989258861439312,0.0,0.3396527031865377,"POLYGON ((15346126.94 4971944.148, 15349126.94 4971944.148, 15349126.94 4968944.148, 15346126.94 4968944.148, 15346126.94 4971944.148))"
喜山期,236,15347626.94,4967444.148,0.0058876089415288,0.0003556152904824,4,0.0,0.0,False,0.2617257429287504,0.4989258861439312,0.0,0.3328857858933046,"POLYGON ((15346126.94 4968944.148, 15349126.94 4968944.148, 15349126.94 4965944.148, 15346126.94 4965944.148, 15346126.94 4968944.148))"
喜山期,237,15347626.94,4964444.148,0.005611744478691,0.0003556152904824,4,0.0,0.0,False,0.2474042248478338,0.4989258861439312,0.0,0.322860723236663,"POLYGON ((15346126.94 4965944.148, 15349126.94 4965944.148, 15349126.94 4962944.148, 15346126.94 4962944.148, 15346126.94 4965944.148))"
喜山期,238,15347626.94,4961444.148,0.0052834460412583,0.0003556152904824,4,0.0,0.0,False,0.2352309344790547,0.4989258861439312,0.0,0.3143394199785177,"POLYGON ((15346126.94 4962944.148, 15349126.94 4962944.148, 15349126.94 4959944.148, 15346126.94 4959944.148, 15346126.94 4962944.148))"
喜山期,239,15347626.94,4958444.148,0.0048887789997084,0.0003556152904824,4,0.0,0.0,False,0.2073039742212674,0.4989258861439312,0.0,0.2947905477980665,"POLYGON ((15346126.94 4959944.148, 15349126.94 4959944.148, 15349126.94 4956944.148, 15346126.94 4956944.148, 15346126.94 4959944.148))"
喜山期,240,15347626.94,4955444.148,0.004408590476638,0.0003556152904824,4,0.0,0.0,False,0.192266380236305,0.4989258861439312,0.0,0.2842642320085929,"POLYGON ((15346126.94 4956944.148, 15349126.94 4956944.148, 15349126.94 4953944.148, 15346126.94 4953944.148, 15346126.94 4956944.148))"
喜山期,241,15347626.94,4952444.148,0.0038163271224548,0.0003556152904824,4,0.0,0.0,False,0.1700680272108843,0.4989258861439312,0.0,0.2687253848907984,"POLYGON ((15346126.94 4953944.148, 15349126.94 4953944.148, 15349126.94 4950944.148, 15346126.94 4950944.148, 15346126.94 4953944.148))"
喜山期,242,15347626.94,4949444.148,0.003075099490461,0.0003556152904824,4,0.0,0.0,False,0.1260293591120659,0.4989258861439312,0.0,0.2378983172216255,"POLYGON ((15346126.94 4950944.148, 15349126.94 4950944.148, 15349126.94 4947944.148, 15346126.94 4947944.148, 15346126.94 4950944.148))"
喜山期,243,15347626.94,4946444.148,0.0021330003451216,0.0003556152904824,4,0.0,0.0,False,0.0891514500537056,0.4989258861439312,0.0,0.2120837808807733,"POLYGON ((15346126.94 4947944.148, 15349126.94 4947944.148, 15349126.94 4944944.148, 15346126.94 4944944.148, 15346126.94 4947944.148))"
喜山期,244,15347626.94,4943444.148,0.0009096688600732,0.0003556152904824,3,0.0,0.0,False,0.0200501253132832,0.4989258861439312,0.0,0.1637128535624776,"POLYGON ((15346126.94 4944944.148, 15349126.94 4944944.148, 15349126.94 4941944.148, 15346126.94 4941944.148, 15346126.94 4944944.148))"
喜山期,245,15350626.94,5087444.148,0.0010006200079143,0.0003556152904824,3,0.0,0.0,False,0.0336555674901539,0.4989258861439312,0.0,0.1732366630862871,"POLYGON ((15349126.94 5088944.148, 15352126.94 5088944.148, 15352126.94 5085944.148, 15349126.94 5085944.148, 15349126.94 5088944.148))"
喜山期,246,15350626.94,5084444.148,0.0023512120487036,0.0003556152904824,4,0.0,0.0,False,0.0941639813820265,0.4989258861439312,0.0,0.2155925528105979,"POLYGON ((15349126.94 5085944.148, 15352126.94 5085944.148, 15352126.94 5082944.148, 15349126.94 5082944.148, 15349126.94 5085944.148))"
喜山期,247,15350626.94,5081444.148,0.0034266320446057,0.0003556152904824,4,0.0,0.0,False,0.154672395273899,0.4989258861439312,0.0,0.2579484425349087,"POLYGON ((15349126.94 5082944.148, 15352126.94 5082944.148, 15352126.94 5079944.148, 15349126.94 5079944.148, 15349126.94 5082944.148))"
喜山期,248,15350626.94,5078444.148,0.0042968538508657,0.0003556152904824,4,0.0,0.0,False,0.1886860007160759,0.4989258861439312,0.0,0.2817579663444325,"POLYGON ((15349126.94 5079944.148, 15352126.94 5079944.148, 15352126.94 5076944.148, 15349126.94 5076944.148, 15349126.94 5079944.148))"
喜山期,249,15350626.94,5075444.148,0.0050088376514203,0.0003556152904824,4,0.0,0.0,False,0.213390619405657,0.4989258861439312,0.0,0.2990511994271393,"POLYGON ((15349126.94 5076944.148, 15352126.94 5076944.148, 15352126.94 5073944.148, 15349126.94 5073944.148, 15349126.94 5076944.148))"
喜山期,250,15350626.94,5072444.148,0.0055978749693426,0.0003556152904824,4,0.0,0.0,False,0.2456140350877192,0.4989258861439312,0.0,0.3216075904045828,"POLYGON ((15349126.94 5073944.148, 15352126.94 5073944.148, 15352126.94 5070944.148, 15349126.94 5070944.148, 15349126.94 5073944.148))"
喜山期,251,15350626.94,5069444.148,0.0060905024601111,0.0003556152904824,4,0.0,0.0,False,0.2703186537773004,0.4989258861439312,0.0,0.3389008234872896,"POLYGON ((15349126.94 5070944.148, 15352126.94 5070944.148, 15352126.94 5067944.148, 15349126.94 5067944.148, 15349126.94 5070944.148))"
喜山期,252,15350626.94,5066444.148,0.0065064330217622,0.0003556152904824,4,0.0,0.0,False,0.2867883995703544,0.4989258861439312,0.0,0.3504296455424275,"POLYGON ((15349126.94 5067944.148, 15352126.94 5067944.148, 15352126.94 5064944.148, 15349126.94 5064944.148, 15349126.94 5067944.148))"
喜山期,253,15350626.94,5063444.148,0.0068603285160183,0.0003556152904824,4,0.0,0.0,False,0.3014679556032939,0.4989258861439312,0.0,0.3607053347654851,"POLYGON ((15349126.94 5064944.148, 15352126.94 5064944.148, 15352126.94 5061944.148, 15349126.94 5061944.148, 15349126.94 5064944.148))"
喜山期,254,15350626.94,5060444.148,0.0071632560345916,0.0003556152904824,4,0.0,0.0,False,0.3225921947726459,0.4989258861439312,0.0,0.3754923021840315,"POLYGON ((15349126.94 5061944.148, 15352126.94 5061944.148, 15352126.94 5058944.148, 15349126.94 5058944.148, 15349126.94 5061944.148))"
喜山期,255,15350626.94,5057444.148,0.0074237395660209,0.0003556152904824,4,0.0,0.0,False,0.3351235230934479,0.4989258861439312,0.0,0.3842642320085929,"POLYGON ((15349126.94 5058944.148, 15352126.94 5058944.148, 15352126.94 5055944.148, 15349126.94 5055944.148, 15349126.94 5058944.148))"
喜山期,256,15350626.94,5054444.148,0.0076484629286514,0.0003556152904824,4,0.0,0.0,False,0.3401360544217687,0.4989258861439312,0.0,0.3877730039384174,"POLYGON ((15349126.94 5055944.148, 15352126.94 5055944.148, 15352126.94 5052944.148, 15349126.94 5052944.148, 15349126.94 5055944.148))"
喜山期,257,15350626.94,5051444.148,0.0078427291180128,0.0003556152904824,4,0.0,0.0,False,0.3469387755102041,0.4989258861439312,0.0,0.3925349087003222,"POLYGON ((15349126.94 5052944.148, 15352126.94 5052944.148, 15352126.94 5049944.148, 15349126.94 5049944.148, 15349126.94 5052944.148))"
喜山期,258,15350626.94,5048444.148,0.0080107643287982,0.0003556152904824,4,0.0,0.0,False,0.3530254206945936,0.4989258861439312,0.0,0.3967955603293949,"POLYGON ((15349126.94 5049944.148, 15352126.94 5049944.148, 15352126.94 5046944.148, 15349126.94 5046944.148, 15349126.94 5049944.148))"
喜山期,259,15350626.94,5045444.148,0.0081559155407146,0.0003556152904824,4,0.0,0.0,False,0.359828141783029,0.4989258861439312,0.0,0.4015574650912997,"POLYGON ((15349126.94 5046944.148, 15352126.94 5046944.148, 15352126.94 5043944.148, 15349126.94 5043944.148, 15349126.94 5046944.148))"
喜山期,260,15350626.94,5042444.148,0.0082807470922361,0.0003556152904824,4,0.0,0.0,False,0.363766559255281,0.4989258861439312,0.0,0.4043143573218761,"POLYGON ((15349126.94 5043944.148, 15352126.94 5043944.148, 15352126.94 5040944.148, 15349126.94 5040944.148, 15349126.94 5043944.148))"
喜山期,261,15350626.94,5039444.148,0.0083869911231954,0.0003556152904824,4,0.0,0.0,False,0.368063014679556,0.4989258861439312,0.0,0.4073218761188686,"POLYGON ((15349126.94 5040944.148, 15352126.94 5040944.148, 15352126.94 5037944.148, 15349126.94 5037944.148, 15349126.94 5040944.148))"
喜山期,262,15350626.94,5036444.148,0.0084752373004848,0.0003556152904824,4,0.0,0.0,False,0.372359470103831,0.4989258861439312,0.0,0.410329394915861,"POLYGON ((15349126.94 5037944.148, 15352126.94 5037944.148, 15352126.94 5034944.148, 15349126.94 5034944.148, 15349126.94 5037944.148))"
喜山期,263,15350626.94,5033444.148,0.0085441516064061,0.0003556152904824,4,0.0,0.0,False,0.3759398496240601,0.4989258861439312,0.0,0.4128356605800214,"POLYGON ((15349126.94 5034944.148, 15352126.94 5034944.148, 15352126.94 5031944.148, 15349126.94 5031944.148, 15349126.94 5034944.148))"
喜山期,264,15350626.94,5030444.148,0.0085888972710366,0.0003556152904824,4,0.0,0.0,False,0.3791621911922664,0.4989258861439312,0.0,0.4150912996777658,"POLYGON ((15349126.94 5031944.148, 15352126.94 5031944.148, 15352126.94 5028944.148, 15349126.94 5028944.148, 15349126.94 5031944.148))"
喜山期,265,15350626.94,5027444.148,0.0085982414052875,0.0003556152904824,4,0.0,0.0,False,0.3795202291442893,0.4989258861439312,0.0,0.4153419262441818,"POLYGON ((15349126.94 5028944.148, 15352126.94 5028944.148, 15352126.94 5025944.148, 15349126.94 5025944.148, 15349126.94 5028944.148))"
喜山期,266,15350626.94,5024444.148,0.008548775770797,0.0003556152904824,4,0.0,0.0,False,0.376655925528106,0.4989258861439312,0.0,0.4133369137128536,"POLYGON ((15349126.94 5025944.148, 15352126.94 5025944.148, 15352126.94 5022944.148, 15349126.94 5022944.148, 15349126.94 5025944.148))"
喜山期,267,15350626.94,5021444.148,0.0086310226197766,0.0003556152904824,4,0.0,0.0,False,0.3823845327604726,0.4989258861439312,0.0,0.4173469387755102,"POLYGON ((15349126.94 5022944.148, 15352126.94 5022944.148, 15352126.94 5019944.148, 15349126.94 5019944.148, 15349126.94 5022944.148))"
喜山期,268,15350626.94,5018444.148,0.0086330874802698,0.0003556152904824,4,0.0,0.0,False,0.3831006086645184,0.4989258861439312,0.0,0.4178481919083422,"POLYGON ((15349126.94 5019944.148, 15352126.94 5019944.148, 15352126.94 5016944.148, 15349126.94 5016944.148, 15349126.94 5019944.148))"
喜山期,269,15350626.94,5015444.148,0.0086502434257617,0.0003556152904824,4,0.0,0.0,False,0.3845327604726101,0.4989258861439312,0.0,0.4188506981740064,"POLYGON ((15349126.94 5016944.148, 15352126.94 5016944.148, 15352126.94 5013944.148, 15349126.94 5013944.148, 15349126.94 5016944.148))"
喜山期,270,15350626.94,5012444.148,0.0085805472567032,0.0003556152904824,4,0.0,0.0,False,0.3784461152882205,0.4989258861439312,0.0,0.4145900465449337,"POLYGON ((15349126.94 5013944.148, 15352126.94 5013944.148, 15352126.94 5010944.148, 15349126.94 5010944.148, 15349126.94 5013944.148))"
喜山期,271,15350626.94,5009444.148,0.0086625224510855,0.0003556152904824,4,0.0,0.0,False,0.3856068743286788,0.4989258861439312,0.0,0.4196025778732545,"POLYGON ((15349126.94 5010944.148, 15352126.94 5010944.148, 15352126.94 5007944.148, 15349126.94 5007944.148, 15349126.94 5010944.148))"
喜山期,272,15350626.94,5006444.148,0.008683665953127,0.0003556152904824,4,0.0,0.0,False,0.3877551020408163,0.4989258861439312,0.0,0.4211063372717508,"POLYGON ((15349126.94 5007944.148, 15352126.94 5007944.148, 15352126.94 5004944.148, 15349126.94 5004944.148, 15349126.94 5007944.148))"
喜山期,273,15350626.94,5003444.148,0.0086679551409796,0.0003556152904824,4,0.0,0.0,False,0.3863229502327246,0.4989258861439312,0.0,0.4201038310060866,"POLYGON ((15349126.94 5004944.148, 15352126.94 5004944.148, 15352126.94 5001944.148, 15349126.94 5001944.148, 15349126.94 5004944.148))"
喜山期,274,15350626.94,5000444.148,0.0086277016607001,0.0003556152904824,4,0.0,0.0,False,0.3820264948084497,0.4989258861439312,0.0,0.4170963122090941,"POLYGON ((15349126.94 5001944.148, 15352126.94 5001944.148, 15352126.94 4998944.148, 15349126.94 4998944.148, 15349126.94 5001944.148))"
喜山期,275,15350626.94,4997444.148,0.0085689091167917,0.0003556152904824,4,0.0,0.0,False,0.3773720014321518,0.4989258861439312,0.0,0.4138381668456856,"POLYGON ((15349126.94 4998944.148, 15352126.94 4998944.148, 15352126.94 4995944.148, 15349126.94 4995944.148, 15349126.94 4998944.148))"
喜山期,276,15350626.94,4994444.148,0.0084939841673731,0.0003556152904824,4,0.0,0.0,False,0.3734335839598997,0.4989258861439312,0.0,0.4110812746151092,"POLYGON ((15349126.94 4995944.148, 15352126.94 4995944.148, 15352126.94 4992944.148, 15349126.94 4992944.148, 15349126.94 4995944.148))"
喜山期,277,15350626.94,4991444.148,0.008403316323321,0.0003556152904824,4,0.0,0.0,False,0.3684210526315789,0.4989258861439312,0.0,0.4075725026852846,"POLYGON ((15349126.94 4992944.148, 15352126.94 4992944.148, 15352126.94 4989944.148, 15349126.94 4989944.148, 15349126.94 4992944.148))"
喜山期,278,15350626.94,4988444.148,0.0082961422719203,0.0003556152904824,4,0.0,0.0,False,0.364124597207304,0.4989258861439312,0.0,0.4045649838882921,"POLYGON ((15349126.94 4989944.148, 15352126.94 4989944.148, 15352126.94 4986944.148, 15349126.94 4986944.148, 15349126.94 4989944.148))"
喜山期,279,15350626.94,4985444.148,0.008170956793874,0.0003556152904824,4,0.0,0.0,False,0.3605442176870748,0.4989258861439312,0.0,0.4020587182241317,"POLYGON ((15349126.94 4986944.148, 15352126.94 4986944.148, 15352126.94 4983944.148, 15349126.94 4983944.148, 15349126.94 4986944.148))"
喜山期,280,15350626.94,4982444.148,0.0080256569928363,0.0003556152904824,4,0.0,0.0,False,0.3537414965986394,0.4989258861439312,0.0,0.397296813462227,"POLYGON ((15349126.94 4983944.148, 15352126.94 4983944.148, 15352126.94 4980944.148, 15349126.94 4980944.148, 15349126.94 4983944.148))"
喜山期,281,15350626.94,4979444.148,0.0078575361840043,0.0003556152904824,4,0.0,0.0,False,0.3483709273182957,0.4989258861439312,0.0,0.3935374149659864,"POLYGON ((15349126.94 4980944.148, 15352126.94 4980944.148, 15352126.94 4977944.148, 15349126.94 4977944.148, 15349126.94 4980944.148))"
喜山期,282,15350626.94,4976444.148,0.0076631879813505,0.0003556152904824,4,0.0,0.0,False,0.3404940923737916,0.4989258861439312,0.0,0.3880236305048335,"POLYGON ((15349126.94 4977944.148, 15352126.94 4977944.148, 15352126.94 4974944.148, 15349126.94 4974944.148, 15349126.94 4977944.148))"
喜山期,283,15350626.94,4973444.148,0.0074383426730362,0.0003556152904824,4,0.0,0.0,False,0.3354815610454708,0.4989258861439312,0.0,0.3845148585750089,"POLYGON ((15349126.94 4974944.148, 15352126.94 4974944.148, 15352126.94 4971944.148, 15349126.94 4971944.148, 15349126.94 4974944.148))"
喜山期,284,15350626.94,4970444.148,0.0071776308936614,0.0003556152904824,4,0.0,0.0,False,0.3243823845327604,0.4989258861439312,0.0,0.3767454350161117,"POLYGON ((15349126.94 4971944.148, 15352126.94 4971944.148, 15352126.94 4968944.148, 15349126.94 4968944.148, 15349126.94 4971944.148))"
喜山期,285,15350626.94,4967444.148,0.0068742463047763,0.0003556152904824,4,0.0,0.0,False,0.3039742212674543,0.4989258861439312,0.0,0.3624597207303974,"POLYGON ((15349126.94 4968944.148, 15352126.94 4968944.148, 15352126.94 4965944.148, 15349126.94 4965944.148, 15349126.94 4968944.148))"
喜山期,286,15350626.94,4964444.148,0.006519455993289,0.0003556152904824,4,0.0,0.0,False,0.2871464375223774,0.4989258861439312,0.0,0.3506802721088435,"POLYGON ((15349126.94 4965944.148, 15352126.94 4965944.148, 15352126.94 4962944.148, 15349126.94 4962944.148, 15349126.94 4965944.148))"
喜山期,287,15350626.94,4961444.148,0.0061018906114488,0.0003556152904824,4,0.0,0.0,False,0.2706766917293233,0.4989258861439312,0.0,0.3391514500537056,"POLYGON ((15349126.94 4962944.148, 15352126.94 4962944.148, 15352126.94 4959944.148, 15349126.94 4959944.148, 15349126.94 4962944.148))"
喜山期,288,15350626.94,4958444.148,0.0056065557952806,0.0003556152904824,4,0.0,0.0,False,0.246688148943788,0.4989258861439312,0.0,0.322359470103831,"POLYGON ((15349126.94 4959944.148, 15352126.94 4959944.148, 15352126.94 4956944.148, 15349126.94 4956944.148, 15349126.94 4959944.148))"
喜山期,289,15350626.94,4955444.148,0.0050135686396404,0.0003556152904824,4,0.0,0.0,False,0.2144647332617257,0.4989258861439312,0.0,0.2998030791263874,"POLYGON ((15349126.94 4956944.148, 15352126.94 4956944.148, 15352126.94 4953944.148, 15349126.94 4953944.148, 15349126.94 4956944.148))"
喜山期,290,15350626.94,4952444.148,0.0042967218425974,0.0003556152904824,4,0.0,0.0,False,0.188327962764053,0.4989258861439312,0.0,0.2815073397780164,"POLYGON ((15349126.94 4953944.148, 15352126.94 4953944.148, 15352126.94 4950944.148, 15349126.94 4950944.148, 15349126.94 4953944.148))"
喜山期,291,15350626.94,4949444.148,0.003421890218488,0.0003556152904824,4,0.0,0.0,False,0.1543143573218761,0.4989258861439312,0.0,0.2576978159684926,"POLYGON ((15349126.94 4950944.148, 15352126.94 4950944.148, 15352126.94 4947944.148, 15349126.94 4947944.148, 15349126.94 4950944.148))"
喜山期,292,15350626.94,4946444.148,0.0023440621286846,0.0003556152904824,4,0.0,0.0,False,0.0938059434300035,0.4989258861439312,0.0,0.2153419262441818,"POLYGON ((15349126.94 4947944.148, 15352126.94 4947944.148, 15352126.94 4944944.148, 15349126.94 4944944.148, 15349126.94 4947944.148))"
喜山期,293,15350626.94,4943444.148,0.0009950640770087,0.0003556152904824,3,0.0,0.0,False,0.033297529538131,0.4989258861439312,0.0,0.1729860365198711,"POLYGON ((15349126.94 4944944.148, 15352126.94 4944944.148, 15352126.94 4941944.148, 15349126.94 4941944.148, 15349126.94 4944944.148))"
喜山期,294,15353626.94,5087444.148,0.0010658298985435,0.0003556152904824,3,0.0,0.0,False,0.0365198711063372,0.4989258861439312,0.0,0.1752416756176154,"POLYGON ((15352126.94 5088944.148, 15355126.94 5088944.148, 15355126.94 5085944.148, 15352126.94 5085944.148, 15352126.94 5088944.148))"
喜山期,295,15353626.94,5084444.148,0.0025209965794764,0.0003556152904824,4,0.0,0.0,False,0.0991765127103473,0.4989258861439312,0.0,0.2191013247404225,"POLYGON ((15352126.94 5085944.148, 15355126.94 5085944.148, 15355126.94 5082944.148, 15352126.94 5082944.148, 15352126.94 5085944.148))"
喜山期,296,15353626.94,5081444.148,0.0037146353629388,0.0003556152904824,4,0.0,0.0,False,0.1661296097386323,0.4989258861439312,0.0,0.265968492660222,"POLYGON ((15352126.94 5082944.148, 15355126.94 5082944.148, 15355126.94 5079944.148, 15352126.94 5079944.148, 15352126.94 5082944.148))"
喜山期,297,15353626.94,5078444.148,0.0047057129710166,0.0003556152904824,4,0.0,0.0,False,0.2015753669889008,0.4989258861439312,0.0,0.2907805227354099,"POLYGON ((15352126.94 5079944.148, 15355126.94 5079944.148, 15355126.94 5076944.148, 15352126.94 5076944.148, 15352126.94 5079944.148))"
喜山期,298,15353626.94,5075444.148,0.0055338752346633,0.0003556152904824,4,0.0,0.0,False,0.2434658073755818,0.4989258861439312,0.0,0.3201038310060866,"POLYGON ((15352126.94 5076944.148, 15355126.94 5076944.148, 15355126.94 5073944.148, 15352126.94 5073944.148, 15352126.94 5076944.148))"
喜山期,299,15353626.94,5072444.148,0.0062308181694076,0.0003556152904824,4,0.0,0.0,False,0.2756892230576441,0.4989258861439312,0.0,0.3426602219835302,"POLYGON ((15352126.94 5073944.148, 15355126.94 5073944.148, 15355126.94 5070944.148, 15352126.94 5070944.148, 15352126.94 5073944.148))"
喜山期,300,15353626.94,5069444.148,0.00682198751409,0.0003556152904824,4,0.0,0.0,False,0.2996777658431794,0.4989258861439312,0.0,0.3594522019334049,"POLYGON ((15352126.94 5070944.148, 15355126.94 5070944.148, 15355126.94 5067944.148, 15352126.94 5067944.148, 15352126.94 5070944.148))"
喜山期,301,15353626.94,5066444.148,0.0073272124742706,0.0003556152904824,4,0.0,0.0,False,0.3326172574292875,0.4989258861439312,0.0,0.3825098460436806,"POLYGON ((15352126.94 5067944.148, 15355126.94 5067944.148, 15355126.94 5064944.148, 15352126.94 5064944.148, 15352126.94 5067944.148))"
喜山期,302,15353626.94,5063444.148,0.0077616673901457,0.0003556152904824,4,0.0,0.0,False,0.3455066237021124,0.4989258861439312,0.0,0.391532402434658,"POLYGON ((15352126.94 5064944.148, 15355126.94 5064944.148, 15355126.94 5061944.148, 15352126.94 5061944.148, 15352126.94 5064944.148))"
喜山期,303,15353626.94,5060444.148,0.0081369896132986,0.0003556152904824,4,0.0,0.0,False,0.3591120658789832,0.4989258861439312,0.0,0.4010562119584676,"POLYGON ((15352126.94 5061944.148, 15355126.94 5061944.148, 15355126.94 5058944.148, 15352126.94 5058944.148, 15352126.94 5061944.148))"
喜山期,304,15353626.94,5057444.148,0.0084622530443595,0.0003556152904824,4,0.0,0.0,False,0.3709273182957393,0.4989258861439312,0.0,0.4093268886501969,"POLYGON ((15352126.94 5058944.148, 15355126.94 5058944.148, 15355126.94 5055944.148, 15352126.94 5055944.148, 15352126.94 5058944.148))"
喜山期,305,15353626.94,5054444.148,0.0087446775658497,0.0003556152904824,4,0.0,0.0,False,0.3906194056569996,0.4989258861439312,0.0,0.4231113498030791,"POLYGON ((15352126.94 5055944.148, 15355126.94 5055944.148, 15355126.94 5052944.148, 15352126.94 5052944.148, 15352126.94 5055944.148))"
喜山期,306,15353626.94,5051444.148,0.0089900950592404,0.0003556152904824,4,0.0,0.0,False,0.4042248478338704,0.4989258861439312,0.0,0.4326351593268887,"POLYGON ((15352126.94 5052944.148, 15355126.94 5052944.148, 15355126.94 5049944.148, 15352126.94 5049944.148, 15352126.94 5052944.148))"
喜山期,307,15353626.94,5048444.148,0.0092032377039653,0.0003556152904824,4,0.0,0.0,False,0.4117436448263516,0.4989258861439312,0.0,0.4378983172216255,"POLYGON ((15352126.94 5049944.148, 15355126.94 5049944.148, 15355126.94 5046944.148, 15352126.94 5046944.148, 15352126.94 5049944.148))"
喜山期,308,15353626.94,5045444.148,0.0093878968915532,0.0003556152904824,4,0.0,0.0,False,0.4196204797708557,0.4989258861439312,0.0,0.4434121016827783,"POLYGON ((15352126.94 5046944.148, 15355126.94 5046944.148, 15355126.94 5043944.148, 15352126.94 5043944.148, 15352126.94 5046944.148))"
喜山期,309,15353626.94,5042444.148,0.0095469558724265,0.0003556152904824,4,0.0,0.0,False,0.4242749731471536,0.4989258861439312,0.0,0.4466702470461869,"POLYGON ((15352126.94 5043944.148, 15355126.94 5043944.148, 15355126.94 5040944.148, 15352126.94 5040944.148, 15352126.94 5043944.148))"
喜山期,310,15353626.94,5039444.148,0.0096822422545035,0.0003556152904824,4,0.0,0.0,False,0.4264232008592911,0.4989258861439312,0.0,0.4481740064446831,"POLYGON ((15352126.94 5040944.148, 15355126.94 5040944.148, 15355126.94 5037944.148, 15352126.94 5037944.148, 15352126.94 5040944.148))"
喜山期,311,15353626.94,5036444.148,0.0097940850984424,0.0003556152904824,4,0.0,0.0,False,0.4303616183315431,0.4989258861439312,0.0,0.4509308986752595,"POLYGON ((15352126.94 5037944.148, 15355126.94 5037944.148, 15355126.94 5034944.148, 15352126.94 5034944.148, 15352126.94 5037944.148))"
喜山期,312,15353626.94,5033444.148,0.0098804112795322,0.0003556152904824,4,0.0,0.0,False,0.4346580737558181,0.4989258861439312,0.0,0.453938417472252,"POLYGON ((15352126.94 5034944.148, 15355126.94 5034944.148, 15355126.94 5031944.148, 15352126.94 5031944.148, 15352126.94 5034944.148))"
喜山期,313,15353626.94,5030444.148,0.0099351988124402,0.0003556152904824,4,0.0,0.0,False,0.439312567132116,0.4989258861439312,0.0,0.4571965628356605,"POLYGON ((15352126.94 5031944.148, 15355126.94 5031944.148, 15355126.94 5028944.148, 15352126.94 5028944.148, 15352126.94 5031944.148))"
喜山期,314,15353626.94,5027444.148,0.009946034797698,0.0003556152904824,4,0.0,0.0,False,0.4396706050841389,0.4989258861439312,0.0,0.4574471894020765,"POLYGON ((15352126.94 5028944.148, 15355126.94 5028944.148, 15355126.94 5025944.148, 15352126.94 5025944.148, 15352126.94 5028944.148))"
喜山期,315,15353626.94,5024444.148,0.0098894544625154,0.0003556152904824,4,0.0,0.0,False,0.4360902255639097,0.4989258861439312,0.0,0.4549409237379161,"POLYGON ((15352126.94 5025944.148, 15355126.94 5025944.148, 15355126.94 5022944.148, 15352126.94 5022944.148, 15352126.94 5025944.148))"
喜山期,316,15353626.94,5021444.148,0.010000130815252,0.0003556152904824,4,0.0,0.0,False,0.4414607948442535,0.4989258861439312,0.0,0.4587003222341568,"POLYGON ((15352126.94 5022944.148, 15355126.94 5022944.148, 15355126.94 5019944.148, 15352126.94 5019944.148, 15352126.94 5022944.148))"
喜山期,317,15353626.94,5018444.148,0.0100010656300663,0.0003556152904824,4,0.0,0.0,False,0.4418188327962764,0.4989258861439312,0.0,0.4589509488005728,"POLYGON ((15352126.94 5019944.148, 15355126.94 5019944.148, 15355126.94 5016944.148, 15352126.94 5016944.148, 15352126.94 5019944.148))"
喜山期,318,15353626.94,5015444.148,0.01002464733797,0.0003556152904824,4,0.0,0.0,False,0.4436090225563909,0.4989258861439312,0.0,0.460204081632653,"POLYGON ((15352126.94 5016944.148, 15355126.94 5016944.148, 15355126.94 5013944.148, 15352126.94 5013944.148, 15352126.94 5016944.148))"
喜山期,319,15353626.94,5012444.148,0.009929781550265,0.0003556152904824,4,0.0,0.0,False,0.4385964912280701,0.4989258861439312,0.0,0.4566953097028284,"POLYGON ((15352126.94 5013944.148, 15355126.94 5013944.148, 15355126.94 5010944.148, 15352126.94 5010944.148, 15352126.94 5013944.148))"
喜山期,320,15353626.94,5009444.148,0.0100265277445432,0.0003556152904824,4,0.0,0.0,False,0.4439670605084139,0.4989258861439312,0.0,0.4604547081990691,"POLYGON ((15352126.94 5010944.148, 15355126.94 5010944.148, 15355126.94 5007944.148, 15352126.94 5007944.148, 15352126.94 5010944.148))"
喜山期,321,15353626.94,5006444.148,0.0100543853158527,0.0003556152904824,4,0.0,0.0,False,0.4453992123165055,0.4989258861439312,0.0,0.4614572144647332,"POLYGON ((15352126.94 5007944.148, 15355126.94 5007944.148, 15355126.94 5004944.148, 15352126.94 5004944.148, 15352126.94 5007944.148))"
喜山期,322,15353626.94,5003444.148,0.0100370291358756,0.0003556152904824,4,0.0,0.0,False,0.4446831364124597,0.4989258861439312,0.0,0.4609559613319011,"POLYGON ((15352126.94 5004944.148, 15355126.94 5004944.148, 15355126.94 5001944.148, 15352126.94 5001944.148, 15352126.94 5004944.148))"
喜山期,323,15353626.94,5000444.148,0.009987770398035,0.0003556152904824,4,0.0,0.0,False,0.4411027568922305,0.4989258861439312,0.0,0.4584496956677407,"POLYGON ((15352126.94 5001944.148, 15355126.94 5001944.148, 15355126.94 4998944.148, 15352126.94 4998944.148, 15352126.94 5001944.148))"
喜山期,324,15353626.94,4997444.148,0.0099138386491756,0.0003556152904824,4,0.0,0.0,False,0.4371643394199785,0.4989258861439312,0.0,0.4556928034371643,"POLYGON ((15352126.94 4998944.148, 15355126.94 4998944.148, 15355126.94 4995944.148, 15352126.94 4995944.148, 15352126.94 4998944.148))"
喜山期,325,15353626.94,4994444.148,0.0098185552892788,0.0003556152904824,4,0.0,0.0,False,0.4314357321876119,0.4989258861439312,0.0,0.4516827783745076,"POLYGON ((15352126.94 4995944.148, 15355126.94 4995944.148, 15355126.94 4992944.148, 15352126.94 4992944.148, 15352126.94 4995944.148))"
喜山期,326,15353626.94,4991444.148,0.0097027871207026,0.0003556152904824,4,0.0,0.0,False,0.426781238811314,0.4989258861439312,0.0,0.4484246330110992,"POLYGON ((15352126.94 4992944.148, 15355126.94 4992944.148, 15355126.94 4989944.148, 15352126.94 4989944.148, 15352126.94 4992944.148))"
喜山期,327,15353626.94,4988444.148,0.0095658778552024,0.0003556152904824,4,0.0,0.0,False,0.4246330110991765,0.4989258861439312,0.0,0.4469208736126029,"POLYGON ((15352126.94 4989944.148, 15355126.94 4989944.148, 15355126.94 4986944.148, 15352126.94 4986944.148, 15352126.94 4989944.148))"
喜山期,328,15353626.94,4985444.148,0.0094061697062483,0.0003556152904824,4,0.0,0.0,False,0.4199785177228786,0.4989258861439312,0.0,0.4436627282491944,"POLYGON ((15352126.94 4986944.148, 15355126.94 4986944.148, 15355126.94 4983944.148, 15352126.94 4983944.148, 15352126.94 4986944.148))"
喜山期,329,15353626.94,4982444.148,0.0092212382270115,0.0003556152904824,4,0.0,0.0,False,0.4124597207303974,0.4989258861439312,0.0,0.4383995703544576,"POLYGON ((15352126.94 4983944.148, 15355126.94 4983944.148, 15355126.94 4980944.148, 15352126.94 4980944.148, 15352126.94 4983944.148))"
喜山期,330,15353626.94,4979444.148,0.0090079456020262,0.0003556152904824,4,0.0,0.0,False,0.4045828857858933,0.4989258861439312,0.0,0.4328857858933047,"POLYGON ((15352126.94 4980944.148, 15355126.94 4980944.148, 15355126.94 4977944.148, 15352126.94 4977944.148, 15352126.94 4980944.148))"
喜山期,331,15353626.94,4976444.148,0.0087623812258168,0.0003556152904824,4,0.0,0.0,False,0.3924095954171142,0.4989258861439312,0.0,0.4243644826351593,"POLYGON ((15352126.94 4977944.148, 15355126.94 4977944.148, 15355126.94 4974944.148, 15352126.94 4974944.148, 15352126.94 4977944.148))"
喜山期,332,15353626.94,4973444.148,0.0084797209710348,0.0003556152904824,4,0.0,0.0,False,0.3730755460078768,0.4989258861439312,0.0,0.4108306480486932,"POLYGON ((15352126.94 4974944.148, 15355126.94 4974944.148, 15355126.94 4971944.148, 15352126.94 4971944.148, 15352126.94 4974944.148))"
喜山期,333,15353626.94,4970444.148,0.0081540041462505,0.0003556152904824,4,0.0,0.0,False,0.3594701038310061,0.4989258861439312,0.0,0.4013068385248836,"POLYGON ((15352126.94 4971944.148, 15355126.94 4971944.148, 15355126.94 4968944.148, 15352126.94 4968944.148, 15352126.94 4971944.148))"
喜山期,334,15353626.94,4967444.148,0.0077778007889245,0.0003556152904824,4,0.0,0.0,False,0.3458646616541353,0.4989258861439312,0.0,0.3917830290010741,"POLYGON ((15352126.94 4968944.148, 15355126.94 4968944.148, 15355126.94 4965944.148, 15352126.94 4965944.148, 15352126.94 4968944.148))"
喜山期,335,15353626.94,4964444.148,0.0073417268838445,0.0003556152904824,4,0.0,0.0,False,0.3329752953813104,0.4989258861439312,0.0,0.3827604726100966,"POLYGON ((15352126.94 4965944.148, 15355126.94 4965944.148, 15355126.94 4962944.148, 15352126.94 4962944.148, 15352126.94 4965944.148))"
喜山期,336,15353626.94,4961444.148,0.0068337770604567,0.0003556152904824,4,0.0,0.0,False,0.3007518796992481,0.4989258861439312,0.0,0.360204081632653,"POLYGON ((15352126.94 4962944.148, 15355126.94 4962944.148, 15355126.94 4959944.148, 15352126.94 4959944.148, 15352126.94 4962944.148))"
喜山期,337,15353626.94,4958444.148,0.0062385057324572,0.0003556152904824,4,0.0,0.0,False,0.276047261009667,0.4989258861439312,0.0,0.3429108485499463,"POLYGON ((15352126.94 4959944.148, 15355126.94 4959944.148, 15355126.94 4956944.148, 15352126.94 4956944.148, 15352126.94 4959944.148))"
喜山期,338,15353626.94,4955444.148,0.0055361995904085,0.0003556152904824,4,0.0,0.0,False,0.2438238453276047,0.4989258861439312,0.0,0.3203544575725027,"POLYGON ((15352126.94 4956944.148, 15355126.94 4956944.148, 15355126.94 4953944.148, 15352126.94 4953944.148, 15352126.94 4956944.148))"
喜山期,339,15353626.94,4952444.148,0.0047022527936057,0.0003556152904824,4,0.0,0.0,False,0.200501253132832,0.4989258861439312,0.0,0.2900286430361618,"POLYGON ((15352126.94 4953944.148, 15355126.94 4953944.148, 15355126.94 4950944.148, 15352126.94 4950944.148, 15352126.94 4953944.148))"
喜山期,340,15353626.94,4949444.148,0.0037066406844874,0.0003556152904824,4,0.0,0.0,False,0.1654135338345864,0.4989258861439312,0.0,0.2654672395273899,"POLYGON ((15352126.94 4950944.148, 15355126.94 4950944.148, 15355126.94 4947944.148, 15352126.94 4947944.148, 15352126.94 4950944.148))"
喜山期,341,15353626.94,4946444.148,0.0025117102780819,0.0003556152904824,4,0.0,0.0,False,0.0981023988542785,0.4989258861439312,0.0,0.2183494450411743,"POLYGON ((15352126.94 4947944.148, 15355126.94 4947944.148, 15355126.94 4944944.148, 15352126.94 4944944.148, 15352126.94 4947944.148))"
喜山期,342,15353626.94,4943444.148,0.0010595674985076,0.0003556152904824,3,0.0,0.0,False,0.0361618331543143,0.4989258861439312,0.0,0.1749910490511994,"POLYGON ((15352126.94 4944944.148, 15355126.94 4944944.148, 15355126.94 4941944.148, 15352126.94 4941944.148, 15352126.94 4944944.148))"
喜山期,343,15356626.94,5087444.148,0.0011159951379171,0.0003556152904824,3,0.0,0.0,False,0.0386680988184747,0.4989258861439312,0.0,0.1767454350161117,"POLYGON ((15355126.94 5088944.148, 15358126.94 5088944.148, 15358126.94 5085944.148, 15355126.94 5085944.148, 15355126.94 5088944.148))"
喜山期,344,15356626.94,5084444.148,0.0026580842226723,0.0003556152904824,4,0.0,0.0,False,0.1117078410311493,0.4989258861439312,0.0,0.2278732545649839,"POLYGON ((15355126.94 5085944.148, 15358126.94 5085944.148, 15358126.94 5082944.148, 15355126.94 5082944.148, 15355126.94 5085944.148))"
喜山期,345,15356626.94,5081444.148,0.0039541482812725,0.0003556152904824,4,0.0,0.0,False,0.1736484067311135,0.4989258861439312,0.0,0.2712316505549588,"POLYGON ((15355126.94 5082944.148, 15358126.94 5082944.148, 15358126.94 5079944.148, 15355126.94 5079944.148, 15355126.94 5082944.148))"
喜山期,346,15356626.94,5078444.148,0.0050542357471961,0.0003556152904824,4,0.0,0.0,False,0.2176870748299319,0.4989258861439312,0.0,0.3020587182241318,"POLYGON ((15355126.94 5079944.148, 15358126.94 5079944.148, 15358126.94 5076944.148, 15355126.94 5076944.148, 15355126.94 5079944.148))"
喜山期,347,15356626.94,5075444.148,0.0059907432628966,0.0003556152904824,4,0.0,0.0,False,0.2653061224489796,0.4989258861439312,0.0,0.3353920515574651,"POLYGON ((15355126.94 5076944.148, 15358126.94 5076944.148, 15358126.94 5073944.148, 15355126.94 5073944.148, 15355126.94 5076944.148))"
喜山期,348,15356626.94,5072444.148,0.0067908836318868,0.0003556152904824,4,0.0,0.0,False,0.2978875760830648,0.4989258861439312,0.0,0.3581990691013247,"POLYGON ((15355126.94 5073944.148, 15358126.94 5073944.148, 15358126.94 5070944.148, 15355126.94 5070944.148, 15355126.94 5073944.148))"
喜山期,349,15356626.94,5069444.148,0.0074781068619765,0.0003556152904824,4,0.0,0.0,False,0.3376297887576083,0.4989258861439312,0.0,0.3860186179735052,"POLYGON ((15355126.94 5070944.148, 15358126.94 5070944.148, 15358126.94 5067944.148, 15355126.94 5067944.148, 15355126.94 5070944.148))"
喜山期,350,15356626.94,5066444.148,0.0080717648192657,0.0003556152904824,4,0.0,0.0,False,0.3548156104547082,0.4989258861439312,0.0,0.3980486931614751,"POLYGON ((15355126.94 5067944.148, 15358126.94 5067944.148, 15358126.94 5064944.148, 15355126.94 5064944.148, 15355126.94 5067944.148))"
喜山期,351,15356626.94,5063444.148,0.0085871943543859,0.0003556152904824,4,0.0,0.0,False,0.3788041532402434,0.4989258861439312,0.0,0.4148406731113498,"POLYGON ((15355126.94 5064944.148, 15358126.94 5064944.148, 15358126.94 5061944.148, 15355126.94 5061944.148, 15355126.94 5064944.148))"
喜山期,352,15356626.94,5060444.148,0.0090363438817567,0.0003556152904824,4,0.0,0.0,False,0.405656999641962,0.4989258861439312,0.0,0.4336376655925528,"POLYGON ((15355126.94 5061944.148, 15358126.94 5061944.148, 15358126.94 5058944.148, 15355126.94 5058944.148, 15355126.94 5061944.148))"
喜山期,353,15356626.94,5057444.148,0.0094285816744975,0.0003556152904824,4,0.0,0.0,False,0.4203365556749015,0.4989258861439312,0.0,0.4439133548156104,"POLYGON ((15355126.94 5058944.148, 15358126.94 5058944.148, 15358126.94 5055944.148, 15355126.94 5055944.148, 15355126.94 5058944.148))"
喜山期,354,15356626.94,5054444.148,0.0097713999815418,0.0003556152904824,4,0.0,0.0,False,0.4296455424274973,0.4989258861439312,0.0,0.4504296455424275,"POLYGON ((15355126.94 5055944.148, 15358126.94 5055944.148, 15358126.94 5052944.148, 15355126.94 5052944.148, 15355126.94 5055944.148))"
喜山期,355,15356626.94,5051444.148,0.010070909016097,0.0003556152904824,4,0.0,0.0,False,0.4468313641245972,0.4989258861439312,0.0,0.4624597207303974,"POLYGON ((15355126.94 5052944.148, 15358126.94 5052944.148, 15358126.94 5049944.148, 15355126.94 5049944.148, 15355126.94 5052944.148))"
喜山期,356,15356626.94,5048444.148,0.0103321278222573,0.0003556152904824,4,0.0,0.0,False,0.4561403508771929,0.4989258861439312,0.0,0.4689760114572144,"POLYGON ((15355126.94 5049944.148, 15358126.94 5049944.148, 15358126.94 5046944.148, 15355126.94 5046944.148, 15355126.94 5049944.148))"
喜山期,357,15356626.94,5045444.148,0.0105591050681703,0.0003556152904824,4,0.0,0.0,False,0.4697457930540637,0.4989258861439312,0.0,0.4784998209810239,"POLYGON ((15355126.94 5046944.148, 15358126.94 5046944.148, 15358126.94 5043944.148, 15355126.94 5043944.148, 15355126.94 5046944.148))"
喜山期,358,15356626.94,5042444.148,0.0107548733508142,0.0003556152904824,4,0.0,0.0,False,0.4751163623344074,0.4989258861439312,0.0,0.4822592194772646,"POLYGON ((15355126.94 5043944.148, 15358126.94 5043944.148, 15358126.94 5040944.148, 15355126.94 5040944.148, 15355126.94 5043944.148))"
喜山期,359,15356626.94,5039444.148,0.0109211905228355,0.0003556152904824,4,0.0,0.0,False,0.4808449695667741,0.4989258861439312,0.0,0.4862692445399212,"POLYGON ((15355126.94 5040944.148, 15358126.94 5040944.148, 15358126.94 5037944.148, 15355126.94 5037944.148, 15355126.94 5040944.148))"
喜山期,360,15356626.94,5036444.148,0.011057981678798,0.0003556152904824,4,0.0,0.0,False,0.4833512352309345,0.4989258861439312,0.0,0.4880236305048335,"POLYGON ((15355126.94 5037944.148, 15358126.94 5037944.148, 15358126.94 5034944.148, 15355126.94 5034944.148, 15355126.94 5037944.148))"
喜山期,361,15356626.94,5033444.148,0.011162397413313,0.0003556152904824,4,0.0,0.0,False,0.4869316147511636,0.4989258861439312,0.0,0.4905298961689939,"POLYGON ((15355126.94 5034944.148, 15358126.94 5034944.148, 15358126.94 5031944.148, 15355126.94 5031944.148, 15355126.94 5034944.148))"
喜山期,362,15356626.94,5030444.148,0.0112274562258064,0.0003556152904824,4,0.0,0.0,False,0.4901539563193698,0.4989258861439312,0.0,0.4927855352667382,"POLYGON ((15355126.94 5031944.148, 15358126.94 5031944.148, 15358126.94 5028944.148, 15355126.94 5028944.148, 15355126.94 5031944.148))"
喜山期,363,15356626.94,5027444.148,0.0112401793595609,0.0003556152904824,4,0.0,0.0,False,0.4912280701754385,0.4989258861439312,0.0,0.4935374149659863,"POLYGON ((15355126.94 5028944.148, 15358126.94 5028944.148, 15358126.94 5025944.148, 15355126.94 5025944.148, 15355126.94 5028944.148))"
喜山期,364,15356626.94,5024444.148,0.011177877704875,0.0003556152904824,4,0.0,0.0,False,0.4872896527031865,0.4989258861439312,0.0,0.4907805227354099,"POLYGON ((15355126.94 5025944.148, 15358126.94 5025944.148, 15358126.94 5022944.148, 15355126.94 5022944.148, 15355126.94 5025944.148))"
喜山期,365,15356626.94,5021444.148,0.0113197258200685,0.0003556152904824,4,0.0,0.0,False,0.4958825635517365,0.4989258861439312,0.0,0.4967955603293949,"POLYGON ((15355126.94 5022944.148, 15358126.94 5022944.148, 15358126.94 5019944.148, 15355126.94 5019944.148, 15355126.94 5022944.148))"
喜山期,366,15356626.94,5018444.148,0.0113184374548633,0.0003556152904824,4,0.0,0.0,False,0.4955245255997135,0.4989258861439312,0.0,0.4965449337629788,"POLYGON ((15355126.94 5019944.148, 15358126.94 5019944.148, 15358126.94 5016944.148, 15355126.94 5016944.148, 15355126.94 5019944.148))"
喜山期,367,15356626.94,5015444.148,0.0113499663473491,0.0003556152904824,4,0.0,0.0,False,0.4973147153598281,0.4989258861439312,0.0,0.497798066595059,"POLYGON ((15355126.94 5016944.148, 15358126.94 5016944.148, 15358126.94 5013944.148, 15355126.94 5013944.148, 15355126.94 5016944.148))"
喜山期,368,15356626.94,5012444.148,0.0112275902176165,0.0003556152904824,4,0.0,0.0,False,0.4905119942713927,0.4989258861439312,0.0,0.4930361618331543,"POLYGON ((15355126.94 5013944.148, 15358126.94 5013944.148, 15358126.94 5010944.148, 15355126.94 5010944.148, 15355126.94 5013944.148))"
喜山期,369,15356626.94,5009444.148,0.0113380510270102,0.0003556152904824,4,0.0,0.0,False,0.4962406015037593,0.4989258861439312,0.0,0.4970461868958109,"POLYGON ((15355126.94 5010944.148, 15358126.94 5010944.148, 15358126.94 5007944.148, 15355126.94 5007944.148, 15355126.94 5010944.148))"
喜山期,370,15356626.94,5006444.148,0.0113726827128213,0.0003556152904824,4,0.0,0.0,False,0.4987468671679197,0.4989258861439312,0.0,0.4988005728607232,"POLYGON ((15355126.94 5007944.148, 15358126.94 5007944.148, 15358126.94 5004944.148, 15355126.94 5004944.148, 15355126.94 5007944.148))"
喜山期,371,15356626.94,5003444.148,0.0113540970723683,0.0003556152904824,4,0.0,0.0,False,0.497672753311851,0.4989258861439312,0.0,0.4980486931614751,"POLYGON ((15355126.94 5004944.148, 15358126.94 5004944.148, 15358126.94 5001944.148, 15355126.94 5001944.148, 15355126.94 5004944.148))"
喜山期,372,15356626.94,5000444.148,0.011295933794448,0.0003556152904824,4,0.0,0.0,False,0.4933762978875761,0.4989258861439312,0.0,0.4950411743644826,"POLYGON ((15355126.94 5001944.148, 15358126.94 5001944.148, 15358126.94 4998944.148, 15355126.94 4998944.148, 15355126.94 5001944.148))"
喜山期,373,15356626.94,4997444.148,0.0112063216312218,0.0003556152904824,4,0.0,0.0,False,0.4887218045112781,0.4989258861439312,0.0,0.491783029001074,"POLYGON ((15355126.94 4998944.148, 15358126.94 4998944.148, 15358126.94 4995944.148, 15355126.94 4995944.148, 15355126.94 4998944.148))"
喜山期,374,15356626.94,4994444.148,0.0110894522229039,0.0003556152904824,4,0.0,0.0,False,0.4847833870390261,0.4989258861439312,0.0,0.4890261367704976,"POLYGON ((15355126.94 4995944.148, 15358126.94 4995944.148, 15358126.94 4992944.148, 15355126.94 4992944.148, 15355126.94 4995944.148))"
喜山期,375,15356626.94,4991444.148,0.0109467611821315,0.0003556152904824,4,0.0,0.0,False,0.4815610454708199,0.4989258861439312,0.0,0.4867704976727532,"POLYGON ((15355126.94 4992944.148, 15358126.94 4992944.148, 15358126.94 4989944.148, 15355126.94 4989944.148, 15355126.94 4992944.148))"
喜山期,376,15356626.94,4988444.148,0.0107778228407412,0.0003556152904824,4,0.0,0.0,False,0.4765485141424991,0.4989258861439312,0.0,0.4832617257429287,"POLYGON ((15355126.94 4989944.148, 15358126.94 4989944.148, 15358126.94 4986944.148, 15355126.94 4986944.148, 15355126.94 4989944.148))"
喜山期,377,15356626.94,4985444.148,0.0105809424400829,0.0003556152904824,4,0.0,0.0,False,0.4708199069101325,0.4989258861439312,0.0,0.4792517006802721,"POLYGON ((15355126.94 4986944.148, 15358126.94 4986944.148, 15358126.94 4983944.148, 15355126.94 4983944.148, 15355126.94 4986944.148))"
喜山期,378,15356626.94,4982444.148,0.0103534831643996,0.0003556152904824,4,0.0,0.0,False,0.4582885785893305,0.4989258861439312,0.0,0.4704797708557107,"POLYGON ((15355126.94 4983944.148, 15358126.94 4983944.148, 15358126.94 4980944.148, 15355126.94 4980944.148, 15355126.94 4983944.148))"
喜山期,379,15356626.94,4979444.148,0.0100919965245407,0.0003556152904824,4,0.0,0.0,False,0.4479054779806659,0.4989258861439312,0.0,0.4632116004296455,"POLYGON ((15355126.94 4980944.148, 15358126.94 4980944.148, 15358126.94 4977944.148, 15355126.94 4977944.148, 15355126.94 4980944.148))"
喜山期,380,15356626.94,4976444.148,0.0097922166683954,0.0003556152904824,4,0.0,0.0,False,0.4300035803795202,0.4989258861439312,0.0,0.4506802721088435,"POLYGON ((15355126.94 4977944.148, 15358126.94 4977944.148, 15358126.94 4974944.148, 15355126.94 4974944.148, 15355126.94 4977944.148))"
喜山期,381,15356626.94,4973444.148,0.0094489508330501,0.0003556152904824,4,0.0,0.0,False,0.4210526315789473,0.4989258861439312,0.0,0.4444146079484425,"POLYGON ((15355126.94 4974944.148, 15358126.94 4974944.148, 15358126.94 4971944.148, 15355126.94 4971944.148, 15355126.94 4974944.148))"
喜山期,382,15356626.94,4970444.148,0.0090558664678413,0.0003556152904824,4,0.0,0.0,False,0.4067311134980308,0.4989258861439312,0.0,0.4343895452918009,"POLYGON ((15355126.94 4971944.148, 15358126.94 4971944.148, 15358126.94 4968944.148, 15355126.94 4968944.148, 15355126.94 4971944.148))"
喜山期,383,15356626.94,4967444.148,0.0086051540536897,0.0003556152904824,4,0.0,0.0,False,0.380594343000358,0.4989258861439312,0.0,0.41609380594343,"POLYGON ((15355126.94 4968944.148, 15358126.94 4968944.148, 15358126.94 4965944.148, 15355126.94 4965944.148, 15355126.94 4968944.148))"
喜山期,384,15356626.94,4964444.148,0.0080870493868521,0.0003556152904824,4,0.0,0.0,False,0.3558897243107769,0.4989258861439312,0.0,0.3988005728607232,"POLYGON ((15355126.94 4965944.148, 15358126.94 4965944.148, 15358126.94 4962944.148, 15355126.94 4962944.148, 15355126.94 4965944.148))"
喜山期,385,15356626.94,4961444.148,0.0074892489673859,0.0003556152904824,4,0.0,0.0,False,0.3379878267096312,0.4989258861439312,0.0,0.3862692445399212,"POLYGON ((15355126.94 4962944.148, 15358126.94 4962944.148, 15358126.94 4959944.148, 15355126.94 4959944.148, 15355126.94 4962944.148))"
喜山期,386,15356626.94,4958444.148,0.0067963520116236,0.0003556152904824,4,0.0,0.0,False,0.2982456140350877,0.4989258861439312,0.0,0.3584496956677407,"POLYGON ((15355126.94 4959944.148, 15358126.94 4959944.148, 15358126.94 4956944.148, 15355126.94 4956944.148, 15355126.94 4959944.148))"
喜山期,387,15356626.94,4955444.148,0.0059895616682909,0.0003556152904824,4,0.0,0.0,False,0.2649480844969566,0.4989258861439312,0.0,0.335141424991049,"POLYGON ((15355126.94 4956944.148, 15358126.94 4956944.148, 15358126.94 4953944.148, 15355126.94 4953944.148, 15355126.94 4956944.148))"
喜山期,388,15356626.94,4952444.148,0.0050468068436517,0.0003556152904824,4,0.0,0.0,False,0.2169709989258861,0.4989258861439312,0.0,0.3015574650912996,"POLYGON ((15355126.94 4953944.148, 15358126.94 4953944.148, 15358126.94 4950944.148, 15355126.94 4950944.148, 15355126.94 4953944.148))"
喜山期,389,15356626.94,4949444.148,0.0039428407876829,0.0003556152904824,4,0.0,0.0,False,0.1732903687790905,0.4989258861439312,0.0,0.2709810239885427,"POLYGON ((15355126.94 4950944.148, 15358126.94 4950944.148, 15358126.94 4947944.148, 15355126.94 4947944.148, 15355126.94 4950944.148))"
喜山期,390,15356626.94,4946444.148,0.0026469394090217,0.0003556152904824,4,0.0,0.0,False,0.1102756892230576,0.4989258861439312,0.0,0.2268707482993197,"POLYGON ((15355126.94 4947944.148, 15358126.94 4947944.148, 15358126.94 4944944.148, 15355126.94 4944944.148, 15355126.94 4947944.148))"
喜山期,391,15356626.94,4943444.148,0.0011092299427488,0.0003556152904824,3,0.0,0.0,False,0.037593984962406,0.4989258861439312,0.0,0.1759935553168636,"POLYGON ((15355126.94 4944944.148, 15358126.94 4944944.148, 15358126.94 4941944.148, 15355126.94 4941944.148, 15355126.94 4944944.148))"
喜山期,392,15359626.94,5087444.148,0.001155108493275,0.0003556152904824,3,0.0,0.0,False,0.0401002506265664,0.4989258861439312,0.0,0.1777479412817758,"POLYGON ((15358126.94 5088944.148, 15361126.94 5088944.148, 15361126.94 5085944.148, 15358126.94 5085944.148, 15358126.94 5088944.148))"
喜山期,393,15359626.94,5084444.148,0.0027700924012574,0.0003556152904824,4,0.0,0.0,False,0.1142141066953097,0.4989258861439312,0.0,0.2296276405298961,"POLYGON ((15358126.94 5085944.148, 15361126.94 5085944.148, 15361126.94 5082944.148, 15358126.94 5082944.148, 15358126.94 5085944.148))"
喜山期,394,15359626.94,5081444.148,0.0041549278409009,0.0003556152904824,4,0.0,0.0,False,0.1804511278195488,0.4989258861439312,0.0,0.2759935553168635,"POLYGON ((15358126.94 5082944.148, 15361126.94 5082944.148, 15361126.94 5079944.148, 15358126.94 5079944.148, 15358126.94 5082944.148))"
喜山期,395,15359626.94,5078444.148,0.005352886575409,0.0003556152904824,4,0.0,0.0,False,0.238095238095238,0.4989258861439312,0.0,0.316344432509846,"POLYGON ((15358126.94 5079944.148, 15361126.94 5079944.148, 15361126.94 5076944.148, 15358126.94 5076944.148, 15358126.94 5079944.148))"
喜山期,396,15359626.94,5075444.148,0.006389757940519,0.0003556152904824,4,0.0,0.0,False,0.2821339061940566,0.4989258861439312,0.0,0.347171500179019,"POLYGON ((15358126.94 5076944.148, 15361126.94 5076944.148, 15361126.94 5073944.148, 15358126.94 5073944.148, 15358126.94 5076944.148))"
喜山期,397,15359626.94,5072444.148,0.0072878128279311,0.0003556152904824,4,0.0,0.0,False,0.3311851056211958,0.4989258861439312,0.0,0.3815073397780164,"POLYGON ((15358126.94 5073944.148, 15361126.94 5073944.148, 15361126.94 5070944.148, 15358126.94 5070944.148, 15358126.94 5073944.148))"
喜山期,398,15359626.94,5069444.148,0.0080677482951399,0.0003556152904824,4,0.0,0.0,False,0.3544575725026853,0.4989258861439312,0.0,0.397798066595059,"POLYGON ((15358126.94 5070944.148, 15361126.94 5070944.148, 15361126.94 5067944.148, 15358126.94 5067944.148, 15358126.94 5070944.148))"
喜山期,399,15359626.94,5066444.148,0.0087478788708218,0.0003556152904824,4,0.0,0.0,False,0.3909774436090225,0.4989258861439312,0.0,0.4233619763694951,"POLYGON ((15358126.94 5067944.148, 15361126.94 5067944.148, 15361126.94 5064944.148, 15358126.94 5064944.148, 15358126.94 5067944.148))"
喜山期,400,15359626.94,5063444.148,0.0093434194325989,0.0003556152904824,4,0.0,0.0,False,0.4178302900107411,0.4989258861439312,0.0,0.4421589688506981,"POLYGON ((15358126.94 5064944.148, 15361126.94 5064944.148, 15361126.94 5061944.148, 15358126.94 5061944.148, 15358126.94 5064944.148))"
喜山期,401,15359626.94,5060444.148,0.0098664914254119,0.0003556152904824,4,0.0,0.0,False,0.4339419978517723,0.4989258861439312,0.0,0.4534371643394199,"POLYGON ((15358126.94 5061944.148, 15361126.94 5061944.148, 15361126.94 5058944.148, 15358126.94 5058944.148, 15358126.94 5061944.148))"
喜山期,402,15359626.94,5057444.148,0.0103266326852405,0.0003556152904824,4,0.0,0.0,False,0.4557823129251701,0.4989258861439312,0.0,0.4687253848907984,"POLYGON ((15358126.94 5058944.148, 15361126.94 5058944.148, 15361126.94 5055944.148, 15358126.94 5055944.148, 15358126.94 5058944.148))"
喜山期,403,15359626.94,5054444.148,0.0107314377400195,0.0003556152904824,4,0.0,0.0,False,0.4744002864303616,0.4989258861439312,0.0,0.4817579663444325,"POLYGON ((15358126.94 5055944.148, 15361126.94 5055944.148, 15361126.94 5052944.148, 15358126.94 5052944.148, 15358126.94 5055944.148))"
喜山期,404,15359626.94,5051444.148,0.0110870830704053,0.0003556152904824,4,0.0,0.0,False,0.4844253490870032,0.4989258861439312,0.0,0.4887755102040816,"POLYGON ((15358126.94 5052944.148, 15361126.94 5052944.148, 15361126.94 5049944.148, 15358126.94 5049944.148, 15358126.94 5052944.148))"
喜山期,405,15359626.94,5048444.148,0.011398645569603,0.0003556152904824,4,0.0,0.0,False,0.4998209810239885,0.4989258861439312,0.0,0.4995524525599713,"POLYGON ((15358126.94 5049944.148, 15361126.94 5049944.148, 15361126.94 5046944.148, 15358126.94 5046944.148, 15358126.94 5049944.148))"
喜山期,406,15359626.94,5045444.148,0.011670203923804,0.0003556152904824,4,0.0,0.0,False,0.5073397780164698,0.4989258861439312,0.0,0.5048156104547081,"POLYGON ((15358126.94 5046944.148, 15361126.94 5046944.148, 15361126.94 5043944.148, 15358126.94 5043944.148, 15358126.94 5046944.148))"
喜山期,407,15359626.94,5042444.148,0.0119047219838434,0.0003556152904824,4,0.0,0.0,False,0.5148585750089509,0.4989258861439312,0.0,0.510078768349445,"POLYGON ((15358126.94 5043944.148, 15361126.94 5043944.148, 15361126.94 5040944.148, 15358126.94 5040944.148, 15358126.94 5043944.148))"
喜山期,408,15359626.94,5039444.148,0.0121036907003305,0.0003556152904824,4,0.0,0.0,False,0.5270318653777301,0.4989258861439312,0.0,0.5186000716075905,"POLYGON ((15358126.94 5040944.148, 15361126.94 5040944.148, 15361126.94 5037944.148, 15358126.94 5037944.148, 15358126.94 5040944.148))"
喜山期,409,15359626.94,5036444.148,0.012266498708272,0.0003556152904824,4,0.0,0.0,False,0.5331185105621196,0.4989258861439312,0.0,0.5228607232366631,"POLYGON ((15358126.94 5037944.148, 15361126.94 5037944.148, 15361126.94 5034944.148, 15358126.94 5034944.148, 15358126.94 5037944.148))"
喜山期,410,15359626.94,5033444.148,0.0123895460497748,0.0003556152904824,4,0.0,0.0,False,0.5370569280343717,0.4989258861439312,0.0,0.5256176154672395,"POLYGON ((15358126.94 5034944.148, 15361126.94 5034944.148, 15361126.94 5031944.148, 15358126.94 5031944.148, 15358126.94 5034944.148))"
喜山期,411,15359626.94,5030444.148,0.0124651853514154,0.0003556152904824,4,0.0,0.0,False,0.539921231650555,0.4989258861439312,0.0,0.5276226279985679,"POLYGON ((15358126.94 5031944.148, 15361126.94 5031944.148, 15361126.94 5028944.148, 15358126.94 5028944.148, 15358126.94 5031944.148))"
喜山期,412,15359626.94,5027444.148,0.0124804337207856,0.0003556152904824,4,0.0,0.0,False,0.5409953455066236,0.4989258861439312,0.0,0.5283745076978159,"POLYGON ((15358126.94 5028944.148, 15361126.94 5028944.148, 15361126.94 5025944.148, 15358126.94 5025944.148, 15358126.94 5028944.148))"
喜山期,413,15359626.94,5024444.148,0.0124139282159822,0.0003556152904824,4,0.0,0.0,False,0.5377730039384174,0.4989258861439312,0.0,0.5261188686000715,"POLYGON ((15358126.94 5025944.148, 15361126.94 5025944.148, 15361126.94 5022944.148, 15358126.94 5022944.148, 15358126.94 5025944.148))"
喜山期,414,15359626.94,5021444.148,0.012589350184887,0.0003556152904824,4,0.0,0.0,False,0.5456498388829216,0.4989258861439312,0.0,0.5316326530612245,"POLYGON ((15358126.94 5022944.148, 15361126.94 5022944.148, 15361126.94 5019944.148, 15358126.94 5019944.148, 15358126.94 5022944.148))"
喜山期,415,15359626.94,5018444.148,0.012584545394526,0.0003556152904824,4,0.0,0.0,False,0.5452918009308987,0.4989258861439312,0.0,0.5313820264948084,"POLYGON ((15358126.94 5019944.148, 15361126.94 5019944.148, 15361126.94 5016944.148, 15358126.94 5016944.148, 15358126.94 5019944.148))"
喜山期,416,15359626.94,5015444.148,0.012625721418341,0.0003556152904824,4,0.0,0.0,False,0.548156104547082,0.4989258861439312,0.0,0.5333870390261367,"POLYGON ((15358126.94 5016944.148, 15361126.94 5016944.148, 15361126.94 5013944.148, 15358126.94 5013944.148, 15358126.94 5016944.148))"
喜山期,417,15359626.94,5012444.148,0.0124738630677821,0.0003556152904824,4,0.0,0.0,False,0.5406373075546008,0.4989258861439312,0.0,0.5281238811314,"POLYGON ((15358126.94 5013944.148, 15361126.94 5013944.148, 15361126.94 5010944.148, 15358126.94 5010944.148, 15358126.94 5013944.148))"
喜山期,418,15359626.94,5009444.148,0.0125968619855298,0.0003556152904824,4,0.0,0.0,False,0.5463659147869674,0.4989258861439312,0.0,0.5321339061940565,"POLYGON ((15358126.94 5010944.148, 15361126.94 5010944.148, 15361126.94 5007944.148, 15358126.94 5007944.148, 15358126.94 5010944.148))"
喜山期,419,15359626.94,5006444.148,0.0126380191173569,0.0003556152904824,4,0.0,0.0,False,0.5499462943071965,0.4989258861439312,0.0,0.534640171858217,"POLYGON ((15358126.94 5007944.148, 15361126.94 5007944.148, 15361126.94 5004944.148, 15358126.94 5004944.148, 15358126.94 5007944.148))"
喜山期,420,15359626.94,5003444.148,0.0126184305774464,0.0003556152904824,4,0.0,0.0,False,0.5474400286430362,0.4989258861439312,0.0,0.5328857858933047,"POLYGON ((15358126.94 5004944.148, 15361126.94 5004944.148, 15361126.94 5001944.148, 15358126.94 5001944.148, 15358126.94 5004944.148))"
喜山期,421,15359626.94,5000444.148,0.0125514888501537,0.0003556152904824,4,0.0,0.0,False,0.543859649122807,0.4989258861439312,0.0,0.5303795202291444,"POLYGON ((15358126.94 5001944.148, 15361126.94 5001944.148, 15361126.94 4998944.148, 15358126.94 4998944.148, 15358126.94 5001944.148))"
喜山期,422,15359626.94,4997444.148,0.0124458389673003,0.0003556152904824,4,0.0,0.0,False,0.5388471177944862,0.4989258861439312,0.0,0.5268707482993198,"POLYGON ((15358126.94 4998944.148, 15361126.94 4998944.148, 15361126.94 4995944.148, 15358126.94 4995944.148, 15358126.94 4998944.148))"
喜山期,423,15359626.94,4994444.148,0.0123064143848162,0.0003556152904824,4,0.0,0.0,False,0.5345506623702112,0.4989258861439312,0.0,0.5238632295023272,"POLYGON ((15358126.94 4995944.148, 15361126.94 4995944.148, 15361126.94 4992944.148, 15358126.94 4992944.148, 15358126.94 4995944.148))"
喜山期,424,15359626.94,4991444.148,0.0121352667943576,0.0003556152904824,4,0.0,0.0,False,0.5284640171858217,0.4989258861439312,0.0,0.5196025778732545,"POLYGON ((15358126.94 4992944.148, 15361126.94 4992944.148, 15361126.94 4989944.148, 15358126.94 4989944.148, 15358126.94 4992944.148))"
喜山期,425,15359626.94,4988444.148,0.0119323283387181,0.0003556152904824,4,0.0,0.0,False,0.5162907268170426,0.4989258861439312,0.0,0.5110812746151092,"POLYGON ((15358126.94 4989944.148, 15361126.94 4989944.148, 15361126.94 4986944.148, 15358126.94 4986944.148, 15358126.94 4989944.148))"
喜山期,426,15359626.94,4985444.148,0.0116960172933021,0.0003556152904824,4,0.0,0.0,False,0.5091299677765844,0.4989258861439312,0.0,0.5060687432867884,"POLYGON ((15358126.94 4986944.148, 15361126.94 4986944.148, 15361126.94 4983944.148, 15358126.94 4983944.148, 15358126.94 4986944.148))"
喜山期,427,15359626.94,4982444.148,0.0114236401227109,0.0003556152904824,4,0.0,0.0,False,0.5001790189760115,0.4989258861439312,0.0,0.4998030791263874,"POLYGON ((15358126.94 4983944.148, 15361126.94 4983944.148, 15361126.94 4980944.148, 15358126.94 4980944.148, 15358126.94 4983944.148))"
喜山期,428,15359626.94,4979444.148,0.011111602155357,0.0003556152904824,4,0.0,0.0,False,0.4858575008950949,0.4989258861439312,0.0,0.4897780164697458,"POLYGON ((15358126.94 4980944.148, 15361126.94 4980944.148, 15361126.94 4977944.148, 15358126.94 4977944.148, 15358126.94 4980944.148))"
喜山期,429,15359626.94,4976444.148,0.0107554601261608,0.0003556152904824,4,0.0,0.0,False,0.4754744002864303,0.4989258861439312,0.0,0.4825098460436806,"POLYGON ((15358126.94 4977944.148, 15361126.94 4977944.148, 15361126.94 4974944.148, 15358126.94 4974944.148, 15358126.94 4977944.148))"
喜山期,430,15359626.94,4973444.148,0.010349839092319,0.0003556152904824,4,0.0,0.0,False,0.4575725026852846,0.4989258861439312,0.0,0.4699785177228786,"POLYGON ((15358126.94 4974944.148, 15361126.94 4974944.148, 15361126.94 4971944.148, 15358126.94 4971944.148, 15358126.94 4974944.148))"
喜山期,431,15359626.94,4970444.148,0.0098882165922588,0.0003556152904824,4,0.0,0.0,False,0.4357321876118868,0.4989258861439312,0.0,0.4546902971715001,"POLYGON ((15358126.94 4971944.148, 15361126.94 4971944.148, 15361126.94 4968944.148, 15358126.94 4968944.148, 15358126.94 4971944.148))"
喜山期,432,15359626.94,4967444.148,0.0093625733832827,0.0003556152904824,4,0.0,0.0,False,0.4185463659147869,0.4989258861439312,0.0,0.4426602219835302,"POLYGON ((15358126.94 4968944.148, 15361126.94 4968944.148, 15361126.94 4965944.148, 15358126.94 4965944.148, 15358126.94 4968944.148))"
喜山期,433,15359626.94,4964444.148,0.0087629451167759,0.0003556152904824,4,0.0,0.0,False,0.3927676333691371,0.4989258861439312,0.0,0.4246151092015753,"POLYGON ((15358126.94 4965944.148, 15361126.94 4965944.148, 15361126.94 4962944.148, 15358126.94 4962944.148, 15358126.94 4965944.148))"
喜山期,434,15359626.94,4961444.148,0.0080769915270618,0.0003556152904824,4,0.0,0.0,False,0.355531686358754,0.4989258861439312,0.0,0.3985499462943072,"POLYGON ((15358126.94 4962944.148, 15361126.94 4962944.148, 15361126.94 4959944.148, 15358126.94 4959944.148, 15358126.94 4962944.148))"
喜山期,435,15359626.94,4958444.148,0.0072897979959251,0.0003556152904824,4,0.0,0.0,False,0.3315431435732187,0.4989258861439312,0.0,0.3817579663444325,"POLYGON ((15358126.94 4959944.148, 15361126.94 4959944.148, 15361126.94 4956944.148, 15358126.94 4956944.148, 15358126.94 4959944.148))"
喜山期,436,15359626.94,4955444.148,0.0063841344301716,0.0003556152904824,4,0.0,0.0,False,0.2817758682420336,0.4989258861439312,0.0,0.3469208736126029,"POLYGON ((15358126.94 4956944.148, 15361126.94 4956944.148, 15361126.94 4953944.148, 15358126.94 4953944.148, 15358126.94 4956944.148))"
喜山期,437,15359626.94,4952444.148,0.0053411254663203,0.0003556152904824,4,0.0,0.0,False,0.2370211242391693,0.4989258861439312,0.0,0.3155925528105979,"POLYGON ((15358126.94 4953944.148, 15361126.94 4953944.148, 15361126.94 4950944.148, 15358126.94 4950944.148, 15358126.94 4953944.148))"
喜山期,438,15359626.94,4949444.148,0.0041404650557333,0.0003556152904824,4,0.0,0.0,False,0.1793770139634801,0.4989258861439312,0.0,0.2752416756176155,"POLYGON ((15358126.94 4950944.148, 15361126.94 4950944.148, 15361126.94 4947944.148, 15358126.94 4947944.148, 15358126.94 4950944.148))"
喜山期,439,15359626.94,4946444.148,0.0027574227029762,0.0003556152904824,4,0.0,0.0,False,0.1138560687432867,0.4989258861439312,0.0,0.2293770139634801,"POLYGON ((15358126.94 4947944.148, 15361126.94 4947944.148, 15361126.94 4944944.148, 15358126.94 4944944.148, 15358126.94 4947944.148))"
喜山期,440,15359626.94,4943444.148,0.0011480144534342,0.0003556152904824,3,0.0,0.0,False,0.0397422126745435,0.4989258861439312,0.0,0.1774973147153598,"POLYGON ((15358126.94 4944944.148, 15361126.94 4944944.148, 15361126.94 4941944.148, 15358126.94 4941944.148, 15358126.94 4944944.148))"
喜山期,441,15362626.94,5087444.148,0.0011859034607101,0.0003556152904824,3,0.0,0.0,False,0.0422484783387039,0.4989258861439312,0.0,0.1792517006802721,"POLYGON ((15361126.94 5088944.148, 15364126.94 5088944.148, 15364126.94 5085944.148, 15361126.94 5085944.148, 15361126.94 5088944.148))"
喜山期,442,15362626.94,5084444.148,0.0028625123743798,0.0003556152904824,4,0.0,0.0,False,0.1167203723594701,0.4989258861439312,0.0,0.2313820264948084,"POLYGON ((15361126.94 5085944.148, 15364126.94 5085944.148, 15364126.94 5082944.148, 15361126.94 5082944.148, 15361126.94 5085944.148))"
喜山期,443,15362626.94,5081444.148,0.0043243435306651,0.0003556152904824,4,0.0,0.0,False,0.1901181525241675,0.4989258861439312,0.0,0.2827604726100966,"POLYGON ((15361126.94 5082944.148, 15364126.94 5082944.148, 15364126.94 5079944.148, 15361126.94 5079944.148, 15361126.94 5082944.148))"
喜山期,444,15362626.94,5078444.148,0.0056098329687377,0.0003556152904824,4,0.0,0.0,False,0.2470461868958109,0.4989258861439312,0.0,0.322610096670247,"POLYGON ((15361126.94 5079944.148, 15364126.94 5079944.148, 15364126.94 5076944.148, 15361126.94 5076944.148, 15361126.94 5079944.148))"
喜山期,445,15362626.94,5075444.148,0.0067391626396111,0.0003556152904824,4,0.0,0.0,False,0.2950232724668815,0.4989258861439312,0.0,0.3561940565699963,"POLYGON ((15361126.94 5076944.148, 15364126.94 5076944.148, 15364126.94 5073944.148, 15361126.94 5073944.148, 15361126.94 5076944.148))"
喜山期,446,15362626.94,5072444.148,0.0077295920011841,0.0003556152904824,4,0.0,0.0,False,0.3440744718940207,0.4989258861439312,0.0,0.3905298961689939,"POLYGON ((15361126.94 5073944.148, 15364126.94 5073944.148, 15364126.94 5070944.148, 15361126.94 5070944.148, 15361126.94 5073944.148))"
喜山期,447,15362626.94,5069444.148,0.0085984606577942,0.0003556152904824,4,0.0,0.0,False,0.3798782670963122,0.4989258861439312,0.0,0.4155925528105979,"POLYGON ((15361126.94 5070944.148, 15364126.94 5070944.148, 15364126.94 5067944.148, 15361126.94 5067944.148, 15361126.94 5070944.148))"
喜山期,448,15362626.94,5066444.148,0.0093624666120137,0.0003556152904824,4,0.0,0.0,False,0.418188327962764,0.4989258861439312,0.0,0.4424095954171142,"POLYGON ((15361126.94 5067944.148, 15364126.94 5067944.148, 15364126.94 5064944.148, 15361126.94 5064944.148, 15361126.94 5067944.148))"
喜山期,449,15362626.94,5063444.148,0.0100363892446133,0.0003556152904824,4,0.0,0.0,False,0.4443250984604368,0.4989258861439312,0.0,0.4607053347654851,"POLYGON ((15361126.94 5064944.148, 15364126.94 5064944.148, 15364126.94 5061944.148, 15361126.94 5061944.148, 15361126.94 5064944.148))"
喜山期,450,15362626.94,5060444.148,0.0106324306906137,0.0003556152904824,4,0.0,0.0,False,0.4718940207662012,0.4989258861439312,0.0,0.4800035803795202,"POLYGON ((15361126.94 5061944.148, 15364126.94 5061944.148, 15364126.94 5058944.148, 15361126.94 5058944.148, 15361126.94 5061944.148))"
喜山期,451,15362626.94,5057444.148,0.0111602810230676,0.0003556152904824,4,0.0,0.0,False,0.4865735767991407,0.4989258861439312,0.0,0.4902792696025778,"POLYGON ((15361126.94 5058944.148, 15364126.94 5058944.148, 15364126.94 5055944.148, 15361126.94 5055944.148, 15361126.94 5058944.148))"
喜山期,452,15362626.94,5054444.148,0.0116275828457755,0.0003556152904824,4,0.0,0.0,False,0.5051915503043323,0.4989258861439312,0.0,0.503311851056212,"POLYGON ((15361126.94 5055944.148, 15364126.94 5055944.148, 15364126.94 5052944.148, 15361126.94 5052944.148, 15361126.94 5055944.148))"
喜山期,453,15362626.94,5051444.148,0.0120404482707891,0.0003556152904824,4,0.0,0.0,False,0.522735409953455,0.4989258861439312,0.0,0.5155925528105978,"POLYGON ((15361126.94 5052944.148, 15364126.94 5052944.148, 15364126.94 5049944.148, 15361126.94 5049944.148, 15361126.94 5052944.148))"
喜山期,454,15362626.94,5048444.148,0.0124038153777434,0.0003556152904824,4,0.0,0.0,False,0.5374149659863946,0.4989258861439312,0.0,0.5258682420336556,"POLYGON ((15361126.94 5049944.148, 15364126.94 5049944.148, 15364126.94 5046944.148, 15361126.94 5046944.148, 15361126.94 5049944.148))"
喜山期,455,15362626.94,5045444.148,0.0127215579257629,0.0003556152904824,4,0.0,0.0,False,0.5513784461152882,0.4989258861439312,0.0,0.5356426781238811,"POLYGON ((15361126.94 5046944.148, 15364126.94 5046944.148, 15364126.94 5043944.148, 15361126.94 5043944.148, 15361126.94 5046944.148))"
喜山期,456,15362626.94,5042444.148,0.0129963282199273,0.0003556152904824,4,0.0,0.0,False,0.5596133190118152,0.4989258861439312,0.0,0.54140708915145,"POLYGON ((15361126.94 5043944.148, 15364126.94 5043944.148, 15364126.94 5040944.148, 15361126.94 5040944.148, 15361126.94 5043944.148))"
喜山期,457,15362626.94,5039444.148,0.0132291402778491,0.0003556152904824,4,0.0,0.0,False,0.5653419262441819,0.4989258861439312,0.0,0.5454171142141067,"POLYGON ((15361126.94 5040944.148, 15364126.94 5040944.148, 15364126.94 5037944.148, 15361126.94 5037944.148, 15361126.94 5040944.148))"
喜山期,458,15362626.94,5036444.148,0.0134187355493755,0.0003556152904824,4,0.0,0.0,False,0.5725026852846402,0.4989258861439312,0.0,0.5504296455424276,"POLYGON ((15361126.94 5037944.148, 15364126.94 5037944.148, 15364126.94 5034944.148, 15361126.94 5034944.148, 15361126.94 5037944.148))"
喜山期,459,15362626.94,5033444.148,0.0135608396971543,0.0003556152904824,4,0.0,0.0,False,0.5778732545649838,0.4989258861439312,0.0,0.5541890440386681,"POLYGON ((15361126.94 5034944.148, 15364126.94 5034944.148, 15364126.94 5031944.148, 15361126.94 5031944.148, 15361126.94 5034944.148))"
喜山期,460,15362626.94,5030444.148,0.0136474535533065,0.0003556152904824,4,0.0,0.0,False,0.5807375581811672,0.4989258861439312,0.0,0.5561940565699964,"POLYGON ((15361126.94 5031944.148, 15364126.94 5031944.148, 15364126.94 5028944.148, 15361126.94 5028944.148, 15361126.94 5031944.148))"
喜山期,461,15362626.94,5027444.148,0.0136660493507788,0.0003556152904824,4,0.0,0.0,False,0.5821697099892589,0.4989258861439312,0.0,0.5571965628356605,"POLYGON ((15361126.94 5028944.148, 15364126.94 5028944.148, 15364126.94 5025944.148, 15361126.94 5025944.148, 15361126.94 5028944.148))"
喜山期,462,15362626.94,5024444.148,0.0135968976607415,0.0003556152904824,4,0.0,0.0,False,0.5789473684210527,0.4989258861439312,0.0,0.5549409237379161,"POLYGON ((15361126.94 5025944.148, 15364126.94 5025944.148, 15364126.94 5022944.148, 15361126.94 5022944.148, 15361126.94 5025944.148))"
喜山期,463,15362626.94,5021444.148,0.0138080005093828,0.0003556152904824,4,0.0,0.0,False,0.5911206587898318,0.4989258861439312,0.0,0.5634622269960616,"POLYGON ((15361126.94 5022944.148, 15364126.94 5022944.148, 15364126.94 5019944.148, 15361126.94 5019944.148, 15361126.94 5022944.148))"
喜山期,464,15362626.94,5018444.148,0.0137981821564962,0.0003556152904824,4,0.0,0.0,False,0.5893304690297172,0.4989258861439312,0.0,0.5622090941639815,"POLYGON ((15361126.94 5019944.148, 15364126.94 5019944.148, 15364126.94 5016944.148, 15361126.94 5016944.148, 15361126.94 5019944.148))"
喜山期,465,15362626.94,5015444.148,0.0138508853980836,0.0003556152904824,4,0.0,0.0,False,0.5939849624060151,0.4989258861439312,0.0,0.5654672395273899,"POLYGON ((15361126.94 5016944.148, 15364126.94 5016944.148, 15364126.94 5013944.148, 15361126.94 5013944.148, 15361126.94 5016944.148))"
喜山期,466,15362626.94,5012444.148,0.013667883573894,0.0003556152904824,4,0.0,0.0,False,0.5825277479412818,0.4989258861439312,0.0,0.5574471894020766,"POLYGON ((15361126.94 5013944.148, 15364126.94 5013944.148, 15364126.94 5010944.148, 15361126.94 5010944.148, 15361126.94 5013944.148))"
喜山期,467,15362626.94,5009444.148,0.0138022099955262,0.0003556152904824,4,0.0,0.0,False,0.58968850698174,0.4989258861439312,0.0,0.5624597207303974,"POLYGON ((15361126.94 5010944.148, 15364126.94 5010944.148, 15364126.94 5007944.148, 15361126.94 5007944.148, 15361126.94 5010944.148))"
喜山期,468,15362626.94,5006444.148,0.0138494077083523,0.0003556152904824,4,0.0,0.0,False,0.5936269244539921,0.4989258861439312,0.0,0.5652166129609739,"POLYGON ((15361126.94 5007944.148, 15364126.94 5007944.148, 15364126.94 5004944.148, 15361126.94 5004944.148, 15361126.94 5007944.148))"
喜山期,469,15362626.94,5003444.148,0.0138288481020262,0.0003556152904824,4,0.0,0.0,False,0.5921947726459005,0.4989258861439312,0.0,0.5642141066953097,"POLYGON ((15361126.94 5004944.148, 15364126.94 5004944.148, 15364126.94 5001944.148, 15361126.94 5001944.148, 15361126.94 5004944.148))"
喜山期,470,15362626.94,5000444.148,0.0137532346195353,0.0003556152904824,4,0.0,0.0,False,0.5878983172216254,0.4989258861439312,0.0,0.5612065878983172,"POLYGON ((15361126.94 5001944.148, 15364126.94 5001944.148, 15364126.94 4998944.148, 15361126.94 4998944.148, 15361126.94 5001944.148))"
喜山期,471,15362626.94,4997444.148,0.0136313447296735,0.0003556152904824,4,0.0,0.0,False,0.5803795202291443,0.4989258861439312,0.0,0.5559434300035804,"POLYGON ((15361126.94 4998944.148, 15364126.94 4998944.148, 15364126.94 4995944.148, 15361126.94 4995944.148, 15361126.94 4998944.148))"
喜山期,472,15362626.94,4994444.148,0.0134686665095067,0.0003556152904824,4,0.0,0.0,False,0.5739348370927319,0.4989258861439312,0.0,0.5514321518080916,"POLYGON ((15361126.94 4995944.148, 15364126.94 4995944.148, 15364126.94 4992944.148, 15361126.94 4992944.148, 15361126.94 4995944.148))"
喜山期,473,15362626.94,4991444.148,0.0132678689863762,0.0003556152904824,4,0.0,0.0,False,0.5667740780522735,0.4989258861439312,0.0,0.5464196204797709,"POLYGON ((15361126.94 4992944.148, 15364126.94 4992944.148, 15364126.94 4989944.148, 15361126.94 4989944.148, 15361126.94 4992944.148))"
喜山期,474,15362626.94,4988444.148,0.0130293618621678,0.0003556152904824,4,0.0,0.0,False,0.560687432867884,0.4989258861439312,0.0,0.5421589688506983,"POLYGON ((15361126.94 4989944.148, 15364126.94 4989944.148, 15364126.94 4986944.148, 15361126.94 4986944.148, 15361126.94 4989944.148))"
喜山期,475,15362626.94,4985444.148,0.0127518500062813,0.0003556152904824,4,0.0,0.0,False,0.552452559971357,0.4989258861439312,0.0,0.5363945578231293,"POLYGON ((15361126.94 4986944.148, 15364126.94 4986944.148, 15364126.94 4983944.148, 15361126.94 4983944.148, 15361126.94 4986944.148))"
喜山期,476,15362626.94,4982444.148,0.0124327734142802,0.0003556152904824,4,0.0,0.0,False,0.5384890798424633,0.4989258861439312,0.0,0.5266201217329036,"POLYGON ((15361126.94 4983944.148, 15364126.94 4983944.148, 15364126.94 4980944.148, 15361126.94 4980944.148, 15361126.94 4983944.148))"
喜山期,477,15362626.94,4979444.148,0.0120685810891379,0.0003556152904824,4,0.0,0.0,False,0.5245255997135696,0.4989258861439312,0.0,0.5168456856426781,"POLYGON ((15361126.94 4980944.148, 15364126.94 4980944.148, 15364126.94 4977944.148, 15361126.94 4977944.148, 15361126.94 4980944.148))"
喜山期,478,15362626.94,4976444.148,0.0116548296520017,0.0003556152904824,4,0.0,0.0,False,0.506265664160401,0.4989258861439312,0.0,0.5040637307554601,"POLYGON ((15361126.94 4977944.148, 15364126.94 4977944.148, 15364126.94 4974944.148, 15361126.94 4974944.148, 15361126.94 4977944.148))"
喜山期,479,15362626.94,4973444.148,0.0111861118095229,0.0003556152904824,4,0.0,0.0,False,0.4880057286072323,0.4989258861439312,0.0,0.491281775868242,"POLYGON ((15361126.94 4974944.148, 15364126.94 4974944.148, 15364126.94 4971944.148, 15361126.94 4971944.148, 15361126.94 4974944.148))"
喜山期,480,15362626.94,4970444.148,0.0106558265094174,0.0003556152904824,4,0.0,0.0,False,0.4722520587182241,0.4989258861439312,0.0,0.4802542069459362,"POLYGON ((15361126.94 4971944.148, 15364126.94 4971944.148, 15364126.94 4968944.148, 15361126.94 4968944.148, 15361126.94 4971944.148))"
喜山期,481,15362626.94,4967444.148,0.0100558302531102,0.0003556152904824,4,0.0,0.0,False,0.4457572502685284,0.4989258861439312,0.0,0.4617078410311493,"POLYGON ((15361126.94 4968944.148, 15364126.94 4968944.148, 15364126.94 4965944.148, 15361126.94 4965944.148, 15361126.94 4968944.148))"
喜山期,482,15362626.94,4964444.148,0.009376074997499,0.0003556152904824,4,0.0,0.0,False,0.4192624418188328,0.4989258861439312,0.0,0.4431614751163623,"POLYGON ((15361126.94 4965944.148, 15364126.94 4965944.148, 15364126.94 4962944.148, 15361126.94 4962944.148, 15361126.94 4965944.148))"
喜山期,483,15362626.94,4961444.148,0.0086044266155071,0.0003556152904824,4,0.0,0.0,False,0.3802363050483351,0.4989258861439312,0.0,0.4158431793770139,"POLYGON ((15361126.94 4962944.148, 15364126.94 4962944.148, 15364126.94 4959944.148, 15361126.94 4959944.148, 15361126.94 4962944.148))"
喜山期,484,15362626.94,4958444.148,0.0077268983804211,0.0003556152904824,4,0.0,0.0,False,0.3433583959899749,0.4989258861439312,0.0,0.3900286430361618,"POLYGON ((15361126.94 4959944.148, 15364126.94 4959944.148, 15364126.94 4956944.148, 15361126.94 4956944.148, 15361126.94 4959944.148))"
喜山期,485,15362626.94,4955444.148,0.0067283995378007,0.0003556152904824,4,0.0,0.0,False,0.2946652345148586,0.4989258861439312,0.0,0.3559434300035804,"POLYGON ((15361126.94 4956944.148, 15364126.94 4956944.148, 15364126.94 4953944.148, 15361126.94 4953944.148, 15361126.94 4956944.148))"
喜山期,486,15362626.94,4952444.148,0.0055936492125627,0.0003556152904824,4,0.0,0.0,False,0.2452559971356963,0.4989258861439312,0.0,0.3213569638381668,"POLYGON ((15361126.94 4953944.148, 15364126.94 4953944.148, 15364126.94 4950944.148, 15361126.94 4950944.148, 15361126.94 4953944.148))"
喜山期,487,15362626.94,4949444.148,0.0043070397881983,0.0003556152904824,4,0.0,0.0,False,0.1890440386680988,0.4989258861439312,0.0,0.2820085929108485,"POLYGON ((15361126.94 4950944.148, 15364126.94 4950944.148, 15364126.94 4947944.148, 15361126.94 4947944.148, 15361126.94 4950944.148))"
喜山期,488,15362626.94,4946444.148,0.0028486620622635,0.0003556152904824,4,0.0,0.0,False,0.1163623344074471,0.4989258861439312,0.0,0.2311313999283924,"POLYGON ((15361126.94 4947944.148, 15364126.94 4947944.148, 15364126.94 4944944.148, 15361126.94 4944944.148, 15361126.94 4947944.148))"
喜山期,489,15362626.94,4943444.148,0.0011786219801456,0.0003556152904824,3,0.0,0.0,False,0.0418904403866809,0.4989258861439312,0.0,0.179001074113856,"POLYGON ((15361126.94 4944944.148, 15364126.94 4944944.148, 15364126.94 4941944.148, 15361126.94 4941944.148, 15361126.94 4944944.148))"
喜山期,490,15365626.94,5087444.148,0.001210313122595,0.0003556152904824,3,0.0,0.0,False,0.0436806301467955,0.4989258861439312,0.0,0.1802542069459362,"POLYGON ((15364126.94 5088944.148, 15367126.94 5088944.148, 15367126.94 5085944.148, 15364126.94 5085944.148, 15364126.94 5088944.148))"
喜山期,491,15365626.94,5084444.148,0.0029393966056198,0.0003556152904824,4,0.0,0.0,False,0.1195846759756534,0.4989258861439312,0.0,0.2333870390261367,"POLYGON ((15364126.94 5085944.148, 15367126.94 5085944.148, 15367126.94 5082944.148, 15364126.94 5082944.148, 15364126.94 5085944.148))"
喜山期,492,15365626.94,5081444.148,0.0044680737121467,0.0003556152904824,4,0.0,0.0,False,0.1940565699964196,0.4989258861439312,0.0,0.2855173648406731,"POLYGON ((15364126.94 5082944.148, 15367126.94 5082944.148, 15367126.94 5079944.148, 15364126.94 5079944.148, 15364126.94 5082944.148))"
喜山期,493,15365626.94,5078444.148,0.0058315626201101,0.0003556152904824,4,0.0,0.0,False,0.2599355531686358,0.4989258861439312,0.0,0.3316326530612244,"POLYGON ((15364126.94 5079944.148, 15367126.94 5079944.148, 15367126.94 5076944.148, 15364126.94 5076944.148, 15364126.94 5079944.148))"
喜山期,494,15365626.94,5075444.148,0.0070456165635234,0.0003556152904824,4,0.0,0.0,False,0.3175796634443251,0.4989258861439312,0.0,0.3719835302542069,"POLYGON ((15364126.94 5076944.148, 15367126.94 5076944.148, 15367126.94 5073944.148, 15364126.94 5073944.148, 15364126.94 5076944.148))"
喜山期,495,15365626.94,5072444.148,0.0081227637905525,0.0003556152904824,4,0.0,0.0,False,0.3587540279269602,0.4989258861439312,0.0,0.4008055853920515,"POLYGON ((15364126.94 5073944.148, 15367126.94 5073944.148, 15367126.94 5070944.148, 15364126.94 5070944.148, 15364126.94 5073944.148))"
喜山期,496,15365626.94,5069444.148,0.0090765803483322,0.0003556152904824,4,0.0,0.0,False,0.4081632653061224,0.4989258861439312,0.0,0.4353920515574651,"POLYGON ((15364126.94 5070944.148, 15367126.94 5070944.148, 15367126.94 5067944.148, 15364126.94 5067944.148, 15364126.94 5070944.148))"
喜山期,497,15365626.94,5066444.148,0.0099215600567268,0.0003556152904824,4,0.0,0.0,False,0.4378804153240243,0.4989258861439312,0.0,0.4561940565699964,"POLYGON ((15364126.94 5067944.148, 15367126.94 5067944.148, 15367126.94 5064944.148, 15364126.94 5064944.148, 15364126.94 5067944.148))"
喜山期,498,15365626.94,5063444.148,0.0106716444087798,0.0003556152904824,4,0.0,0.0,False,0.4733261725742929,0.4989258861439312,0.0,0.4810060866451843,"POLYGON ((15364126.94 5064944.148, 15367126.94 5064944.148, 15367126.94 5061944.148, 15364126.94 5061944.148, 15364126.94 5064944.148))"
喜山期,499,15365626.94,5060444.148,0.011338982305262,0.0003556152904824,4,0.0,0.0,False,0.4965986394557823,0.4989258861439312,0.0,0.497296813462227,"POLYGON ((15364126.94 5061944.148, 15367126.94 5061944.148, 15367126.94 5058944.148, 15364126.94 5058944.148, 15364126.94 5061944.148))"
喜山期,500,15365626.94,5057444.148,0.0119334441277938,0.0003556152904824,4,0.0,0.0,False,0.5166487647690655,0.4989258861439312,0.0,0.5113319011815252,"POLYGON ((15364126.94 5058944.148, 15367126.94 5058944.148, 15367126.94 5055944.148, 15364126.94 5055944.148, 15364126.94 5058944.148))"
喜山期,501,15365626.94,5054444.148,0.012462765997442,0.0003556152904824,4,0.0,0.0,False,0.539563193698532,0.4989258861439312,0.0,0.5273720014321517,"POLYGON ((15364126.94 5055944.148, 15367126.94 5055944.148, 15367126.94 5052944.148, 15364126.94 5052944.148, 15364126.94 5055944.148))"
喜山期,502,15365626.94,5051444.148,0.0129329664905506,0.0003556152904824,4,0.0,0.0,False,0.5578231292517006,0.4989258861439312,0.0,0.5401539563193698,"POLYGON ((15364126.94 5052944.148, 15367126.94 5052944.148, 15367126.94 5049944.148, 15364126.94 5049944.148, 15364126.94 5052944.148))"
喜山期,503,15365626.94,5048444.148,0.0133487170301018,0.0003556152904824,4,0.0,0.0,False,0.5703544575725027,0.4989258861439312,0.0,0.5489258861439312,"POLYGON ((15364126.94 5049944.148, 15367126.94 5049944.148, 15367126.94 5046944.148, 15364126.94 5046944.148, 15364126.94 5049944.148))"
喜山期,504,15365626.94,5045444.148,0.0137134819197806,0.0003556152904824,4,0.0,0.0,False,0.5846759756534192,0.4989258861439312,0.0,0.5589509488005728,"POLYGON ((15364126.94 5046944.148, 15367126.94 5046944.148, 15367126.94 5043944.148, 15364126.94 5043944.148, 15364126.94 5046944.148))"
喜山期,505,15365626.94,5042444.148,0.01402936793021,0.0003556152904824,4,0.0,0.0,False,0.5989974937343359,0.4989258861439312,0.0,0.5689760114572144,"POLYGON ((15364126.94 5043944.148, 15367126.94 5043944.148, 15367126.94 5040944.148, 15364126.94 5040944.148, 15364126.94 5043944.148))"
喜山期,506,15365626.94,5039444.148,0.0142967149326503,0.0003556152904824,4,0.0,0.0,False,0.6054421768707483,0.4989258861439312,0.0,0.5734872896527032,"POLYGON ((15364126.94 5040944.148, 15367126.94 5040944.148, 15367126.94 5037944.148, 15364126.94 5037944.148, 15364126.94 5040944.148))"
喜山期,507,15365626.94,5036444.148,0.0145135383047909,0.0003556152904824,4,0.0,0.0,False,0.6093805943430004,0.4989258861439312,0.0,0.5762441818832796,"POLYGON ((15364126.94 5037944.148, 15367126.94 5037944.148, 15367126.94 5034944.148, 15364126.94 5034944.148, 15364126.94 5037944.148))"
喜山期,508,15365626.94,5033444.148,0.0146749988257015,0.0003556152904824,4,0.0,0.0,False,0.615109201575367,0.4989258861439312,0.0,0.5802542069459362,"POLYGON ((15364126.94 5034944.148, 15367126.94 5034944.148, 15367126.94 5031944.148, 15364126.94 5031944.148, 15364126.94 5034944.148))"
喜山期,509,15365626.94,5030444.148,0.0147730384767124,0.0003556152904824,4,0.0,0.0,False,0.6183315431435732,0.4989258861439312,0.0,0.5825098460436806,"POLYGON ((15364126.94 5031944.148, 15367126.94 5031944.148, 15367126.94 5028944.148, 15364126.94 5028944.148, 15364126.94 5031944.148))"
喜山期,510,15365626.94,5027444.148,0.0147959157912775,0.0003556152904824,4,0.0,0.0,False,0.6186895810955961,0.4989258861439312,0.0,0.5827604726100967,"POLYGON ((15364126.94 5028944.148, 15367126.94 5028944.148, 15367126.94 5025944.148, 15364126.94 5025944.148, 15364126.94 5028944.148))"
喜山期,511,15365626.94,5024444.148,0.0147256469357583,0.0003556152904824,4,0.0,0.0,False,0.6168993913354816,0.4989258861439312,0.0,0.5815073397780164,"POLYGON ((15364126.94 5025944.148, 15367126.94 5025944.148, 15367126.94 5022944.148, 15364126.94 5022944.148, 15364126.94 5025944.148))"
喜山期,512,15365626.94,5021444.148,0.0149742745932885,0.0003556152904824,4,0.0,0.0,False,0.6247762262799856,0.4989258861439312,0.0,0.5870211242391693,"POLYGON ((15364126.94 5022944.148, 15367126.94 5022944.148, 15367126.94 5019944.148, 15364126.94 5019944.148, 15364126.94 5022944.148))"
喜山期,513,15365626.94,5018444.148,0.0149577307926649,0.0003556152904824,4,0.0,0.0,False,0.6240601503759399,0.4989258861439312,0.0,0.5865198711063373,"POLYGON ((15364126.94 5019944.148, 15367126.94 5019944.148, 15367126.94 5016944.148, 15364126.94 5016944.148, 15364126.94 5019944.148))"
喜山期,514,15365626.94,5015444.148,0.0150240264623977,0.0003556152904824,4,0.0,0.0,False,0.6287146437522377,0.4989258861439312,0.0,0.5897780164697457,"POLYGON ((15364126.94 5016944.148, 15367126.94 5016944.148, 15367126.94 5013944.148, 15364126.94 5013944.148, 15364126.94 5016944.148))"
喜山期,515,15365626.94,5012444.148,0.014808483846005,0.0003556152904824,4,0.0,0.0,False,0.6190476190476191,0.4989258861439312,0.0,0.5830110991765127,"POLYGON ((15364126.94 5013944.148, 15367126.94 5013944.148, 15367126.94 5010944.148, 15364126.94 5010944.148, 15364126.94 5013944.148))"
喜山期,516,15365626.94,5009444.148,0.0149529537644125,0.0003556152904824,4,0.0,0.0,False,0.623344074471894,0.4989258861439312,0.0,0.5860186179735052,"POLYGON ((15364126.94 5010944.148, 15367126.94 5010944.148, 15367126.94 5007944.148, 15364126.94 5007944.148, 15364126.94 5010944.148))"
喜山期,517,15365626.94,5006444.148,0.0150055454279669,0.0003556152904824,4,0.0,0.0,False,0.627640529896169,0.4989258861439312,0.0,0.5890261367704976,"POLYGON ((15364126.94 5007944.148, 15367126.94 5007944.148, 15367126.94 5004944.148, 15364126.94 5004944.148, 15364126.94 5007944.148))"
喜山期,518,15365626.94,5003444.148,0.0149838745195597,0.0003556152904824,4,0.0,0.0,False,0.6251342642320086,0.4989258861439312,0.0,0.5872717508055854,"POLYGON ((15364126.94 5004944.148, 15367126.94 5004944.148, 15367126.94 5001944.148, 15364126.94 5001944.148, 15364126.94 5004944.148))"
喜山期,519,15365626.94,5000444.148,0.0148996590034101,0.0003556152904824,4,0.0,0.0,False,0.6215538847117794,0.4989258861439312,0.0,0.584765485141425,"POLYGON ((15364126.94 5001944.148, 15367126.94 5001944.148, 15367126.94 4998944.148, 15364126.94 4998944.148, 15364126.94 5001944.148))"
喜山期,520,15365626.94,4997444.148,0.0147614686413575,0.0003556152904824,4,0.0,0.0,False,0.6179735051915503,0.4989258861439312,0.0,0.5822592194772646,"POLYGON ((15364126.94 4998944.148, 15367126.94 4998944.148, 15367126.94 4995944.148, 15364126.94 4995944.148, 15364126.94 4998944.148))"
喜山期,521,15365626.94,4994444.148,0.014575131243721,0.0003556152904824,4,0.0,0.0,False,0.6126029359112066,0.4989258861439312,0.0,0.5784998209810239,"POLYGON ((15364126.94 4995944.148, 15367126.94 4995944.148, 15367126.94 4992944.148, 15364126.94 4992944.148, 15364126.94 4995944.148))"
喜山期,522,15365626.94,4991444.148,0.0143438937932425,0.0003556152904824,4,0.0,0.0,False,0.606516290726817,0.4989258861439312,0.0,0.5742391693519513,"POLYGON ((15364126.94 4992944.148, 15367126.94 4992944.148, 15367126.94 4989944.148, 15364126.94 4989944.148, 15364126.94 4992944.148))"
喜山期,523,15365626.94,4988444.148,0.0140687446679325,0.0003556152904824,4,0.0,0.0,False,0.5993555316863588,0.4989258861439312,0.0,0.5692266380236305,"POLYGON ((15364126.94 4989944.148, 15367126.94 4989944.148, 15367126.94 4986944.148, 15364126.94 4986944.148, 15364126.94 4989944.148))"
喜山期,524,15365626.94,4985444.148,0.0137488545242625,0.0003556152904824,4,0.0,0.0,False,0.5871822413175797,0.4989258861439312,0.0,0.5607053347654851,"POLYGON ((15364126.94 4986944.148, 15367126.94 4986944.148, 15367126.94 4983944.148, 15364126.94 4983944.148, 15364126.94 4986944.148))"
喜山期,525,15365626.94,4982444.148,0.0133819997983108,0.0003556152904824,4,0.0,0.0,False,0.5710705334765485,0.4989258861439312,0.0,0.5494271392767633,"POLYGON ((15364126.94 4983944.148, 15367126.94 4983944.148, 15367126.94 4980944.148, 15364126.94 4980944.148, 15364126.94 4983944.148))"
喜山期,526,15365626.94,4979444.148,0.0129648611172033,0.0003556152904824,4,0.0,0.0,False,0.5585392051557465,0.4989258861439312,0.0,0.5406552094522019,"POLYGON ((15364126.94 4980944.148, 15367126.94 4980944.148, 15367126.94 4977944.148, 15364126.94 4977944.148, 15364126.94 4980944.148))"
喜山期,527,15365626.94,4976444.148,0.0124931403433105,0.0003556152904824,4,0.0,0.0,False,0.5420694593626925,0.4989258861439312,0.0,0.5291263873970641,"POLYGON ((15364126.94 4977944.148, 15367126.94 4977944.148, 15367126.94 4974944.148, 15364126.94 4974944.148, 15364126.94 4977944.148))"
喜山期,528,15365626.94,4973444.148,0.0119614838468572,0.0003556152904824,4,0.0,0.0,False,0.5173648406731114,0.4989258861439312,0.0,0.5118331543143573,"POLYGON ((15364126.94 4974944.148, 15367126.94 4974944.148, 15367126.94 4971944.148, 15364126.94 4971944.148, 15364126.94 4974944.148))"
喜山期,529,15365626.94,4970444.148,0.0113632446494384,0.0003556152904824,4,0.0,0.0,False,0.4983888292158969,0.4989258861439312,0.0,0.4985499462943071,"POLYGON ((15364126.94 4971944.148, 15367126.94 4971944.148, 15367126.94 4968944.148, 15364126.94 4968944.148, 15364126.94 4971944.148))"
喜山期,530,15365626.94,4967444.148,0.0106901805948141,0.0003556152904824,4,0.0,0.0,False,0.4740422484783387,0.4989258861439312,0.0,0.4815073397780164,"POLYGON ((15364126.94 4968944.148, 15367126.94 4968944.148, 15367126.94 4965944.148, 15364126.94 4965944.148, 15364126.94 4968944.148))"
喜山期,531,15365626.94,4964444.148,0.0099322675352893,0.0003556152904824,4,0.0,0.0,False,0.4389545291800931,0.4989258861439312,0.0,0.4569459362692445,"POLYGON ((15364126.94 4965944.148, 15367126.94 4965944.148, 15367126.94 4962944.148, 15364126.94 4962944.148, 15364126.94 4965944.148))"
喜山期,532,15365626.94,4961444.148,0.0090778596513573,0.0003556152904824,4,0.0,0.0,False,0.4085213032581453,0.4989258861439312,0.0,0.4356426781238811,"POLYGON ((15364126.94 4962944.148, 15367126.94 4962944.148, 15367126.94 4959944.148, 15364126.94 4959944.148, 15364126.94 4962944.148))"
喜山期,533,15365626.94,4958444.148,0.0081143620355714,0.0003556152904824,4,0.0,0.0,False,0.3576799140708915,0.4989258861439312,0.0,0.4000537056928034,"POLYGON ((15364126.94 4959944.148, 15367126.94 4959944.148, 15367126.94 4956944.148, 15364126.94 4956944.148, 15364126.94 4959944.148))"
喜山期,534,15365626.94,4955444.148,0.0070292961031591,0.0003556152904824,4,0.0,0.0,False,0.3150733977801647,0.4989258861439312,0.0,0.3702291442892946,"POLYGON ((15364126.94 4956944.148, 15367126.94 4956944.148, 15367126.94 4953944.148, 15364126.94 4953944.148, 15364126.94 4956944.148))"
喜山期,535,15365626.94,4952444.148,0.0058111068958649,0.0003556152904824,4,0.0,0.0,False,0.25921947726459,0.4989258861439312,0.0,0.3311313999283924,"POLYGON ((15364126.94 4953944.148, 15367126.94 4953944.148, 15367126.94 4950944.148, 15364126.94 4950944.148, 15364126.94 4953944.148))"
喜山期,536,15365626.94,4949444.148,0.0044483404332551,0.0003556152904824,4,0.0,0.0,False,0.1936985320443967,0.4989258861439312,0.0,0.2852667382742571,"POLYGON ((15364126.94 4950944.148, 15367126.94 4950944.148, 15367126.94 4947944.148, 15364126.94 4947944.148, 15364126.94 4950944.148))"
喜山期,537,15365626.94,4946444.148,0.0029246911301165,0.0003556152904824,4,0.0,0.0,False,0.1181525241675617,0.4989258861439312,0.0,0.2323845327604726,"POLYGON ((15364126.94 4947944.148, 15367126.94 4947944.148, 15367126.94 4944944.148, 15364126.94 4944944.148, 15364126.94 4947944.148))"
喜山期,538,15365626.94,4943444.148,0.0012029550203735,0.0003556152904824,3,0.0,0.0,False,0.0433225921947726,0.4989258861439312,0.0,0.1800035803795202,"POLYGON ((15364126.94 4944944.148, 15367126.94 4944944.148, 15367126.94 4941944.148, 15364126.94 4941944.148, 15364126.94 4944944.148))"
喜山期,539,15368626.94,5087444.148,0.0012297420536498,0.0003556152904824,3,0.0,0.0,False,0.0465449337629788,0.4989258861439312,0.0,0.1822592194772646,"POLYGON ((15367126.94 5088944.148, 15370126.94 5088944.148, 15370126.94 5085944.148, 15367126.94 5085944.148, 15367126.94 5088944.148))"
喜山期,540,15368626.94,5084444.148,0.0030037931594617,0.0003556152904824,4,0.0,0.0,False,0.1213748657357679,0.4989258861439312,0.0,0.2346401718582169,"POLYGON ((15367126.94 5085944.148, 15370126.94 5085944.148, 15370126.94 5082944.148, 15367126.94 5082944.148, 15367126.94 5085944.148))"
喜山期,541,15368626.94,5081444.148,0.0045905662477504,0.0003556152904824,4,0.0,0.0,False,0.1976369495166487,0.4989258861439312,0.0,0.2880236305048335,"POLYGON ((15367126.94 5082944.148, 15370126.94 5082944.148, 15370126.94 5079944.148, 15367126.94 5079944.148, 15367126.94 5082944.148))"
喜山期,542,15368626.94,5078444.148,0.0060233162407929,0.0003556152904824,4,0.0,0.0,False,0.267454350161117,0.4989258861439312,0.0,0.3368958109559613,"POLYGON ((15367126.94 5079944.148, 15370126.94 5079944.148, 15370126.94 5076944.148, 15367126.94 5076944.148, 15367126.94 5079944.148))"
喜山期,543,15368626.94,5075444.148,0.0073145763402918,0.0003556152904824,4,0.0,0.0,False,0.3322592194772646,0.4989258861439312,0.0,0.3822592194772646,"POLYGON ((15367126.94 5076944.148, 15370126.94 5076944.148, 15370126.94 5073944.148, 15367126.94 5073944.148, 15367126.94 5076944.148))"
喜山期,544,15368626.94,5072444.148,0.0084727113906606,0.0003556152904824,4,0.0,0.0,False,0.3720014321518081,0.4989258861439312,0.0,0.410078768349445,"POLYGON ((15367126.94 5073944.148, 15370126.94 5073944.148, 15370126.94 5070944.148, 15367126.94 5070944.148, 15367126.94 5073944.148))"
喜山期,545,15368626.94,5069444.148,0.0095073736897513,0.0003556152904824,4,0.0,0.0,False,0.4221267454350161,0.4989258861439312,0.0,0.4451664876476906,"POLYGON ((15367126.94 5070944.148, 15370126.94 5070944.148, 15370126.94 5067944.148, 15367126.94 5067944.148, 15367126.94 5070944.148))"
喜山期,546,15368626.94,5066444.148,0.0104303144024575,0.0003556152904824,4,0.0,0.0,False,0.4607948442534909,0.4989258861439312,0.0,0.472234156820623,"POLYGON ((15367126.94 5067944.148, 15370126.94 5067944.148, 15370126.94 5064944.148, 15367126.94 5064944.148, 15367126.94 5067944.148))"
喜山期,547,15368626.94,5063444.148,0.0112541380389214,0.0003556152904824,4,0.0,0.0,False,0.4923021840315073,0.4989258861439312,0.0,0.4942892946652344,"POLYGON ((15367126.94 5064944.148, 15370126.94 5064944.148, 15370126.94 5061944.148, 15367126.94 5061944.148, 15367126.94 5064944.148))"
喜山期,548,15368626.94,5060444.148,0.011990696762552,0.0003556152904824,4,0.0,0.0,False,0.5195130683852488,0.4989258861439312,0.0,0.5133369137128535,"POLYGON ((15367126.94 5061944.148, 15370126.94 5061944.148, 15370126.94 5058944.148, 15367126.94 5058944.148, 15367126.94 5061944.148))"
喜山期,549,15368626.94,5057444.148,0.0126500359641365,0.0003556152904824,4,0.0,0.0,False,0.5503043322592195,0.4989258861439312,0.0,0.5348907984246329,"POLYGON ((15367126.94 5058944.148, 15370126.94 5058944.148, 15370126.94 5055944.148, 15367126.94 5055944.148, 15367126.94 5058944.148))"
喜山期,550,15368626.94,5054444.148,0.013240081398906,0.0003556152904824,4,0.0,0.0,False,0.5656999641962048,0.4989258861439312,0.0,0.5456677407805227,"POLYGON ((15367126.94 5055944.148, 15370126.94 5055944.148, 15370126.94 5052944.148, 15367126.94 5052944.148, 15367126.94 5055944.148))"
喜山期,551,15368626.94,5051444.148,0.0137668220461172,0.0003556152904824,4,0.0,0.0,False,0.5882563551736484,0.4989258861439312,0.0,0.5614572144647332,"POLYGON ((15367126.94 5052944.148, 15370126.94 5052944.148, 15370126.94 5049944.148, 15367126.94 5049944.148, 15367126.94 5052944.148))"
喜山期,552,15368626.94,5048444.148,0.0142346254243374,0.0003556152904824,4,0.0,0.0,False,0.6040100250626567,0.4989258861439312,0.0,0.572484783387039,"POLYGON ((15367126.94 5049944.148, 15370126.94 5049944.148, 15370126.94 5046944.148, 15367126.94 5046944.148, 15367126.94 5049944.148))"
喜山期,553,15368626.94,5045444.148,0.0146464084451145,0.0003556152904824,4,0.0,0.0,False,0.6143931256713212,0.4989258861439312,0.0,0.5797529538131042,"POLYGON ((15367126.94 5046944.148, 15370126.94 5046944.148, 15370126.94 5043944.148, 15367126.94 5043944.148, 15367126.94 5046944.148))"
喜山期,554,15368626.94,5042444.148,0.0150035451443619,0.0003556152904824,4,0.0,0.0,False,0.6269244539921232,0.4989258861439312,0.0,0.5885248836376655,"POLYGON ((15367126.94 5043944.148, 15370126.94 5043944.148, 15370126.94 5040944.148, 15367126.94 5040944.148, 15367126.94 5043944.148))"
喜山期,555,15368626.94,5039444.148,0.0153055462034858,0.0003556152904824,4,0.0,0.0,False,0.6390977443609023,0.4989258861439312,0.0,0.597046186895811,"POLYGON ((15367126.94 5040944.148, 15370126.94 5040944.148, 15370126.94 5037944.148, 15367126.94 5037944.148, 15367126.94 5040944.148))"
喜山期,556,15368626.94,5036444.148,0.0155496634516296,0.0003556152904824,4,0.0,0.0,False,0.6469745793054064,0.4989258861439312,0.0,0.6025599713569638,"POLYGON ((15367126.94 5037944.148, 15370126.94 5037944.148, 15370126.94 5034944.148, 15367126.94 5034944.148, 15367126.94 5037944.148))"
喜山期,557,15368626.94,5033444.148,0.0157306187198485,0.0003556152904824,4,0.0,0.0,False,0.6509129967776585,0.4989258861439312,0.0,0.6053168635875403,"POLYGON ((15367126.94 5034944.148, 15370126.94 5034944.148, 15370126.94 5031944.148, 15367126.94 5031944.148, 15367126.94 5034944.148))"
喜山期,558,15368626.94,5030444.148,0.01584053649173,0.0003556152904824,4,0.0,0.0,False,0.6548514142499104,0.4989258861439312,0.0,0.6080737558181166,"POLYGON ((15367126.94 5031944.148, 15370126.94 5031944.148, 15370126.94 5028944.148, 15367126.94 5028944.148, 15367126.94 5031944.148))"
喜山期,559,15368626.94,5027444.148,0.0158686588913339,0.0003556152904824,4,0.0,0.0,False,0.6555674901539563,0.4989258861439312,0.0,0.6085750089509487,"POLYGON ((15367126.94 5028944.148, 15370126.94 5028944.148, 15370126.94 5025944.148, 15367126.94 5025944.148, 15367126.94 5028944.148))"
喜山期,560,15368626.94,5024444.148,0.0157987120958074,0.0003556152904824,4,0.0,0.0,False,0.652703186537773,0.4989258861439312,0.0,0.6065699964196205,"POLYGON ((15367126.94 5025944.148, 15370126.94 5025944.148, 15370126.94 5022944.148, 15367126.94 5022944.148, 15367126.94 5025944.148))"
喜山期,561,15368626.94,5021444.148,0.0160864640441644,0.0003556152904824,4,0.0,0.0,False,0.6638023630504833,0.4989258861439312,0.0,0.6143394199785177,"POLYGON ((15367126.94 5022944.148, 15370126.94 5022944.148, 15370126.94 5019944.148, 15367126.94 5019944.148, 15367126.94 5022944.148))"
喜山期,562,15368626.94,5018444.148,0.0160612496761288,0.0003556152904824,4,0.0,0.0,False,0.6627282491944146,0.4989258861439312,0.0,0.6135875402792696,"POLYGON ((15367126.94 5019944.148, 15370126.94 5019944.148, 15370126.94 5016944.148, 15367126.94 5016944.148, 15367126.94 5019944.148))"
喜山期,563,15368626.94,5015444.148,0.0161433958767348,0.0003556152904824,4,0.0,0.0,False,0.664876476906552,0.4989258861439312,0.0,0.6150912996777658,"POLYGON ((15367126.94 5016944.148, 15370126.94 5016944.148, 15370126.94 5013944.148, 15367126.94 5013944.148, 15367126.94 5016944.148))"
喜山期,564,15368626.94,5012444.148,0.0158941426248148,0.0003556152904824,4,0.0,0.0,False,0.656999641962048,0.4989258861439312,0.0,0.609577515216613,"POLYGON ((15367126.94 5013944.148, 15370126.94 5013944.148, 15370126.94 5010944.148, 15367126.94 5010944.148, 15367126.94 5013944.148))"
喜山期,565,15368626.94,5009444.148,0.0160476429511059,0.0003556152904824,4,0.0,0.0,False,0.6620121732903688,0.4989258861439312,0.0,0.6130862871464375,"POLYGON ((15367126.94 5010944.148, 15370126.94 5010944.148, 15370126.94 5007944.148, 15367126.94 5007944.148, 15367126.94 5010944.148))"
喜山期,566,15368626.94,5006444.148,0.0161048936590952,0.0003556152904824,4,0.0,0.0,False,0.6641604010025063,0.4989258861439312,0.0,0.6145900465449338,"POLYGON ((15367126.94 5007944.148, 15370126.94 5007944.148, 15370126.94 5004944.148, 15367126.94 5004944.148, 15367126.94 5007944.148))"
喜山期,567,15368626.94,5003444.148,0.0160818446192746,0.0003556152904824,4,0.0,0.0,False,0.6634443250984604,0.4989258861439312,0.0,0.6140887934121017,"POLYGON ((15367126.94 5004944.148, 15370126.94 5004944.148, 15370126.94 5001944.148, 15367126.94 5001944.148, 15367126.94 5004944.148))"
喜山期,568,15368626.94,5000444.148,0.0159890704729789,0.0003556152904824,4,0.0,0.0,False,0.6609380594343001,0.4989258861439312,0.0,0.6123344074471894,"POLYGON ((15367126.94 5001944.148, 15370126.94 5001944.148, 15370126.94 4998944.148, 15367126.94 4998944.148, 15367126.94 5001944.148))"
喜山期,569,15368626.94,4997444.148,0.0158346674440815,0.0003556152904824,4,0.0,0.0,False,0.6541353383458647,0.4989258861439312,0.0,0.6075725026852846,"POLYGON ((15367126.94 4998944.148, 15370126.94 4998944.148, 15370126.94 4995944.148, 15367126.94 4995944.148, 15367126.94 4998944.148))"
喜山期,570,15368626.94,4994444.148,0.0156245910750647,0.0003556152904824,4,0.0,0.0,False,0.6491228070175439,0.4989258861439312,0.0,0.60406373075546,"POLYGON ((15367126.94 4995944.148, 15370126.94 4995944.148, 15370126.94 4992944.148, 15367126.94 4992944.148, 15367126.94 4995944.148))"
喜山期,571,15368626.94,4991444.148,0.0153625958829272,0.0003556152904824,4,0.0,0.0,False,0.6412459720730398,0.4989258861439312,0.0,0.5985499462943071,"POLYGON ((15367126.94 4992944.148, 15370126.94 4992944.148, 15370126.94 4989944.148, 15367126.94 4989944.148, 15367126.94 4992944.148))"
喜山期,572,15368626.94,4988444.148,0.0150503202790088,0.0003556152904824,4,0.0,0.0,False,0.6301467955603294,0.4989258861439312,0.0,0.5907805227354099,"POLYGON ((15367126.94 4989944.148, 15370126.94 4989944.148, 15370126.94 4986944.148, 15367126.94 4986944.148, 15367126.94 4989944.148))"
喜山期,573,15368626.94,4985444.148,0.0146875619311918,0.0003556152904824,4,0.0,0.0,False,0.6154672395273899,0.4989258861439312,0.0,0.5805048335123523,"POLYGON ((15367126.94 4986944.148, 15370126.94 4986944.148, 15370126.94 4983944.148, 15367126.94 4983944.148, 15367126.94 4986944.148))"
喜山期,574,15368626.94,4982444.148,0.0142726197679893,0.0003556152904824,4,0.0,0.0,False,0.6050841389187254,0.4989258861439312,0.0,0.5732366630862871,"POLYGON ((15367126.94 4983944.148, 15370126.94 4983944.148, 15370126.94 4980944.148, 15367126.94 4980944.148, 15367126.94 4983944.148))"
喜山期,575,15368626.94,4979444.148,0.0138025611738107,0.0003556152904824,4,0.0,0.0,False,0.5904045828857859,0.4989258861439312,0.0,0.5629609738632295,"POLYGON ((15367126.94 4980944.148, 15370126.94 4980944.148, 15370126.94 4977944.148, 15367126.94 4977944.148, 15367126.94 4980944.148))"
喜山期,576,15368626.94,4976444.148,0.0132733211832251,0.0003556152904824,4,0.0,0.0,False,0.5671321160042965,0.4989258861439312,0.0,0.5466702470461868,"POLYGON ((15367126.94 4977944.148, 15370126.94 4977944.148, 15370126.94 4974944.148, 15367126.94 4974944.148, 15367126.94 4977944.148))"
喜山期,577,15368626.94,4973444.148,0.0126796133963817,0.0003556152904824,4,0.0,0.0,False,0.5506623702112424,0.4989258861439312,0.0,0.5351414249910491,"POLYGON ((15367126.94 4974944.148, 15370126.94 4974944.148, 15370126.94 4971944.148, 15367126.94 4971944.148, 15367126.94 4974944.148))"
喜山期,578,15368626.94,4970444.148,0.0120147188282454,0.0003556152904824,4,0.0,0.0,False,0.5209452201933404,0.4989258861439312,0.0,0.5143394199785176,"POLYGON ((15367126.94 4971944.148, 15370126.94 4971944.148, 15370126.94 4968944.148, 15367126.94 4968944.148, 15367126.94 4971944.148))"
喜山期,579,15368626.94,4967444.148,0.0112703118764376,0.0003556152904824,4,0.0,0.0,False,0.4926602219835302,0.4989258861439312,0.0,0.4945399212316505,"POLYGON ((15367126.94 4968944.148, 15370126.94 4968944.148, 15370126.94 4965944.148, 15367126.94 4965944.148, 15367126.94 4968944.148))"
喜山期,580,15368626.94,4964444.148,0.0104365501764146,0.0003556152904824,4,0.0,0.0,False,0.4615109201575367,0.4989258861439312,0.0,0.472735409953455,"POLYGON ((15367126.94 4965944.148, 15370126.94 4965944.148, 15370126.94 4962944.148, 15367126.94 4962944.148, 15367126.94 4965944.148))"
喜山期,581,15368626.94,4961444.148,0.0095026300460118,0.0003556152904824,4,0.0,0.0,False,0.4217687074829932,0.4989258861439312,0.0,0.4449158610812746,"POLYGON ((15367126.94 4962944.148, 15370126.94 4962944.148, 15370126.94 4959944.148, 15367126.94 4959944.148, 15367126.94 4962944.148))"
喜山期,582,15368626.94,4958444.148,0.0084578157643248,0.0003556152904824,4,0.0,0.0,False,0.3702112423916935,0.4989258861439312,0.0,0.4088256355173648,"POLYGON ((15367126.94 4959944.148, 15370126.94 4959944.148, 15370126.94 4956944.148, 15367126.94 4956944.148, 15367126.94 4959944.148))"
喜山期,583,15368626.94,4955444.148,0.0072925694825623,0.0003556152904824,4,0.0,0.0,False,0.3319011815252417,0.4989258861439312,0.0,0.3820085929108485,"POLYGON ((15367126.94 4956944.148, 15370126.94 4956944.148, 15370126.94 4953944.148, 15367126.94 4953944.148, 15367126.94 4956944.148))"
喜山期,584,15368626.94,4952444.148,0.0059989315452225,0.0003556152904824,4,0.0,0.0,False,0.2663802363050483,0.4989258861439312,0.0,0.3361439312567131,"POLYGON ((15367126.94 4953944.148, 15370126.94 4953944.148, 15370126.94 4950944.148, 15367126.94 4950944.148, 15367126.94 4953944.148))"
喜山期,585,15368626.94,4949444.148,0.0045688600490633,0.0003556152904824,4,0.0,0.0,False,0.1958467597565342,0.4989258861439312,0.0,0.2867704976727533,"POLYGON ((15367126.94 4950944.148, 15370126.94 4950944.148, 15370126.94 4947944.148, 15367126.94 4947944.148, 15367126.94 4950944.148))"
喜山期,586,15368626.94,4946444.148,0.0029885223535888,0.0003556152904824,4,0.0,0.0,False,0.1203007518796992,0.4989258861439312,0.0,0.2338882921589688,"POLYGON ((15367126.94 4947944.148, 15370126.94 4947944.148, 15370126.94 4944944.148, 15367126.94 4944944.148, 15367126.94 4947944.148))"
喜山期,587,15368626.94,4943444.148,0.0012223916878264,0.0003556152904824,3,0.0,0.0,False,0.0451127819548872,0.4989258861439312,0.0,0.1812567132116004,"POLYGON ((15367126.94 4944944.148, 15370126.94 4944944.148, 15370126.94 4941944.148, 15367126.94 4941944.148, 15367126.94 4944944.148))"
喜山期,588,15371626.94,5087444.148,0.0012452346424955,0.0003556152904824,3,0.0,0.0,False,0.0479770855710705,0.4989258861439312,0.0,0.1832617257429287,"POLYGON ((15370126.94 5088944.148, 15373126.94 5088944.148, 15373126.94 5085944.148, 15370126.94 5085944.148, 15370126.94 5088944.148))"
喜山期,589,15371626.94,5084444.148,0.0030580304130373,0.0003556152904824,4,0.0,0.0,False,0.1249552452559971,0.4989258861439312,0.0,0.2371464375223773,"POLYGON ((15370126.94 5085944.148, 15373126.94 5085944.148, 15373126.94 5082944.148, 15370126.94 5082944.148, 15370126.94 5085944.148))"
喜山期,590,15371626.94,5081444.148,0.004695350274573,0.0003556152904824,4,0.0,0.0,False,0.1997851772287862,0.4989258861439312,0.0,0.2895273899033297,"POLYGON ((15370126.94 5082944.148, 15373126.94 5082944.148, 15373126.94 5079944.148, 15370126.94 5079944.148, 15370126.94 5082944.148))"
喜山期,591,15371626.94,5078444.148,0.0061893899517287,0.0003556152904824,4,0.0,0.0,False,0.2735409953455066,0.4989258861439312,0.0,0.341156462585034,"POLYGON ((15370126.94 5079944.148, 15373126.94 5079944.148, 15373126.94 5076944.148, 15370126.94 5076944.148, 15370126.94 5079944.148))"
喜山期,592,15371626.94,5075444.148,0.0075505865634085,0.0003556152904824,4,0.0,0.0,False,0.3397780164697458,0.4989258861439312,0.0,0.3875223773720014,"POLYGON ((15370126.94 5076944.148, 15373126.94 5076944.148, 15373126.94 5073944.148, 15370126.94 5073944.148, 15370126.94 5076944.148))"
喜山期,593,15371626.94,5072444.148,0.0087839112360021,0.0003556152904824,4,0.0,0.0,False,0.3949158610812746,0.4989258861439312,0.0,0.4261188686000716,"POLYGON ((15370126.94 5073944.148, 15373126.94 5073944.148, 15373126.94 5070944.148, 15370126.94 5070944.148, 15370126.94 5073944.148))"
喜山期,594,15371626.94,5069444.148,0.0098952004062146,0.0003556152904824,4,0.0,0.0,False,0.4368063014679556,0.4989258861439312,0.0,0.4554421768707483,"POLYGON ((15370126.94 5070944.148, 15373126.94 5070944.148, 15373126.94 5067944.148, 15370126.94 5067944.148, 15370126.94 5070944.148))"
喜山期,595,15371626.94,5066444.148,0.0108930494347219,0.0003556152904824,4,0.0,0.0,False,0.4794128177586824,0.4989258861439312,0.0,0.4852667382742571,"POLYGON ((15370126.94 5067944.148, 15373126.94 5067944.148, 15373126.94 5064944.148, 15370126.94 5064944.148, 15370126.94 5067944.148))"
喜山期,596,15371626.94,5063444.148,0.0117881706588038,0.0003556152904824,4,0.0,0.0,False,0.5112781954887218,0.4989258861439312,0.0,0.5075725026852846,"POLYGON ((15370126.94 5064944.148, 15373126.94 5064944.148, 15373126.94 5061944.148, 15370126.94 5061944.148, 15370126.94 5064944.148))"
喜山期,597,15371626.94,5060444.148,0.0125917368871381,0.0003556152904824,4,0.0,0.0,False,0.5460078768349445,0.4989258861439312,0.0,0.5318832796276405,"POLYGON ((15370126.94 5061944.148, 15373126.94 5061944.148, 15373126.94 5058944.148, 15370126.94 5058944.148, 15370126.94 5061944.148))"
喜山期,598,15371626.94,5057444.148,0.0133138576384432,0.0003556152904824,4,0.0,0.0,False,0.568922305764411,0.4989258861439312,0.0,0.5479233798782671,"POLYGON ((15370126.94 5058944.148, 15373126.94 5058944.148, 15373126.94 5055944.148, 15370126.94 5055944.148, 15370126.94 5058944.148))"
喜山期,599,15371626.94,5054444.148,0.0139627267846561,0.0003556152904824,4,0.0,0.0,False,0.5968492660221983,0.4989258861439312,0.0,0.5674722520587182,"POLYGON ((15370126.94 5055944.148, 15373126.94 5055944.148, 15373126.94 5052944.148, 15370126.94 5052944.148, 15370126.94 5055944.148))"
喜山期,600,15371626.94,5051444.148,0.0145444255304612,0.0003556152904824,4,0.0,0.0,False,0.6100966702470462,0.4989258861439312,0.0,0.5767454350161116,"POLYGON ((15370126.94 5052944.148, 15373126.94 5052944.148, 15373126.94 5049944.148, 15370126.94 5049944.148, 15370126.94 5052944.148))"
喜山期,601,15371626.94,5048444.148,0.0150630724965653,0.0003556152904824,4,0.0,0.0,False,0.6308628714643753,0.4989258861439312,0.0,0.591281775868242,"POLYGON ((15370126.94 5049944.148, 15373126.94 5049944.148, 15373126.94 5046944.148, 15370126.94 5046944.148, 15370126.94 5049944.148))"
喜山期,602,15371626.94,5045444.148,0.0155209927811739,0.0003556152904824,4,0.0,0.0,False,0.6455424274973147,0.4989258861439312,0.0,0.6015574650912996,"POLYGON ((15370126.94 5046944.148, 15373126.94 5046944.148, 15373126.94 5043944.148, 15370126.94 5043944.148, 15370126.94 5046944.148))"
喜山期,603,15371626.94,5042444.148,0.0159187232556702,0.0003556152904824,4,0.0,0.0,False,0.6577157178660938,0.4989258861439312,0.0,0.6100787683494451,"POLYGON ((15370126.94 5043944.148, 15373126.94 5043944.148, 15373126.94 5040944.148, 15370126.94 5040944.148, 15370126.94 5043944.148))"
喜山期,604,15371626.94,5039444.148,0.0162548615129686,0.0003556152904824,4,0.0,0.0,False,0.6666666666666666,0.4989258861439312,0.0,0.6163444325098459,"POLYGON ((15370126.94 5040944.148, 15373126.94 5040944.148, 15373126.94 5037944.148, 15370126.94 5037944.148, 15370126.94 5040944.148))"
喜山期,605,15371626.94,5036444.148,0.016525908819831,0.0003556152904824,4,0.0,0.0,False,0.6759756534192625,0.4989258861439312,0.0,0.6228607232366631,"POLYGON ((15370126.94 5037944.148, 15373126.94 5037944.148, 15373126.94 5034944.148, 15370126.94 5034944.148, 15370126.94 5037944.148))"
喜山期,606,15371626.94,5033444.148,0.0167262775846381,0.0003556152904824,4,0.0,0.0,False,0.6838524883637666,0.4989258861439312,0.0,0.628374507697816,"POLYGON ((15370126.94 5034944.148, 15373126.94 5034944.148, 15373126.94 5031944.148, 15370126.94 5031944.148, 15370126.94 5034944.148))"
喜山期,607,15371626.94,5030444.148,0.0168484476866435,0.0003556152904824,4,0.0,0.0,False,0.6877909058360187,0.4989258861439312,0.0,0.6311313999283924,"POLYGON ((15370126.94 5031944.148, 15373126.94 5031944.148, 15373126.94 5028944.148, 15370126.94 5028944.148, 15370126.94 5031944.148))"
喜山期,608,15371626.94,5027444.148,0.0168827175014646,0.0003556152904824,4,0.0,0.0,False,0.6899391335481561,0.4989258861439312,0.0,0.6326351593268886,"POLYGON ((15370126.94 5028944.148, 15373126.94 5028944.148, 15373126.94 5025944.148, 15370126.94 5025944.148, 15370126.94 5028944.148))"
喜山期,609,15371626.94,5024444.148,0.0168143828034054,0.0003556152904824,4,0.0,0.0,False,0.6856426781238811,0.4989258861439312,0.0,0.6296276405298962,"POLYGON ((15370126.94 5025944.148, 15373126.94 5025944.148, 15373126.94 5022944.148, 15370126.94 5022944.148, 15370126.94 5025944.148))"
喜山期,610,15371626.94,5021444.148,0.0171426189730286,0.0003556152904824,4,0.0,0.0,False,0.6963838166845686,0.4989258861439312,0.0,0.6371464375223774,"POLYGON ((15370126.94 5022944.148, 15373126.94 5022944.148, 15373126.94 5019944.148, 15370126.94 5019944.148, 15370126.94 5022944.148))"
喜山期,611,15371626.94,5018444.148,0.0171065286550741,0.0003556152904824,4,0.0,0.0,False,0.6956677407805227,0.4989258861439312,0.0,0.6366451843895453,"POLYGON ((15370126.94 5019944.148, 15373126.94 5019944.148, 15373126.94 5016944.148, 15370126.94 5016944.148, 15370126.94 5019944.148))"
喜山期,612,15371626.94,5015444.148,0.0172069864666087,0.0003556152904824,4,0.0,0.0,False,0.6996061582527748,0.4989258861439312,0.0,0.6394020766201217,"POLYGON ((15370126.94 5016944.148, 15373126.94 5016944.148, 15373126.94 5013944.148, 15370126.94 5013944.148, 15370126.94 5016944.148))"
喜山期,613,15371626.94,5012444.148,0.0169230529650857,0.0003556152904824,4,0.0,0.0,False,0.6906552094522019,0.4989258861439312,0.0,0.6331364124597207,"POLYGON ((15370126.94 5013944.148, 15373126.94 5013944.148, 15373126.94 5010944.148, 15370126.94 5010944.148, 15370126.94 5013944.148))"
喜山期,614,15371626.94,5009444.148,0.0170845765677119,0.0003556152904824,4,0.0,0.0,False,0.6949516648764769,0.4989258861439312,0.0,0.6361439312567132,"POLYGON ((15370126.94 5010944.148, 15373126.94 5010944.148, 15373126.94 5007944.148, 15370126.94 5007944.148, 15370126.94 5010944.148))"
喜山期,615,15371626.94,5006444.148,0.0171457354119181,0.0003556152904824,4,0.0,0.0,False,0.6974579305406373,0.4989258861439312,0.0,0.6378983172216255,"POLYGON ((15370126.94 5007944.148, 15373126.94 5007944.148, 15373126.94 5004944.148, 15370126.94 5004944.148, 15370126.94 5007944.148))"
喜山期,616,15371626.94,5003444.148,0.0171209788262371,0.0003556152904824,4,0.0,0.0,False,0.6960257787325457,0.4989258861439312,0.0,0.6368958109559613,"POLYGON ((15370126.94 5004944.148, 15373126.94 5004944.148, 15373126.94 5001944.148, 15370126.94 5001944.148, 15370126.94 5004944.148))"
喜山期,617,15371626.94,5000444.148,0.0170197009624378,0.0003556152904824,4,0.0,0.0,False,0.6924453992123165,0.4989258861439312,0.0,0.6343895452918009,"POLYGON ((15370126.94 5001944.148, 15373126.94 5001944.148, 15373126.94 4998944.148, 15370126.94 4998944.148, 15370126.94 5001944.148))"
喜山期,618,15371626.94,4997444.148,0.0168493488952606,0.0003556152904824,4,0.0,0.0,False,0.6881489437880415,0.4989258861439312,0.0,0.6313820264948085,"POLYGON ((15370126.94 4998944.148, 15373126.94 4998944.148, 15373126.94 4995944.148, 15370126.94 4995944.148, 15370126.94 4998944.148))"
喜山期,619,15371626.94,4994444.148,0.0166158216402982,0.0003556152904824,4,0.0,0.0,False,0.6795560329394916,0.4989258861439312,0.0,0.6253669889008235,"POLYGON ((15370126.94 4995944.148, 15373126.94 4995944.148, 15373126.94 4992944.148, 15370126.94 4992944.148, 15370126.94 4995944.148))"
喜山期,620,15371626.94,4991444.148,0.0163232901804926,0.0003556152904824,4,0.0,0.0,False,0.6680988184747583,0.4989258861439312,0.0,0.6173469387755102,"POLYGON ((15370126.94 4992944.148, 15373126.94 4992944.148, 15373126.94 4989944.148, 15370126.94 4989944.148, 15370126.94 4992944.148))"
喜山期,621,15371626.94,4988444.148,0.0159740736647339,0.0003556152904824,4,0.0,0.0,False,0.6598639455782312,0.4989258861439312,0.0,0.6115825277479412,"POLYGON ((15370126.94 4989944.148, 15373126.94 4989944.148, 15373126.94 4986944.148, 15370126.94 4986944.148, 15370126.94 4989944.148))"
喜山期,622,15371626.94,4985444.148,0.0155687134869525,0.0003556152904824,4,0.0,0.0,False,0.6476906552094522,0.4989258861439312,0.0,0.6030612244897959,"POLYGON ((15370126.94 4986944.148, 15373126.94 4986944.148, 15373126.94 4983944.148, 15370126.94 4983944.148, 15370126.94 4986944.148))"
喜山期,623,15371626.94,4982444.148,0.0151061677574434,0.0003556152904824,4,0.0,0.0,False,0.6322950232724669,0.4989258861439312,0.0,0.5922842821339062,"POLYGON ((15370126.94 4983944.148, 15373126.94 4983944.148, 15373126.94 4980944.148, 15370126.94 4980944.148, 15370126.94 4983944.148))"
喜山期,624,15371626.94,4979444.148,0.0145839847348123,0.0003556152904824,4,0.0,0.0,False,0.6129609738632295,0.4989258861439312,0.0,0.57875044754744,"POLYGON ((15370126.94 4980944.148, 15373126.94 4980944.148, 15373126.94 4977944.148, 15370126.94 4977944.148, 15370126.94 4980944.148))"
喜山期,625,15371626.94,4976444.148,0.0139983504799463,0.0003556152904824,4,0.0,0.0,False,0.597923379878267,0.4989258861439312,0.0,0.5682241317579663,"POLYGON ((15370126.94 4977944.148, 15373126.94 4977944.148, 15373126.94 4974944.148, 15370126.94 4974944.148, 15370126.94 4977944.148))"
喜山期,626,15371626.94,4973444.148,0.0133440005079324,0.0003556152904824,4,0.0,0.0,False,0.5699964196204798,0.4989258861439312,0.0,0.5486752595775152,"POLYGON ((15370126.94 4974944.148, 15373126.94 4974944.148, 15373126.94 4971944.148, 15370126.94 4971944.148, 15370126.94 4974944.148))"
喜山期,627,15371626.94,4970444.148,0.0126141018673517,0.0003556152904824,4,0.0,0.0,False,0.5470819906910133,0.4989258861439312,0.0,0.5326351593268887,"POLYGON ((15370126.94 4971944.148, 15373126.94 4971944.148, 15373126.94 4968944.148, 15370126.94 4968944.148, 15370126.94 4971944.148))"
喜山期,628,15371626.94,4967444.148,0.011800308786002,0.0003556152904824,4,0.0,0.0,False,0.5119942713927677,0.4989258861439312,0.0,0.5080737558181168,"POLYGON ((15370126.94 4968944.148, 15373126.94 4968944.148, 15373126.94 4965944.148, 15370126.94 4965944.148, 15370126.94 4968944.148))"
喜山期,629,15371626.94,4964444.148,0.0108932115622013,0.0003556152904824,4,0.0,0.0,False,0.4797708557107053,0.4989258861439312,0.0,0.4855173648406731,"POLYGON ((15370126.94 4965944.148, 15373126.94 4965944.148, 15373126.94 4962944.148, 15370126.94 4962944.148, 15370126.94 4965944.148))"
喜山期,630,15371626.94,4961444.148,0.0098832700958182,0.0003556152904824,4,0.0,0.0,False,0.435016111707841,0.4989258861439312,0.0,0.4541890440386681,"POLYGON ((15370126.94 4962944.148, 15373126.94 4962944.148, 15373126.94 4959944.148, 15370126.94 4959944.148, 15370126.94 4962944.148))"
喜山期,631,15371626.94,4958444.148,0.0087620294947989,0.0003556152904824,4,0.0,0.0,False,0.3920515574650913,0.4989258861439312,0.0,0.4241138560687432,"POLYGON ((15370126.94 4959944.148, 15373126.94 4959944.148, 15373126.94 4956944.148, 15370126.94 4956944.148, 15370126.94 4959944.148))"
喜山期,632,15371626.94,4955444.148,0.0075230339188176,0.0003556152904824,4,0.0,0.0,False,0.3390619405656999,0.4989258861439312,0.0,0.3870211242391693,"POLYGON ((15370126.94 4956944.148, 15373126.94 4956944.148, 15373126.94 4953944.148, 15370126.94 4953944.148, 15370126.94 4956944.148))"
喜山期,633,15371626.94,4952444.148,0.0061615558447165,0.0003556152904824,4,0.0,0.0,False,0.2728249194414608,0.4989258861439312,0.0,0.3406552094522019,"POLYGON ((15370126.94 4953944.148, 15373126.94 4953944.148, 15373126.94 4950944.148, 15370126.94 4950944.148, 15370126.94 4953944.148))"
喜山期,634,15371626.94,4949444.148,0.0046721321423669,0.0003556152904824,4,0.0,0.0,False,0.1990691013247404,0.4989258861439312,0.0,0.2890261367704976,"POLYGON ((15370126.94 4950944.148, 15373126.94 4950944.148, 15373126.94 4947944.148, 15370126.94 4947944.148, 15370126.94 4950944.148))"
喜山期,635,15371626.94,4946444.148,0.0030424410671305,0.0003556152904824,4,0.0,0.0,False,0.1245972073039742,0.4989258861439312,0.0,0.2368958109559613,"POLYGON ((15370126.94 4947944.148, 15373126.94 4947944.148, 15373126.94 4944944.148, 15370126.94 4944944.148, 15370126.94 4947944.148))"
喜山期,636,15371626.94,4943444.148,0.0012379546772559,0.0003556152904824,3,0.0,0.0,False,0.0476190476190476,0.4989258861439312,0.0,0.1830110991765127,"POLYGON ((15370126.94 4944944.148, 15373126.94 4944944.148, 15373126.94 4941944.148, 15370126.94 4941944.148, 15370126.94 4944944.148))"
喜山期,637,15374626.94,5087444.148,0.0012575831381643,0.0003556152904824,3,0.0,0.0,False,0.0497672753311851,0.4989258861439312,0.0,0.1845148585750089,"POLYGON ((15373126.94 5088944.148, 15376126.94 5088944.148, 15376126.94 5085944.148, 15373126.94 5085944.148, 15373126.94 5088944.148))"
喜山期,638,15374626.94,5084444.148,0.0031039098511968,0.0003556152904824,4,0.0,0.0,False,0.1271034729681346,0.4989258861439312,0.0,0.2386501969208736,"POLYGON ((15373126.94 5085944.148, 15376126.94 5085944.148, 15376126.94 5082944.148, 15373126.94 5082944.148, 15373126.94 5085944.148))"
喜山期,639,15374626.94,5081444.148,0.0047852528230892,0.0003556152904824,4,0.0,0.0,False,0.2033655567490154,0.4989258861439312,0.0,0.2920336555674901,"POLYGON ((15373126.94 5082944.148, 15376126.94 5082944.148, 15376126.94 5079944.148, 15373126.94 5079944.148, 15373126.94 5082944.148))"
喜山期,640,15374626.94,5078444.148,0.0063333463953858,0.0003556152904824,4,0.0,0.0,False,0.2799856784819191,0.4989258861439312,0.0,0.3456677407805227,"POLYGON ((15373126.94 5079944.148, 15376126.94 5079944.148, 15376126.94 5076944.148, 15373126.94 5076944.148, 15373126.94 5079944.148))"
喜山期,641,15374626.94,5075444.148,0.0077574936176719,0.0003556152904824,4,0.0,0.0,False,0.3451485857500895,0.4989258861439312,0.0,0.391281775868242,"POLYGON ((15373126.94 5076944.148, 15376126.94 5076944.148, 15376126.94 5073944.148, 15373126.94 5073944.148, 15373126.94 5076944.148))"
喜山期,642,15374626.94,5072444.148,0.0090601458782371,0.0003556152904824,4,0.0,0.0,False,0.4074471894020766,0.4989258861439312,0.0,0.434890798424633,"POLYGON ((15373126.94 5073944.148, 15376126.94 5073944.148, 15376126.94 5070944.148, 15373126.94 5070944.148, 15373126.94 5073944.148))"
喜山期,643,15374626.94,5069444.148,0.0102436855709767,0.0003556152904824,4,0.0,0.0,False,0.4529180093089867,0.4989258861439312,0.0,0.46672037235947,"POLYGON ((15373126.94 5070944.148, 15376126.94 5070944.148, 15376126.94 5067944.148, 15373126.94 5067944.148, 15373126.94 5070944.148))"
喜山期,644,15374626.94,5066444.148,0.0113133318687636,0.0003556152904824,4,0.0,0.0,False,0.4948084496956677,0.4989258861439312,0.0,0.4960436806301467,"POLYGON ((15373126.94 5067944.148, 15376126.94 5067944.148, 15376126.94 5064944.148, 15373126.94 5064944.148, 15373126.94 5067944.148))"
喜山期,645,15374626.94,5063444.148,0.0122773658918071,0.0003556152904824,4,0.0,0.0,False,0.5334765485141425,0.4989258861439312,0.0,0.523111349803079,"POLYGON ((15373126.94 5064944.148, 15376126.94 5064944.148, 15376126.94 5061944.148, 15373126.94 5061944.148, 15373126.94 5064944.148))"
喜山期,646,15374626.94,5060444.148,0.0131457736987049,0.0003556152904824,4,0.0,0.0,False,0.5635517364840673,0.4989258861439312,0.0,0.5441639813820265,"POLYGON ((15373126.94 5061944.148, 15376126.94 5061944.148, 15376126.94 5058944.148, 15373126.94 5058944.148, 15373126.94 5061944.148))"
喜山期,647,15374626.94,5057444.148,0.0139284652669102,0.0003556152904824,4,0.0,0.0,False,0.5961331901181526,0.4989258861439312,0.0,0.5669709989258862,"POLYGON ((15373126.94 5058944.148, 15376126.94 5058944.148, 15376126.94 5055944.148, 15373126.94 5055944.148, 15373126.94 5058944.148))"
喜山期,648,15374626.94,5054444.148,0.0146338924723938,0.0003556152904824,4,0.0,0.0,False,0.6136770497672753,0.4989258861439312,0.0,0.5792517006802721,"POLYGON ((15373126.94 5055944.148, 15376126.94 5055944.148, 15376126.94 5052944.148, 15373126.94 5052944.148, 15373126.94 5055944.148))"
喜山期,649,15374626.94,5051444.148,0.0152683537545437,0.0003556152904824,4,0.0,0.0,False,0.6373075546007877,0.4989258861439312,0.0,0.5957930540637307,"POLYGON ((15373126.94 5052944.148, 15376126.94 5052944.148, 15376126.94 5049944.148, 15373126.94 5049944.148, 15373126.94 5052944.148))"
喜山期,650,15374626.94,5048444.148,0.0158358464738311,0.0003556152904824,4,0.0,0.0,False,0.6544933762978876,0.4989258861439312,0.0,0.6078231292517007,"POLYGON ((15373126.94 5049944.148, 15376126.94 5049944.148, 15376126.94 5046944.148, 15373126.94 5046944.148, 15373126.94 5049944.148))"
喜山期,651,15374626.94,5045444.148,0.0163381650602366,0.0003556152904824,4,0.0,0.0,False,0.6684568564267812,0.4989258861439312,0.0,0.6175975653419261,"POLYGON ((15373126.94 5046944.148, 15376126.94 5046944.148, 15376126.94 5043944.148, 15373126.94 5043944.148, 15373126.94 5046944.148))"
喜山期,652,15374626.94,5042444.148,0.0167750152171359,0.0003556152904824,4,0.0,0.0,False,0.6852846401718582,0.4989258861439312,0.0,0.62937701396348,"POLYGON ((15373126.94 5043944.148, 15376126.94 5043944.148, 15376126.94 5040944.148, 15373126.94 5040944.148, 15373126.94 5043944.148))"
喜山期,653,15374626.94,5039444.148,0.0171440930388369,0.0003556152904824,4,0.0,0.0,False,0.6970998925886144,0.4989258861439312,0.0,0.6376476906552094,"POLYGON ((15373126.94 5040944.148, 15376126.94 5040944.148, 15376126.94 5037944.148, 15373126.94 5037944.148, 15373126.94 5040944.148))"
喜山期,654,15374626.94,5036444.148,0.0174412207266653,0.0003556152904824,4,0.0,0.0,False,0.7053347654851414,0.4989258861439312,0.0,0.6434121016827783,"POLYGON ((15373126.94 5037944.148, 15376126.94 5037944.148, 15376126.94 5034944.148, 15373126.94 5034944.148, 15373126.94 5037944.148))"
喜山期,655,15374626.94,5033444.148,0.0176606277092653,0.0003556152904824,4,0.0,0.0,False,0.7099892588614393,0.4989258861439312,0.0,0.6466702470461868,"POLYGON ((15373126.94 5034944.148, 15376126.94 5034944.148, 15376126.94 5031944.148, 15373126.94 5031944.148, 15373126.94 5034944.148))"
喜山期,656,15374626.94,5030444.148,0.0177952505130542,0.0003556152904824,4,0.0,0.0,False,0.7139276763336914,0.4989258861439312,0.0,0.6494271392767633,"POLYGON ((15373126.94 5031944.148, 15376126.94 5031944.148, 15376126.94 5028944.148, 15373126.94 5028944.148, 15373126.94 5031944.148))"
喜山期,657,15374626.94,5027444.148,0.0178364117141049,0.0003556152904824,4,0.0,0.0,False,0.7167919799498746,0.4989258861439312,0.0,0.6514321518080916,"POLYGON ((15373126.94 5028944.148, 15376126.94 5028944.148, 15376126.94 5025944.148, 15373126.94 5025944.148, 15373126.94 5028944.148))"
喜山期,658,15374626.94,5024444.148,0.0177707682364854,0.0003556152904824,4,0.0,0.0,False,0.7132116004296455,0.4989258861439312,0.0,0.6489258861439312,"POLYGON ((15373126.94 5025944.148, 15376126.94 5025944.148, 15376126.94 5022944.148, 15373126.94 5022944.148, 15373126.94 5025944.148))"
喜山期,659,15374626.94,5021444.148,0.0181405999583939,0.0003556152904824,4,0.0,0.0,False,0.7286072323666308,0.4989258861439312,0.0,0.659702828499821,"POLYGON ((15373126.94 5022944.148, 15376126.94 5022944.148, 15376126.94 5019944.148, 15373126.94 5019944.148, 15373126.94 5022944.148))"
喜山期,660,15374626.94,5018444.148,0.0180911315231512,0.0003556152904824,4,0.0,0.0,False,0.7253848907984246,0.4989258861439312,0.0,0.6574471894020766,"POLYGON ((15373126.94 5019944.148, 15376126.94 5019944.148, 15376126.94 5016944.148, 15373126.94 5016944.148, 15373126.94 5019944.148))"
喜山期,661,15374626.94,5015444.148,0.0182125771328984,0.0003556152904824,4,0.0,0.0,False,0.7311134980307913,0.4989258861439312,0.0,0.6614572144647333,"POLYGON ((15373126.94 5016944.148, 15376126.94 5016944.148, 15376126.94 5013944.148, 15373126.94 5013944.148, 15373126.94 5016944.148))"
喜山期,662,15374626.94,5012444.148,0.0178931751243736,0.0003556152904824,4,0.0,0.0,False,0.7192982456140351,0.4989258861439312,0.0,0.653186537773004,"POLYGON ((15373126.94 5013944.148, 15376126.94 5013944.148, 15376126.94 5010944.148, 15373126.94 5010944.148, 15373126.94 5013944.148))"
喜山期,663,15374626.94,5009444.148,0.018061851979334,0.0003556152904824,4,0.0,0.0,False,0.723952738990333,0.4989258861439312,0.0,0.6564446831364125,"POLYGON ((15373126.94 5010944.148, 15376126.94 5010944.148, 15376126.94 5007944.148, 15373126.94 5007944.148, 15373126.94 5010944.148))"
喜山期,664,15374626.94,5006444.148,0.0181262239870935,0.0003556152904824,4,0.0,0.0,False,0.728249194414608,0.4989258861439312,0.0,0.6594522019334049,"POLYGON ((15373126.94 5007944.148, 15376126.94 5007944.148, 15376126.94 5004944.148, 15373126.94 5004944.148, 15373126.94 5007944.148))"
喜山期,665,15374626.94,5003444.148,0.0180994465586949,0.0003556152904824,4,0.0,0.0,False,0.7264590046544934,0.4989258861439312,0.0,0.6581990691013248,"POLYGON ((15373126.94 5004944.148, 15376126.94 5004944.148, 15376126.94 5001944.148, 15373126.94 5001944.148, 15373126.94 5004944.148))"
喜山期,666,15374626.94,5000444.148,0.0179897931185852,0.0003556152904824,4,0.0,0.0,False,0.7218045112781954,0.4989258861439312,0.0,0.6549409237379161,"POLYGON ((15373126.94 5001944.148, 15376126.94 5001944.148, 15376126.94 4998944.148, 15373126.94 4998944.148, 15373126.94 5001944.148))"
喜山期,667,15374626.94,4997444.148,0.0178039784202862,0.0003556152904824,4,0.0,0.0,False,0.7150017901897601,0.4989258861439312,0.0,0.6501790189760114,"POLYGON ((15373126.94 4998944.148, 15376126.94 4998944.148, 15376126.94 4995944.148, 15373126.94 4995944.148, 15373126.94 4998944.148))"
喜山期,668,15374626.94,4994444.148,0.0175477040890633,0.0003556152904824,4,0.0,0.0,False,0.707124955245256,0.4989258861439312,0.0,0.6446652345148585,"POLYGON ((15373126.94 4995944.148, 15376126.94 4995944.148, 15376126.94 4992944.148, 15373126.94 4992944.148, 15373126.94 4995944.148))"
喜山期,669,15374626.94,4991444.148,0.0172254540093991,0.0003556152904824,4,0.0,0.0,False,0.7006802721088435,0.4989258861439312,0.0,0.6401539563193699,"POLYGON ((15373126.94 4992944.148, 15376126.94 4992944.148, 15376126.94 4989944.148, 15373126.94 4989944.148, 15373126.94 4992944.148))"
喜山期,670,15374626.94,4988444.148,0.0168402078482638,0.0003556152904824,4,0.0,0.0,False,0.6870748299319728,0.4989258861439312,0.0,0.6306301467955603,"POLYGON ((15373126.94 4989944.148, 15376126.94 4989944.148, 15376126.94 4986944.148, 15373126.94 4986944.148, 15373126.94 4989944.148))"
喜山期,671,15374626.94,4985444.148,0.0163932971565396,0.0003556152904824,4,0.0,0.0,False,0.6709631220909417,0.4989258861439312,0.0,0.6193519513068385,"POLYGON ((15373126.94 4986944.148, 15376126.94 4986944.148, 15376126.94 4983944.148, 15373126.94 4983944.148, 15373126.94 4986944.148))"
喜山期,672,15374626.94,4982444.148,0.0158843968382665,0.0003556152904824,4,0.0,0.0,False,0.656641604010025,0.4989258861439312,0.0,0.6093268886501968,"POLYGON ((15373126.94 4983944.148, 15376126.94 4983944.148, 15376126.94 4980944.148, 15373126.94 4980944.148, 15373126.94 4983944.148))"
喜山期,673,15374626.94,4979444.148,0.0153115499371098,0.0003556152904824,4,0.0,0.0,False,0.6394557823129252,0.4989258861439312,0.0,0.597296813462227,"POLYGON ((15373126.94 4980944.148, 15376126.94 4980944.148, 15376126.94 4977944.148, 15373126.94 4977944.148, 15373126.94 4980944.148))"
喜山期,674,15374626.94,4976444.148,0.0146711456779035,0.0003556152904824,4,0.0,0.0,False,0.614751163623344,0.4989258861439312,0.0,0.5800035803795202,"POLYGON ((15373126.94 4977944.148, 15376126.94 4977944.148, 15376126.94 4974944.148, 15373126.94 4974944.148, 15373126.94 4977944.148))"
喜山期,675,15374626.94,4973444.148,0.0139578711782257,0.0003556152904824,4,0.0,0.0,False,0.5964912280701754,0.4989258861439312,0.0,0.5672216254923022,"POLYGON ((15373126.94 4974944.148, 15376126.94 4974944.148, 15376126.94 4971944.148, 15373126.94 4971944.148, 15373126.94 4974944.148))"
喜山期,676,15374626.94,4970444.148,0.0131647766720778,0.0003556152904824,4,0.0,0.0,False,0.5639097744360902,0.4989258861439312,0.0,0.5444146079484425,"POLYGON ((15373126.94 4971944.148, 15376126.94 4971944.148, 15376126.94 4968944.148, 15373126.94 4968944.148, 15373126.94 4971944.148))"
喜山期,677,15374626.94,4967444.148,0.0122836578395316,0.0003556152904824,4,0.0,0.0,False,0.5338345864661654,0.4989258861439312,0.0,0.5233619763694952,"POLYGON ((15373126.94 4968944.148, 15376126.94 4968944.148, 15376126.94 4965944.148, 15373126.94 4965944.148, 15373126.94 4968944.148))"
喜山期,678,15374626.94,4964444.148,0.0113058945139295,0.0003556152904824,4,0.0,0.0,False,0.4940923737916219,0.4989258861439312,0.0,0.4955424274973147,"POLYGON ((15373126.94 4965944.148, 15376126.94 4965944.148, 15376126.94 4962944.148, 15373126.94 4962944.148, 15373126.94 4965944.148))"
喜山期,679,15374626.94,4961444.148,0.010223661266897,0.0003556152904824,4,0.0,0.0,False,0.451843895452918,0.4989258861439312,0.0,0.465968492660222,"POLYGON ((15373126.94 4962944.148, 15376126.94 4962944.148, 15376126.94 4959944.148, 15373126.94 4959944.148, 15373126.94 4962944.148))"
喜山期,680,15374626.94,4958444.148,0.0090310992821336,0.0003556152904824,4,0.0,0.0,False,0.4052989616899391,0.4989258861439312,0.0,0.4333870390261367,"POLYGON ((15373126.94 4959944.148, 15376126.94 4959944.148, 15376126.94 4956944.148, 15373126.94 4956944.148, 15373126.94 4959944.148))"
喜山期,681,15374626.94,4955444.148,0.0077247658450711,0.0003556152904824,4,0.0,0.0,False,0.343000358037952,0.4989258861439312,0.0,0.3897780164697457,"POLYGON ((15373126.94 4956944.148, 15376126.94 4956944.148, 15376126.94 4953944.148, 15373126.94 4953944.148, 15373126.94 4956944.148))"
喜山期,682,15374626.94,4952444.148,0.0063026241073637,0.0003556152904824,4,0.0,0.0,False,0.2778374507697816,0.4989258861439312,0.0,0.3441639813820265,"POLYGON ((15373126.94 4953944.148, 15376126.94 4953944.148, 15376126.94 4950944.148, 15373126.94 4950944.148, 15373126.94 4953944.148))"
喜山期,683,15374626.94,4949444.148,0.0047609589953531,0.0003556152904824,4,0.0,0.0,False,0.2026494808449695,0.4989258861439312,0.0,0.291532402434658,"POLYGON ((15373126.94 4950944.148, 15376126.94 4950944.148, 15376126.94 4947944.148, 15373126.94 4947944.148, 15373126.94 4950944.148))"
喜山期,684,15374626.94,4946444.148,0.00308820466535,0.0003556152904824,4,0.0,0.0,False,0.1267454350161117,0.4989258861439312,0.0,0.2383995703544575,"POLYGON ((15373126.94 4947944.148, 15376126.94 4947944.148, 15376126.94 4944944.148, 15373126.94 4944944.148, 15373126.94 4947944.148))"
喜山期,685,15374626.94,4943444.148,0.0012504191362449,0.0003556152904824,3,0.0,0.0,False,0.0490511994271392,0.4989258861439312,0.0,0.1840136054421768,"POLYGON ((15373126.94 4944944.148, 15376126.94 4944944.148, 15376126.94 4941944.148, 15373126.94 4941944.148, 15373126.94 4944944.148))"
喜山期,686,15377626.94,5087444.148,0.0012673991310615,0.0003556152904824,3,0.0,0.0,False,0.0522735409953455,0.4989258861439312,0.0,0.1862692445399212,"POLYGON ((15376126.94 5088944.148, 15379126.94 5088944.148, 15379126.94 5085944.148, 15376126.94 5085944.148, 15376126.94 5088944.148))"
喜山期,687,15377626.94,5084444.148,0.0031428403876031,0.0003556152904824,4,0.0,0.0,False,0.129609738632295,0.4989258861439312,0.0,0.2404045828857859,"POLYGON ((15376126.94 5085944.148, 15379126.94 5085944.148, 15379126.94 5082944.148, 15376126.94 5082944.148, 15376126.94 5085944.148))"
喜山期,688,15377626.94,5081444.148,0.0048625537726572,0.0003556152904824,4,0.0,0.0,False,0.2055137844611528,0.4989258861439312,0.0,0.2935374149659864,"POLYGON ((15376126.94 5082944.148, 15379126.94 5082944.148, 15379126.94 5079944.148, 15376126.94 5079944.148, 15376126.94 5082944.148))"
喜山期,689,15377626.94,5078444.148,0.0064581633903137,0.0003556152904824,4,0.0,0.0,False,0.284282133906194,0.4989258861439312,0.0,0.3486752595775152,"POLYGON ((15376126.94 5079944.148, 15379126.94 5079944.148, 15379126.94 5076944.148, 15376126.94 5076944.148, 15376126.94 5079944.148))"
喜山期,690,15377626.94,5075444.148,0.0079385978932258,0.0003556152904824,4,0.0,0.0,False,0.3501611170784103,0.4989258861439312,0.0,0.3947905477980665,"POLYGON ((15376126.94 5076944.148, 15379126.94 5076944.148, 15379126.94 5073944.148, 15376126.94 5073944.148, 15376126.94 5076944.148))"
喜山期,691,15377626.94,5072444.148,0.0093046727183035,0.0003556152904824,4,0.0,0.0,False,0.4163981382026495,0.4989258861439312,0.0,0.441156462585034,"POLYGON ((15376126.94 5073944.148, 15379126.94 5073944.148, 15379126.94 5070944.148, 15376126.94 5070944.148, 15376126.94 5073944.148))"
喜山期,692,15377626.94,5069444.148,0.010555884145417,0.0003556152904824,4,0.0,0.0,False,0.4690297171500179,0.4989258861439312,0.0,0.4779985678481919,"POLYGON ((15376126.94 5070944.148, 15379126.94 5070944.148, 15379126.94 5067944.148, 15376126.94 5067944.148, 15376126.94 5070944.148))"
喜山期,693,15377626.94,5066444.148,0.0116940875971432,0.0003556152904824,4,0.0,0.0,False,0.5087719298245614,0.4989258861439312,0.0,0.5058181167203724,"POLYGON ((15376126.94 5067944.148, 15379126.94 5067944.148, 15379126.94 5064944.148, 15376126.94 5064944.148, 15376126.94 5067944.148))"
喜山期,694,15377626.94,5063444.148,0.0127246921022247,0.0003556152904824,4,0.0,0.0,False,0.5520945220193341,0.4989258861439312,0.0,0.5361439312567132,"POLYGON ((15376126.94 5064944.148, 15379126.94 5064944.148, 15379126.94 5061944.148, 15376126.94 5061944.148, 15376126.94 5064944.148))"
喜山期,695,15377626.94,5060444.148,0.0136559167417272,0.0003556152904824,4,0.0,0.0,False,0.581453634085213,0.4989258861439312,0.0,0.5566953097028284,"POLYGON ((15376126.94 5061944.148, 15379126.94 5061944.148, 15379126.94 5058944.148, 15376126.94 5058944.148, 15376126.94 5061944.148))"
喜山期,696,15377626.94,5057444.148,0.0144970437971137,0.0003556152904824,4,0.0,0.0,False,0.6090225563909775,0.4989258861439312,0.0,0.5759935553168636,"POLYGON ((15376126.94 5058944.148, 15379126.94 5058944.148, 15379126.94 5055944.148, 15376126.94 5055944.148, 15376126.94 5058944.148))"
喜山期,697,15377626.94,5054444.148,0.015256626833474,0.0003556152904824,4,0.0,0.0,False,0.636233440744719,0.4989258861439312,0.0,0.5950411743644826,"POLYGON ((15376126.94 5055944.148, 15379126.94 5055944.148, 15379126.94 5052944.148, 15376126.94 5052944.148, 15376126.94 5055944.148))"
喜山期,698,15377626.94,5051444.148,0.0159412465975398,0.0003556152904824,4,0.0,0.0,False,0.6580737558181167,0.4989258861439312,0.0,0.610329394915861,"POLYGON ((15376126.94 5052944.148, 15379126.94 5052944.148, 15379126.94 5049944.148, 15376126.94 5049944.148, 15376126.94 5052944.148))"
喜山期,699,15377626.94,5048444.148,0.0165549413839055,0.0003556152904824,4,0.0,0.0,False,0.6774078052273541,0.4989258861439312,0.0,0.6238632295023272,"POLYGON ((15376126.94 5049944.148, 15379126.94 5049944.148, 15379126.94 5046944.148, 15376126.94 5046944.148, 15376126.94 5049944.148))"
喜山期,700,15377626.94,5045444.148,0.0170991357073458,0.0003556152904824,4,0.0,0.0,False,0.6953097028284998,0.4989258861439312,0.0,0.6363945578231291,"POLYGON ((15376126.94 5046944.148, 15379126.94 5046944.148, 15379126.94 5043944.148, 15376126.94 5043944.148, 15376126.94 5046944.148))"
喜山期,701,15377626.94,5042444.148,0.0175728347213377,0.0003556152904824,4,0.0,0.0,False,0.7078410311493019,0.4989258861439312,0.0,0.6451664876476906,"POLYGON ((15376126.94 5043944.148, 15379126.94 5043944.148, 15379126.94 5040944.148, 15376126.94 5040944.148, 15376126.94 5043944.148))"
喜山期,702,15377626.94,5039444.148,0.0179729560948879,0.0003556152904824,4,0.0,0.0,False,0.7203723594701038,0.4989258861439312,0.0,0.653938417472252,"POLYGON ((15376126.94 5040944.148, 15379126.94 5040944.148, 15379126.94 5037944.148, 15376126.94 5037944.148, 15376126.94 5040944.148))"
喜山期,703,15377626.94,5036444.148,0.0182947792112591,0.0003556152904824,4,0.0,0.0,False,0.7343358395989975,0.4989258861439312,0.0,0.6637128535624776,"POLYGON ((15376126.94 5037944.148, 15379126.94 5037944.148, 15379126.94 5034944.148, 15376126.94 5034944.148, 15376126.94 5037944.148))"
喜山期,704,15377626.94,5033444.148,0.0185324738556057,0.0003556152904824,4,0.0,0.0,False,0.7393483709273183,0.4989258861439312,0.0,0.6672216254923021,"POLYGON ((15376126.94 5034944.148, 15379126.94 5034944.148, 15379126.94 5031944.148, 15376126.94 5031944.148, 15376126.94 5034944.148))"
喜山期,705,15377626.94,5030444.148,0.0186794715699461,0.0003556152904824,4,0.0,0.0,False,0.7436448263515932,0.4989258861439312,0.0,0.6702291442892946,"POLYGON ((15376126.94 5031944.148, 15379126.94 5031944.148, 15379126.94 5028944.148, 15376126.94 5028944.148, 15376126.94 5031944.148))"
喜山期,706,15377626.94,5027444.148,0.0187280090797217,0.0003556152904824,4,0.0,0.0,False,0.7457930540637308,0.4989258861439312,0.0,0.6717329036877909,"POLYGON ((15376126.94 5028944.148, 15379126.94 5028944.148, 15379126.94 5025944.148, 15376126.94 5025944.148, 15376126.94 5028944.148))"
喜山期,707,15377626.94,5024444.148,0.0186658591120183,0.0003556152904824,4,0.0,0.0,False,0.7422126745435016,0.4989258861439312,0.0,0.6692266380236305,"POLYGON ((15376126.94 5025944.148, 15379126.94 5025944.148, 15379126.94 5022944.148, 15376126.94 5022944.148, 15376126.94 5025944.148))"
喜山期,708,15377626.94,5021444.148,0.0190781267088635,0.0003556152904824,4,0.0,0.0,False,0.757250268528464,0.4989258861439312,0.0,0.6797529538131042,"POLYGON ((15376126.94 5022944.148, 15379126.94 5022944.148, 15379126.94 5019944.148, 15376126.94 5019944.148, 15376126.94 5022944.148))"
喜山期,709,15377626.94,5018444.148,0.0190124345500757,0.0003556152904824,4,0.0,0.0,False,0.7543859649122807,0.4989258861439312,0.0,0.6777479412817758,"POLYGON ((15376126.94 5019944.148, 15379126.94 5019944.148, 15379126.94 5016944.148, 15376126.94 5016944.148, 15376126.94 5019944.148))"
喜山期,710,15377626.94,5015444.148,0.0191577734644233,0.0003556152904824,4,0.0,0.0,False,0.7608306480486932,0.4989258861439312,0.0,0.6822592194772645,"POLYGON ((15376126.94 5016944.148, 15379126.94 5016944.148, 15379126.94 5013944.148, 15376126.94 5013944.148, 15376126.94 5016944.148))"
喜山期,711,15377626.94,5012444.148,0.0188022847623744,0.0003556152904824,4,0.0,0.0,False,0.7479412817758683,0.4989258861439312,0.0,0.6732366630862872,"POLYGON ((15376126.94 5013944.148, 15379126.94 5013944.148, 15379126.94 5010944.148, 15376126.94 5010944.148, 15376126.94 5013944.148))"
喜山期,712,15377626.94,5009444.148,0.0189774129310332,0.0003556152904824,4,0.0,0.0,False,0.7525957751521661,0.4989258861439312,0.0,0.6764948084496957,"POLYGON ((15376126.94 5010944.148, 15379126.94 5010944.148, 15379126.94 5007944.148, 15376126.94 5007944.148, 15376126.94 5010944.148))"
喜山期,713,15377626.94,5006444.148,0.019044431524639,0.0003556152904824,4,0.0,0.0,False,0.7558181167203724,0.4989258861439312,0.0,0.67875044754744,"POLYGON ((15376126.94 5007944.148, 15379126.94 5007944.148, 15379126.94 5004944.148, 15376126.94 5004944.148, 15376126.94 5007944.148))"
喜山期,714,15377626.94,5003444.148,0.0190154254405185,0.0003556152904824,4,0.0,0.0,False,0.7547440028643037,0.4989258861439312,0.0,0.6779985678481919,"POLYGON ((15376126.94 5004944.148, 15379126.94 5004944.148, 15379126.94 5001944.148, 15376126.94 5001944.148, 15376126.94 5004944.148))"
喜山期,715,15377626.94,5000444.148,0.0188976779087181,0.0003556152904824,4,0.0,0.0,False,0.7493734335839599,0.4989258861439312,0.0,0.6742391693519513,"POLYGON ((15376126.94 5001944.148, 15379126.94 5001944.148, 15379126.94 4998944.148, 15376126.94 4998944.148, 15376126.94 5001944.148))"
喜山期,716,15377626.94,4997444.148,0.0186971712166082,0.0003556152904824,4,0.0,0.0,False,0.7443609022556391,0.4989258861439312,0.0,0.6707303974221267,"POLYGON ((15376126.94 4998944.148, 15379126.94 4998944.148, 15379126.94 4995944.148, 15376126.94 4995944.148, 15376126.94 4998944.148))"
喜山期,717,15377626.94,4994444.148,0.0184193170384526,0.0003556152904824,4,0.0,0.0,False,0.7368421052631579,0.4989258861439312,0.0,0.6654672395273898,"POLYGON ((15376126.94 4995944.148, 15379126.94 4995944.148, 15379126.94 4992944.148, 15376126.94 4992944.148, 15376126.94 4995944.148))"
喜山期,718,15377626.94,4991444.148,0.0180687999627017,0.0003556152904824,4,0.0,0.0,False,0.7246688148943788,0.4989258861439312,0.0,0.6569459362692446,"POLYGON ((15376126.94 4992944.148, 15379126.94 4992944.148, 15379126.94 4989944.148, 15376126.94 4989944.148, 15376126.94 4992944.148))"
喜山期,719,15377626.94,4988444.148,0.0176491800902068,0.0003556152904824,4,0.0,0.0,False,0.7092731829573935,0.4989258861439312,0.0,0.6461689939133548,"POLYGON ((15376126.94 4989944.148, 15379126.94 4989944.148, 15379126.94 4986944.148, 15376126.94 4986944.148, 15376126.94 4989944.148))"
喜山期,720,15377626.94,4985444.148,0.0171625343339259,0.0003556152904824,4,0.0,0.0,False,0.6981740064446831,0.4989258861439312,0.0,0.6383995703544575,"POLYGON ((15376126.94 4986944.148, 15379126.94 4986944.148, 15379126.94 4983944.148, 15376126.94 4983944.148, 15376126.94 4986944.148))"
喜山期,721,15377626.94,4982444.148,0.0166092118753515,0.0003556152904824,4,0.0,0.0,False,0.6788399570354458,0.4989258861439312,0.0,0.6248657357679914,"POLYGON ((15376126.94 4983944.148, 15379126.94 4983944.148, 15379126.94 4980944.148, 15376126.94 4980944.148, 15376126.94 4983944.148))"
喜山期,722,15377626.94,4979444.148,0.0159876790363171,0.0003556152904824,4,0.0,0.0,False,0.6605800214822771,0.4989258861439312,0.0,0.6120837808807733,"POLYGON ((15376126.94 4980944.148, 15379126.94 4980944.148, 15379126.94 4977944.148, 15376126.94 4977944.148, 15376126.94 4980944.148))"
喜山期,723,15377626.94,4976444.148,0.0152944366105221,0.0003556152904824,4,0.0,0.0,False,0.6383816684568564,0.4989258861439312,0.0,0.5965449337629789,"POLYGON ((15376126.94 4977944.148, 15379126.94 4977944.148, 15379126.94 4974944.148, 15376126.94 4974944.148, 15376126.94 4977944.148))"
喜山期,724,15377626.94,4973444.148,0.0145240754851693,0.0003556152904824,4,0.0,0.0,False,0.6097386322950232,0.4989258861439312,0.0,0.5764948084496957,"POLYGON ((15376126.94 4974944.148, 15379126.94 4974944.148, 15379126.94 4971944.148, 15376126.94 4971944.148, 15376126.94 4974944.148))"
喜山期,725,15377626.94,4970444.148,0.0136696188849011,0.0003556152904824,4,0.0,0.0,False,0.5828857858933046,0.4989258861439312,0.0,0.5576978159684927,"POLYGON ((15376126.94 4971944.148, 15379126.94 4971944.148, 15379126.94 4968944.148, 15376126.94 4968944.148, 15376126.94 4971944.148))"
喜山期,726,15377626.94,4967444.148,0.0127232922182828,0.0003556152904824,4,0.0,0.0,False,0.5517364840673111,0.4989258861439312,0.0,0.5358933046902972,"POLYGON ((15376126.94 4968944.148, 15379126.94 4968944.148, 15379126.94 4965944.148, 15376126.94 4965944.148, 15376126.94 4968944.148))"
喜山期,727,15377626.94,4964444.148,0.0116777075060039,0.0003556152904824,4,0.0,0.0,False,0.5080558539205156,0.4989258861439312,0.0,0.5053168635875402,"POLYGON ((15376126.94 4965944.148, 15379126.94 4965944.148, 15379126.94 4962944.148, 15376126.94 4962944.148, 15376126.94 4965944.148))"
喜山期,728,15377626.94,4961444.148,0.0105271749752353,0.0003556152904824,4,0.0,0.0,False,0.4672395273899033,0.4989258861439312,0.0,0.4767454350161116,"POLYGON ((15376126.94 4962944.148, 15379126.94 4962944.148, 15379126.94 4959944.148, 15376126.94 4959944.148, 15376126.94 4962944.148))"
喜山期,729,15377626.94,4958444.148,0.0092685878866274,0.0003556152904824,4,0.0,0.0,False,0.4146079484425349,0.4989258861439312,0.0,0.4399033297529537,"POLYGON ((15376126.94 4959944.148, 15379126.94 4959944.148, 15379126.94 4956944.148, 15376126.94 4956944.148, 15376126.94 4959944.148))"
喜山期,730,15377626.94,4955444.148,0.0079012437403437,0.0003556152904824,4,0.0,0.0,False,0.3487289652703186,0.4989258861439312,0.0,0.3937880415324024,"POLYGON ((15376126.94 4956944.148, 15379126.94 4956944.148, 15379126.94 4953944.148, 15376126.94 4953944.148, 15376126.94 4956944.148))"
喜山期,731,15377626.94,4952444.148,0.0064251471442172,0.0003556152904824,4,0.0,0.0,False,0.2832080200501253,0.4989258861439312,0.0,0.347923379878267,"POLYGON ((15376126.94 4953944.148, 15379126.94 4953944.148, 15379126.94 4950944.148, 15376126.94 4950944.148, 15376126.94 4953944.148))"
喜山期,732,15377626.94,4949444.148,0.0048375773514346,0.0003556152904824,4,0.0,0.0,False,0.2051557465091299,0.4989258861439312,0.0,0.2932867883995703,"POLYGON ((15376126.94 4950944.148, 15379126.94 4950944.148, 15379126.94 4947944.148, 15376126.94 4947944.148, 15376126.94 4950944.148))"
喜山期,733,15377626.94,4946444.148,0.003127180861385,0.0003556152904824,4,0.0,0.0,False,0.1285356247762263,0.4989258861439312,0.0,0.2396527031865377,"POLYGON ((15376126.94 4947944.148, 15379126.94 4947944.148, 15379126.94 4944944.148, 15376126.94 4944944.148, 15376126.94 4947944.148))"
喜山期,734,15377626.94,4943444.148,0.0012603835844311,0.0003556152904824,3,0.0,0.0,False,0.0508413891872538,0.4989258861439312,0.0,0.185266738274257,"POLYGON ((15376126.94 4944944.148, 15379126.94 4944944.148, 15379126.94 4941944.148, 15376126.94 4941944.148, 15376126.94 4944944.148))"
喜山期,735,15380626.94,5087444.148,0.0012751620502679,0.0003556152904824,3,0.0,0.0,False,0.0544217687074829,0.4989258861439312,0.0,0.1877730039384174,"POLYGON ((15379126.94 5088944.148, 15382126.94 5088944.148, 15382126.94 5085944.148, 15379126.94 5085944.148, 15379126.94 5088944.148))"
喜山期,736,15380626.94,5084444.148,0.0031759342027431,0.0003556152904824,4,0.0,0.0,False,0.1317579663444325,0.4989258861439312,0.0,0.2419083422842821,"POLYGON ((15379126.94 5085944.148, 15382126.94 5085944.148, 15382126.94 5082944.148, 15379126.94 5082944.148, 15379126.94 5085944.148))"
喜山期,737,15380626.94,5081444.148,0.0049291000570042,0.0003556152904824,4,0.0,0.0,False,0.2087361260293591,0.4989258861439312,0.0,0.2957930540637307,"POLYGON ((15379126.94 5082944.148, 15382126.94 5082944.148, 15382126.94 5079944.148, 15379126.94 5079944.148, 15379126.94 5082944.148))"
喜山期,738,15380626.94,5078444.148,0.0065663408167095,0.0003556152904824,4,0.0,0.0,False,0.2878625134264232,0.4989258861439312,0.0,0.3511815252416756,"POLYGON ((15379126.94 5079944.148, 15382126.94 5079944.148, 15382126.94 5076944.148, 15379126.94 5076944.148, 15379126.94 5079944.148))"
喜山期,739,15380626.94,5075444.148,0.0080967592714867,0.0003556152904824,4,0.0,0.0,False,0.3569638381668457,0.4989258861439312,0.0,0.3995524525599713,"POLYGON ((15379126.94 5076944.148, 15382126.94 5076944.148, 15382126.94 5073944.148, 15379126.94 5073944.148, 15379126.94 5076944.148))"
喜山期,740,15380626.94,5072444.148,0.009520349567277,0.0003556152904824,4,0.0,0.0,False,0.4232008592910848,0.4989258861439312,0.0,0.4459183673469387,"POLYGON ((15379126.94 5073944.148, 15382126.94 5073944.148, 15382126.94 5070944.148, 15379126.94 5070944.148, 15379126.94 5073944.148))"
喜山期,741,15380626.94,5069444.148,0.0108344253519145,0.0003556152904824,4,0.0,0.0,False,0.4783387039026137,0.4989258861439312,0.0,0.4845148585750089,"POLYGON ((15379126.94 5070944.148, 15382126.94 5070944.148, 15382126.94 5067944.148, 15379126.94 5067944.148, 15379126.94 5070944.148))"
喜山期,742,15380626.94,5066444.148,0.0120377281968348,0.0003556152904824,4,0.0,0.0,False,0.5223773720014322,0.4989258861439312,0.0,0.5153419262441818,"POLYGON ((15379126.94 5067944.148, 15382126.94 5067944.148, 15382126.94 5064944.148, 15379126.94 5064944.148, 15379126.94 5067944.148))"
喜山期,743,15380626.94,5063444.148,0.0131325238603335,0.0003556152904824,4,0.0,0.0,False,0.5631936985320444,0.4989258861439312,0.0,0.5439133548156104,"POLYGON ((15379126.94 5064944.148, 15382126.94 5064944.148, 15382126.94 5061944.148, 15379126.94 5061944.148, 15379126.94 5064944.148))"
喜山期,744,15380626.94,5060444.148,0.0141246870902434,0.0003556152904824,4,0.0,0.0,False,0.6007876834944504,0.4989258861439312,0.0,0.5702291442892946,"POLYGON ((15379126.94 5061944.148, 15382126.94 5061944.148, 15382126.94 5058944.148, 15379126.94 5058944.148, 15379126.94 5061944.148))"
喜山期,745,15380626.94,5057444.148,0.0150223055350392,0.0003556152904824,4,0.0,0.0,False,0.6283566058002148,0.4989258861439312,0.0,0.5895273899033298,"POLYGON ((15379126.94 5058944.148, 15382126.94 5058944.148, 15382126.94 5055944.148, 15379126.94 5055944.148, 15379126.94 5058944.148))"
喜山期,746,15380626.94,5054444.148,0.0158337000561416,0.0003556152904824,4,0.0,0.0,False,0.6537773003938417,0.4989258861439312,0.0,0.6073218761188686,"POLYGON ((15379126.94 5055944.148, 15382126.94 5055944.148, 15382126.94 5052944.148, 15379126.94 5052944.148, 15379126.94 5055944.148))"
喜山期,747,15380626.94,5051444.148,0.0165656796251127,0.0003556152904824,4,0.0,0.0,False,0.677765843179377,0.4989258861439312,0.0,0.6241138560687433,"POLYGON ((15379126.94 5052944.148, 15382126.94 5052944.148, 15382126.94 5049944.148, 15379126.94 5049944.148, 15379126.94 5052944.148))"
喜山期,748,15380626.94,5048444.148,0.0172224696294252,0.0003556152904824,4,0.0,0.0,False,0.6999641962047977,0.4989258861439312,0.0,0.6396527031865378,"POLYGON ((15379126.94 5049944.148, 15382126.94 5049944.148, 15382126.94 5046944.148, 15379126.94 5046944.148, 15379126.94 5049944.148))"
喜山期,749,15380626.94,5045444.148,0.0178053606049979,0.0003556152904824,4,0.0,0.0,False,0.715359828141783,0.4989258861439312,0.0,0.6504296455424274,"POLYGON ((15379126.94 5046944.148, 15382126.94 5046944.148, 15382126.94 5043944.148, 15379126.94 5043944.148, 15379126.94 5046944.148))"
喜山期,750,15380626.94,5042444.148,0.0183129098048549,0.0003556152904824,4,0.0,0.0,False,0.7346938775510204,0.4989258861439312,0.0,0.6639634801288936,"POLYGON ((15379126.94 5043944.148, 15382126.94 5043944.148, 15382126.94 5040944.148, 15379126.94 5040944.148, 15379126.94 5043944.148))"
喜山期,751,15380626.94,5039444.148,0.0187414960009926,0.0003556152904824,4,0.0,0.0,False,0.7461510920157537,0.4989258861439312,0.0,0.671983530254207,"POLYGON ((15379126.94 5040944.148, 15382126.94 5040944.148, 15382126.94 5037944.148, 15379126.94 5037944.148, 15379126.94 5040944.148))"
喜山期,752,15380626.94,5036444.148,0.0190860603045532,0.0003556152904824,4,0.0,0.0,False,0.7576083064804869,0.4989258861439312,0.0,0.6800035803795202,"POLYGON ((15379126.94 5037944.148, 15382126.94 5037944.148, 15382126.94 5034944.148, 15379126.94 5034944.148, 15379126.94 5037944.148))"
喜山期,753,15380626.94,5033444.148,0.0193408388656219,0.0003556152904824,4,0.0,0.0,False,0.765485141424991,0.4989258861439312,0.0,0.685517364840673,"POLYGON ((15379126.94 5034944.148, 15382126.94 5034944.148, 15382126.94 5031944.148, 15379126.94 5031944.148, 15379126.94 5034944.148))"
喜山期,754,15380626.94,5030444.148,0.0194997515003312,0.0003556152904824,4,0.0,0.0,False,0.7719298245614035,0.4989258861439312,0.0,0.6900286430361617,"POLYGON ((15379126.94 5031944.148, 15382126.94 5031944.148, 15382126.94 5028944.148, 15379126.94 5028944.148, 15379126.94 5031944.148))"
喜山期,755,15380626.94,5027444.148,0.0195557911964227,0.0003556152904824,4,0.0,0.0,False,0.7747941281775869,0.4989258861439312,0.0,0.6920336555674902,"POLYGON ((15379126.94 5028944.148, 15382126.94 5028944.148, 15382126.94 5025944.148, 15379126.94 5025944.148, 15379126.94 5028944.148))"
喜山期,756,15380626.94,5024444.148,0.0194975906893211,0.0003556152904824,4,0.0,0.0,False,0.7715717866093806,0.4989258861439312,0.0,0.6897780164697458,"POLYGON ((15379126.94 5025944.148, 15382126.94 5025944.148, 15382126.94 5022944.148, 15379126.94 5022944.148, 15379126.94 5025944.148))"
喜山期,757,15380626.94,5021444.148,0.0199528295400895,0.0003556152904824,4,0.0,0.0,False,0.7858933046902972,0.4989258861439312,0.0,0.6998030791263874,"POLYGON ((15379126.94 5022944.148, 15382126.94 5022944.148, 15382126.94 5019944.148, 15379126.94 5019944.148, 15379126.94 5022944.148))"
喜山期,758,15380626.94,5018444.148,0.0198676678565792,0.0003556152904824,4,0.0,0.0,False,0.7837450769781596,0.4989258861439312,0.0,0.698299319727891,"POLYGON ((15379126.94 5019944.148, 15382126.94 5019944.148, 15382126.94 5016944.148, 15379126.94 5016944.148, 15379126.94 5019944.148))"
喜山期,759,15380626.94,5015444.148,0.0200400516734702,0.0003556152904824,4,0.0,0.0,False,0.7880415324024347,0.4989258861439312,0.0,0.7013068385248836,"POLYGON ((15379126.94 5016944.148, 15382126.94 5016944.148, 15382126.94 5013944.148, 15379126.94 5013944.148, 15379126.94 5016944.148))"
喜山期,760,15380626.94,5012444.148,0.0196480235867924,0.0003556152904824,4,0.0,0.0,False,0.7769423558897243,0.4989258861439312,0.0,0.6935374149659863,"POLYGON ((15379126.94 5013944.148, 15382126.94 5013944.148, 15382126.94 5010944.148, 15379126.94 5010944.148, 15379126.94 5013944.148))"
喜山期,761,15380626.94,5009444.148,0.0198291020010539,0.0003556152904824,4,0.0,0.0,False,0.7819548872180451,0.4989258861439312,0.0,0.6970461868958109,"POLYGON ((15379126.94 5010944.148, 15382126.94 5010944.148, 15382126.94 5007944.148, 15379126.94 5007944.148, 15379126.94 5010944.148))"
喜山期,762,15380626.94,5006444.148,0.0198984019065388,0.0003556152904824,4,0.0,0.0,False,0.7848191908342285,0.4989258861439312,0.0,0.6990511994271392,"POLYGON ((15379126.94 5007944.148, 15382126.94 5007944.148, 15382126.94 5004944.148, 15379126.94 5004944.148, 15379126.94 5007944.148))"
喜山期,763,15380626.94,5003444.148,0.0198671600707492,0.0003556152904824,4,0.0,0.0,False,0.7833870390261368,0.4989258861439312,0.0,0.6980486931614751,"POLYGON ((15379126.94 5004944.148, 15382126.94 5004944.148, 15382126.94 5001944.148, 15379126.94 5001944.148, 15379126.94 5004944.148))"
喜山期,764,15380626.94,5000444.148,0.0197418442726633,0.0003556152904824,4,0.0,0.0,False,0.7794486215538847,0.4989258861439312,0.0,0.6952918009308986,"POLYGON ((15379126.94 5001944.148, 15382126.94 5001944.148, 15382126.94 4998944.148, 15379126.94 4998944.148, 15379126.94 5001944.148))"
喜山期,765,15380626.94,4997444.148,0.0195277687912802,0.0003556152904824,4,0.0,0.0,False,0.7730039384174723,0.4989258861439312,0.0,0.6907805227354099,"POLYGON ((15379126.94 4998944.148, 15382126.94 4998944.148, 15382126.94 4995944.148, 15379126.94 4995944.148, 15379126.94 4998944.148))"
喜山期,766,15380626.94,4994444.148,0.0192300054984001,0.0003556152904824,4,0.0,0.0,False,0.7622627998567848,0.4989258861439312,0.0,0.6832617257429286,"POLYGON ((15379126.94 4995944.148, 15382126.94 4995944.148, 15382126.94 4992944.148, 15379126.94 4992944.148, 15379126.94 4995944.148))"
喜山期,767,15380626.94,4991444.148,0.018853317639371,0.0003556152904824,4,0.0,0.0,False,0.748657357679914,0.4989258861439312,0.0,0.6737379162191192,"POLYGON ((15379126.94 4992944.148, 15382126.94 4992944.148, 15382126.94 4989944.148, 15379126.94 4989944.148, 15379126.94 4992944.148))"
喜山期,768,15380626.94,4988444.148,0.0184016991859704,0.0003556152904824,4,0.0,0.0,False,0.7357679914070892,0.4989258861439312,0.0,0.6647153598281418,"POLYGON ((15379126.94 4989944.148, 15382126.94 4989944.148, 15382126.94 4986944.148, 15379126.94 4986944.148, 15379126.94 4989944.148))"
喜山期,769,15380626.94,4985444.148,0.0178778240709755,0.0003556152904824,4,0.0,0.0,False,0.7182241317579664,0.4989258861439312,0.0,0.6524346580737558,"POLYGON ((15379126.94 4986944.148, 15382126.94 4986944.148, 15382126.94 4983944.148, 15379126.94 4983944.148, 15379126.94 4986944.148))"
喜山期,770,15380626.94,4982444.148,0.0172825656665272,0.0003556152904824,4,0.0,0.0,False,0.7017543859649122,0.4989258861439312,0.0,0.640905836018618,"POLYGON ((15379126.94 4983944.148, 15382126.94 4983944.148, 15382126.94 4980944.148, 15379126.94 4980944.148, 15379126.94 4983944.148))"
喜山期,771,15380626.94,4979444.148,0.0166146681370601,0.0003556152904824,4,0.0,0.0,False,0.6791979949874687,0.4989258861439312,0.0,0.6251163623344074,"POLYGON ((15379126.94 4980944.148, 15382126.94 4980944.148, 15382126.94 4977944.148, 15379126.94 4977944.148, 15379126.94 4980944.148))"
喜山期,772,15380626.94,4976444.148,0.0158706451169337,0.0003556152904824,4,0.0,0.0,False,0.6559255281059793,0.4989258861439312,0.0,0.6088256355173649,"POLYGON ((15379126.94 4977944.148, 15382126.94 4977944.148, 15382126.94 4974944.148, 15379126.94 4974944.148, 15379126.94 4977944.148))"
喜山期,773,15380626.94,4973444.148,0.0150450170570541,0.0003556152904824,4,0.0,0.0,False,0.6297887576083064,0.4989258861439312,0.0,0.5905298961689939,"POLYGON ((15379126.94 4974944.148, 15382126.94 4974944.148, 15382126.94 4971944.148, 15379126.94 4971944.148, 15379126.94 4974944.148))"
喜山期,774,15380626.94,4970444.148,0.0141310016467132,0.0003556152904824,4,0.0,0.0,False,0.6011457214464734,0.4989258861439312,0.0,0.5704797708557108,"POLYGON ((15379126.94 4971944.148, 15382126.94 4971944.148, 15382126.94 4968944.148, 15379126.94 4968944.148, 15379126.94 4971944.148))"
喜山期,775,15380626.94,4967444.148,0.0131216676025156,0.0003556152904824,4,0.0,0.0,False,0.5628356605800214,0.4989258861439312,0.0,0.5436627282491944,"POLYGON ((15379126.94 4968944.148, 15382126.94 4968944.148, 15382126.94 4965944.148, 15379126.94 4965944.148, 15379126.94 4968944.148))"
喜山期,776,15380626.94,4964444.148,0.0120113394474257,0.0003556152904824,4,0.0,0.0,False,0.5202291442892947,0.4989258861439312,0.0,0.5138381668456856,"POLYGON ((15379126.94 4965944.148, 15382126.94 4965944.148, 15382126.94 4962944.148, 15379126.94 4962944.148, 15379126.94 4965944.148))"
喜山期,777,15380626.94,4961444.148,0.0107967888063728,0.0003556152904824,4,0.0,0.0,False,0.4772645900465449,0.4989258861439312,0.0,0.4837629788757608,"POLYGON ((15379126.94 4962944.148, 15382126.94 4962944.148, 15382126.94 4959944.148, 15379126.94 4959944.148, 15379126.94 4962944.148))"
喜山期,778,15380626.94,4958444.148,0.009477626948692,0.0003556152904824,4,0.0,0.0,False,0.4214106695309703,0.4989258861439312,0.0,0.4446652345148585,"POLYGON ((15379126.94 4959944.148, 15382126.94 4959944.148, 15382126.94 4956944.148, 15379126.94 4956944.148, 15379126.94 4959944.148))"
喜山期,779,15380626.94,4955444.148,0.0080554489224856,0.0003556152904824,4,0.0,0.0,False,0.3540995345506623,0.4989258861439312,0.0,0.397547440028643,"POLYGON ((15379126.94 4956944.148, 15382126.94 4956944.148, 15382126.94 4953944.148, 15379126.94 4953944.148, 15379126.94 4956944.148))"
喜山期,780,15380626.94,4952444.148,0.0065316183910115,0.0003556152904824,4,0.0,0.0,False,0.2875044754744003,0.4989258861439312,0.0,0.3509308986752595,"POLYGON ((15379126.94 4953944.148, 15382126.94 4953944.148, 15382126.94 4950944.148, 15379126.94 4950944.148, 15379126.94 4953944.148))"
喜山期,781,15380626.94,4949444.148,0.0049037815235513,0.0003556152904824,4,0.0,0.0,False,0.2080200501253132,0.4989258861439312,0.0,0.2952918009308987,"POLYGON ((15379126.94 4950944.148, 15382126.94 4950944.148, 15382126.94 4947944.148, 15379126.94 4947944.148, 15379126.94 4950944.148))"
喜山期,782,15380626.94,4946444.148,0.0031604456264661,0.0003556152904824,4,0.0,0.0,False,0.1310418904403867,0.4989258861439312,0.0,0.24140708915145,"POLYGON ((15379126.94 4947944.148, 15382126.94 4947944.148, 15382126.94 4944944.148, 15379126.94 4944944.148, 15379126.94 4947944.148))"
喜山期,783,15380626.94,4943444.148,0.0012683177154835,0.0003556152904824,3,0.0,0.0,False,0.0526315789473684,0.4989258861439312,0.0,0.1865198711063372,"POLYGON ((15379126.94 4944944.148, 15382126.94 4944944.148, 15382126.94 4941944.148, 15379126.94 4941944.148, 15379126.94 4944944.148))"
喜山期,784,15383626.94,5087444.148,0.0012812527723101,0.0003556152904824,3,0.0,0.0,False,0.0565699964196204,0.4989258861439312,0.0,0.1892767633369137,"POLYGON ((15382126.94 5088944.148, 15385126.94 5088944.148, 15385126.94 5085944.148, 15382126.94 5085944.148, 15382126.94 5088944.148))"
喜山期,785,15383626.94,5084444.148,0.0032040764410869,0.0003556152904824,4,0.0,0.0,False,0.13390619405657,0.4989258861439312,0.0,0.2434121016827783,"POLYGON ((15382126.94 5085944.148, 15385126.94 5085944.148, 15385126.94 5082944.148, 15382126.94 5082944.148, 15382126.94 5085944.148))"
喜山期,786,15383626.94,5081444.148,0.0049863921879812,0.0003556152904824,4,0.0,0.0,False,0.2116004296455424,0.4989258861439312,0.0,0.297798066595059,"POLYGON ((15382126.94 5082944.148, 15385126.94 5082944.148, 15385126.94 5079944.148, 15382126.94 5079944.148, 15382126.94 5082944.148))"
喜山期,787,15383626.94,5078444.148,0.0066599800397813,0.0003556152904824,4,0.0,0.0,False,0.2918009308986752,0.4989258861439312,0.0,0.3539384174722521,"POLYGON ((15382126.94 5079944.148, 15385126.94 5079944.148, 15385126.94 5076944.148, 15382126.94 5076944.148, 15382126.94 5079944.148))"
喜山期,788,15383626.94,5075444.148,0.0082344692122953,0.0003556152904824,4,0.0,0.0,False,0.3619763694951665,0.4989258861439312,0.0,0.4030612244897959,"POLYGON ((15382126.94 5076944.148, 15385126.94 5076944.148, 15385126.94 5073944.148, 15382126.94 5073944.148, 15382126.94 5076944.148))"
喜山期,789,15383626.94,5072444.148,0.0097097220795976,0.0003556152904824,4,0.0,0.0,False,0.4278553526673827,0.4989258861439312,0.0,0.4491765127103472,"POLYGON ((15382126.94 5073944.148, 15385126.94 5073944.148, 15385126.94 5070944.148, 15382126.94 5070944.148, 15382126.94 5073944.148))"
喜山期,790,15383626.94,5069444.148,0.0110816292916174,0.0003556152904824,4,0.0,0.0,False,0.4837092731829573,0.4989258861439312,0.0,0.4882742570712495,"POLYGON ((15382126.94 5070944.148, 15385126.94 5070944.148, 15385126.94 5067944.148, 15382126.94 5067944.148, 15382126.94 5070944.148))"
喜山期,791,15383626.94,5066444.148,0.0123462765956078,0.0003556152904824,4,0.0,0.0,False,0.53562477622628,0.4989258861439312,0.0,0.5246151092015754,"POLYGON ((15382126.94 5067944.148, 15385126.94 5067944.148, 15385126.94 5064944.148, 15382126.94 5064944.148, 15382126.94 5067944.148))"
喜山期,792,15383626.94,5063444.148,0.013502731404027,0.0003556152904824,4,0.0,0.0,False,0.5750089509488006,0.4989258861439312,0.0,0.5521840315073397,"POLYGON ((15382126.94 5064944.148, 15385126.94 5064944.148, 15385126.94 5061944.148, 15382126.94 5061944.148, 15382126.94 5064944.148))"
喜山期,793,15383626.94,5060444.148,0.014554032171103,0.0003556152904824,4,0.0,0.0,False,0.611170784103115,0.4989258861439312,0.0,0.5774973147153599,"POLYGON ((15382126.94 5061944.148, 15385126.94 5061944.148, 15385126.94 5058944.148, 15382126.94 5058944.148, 15382126.94 5061944.148))"
喜山期,794,15383626.94,5057444.148,0.015506423712164,0.0003556152904824,4,0.0,0.0,False,0.6451843895452918,0.4989258861439312,0.0,0.6013068385248836,"POLYGON ((15382126.94 5058944.148, 15385126.94 5058944.148, 15385126.94 5055944.148, 15382126.94 5055944.148, 15382126.94 5058944.148))"
喜山期,795,15383626.94,5054444.148,0.0163674826224596,0.0003556152904824,4,0.0,0.0,False,0.6706050841389187,0.4989258861439312,0.0,0.6191013247404225,"POLYGON ((15382126.94 5055944.148, 15385126.94 5055944.148, 15385126.94 5052944.148, 15382126.94 5052944.148, 15382126.94 5055944.148))"
喜山期,796,15383626.94,5051444.148,0.0171440290406209,0.0003556152904824,4,0.0,0.0,False,0.6967418546365914,0.4989258861439312,0.0,0.6373970640887934,"POLYGON ((15382126.94 5052944.148, 15385126.94 5052944.148, 15385126.94 5049944.148, 15382126.94 5049944.148, 15382126.94 5052944.148))"
喜山期,797,15383626.94,5048444.148,0.0178405503634687,0.0003556152904824,4,0.0,0.0,False,0.7171500179018976,0.4989258861439312,0.0,0.6516827783745076,"POLYGON ((15382126.94 5049944.148, 15385126.94 5049944.148, 15385126.94 5046944.148, 15382126.94 5046944.148, 15382126.94 5049944.148))"
喜山期,798,15383626.94,5045444.148,0.0184584734173123,0.0003556152904824,4,0.0,0.0,False,0.7382742570712496,0.4989258861439312,0.0,0.6664697457930541,"POLYGON ((15382126.94 5046944.148, 15385126.94 5046944.148, 15385126.94 5043944.148, 15382126.94 5043944.148, 15382126.94 5046944.148))"
喜山期,799,15383626.94,5042444.148,0.0189962615270637,0.0003556152904824,4,0.0,0.0,False,0.7536698890082348,0.4989258861439312,0.0,0.6772466881489437,"POLYGON ((15382126.94 5043944.148, 15385126.94 5043944.148, 15385126.94 5040944.148, 15382126.94 5040944.148, 15382126.94 5043944.148))"
喜山期,800,15383626.94,5039444.148,0.0194501030175059,0.0003556152904824,4,0.0,0.0,False,0.7701396348012889,0.4989258861439312,0.0,0.6887755102040816,"POLYGON ((15382126.94 5040944.148, 15385126.94 5040944.148, 15385126.94 5037944.148, 15382126.94 5037944.148, 15382126.94 5040944.148))"
喜山期,801,15383626.94,5036444.148,0.0198148736465487,0.0003556152904824,4,0.0,0.0,False,0.7815968492660222,0.4989258861439312,0.0,0.6967955603293949,"POLYGON ((15382126.94 5037944.148, 15385126.94 5037944.148, 15385126.94 5034944.148, 15382126.94 5034944.148, 15382126.94 5037944.148))"
喜山期,802,15383626.94,5033444.148,0.0200850145647607,0.0003556152904824,4,0.0,0.0,False,0.7894736842105263,0.4989258861439312,0.0,0.7023093447905477,"POLYGON ((15382126.94 5034944.148, 15385126.94 5034944.148, 15385126.94 5031944.148, 15382126.94 5031944.148, 15382126.94 5034944.148))"
喜山期,803,15383626.94,5030444.148,0.0202549054051382,0.0003556152904824,4,0.0,0.0,False,0.7966344432509846,0.4989258861439312,0.0,0.7073218761188685,"POLYGON ((15382126.94 5031944.148, 15385126.94 5031944.148, 15385126.94 5028944.148, 15382126.94 5028944.148, 15382126.94 5031944.148))"
喜山期,804,15383626.94,5027444.148,0.0203181204937876,0.0003556152904824,4,0.0,0.0,False,0.7984246330110992,0.4989258861439312,0.0,0.7085750089509488,"POLYGON ((15382126.94 5028944.148, 15385126.94 5028944.148, 15385126.94 5025944.148, 15382126.94 5025944.148, 15382126.94 5028944.148))"
喜山期,805,15383626.94,5024444.148,0.0202639090164723,0.0003556152904824,4,0.0,0.0,False,0.7969924812030075,0.4989258861439312,0.0,0.7075725026852846,"POLYGON ((15382126.94 5025944.148, 15385126.94 5025944.148, 15385126.94 5022944.148, 15382126.94 5022944.148, 15382126.94 5025944.148))"
喜山期,806,15383626.94,5021444.148,0.0207623074941112,0.0003556152904824,4,0.0,1.0,True,0.8177586824203366,0.4989258861439312,0.0,0.7221088435374149,"POLYGON ((15382126.94 5022944.148, 15385126.94 5022944.148, 15385126.94 5019944.148, 15382126.94 5019944.148, 15382126.94 5022944.148))"
喜山期,807,15383626.94,5018444.148,0.0206539644011998,0.0003556152904824,4,0.0,1.0,True,0.8120300751879699,0.4989258861439312,0.0,0.7180988184747582,"POLYGON ((15382126.94 5019944.148, 15385126.94 5019944.148, 15385126.94 5016944.148, 15382126.94 5016944.148, 15382126.94 5019944.148))"
喜山期,808,15383626.94,5015444.148,0.0208568111872851,0.0003556152904824,4,0.0,1.0,True,0.8195488721804511,0.4989258861439312,0.0,0.7233619763694952,"POLYGON ((15382126.94 5016944.148, 15385126.94 5016944.148, 15385126.94 5013944.148, 15382126.94 5013944.148, 15382126.94 5016944.148))"
喜山期,809,15383626.94,5012444.148,0.0204279575636629,0.0003556152904824,4,0.0,1.0,True,0.8016469745793054,0.4989258861439312,0.0,0.7108306480486931,"POLYGON ((15382126.94 5013944.148, 15385126.94 5013944.148, 15385126.94 5010944.148, 15382126.94 5010944.148, 15382126.94 5013944.148))"
喜山期,810,15383626.94,5009444.148,0.0206147208125681,0.0003556152904824,4,0.0,1.0,True,0.8109559613319012,0.4989258861439312,0.0,0.7173469387755101,"POLYGON ((15382126.94 5010944.148, 15385126.94 5010944.148, 15385126.94 5007944.148, 15382126.94 5007944.148, 15382126.94 5010944.148))"
喜山期,811,15383626.94,5006444.148,0.0206862098229542,0.0003556152904824,4,0.0,1.0,True,0.8138202649480845,0.4989258861439312,0.0,0.7193519513068385,"POLYGON ((15382126.94 5007944.148, 15385126.94 5007944.148, 15385126.94 5004944.148, 15382126.94 5004944.148, 15382126.94 5007944.148))"
喜山期,812,15383626.94,5003444.148,0.0206530210539093,0.0003556152904824,4,0.0,1.0,True,0.811672037235947,0.4989258861439312,0.0,0.7178481919083423,"POLYGON ((15382126.94 5004944.148, 15385126.94 5004944.148, 15385126.94 5001944.148, 15382126.94 5001944.148, 15382126.94 5004944.148))"
喜山期,813,15383626.94,5000444.148,0.0205209999526774,0.0003556152904824,4,0.0,1.0,True,0.8052273540995345,0.4989258861439312,0.0,0.7133369137128535,"POLYGON ((15382126.94 5001944.148, 15385126.94 5001944.148, 15385126.94 4998944.148, 15382126.94 4998944.148, 15382126.94 5001944.148))"
喜山期,814,15383626.94,4997444.148,0.0202948972627025,0.0003556152904824,4,0.0,0.0,False,0.7977085571070534,0.4989258861439312,0.0,0.7080737558181167,"POLYGON ((15382126.94 4998944.148, 15385126.94 4998944.148, 15385126.94 4995944.148, 15382126.94 4995944.148, 15382126.94 4998944.148))"
喜山期,815,15383626.94,4994444.148,0.0199794234719829,0.0003556152904824,4,0.0,0.0,False,0.786609380594343,0.4989258861439312,0.0,0.7003043322592195,"POLYGON ((15382126.94 4995944.148, 15385126.94 4995944.148, 15385126.94 4992944.148, 15382126.94 4992944.148, 15382126.94 4995944.148))"
喜山期,816,15383626.94,4991444.148,0.0195792827047893,0.0003556152904824,4,0.0,0.0,False,0.7751521661296097,0.4989258861439312,0.0,0.6922842821339061,"POLYGON ((15382126.94 4992944.148, 15385126.94 4992944.148, 15385126.94 4989944.148, 15382126.94 4989944.148, 15382126.94 4992944.148))"
喜山期,817,15383626.94,4988444.148,0.0190986866584901,0.0003556152904824,4,0.0,0.0,False,0.7583243823845328,0.4989258861439312,0.0,0.6805048335123524,"POLYGON ((15382126.94 4989944.148, 15385126.94 4989944.148, 15385126.94 4986944.148, 15382126.94 4986944.148, 15382126.94 4989944.148))"
喜山期,818,15383626.94,4985444.148,0.0185406536977922,0.0003556152904824,4,0.0,0.0,False,0.7397064088793412,0.4989258861439312,0.0,0.6674722520587182,"POLYGON ((15382126.94 4986944.148, 15385126.94 4986944.148, 15385126.94 4983944.148, 15382126.94 4983944.148, 15382126.94 4986944.148))"
喜山期,819,15383626.94,4982444.148,0.0179063331358606,0.0003556152904824,4,0.0,0.0,False,0.719656283566058,0.4989258861439312,0.0,0.65343716433942,"POLYGON ((15382126.94 4983944.148, 15385126.94 4983944.148, 15385126.94 4980944.148, 15382126.94 4980944.148, 15382126.94 4983944.148))"
喜山期,820,15383626.94,4979444.148,0.0171945558160053,0.0003556152904824,4,0.0,0.0,False,0.698890082348729,0.4989258861439312,0.0,0.6389008234872896,"POLYGON ((15382126.94 4980944.148, 15385126.94 4980944.148, 15385126.94 4977944.148, 15382126.94 4977944.148, 15382126.94 4980944.148))"
喜山期,821,15383626.94,4976444.148,0.0164017875534606,0.0003556152904824,4,0.0,0.0,False,0.6716791979949874,0.4989258861439312,0.0,0.6198532044396705,"POLYGON ((15382126.94 4977944.148, 15385126.94 4977944.148, 15385126.94 4974944.148, 15382126.94 4974944.148, 15382126.94 4977944.148))"
喜山期,822,15383626.94,4973444.148,0.015522621566451,0.0003556152904824,4,0.0,0.0,False,0.6459004654493377,0.4989258861439312,0.0,0.6018080916577158,"POLYGON ((15382126.94 4974944.148, 15385126.94 4974944.148, 15385126.94 4971944.148, 15382126.94 4971944.148, 15382126.94 4974944.148))"
喜山期,823,15383626.94,4970444.148,0.014550837729282,0.0003556152904824,4,0.0,0.0,False,0.610812746151092,0.4989258861439312,0.0,0.5772466881489438,"POLYGON ((15382126.94 4971944.148, 15385126.94 4971944.148, 15385126.94 4968944.148, 15382126.94 4968944.148, 15382126.94 4971944.148))"
喜山期,824,15383626.94,4967444.148,0.0134808552776733,0.0003556152904824,4,0.0,0.0,False,0.5742928750447548,0.4989258861439312,0.0,0.5516827783745077,"POLYGON ((15382126.94 4968944.148, 15385126.94 4968944.148, 15385126.94 4965944.148, 15382126.94 4965944.148, 15382126.94 4968944.148))"
喜山期,825,15383626.94,4964444.148,0.0123091645797667,0.0003556152904824,4,0.0,0.0,False,0.5349087003222341,0.4989258861439312,0.0,0.5241138560687433,"POLYGON ((15382126.94 4965944.148, 15385126.94 4965944.148, 15385126.94 4962944.148, 15382126.94 4962944.148, 15382126.94 4965944.148))"
喜山期,826,15383626.94,4961444.148,0.0110351743555747,0.0003556152904824,4,0.0,0.0,False,0.4826351593268886,0.4989258861439312,0.0,0.4875223773720014,"POLYGON ((15382126.94 4962944.148, 15385126.94 4962944.148, 15385126.94 4959944.148, 15382126.94 4959944.148, 15382126.94 4962944.148))"
喜山期,827,15383626.94,4958444.148,0.0096609876172042,0.0003556152904824,4,0.0,0.0,False,0.4260651629072681,0.4989258861439312,0.0,0.4479233798782671,"POLYGON ((15382126.94 4959944.148, 15385126.94 4959944.148, 15385126.94 4956944.148, 15382126.94 4956944.148, 15382126.94 4959944.148))"
喜山期,828,15383626.94,4955444.148,0.0081899392835479,0.0003556152904824,4,0.0,0.0,False,0.3609022556390977,0.4989258861439312,0.0,0.4023093447905477,"POLYGON ((15382126.94 4956944.148, 15385126.94 4956944.148, 15385126.94 4953944.148, 15382126.94 4953944.148, 15382126.94 4956944.148))"
喜山期,829,15383626.94,4952444.148,0.0066241036746185,0.0003556152904824,4,0.0,0.0,False,0.2892946652345148,0.4989258861439312,0.0,0.3521840315073398,"POLYGON ((15382126.94 4953944.148, 15385126.94 4953944.148, 15385126.94 4950944.148, 15382126.94 4950944.148, 15382126.94 4953944.148))"
喜山期,830,15383626.94,4949444.148,0.0049610167001023,0.0003556152904824,4,0.0,0.0,False,0.2101682778374507,0.4989258861439312,0.0,0.2967955603293949,"POLYGON ((15382126.94 4950944.148, 15385126.94 4950944.148, 15385126.94 4947944.148, 15382126.94 4947944.148, 15382126.94 4950944.148))"
喜山期,831,15383626.94,4946444.148,0.0031888537043629,0.0003556152904824,4,0.0,0.0,False,0.1328320802005012,0.4989258861439312,0.0,0.2426602219835302,"POLYGON ((15382126.94 4947944.148, 15385126.94 4947944.148, 15385126.94 4944944.148, 15382126.94 4944944.148, 15382126.94 4947944.148))"
喜山期,832,15383626.94,4943444.148,0.0012745953164505,0.0003556152904824,3,0.0,0.0,False,0.05406373075546,0.4989258861439312,0.0,0.1875223773720014,"POLYGON ((15382126.94 4944944.148, 15385126.94 4944944.148, 15385126.94 4941944.148, 15382126.94 4941944.148, 15382126.94 4944944.148))"
喜山期,833,15386626.94,5087444.148,0.001285977336005,0.0003556152904824,3,0.0,0.0,False,0.0587182241317579,0.4989258861439312,0.0,0.1907805227354099,"POLYGON ((15385126.94 5088944.148, 15388126.94 5088944.148, 15388126.94 5085944.148, 15385126.94 5085944.148, 15385126.94 5088944.148))"
喜山期,834,15386626.94,5084444.148,0.0032279766446476,0.0003556152904824,4,0.0,0.0,False,0.1364124597207304,0.4989258861439312,0.0,0.2451664876476906,"POLYGON ((15385126.94 5085944.148, 15388126.94 5085944.148, 15388126.94 5082944.148, 15385126.94 5082944.148, 15385126.94 5085944.148))"
喜山期,835,15386626.94,5081444.148,0.0050356513118283,0.0003556152904824,4,0.0,0.0,False,0.2158968850698174,0.4989258861439312,0.0,0.3008055853920515,"POLYGON ((15385126.94 5082944.148, 15388126.94 5082944.148, 15388126.94 5079944.148, 15385126.94 5079944.148, 15385126.94 5082944.148))"
喜山期,836,15386626.94,5078444.148,0.0067408453621541,0.0003556152904824,4,0.0,0.0,False,0.2953813104189044,0.4989258861439312,0.0,0.3564446831364124,"POLYGON ((15385126.94 5079944.148, 15388126.94 5079944.148, 15388126.94 5076944.148, 15385126.94 5076944.148, 15385126.94 5079944.148))"
喜山期,837,15386626.94,5075444.148,0.0083539003884179,0.0003556152904824,4,0.0,0.0,False,0.3659147869674185,0.4989258861439312,0.0,0.4058181167203723,"POLYGON ((15385126.94 5076944.148, 15388126.94 5076944.148, 15388126.94 5073944.148, 15385126.94 5073944.148, 15385126.94 5076944.148))"
喜山期,838,15386626.94,5072444.148,0.0098750803308176,0.0003556152904824,4,0.0,0.0,False,0.4343000358037952,0.4989258861439312,0.0,0.453687790905836,"POLYGON ((15385126.94 5073944.148, 15388126.94 5073944.148, 15388126.94 5070944.148, 15385126.94 5070944.148, 15385126.94 5073944.148))"
喜山期,839,15386626.94,5069444.148,0.0112995932450901,0.0003556152904824,4,0.0,0.0,False,0.4937343358395989,0.4989258861439312,0.0,0.4952918009308986,"POLYGON ((15385126.94 5070944.148, 15388126.94 5070944.148, 15388126.94 5067944.148, 15385126.94 5067944.148, 15385126.94 5070944.148))"
喜山期,840,15386626.94,5066444.148,0.012621479925045,0.0003556152904824,4,0.0,0.0,False,0.547798066595059,0.4989258861439312,0.0,0.5331364124597207,"POLYGON ((15385126.94 5067944.148, 15388126.94 5067944.148, 15388126.94 5064944.148, 15385126.94 5064944.148, 15385126.94 5067944.148))"
喜山期,841,15386626.94,5063444.148,0.0138367844728663,0.0003556152904824,4,0.0,0.0,False,0.5929108485499462,0.4989258861439312,0.0,0.5647153598281418,"POLYGON ((15385126.94 5064944.148, 15388126.94 5064944.148, 15388126.94 5061944.148, 15385126.94 5061944.148, 15385126.94 5064944.148))"
喜山期,842,15386626.94,5060444.148,0.0149453757116655,0.0003556152904824,4,0.0,0.0,False,0.6229860365198711,0.4989258861439312,0.0,0.585767991407089,"POLYGON ((15385126.94 5061944.148, 15388126.94 5061944.148, 15388126.94 5058944.148, 15385126.94 5058944.148, 15385126.94 5061944.148))"
喜山期,843,15386626.94,5057444.148,0.0159510046150278,0.0003556152904824,4,0.0,0.0,False,0.6587898317221625,0.4989258861439312,0.0,0.6108306480486931,"POLYGON ((15385126.94 5058944.148, 15388126.94 5058944.148, 15388126.94 5055944.148, 15385126.94 5055944.148, 15385126.94 5058944.148))"
喜山期,844,15386626.94,5054444.148,0.0168598496391121,0.0003556152904824,4,0.0,0.0,False,0.6885069817400644,0.4989258861439312,0.0,0.6316326530612244,"POLYGON ((15385126.94 5055944.148, 15388126.94 5055944.148, 15388126.94 5052944.148, 15385126.94 5052944.148, 15385126.94 5055944.148))"
喜山期,845,15386626.94,5051444.148,0.0176783426436068,0.0003556152904824,4,0.0,0.0,False,0.7107053347654851,0.4989258861439312,0.0,0.6471715001790189,"POLYGON ((15385126.94 5052944.148, 15388126.94 5052944.148, 15388126.94 5049944.148, 15385126.94 5049944.148, 15385126.94 5052944.148))"
喜山期,846,15386626.94,5048444.148,0.018411185644043,0.0003556152904824,4,0.0,0.0,False,0.7361260293591121,0.4989258861439312,0.0,0.6649659863945578,"POLYGON ((15385126.94 5049944.148, 15388126.94 5049944.148, 15388126.94 5046944.148, 15385126.94 5046944.148, 15385126.94 5049944.148))"
喜山期,847,15386626.94,5045444.148,0.0190601932850935,0.0003556152904824,4,0.0,0.0,False,0.7565341926244182,0.4989258861439312,0.0,0.6792517006802721,"POLYGON ((15385126.94 5046944.148, 15388126.94 5046944.148, 15388126.94 5043944.148, 15385126.94 5043944.148, 15385126.94 5046944.148))"
喜山期,848,15386626.94,5042444.148,0.0196241520087494,0.0003556152904824,4,0.0,0.0,False,0.7762262799856785,0.4989258861439312,0.0,0.6930361618331543,"POLYGON ((15385126.94 5043944.148, 15388126.94 5043944.148, 15388126.94 5040944.148, 15385126.94 5040944.148, 15385126.94 5043944.148))"
喜山期,849,15386626.94,5039444.148,0.0200994965831448,0.0003556152904824,4,0.0,0.0,False,0.7901897601145721,0.4989258861439312,0.0,0.7028105979233799,"POLYGON ((15385126.94 5040944.148, 15388126.94 5040944.148, 15388126.94 5037944.148, 15385126.94 5037944.148, 15385126.94 5040944.148))"
喜山期,850,15386626.94,5036444.148,0.0204813746316278,0.0003556152904824,4,0.0,1.0,True,0.8037952022914429,0.4989258861439312,0.0,0.7123344074471893,"POLYGON ((15385126.94 5037944.148, 15388126.94 5037944.148, 15388126.94 5034944.148, 15385126.94 5034944.148, 15385126.94 5037944.148))"
喜山期,851,15386626.94,5033444.148,0.0207645957765101,0.0003556152904824,4,0.0,1.0,True,0.8181167203723595,0.4989258861439312,0.0,0.722359470103831,"POLYGON ((15385126.94 5034944.148, 15388126.94 5034944.148, 15388126.94 5031944.148, 15385126.94 5031944.148, 15385126.94 5034944.148))"
喜山期,852,15386626.94,5030444.148,0.0209439750939442,0.0003556152904824,4,0.0,1.0,True,0.8220551378446115,0.4989258861439312,0.0,0.7251163623344073,"POLYGON ((15385126.94 5031944.148, 15388126.94 5031944.148, 15388126.94 5028944.148, 15385126.94 5028944.148, 15385126.94 5031944.148))"
喜山期,853,15386626.94,5027444.148,0.0210135055004995,0.0003556152904824,4,0.0,1.0,True,0.8256355173648406,0.4989258861439312,0.0,0.7276226279985678,"POLYGON ((15385126.94 5028944.148, 15388126.94 5028944.148, 15388126.94 5025944.148, 15385126.94 5025944.148, 15385126.94 5028944.148))"
喜山期,854,15386626.94,5024444.148,0.0209628407850218,0.0003556152904824,4,0.0,1.0,True,0.8224131757966344,0.4989258861439312,0.0,0.7253669889008234,"POLYGON ((15385126.94 5025944.148, 15388126.94 5025944.148, 15388126.94 5022944.148, 15385126.94 5022944.148, 15385126.94 5025944.148))"
喜山期,855,15386626.94,5021444.148,0.0215041950548406,0.0003556152904824,4,0.0,1.0,True,0.8442534908700322,0.4989258861439312,0.0,0.7406552094522019,"POLYGON ((15385126.94 5022944.148, 15388126.94 5022944.148, 15388126.94 5019944.148, 15385126.94 5019944.148, 15385126.94 5022944.148))"
喜山期,856,15386626.94,5018444.148,0.0213684195598668,0.0003556152904824,4,0.0,1.0,True,0.8385248836376656,0.4989258861439312,0.0,0.7366451843895453,"POLYGON ((15385126.94 5019944.148, 15388126.94 5019944.148, 15388126.94 5016944.148, 15385126.94 5016944.148, 15385126.94 5019944.148))"
喜山期,857,15386626.94,5015444.148,0.02160543952034,0.0003556152904824,4,0.0,1.0,True,0.8489079842463301,0.4989258861439312,0.0,0.7439133548156104,"POLYGON ((15385126.94 5016944.148, 15388126.94 5016944.148, 15388126.94 5013944.148, 15385126.94 5013944.148, 15385126.94 5016944.148))"
喜山期,858,15386626.94,5012444.148,0.021139646033943,0.0003556152904824,4,0.0,1.0,True,0.8302900107411385,0.4989258861439312,0.0,0.7308807733619763,"POLYGON ((15385126.94 5013944.148, 15388126.94 5013944.148, 15388126.94 5010944.148, 15385126.94 5010944.148, 15385126.94 5013944.148))"
喜山期,859,15386626.94,5009444.148,0.0213320996324827,0.0003556152904824,4,0.0,1.0,True,0.8363766559255281,0.4989258861439312,0.0,0.7351414249910491,"POLYGON ((15385126.94 5010944.148, 15388126.94 5010944.148, 15388126.94 5007944.148, 15385126.94 5007944.148, 15385126.94 5010944.148))"
喜山期,860,15386626.94,5006444.148,0.0214060259100856,0.0003556152904824,4,0.0,1.0,True,0.840673111349803,0.4989258861439312,0.0,0.7381489437880415,"POLYGON ((15385126.94 5007944.148, 15388126.94 5007944.148, 15388126.94 5004944.148, 15385126.94 5004944.148, 15385126.94 5007944.148))"
喜山期,861,15386626.94,5003444.148,0.0213715631032396,0.0003556152904824,4,0.0,1.0,True,0.8388829215896885,0.4989258861439312,0.0,0.7368958109559612,"POLYGON ((15385126.94 5004944.148, 15388126.94 5004944.148, 15388126.94 5001944.148, 15385126.94 5001944.148, 15385126.94 5004944.148))"
喜山期,862,15386626.94,5000444.148,0.0212341214250538,0.0003556152904824,4,0.0,1.0,True,0.8331543143573219,0.4989258861439312,0.0,0.7328857858933047,"POLYGON ((15385126.94 5001944.148, 15388126.94 5001944.148, 15388126.94 4998944.148, 15385126.94 4998944.148, 15385126.94 5001944.148))"
喜山期,863,15386626.94,4997444.148,0.0209980046429041,0.0003556152904824,4,0.0,1.0,True,0.8249194414607949,0.4989258861439312,0.0,0.7271213748657358,"POLYGON ((15385126.94 4998944.148, 15388126.94 4998944.148, 15388126.94 4995944.148, 15385126.94 4995944.148, 15385126.94 4998944.148))"
喜山期,864,15386626.94,4994444.148,0.0206675478232383,0.0003556152904824,4,0.0,1.0,True,0.8123881131399928,0.4989258861439312,0.0,0.7183494450411743,"POLYGON ((15385126.94 4995944.148, 15388126.94 4995944.148, 15388126.94 4992944.148, 15385126.94 4992944.148, 15385126.94 4995944.148))"
喜山期,865,15386626.94,4991444.148,0.020247233298826,0.0003556152904824,4,0.0,0.0,False,0.7952022914428929,0.4989258861439312,0.0,0.7063193698532043,"POLYGON ((15385126.94 4992944.148, 15388126.94 4992944.148, 15388126.94 4989944.148, 15385126.94 4989944.148, 15385126.94 4992944.148))"
喜山期,866,15386626.94,4988444.148,0.0197412064467422,0.0003556152904824,4,0.0,0.0,False,0.7790905836018618,0.4989258861439312,0.0,0.6950411743644825,"POLYGON ((15385126.94 4989944.148, 15388126.94 4989944.148, 15388126.94 4986944.148, 15385126.94 4986944.148, 15385126.94 4989944.148))"
喜山期,867,15386626.94,4985444.148,0.019152486068057,0.0003556152904824,4,0.0,0.0,False,0.7604726100966702,0.4989258861439312,0.0,0.6820085929108485,"POLYGON ((15385126.94 4986944.148, 15388126.94 4986944.148, 15388126.94 4983944.148, 15385126.94 4983944.148, 15385126.94 4986944.148))"
喜山期,868,15386626.94,4982444.148,0.018482178328402,0.0003556152904824,4,0.0,0.0,False,0.7386322950232724,0.4989258861439312,0.0,0.66672037235947,"POLYGON ((15385126.94 4983944.148, 15388126.94 4983944.148, 15388126.94 4980944.148, 15385126.94 4980944.148, 15385126.94 4983944.148))"
喜山期,869,15386626.94,4979444.148,0.017729006003388,0.0003556152904824,4,0.0,0.0,False,0.7121374865735768,0.4989258861439312,0.0,0.648174006444683,"POLYGON ((15385126.94 4980944.148, 15388126.94 4980944.148, 15388126.94 4977944.148, 15385126.94 4977944.148, 15385126.94 4980944.148))"
喜山期,870,15386626.94,4976444.148,0.0168894103108168,0.0003556152904824,4,0.0,0.0,False,0.690297171500179,0.4989258861439312,0.0,0.6328857858933046,"POLYGON ((15385126.94 4977944.148, 15388126.94 4977944.148, 15388126.94 4974944.148, 15385126.94 4974944.148, 15385126.94 4977944.148))"
喜山期,871,15386626.94,4973444.148,0.0159583442013742,0.0003556152904824,4,0.0,0.0,False,0.6591478696741855,0.4989258861439312,0.0,0.6110812746151092,"POLYGON ((15385126.94 4974944.148, 15388126.94 4974944.148, 15388126.94 4971944.148, 15385126.94 4971944.148, 15385126.94 4974944.148))"
喜山期,872,15386626.94,4970444.148,0.0149306488141452,0.0003556152904824,4,0.0,0.0,False,0.6226279985678482,0.4989258861439312,0.0,0.5855173648406731,"POLYGON ((15385126.94 4971944.148, 15388126.94 4971944.148, 15388126.94 4968944.148, 15385126.94 4968944.148, 15385126.94 4971944.148))"
喜山期,873,15386626.94,4967444.148,0.0138026384238757,0.0003556152904824,4,0.0,0.0,False,0.5907626208378088,0.4989258861439312,0.0,0.5632116004296455,"POLYGON ((15385126.94 4968944.148, 15388126.94 4968944.148, 15388126.94 4965944.148, 15385126.94 4965944.148, 15385126.94 4968944.148))"
喜山期,874,15386626.94,4964444.148,0.012573328448871,0.0003556152904824,4,0.0,0.0,False,0.5449337629788757,0.4989258861439312,0.0,0.5311313999283924,"POLYGON ((15385126.94 4965944.148, 15388126.94 4965944.148, 15388126.94 4962944.148, 15385126.94 4962944.148, 15385126.94 4965944.148))"
喜山期,875,15386626.94,4961444.148,0.0112447574368358,0.0003556152904824,4,0.0,0.0,False,0.4915861081274615,0.4989258861439312,0.0,0.4937880415324024,"POLYGON ((15385126.94 4962944.148, 15388126.94 4962944.148, 15388126.94 4959944.148, 15385126.94 4959944.148, 15385126.94 4962944.148))"
喜山期,876,15386626.94,4958444.148,0.0098211275341536,0.0003556152904824,4,0.0,0.0,False,0.4317937701396348,0.4989258861439312,0.0,0.4519334049409237,"POLYGON ((15385126.94 4959944.148, 15388126.94 4959944.148, 15388126.94 4956944.148, 15385126.94 4956944.148, 15385126.94 4959944.148))"
喜山期,877,15386626.94,4955444.148,0.0083069051876308,0.0003556152904824,4,0.0,0.0,False,0.3644826351593269,0.4989258861439312,0.0,0.4048156104547082,"POLYGON ((15385126.94 4956944.148, 15388126.94 4956944.148, 15388126.94 4953944.148, 15385126.94 4953944.148, 15385126.94 4956944.148))"
喜山期,878,15386626.94,4952444.148,0.0067043126937851,0.0003556152904824,4,0.0,0.0,False,0.2939491586108127,0.4989258861439312,0.0,0.3554421768707483,"POLYGON ((15385126.94 4953944.148, 15388126.94 4953944.148, 15388126.94 4950944.148, 15385126.94 4950944.148, 15385126.94 4953944.148))"
喜山期,879,15386626.94,4949444.148,0.005010450731043,0.0003556152904824,4,0.0,0.0,False,0.2141066953097028,0.4989258861439312,0.0,0.2995524525599713,"POLYGON ((15385126.94 4950944.148, 15388126.94 4950944.148, 15388126.94 4947944.148, 15385126.94 4947944.148, 15385126.94 4950944.148))"
喜山期,880,15386626.94,4946444.148,0.0032130900318833,0.0003556152904824,4,0.0,0.0,False,0.1353383458646616,0.4989258861439312,0.0,0.2444146079484425,"POLYGON ((15385126.94 4947944.148, 15388126.94 4947944.148, 15388126.94 4944944.148, 15385126.94 4944944.148, 15385126.94 4947944.148))"
喜山期,881,15386626.94,4943444.148,0.0012795173677145,0.0003556152904824,3,0.0,0.0,False,0.0558539205155746,0.4989258861439312,0.0,0.1887755102040816,"POLYGON ((15385126.94 4944944.148, 15388126.94 4944944.148, 15388126.94 4941944.148, 15385126.94 4941944.148, 15385126.94 4944944.148))"
喜山期,882,15389626.94,5087444.148,0.0012895839382346,0.0003556152904824,3,0.0,0.0,False,0.0615825277479412,0.4989258861439312,0.0,0.1927855352667382,"POLYGON ((15388126.94 5088944.148, 15391126.94 5088944.148, 15391126.94 5085944.148, 15388126.94 5085944.148, 15388126.94 5088944.148))"
喜山期,883,15389626.94,5084444.148,0.0032482071202965,0.0003556152904824,4,0.0,0.0,False,0.1389187253848908,0.4989258861439312,0.0,0.2469208736126029,"POLYGON ((15388126.94 5085944.148, 15391126.94 5085944.148, 15391126.94 5082944.148, 15388126.94 5082944.148, 15388126.94 5085944.148))"
喜山期,884,15389626.94,5081444.148,0.0050778720410518,0.0003556152904824,4,0.0,0.0,False,0.2184031507339778,0.4989258861439312,0.0,0.3025599713569638,"POLYGON ((15388126.94 5082944.148, 15391126.94 5082944.148, 15391126.94 5079944.148, 15388126.94 5079944.148, 15388126.94 5082944.148))"
喜山期,885,15389626.94,5078444.148,0.0068104135343891,0.0003556152904824,4,0.0,0.0,False,0.2986036519871106,0.4989258861439312,0.0,0.3587003222341568,"POLYGON ((15388126.94 5079944.148, 15391126.94 5079944.148, 15391126.94 5076944.148, 15388126.94 5076944.148, 15388126.94 5079944.148))"
喜山期,886,15389626.94,5075444.148,0.0084569421785833,0.0003556152904824,4,0.0,0.0,False,0.3698532044396706,0.4989258861439312,0.0,0.4085750089509488,"POLYGON ((15388126.94 5076944.148, 15391126.94 5076944.148, 15391126.94 5073944.148, 15388126.94 5073944.148, 15388126.94 5076944.148))"
喜山期,887,15389626.94,5072444.148,0.0100184924145566,0.0003556152904824,4,0.0,0.0,False,0.4428929466523451,0.4989258861439312,0.0,0.4597028284998209,"POLYGON ((15388126.94 5073944.148, 15391126.94 5073944.148, 15391126.94 5070944.148, 15388126.94 5070944.148, 15388126.94 5073944.148))"
喜山期,888,15389626.94,5069444.148,0.01149024902056,0.0003556152904824,4,0.0,0.0,False,0.502327246688149,0.4989258861439312,0.0,0.5013068385248837,"POLYGON ((15388126.94 5070944.148, 15391126.94 5070944.148, 15391126.94 5067944.148, 15388126.94 5067944.148, 15388126.94 5070944.148))"
喜山期,889,15389626.94,5066444.148,0.0128649016323132,0.0003556152904824,4,0.0,0.0,False,0.5556749015395632,0.4989258861439312,0.0,0.5386501969208737,"POLYGON ((15388126.94 5067944.148, 15391126.94 5067944.148, 15391126.94 5064944.148, 15388126.94 5064944.148, 15388126.94 5067944.148))"
喜山期,890,15389626.94,5063444.148,0.0141358576262576,0.0003556152904824,4,0.0,0.0,False,0.6015037593984962,0.4989258861439312,0.0,0.5707303974221267,"POLYGON ((15388126.94 5064944.148, 15391126.94 5064944.148, 15391126.94 5061944.148, 15388126.94 5061944.148, 15388126.94 5064944.148))"
喜山期,891,15389626.94,5060444.148,0.0152996929252033,0.0003556152904824,4,0.0,0.0,False,0.6387397064088793,0.4989258861439312,0.0,0.5967955603293948,"POLYGON ((15388126.94 5061944.148, 15391126.94 5061944.148, 15391126.94 5058944.148, 15388126.94 5058944.148, 15388126.94 5061944.148))"
喜山期,892,15389626.94,5057444.148,0.0163570966502527,0.0003556152904824,4,0.0,0.0,False,0.6702470461868958,0.4989258861439312,0.0,0.6188506981740064,"POLYGON ((15388126.94 5058944.148, 15391126.94 5058944.148, 15391126.94 5055944.148, 15388126.94 5055944.148, 15388126.94 5058944.148))"
喜山期,893,15389626.94,5054444.148,0.0173121173811059,0.0003556152904824,4,0.0,0.0,False,0.7028284998209811,0.4989258861439312,0.0,0.641657715717866,"POLYGON ((15388126.94 5055944.148, 15391126.94 5055944.148, 15391126.94 5052944.148, 15388126.94 5052944.148, 15388126.94 5055944.148))"
喜山期,894,15389626.94,5051444.148,0.0181702272489996,0.0003556152904824,4,0.0,0.0,False,0.7293233082706767,0.4989258861439312,0.0,0.6602040816326531,"POLYGON ((15388126.94 5052944.148, 15391126.94 5052944.148, 15391126.94 5049944.148, 15388126.94 5049944.148, 15388126.94 5052944.148))"
喜山期,895,15389626.94,5048444.148,0.0189361348589643,0.0003556152904824,4,0.0,0.0,False,0.7518796992481203,0.4989258861439312,0.0,0.6759935553168636,"POLYGON ((15388126.94 5049944.148, 15391126.94 5049944.148, 15391126.94 5046944.148, 15388126.94 5046944.148, 15388126.94 5049944.148))"
喜山期,896,15389626.94,5045444.148,0.0196122161684217,0.0003556152904824,4,0.0,0.0,False,0.7758682420336556,0.4989258861439312,0.0,0.6927855352667383,"POLYGON ((15388126.94 5046944.148, 15391126.94 5046944.148, 15391126.94 5043944.148, 15388126.94 5043944.148, 15388126.94 5046944.148))"
喜山期,897,15389626.94,5042444.148,0.0201980073967443,0.0003556152904824,4,0.0,0.0,False,0.7923379878267096,0.4989258861439312,0.0,0.7043143573218761,"POLYGON ((15388126.94 5043944.148, 15391126.94 5043944.148, 15391126.94 5040944.148, 15388126.94 5040944.148, 15388126.94 5043944.148))"
喜山期,898,15389626.94,5039444.148,0.020690681964463,0.0003556152904824,4,0.0,1.0,True,0.8141783029001074,0.4989258861439312,0.0,0.7196025778732545,"POLYGON ((15388126.94 5040944.148, 15391126.94 5040944.148, 15391126.94 5037944.148, 15388126.94 5037944.148, 15388126.94 5040944.148))"
喜山期,899,15389626.94,5036444.148,0.0210860519241187,0.0003556152904824,4,0.0,1.0,True,0.8292158968850698,0.4989258861439312,0.0,0.7301288936627282,"POLYGON ((15388126.94 5037944.148, 15391126.94 5037944.148, 15391126.94 5034944.148, 15388126.94 5034944.148, 15388126.94 5037944.148))"
喜山期,900,15389626.94,5033444.148,0.0213794961998831,0.0003556152904824,4,0.0,1.0,True,0.8392409595417114,0.4989258861439312,0.0,0.7371464375223773,"POLYGON ((15388126.94 5034944.148, 15391126.94 5034944.148, 15391126.94 5031944.148, 15388126.94 5031944.148, 15388126.94 5034944.148))"
喜山期,901,15389626.94,5030444.148,0.0215662706326028,0.0003556152904824,4,0.0,1.0,True,0.8474758324382384,0.4989258861439312,0.0,0.7429108485499463,"POLYGON ((15388126.94 5031944.148, 15391126.94 5031944.148, 15391126.94 5028944.148, 15388126.94 5028944.148, 15388126.94 5031944.148))"
喜山期,902,15389626.94,5027444.148,0.0216406622684078,0.0003556152904824,4,0.0,1.0,True,0.8514142499104905,0.4989258861439312,0.0,0.7456677407805227,"POLYGON ((15388126.94 5028944.148, 15391126.94 5028944.148, 15391126.94 5025944.148, 15388126.94 5025944.148, 15388126.94 5028944.148))"
喜山期,903,15389626.94,5024444.148,0.0215925658155638,0.0003556152904824,4,0.0,1.0,True,0.8478338703902614,0.4989258861439312,0.0,0.7431614751163623,"POLYGON ((15388126.94 5025944.148, 15391126.94 5025944.148, 15391126.94 5022944.148, 15388126.94 5022944.148, 15388126.94 5025944.148))"
喜山期,904,15389626.94,5021444.148,0.0221762377253697,0.0003556152904824,4,0.0,1.0,True,0.8714643752237737,0.4989258861439312,0.0,0.759702828499821,"POLYGON ((15388126.94 5022944.148, 15391126.94 5022944.148, 15391126.94 5019944.148, 15388126.94 5019944.148, 15388126.94 5022944.148))"
喜山期,905,15389626.94,5018444.148,0.022008162410503,0.0003556152904824,4,0.0,1.0,True,0.8650196920873613,0.4989258861439312,0.0,0.7551915503043323,"POLYGON ((15388126.94 5019944.148, 15391126.94 5019944.148, 15391126.94 5016944.148, 15388126.94 5016944.148, 15388126.94 5019944.148))"
喜山期,906,15389626.94,5015444.148,0.0222833911837622,0.0003556152904824,4,0.0,1.0,True,0.8757608306480487,0.4989258861439312,0.0,0.7627103472968134,"POLYGON ((15388126.94 5016944.148, 15391126.94 5016944.148, 15391126.94 5013944.148, 15388126.94 5013944.148, 15388126.94 5016944.148))"
喜山期,907,15389626.94,5012444.148,0.0217807232351357,0.0003556152904824,4,0.0,1.0,True,0.8571428571428571,0.4989258861439312,0.0,0.7496777658431794,"POLYGON ((15388126.94 5013944.148, 15391126.94 5013944.148, 15391126.94 5010944.148, 15388126.94 5010944.148, 15388126.94 5013944.148))"
喜山期,908,15389626.94,5009444.148,0.0219791764286448,0.0003556152904824,4,0.0,1.0,True,0.8639455782312925,0.4989258861439312,0.0,0.7544396706050841,"POLYGON ((15388126.94 5010944.148, 15391126.94 5010944.148, 15391126.94 5007944.148, 15388126.94 5007944.148, 15388126.94 5010944.148))"
喜山期,909,15389626.94,5006444.148,0.0220561865483598,0.0003556152904824,4,0.0,1.0,True,0.8668098818474759,0.4989258861439312,0.0,0.7564446831364124,"POLYGON ((15388126.94 5007944.148, 15391126.94 5007944.148, 15391126.94 5004944.148, 15388126.94 5004944.148, 15388126.94 5007944.148))"
喜山期,910,15389626.94,5003444.148,0.022021580099102,0.0003556152904824,4,0.0,1.0,True,0.8657357679914071,0.4989258861439312,0.0,0.7556928034371643,"POLYGON ((15388126.94 5004944.148, 15391126.94 5004944.148, 15391126.94 5001944.148, 15388126.94 5001944.148, 15388126.94 5004944.148))"
喜山期,911,15389626.94,5000444.148,0.0218804907601392,0.0003556152904824,4,0.0,1.0,True,0.8607232366630863,0.4989258861439312,0.0,0.7521840315073397,"POLYGON ((15388126.94 5001944.148, 15391126.94 5001944.148, 15391126.94 4998944.148, 15388126.94 4998944.148, 15388126.94 5001944.148))"
喜山期,912,15389626.94,4997444.148,0.0216368752775447,0.0003556152904824,4,0.0,1.0,True,0.8506981740064447,0.4989258861439312,0.0,0.7451664876476906,"POLYGON ((15388126.94 4998944.148, 15391126.94 4998944.148, 15391126.94 4995944.148, 15388126.94 4995944.148, 15388126.94 4998944.148))"
喜山期,913,15389626.94,4994444.148,0.0212946627506251,0.0003556152904824,4,0.0,1.0,True,0.8349445041174365,0.4989258861439312,0.0,0.7341389187253848,"POLYGON ((15388126.94 4995944.148, 15391126.94 4995944.148, 15391126.94 4992944.148, 15388126.94 4992944.148, 15388126.94 4995944.148))"
喜山期,914,15389626.94,4991444.148,0.020857915799795,0.0003556152904824,4,0.0,1.0,True,0.8199069101324741,0.4989258861439312,0.0,0.7236126029359112,"POLYGON ((15388126.94 4992944.148, 15391126.94 4992944.148, 15391126.94 4989944.148, 15388126.94 4989944.148, 15388126.94 4992944.148))"
喜山期,915,15389626.94,4988444.148,0.020330369335715,0.0003556152904824,4,0.0,0.0,False,0.799140708915145,0.4989258861439312,0.0,0.7090762620837808,"POLYGON ((15388126.94 4989944.148, 15391126.94 4989944.148, 15391126.94 4986944.148, 15388126.94 4986944.148, 15388126.94 4989944.148))"
喜山期,916,15389626.94,4985444.148,0.0197146342691751,0.0003556152904824,4,0.0,0.0,False,0.7780164697457931,0.4989258861439312,0.0,0.6942892946652345,"POLYGON ((15388126.94 4986944.148, 15391126.94 4986944.148, 15391126.94 4983944.148, 15388126.94 4983944.148, 15388126.94 4986944.148))"
喜山期,917,15389626.94,4982444.148,0.0190114276122576,0.0003556152904824,4,0.0,0.0,False,0.7540279269602578,0.4989258861439312,0.0,0.6774973147153598,"POLYGON ((15388126.94 4983944.148, 15391126.94 4983944.148, 15391126.94 4980944.148, 15388126.94 4980944.148, 15388126.94 4983944.148))"
喜山期,918,15389626.94,4979444.148,0.0182192165421116,0.0003556152904824,4,0.0,0.0,False,0.73218761188686,0.4989258861439312,0.0,0.6622090941639813,"POLYGON ((15388126.94 4980944.148, 15391126.94 4980944.148, 15391126.94 4977944.148, 15388126.94 4977944.148, 15388126.94 4980944.148))"
喜山期,919,15389626.94,4976444.148,0.0173345624770734,0.0003556152904824,4,0.0,0.0,False,0.7035445757250268,0.4989258861439312,0.0,0.6421589688506981,"POLYGON ((15388126.94 4977944.148, 15391126.94 4977944.148, 15391126.94 4974944.148, 15388126.94 4974944.148, 15388126.94 4977944.148))"
喜山期,920,15389626.94,4973444.148,0.0163532104110664,0.0003556152904824,4,0.0,0.0,False,0.6691729323308271,0.4989258861439312,0.0,0.6180988184747582,"POLYGON ((15388126.94 4974944.148, 15391126.94 4974944.148, 15391126.94 4971944.148, 15388126.94 4971944.148, 15388126.94 4974944.148))"
喜山期,921,15389626.94,4970444.148,0.0152716493483755,0.0003556152904824,4,0.0,0.0,False,0.6376655925528106,0.4989258861439312,0.0,0.5960436806301468,"POLYGON ((15388126.94 4971944.148, 15391126.94 4971944.148, 15391126.94 4968944.148, 15388126.94 4968944.148, 15388126.94 4971944.148))"
喜山期,922,15389626.94,4967444.148,0.0140885996606365,0.0003556152904824,4,0.0,0.0,False,0.6004296455424275,0.4989258861439312,0.0,0.5699785177228787,"POLYGON ((15388126.94 4968944.148, 15391126.94 4968944.148, 15391126.94 4965944.148, 15388126.94 4965944.148, 15388126.94 4968944.148))"
喜山期,923,15389626.94,4964444.148,0.0128058104616959,0.0003556152904824,4,0.0,0.0,False,0.5542427497314716,0.4989258861439312,0.0,0.5376476906552095,"POLYGON ((15388126.94 4965944.148, 15391126.94 4965944.148, 15391126.94 4962944.148, 15388126.94 4962944.148, 15388126.94 4965944.148))"
喜山期,924,15389626.94,4961444.148,0.011427754521473,0.0003556152904824,4,0.0,0.0,False,0.5008950948800572,0.4989258861439312,0.0,0.5003043322592194,"POLYGON ((15388126.94 4962944.148, 15391126.94 4962944.148, 15391126.94 4959944.148, 15388126.94 4959944.148, 15388126.94 4962944.148))"
喜山期,925,15389626.94,4958444.148,0.0099602217021347,0.0003556152904824,4,0.0,0.0,False,0.4400286430361618,0.4989258861439312,0.0,0.4576978159684926,"POLYGON ((15388126.94 4959944.148, 15391126.94 4959944.148, 15391126.94 4956944.148, 15388126.94 4956944.148, 15388126.94 4959944.148))"
喜山期,926,15389626.94,4955444.148,0.0084082140563595,0.0003556152904824,4,0.0,0.0,False,0.3687790905836018,0.4989258861439312,0.0,0.4078231292517006,"POLYGON ((15388126.94 4956944.148, 15391126.94 4956944.148, 15391126.94 4953944.148, 15388126.94 4953944.148, 15388126.94 4956944.148))"
喜山期,927,15389626.94,4952444.148,0.0067736573316631,0.0003556152904824,4,0.0,0.0,False,0.297171500179019,0.4989258861439312,0.0,0.3576978159684927,"POLYGON ((15388126.94 4953944.148, 15391126.94 4953944.148, 15391126.94 4950944.148, 15388126.94 4950944.148, 15388126.94 4953944.148))"
喜山期,928,15389626.94,4949444.148,0.0050530299101016,0.0003556152904824,4,0.0,0.0,False,0.217329036877909,0.4989258861439312,0.0,0.3018080916577157,"POLYGON ((15388126.94 4950944.148, 15391126.94 4950944.148, 15391126.94 4947944.148, 15388126.94 4947944.148, 15388126.94 4950944.148))"
喜山期,929,15389626.94,4946444.148,0.0032337076094473,0.0003556152904824,4,0.0,0.0,False,0.1371285356247762,0.4989258861439312,0.0,0.2456677407805227,"POLYGON ((15388126.94 4947944.148, 15391126.94 4947944.148, 15391126.94 4944944.148, 15388126.94 4944944.148, 15388126.94 4947944.148))"
喜山期,930,15389626.94,4943444.148,0.0012833285247531,0.0003556152904824,3,0.0,0.0,False,0.0576441102756892,0.4989258861439312,0.0,0.1900286430361618,"POLYGON ((15388126.94 4944944.148, 15391126.94 4944944.148, 15391126.94 4941944.148, 15388126.94 4941944.148, 15388126.94 4944944.148))"
喜山期,931,15392626.94,5087444.148,0.0012922752805605,0.0003556152904824,3,0.0,0.0,False,0.0655209452201933,0.4989258861439312,0.0,0.1955424274973147,"POLYGON ((15391126.94 5088944.148, 15394126.94 5088944.148, 15394126.94 5085944.148, 15391126.94 5085944.148, 15391126.94 5088944.148))"
喜山期,932,15392626.94,5084444.148,0.0032652317796581,0.0003556152904824,4,0.0,0.0,False,0.1403508771929824,0.4989258861439312,0.0,0.247923379878267,"POLYGON ((15391126.94 5085944.148, 15394126.94 5085944.148, 15394126.94 5082944.148, 15391126.94 5082944.148, 15391126.94 5085944.148))"
喜山期,933,15392626.94,5081444.148,0.0051138645027969,0.0003556152904824,4,0.0,0.0,False,0.2205513784461152,0.4989258861439312,0.0,0.30406373075546,"POLYGON ((15391126.94 5082944.148, 15394126.94 5082944.148, 15394126.94 5079944.148, 15391126.94 5079944.148, 15391126.94 5082944.148))"
喜山期,934,15392626.94,5078444.148,0.0068699149869804,0.0003556152904824,4,0.0,0.0,False,0.3032581453634085,0.4989258861439312,0.0,0.3619584675975653,"POLYGON ((15391126.94 5079944.148, 15394126.94 5079944.148, 15394126.94 5076944.148, 15391126.94 5076944.148, 15391126.94 5079944.148))"
喜山期,935,15392626.94,5075444.148,0.0085452278585151,0.0003556152904824,4,0.0,0.0,False,0.376297887576083,0.4989258861439312,0.0,0.4130862871464375,"POLYGON ((15391126.94 5076944.148, 15394126.94 5076944.148, 15394126.94 5073944.148, 15391126.94 5073944.148, 15391126.94 5076944.148))"
喜山期,936,15392626.94,5072444.148,0.0101418223854624,0.0003556152904824,4,0.0,0.0,False,0.4496956677407805,0.4989258861439312,0.0,0.4644647332617257,"POLYGON ((15391126.94 5073944.148, 15394126.94 5073944.148, 15394126.94 5070944.148, 15391126.94 5070944.148, 15391126.94 5073944.148))"
喜山期,937,15392626.94,5069444.148,0.0116553952747432,0.0003556152904824,4,0.0,0.0,False,0.5066237021124239,0.4989258861439312,0.0,0.504314357321876,"POLYGON ((15391126.94 5070944.148, 15394126.94 5070944.148, 15394126.94 5067944.148, 15391126.94 5067944.148, 15391126.94 5070944.148))"
喜山期,938,15392626.94,5066444.148,0.0130779888798906,0.0003556152904824,4,0.0,0.0,False,0.5614035087719298,0.4989258861439312,0.0,0.5426602219835301,"POLYGON ((15391126.94 5067944.148, 15394126.94 5067944.148, 15394126.94 5064944.148, 15391126.94 5064944.148, 15391126.94 5067944.148))"
喜山期,939,15392626.94,5063444.148,0.0144009263546299,0.0003556152904824,4,0.0,0.0,False,0.6075904045828858,0.4989258861439312,0.0,0.5749910490511994,"POLYGON ((15391126.94 5064944.148, 15394126.94 5064944.148, 15394126.94 5061944.148, 15391126.94 5061944.148, 15391126.94 5064944.148))"
喜山期,940,15392626.94,5060444.148,0.0156175998882921,0.0003556152904824,4,0.0,0.0,False,0.6487647690655209,0.4989258861439312,0.0,0.603813104189044,"POLYGON ((15391126.94 5061944.148, 15394126.94 5061944.148, 15394126.94 5058944.148, 15391126.94 5058944.148, 15391126.94 5061944.148))"
喜山期,941,15392626.94,5057444.148,0.0167252311352796,0.0003556152904824,4,0.0,0.0,False,0.6834944504117436,0.4989258861439312,0.0,0.6281238811313998,"POLYGON ((15391126.94 5058944.148, 15394126.94 5058944.148, 15394126.94 5055944.148, 15391126.94 5055944.148, 15391126.94 5058944.148))"
喜山期,942,15392626.94,5054444.148,0.0177250143650247,0.0003556152904824,4,0.0,0.0,False,0.7117794486215538,0.4989258861439312,0.0,0.6479233798782671,"POLYGON ((15391126.94 5055944.148, 15394126.94 5055944.148, 15394126.94 5052944.148, 15391126.94 5052944.148, 15391126.94 5055944.148))"
喜山期,943,15392626.94,5051444.148,0.0186207598437402,0.0003556152904824,4,0.0,0.0,False,0.7414965986394558,0.4989258861439312,0.0,0.6687253848907985,"POLYGON ((15391126.94 5052944.148, 15394126.94 5052944.148, 15394126.94 5049944.148, 15391126.94 5049944.148, 15391126.94 5052944.148))"
喜山期,944,15392626.94,5048444.148,0.0194167959962991,0.0003556152904824,4,0.0,0.0,False,0.7690655209452202,0.4989258861439312,0.0,0.6880236305048335,"POLYGON ((15391126.94 5049944.148, 15394126.94 5049944.148, 15394126.94 5046944.148, 15391126.94 5046944.148, 15391126.94 5049944.148))"
喜山期,945,15392626.94,5045444.148,0.0201160974761963,0.0003556152904824,4,0.0,0.0,False,0.790905836018618,0.4989258861439312,0.0,0.703311851056212,"POLYGON ((15391126.94 5046944.148, 15394126.94 5046944.148, 15394126.94 5043944.148, 15391126.94 5043944.148, 15391126.94 5046944.148))"
喜山期,946,15392626.94,5042444.148,0.0207193218943382,0.0003556152904824,4,0.0,1.0,True,0.815968492660222,0.4989258861439312,0.0,0.7208557107053347,"POLYGON ((15391126.94 5043944.148, 15394126.94 5043944.148, 15394126.94 5040944.148, 15391126.94 5040944.148, 15391126.94 5043944.148))"
喜山期,947,15392626.94,5039444.148,0.0212248839126553,0.0003556152904824,4,0.0,1.0,True,0.832796276405299,0.4989258861439312,0.0,0.7326351593268886,"POLYGON ((15391126.94 5040944.148, 15394126.94 5040944.148, 15394126.94 5037944.148, 15391126.94 5037944.148, 15391126.94 5040944.148))"
喜山期,948,15392626.94,5036444.148,0.0216296930378907,0.0003556152904824,4,0.0,1.0,True,0.8503401360544217,0.4989258861439312,0.0,0.7449158610812745,"POLYGON ((15391126.94 5037944.148, 15394126.94 5037944.148, 15394126.94 5034944.148, 15391126.94 5034944.148, 15391126.94 5037944.148))"
喜山期,949,15392626.94,5033444.148,0.0219299465724345,0.0003556152904824,4,0.0,1.0,True,0.8632295023272467,0.4989258861439312,0.0,0.753938417472252,"POLYGON ((15391126.94 5034944.148, 15394126.94 5034944.148, 15394126.94 5031944.148, 15391126.94 5031944.148, 15391126.94 5034944.148))"
喜山期,950,15392626.94,5030444.148,0.0221213997457424,0.0003556152904824,4,0.0,1.0,True,0.8682420336555675,0.4989258861439312,0.0,0.7574471894020766,"POLYGON ((15391126.94 5031944.148, 15394126.94 5031944.148, 15394126.94 5028944.148, 15391126.94 5028944.148, 15391126.94 5031944.148))"
喜山期,951,15392626.94,5027444.148,0.0221985698351084,0.0003556152904824,4,0.0,1.0,True,0.8725384890798424,0.4989258861439312,0.0,0.760454708199069,"POLYGON ((15391126.94 5028944.148, 15394126.94 5028944.148, 15394126.94 5025944.148, 15391126.94 5025944.148, 15391126.94 5028944.148))"
喜山期,952,15392626.94,5024444.148,0.0221514903905053,0.0003556152904824,4,0.0,1.0,True,0.8696741854636592,0.4989258861439312,0.0,0.7584496956677408,"POLYGON ((15391126.94 5025944.148, 15394126.94 5025944.148, 15394126.94 5022944.148, 15391126.94 5022944.148, 15391126.94 5025944.148))"
喜山期,953,15392626.94,5021444.148,0.0227763752053183,0.0003556152904824,4,0.0,1.0,True,0.895452918009309,0.4989258861439312,0.0,0.7764948084496957,"POLYGON ((15391126.94 5022944.148, 15394126.94 5022944.148, 15394126.94 5019944.148, 15391126.94 5019944.148, 15391126.94 5022944.148))"
喜山期,954,15392626.94,5018444.148,0.022570437820436,0.0003556152904824,4,0.0,1.0,True,0.8890082348728965,0.4989258861439312,0.0,0.7719835302542069,"POLYGON ((15391126.94 5019944.148, 15394126.94 5019944.148, 15394126.94 5016944.148, 15391126.94 5016944.148, 15391126.94 5019944.148))"
喜山期,955,15392626.94,5015444.148,0.0228882802808973,0.0003556152904824,4,0.0,1.0,True,0.9015395631936984,0.4989258861439312,0.0,0.7807554600787683,"POLYGON ((15391126.94 5016944.148, 15394126.94 5016944.148, 15394126.94 5013944.148, 15391126.94 5013944.148, 15391126.94 5016944.148))"
喜山期,956,15392626.94,5012444.148,0.0223489917572161,0.0003556152904824,4,0.0,1.0,True,0.878625134264232,0.4989258861439312,0.0,0.7647153598281418,"POLYGON ((15391126.94 5013944.148, 15394126.94 5013944.148, 15394126.94 5010944.148, 15391126.94 5010944.148, 15391126.94 5013944.148))"
喜山期,957,15392626.94,5009444.148,0.0225540840287249,0.0003556152904824,4,0.0,1.0,True,0.8879341210168278,0.4989258861439312,0.0,0.7712316505549588,"POLYGON ((15391126.94 5010944.148, 15394126.94 5010944.148, 15394126.94 5007944.148, 15391126.94 5007944.148, 15391126.94 5010944.148))"
喜山期,958,15392626.94,5006444.148,0.0226352661308077,0.0003556152904824,4,0.0,1.0,True,0.8915145005370569,0.4989258861439312,0.0,0.7737379162191192,"POLYGON ((15391126.94 5007944.148, 15394126.94 5007944.148, 15394126.94 5004944.148, 15391126.94 5004944.148, 15391126.94 5007944.148))"
喜山期,959,15392626.94,5003444.148,0.0226021549073353,0.0003556152904824,4,0.0,1.0,True,0.8907984246330111,0.4989258861439312,0.0,0.7732366630862871,"POLYGON ((15391126.94 5004944.148, 15394126.94 5004944.148, 15394126.94 5001944.148, 15391126.94 5001944.148, 15391126.94 5004944.148))"
喜山期,960,15392626.94,5000444.148,0.0224597180046285,0.0003556152904824,4,0.0,1.0,True,0.882563551736484,0.4989258861439312,0.0,0.7674722520587182,"POLYGON ((15391126.94 5001944.148, 15394126.94 5001944.148, 15394126.94 4998944.148, 15391126.94 4998944.148, 15391126.94 5001944.148))"
喜山期,961,15392626.94,4997444.148,0.0222116212058781,0.0003556152904824,4,0.0,1.0,True,0.8732545649838883,0.4989258861439312,0.0,0.7609559613319011,"POLYGON ((15391126.94 4998944.148, 15394126.94 4998944.148, 15394126.94 4995944.148, 15391126.94 4995944.148, 15391126.94 4998944.148))"
喜山期,962,15392626.94,4994444.148,0.0218613162162701,0.0003556152904824,4,0.0,1.0,True,0.8603651987110634,0.4989258861439312,0.0,0.7519334049409238,"POLYGON ((15391126.94 4995944.148, 15394126.94 4995944.148, 15394126.94 4992944.148, 15391126.94 4992944.148, 15391126.94 4995944.148))"
喜山期,963,15392626.94,4991444.148,0.021412203805615,0.0003556152904824,4,0.0,1.0,True,0.8417472252058719,0.4989258861439312,0.0,0.7389008234872897,"POLYGON ((15391126.94 4992944.148, 15394126.94 4992944.148, 15394126.94 4989944.148, 15391126.94 4989944.148, 15391126.94 4992944.148))"
喜山期,964,15392626.94,4988444.148,0.0208672194948828,0.0003556152904824,4,0.0,1.0,True,0.8202649480844969,0.4989258861439312,0.0,0.7238632295023272,"POLYGON ((15391126.94 4989944.148, 15394126.94 4989944.148, 15394126.94 4986944.148, 15391126.94 4986944.148, 15391126.94 4989944.148))"
喜山期,965,15392626.94,4985444.148,0.0202281344260852,0.0003556152904824,4,0.0,0.0,False,0.7941281775868242,0.4989258861439312,0.0,0.7055674901539563,"POLYGON ((15391126.94 4986944.148, 15394126.94 4986944.148, 15394126.94 4983944.148, 15391126.94 4983944.148, 15391126.94 4986944.148))"
喜山期,966,15392626.94,4982444.148,0.0194949603315022,0.0003556152904824,4,0.0,0.0,False,0.7712137486573577,0.4989258861439312,0.0,0.6895273899033297,"POLYGON ((15391126.94 4983944.148, 15394126.94 4983944.148, 15394126.94 4980944.148, 15391126.94 4980944.148, 15391126.94 4983944.148))"
喜山期,967,15392626.94,4979444.148,0.0186658606190747,0.0003556152904824,4,0.0,0.0,False,0.7425707124955245,0.4989258861439312,0.0,0.6694772645900465,"POLYGON ((15391126.94 4980944.148, 15394126.94 4980944.148, 15394126.94 4977944.148, 15391126.94 4977944.148, 15391126.94 4980944.148))"
喜山期,968,15392626.94,4976444.148,0.0177378046809846,0.0003556152904824,4,0.0,0.0,False,0.7128535624776227,0.4989258861439312,0.0,0.6486752595775152,"POLYGON ((15391126.94 4977944.148, 15394126.94 4977944.148, 15394126.94 4974944.148, 15391126.94 4974944.148, 15391126.94 4977944.148))"
喜山期,969,15392626.94,4973444.148,0.0167078806582551,0.0003556152904824,4,0.0,0.0,False,0.6827783745076978,0.4989258861439312,0.0,0.6276226279985678,"POLYGON ((15391126.94 4974944.148, 15394126.94 4974944.148, 15394126.94 4971944.148, 15391126.94 4971944.148, 15391126.94 4974944.148))"
喜山期,970,15392626.94,4970444.148,0.0155748324654454,0.0003556152904824,4,0.0,0.0,False,0.648406731113498,0.4989258861439312,0.0,0.6035624776226279,"POLYGON ((15391126.94 4971944.148, 15394126.94 4971944.148, 15394126.94 4968944.148, 15391126.94 4968944.148, 15391126.94 4971944.148))"
喜山期,971,15392626.94,4967444.148,0.0143401913275391,0.0003556152904824,4,0.0,0.0,False,0.6061582527747942,0.4989258861439312,0.0,0.5739885427855353,"POLYGON ((15391126.94 4968944.148, 15394126.94 4968944.148, 15394126.94 4965944.148, 15391126.94 4965944.148, 15391126.94 4968944.148))"
喜山期,972,15392626.94,4964444.148,0.0130084624933451,0.0003556152904824,4,0.0,0.0,False,0.5599713569638382,0.4989258861439312,0.0,0.5416577157178661,"POLYGON ((15391126.94 4965944.148, 15394126.94 4965944.148, 15394126.94 4962944.148, 15391126.94 4962944.148, 15391126.94 4965944.148))"
喜山期,973,15392626.94,4961444.148,0.0115861908424891,0.0003556152904824,4,0.0,0.0,False,0.5048335123523093,0.4989258861439312,0.0,0.5030612244897958,"POLYGON ((15391126.94 4962944.148, 15394126.94 4962944.148, 15394126.94 4959944.148, 15391126.94 4959944.148, 15391126.94 4962944.148))"
喜山期,974,15392626.94,4958444.148,0.0100801835167607,0.0003556152904824,4,0.0,0.0,False,0.4471894020766201,0.4989258861439312,0.0,0.4627103472968134,"POLYGON ((15391126.94 4959944.148, 15394126.94 4959944.148, 15394126.94 4956944.148, 15391126.94 4956944.148, 15391126.94 4959944.148))"
喜山期,975,15392626.94,4955444.148,0.0084954478757164,0.0003556152904824,4,0.0,0.0,False,0.3737916219119226,0.4989258861439312,0.0,0.4113319011815252,"POLYGON ((15391126.94 4956944.148, 15394126.94 4956944.148, 15394126.94 4953944.148, 15391126.94 4953944.148, 15391126.94 4956944.148))"
喜山期,976,15392626.94,4952444.148,0.0068332999902704,0.0003556152904824,4,0.0,0.0,False,0.3003938417472252,0.4989258861439312,0.0,0.359953455066237,"POLYGON ((15391126.94 4953944.148, 15394126.94 4953944.148, 15394126.94 4950944.148, 15391126.94 4950944.148, 15391126.94 4953944.148))"
喜山期,977,15392626.94,4949444.148,0.0050895225560954,0.0003556152904824,4,0.0,0.0,False,0.2194772645900465,0.4989258861439312,0.0,0.3033118510562119,"POLYGON ((15391126.94 4950944.148, 15394126.94 4950944.148, 15394126.94 4947944.148, 15391126.94 4947944.148, 15391126.94 4950944.148))"
喜山期,978,15392626.94,4946444.148,0.0032511556084237,0.0003556152904824,4,0.0,0.0,False,0.1392767633369137,0.4989258861439312,0.0,0.2471715001790189,"POLYGON ((15391126.94 4947944.148, 15394126.94 4947944.148, 15394126.94 4944944.148, 15391126.94 4944944.148, 15391126.94 4947944.148))"
喜山期,979,15392626.94,4943444.148,0.0012862290542139,0.0003556152904824,3,0.0,0.0,False,0.0590762620837808,0.4989258861439312,0.0,0.191031149301826,"POLYGON ((15391126.94 4944944.148, 15394126.94 4944944.148, 15394126.94 4941944.148, 15391126.94 4941944.148, 15391126.94 4944944.148))"
喜山期,980,15395626.94,5087444.148,0.0012942176451546,0.0003556152904824,3,0.0,0.0,False,0.066595059076262,0.4989258861439312,0.0,0.1962943071965628,"POLYGON ((15394126.94 5088944.148, 15397126.94 5088944.148, 15397126.94 5085944.148, 15394126.94 5085944.148, 15394126.94 5088944.148))"
喜山期,981,15395626.94,5084444.148,0.0032794279290669,0.0003556152904824,4,0.0,0.0,False,0.142141066953097,0.4989258861439312,0.0,0.2491765127103473,"POLYGON ((15394126.94 5085944.148, 15397126.94 5085944.148, 15397126.94 5082944.148, 15394126.94 5082944.148, 15394126.94 5085944.148))"
喜山期,982,15395626.94,5081444.148,0.0051442879541596,0.0003556152904824,4,0.0,0.0,False,0.2226996061582527,0.4989258861439312,0.0,0.3055674901539563,"POLYGON ((15394126.94 5082944.148, 15397126.94 5082944.148, 15397126.94 5079944.148, 15394126.94 5079944.148, 15394126.94 5082944.148))"
喜山期,983,15395626.94,5078444.148,0.0069203689147573,0.0003556152904824,4,0.0,0.0,False,0.305406373075546,0.4989258861439312,0.0,0.3634622269960615,"POLYGON ((15394126.94 5079944.148, 15397126.94 5079944.148, 15397126.94 5076944.148, 15394126.94 5076944.148, 15394126.94 5079944.148))"
喜山期,984,15395626.94,5075444.148,0.0086201572476366,0.0003556152904824,4,0.0,0.0,False,0.3813104189044038,0.4989258861439312,0.0,0.416595059076262,"POLYGON ((15394126.94 5076944.148, 15397126.94 5076944.148, 15397126.94 5073944.148, 15394126.94 5073944.148, 15394126.94 5076944.148))"
喜山期,985,15395626.94,5072444.148,0.0102467386588074,0.0003556152904824,4,0.0,0.0,False,0.4532760472610097,0.4989258861439312,0.0,0.4669709989258861,"POLYGON ((15394126.94 5073944.148, 15397126.94 5073944.148, 15397126.94 5070944.148, 15394126.94 5070944.148, 15394126.94 5073944.148))"
喜山期,986,15395626.94,5069444.148,0.0117967100192739,0.0003556152904824,4,0.0,0.0,False,0.5116362334407447,0.4989258861439312,0.0,0.5078231292517006,"POLYGON ((15394126.94 5070944.148, 15397126.94 5070944.148, 15397126.94 5067944.148, 15394126.94 5067944.148, 15394126.94 5070944.148))"
喜山期,987,15395626.94,5066444.148,0.0132621145932084,0.0003556152904824,4,0.0,0.0,False,0.5664160401002506,0.4989258861439312,0.0,0.5461689939133547,"POLYGON ((15394126.94 5067944.148, 15397126.94 5067944.148, 15397126.94 5064944.148, 15394126.94 5064944.148, 15394126.94 5067944.148))"
喜山期,988,15395626.94,5063444.148,0.0146328461606468,0.0003556152904824,4,0.0,0.0,False,0.6133190118152524,0.4989258861439312,0.0,0.579001074113856,"POLYGON ((15394126.94 5064944.148, 15397126.94 5064944.148, 15397126.94 5061944.148, 15394126.94 5061944.148, 15394126.94 5064944.148))"
喜山期,989,15395626.94,5060444.148,0.01589944636378,0.0003556152904824,4,0.0,0.0,False,0.6573576799140709,0.4989258861439312,0.0,0.6098281417830289,"POLYGON ((15394126.94 5061944.148, 15397126.94 5061944.148, 15397126.94 5058944.148, 15394126.94 5058944.148, 15394126.94 5061944.148))"
喜山期,990,15395626.94,5057444.148,0.0170554873728262,0.0003556152904824,4,0.0,0.0,False,0.6942355889724311,0.4989258861439312,0.0,0.6356426781238811,"POLYGON ((15394126.94 5058944.148, 15397126.94 5058944.148, 15397126.94 5055944.148, 15394126.94 5055944.148, 15394126.94 5058944.148))"
喜山期,991,15395626.94,5054444.148,0.0180986860401447,0.0003556152904824,4,0.0,0.0,False,0.7257429287504475,0.4989258861439312,0.0,0.6576978159684926,"POLYGON ((15394126.94 5055944.148, 15397126.94 5055944.148, 15397126.94 5052944.148, 15394126.94 5052944.148, 15394126.94 5055944.148))"
喜山期,992,15395626.94,5051444.148,0.0190304269101353,0.0003556152904824,4,0.0,0.0,False,0.7554600787683494,0.4989258861439312,0.0,0.6784998209810239,"POLYGON ((15394126.94 5052944.148, 15397126.94 5052944.148, 15397126.94 5049944.148, 15394126.94 5049944.148, 15394126.94 5052944.148))"
喜山期,993,15395626.94,5048444.148,0.019854100368051,0.0003556152904824,4,0.0,0.0,False,0.782670963122091,0.4989258861439312,0.0,0.697547440028643,"POLYGON ((15394126.94 5049944.148, 15397126.94 5049944.148, 15397126.94 5046944.148, 15394126.94 5046944.148, 15394126.94 5049944.148))"
喜山期,994,15395626.94,5045444.148,0.0205731325550962,0.0003556152904824,4,0.0,1.0,True,0.8070175438596491,0.4989258861439312,0.0,0.7145900465449337,"POLYGON ((15394126.94 5046944.148, 15397126.94 5046944.148, 15397126.94 5043944.148, 15394126.94 5043944.148, 15394126.94 5046944.148))"
喜山期,995,15395626.94,5042444.148,0.0211895488504376,0.0003556152904824,4,0.0,1.0,True,0.8313641245972073,0.4989258861439312,0.0,0.7316326530612245,"POLYGON ((15394126.94 5043944.148, 15397126.94 5043944.148, 15397126.94 5040944.148, 15394126.94 5040944.148, 15394126.94 5043944.148))"
喜山期,996,15395626.94,5039444.148,0.0217034627120145,0.0003556152904824,4,0.0,1.0,True,0.8557107053347655,0.4989258861439312,0.0,0.7486752595775151,"POLYGON ((15394126.94 5040944.148, 15397126.94 5040944.148, 15397126.94 5037944.148, 15394126.94 5037944.148, 15394126.94 5040944.148))"
喜山期,997,15395626.94,5036444.148,0.0221133322250288,0.0003556152904824,4,0.0,1.0,True,0.8678839957035446,0.4989258861439312,0.0,0.7571965628356605,"POLYGON ((15394126.94 5037944.148, 15397126.94 5037944.148, 15397126.94 5034944.148, 15394126.94 5034944.148, 15394126.94 5037944.148))"
喜山期,998,15395626.94,5033444.148,0.022416477455988,0.0003556152904824,4,0.0,1.0,True,0.8811313999283924,0.4989258861439312,0.0,0.766469745793054,"POLYGON ((15394126.94 5034944.148, 15397126.94 5034944.148, 15397126.94 5031944.148, 15394126.94 5031944.148, 15394126.94 5034944.148))"
喜山期,999,15395626.94,5030444.148,0.0226092853370101,0.0003556152904824,4,0.0,1.0,True,0.891156462585034,0.4989258861439312,0.0,0.7734872896527032,"POLYGON ((15394126.94 5031944.148, 15397126.94 5031944.148, 15397126.94 5028944.148, 15394126.94 5028944.148, 15394126.94 5031944.148))"
喜山期,1000,15395626.94,5027444.148,0.0226865184903325,0.0003556152904824,4,0.0,1.0,True,0.8925886143931256,0.4989258861439312,0.0,0.7744897959183673,"POLYGON ((15394126.94 5028944.148, 15397126.94 5028944.148, 15397126.94 5025944.148, 15394126.94 5025944.148, 15394126.94 5028944.148))"
喜山期,1001,15395626.94,5024444.148,0.0226383193729727,0.0003556152904824,4,0.0,1.0,True,0.8918725384890799,0.4989258861439312,0.0,0.7739885427855353,"POLYGON ((15394126.94 5025944.148, 15397126.94 5025944.148, 15397126.94 5022944.148, 15394126.94 5022944.148, 15394126.94 5025944.148))"
喜山期,1002,15395626.94,5021444.148,0.0233028296171447,0.0003556152904824,4,0.0,1.0,True,0.9194414607948442,0.4989258861439312,0.0,0.7932867883995703,"POLYGON ((15394126.94 5022944.148, 15397126.94 5022944.148, 15397126.94 5019944.148, 15394126.94 5019944.148, 15394126.94 5022944.148))"
喜山期,1003,15395626.94,5018444.148,0.023052696383124,0.0003556152904824,4,0.0,1.0,True,0.9065520945220192,0.4989258861439312,0.0,0.7842642320085929,"POLYGON ((15394126.94 5019944.148, 15397126.94 5019944.148, 15397126.94 5016944.148, 15394126.94 5016944.148, 15394126.94 5019944.148))"
喜山期,1004,15395626.94,5015444.148,0.0234179842131503,0.0003556152904824,4,0.0,1.0,True,0.924095954171142,0.4989258861439312,0.0,0.7965449337629789,"POLYGON ((15394126.94 5016944.148, 15397126.94 5016944.148, 15397126.94 5013944.148, 15394126.94 5013944.148, 15394126.94 5016944.148))"
喜山期,1005,15395626.94,5012444.148,0.022842525480217,0.0003556152904824,4,0.0,1.0,True,0.9004654493376298,0.4989258861439312,0.0,0.7800035803795202,"POLYGON ((15394126.94 5013944.148, 15397126.94 5013944.148, 15397126.94 5010944.148, 15394126.94 5010944.148, 15394126.94 5013944.148))"
喜山期,1006,15395626.94,5009444.148,0.0230552428079292,0.0003556152904824,4,0.0,1.0,True,0.9069101324740424,0.4989258861439312,0.0,0.7845148585750089,"POLYGON ((15394126.94 5010944.148, 15397126.94 5010944.148, 15397126.94 5007944.148, 15394126.94 5007944.148, 15394126.94 5010944.148))"
喜山期,1007,15395626.94,5006444.148,0.0231421493443423,0.0003556152904824,4,0.0,1.0,True,0.9108485499462944,0.4989258861439312,0.0,0.7872717508055853,"POLYGON ((15394126.94 5007944.148, 15397126.94 5007944.148, 15397126.94 5004944.148, 15394126.94 5004944.148, 15394126.94 5007944.148))"
喜山期,1008,15395626.94,5003444.148,0.0231127023565385,0.0003556152904824,4,0.0,1.0,True,0.9101324740422484,0.4989258861439312,0.0,0.7867704976727533,"POLYGON ((15394126.94 5004944.148, 15397126.94 5004944.148, 15397126.94 5001944.148, 15394126.94 5001944.148, 15394126.94 5004944.148))"
喜山期,1009,15395626.94,5000444.148,0.0229717489735353,0.0003556152904824,4,0.0,1.0,True,0.9033297529538132,0.4989258861439312,0.0,0.7820085929108486,"POLYGON ((15394126.94 5001944.148, 15397126.94 5001944.148, 15397126.94 4998944.148, 15394126.94 4998944.148, 15394126.94 5001944.148))"
喜山期,1010,15395626.94,4997444.148,0.0227226519537164,0.0003556152904824,4,0.0,1.0,True,0.8933046902971715,0.4989258861439312,0.0,0.7749910490511994,"POLYGON ((15394126.94 4998944.148, 15397126.94 4998944.148, 15397126.94 4995944.148, 15394126.94 4995944.148, 15394126.94 4998944.148))"
喜山期,1011,15395626.94,4994444.148,0.0223682515014528,0.0003556152904824,4,0.0,1.0,True,0.8796992481203008,0.4989258861439312,0.0,0.7654672395273898,"POLYGON ((15394126.94 4995944.148, 15397126.94 4995944.148, 15397126.94 4992944.148, 15394126.94 4992944.148, 15394126.94 4995944.148))"
喜山期,1012,15395626.94,4991444.148,0.0219109956176611,0.0003556152904824,4,0.0,1.0,True,0.8625134264232008,0.4989258861439312,0.0,0.7534371643394199,"POLYGON ((15394126.94 4992944.148, 15397126.94 4992944.148, 15397126.94 4989944.148, 15394126.94 4989944.148, 15394126.94 4992944.148))"
喜山期,1013,15395626.94,4988444.148,0.0213526110389696,0.0003556152904824,4,0.0,1.0,True,0.8381668456856427,0.4989258861439312,0.0,0.7363945578231292,"POLYGON ((15394126.94 4989944.148, 15397126.94 4989944.148, 15397126.94 4986944.148, 15394126.94 4986944.148, 15394126.94 4989944.148))"
喜山期,1014,15395626.94,4985444.148,0.0206936263683262,0.0003556152904824,4,0.0,1.0,True,0.8145363408521303,0.4989258861439312,0.0,0.7198532044396706,"POLYGON ((15394126.94 4986944.148, 15397126.94 4986944.148, 15397126.94 4983944.148, 15394126.94 4983944.148, 15394126.94 4986944.148))"
喜山期,1015,15395626.94,4982444.148,0.019933125491463,0.0003556152904824,4,0.0,0.0,False,0.7855352667382742,0.4989258861439312,0.0,0.6995524525599713,"POLYGON ((15394126.94 4983944.148, 15397126.94 4983944.148, 15397126.94 4980944.148, 15394126.94 4980944.148, 15394126.94 4983944.148))"
喜山期,1016,15395626.94,4979444.148,0.0190690641467753,0.0003556152904824,4,0.0,0.0,False,0.7568922305764411,0.4989258861439312,0.0,0.6795023272466881,"POLYGON ((15394126.94 4980944.148, 15397126.94 4980944.148, 15397126.94 4977944.148, 15394126.94 4977944.148, 15394126.94 4980944.148))"
喜山期,1017,15395626.94,4976444.148,0.0180992491623239,0.0003556152904824,4,0.0,0.0,False,0.7261009667024705,0.4989258861439312,0.0,0.6579484425349087,"POLYGON ((15394126.94 4977944.148, 15397126.94 4977944.148, 15397126.94 4974944.148, 15394126.94 4974944.148, 15394126.94 4977944.148))"
喜山期,1018,15395626.94,4973444.148,0.0170227282449263,0.0003556152904824,4,0.0,0.0,False,0.6931614751163623,0.4989258861439312,0.0,0.6348907984246329,"POLYGON ((15394126.94 4974944.148, 15397126.94 4974944.148, 15397126.94 4971944.148, 15394126.94 4971944.148, 15394126.94 4974944.148))"
喜山期,1019,15395626.94,4970444.148,0.0158410471651135,0.0003556152904824,4,0.0,0.0,False,0.6552094522019334,0.4989258861439312,0.0,0.6083243823845328,"POLYGON ((15394126.94 4971944.148, 15397126.94 4971944.148, 15397126.94 4968944.148, 15394126.94 4968944.148, 15394126.94 4971944.148))"
喜山期,1020,15395626.94,4967444.148,0.0145587836940364,0.0003556152904824,4,0.0,0.0,False,0.6115288220551378,0.4989258861439312,0.0,0.5777479412817759,"POLYGON ((15394126.94 4968944.148, 15397126.94 4968944.148, 15397126.94 4965944.148, 15394126.94 4965944.148, 15394126.94 4968944.148))"
喜山期,1021,15395626.94,4964444.148,0.0131830258959445,0.0003556152904824,4,0.0,0.0,False,0.5642678123881132,0.4989258861439312,0.0,0.5446652345148586,"POLYGON ((15394126.94 4965944.148, 15397126.94 4965944.148, 15397126.94 4962944.148, 15394126.94 4962944.148, 15394126.94 4965944.148))"
喜山期,1022,15395626.94,4961444.148,0.0117219058993164,0.0003556152904824,4,0.0,0.0,False,0.5094880057286072,0.4989258861439312,0.0,0.5063193698532045,"POLYGON ((15394126.94 4962944.148, 15397126.94 4962944.148, 15397126.94 4959944.148, 15394126.94 4959944.148, 15394126.94 4962944.148))"
喜山期,1023,15395626.94,4958444.148,0.0101826806330587,0.0003556152904824,4,0.0,0.0,False,0.4511278195488721,0.4989258861439312,0.0,0.4654672395273899,"POLYGON ((15394126.94 4959944.148, 15397126.94 4959944.148, 15397126.94 4956944.148, 15394126.94 4956944.148, 15394126.94 4959944.148))"
喜山期,1024,15395626.94,4955444.148,0.008569936097764,0.0003556152904824,4,0.0,0.0,False,0.3777300393841747,0.4989258861439312,0.0,0.4140887934121016,"POLYGON ((15394126.94 4956944.148, 15397126.94 4956944.148, 15397126.94 4953944.148, 15394126.94 4953944.148, 15394126.94 4956944.148))"
喜山期,1025,15395626.94,4952444.148,0.0068841939461739,0.0003556152904824,4,0.0,0.0,False,0.3046902971715002,0.4989258861439312,0.0,0.3629609738632295,"POLYGON ((15394126.94 4953944.148, 15397126.94 4953944.148, 15397126.94 4950944.148, 15394126.94 4950944.148, 15394126.94 4953944.148))"
喜山期,1026,15395626.94,4949444.148,0.0051205531178716,0.0003556152904824,4,0.0,0.0,False,0.2212674543501611,0.4989258861439312,0.0,0.3045649838882921,"POLYGON ((15394126.94 4950944.148, 15397126.94 4950944.148, 15397126.94 4947944.148, 15394126.94 4947944.148, 15394126.94 4950944.148))"
喜山期,1027,15395626.94,4946444.148,0.0032658003582982,0.0003556152904824,4,0.0,0.0,False,0.1407089151450053,0.4989258861439312,0.0,0.2481740064446831,"POLYGON ((15394126.94 4947944.148, 15397126.94 4947944.148, 15397126.94 4944944.148, 15394126.94 4944944.148, 15394126.94 4947944.148))"
喜山期,1028,15395626.94,4943444.148,0.0012883835932954,0.0003556152904824,3,0.0,0.0,False,0.0605084138918725,0.4989258861439312,0.0,0.1920336555674901,"POLYGON ((15394126.94 4944944.148, 15397126.94 4944944.148, 15397126.94 4941944.148, 15394126.94 4941944.148, 15394126.94 4944944.148))"
喜山期,1029,15398626.94,5087444.148,0.0012955476343135,0.0003556152904824,3,0.0,0.0,False,0.0673111349803079,0.4989258861439312,0.0,0.1967955603293949,"POLYGON ((15397126.94 5088944.148, 15400126.94 5088944.148, 15400126.94 5085944.148, 15397126.94 5085944.148, 15397126.94 5088944.148))"
喜山期,1030,15398626.94,5084444.148,0.0032911027838214,0.0003556152904824,4,0.0,0.0,False,0.1439312567132116,0.4989258861439312,0.0,0.2504296455424275,"POLYGON ((15397126.94 5085944.148, 15400126.94 5085944.148, 15400126.94 5082944.148, 15397126.94 5082944.148, 15397126.94 5085944.148))"
喜山期,1031,15398626.94,5081444.148,0.0051696776484098,0.0003556152904824,4,0.0,0.0,False,0.2248478338703902,0.4989258861439312,0.0,0.3070712495524526,"POLYGON ((15397126.94 5082944.148, 15400126.94 5082944.148, 15400126.94 5079944.148, 15397126.94 5079944.148, 15397126.94 5082944.148))"
喜山期,1032,15398626.94,5078444.148,0.0069626134083197,0.0003556152904824,4,0.0,0.0,False,0.3079126387397064,0.4989258861439312,0.0,0.3652166129609738,"POLYGON ((15397126.94 5079944.148, 15400126.94 5079944.148, 15400126.94 5076944.148, 15397126.94 5076944.148, 15397126.94 5079944.148))"
喜山期,1033,15398626.94,5075444.148,0.0086829169568127,0.0003556152904824,4,0.0,0.0,False,0.3873970640887934,0.4989258861439312,0.0,0.4208557107053348,"POLYGON ((15397126.94 5076944.148, 15400126.94 5076944.148, 15400126.94 5073944.148, 15397126.94 5073944.148, 15397126.94 5076944.148))"
喜山期,1034,15398626.94,5072444.148,0.0103347174816639,0.0003556152904824,4,0.0,0.0,False,0.4564983888292159,0.4989258861439312,0.0,0.4692266380236304,"POLYGON ((15397126.94 5073944.148, 15400126.94 5073944.148, 15400126.94 5070944.148, 15397126.94 5070944.148, 15397126.94 5073944.148))"
喜山期,1035,15398626.94,5069444.148,0.0119157487941617,0.0003556152904824,4,0.0,0.0,False,0.5152166129609739,0.4989258861439312,0.0,0.510329394915861,"POLYGON ((15397126.94 5070944.148, 15400126.94 5070944.148, 15400126.94 5067944.148, 15397126.94 5067944.148, 15397126.94 5070944.148))"
喜山期,1036,15398626.94,5066444.148,0.0134185959939438,0.0003556152904824,4,0.0,0.0,False,0.5721446473326173,0.4989258861439312,0.0,0.5501790189760114,"POLYGON ((15397126.94 5067944.148, 15400126.94 5067944.148, 15400126.94 5064944.148, 15397126.94 5064944.148, 15397126.94 5067944.148))"
喜山期,1037,15398626.94,5063444.148,0.0148324097808391,0.0003556152904824,4,0.0,0.0,False,0.6197636949516648,0.4989258861439312,0.0,0.5835123523093447,"POLYGON ((15397126.94 5064944.148, 15400126.94 5064944.148, 15400126.94 5061944.148, 15397126.94 5061944.148, 15397126.94 5064944.148))"
喜山期,1038,15398626.94,5060444.148,0.0161454025904109,0.0003556152904824,4,0.0,0.0,False,0.665234514858575,0.4989258861439312,0.0,0.6153419262441818,"POLYGON ((15397126.94 5061944.148, 15400126.94 5061944.148, 15400126.94 5058944.148, 15397126.94 5058944.148, 15397126.94 5061944.148))"
喜山期,1039,15398626.94,5057444.148,0.0173475734238734,0.0003556152904824,4,0.0,0.0,False,0.7039026136770498,0.4989258861439312,0.0,0.6424095954171142,"POLYGON ((15397126.94 5058944.148, 15400126.94 5058944.148, 15400126.94 5055944.148, 15397126.94 5055944.148, 15397126.94 5058944.148))"
喜山期,1040,15398626.94,5054444.148,0.0184327297147692,0.0003556152904824,4,0.0,0.0,False,0.7372001432151808,0.4989258861439312,0.0,0.6657178660938059,"POLYGON ((15397126.94 5055944.148, 15400126.94 5055944.148, 15400126.94 5052944.148, 15397126.94 5052944.148, 15397126.94 5055944.148))"
喜山期,1041,15398626.94,5051444.148,0.0193990939562502,0.0003556152904824,4,0.0,0.0,False,0.7676333691371285,0.4989258861439312,0.0,0.6870211242391693,"POLYGON ((15397126.94 5052944.148, 15400126.94 5052944.148, 15400126.94 5049944.148, 15397126.94 5049944.148, 15397126.94 5052944.148))"
喜山期,1042,15398626.94,5048444.148,0.0202484256831004,0.0003556152904824,4,0.0,0.0,False,0.7955603293949158,0.4989258861439312,0.0,0.7065699964196204,"POLYGON ((15397126.94 5049944.148, 15400126.94 5049944.148, 15400126.94 5046944.148, 15397126.94 5046944.148, 15397126.94 5049944.148))"
喜山期,1043,15398626.94,5045444.148,0.0209842404817851,0.0003556152904824,4,0.0,1.0,True,0.824203365556749,0.4989258861439312,0.0,0.7266201217329037,"POLYGON ((15397126.94 5046944.148, 15400126.94 5046944.148, 15400126.94 5043944.148, 15397126.94 5043944.148, 15397126.94 5046944.148))"
喜山期,1044,15398626.94,5042444.148,0.021609984256434,0.0003556152904824,4,0.0,1.0,True,0.849266022198353,0.4989258861439312,0.0,0.7441639813820264,"POLYGON ((15397126.94 5043944.148, 15400126.94 5043944.148, 15400126.94 5040944.148, 15397126.94 5040944.148, 15397126.94 5043944.148))"
喜山期,1045,15398626.94,5039444.148,0.0221278180283774,0.0003556152904824,4,0.0,1.0,True,0.8686000716075905,0.4989258861439312,0.0,0.7576978159684926,"POLYGON ((15397126.94 5040944.148, 15400126.94 5040944.148, 15400126.94 5037944.148, 15397126.94 5037944.148, 15397126.94 5040944.148))"
喜山期,1046,15398626.94,5036444.148,0.0225381858289191,0.0003556152904824,4,0.0,1.0,True,0.8865019692087361,0.4989258861439312,0.0,0.7702291442892947,"POLYGON ((15397126.94 5037944.148, 15400126.94 5037944.148, 15400126.94 5034944.148, 15397126.94 5034944.148, 15397126.94 5037944.148))"
喜山期,1047,15398626.94,5033444.148,0.0228398906660526,0.0003556152904824,4,0.0,1.0,True,0.9001074113856069,0.4989258861439312,0.0,0.7797529538131042,"POLYGON ((15397126.94 5034944.148, 15400126.94 5034944.148, 15400126.94 5031944.148, 15397126.94 5031944.148, 15397126.94 5034944.148))"
喜山期,1048,15398626.94,5030444.148,0.0230301732772676,0.0003556152904824,4,0.0,1.0,True,0.9054779806659506,0.4989258861439312,0.0,0.7835123523093448,"POLYGON ((15397126.94 5031944.148, 15400126.94 5031944.148, 15400126.94 5028944.148, 15397126.94 5028944.148, 15397126.94 5031944.148))"
喜山期,1049,15398626.94,5027444.148,0.0231041509198211,0.0003556152904824,4,0.0,1.0,True,0.9090583601861796,0.4989258861439312,0.0,0.7860186179735051,"POLYGON ((15397126.94 5028944.148, 15400126.94 5028944.148, 15400126.94 5025944.148, 15397126.94 5025944.148, 15397126.94 5028944.148))"
喜山期,1050,15398626.94,5024444.148,0.0230521252488262,0.0003556152904824,4,0.0,1.0,True,0.9061940565699964,0.4989258861439312,0.0,0.7840136054421768,"POLYGON ((15397126.94 5025944.148, 15400126.94 5025944.148, 15400126.94 5022944.148, 15397126.94 5022944.148, 15397126.94 5025944.148))"
喜山期,1051,15398626.94,5021444.148,0.0237541952957258,0.0003556152904824,4,0.0,1.0,True,0.9398496240601504,0.4989258861439312,0.0,0.8075725026852846,"POLYGON ((15397126.94 5022944.148, 15400126.94 5022944.148, 15400126.94 5019944.148, 15397126.94 5019944.148, 15397126.94 5022944.148))"
喜山期,1052,15398626.94,5018444.148,0.0234526873839189,0.0003556152904824,4,0.0,1.0,True,0.9258861439312568,0.4989258861439312,0.0,0.797798066595059,"POLYGON ((15397126.94 5019944.148, 15400126.94 5019944.148, 15400126.94 5016944.148, 15397126.94 5016944.148, 15397126.94 5019944.148))"
喜山期,1053,15398626.94,5015444.148,0.0238707538435448,0.0003556152904824,4,0.0,1.0,True,0.9466523451485858,0.4989258861439312,0.0,0.8123344074471893,"POLYGON ((15397126.94 5016944.148, 15400126.94 5016944.148, 15400126.94 5013944.148, 15397126.94 5013944.148, 15397126.94 5016944.148))"
喜山期,1054,15398626.94,5012444.148,0.0232597777746179,0.0003556152904824,4,0.0,1.0,True,0.9183673469387756,0.4989258861439312,0.0,0.7925349087003222,"POLYGON ((15397126.94 5013944.148, 15400126.94 5013944.148, 15400126.94 5010944.148, 15397126.94 5010944.148, 15397126.94 5013944.148))"
喜山期,1055,15398626.94,5009444.148,0.0234814554468422,0.0003556152904824,4,0.0,1.0,True,0.9273182957393484,0.4989258861439312,0.0,0.7988005728607231,"POLYGON ((15397126.94 5010944.148, 15400126.94 5010944.148, 15400126.94 5007944.148, 15397126.94 5007944.148, 15397126.94 5010944.148))"
喜山期,1056,15398626.94,5006444.148,0.0235761011751783,0.0003556152904824,4,0.0,1.0,True,0.9312567132116004,0.4989258861439312,0.0,0.8015574650912997,"POLYGON ((15397126.94 5007944.148, 15400126.94 5007944.148, 15400126.94 5004944.148, 15397126.94 5004944.148, 15397126.94 5007944.148))"
喜山期,1057,15398626.94,5003444.148,0.0235530047572496,0.0003556152904824,4,0.0,1.0,True,0.9301825993555316,0.4989258861439312,0.0,0.8008055853920515,"POLYGON ((15397126.94 5004944.148, 15400126.94 5004944.148, 15400126.94 5001944.148, 15397126.94 5001944.148, 15397126.94 5004944.148))"
喜山期,1058,15398626.94,5000444.148,0.0234168597447156,0.0003556152904824,4,0.0,1.0,True,0.9237379162191192,0.4989258861439312,0.0,0.7962943071965628,"POLYGON ((15397126.94 5001944.148, 15400126.94 5001944.148, 15400126.94 4998944.148, 15397126.94 4998944.148, 15397126.94 5001944.148))"
喜山期,1059,15398626.94,4997444.148,0.0231706257658412,0.0003556152904824,4,0.0,1.0,True,0.9129967776584318,0.4989258861439312,0.0,0.7887755102040815,"POLYGON ((15397126.94 4998944.148, 15400126.94 4998944.148, 15400126.94 4995944.148, 15397126.94 4995944.148, 15397126.94 4998944.148))"
喜山期,1060,15398626.94,4994444.148,0.02281631839714,0.0003556152904824,4,0.0,1.0,True,0.8986752595775153,0.4989258861439312,0.0,0.77875044754744,"POLYGON ((15397126.94 4995944.148, 15400126.94 4995944.148, 15400126.94 4992944.148, 15397126.94 4992944.148, 15397126.94 4995944.148))"
喜山期,1061,15398626.94,4991444.148,0.0223550964422081,0.0003556152904824,4,0.0,1.0,True,0.8789831722162549,0.4989258861439312,0.0,0.7649659863945577,"POLYGON ((15397126.94 4992944.148, 15400126.94 4992944.148, 15400126.94 4989944.148, 15397126.94 4989944.148, 15397126.94 4992944.148))"
喜山期,1062,15398626.94,4988444.148,0.0217870826374974,0.0003556152904824,4,0.0,1.0,True,0.85750089509488,0.4989258861439312,0.0,0.7499283924095954,"POLYGON ((15397126.94 4989944.148, 15400126.94 4989944.148, 15400126.94 4986944.148, 15397126.94 4986944.148, 15397126.94 4989944.148))"
喜山期,1063,15398626.94,4985444.148,0.0211112506805,0.0003556152904824,4,0.0,1.0,True,0.8295739348370927,0.4989258861439312,0.0,0.7303795202291442,"POLYGON ((15397126.94 4986944.148, 15400126.94 4986944.148, 15400126.94 4983944.148, 15397126.94 4983944.148, 15397126.94 4986944.148))"
喜山期,1064,15398626.94,4982444.148,0.0203256902008451,0.0003556152904824,4,0.0,0.0,False,0.798782670963122,0.4989258861439312,0.0,0.7088256355173648,"POLYGON ((15397126.94 4983944.148, 15400126.94 4983944.148, 15400126.94 4980944.148, 15397126.94 4980944.148, 15397126.94 4983944.148))"
喜山期,1065,15398626.94,4979444.148,0.0194284184469181,0.0003556152904824,4,0.0,0.0,False,0.7694235588972431,0.4989258861439312,0.0,0.6882742570712496,"POLYGON ((15397126.94 4980944.148, 15400126.94 4980944.148, 15400126.94 4977944.148, 15397126.94 4977944.148, 15397126.94 4980944.148))"
喜山期,1066,15398626.94,4976444.148,0.0184186233368022,0.0003556152904824,4,0.0,0.0,False,0.736484067311135,0.4989258861439312,0.0,0.6652166129609739,"POLYGON ((15397126.94 4977944.148, 15400126.94 4977944.148, 15400126.94 4974944.148, 15397126.94 4974944.148, 15397126.94 4977944.148))"
喜山期,1067,15398626.94,4973444.148,0.0172979191998848,0.0003556152904824,4,0.0,0.0,False,0.7021124239169352,0.4989258861439312,0.0,0.6411564625850339,"POLYGON ((15397126.94 4974944.148, 15400126.94 4974944.148, 15400126.94 4971944.148, 15397126.94 4971944.148, 15397126.94 4974944.148))"
喜山期,1068,15398626.94,4970444.148,0.0160710586111717,0.0003556152904824,4,0.0,0.0,False,0.6630862871464375,0.4989258861439312,0.0,0.6138381668456856,"POLYGON ((15397126.94 4971944.148, 15400126.94 4971944.148, 15400126.94 4968944.148, 15397126.94 4968944.148, 15397126.94 4971944.148))"
喜山期,1069,15398626.94,4967444.148,0.0147456896769635,0.0003556152904824,4,0.0,0.0,False,0.6176154672395274,0.4989258861439312,0.0,0.5820085929108485,"POLYGON ((15397126.94 4968944.148, 15400126.94 4968944.148, 15400126.94 4965944.148, 15397126.94 4965944.148, 15397126.94 4968944.148))"
喜山期,1070,15398626.94,4964444.148,0.0133311309753285,0.0003556152904824,4,0.0,0.0,False,0.5696383816684568,0.4989258861439312,0.0,0.5484246330110991,"POLYGON ((15397126.94 4965944.148, 15400126.94 4965944.148, 15400126.94 4962944.148, 15397126.94 4962944.148, 15397126.94 4965944.148))"
喜山期,1071,15398626.94,4961444.148,0.0118365514998703,0.0003556152904824,4,0.0,0.0,False,0.5134264232008593,0.4989258861439312,0.0,0.5090762620837809,"POLYGON ((15397126.94 4962944.148, 15400126.94 4962944.148, 15400126.94 4959944.148, 15397126.94 4959944.148, 15397126.94 4962944.148))"
喜山期,1072,15398626.94,4958444.148,0.0102691487141726,0.0003556152904824,4,0.0,0.0,False,0.4547081990691013,0.4989258861439312,0.0,0.4679735051915503,"POLYGON ((15397126.94 4959944.148, 15400126.94 4959944.148, 15400126.94 4956944.148, 15397126.94 4956944.148, 15397126.94 4959944.148))"
喜山期,1073,15398626.94,4955444.148,0.0086327851773013,0.0003556152904824,4,0.0,0.0,False,0.3827425707124955,0.4989258861439312,0.0,0.4175975653419262,"POLYGON ((15397126.94 4956944.148, 15400126.94 4956944.148, 15400126.94 4953944.148, 15397126.94 4953944.148, 15397126.94 4956944.148))"
喜山期,1074,15398626.94,4952444.148,0.0069271170296036,0.0003556152904824,4,0.0,0.0,False,0.3057644110275689,0.4989258861439312,0.0,0.3637128535624776,"POLYGON ((15397126.94 4953944.148, 15400126.94 4953944.148, 15400126.94 4950944.148, 15397126.94 4950944.148, 15397126.94 4953944.148))"
喜山期,1075,15398626.94,4949444.148,0.0051466288267161,0.0003556152904824,4,0.0,0.0,False,0.2230576441102756,0.4989258861439312,0.0,0.3058181167203723,"POLYGON ((15397126.94 4950944.148, 15400126.94 4950944.148, 15400126.94 4947944.148, 15397126.94 4947944.148, 15397126.94 4950944.148))"
喜山期,1076,15398626.94,4946444.148,0.0032779410897895,0.0003556152904824,4,0.0,0.0,False,0.1417830290010741,0.4989258861439312,0.0,0.2489258861439312,"POLYGON ((15397126.94 4947944.148, 15400126.94 4947944.148, 15400126.94 4944944.148, 15397126.94 4944944.148, 15397126.94 4947944.148))"
喜山期,1077,15398626.94,4943444.148,0.001289927652198,0.0003556152904824,3,0.0,0.0,False,0.0622986036519871,0.4989258861439312,0.0,0.1932867883995703,"POLYGON ((15397126.94 4944944.148, 15400126.94 4944944.148, 15400126.94 4941944.148, 15397126.94 4941944.148, 15397126.94 4944944.148))"
喜山期,1078,15401626.94,5087444.148,0.0012963772158444,0.0003556152904824,3,0.0,0.0,False,0.0683852488363766,0.4989258861439312,0.0,0.197547440028643,"POLYGON ((15400126.94 5088944.148, 15403126.94 5088944.148, 15403126.94 5085944.148, 15400126.94 5085944.148, 15400126.94 5088944.148))"
喜山期,1079,15401626.94,5084444.148,0.0033005059988364,0.0003556152904824,4,0.0,0.0,False,0.1453634085213032,0.4989258861439312,0.0,0.2514321518080916,"POLYGON ((15400126.94 5085944.148, 15403126.94 5085944.148, 15403126.94 5082944.148, 15400126.94 5082944.148, 15400126.94 5085944.148))"
喜山期,1080,15401626.94,5081444.148,0.0051904662162135,0.0003556152904824,4,0.0,0.0,False,0.2262799856784819,0.4989258861439312,0.0,0.3080737558181167,"POLYGON ((15400126.94 5082944.148, 15403126.94 5082944.148, 15403126.94 5079944.148, 15400126.94 5079944.148, 15400126.94 5082944.148))"
喜山期,1081,15401626.94,5078444.148,0.006997331292016,0.0003556152904824,4,0.0,0.0,False,0.3114930182599355,0.4989258861439312,0.0,0.3677228786251342,"POLYGON ((15400126.94 5079944.148, 15403126.94 5079944.148, 15403126.94 5076944.148, 15400126.94 5076944.148, 15400126.94 5079944.148))"
喜山期,1082,15401626.94,5075444.148,0.0087344992238695,0.0003556152904824,4,0.0,0.0,False,0.3899033297529538,0.4989258861439312,0.0,0.422610096670247,"POLYGON ((15400126.94 5076944.148, 15403126.94 5076944.148, 15403126.94 5073944.148, 15400126.94 5073944.148, 15400126.94 5076944.148))"
喜山期,1083,15401626.94,5072444.148,0.0104070445867664,0.0003556152904824,4,0.0,0.0,False,0.4597207303974221,0.4989258861439312,0.0,0.4714822771213748,"POLYGON ((15400126.94 5073944.148, 15403126.94 5073944.148, 15403126.94 5070944.148, 15400126.94 5070944.148, 15400126.94 5073944.148))"
喜山期,1084,15401626.94,5069444.148,0.0120139335329887,0.0003556152904824,4,0.0,0.0,False,0.5205871822413176,0.4989258861439312,0.0,0.5140887934121017,"POLYGON ((15400126.94 5070944.148, 15403126.94 5070944.148, 15403126.94 5067944.148, 15400126.94 5067944.148, 15400126.94 5070944.148))"
喜山期,1085,15401626.94,5066444.148,0.0135486930500165,0.0003556152904824,4,0.0,0.0,False,0.5771571786609381,0.4989258861439312,0.0,0.553687790905836,"POLYGON ((15400126.94 5067944.148, 15403126.94 5067944.148, 15403126.94 5064944.148, 15400126.94 5064944.148, 15400126.94 5067944.148))"
喜山期,1086,15401626.94,5063444.148,0.0150003804845723,0.0003556152904824,4,0.0,0.0,False,0.6265664160401002,0.4989258861439312,0.0,0.5882742570712495,"POLYGON ((15400126.94 5064944.148, 15403126.94 5064944.148, 15403126.94 5061944.148, 15400126.94 5061944.148, 15400126.94 5064944.148))"
喜山期,1087,15401626.94,5060444.148,0.0163555324082569,0.0003556152904824,4,0.0,0.0,False,0.6698890082348729,0.4989258861439312,0.0,0.6186000716075903,"POLYGON ((15400126.94 5061944.148, 15403126.94 5061944.148, 15403126.94 5058944.148, 15400126.94 5058944.148, 15400126.94 5061944.148))"
喜山期,1088,15401626.94,5057444.148,0.0176009136965274,0.0003556152904824,4,0.0,0.0,False,0.7089151450053706,0.4989258861439312,0.0,0.6459183673469387,"POLYGON ((15400126.94 5058944.148, 15403126.94 5058944.148, 15403126.94 5055944.148, 15400126.94 5055944.148, 15400126.94 5058944.148))"
喜山期,1089,15401626.94,5054444.148,0.0187262545032461,0.0003556152904824,4,0.0,0.0,False,0.7454350161117078,0.4989258861439312,0.0,0.6714822771213749,"POLYGON ((15400126.94 5055944.148, 15403126.94 5055944.148, 15403126.94 5052944.148, 15400126.94 5052944.148, 15400126.94 5055944.148))"
喜山期,1090,15401626.94,5051444.148,0.0197260053526212,0.0003556152904824,4,0.0,0.0,False,0.7787325456498388,0.4989258861439312,0.0,0.6947905477980665,"POLYGON ((15400126.94 5052944.148, 15403126.94 5052944.148, 15403126.94 5049944.148, 15400126.94 5049944.148, 15400126.94 5052944.148))"
喜山期,1091,15401626.94,5048444.148,0.0205995310705283,0.0003556152904824,4,0.0,1.0,True,0.8095238095238095,0.4989258861439312,0.0,0.716344432509846,"POLYGON ((15400126.94 5049944.148, 15403126.94 5049944.148, 15403126.94 5046944.148, 15400126.94 5046944.148, 15400126.94 5049944.148))"
喜山期,1092,15401626.94,5045444.148,0.0213498557441016,0.0003556152904824,4,0.0,1.0,True,0.8374507697815968,0.4989258861439312,0.0,0.7358933046902971,"POLYGON ((15400126.94 5046944.148, 15403126.94 5046944.148, 15403126.94 5043944.148, 15400126.94 5043944.148, 15400126.94 5046944.148))"
喜山期,1093,15401626.94,5042444.148,0.0219816472015928,0.0003556152904824,4,0.0,1.0,True,0.8643036161833154,0.4989258861439312,0.0,0.7546902971715002,"POLYGON ((15400126.94 5043944.148, 15403126.94 5043944.148, 15403126.94 5040944.148, 15400126.94 5040944.148, 15400126.94 5043944.148))"
喜山期,1094,15401626.94,5039444.148,0.0224992853637119,0.0003556152904824,4,0.0,1.0,True,0.8839957035445757,0.4989258861439312,0.0,0.7684747583243823,"POLYGON ((15400126.94 5040944.148, 15403126.94 5040944.148, 15403126.94 5037944.148, 15400126.94 5037944.148, 15400126.94 5040944.148))"
喜山期,1095,15401626.94,5036444.148,0.0229055803570168,0.0003556152904824,4,0.0,1.0,True,0.9022556390977444,0.4989258861439312,0.0,0.7812567132116004,"POLYGON ((15400126.94 5037944.148, 15403126.94 5037944.148, 15403126.94 5034944.148, 15400126.94 5034944.148, 15400126.94 5037944.148))"
喜山期,1096,15401626.94,5033444.148,0.0232012244176622,0.0003556152904824,4,0.0,1.0,True,0.9151450053705692,0.4989258861439312,0.0,0.7902792696025779,"POLYGON ((15400126.94 5034944.148, 15403126.94 5034944.148, 15403126.94 5031944.148, 15400126.94 5031944.148, 15400126.94 5034944.148))"
喜山期,1097,15401626.94,5030444.148,0.0233846342339826,0.0003556152904824,4,0.0,1.0,True,0.9226638023630503,0.4989258861439312,0.0,0.7955424274973146,"POLYGON ((15400126.94 5031944.148, 15403126.94 5031944.148, 15403126.94 5028944.148, 15400126.94 5028944.148, 15400126.94 5031944.148))"
喜山期,1098,15401626.94,5027444.148,0.0234514977128105,0.0003556152904824,4,0.0,1.0,True,0.925528105979234,0.4989258861439312,0.0,0.7975474400286431,"POLYGON ((15400126.94 5028944.148, 15403126.94 5028944.148, 15403126.94 5025944.148, 15400126.94 5025944.148, 15400126.94 5028944.148))"
喜山期,1099,15401626.94,5024444.148,0.0233924127897977,0.0003556152904824,4,0.0,1.0,True,0.9230218403150734,0.4989258861439312,0.0,0.7957930540637307,"POLYGON ((15400126.94 5025944.148, 15403126.94 5025944.148, 15403126.94 5022944.148, 15400126.94 5022944.148, 15400126.94 5025944.148))"
喜山期,1100,15401626.94,5021444.148,0.0241295261869013,0.0003556152904824,4,0.0,1.0,True,0.9634801288936627,0.4989258861439312,0.0,0.8241138560687432,"POLYGON ((15400126.94 5022944.148, 15403126.94 5022944.148, 15403126.94 5019944.148, 15400126.94 5019944.148, 15400126.94 5022944.148))"
喜山期,1101,15401626.94,5018444.148,0.0237685485632109,0.0003556152904824,4,0.0,1.0,True,0.9405656999641964,0.4989258861439312,0.0,0.8080737558181167,"POLYGON ((15400126.94 5019944.148, 15403126.94 5019944.148, 15403126.94 5016944.148, 15400126.94 5016944.148, 15400126.94 5019944.148))"
喜山期,1102,15401626.94,5015444.148,0.0242453238793677,0.0003556152904824,4,0.0,1.0,True,0.9717150017901898,0.4989258861439312,0.0,0.8298782670963122,"POLYGON ((15400126.94 5016944.148, 15403126.94 5016944.148, 15403126.94 5013944.148, 15400126.94 5013944.148, 15400126.94 5016944.148))"
喜山期,1103,15401626.94,5012444.148,0.0235996894748059,0.0003556152904824,4,0.0,1.0,True,0.9337629788757608,0.4989258861439312,0.0,0.803311851056212,"POLYGON ((15400126.94 5013944.148, 15403126.94 5013944.148, 15403126.94 5010944.148, 15400126.94 5010944.148, 15400126.94 5013944.148))"
喜山期,1104,15401626.94,5009444.148,0.0238319998533382,0.0003556152904824,4,0.0,1.0,True,0.9434300035803797,0.4989258861439312,0.0,0.810078768349445,"POLYGON ((15400126.94 5010944.148, 15403126.94 5010944.148, 15403126.94 5007944.148, 15400126.94 5007944.148, 15400126.94 5010944.148))"
喜山期,1105,15401626.94,5006444.148,0.0239368328137668,0.0003556152904824,4,0.0,1.0,True,0.9520229144289296,0.4989258861439312,0.0,0.81609380594343,"POLYGON ((15400126.94 5007944.148, 15403126.94 5007944.148, 15403126.94 5004944.148, 15400126.94 5004944.148, 15400126.94 5007944.148))"
喜山期,1106,15401626.94,5003444.148,0.0239232403612504,0.0003556152904824,4,0.0,1.0,True,0.9502327246688148,0.4989258861439312,0.0,0.8148406731113498,"POLYGON ((15400126.94 5004944.148, 15403126.94 5004944.148, 15403126.94 5001944.148, 15400126.94 5001944.148, 15400126.94 5004944.148))"
喜山期,1107,15401626.94,5000444.148,0.0237956402332913,0.0003556152904824,4,0.0,1.0,True,0.941639813820265,0.4989258861439312,0.0,0.8088256355173649,"POLYGON ((15400126.94 5001944.148, 15403126.94 5001944.148, 15403126.94 4998944.148, 15400126.94 4998944.148, 15400126.94 5001944.148))"
喜山期,1108,15401626.94,4997444.148,0.023556386192514,0.0003556152904824,4,0.0,1.0,True,0.9305406373075548,0.4989258861439312,0.0,0.8010562119584675,"POLYGON ((15400126.94 4998944.148, 15403126.94 4998944.148, 15403126.94 4995944.148, 15400126.94 4995944.148, 15400126.94 4998944.148))"
喜山期,1109,15401626.94,4994444.148,0.0232063692876502,0.0003556152904824,4,0.0,1.0,True,0.9158610812746152,0.4989258861439312,0.0,0.7907805227354099,"POLYGON ((15400126.94 4995944.148, 15403126.94 4995944.148, 15403126.94 4992944.148, 15400126.94 4992944.148, 15400126.94 4995944.148))"
喜山期,1110,15401626.94,4991444.148,0.0227450920658411,0.0003556152904824,4,0.0,1.0,True,0.8943788041532402,0.4989258861439312,0.0,0.7757429287504475,"POLYGON ((15400126.94 4992944.148, 15403126.94 4992944.148, 15403126.94 4989944.148, 15400126.94 4989944.148, 15400126.94 4992944.148))"
喜山期,1111,15401626.94,4988444.148,0.022170738095224,0.0003556152904824,4,0.0,1.0,True,0.8707482993197279,0.4989258861439312,0.0,0.7592015753669888,"POLYGON ((15400126.94 4989944.148, 15403126.94 4989944.148, 15403126.94 4986944.148, 15400126.94 4986944.148, 15400126.94 4989944.148))"
喜山期,1112,15401626.94,4985444.148,0.021480569249691,0.0003556152904824,4,0.0,1.0,True,0.8438954529180093,0.4989258861439312,0.0,0.7404045828857858,"POLYGON ((15400126.94 4986944.148, 15403126.94 4986944.148, 15403126.94 4983944.148, 15400126.94 4983944.148, 15400126.94 4986944.148))"
喜山期,1113,15401626.94,4982444.148,0.0206718227687233,0.0003556152904824,4,0.0,1.0,True,0.8131041890440387,0.4989258861439312,0.0,0.7188506981740064,"POLYGON ((15400126.94 4983944.148, 15403126.94 4983944.148, 15403126.94 4980944.148, 15400126.94 4980944.148, 15400126.94 4983944.148))"
喜山期,1114,15401626.94,4979444.148,0.0197430244303528,0.0003556152904824,4,0.0,0.0,False,0.7801646974579305,0.4989258861439312,0.0,0.6957930540637307,"POLYGON ((15400126.94 4980944.148, 15403126.94 4980944.148, 15403126.94 4977944.148, 15400126.94 4977944.148, 15400126.94 4980944.148))"
喜山期,1115,15401626.94,4976444.148,0.018695347528782,0.0003556152904824,4,0.0,0.0,False,0.7440028643036162,0.4989258861439312,0.0,0.6704797708557106,"POLYGON ((15400126.94 4977944.148, 15403126.94 4977944.148, 15403126.94 4974944.148, 15400126.94 4974944.148, 15400126.94 4977944.148))"
喜山期,1116,15401626.94,4973444.148,0.0175334843536162,0.0003556152904824,4,0.0,0.0,False,0.706766917293233,0.4989258861439312,0.0,0.6444146079484425,"POLYGON ((15400126.94 4974944.148, 15403126.94 4974944.148, 15403126.94 4971944.148, 15400126.94 4971944.148, 15400126.94 4974944.148))"
喜山期,1117,15401626.94,4970444.148,0.0162655864551949,0.0003556152904824,4,0.0,0.0,False,0.6670247046186896,0.4989258861439312,0.0,0.6165950590762621,"POLYGON ((15400126.94 4971944.148, 15403126.94 4971944.148, 15403126.94 4968944.148, 15400126.94 4968944.148, 15400126.94 4971944.148))"
喜山期,1118,15401626.94,4967444.148,0.0149021673389444,0.0003556152904824,4,0.0,0.0,False,0.6219119226638024,0.4989258861439312,0.0,0.585016111707841,"POLYGON ((15400126.94 4968944.148, 15403126.94 4968944.148, 15403126.94 4965944.148, 15400126.94 4965944.148, 15400126.94 4968944.148))"
喜山期,1119,15401626.94,4964444.148,0.0134542836562232,0.0003556152904824,4,0.0,0.0,False,0.5735767991407089,0.4989258861439312,0.0,0.5511815252416756,"POLYGON ((15400126.94 4965944.148, 15403126.94 4965944.148, 15403126.94 4962944.148, 15400126.94 4962944.148, 15400126.94 4965944.148))"
喜山期,1120,15401626.94,4961444.148,0.0119315863598304,0.0003556152904824,4,0.0,0.0,False,0.5159326888650196,0.4989258861439312,0.0,0.510830648048693,"POLYGON ((15400126.94 4962944.148, 15403126.94 4962944.148, 15403126.94 4959944.148, 15400126.94 4959944.148, 15400126.94 4962944.148))"
喜山期,1121,15401626.94,4958444.148,0.0103408046977576,0.0003556152904824,4,0.0,0.0,False,0.4568564267812388,0.4989258861439312,0.0,0.4694772645900465,"POLYGON ((15400126.94 4959944.148, 15403126.94 4959944.148, 15403126.94 4956944.148, 15400126.94 4956944.148, 15400126.94 4959944.148))"
喜山期,1122,15401626.94,4955444.148,0.0086849051976337,0.0003556152904824,4,0.0,0.0,False,0.3881131399928392,0.4989258861439312,0.0,0.4213569638381668,"POLYGON ((15400126.94 4956944.148, 15403126.94 4956944.148, 15403126.94 4953944.148, 15400126.94 4953944.148, 15400126.94 4956944.148))"
喜山期,1123,15401626.94,4952444.148,0.0069626995404769,0.0003556152904824,4,0.0,0.0,False,0.3082706766917293,0.4989258861439312,0.0,0.3654672395273899,"POLYGON ((15400126.94 4953944.148, 15403126.94 4953944.148, 15403126.94 4950944.148, 15400126.94 4950944.148, 15400126.94 4953944.148))"
喜山期,1124,15401626.94,4949444.148,0.0051681604432479,0.0003556152904824,4,0.0,0.0,False,0.2244897959183673,0.4989258861439312,0.0,0.3068206229860365,"POLYGON ((15400126.94 4950944.148, 15403126.94 4950944.148, 15403126.94 4947944.148, 15400126.94 4947944.148, 15400126.94 4950944.148))"
喜山期,1125,15401626.94,4946444.148,0.0032878217816303,0.0003556152904824,4,0.0,0.0,False,0.1432151808091657,0.4989258861439312,0.0,0.2499283924095954,"POLYGON ((15400126.94 4947944.148, 15403126.94 4947944.148, 15403126.94 4944944.148, 15400126.94 4944944.148, 15400126.94 4947944.148))"
喜山期,1126,15401626.94,4943444.148,0.0012909724864669,0.0003556152904824,3,0.0,0.0,False,0.0630146795560329,0.4989258861439312,0.0,0.1937880415324024,"POLYGON ((15400126.94 4944944.148, 15403126.94 4944944.148, 15403126.94 4941944.148, 15400126.94 4941944.148, 15400126.94 4944944.148))"
喜山期,1127,15404626.94,5087444.148,0.0012967975208629,0.0003556152904824,3,0.0,0.0,False,0.0691013247404224,0.4989258861439312,0.0,0.1980486931614751,"POLYGON ((15403126.94 5088944.148, 15406126.94 5088944.148, 15406126.94 5085944.148, 15403126.94 5085944.148, 15403126.94 5088944.148))"
喜山期,1128,15404626.94,5084444.148,0.0033078391667211,0.0003556152904824,4,0.0,0.0,False,0.1475116362334407,0.4989258861439312,0.0,0.2529359112065878,"POLYGON ((15403126.94 5085944.148, 15406126.94 5085944.148, 15406126.94 5082944.148, 15403126.94 5082944.148, 15403126.94 5085944.148))"
喜山期,1129,15404626.94,5081444.148,0.005207000546048,0.0003556152904824,4,0.0,0.0,False,0.2284282133906194,0.4989258861439312,0.0,0.3095775152166129,"POLYGON ((15403126.94 5082944.148, 15406126.94 5082944.148, 15406126.94 5079944.148, 15403126.94 5079944.148, 15403126.94 5082944.148))"
喜山期,1130,15404626.94,5078444.148,0.0070250720443735,0.0003556152904824,4,0.0,0.0,False,0.3143573218761188,0.4989258861439312,0.0,0.3697278911564625,"POLYGON ((15403126.94 5079944.148, 15406126.94 5079944.148, 15406126.94 5076944.148, 15403126.94 5076944.148, 15403126.94 5079944.148))"
喜山期,1131,15404626.94,5075444.148,0.008775719551266,0.0003556152904824,4,0.0,0.0,False,0.3938417472252059,0.4989258861439312,0.0,0.4253669889008235,"POLYGON ((15403126.94 5076944.148, 15406126.94 5076944.148, 15406126.94 5073944.148, 15403126.94 5073944.148, 15403126.94 5076944.148))"
喜山期,1132,15404626.94,5072444.148,0.0104648167924765,0.0003556152904824,4,0.0,0.0,False,0.4625850340136054,0.4989258861439312,0.0,0.4734872896527032,"POLYGON ((15403126.94 5073944.148, 15406126.94 5073944.148, 15406126.94 5070944.148, 15403126.94 5070944.148, 15403126.94 5073944.148))"
喜山期,1133,15404626.94,5069444.148,0.0120925362380558,0.0003556152904824,4,0.0,0.0,False,0.5259577515216612,0.4989258861439312,0.0,0.5178481919083422,"POLYGON ((15403126.94 5070944.148, 15406126.94 5070944.148, 15406126.94 5067944.148, 15403126.94 5067944.148, 15403126.94 5070944.148))"
喜山期,1134,15404626.94,5066444.148,0.0136535910625615,0.0003556152904824,4,0.0,0.0,False,0.5810955961331902,0.4989258861439312,0.0,0.5564446831364125,"POLYGON ((15403126.94 5067944.148, 15406126.94 5067944.148, 15406126.94 5064944.148, 15403126.94 5064944.148, 15403126.94 5067944.148))"
喜山期,1135,15404626.94,5063444.148,0.0151375017183187,0.0003556152904824,4,0.0,0.0,False,0.6330110991765127,0.4989258861439312,0.0,0.5927855352667382,"POLYGON ((15403126.94 5064944.148, 15406126.94 5064944.148, 15406126.94 5061944.148, 15403126.94 5061944.148, 15403126.94 5064944.148))"
喜山期,1136,15404626.94,5060444.148,0.0165298472241702,0.0003556152904824,4,0.0,0.0,False,0.6763336913712854,0.4989258861439312,0.0,0.6231113498030791,"POLYGON ((15403126.94 5061944.148, 15406126.94 5061944.148, 15406126.94 5058944.148, 15403126.94 5058944.148, 15403126.94 5061944.148))"
喜山期,1137,15404626.94,5057444.148,0.0178147348237512,0.0003556152904824,4,0.0,0.0,False,0.7157178660938059,0.4989258861439312,0.0,0.6506802721088435,"POLYGON ((15403126.94 5058944.148, 15406126.94 5058944.148, 15406126.94 5055944.148, 15403126.94 5055944.148, 15403126.94 5058944.148))"
喜山期,1138,15404626.94,5054444.148,0.0189779597730414,0.0003556152904824,4,0.0,0.0,False,0.7529538131041891,0.4989258861439312,0.0,0.6767454350161117,"POLYGON ((15403126.94 5055944.148, 15406126.94 5055944.148, 15406126.94 5052944.148, 15403126.94 5052944.148, 15403126.94 5055944.148))"
喜山期,1139,15404626.94,5051444.148,0.0200098129887025,0.0003556152904824,4,0.0,0.0,False,0.7869674185463659,0.4989258861439312,0.0,0.7005549588256355,"POLYGON ((15403126.94 5052944.148, 15406126.94 5052944.148, 15406126.94 5049944.148, 15403126.94 5049944.148, 15403126.94 5052944.148))"
喜山期,1140,15404626.94,5048444.148,0.0209065167815809,0.0003556152904824,4,0.0,1.0,True,0.8206229860365198,0.4989258861439312,0.0,0.7241138560687432,"POLYGON ((15403126.94 5049944.148, 15406126.94 5049944.148, 15406126.94 5046944.148, 15403126.94 5046944.148, 15403126.94 5049944.148))"
喜山期,1141,15404626.94,5045444.148,0.0216698320186219,0.0003556152904824,4,0.0,1.0,True,0.8524883637665592,0.4989258861439312,0.0,0.7464196204797708,"POLYGON ((15403126.94 5046944.148, 15406126.94 5046944.148, 15406126.94 5043944.148, 15403126.94 5043944.148, 15403126.94 5046944.148))"
喜山期,1142,15404626.94,5042444.148,0.0223051612359908,0.0003556152904824,4,0.0,1.0,True,0.8771929824561403,0.4989258861439312,0.0,0.7637128535624775,"POLYGON ((15403126.94 5043944.148, 15406126.94 5043944.148, 15406126.94 5040944.148, 15403126.94 5040944.148, 15403126.94 5043944.148))"
喜山期,1143,15404626.94,5039444.148,0.0228190289619544,0.0003556152904824,4,0.0,1.0,True,0.8990332975295381,0.4989258861439312,0.0,0.779001074113856,"POLYGON ((15403126.94 5040944.148, 15406126.94 5040944.148, 15406126.94 5037944.148, 15403126.94 5037944.148, 15403126.94 5040944.148))"
喜山期,1144,15404626.94,5036444.148,0.0232168778133422,0.0003556152904824,4,0.0,1.0,True,0.916577157178661,0.4989258861439312,0.0,0.791281775868242,"POLYGON ((15403126.94 5037944.148, 15406126.94 5037944.148, 15406126.94 5034944.148, 15403126.94 5034944.148, 15403126.94 5037944.148))"
喜山期,1145,15404626.94,5033444.148,0.0235017174004357,0.0003556152904824,4,0.0,1.0,True,0.9280343716433942,0.4989258861439312,0.0,0.7993018259935553,"POLYGON ((15403126.94 5034944.148, 15406126.94 5034944.148, 15406126.94 5031944.148, 15403126.94 5031944.148, 15403126.94 5034944.148))"
喜山期,1146,15404626.94,5030444.148,0.0236735642755593,0.0003556152904824,4,0.0,1.0,True,0.9380594343000358,0.4989258861439312,0.0,0.8063193698532044,"POLYGON ((15403126.94 5031944.148, 15406126.94 5031944.148, 15406126.94 5028944.148, 15403126.94 5028944.148, 15403126.94 5031944.148))"
喜山期,1147,15404626.94,5027444.148,0.0237290099009531,0.0003556152904824,4,0.0,1.0,True,0.9387755102040816,0.4989258861439312,0.0,0.8068206229860365,"POLYGON ((15403126.94 5028944.148, 15406126.94 5028944.148, 15406126.94 5025944.148, 15403126.94 5025944.148, 15403126.94 5028944.148))"
喜山期,1148,15404626.94,5024444.148,0.0236591788077654,0.0003556152904824,4,0.0,1.0,True,0.9369853204439672,0.4989258861439312,0.0,0.8055674901539563,"POLYGON ((15403126.94 5025944.148, 15406126.94 5025944.148, 15406126.94 5022944.148, 15403126.94 5022944.148, 15403126.94 5025944.148))"
喜山期,1149,15404626.94,5021444.148,0.0244284169756351,0.0003556152904824,4,0.0,1.0,True,0.9763694951664876,0.4989258861439312,0.0,0.8331364124597207,"POLYGON ((15403126.94 5022944.148, 15406126.94 5022944.148, 15406126.94 5019944.148, 15403126.94 5019944.148, 15403126.94 5022944.148))"
喜山期,1150,15404626.94,5018444.148,0.0239988857419394,0.0003556152904824,4,0.0,1.0,True,0.9545291800930898,0.4989258861439312,0.0,0.8178481919083422,"POLYGON ((15403126.94 5019944.148, 15406126.94 5019944.148, 15406126.94 5016944.148, 15403126.94 5016944.148, 15403126.94 5019944.148))"
喜山期,1151,15404626.94,5015444.148,0.0245410164777549,0.0003556152904824,4,0.0,1.0,True,0.9810239885427856,0.4989258861439312,0.0,0.8363945578231292,"POLYGON ((15403126.94 5016944.148, 15406126.94 5016944.148, 15406126.94 5013944.148, 15403126.94 5013944.148, 15403126.94 5016944.148))"
喜山期,1152,15404626.94,5012444.148,0.0238617906249919,0.0003556152904824,4,0.0,1.0,True,0.9455782312925172,0.4989258861439312,0.0,0.8115825277479413,"POLYGON ((15403126.94 5013944.148, 15406126.94 5013944.148, 15406126.94 5010944.148, 15403126.94 5010944.148, 15403126.94 5013944.148))"
喜山期,1153,15404626.94,5009444.148,0.0241067164013107,0.0003556152904824,4,0.0,1.0,True,0.9606158252774796,0.4989258861439312,0.0,0.822108843537415,"POLYGON ((15403126.94 5010944.148, 15406126.94 5010944.148, 15406126.94 5007944.148, 15403126.94 5007944.148, 15403126.94 5010944.148))"
喜山期,1154,15404626.94,5006444.148,0.0242245622062746,0.0003556152904824,4,0.0,1.0,True,0.970282849982098,0.4989258861439312,0.0,0.8288757608306481,"POLYGON ((15403126.94 5007944.148, 15406126.94 5007944.148, 15406126.94 5004944.148, 15403126.94 5004944.148, 15403126.94 5007944.148))"
喜山期,1155,15404626.94,5003444.148,0.0242240058312567,0.0003556152904824,4,0.0,1.0,True,0.9699248120300752,0.4989258861439312,0.0,0.828625134264232,"POLYGON ((15403126.94 5004944.148, 15406126.94 5004944.148, 15406126.94 5001944.148, 15403126.94 5001944.148, 15403126.94 5004944.148))"
喜山期,1156,15404626.94,5000444.148,0.0241089696140367,0.0003556152904824,4,0.0,1.0,True,0.9609738632295024,0.4989258861439312,0.0,0.8223594701038309,"POLYGON ((15403126.94 5001944.148, 15406126.94 5001944.148, 15406126.94 4998944.148, 15403126.94 4998944.148, 15403126.94 5001944.148))"
喜山期,1157,15404626.94,4997444.148,0.023880888083958,0.0003556152904824,4,0.0,1.0,True,0.9477264590046544,0.4989258861439312,0.0,0.8130862871464375,"POLYGON ((15403126.94 4998944.148, 15406126.94 4998944.148, 15406126.94 4995944.148, 15403126.94 4995944.148, 15403126.94 4998944.148))"
喜山期,1158,15404626.94,4994444.148,0.0235391456038848,0.0003556152904824,4,0.0,1.0,True,0.9294665234514858,0.4989258861439312,0.0,0.8003043322592194,"POLYGON ((15403126.94 4995944.148, 15406126.94 4995944.148, 15406126.94 4992944.148, 15403126.94 4992944.148, 15403126.94 4995944.148))"
喜山期,1159,15404626.94,4991444.148,0.0230812211092971,0.0003556152904824,4,0.0,1.0,True,0.907626208378088,0.4989258861439312,0.0,0.785016111707841,"POLYGON ((15403126.94 4992944.148, 15406126.94 4992944.148, 15406126.94 4989944.148, 15403126.94 4989944.148, 15403126.94 4992944.148))"
喜山期,1160,15404626.94,4988444.148,0.022503140692675,0.0003556152904824,4,0.0,1.0,True,0.8843537414965986,0.4989258861439312,0.0,0.7687253848907983,"POLYGON ((15403126.94 4989944.148, 15406126.94 4989944.148, 15406126.94 4986944.148, 15403126.94 4986944.148, 15403126.94 4989944.148))"
喜山期,1161,15404626.94,4985444.148,0.0218005150020538,0.0003556152904824,4,0.0,1.0,True,0.8582169709989259,0.4989258861439312,0.0,0.7504296455424275,"POLYGON ((15403126.94 4986944.148, 15406126.94 4986944.148, 15406126.94 4983944.148, 15403126.94 4983944.148, 15403126.94 4986944.148))"
喜山期,1162,15404626.94,4982444.148,0.0209701106998881,0.0003556152904824,4,0.0,1.0,True,0.8238453276047261,0.4989258861439312,0.0,0.7263694951664876,"POLYGON ((15403126.94 4983944.148, 15406126.94 4983944.148, 15406126.94 4980944.148, 15403126.94 4980944.148, 15403126.94 4983944.148))"
喜山期,1163,15404626.94,4979444.148,0.0200115619861405,0.0003556152904824,4,0.0,0.0,False,0.7873254564983888,0.4989258861439312,0.0,0.7008055853920515,"POLYGON ((15403126.94 4980944.148, 15406126.94 4980944.148, 15406126.94 4977944.148, 15403126.94 4977944.148, 15403126.94 4980944.148))"
喜山期,1164,15404626.94,4976444.148,0.0189286170438888,0.0003556152904824,4,0.0,0.0,False,0.7515216612960974,0.4989258861439312,0.0,0.6757429287504475,"POLYGON ((15403126.94 4977944.148, 15406126.94 4977944.148, 15406126.94 4974944.148, 15403126.94 4974944.148, 15403126.94 4977944.148))"
喜山期,1165,15404626.94,4973444.148,0.0177293757050843,0.0003556152904824,4,0.0,0.0,False,0.7124955245255997,0.4989258861439312,0.0,0.6484246330110992,"POLYGON ((15403126.94 4974944.148, 15406126.94 4974944.148, 15406126.94 4971944.148, 15403126.94 4971944.148, 15403126.94 4974944.148))"
喜山期,1166,15404626.94,4970444.148,0.0164253190849003,0.0003556152904824,4,0.0,0.0,False,0.6723952738990333,0.4989258861439312,0.0,0.6203544575725026,"POLYGON ((15403126.94 4971944.148, 15406126.94 4971944.148, 15406126.94 4968944.148, 15403126.94 4968944.148, 15403126.94 4971944.148))"
喜山期,1167,15404626.94,4967444.148,0.0150294032900628,0.0003556152904824,4,0.0,0.0,False,0.6290726817042607,0.4989258861439312,0.0,0.5900286430361619,"POLYGON ((15403126.94 4968944.148, 15406126.94 4968944.148, 15406126.94 4965944.148, 15403126.94 4965944.148, 15403126.94 4968944.148))"
喜山期,1168,15404626.94,4964444.148,0.0135538438754575,0.0003556152904824,4,0.0,0.0,False,0.577515216612961,0.4989258861439312,0.0,0.5539384174722521,"POLYGON ((15403126.94 4965944.148, 15406126.94 4965944.148, 15406126.94 4962944.148, 15403126.94 4962944.148, 15403126.94 4965944.148))"
喜山期,1169,15404626.94,4961444.148,0.012008269954137,0.0003556152904824,4,0.0,0.0,False,0.5198711063372717,0.4989258861439312,0.0,0.5135875402792696,"POLYGON ((15403126.94 4962944.148, 15406126.94 4962944.148, 15406126.94 4959944.148, 15403126.94 4959944.148, 15403126.94 4962944.148))"
喜山期,1170,15404626.94,4958444.148,0.0103986601061236,0.0003556152904824,4,0.0,0.0,False,0.4593626924453992,0.4989258861439312,0.0,0.4712316505549588,"POLYGON ((15403126.94 4959944.148, 15406126.94 4959944.148, 15406126.94 4956944.148, 15403126.94 4956944.148, 15403126.94 4959944.148))"
喜山期,1171,15404626.94,4955444.148,0.0087270335923619,0.0003556152904824,4,0.0,0.0,False,0.3895452918009309,0.4989258861439312,0.0,0.4223594701038309,"POLYGON ((15403126.94 4956944.148, 15406126.94 4956944.148, 15406126.94 4953944.148, 15403126.94 4953944.148, 15403126.94 4956944.148))"
喜山期,1172,15404626.94,4952444.148,0.0069914471023362,0.0003556152904824,4,0.0,0.0,False,0.3111349803079126,0.4989258861439312,0.0,0.3674722520587182,"POLYGON ((15403126.94 4953944.148, 15406126.94 4953944.148, 15406126.94 4950944.148, 15403126.94 4950944.148, 15403126.94 4953944.148))"
喜山期,1173,15404626.94,4949444.148,0.0051854783025274,0.0003556152904824,4,0.0,0.0,False,0.225921947726459,0.4989258861439312,0.0,0.3078231292517007,"POLYGON ((15403126.94 4950944.148, 15406126.94 4950944.148, 15406126.94 4947944.148, 15403126.94 4947944.148, 15403126.94 4950944.148))"
喜山期,1174,15404626.94,4946444.148,0.0032956400862241,0.0003556152904824,4,0.0,0.0,False,0.1442892946652345,0.4989258861439312,0.0,0.2506802721088435,"POLYGON ((15403126.94 4947944.148, 15406126.94 4947944.148, 15406126.94 4944944.148, 15403126.94 4944944.148, 15403126.94 4947944.148))"
喜山期,1175,15404626.94,4943444.148,0.0012916087714691,0.0003556152904824,3,0.0,0.0,False,0.0640887934121016,0.4989258861439312,0.0,0.1945399212316505,"POLYGON ((15403126.94 4944944.148, 15406126.94 4944944.148, 15406126.94 4941944.148, 15403126.94 4941944.148, 15403126.94 4944944.148))"
喜山期,1176,15407626.94,5087444.148,0.0012968817069525,0.0003556152904824,3,0.0,0.0,False,0.0694593626924454,0.4989258861439312,0.0,0.1982993197278911,"POLYGON ((15406126.94 5088944.148, 15409126.94 5088944.148, 15409126.94 5085944.148, 15406126.94 5085944.148, 15406126.94 5088944.148))"
喜山期,1177,15407626.94,5084444.148,0.0033132629862429,0.0003556152904824,4,0.0,0.0,False,0.1493018259935553,0.4989258861439312,0.0,0.2541890440386681,"POLYGON ((15406126.94 5085944.148, 15409126.94 5085944.148, 15409126.94 5082944.148, 15406126.94 5082944.148, 15406126.94 5085944.148))"
喜山期,1178,15407626.94,5081444.148,0.0052195549454928,0.0003556152904824,4,0.0,0.0,False,0.2316505549588256,0.4989258861439312,0.0,0.3118331543143573,"POLYGON ((15406126.94 5082944.148, 15409126.94 5082944.148, 15409126.94 5079944.148, 15406126.94 5079944.148, 15406126.94 5082944.148))"
喜山期,1179,15407626.94,5078444.148,0.007046270036197,0.0003556152904824,4,0.0,0.0,False,0.317937701396348,0.4989258861439312,0.0,0.372234156820623,"POLYGON ((15406126.94 5079944.148, 15409126.94 5079944.148, 15409126.94 5076944.148, 15406126.94 5076944.148, 15406126.94 5079944.148))"
喜山期,1180,15407626.94,5075444.148,0.008807232885712,0.0003556152904824,4,0.0,0.0,False,0.3970640887934121,0.4989258861439312,0.0,0.4276226279985678,"POLYGON ((15406126.94 5076944.148, 15409126.94 5076944.148, 15409126.94 5073944.148, 15406126.94 5073944.148, 15406126.94 5076944.148))"
喜山期,1181,15407626.94,5072444.148,0.0105089442003577,0.0003556152904824,4,0.0,0.0,False,0.4665234514858575,0.4989258861439312,0.0,0.4762441818832796,"POLYGON ((15406126.94 5073944.148, 15409126.94 5073944.148, 15409126.94 5070944.148, 15406126.94 5070944.148, 15406126.94 5073944.148))"
喜山期,1182,15407626.94,5069444.148,0.0121526604557623,0.0003556152904824,4,0.0,0.0,False,0.5302542069459363,0.4989258861439312,0.0,0.5208557107053348,"POLYGON ((15406126.94 5070944.148, 15409126.94 5070944.148, 15409126.94 5067944.148, 15406126.94 5067944.148, 15406126.94 5070944.148))"
喜山期,1183,15407626.94,5066444.148,0.013734371732389,0.0003556152904824,4,0.0,0.0,False,0.585750089509488,0.4989258861439312,0.0,0.559702828499821,"POLYGON ((15406126.94 5067944.148, 15409126.94 5067944.148, 15409126.94 5064944.148, 15406126.94 5064944.148, 15406126.94 5067944.148))"
喜山期,1184,15407626.94,5063444.148,0.0152444851518917,0.0003556152904824,4,0.0,0.0,False,0.6355173648406731,0.4989258861439312,0.0,0.5945399212316504,"POLYGON ((15406126.94 5064944.148, 15409126.94 5064944.148, 15409126.94 5061944.148, 15406126.94 5061944.148, 15406126.94 5064944.148))"
喜山期,1185,15407626.94,5060444.148,0.0166683375243792,0.0003556152904824,4,0.0,0.0,False,0.6813462226996062,0.4989258861439312,0.0,0.6266201217329037,"POLYGON ((15406126.94 5061944.148, 15409126.94 5061944.148, 15409126.94 5058944.148, 15406126.94 5058944.148, 15406126.94 5061944.148))"
喜山期,1186,15407626.94,5057444.148,0.0179881421741387,0.0003556152904824,4,0.0,0.0,False,0.7214464733261726,0.4989258861439312,0.0,0.6546902971715002,"POLYGON ((15406126.94 5058944.148, 15409126.94 5058944.148, 15409126.94 5055944.148, 15406126.94 5055944.148, 15406126.94 5058944.148))"
喜山期,1187,15407626.94,5054444.148,0.019186224725259,0.0003556152904824,4,0.0,0.0,False,0.761546723952739,0.4989258861439312,0.0,0.6827604726100966,"POLYGON ((15406126.94 5055944.148, 15409126.94 5055944.148, 15409126.94 5052944.148, 15406126.94 5052944.148, 15406126.94 5055944.148))"
喜山期,1188,15407626.94,5051444.148,0.0202486309233959,0.0003556152904824,4,0.0,0.0,False,0.7959183673469388,0.4989258861439312,0.0,0.7068206229860364,"POLYGON ((15406126.94 5052944.148, 15409126.94 5052944.148, 15409126.94 5049944.148, 15406126.94 5049944.148, 15406126.94 5052944.148))"
喜山期,1189,15407626.94,5048444.148,0.021167810731174,0.0003556152904824,4,0.0,1.0,True,0.8310060866451844,0.4989258861439312,0.0,0.7313820264948084,"POLYGON ((15406126.94 5049944.148, 15409126.94 5049944.148, 15409126.94 5046944.148, 15406126.94 5046944.148, 15406126.94 5049944.148))"
喜山期,1190,15407626.94,5045444.148,0.0219433624003209,0.0003556152904824,4,0.0,1.0,True,0.8635875402792696,0.4989258861439312,0.0,0.754189044038668,"POLYGON ((15406126.94 5046944.148, 15409126.94 5046944.148, 15409126.94 5043944.148, 15406126.94 5043944.148, 15406126.94 5046944.148))"
喜山期,1191,15407626.94,5042444.148,0.0225806404509397,0.0003556152904824,4,0.0,1.0,True,0.8900823487289653,0.4989258861439312,0.0,0.772735409953455,"POLYGON ((15406126.94 5043944.148, 15409126.94 5043944.148, 15409126.94 5040944.148, 15406126.94 5040944.148, 15406126.94 5043944.148))"
喜山期,1192,15407626.94,5039444.148,0.023087934004237,0.0003556152904824,4,0.0,1.0,True,0.907984246330111,0.4989258861439312,0.0,0.7852667382742571,"POLYGON ((15406126.94 5040944.148, 15409126.94 5040944.148, 15409126.94 5037944.148, 15406126.94 5037944.148, 15406126.94 5040944.148))"
喜山期,1193,15407626.94,5036444.148,0.0234734014278303,0.0003556152904824,4,0.0,1.0,True,0.9266022198353026,0.4989258861439312,0.0,0.7982993197278911,"POLYGON ((15406126.94 5037944.148, 15409126.94 5037944.148, 15409126.94 5034944.148, 15406126.94 5034944.148, 15406126.94 5037944.148))"
喜山期,1194,15407626.94,5033444.148,0.0237427760915623,0.0003556152904824,4,0.0,1.0,True,0.9394915861081274,0.4989258861439312,0.0,0.8073218761188685,"POLYGON ((15406126.94 5034944.148, 15409126.94 5034944.148, 15409126.94 5031944.148, 15406126.94 5031944.148, 15406126.94 5034944.148))"
喜山期,1195,15407626.94,5030444.148,0.0238981889961877,0.0003556152904824,4,0.0,1.0,True,0.9484425349087005,0.4989258861439312,0.0,0.8135875402792696,"POLYGON ((15406126.94 5031944.148, 15409126.94 5031944.148, 15409126.94 5028944.148, 15406126.94 5028944.148, 15406126.94 5031944.148))"
喜山期,1196,15407626.94,5027444.148,0.023937591868791,0.0003556152904824,4,0.0,1.0,True,0.9523809523809524,0.4989258861439312,0.0,0.816344432509846,"POLYGON ((15406126.94 5028944.148, 15409126.94 5028944.148, 15409126.94 5025944.148, 15406126.94 5025944.148, 15406126.94 5028944.148))"
喜山期,1197,15407626.94,5024444.148,0.023852967301494,0.0003556152904824,4,0.0,1.0,True,0.9445041174364482,0.4989258861439312,0.0,0.8108306480486931,"POLYGON ((15406126.94 5025944.148, 15409126.94 5025944.148, 15409126.94 5022944.148, 15406126.94 5022944.148, 15406126.94 5025944.148))"
喜山期,1198,15407626.94,5021444.148,0.0246510747131675,0.0003556152904824,4,0.0,1.0,True,0.9842463301109916,0.4989258861439312,0.0,0.8386501969208735,"POLYGON ((15406126.94 5022944.148, 15409126.94 5022944.148, 15409126.94 5019944.148, 15406126.94 5019944.148, 15406126.94 5022944.148))"
喜山期,1199,15407626.94,5018444.148,0.0241428355493806,0.0003556152904824,4,0.0,1.0,True,0.9638381668456856,0.4989258861439312,0.0,0.8243644826351593,"POLYGON ((15406126.94 5019944.148, 15409126.94 5019944.148, 15409126.94 5016944.148, 15406126.94 5016944.148, 15406126.94 5019944.148))"
喜山期,1200,15407626.94,5015444.148,0.0247578314014231,0.0003556152904824,4,0.0,1.0,True,0.9889008234872896,0.4989258861439312,0.0,0.8419083422842821,"POLYGON ((15406126.94 5016944.148, 15409126.94 5016944.148, 15409126.94 5013944.148, 15406126.94 5013944.148, 15406126.94 5016944.148))"
喜山期,1201,15407626.94,5012444.148,0.0240462904315993,0.0003556152904824,4,0.0,1.0,True,0.958109559613319,0.4989258861439312,0.0,0.8203544575725027,"POLYGON ((15406126.94 5013944.148, 15409126.94 5013944.148, 15409126.94 5010944.148, 15406126.94 5010944.148, 15406126.94 5013944.148))"
喜山期,1202,15407626.94,5009444.148,0.0243060862137938,0.0003556152904824,4,0.0,1.0,True,0.9727891156462584,0.4989258861439312,0.0,0.8306301467955602,"POLYGON ((15406126.94 5010944.148, 15409126.94 5010944.148, 15409126.94 5007944.148, 15406126.94 5007944.148, 15406126.94 5010944.148))"
喜山期,1203,15407626.94,5006444.148,0.0244400684782059,0.0003556152904824,4,0.0,1.0,True,0.9774436090225564,0.4989258861439312,0.0,0.8338882921589688,"POLYGON ((15406126.94 5007944.148, 15409126.94 5007944.148, 15409126.94 5004944.148, 15406126.94 5004944.148, 15406126.94 5007944.148))"
喜山期,1204,15407626.94,5003444.148,0.0244563338031662,0.0003556152904824,4,0.0,1.0,True,0.9778016469745792,0.4989258861439312,0.0,0.8341389187253848,"POLYGON ((15406126.94 5004944.148, 15409126.94 5004944.148, 15409126.94 5001944.148, 15406126.94 5001944.148, 15406126.94 5004944.148))"
喜山期,1205,15407626.94,5000444.148,0.024357985817632,0.0003556152904824,4,0.0,1.0,True,0.9752953813104188,0.4989258861439312,0.0,0.8323845327604726,"POLYGON ((15406126.94 5001944.148, 15409126.94 5001944.148, 15409126.94 4998944.148, 15406126.94 4998944.148, 15406126.94 5001944.148))"
喜山期,1206,15407626.94,4997444.148,0.0241451164034148,0.0003556152904824,4,0.0,1.0,True,0.9645542427497314,0.4989258861439312,0.0,0.8248657357679914,"POLYGON ((15406126.94 4998944.148, 15409126.94 4998944.148, 15409126.94 4995944.148, 15406126.94 4995944.148, 15406126.94 4998944.148))"
喜山期,1207,15407626.94,4994444.148,0.0238151599860157,0.0003556152904824,4,0.0,1.0,True,0.9423558897243108,0.4989258861439312,0.0,0.8093268886501969,"POLYGON ((15406126.94 4995944.148, 15409126.94 4995944.148, 15409126.94 4992944.148, 15406126.94 4992944.148, 15406126.94 4995944.148))"
喜山期,1208,15407626.94,4991444.148,0.0233632533083793,0.0003556152904824,4,0.0,1.0,True,0.9223057644110276,0.4989258861439312,0.0,0.7952918009308986,"POLYGON ((15406126.94 4992944.148, 15409126.94 4992944.148, 15409126.94 4989944.148, 15406126.94 4989944.148, 15406126.94 4992944.148))"
喜山期,1209,15407626.94,4988444.148,0.0227832289987787,0.0003556152904824,4,0.0,1.0,True,0.8968850698174007,0.4989258861439312,0.0,0.7774973147153598,"POLYGON ((15406126.94 4989944.148, 15409126.94 4989944.148, 15409126.94 4986944.148, 15406126.94 4986944.148, 15406126.94 4989944.148))"
喜山期,1210,15407626.94,4985444.148,0.0220693751189578,0.0003556152904824,4,0.0,1.0,True,0.8671679197994987,0.4989258861439312,0.0,0.7566953097028284,"POLYGON ((15406126.94 4986944.148, 15409126.94 4986944.148, 15409126.94 4983944.148, 15406126.94 4983944.148, 15406126.94 4986944.148))"
喜山期,1211,15407626.94,4982444.148,0.0212186114333089,0.0003556152904824,4,0.0,1.0,True,0.8320802005012531,0.4989258861439312,0.0,0.7321339061940565,"POLYGON ((15406126.94 4983944.148, 15409126.94 4983944.148, 15409126.94 4980944.148, 15406126.94 4980944.148, 15406126.94 4983944.148))"
喜山期,1212,15407626.94,4979444.148,0.0202323765593575,0.0003556152904824,4,0.0,0.0,False,0.7944862155388471,0.4989258861439312,0.0,0.7058181167203723,"POLYGON ((15406126.94 4980944.148, 15409126.94 4980944.148, 15409126.94 4977944.148, 15406126.94 4977944.148, 15406126.94 4980944.148))"
喜山期,1213,15407626.94,4976444.148,0.0191174792215137,0.0003556152904824,4,0.0,0.0,False,0.7597565341926245,0.4989258861439312,0.0,0.6815073397780165,"POLYGON ((15406126.94 4977944.148, 15409126.94 4977944.148, 15409126.94 4974944.148, 15406126.94 4974944.148, 15406126.94 4977944.148))"
喜山期,1214,15407626.94,4973444.148,0.0178855016582344,0.0003556152904824,4,0.0,0.0,False,0.7189402076620122,0.4989258861439312,0.0,0.6529359112065879,"POLYGON ((15406126.94 4974944.148, 15409126.94 4974944.148, 15409126.94 4971944.148, 15406126.94 4971944.148, 15406126.94 4974944.148))"
喜山期,1215,15407626.94,4970444.148,0.0165509043149323,0.0003556152904824,4,0.0,0.0,False,0.6770497672753312,0.4989258861439312,0.0,0.6236126029359111,"POLYGON ((15406126.94 4971944.148, 15409126.94 4971944.148, 15409126.94 4968944.148, 15406126.94 4968944.148, 15406126.94 4971944.148))"
喜山期,1216,15407626.94,4967444.148,0.0151284811161879,0.0003556152904824,4,0.0,0.0,False,0.6326530612244898,0.4989258861439312,0.0,0.5925349087003222,"POLYGON ((15406126.94 4968944.148, 15409126.94 4968944.148, 15409126.94 4965944.148, 15406126.94 4965944.148, 15406126.94 4968944.148))"
喜山期,1217,15407626.94,4964444.148,0.0136309994862732,0.0003556152904824,4,0.0,0.0,False,0.5800214822771214,0.4989258861439312,0.0,0.5556928034371643,"POLYGON ((15406126.94 4965944.148, 15409126.94 4965944.148, 15409126.94 4962944.148, 15406126.94 4962944.148, 15406126.94 4965944.148))"
喜山期,1218,15407626.94,4961444.148,0.0120676570076368,0.0003556152904824,4,0.0,0.0,False,0.5241675617615468,0.4989258861439312,0.0,0.516595059076262,"POLYGON ((15406126.94 4962944.148, 15409126.94 4962944.148, 15409126.94 4959944.148, 15406126.94 4959944.148, 15406126.94 4962944.148))"
喜山期,1219,15407626.94,4958444.148,0.0104435341315389,0.0003556152904824,4,0.0,0.0,False,0.4618689581095596,0.4989258861439312,0.0,0.4729860365198711,"POLYGON ((15406126.94 4959944.148, 15409126.94 4959944.148, 15409126.94 4956944.148, 15406126.94 4956944.148, 15406126.94 4959944.148))"
喜山期,1220,15407626.94,4955444.148,0.0087597557506498,0.0003556152904824,4,0.0,0.0,False,0.3916935195130684,0.4989258861439312,0.0,0.4238632295023272,"POLYGON ((15406126.94 4956944.148, 15409126.94 4956944.148, 15409126.94 4953944.148, 15406126.94 4953944.148, 15406126.94 4956944.148))"
喜山期,1221,15407626.94,4952444.148,0.0070137590304957,0.0003556152904824,4,0.0,0.0,False,0.313641245972073,0.4989258861439312,0.0,0.3692266380236305,"POLYGON ((15406126.94 4953944.148, 15409126.94 4953944.148, 15409126.94 4950944.148, 15406126.94 4950944.148, 15406126.94 4953944.148))"
喜山期,1222,15407626.94,4949444.148,0.0051988445991232,0.0003556152904824,4,0.0,0.0,False,0.2277121374865735,0.4989258861439312,0.0,0.3090762620837808,"POLYGON ((15406126.94 4950944.148, 15409126.94 4950944.148, 15409126.94 4947944.148, 15406126.94 4947944.148, 15406126.94 4950944.148))"
喜山期,1223,15407626.94,4946444.148,0.0033015540416582,0.0003556152904824,4,0.0,0.0,False,0.1457214464733261,0.4989258861439312,0.0,0.2516827783745077,"POLYGON ((15406126.94 4947944.148, 15409126.94 4947944.148, 15409126.94 4944944.148, 15406126.94 4944944.148, 15406126.94 4947944.148))"
喜山期,1224,15407626.94,4943444.148,0.0012919093798004,0.0003556152904824,3,0.0,0.0,False,0.0648048693161475,0.4989258861439312,0.0,0.1950411743644826,"POLYGON ((15406126.94 4944944.148, 15409126.94 4944944.148, 15409126.94 4941944.148, 15406126.94 4941944.148, 15406126.94 4944944.148))"
喜山期,1225,15410626.94,5087444.148,0.0012966871068938,0.0003556152904824,3,0.0,0.0,False,0.0687432867883995,0.4989258861439312,0.0,0.197798066595059,"POLYGON ((15409126.94 5088944.148, 15412126.94 5088944.148, 15412126.94 5085944.148, 15409126.94 5085944.148, 15409126.94 5088944.148))"
喜山期,1226,15410626.94,5084444.148,0.0033169026190664,0.0003556152904824,4,0.0,0.0,False,0.1500179018976011,0.4989258861439312,0.0,0.2546902971715001,"POLYGON ((15409126.94 5085944.148, 15412126.94 5085944.148, 15412126.94 5082944.148, 15409126.94 5082944.148, 15409126.94 5085944.148))"
喜山期,1227,15410626.94,5081444.148,0.0052283412037747,0.0003556152904824,4,0.0,0.0,False,0.2323666308628714,0.4989258861439312,0.0,0.3123344074471894,"POLYGON ((15409126.94 5082944.148, 15412126.94 5082944.148, 15412126.94 5079944.148, 15409126.94 5079944.148, 15409126.94 5082944.148))"
喜山期,1228,15410626.94,5078444.148,0.0070612592483561,0.0003556152904824,4,0.0,0.0,False,0.3190118152524167,0.4989258861439312,0.0,0.372986036519871,"POLYGON ((15409126.94 5079944.148, 15412126.94 5079944.148, 15412126.94 5076944.148, 15409126.94 5076944.148, 15409126.94 5079944.148))"
喜山期,1229,15410626.94,5075444.148,0.008829547812298,0.0003556152904824,4,0.0,0.0,False,0.3992123165055496,0.4989258861439312,0.0,0.4291263873970641,"POLYGON ((15409126.94 5076944.148, 15412126.94 5076944.148, 15412126.94 5073944.148, 15409126.94 5073944.148, 15409126.94 5076944.148))"
喜山期,1230,15410626.94,5072444.148,0.0105401527845903,0.0003556152904824,4,0.0,0.0,False,0.4679556032939491,0.4989258861439312,0.0,0.4772466881489438,"POLYGON ((15409126.94 5073944.148, 15412126.94 5073944.148, 15412126.94 5070944.148, 15409126.94 5070944.148, 15409126.94 5073944.148))"
喜山期,1231,15410626.94,5069444.148,0.0121952223662987,0.0003556152904824,4,0.0,0.0,False,0.531328320802005,0.4989258861439312,0.0,0.5216075904045828,"POLYGON ((15409126.94 5070944.148, 15412126.94 5070944.148, 15412126.94 5067944.148, 15409126.94 5067944.148, 15409126.94 5070944.148))"
喜山期,1232,15410626.94,5066444.148,0.0137919766627974,0.0003556152904824,4,0.0,0.0,False,0.5886143931256713,0.4989258861439312,0.0,0.5617078410311493,"POLYGON ((15409126.94 5067944.148, 15412126.94 5067944.148, 15412126.94 5064944.148, 15409126.94 5064944.148, 15409126.94 5067944.148))"
喜山期,1233,15410626.94,5063444.148,0.0153219803947335,0.0003556152904824,4,0.0,0.0,False,0.639813820264948,0.4989258861439312,0.0,0.5975474400286429,"POLYGON ((15409126.94 5064944.148, 15412126.94 5064944.148, 15412126.94 5061944.148, 15409126.94 5061944.148, 15409126.94 5064944.148))"
喜山期,1234,15410626.94,5060444.148,0.0167709807480249,0.0003556152904824,4,0.0,0.0,False,0.6849266022198353,0.4989258861439312,0.0,0.6291263873970641,"POLYGON ((15409126.94 5061944.148, 15412126.94 5061944.148, 15412126.94 5058944.148, 15409126.94 5058944.148, 15409126.94 5061944.148))"
喜山期,1235,15410626.94,5057444.148,0.0181201806306696,0.0003556152904824,4,0.0,0.0,False,0.7275331185105621,0.4989258861439312,0.0,0.6589509488005728,"POLYGON ((15409126.94 5058944.148, 15412126.94 5058944.148, 15412126.94 5055944.148, 15409126.94 5055944.148, 15409126.94 5058944.148))"
喜山期,1236,15410626.94,5054444.148,0.0193492013516803,0.0003556152904824,4,0.0,0.0,False,0.7662012173290369,0.4989258861439312,0.0,0.6860186179735052,"POLYGON ((15409126.94 5055944.148, 15412126.94 5055944.148, 15412126.94 5052944.148, 15409126.94 5052944.148, 15409126.94 5055944.148))"
喜山期,1237,15410626.94,5051444.148,0.0204401120403852,0.0003556152904824,4,0.0,1.0,True,0.8023630504833512,0.4989258861439312,0.0,0.7113319011815252,"POLYGON ((15409126.94 5052944.148, 15412126.94 5052944.148, 15412126.94 5049944.148, 15409126.94 5049944.148, 15409126.94 5052944.148))"
喜山期,1238,15410626.94,5048444.148,0.0213811835936403,0.0003556152904824,4,0.0,1.0,True,0.8395989974937343,0.4989258861439312,0.0,0.7373970640887934,"POLYGON ((15409126.94 5049944.148, 15412126.94 5049944.148, 15412126.94 5046944.148, 15409126.94 5046944.148, 15409126.94 5049944.148))"
喜山期,1239,15410626.94,5045444.148,0.0221689209993756,0.0003556152904824,4,0.0,1.0,True,0.870390261367705,0.4989258861439312,0.0,0.7589509488005729,"POLYGON ((15409126.94 5046944.148, 15412126.94 5046944.148, 15412126.94 5043944.148, 15409126.94 5043944.148, 15409126.94 5046944.148))"
喜山期,1240,15410626.94,5042444.148,0.0228075845322742,0.0003556152904824,4,0.0,1.0,True,0.8979591836734694,0.4989258861439312,0.0,0.7782491944146079,"POLYGON ((15409126.94 5043944.148, 15412126.94 5043944.148, 15412126.94 5040944.148, 15409126.94 5040944.148, 15409126.94 5043944.148))"
喜山期,1241,15410626.94,5039444.148,0.0233065001621056,0.0003556152904824,4,0.0,1.0,True,0.9197994987468672,0.4989258861439312,0.0,0.7935374149659864,"POLYGON ((15409126.94 5040944.148, 15412126.94 5040944.148, 15412126.94 5037944.148, 15409126.94 5037944.148, 15409126.94 5040944.148))"
喜山期,1242,15410626.94,5036444.148,0.0236763630454494,0.0003556152904824,4,0.0,1.0,True,0.9384174722520588,0.4989258861439312,0.0,0.8065699964196205,"POLYGON ((15409126.94 5037944.148, 15412126.94 5037944.148, 15412126.94 5034944.148, 15409126.94 5034944.148, 15409126.94 5037944.148))"
喜山期,1243,15410626.94,5033444.148,0.0239259476855596,0.0003556152904824,4,0.0,1.0,True,0.9513068385248836,0.4989258861439312,0.0,0.8155925528105978,"POLYGON ((15409126.94 5034944.148, 15412126.94 5034944.148, 15412126.94 5031944.148, 15409126.94 5031944.148, 15409126.94 5034944.148))"
喜山期,1244,15410626.94,5030444.148,0.0240600748385983,0.0003556152904824,4,0.0,1.0,True,0.9591836734693876,0.4989258861439312,0.0,0.8211063372717508,"POLYGON ((15409126.94 5031944.148, 15412126.94 5031944.148, 15412126.94 5028944.148, 15409126.94 5028944.148, 15409126.94 5031944.148))"
喜山期,1245,15410626.94,5027444.148,0.024078637976403,0.0003556152904824,4,0.0,1.0,True,0.9595417114214106,0.4989258861439312,0.0,0.8213569638381668,"POLYGON ((15409126.94 5028944.148, 15412126.94 5028944.148, 15412126.94 5025944.148, 15409126.94 5025944.148, 15409126.94 5028944.148))"
喜山期,1246,15410626.94,5024444.148,0.0239749210796605,0.0003556152904824,4,0.0,1.0,True,0.9541711421410668,0.4989258861439312,0.0,0.8175975653419262,"POLYGON ((15409126.94 5025944.148, 15412126.94 5025944.148, 15412126.94 5022944.148, 15409126.94 5022944.148, 15409126.94 5025944.148))"
喜山期,1247,15410626.94,5021444.148,0.0247983789176756,0.0003556152904824,4,0.0,1.0,True,0.9896168993913356,0.4989258861439312,0.0,0.8424095954171141,"POLYGON ((15409126.94 5022944.148, 15412126.94 5022944.148, 15412126.94 5019944.148, 15409126.94 5019944.148, 15409126.94 5022944.148))"
喜山期,1248,15410626.94,5018444.148,0.0242001055859117,0.0003556152904824,4,0.0,1.0,True,0.9688506981740064,0.4989258861439312,0.0,0.8278732545649838,"POLYGON ((15409126.94 5019944.148, 15412126.94 5019944.148, 15412126.94 5016944.148, 15409126.94 5016944.148, 15409126.94 5019944.148))"
喜山期,1249,15410626.94,5015444.148,0.0248965175577459,0.0003556152904824,4,0.0,1.0,True,0.99140708915145,0.4989258861439312,0.0,0.8436627282491944,"POLYGON ((15409126.94 5016944.148, 15412126.94 5016944.148, 15412126.94 5013944.148, 15409126.94 5013944.148, 15409126.94 5016944.148))"
喜山期,1250,15410626.94,5012444.148,0.0241541512962628,0.0003556152904824,4,0.0,1.0,True,0.9659863945578232,0.4989258861439312,0.0,0.8258682420336555,"POLYGON ((15409126.94 5013944.148, 15412126.94 5013944.148, 15412126.94 5010944.148, 15409126.94 5010944.148, 15409126.94 5013944.148))"
喜山期,1251,15410626.94,5009444.148,0.0244312982555231,0.0003556152904824,4,0.0,1.0,True,0.9770855710705336,0.4989258861439312,0.0,0.8336376655925528,"POLYGON ((15409126.94 5010944.148, 15412126.94 5010944.148, 15412126.94 5007944.148, 15409126.94 5007944.148, 15409126.94 5010944.148))"
喜山期,1252,15410626.94,5006444.148,0.0245847396670019,0.0003556152904824,4,0.0,1.0,True,0.9820981023988544,0.4989258861439312,0.0,0.8371464375223774,"POLYGON ((15409126.94 5007944.148, 15412126.94 5007944.148, 15412126.94 5004944.148, 15409126.94 5004944.148, 15409126.94 5007944.148))"
喜山期,1253,15410626.94,5003444.148,0.024621705781073,0.0003556152904824,4,0.0,1.0,True,0.9838882921589688,0.4989258861439312,0.0,0.8383995703544576,"POLYGON ((15409126.94 5004944.148, 15412126.94 5004944.148, 15412126.94 5001944.148, 15409126.94 5001944.148, 15409126.94 5004944.148))"
喜山期,1254,15410626.94,5000444.148,0.0245440498005209,0.0003556152904824,4,0.0,1.0,True,0.9813820264948084,0.4989258861439312,0.0,0.8366451843895453,"POLYGON ((15409126.94 5001944.148, 15412126.94 5001944.148, 15412126.94 4998944.148, 15409126.94 4998944.148, 15409126.94 5001944.148))"
喜山期,1255,15410626.94,4997444.148,0.0243499999991717,0.0003556152904824,4,0.0,1.0,True,0.974579305406373,0.4989258861439312,0.0,0.8318832796276405,"POLYGON ((15409126.94 4998944.148, 15412126.94 4998944.148, 15412126.94 4995944.148, 15409126.94 4995944.148, 15409126.94 4998944.148))"
喜山期,1256,15410626.94,4994444.148,0.0240345792346364,0.0003556152904824,4,0.0,1.0,True,0.9566774078052274,0.4989258861439312,0.0,0.8193519513068385,"POLYGON ((15409126.94 4995944.148, 15412126.94 4995944.148, 15412126.94 4992944.148, 15409126.94 4992944.148, 15409126.94 4995944.148))"
喜山期,1257,15410626.94,4991444.148,0.0235903817155022,0.0003556152904824,4,0.0,1.0,True,0.932688865019692,0.4989258861439312,0.0,0.8025599713569638,"POLYGON ((15409126.94 4992944.148, 15412126.94 4992944.148, 15412126.94 4989944.148, 15409126.94 4989944.148, 15409126.94 4992944.148))"
喜山期,1258,15410626.94,4988444.148,0.0230092617897443,0.0003556152904824,4,0.0,1.0,True,0.9044038668098818,0.4989258861439312,0.0,0.7827604726100966,"POLYGON ((15409126.94 4989944.148, 15412126.94 4989944.148, 15412126.94 4986944.148, 15409126.94 4986944.148, 15409126.94 4989944.148))"
喜山期,1259,15410626.94,4985444.148,0.0222848105860091,0.0003556152904824,4,0.0,1.0,True,0.8761188686000716,0.4989258861439312,0.0,0.7629609738632295,"POLYGON ((15409126.94 4986944.148, 15412126.94 4986944.148, 15412126.94 4983944.148, 15409126.94 4983944.148, 15409126.94 4986944.148))"
喜山期,1260,15410626.94,4982444.148,0.0214149315887957,0.0003556152904824,4,0.0,1.0,True,0.8421052631578947,0.4989258861439312,0.0,0.7391514500537056,"POLYGON ((15409126.94 4983944.148, 15412126.94 4983944.148, 15412126.94 4980944.148, 15409126.94 4980944.148, 15409126.94 4983944.148))"
喜山期,1261,15410626.94,4979444.148,0.0204035739726526,0.0003556152904824,4,0.0,1.0,True,0.8002148227712137,0.4989258861439312,0.0,0.7098281417830289,"POLYGON ((15409126.94 4980944.148, 15412126.94 4980944.148, 15412126.94 4977944.148, 15409126.94 4977944.148, 15409126.94 4980944.148))"
喜山期,1262,15410626.94,4976444.148,0.0192608974037181,0.0003556152904824,4,0.0,0.0,False,0.7633369137128536,0.4989258861439312,0.0,0.6840136054421768,"POLYGON ((15409126.94 4977944.148, 15412126.94 4977944.148, 15412126.94 4974944.148, 15409126.94 4974944.148, 15409126.94 4977944.148))"
喜山期,1263,15410626.94,4973444.148,0.0180017383681863,0.0003556152904824,4,0.0,0.0,False,0.7228786251342643,0.4989258861439312,0.0,0.6556928034371643,"POLYGON ((15409126.94 4974944.148, 15412126.94 4974944.148, 15412126.94 4971944.148, 15409126.94 4971944.148, 15409126.94 4974944.148))"
喜山期,1264,15410626.94,4970444.148,0.0166429190935328,0.0003556152904824,4,0.0,0.0,False,0.6809881847475833,0.4989258861439312,0.0,0.6263694951664877,"POLYGON ((15409126.94 4971944.148, 15412126.94 4971944.148, 15412126.94 4968944.148, 15409126.94 4968944.148, 15409126.94 4971944.148))"
喜山期,1265,15410626.94,4967444.148,0.015200339209609,0.0003556152904824,4,0.0,0.0,False,0.6344432509846044,0.4989258861439312,0.0,0.5937880415324024,"POLYGON ((15409126.94 4968944.148, 15412126.94 4968944.148, 15412126.94 4965944.148, 15409126.94 4965944.148, 15409126.94 4968944.148))"
喜山期,1266,15410626.94,4964444.148,0.0136867383754518,0.0003556152904824,4,0.0,0.0,False,0.5839598997493735,0.4989258861439312,0.0,0.5584496956677407,"POLYGON ((15409126.94 4965944.148, 15412126.94 4965944.148, 15412126.94 4962944.148, 15409126.94 4962944.148, 15409126.94 4965944.148))"
喜山期,1267,15410626.94,4961444.148,0.0121105928604886,0.0003556152904824,4,0.0,0.0,False,0.5277479412817758,0.4989258861439312,0.0,0.5191013247404224,"POLYGON ((15409126.94 4962944.148, 15412126.94 4962944.148, 15412126.94 4959944.148, 15409126.94 4959944.148, 15409126.94 4962944.148))"
喜山期,1268,15410626.94,4958444.148,0.0104760657068509,0.0003556152904824,4,0.0,0.0,False,0.4633011099176513,0.4989258861439312,0.0,0.4739885427855352,"POLYGON ((15409126.94 4959944.148, 15412126.94 4959944.148, 15412126.94 4956944.148, 15409126.94 4956944.148, 15409126.94 4959944.148))"
喜山期,1269,15410626.94,4955444.148,0.0087835222045159,0.0003556152904824,4,0.0,0.0,False,0.3945578231292517,0.4989258861439312,0.0,0.4258682420336555,"POLYGON ((15409126.94 4956944.148, 15412126.94 4956944.148, 15412126.94 4953944.148, 15409126.94 4953944.148, 15409126.94 4956944.148))"
喜山期,1270,15410626.94,4952444.148,0.0070299426977894,0.0003556152904824,4,0.0,0.0,False,0.3154314357321876,0.4989258861439312,0.0,0.3704797708557107,"POLYGON ((15409126.94 4953944.148, 15412126.94 4953944.148, 15412126.94 4950944.148, 15409126.94 4950944.148, 15409126.94 4953944.148))"
喜山期,1271,15410626.94,4949444.148,0.0052084626428809,0.0003556152904824,4,0.0,0.0,False,0.2291442892946652,0.4989258861439312,0.0,0.310078768349445,"POLYGON ((15409126.94 4950944.148, 15412126.94 4950944.148, 15412126.94 4947944.148, 15409126.94 4947944.148, 15409126.94 4950944.148))"
喜山期,1272,15410626.94,4946444.148,0.0033056870817599,0.0003556152904824,4,0.0,0.0,False,0.1467955603293949,0.4989258861439312,0.0,0.2524346580737558,"POLYGON ((15409126.94 4947944.148, 15412126.94 4947944.148, 15412126.94 4944944.148, 15409126.94 4944944.148, 15409126.94 4947944.148))"
喜山期,1273,15410626.94,4943444.148,0.0012919314721202,0.0003556152904824,3,0.0,0.0,False,0.0651629072681704,0.4989258861439312,0.0,0.1952918009308986,"POLYGON ((15409126.94 4944944.148, 15412126.94 4944944.148, 15412126.94 4941944.148, 15409126.94 4941944.148, 15409126.94 4944944.148))"
喜山期,1274,15413626.94,5087444.148,0.0012962568175405,0.0003556152904824,3,0.0,0.0,False,0.0680272108843537,0.4989258861439312,0.0,0.197296813462227,"POLYGON ((15412126.94 5088944.148, 15415126.94 5088944.148, 15415126.94 5085944.148, 15412126.94 5085944.148, 15412126.94 5088944.148))"
喜山期,1275,15413626.94,5084444.148,0.0033188516108798,0.0003556152904824,4,0.0,0.0,False,0.1507339778016469,0.4989258861439312,0.0,0.2551915503043322,"POLYGON ((15412126.94 5085944.148, 15415126.94 5085944.148, 15415126.94 5082944.148, 15412126.94 5082944.148, 15412126.94 5085944.148))"
喜山期,1276,15413626.94,5081444.148,0.0052335160346345,0.0003556152904824,4,0.0,0.0,False,0.2330827067669172,0.4989258861439312,0.0,0.3128356605800214,"POLYGON ((15412126.94 5082944.148, 15415126.94 5082944.148, 15415126.94 5079944.148, 15412126.94 5079944.148, 15412126.94 5082944.148))"
喜山期,1277,15413626.94,5078444.148,0.0070702845749253,0.0003556152904824,4,0.0,0.0,False,0.3197278911564626,0.4989258861439312,0.0,0.3734872896527031,"POLYGON ((15412126.94 5079944.148, 15415126.94 5079944.148, 15415126.94 5076944.148, 15412126.94 5076944.148, 15412126.94 5079944.148))"
喜山期,1278,15413626.94,5075444.148,0.0088430380935974,0.0003556152904824,4,0.0,0.0,False,0.4002864303616183,0.4989258861439312,0.0,0.4298782670963121,"POLYGON ((15412126.94 5076944.148, 15415126.94 5076944.148, 15415126.94 5073944.148, 15412126.94 5073944.148, 15412126.94 5076944.148))"
喜山期,1279,15413626.94,5072444.148,0.0105589865439908,0.0003556152904824,4,0.0,0.0,False,0.4693877551020408,0.4989258861439312,0.0,0.4782491944146079,"POLYGON ((15412126.94 5073944.148, 15415126.94 5073944.148, 15415126.94 5070944.148, 15412126.94 5070944.148, 15412126.94 5073944.148))"
喜山期,1280,15413626.94,5069444.148,0.0122209321967051,0.0003556152904824,4,0.0,0.0,False,0.5320443967060509,0.4989258861439312,0.0,0.5221088435374149,"POLYGON ((15412126.94 5070944.148, 15415126.94 5070944.148, 15415126.94 5067944.148, 15412126.94 5067944.148, 15412126.94 5070944.148))"
喜山期,1281,15413626.94,5066444.148,0.0138271665223135,0.0003556152904824,4,0.0,0.0,False,0.5918367346938775,0.4989258861439312,0.0,0.5639634801288936,"POLYGON ((15412126.94 5067944.148, 15415126.94 5067944.148, 15415126.94 5064944.148, 15412126.94 5064944.148, 15412126.94 5067944.148))"
喜山期,1282,15413626.94,5063444.148,0.0153705303030701,0.0003556152904824,4,0.0,0.0,False,0.6416040100250626,0.4989258861439312,0.0,0.5988005728607232,"POLYGON ((15412126.94 5064944.148, 15415126.94 5064944.148, 15415126.94 5061944.148, 15412126.94 5061944.148, 15412126.94 5064944.148))"
喜山期,1283,15413626.94,5060444.148,0.0168377262241985,0.0003556152904824,4,0.0,0.0,False,0.6867167919799498,0.4989258861439312,0.0,0.6303795202291442,"POLYGON ((15412126.94 5061944.148, 15415126.94 5061944.148, 15415126.94 5058944.148, 15412126.94 5058944.148, 15412126.94 5061944.148))"
喜山期,1284,15413626.94,5057444.148,0.0182098749087079,0.0003556152904824,4,0.0,0.0,False,0.7307554600787683,0.4989258861439312,0.0,0.6612065878983172,"POLYGON ((15412126.94 5058944.148, 15415126.94 5058944.148, 15415126.94 5055944.148, 15412126.94 5055944.148, 15412126.94 5058944.148))"
喜山期,1285,15413626.94,5054444.148,0.01946490312165,0.0003556152904824,4,0.0,0.0,False,0.7704976727533118,0.4989258861439312,0.0,0.6890261367704976,"POLYGON ((15412126.94 5055944.148, 15415126.94 5055944.148, 15415126.94 5052944.148, 15412126.94 5052944.148, 15412126.94 5055944.148))"
喜山期,1286,15413626.94,5051444.148,0.020581541725292,0.0003556152904824,4,0.0,1.0,True,0.807375581811672,0.4989258861439312,0.0,0.7148406731113498,"POLYGON ((15412126.94 5052944.148, 15415126.94 5052944.148, 15415126.94 5049944.148, 15412126.94 5049944.148, 15412126.94 5052944.148))"
喜山期,1287,15413626.94,5048444.148,0.0215437936462974,0.0003556152904824,4,0.0,1.0,True,0.8460436806301468,0.4989258861439312,0.0,0.741908342284282,"POLYGON ((15412126.94 5049944.148, 15415126.94 5049944.148, 15415126.94 5046944.148, 15412126.94 5046944.148, 15412126.94 5049944.148))"
喜山期,1288,15413626.94,5045444.148,0.022344231540933,0.0003556152904824,4,0.0,1.0,True,0.8782670963122091,0.4989258861439312,0.0,0.7644647332617257,"POLYGON ((15412126.94 5046944.148, 15415126.94 5046944.148, 15415126.94 5043944.148, 15412126.94 5043944.148, 15412126.94 5046944.148))"
喜山期,1289,15413626.94,5042444.148,0.0229847880238574,0.0003556152904824,4,0.0,1.0,True,0.9040458288578588,0.4989258861439312,0.0,0.7825098460436806,"POLYGON ((15412126.94 5043944.148, 15415126.94 5043944.148, 15415126.94 5040944.148, 15412126.94 5040944.148, 15412126.94 5043944.148))"
喜山期,1290,15413626.94,5039444.148,0.0234747382472918,0.0003556152904824,4,0.0,1.0,True,0.9269602577873256,0.4989258861439312,0.0,0.7985499462943072,"POLYGON ((15412126.94 5040944.148, 15415126.94 5040944.148, 15415126.94 5037944.148, 15412126.94 5037944.148, 15412126.94 5040944.148))"
喜山期,1291,15413626.94,5036444.148,0.0238267913579452,0.0003556152904824,4,0.0,1.0,True,0.9430719656283566,0.4989258861439312,0.0,0.809828141783029,"POLYGON ((15412126.94 5037944.148, 15415126.94 5037944.148, 15415126.94 5034944.148, 15412126.94 5034944.148, 15412126.94 5037944.148))"
喜山期,1292,15413626.94,5033444.148,0.0240528982188479,0.0003556152904824,4,0.0,1.0,True,0.958467597565342,0.4989258861439312,0.0,0.8206050841389188,"POLYGON ((15412126.94 5034944.148, 15415126.94 5034944.148, 15415126.94 5031944.148, 15412126.94 5031944.148, 15412126.94 5034944.148))"
喜山期,1293,15413626.94,5030444.148,0.0241611491779972,0.0003556152904824,4,0.0,1.0,True,0.966344432509846,0.4989258861439312,0.0,0.8261188686000716,"POLYGON ((15412126.94 5031944.148, 15415126.94 5031944.148, 15415126.94 5028944.148, 15412126.94 5028944.148, 15412126.94 5031944.148))"
喜山期,1294,15413626.94,5027444.148,0.0241540755464918,0.0003556152904824,4,0.0,1.0,True,0.9656283566058004,0.4989258861439312,0.0,0.8256176154672396,"POLYGON ((15412126.94 5028944.148, 15415126.94 5028944.148, 15415126.94 5025944.148, 15412126.94 5025944.148, 15412126.94 5028944.148))"
喜山期,1295,15413626.94,5024444.148,0.0240268316442809,0.0003556152904824,4,0.0,1.0,True,0.9559613319011816,0.4989258861439312,0.0,0.8188506981740064,"POLYGON ((15412126.94 5025944.148, 15415126.94 5025944.148, 15415126.94 5022944.148, 15412126.94 5022944.148, 15412126.94 5025944.148))"
喜山期,1296,15413626.94,5021444.148,0.0248719298300018,0.0003556152904824,4,0.0,1.0,True,0.9906910132474044,0.4989258861439312,0.0,0.8431614751163623,"POLYGON ((15412126.94 5022944.148, 15415126.94 5022944.148, 15415126.94 5019944.148, 15412126.94 5019944.148, 15412126.94 5022944.148))"
喜山期,1297,15413626.94,5018444.148,0.0241709882511559,0.0003556152904824,4,0.0,1.0,True,0.967060508413892,0.4989258861439312,0.0,0.8266201217329037,"POLYGON ((15412126.94 5019944.148, 15415126.94 5019944.148, 15415126.94 5016944.148, 15412126.94 5016944.148, 15412126.94 5019944.148))"
喜山期,1298,15413626.94,5015444.148,0.0249586233644268,0.0003556152904824,4,0.0,1.0,True,0.992123165055496,0.4989258861439312,0.0,0.8441639813820265,"POLYGON ((15412126.94 5016944.148, 15415126.94 5016944.148, 15415126.94 5013944.148, 15412126.94 5013944.148, 15412126.94 5016944.148))"
喜山期,1299,15413626.94,5012444.148,0.0241871451617894,0.0003556152904824,4,0.0,1.0,True,0.9677765843179376,0.4989258861439312,0.0,0.8271213748657357,"POLYGON ((15412126.94 5013944.148, 15415126.94 5013944.148, 15415126.94 5010944.148, 15412126.94 5010944.148, 15412126.94 5013944.148))"
喜山期,1300,15413626.94,5009444.148,0.0244843043852716,0.0003556152904824,4,0.0,1.0,True,0.9785177228786252,0.4989258861439312,0.0,0.8346401718582169,"POLYGON ((15412126.94 5010944.148, 15415126.94 5010944.148, 15415126.94 5007944.148, 15412126.94 5007944.148, 15412126.94 5010944.148))"
喜山期,1301,15413626.94,5006444.148,0.0246606130229799,0.0003556152904824,4,0.0,1.0,True,0.9853204439670604,0.4989258861439312,0.0,0.8394020766201217,"POLYGON ((15412126.94 5007944.148, 15415126.94 5007944.148, 15415126.94 5004944.148, 15412126.94 5004944.148, 15412126.94 5007944.148))"
喜山期,1302,15413626.94,5003444.148,0.0247220588783832,0.0003556152904824,4,0.0,1.0,True,0.987468671679198,0.4989258861439312,0.0,0.8409058360186179,"POLYGON ((15412126.94 5004944.148, 15415126.94 5004944.148, 15415126.94 5001944.148, 15412126.94 5001944.148, 15412126.94 5004944.148))"
喜山期,1303,15413626.94,5000444.148,0.0246687029376548,0.0003556152904824,4,0.0,1.0,True,0.9856784819190836,0.4989258861439312,0.0,0.8396527031865377,"POLYGON ((15412126.94 5001944.148, 15415126.94 5001944.148, 15415126.94 4998944.148, 15412126.94 4998944.148, 15412126.94 5001944.148))"
喜山期,1304,15413626.94,4997444.148,0.0244963208802685,0.0003556152904824,4,0.0,1.0,True,0.9792337987826708,0.4989258861439312,0.0,0.8351414249910489,"POLYGON ((15412126.94 4998944.148, 15415126.94 4998944.148, 15415126.94 4995944.148, 15412126.94 4995944.148, 15412126.94 4998944.148))"
喜山期,1305,15413626.94,4994444.148,0.0241971129665017,0.0003556152904824,4,0.0,1.0,True,0.9684926602219835,0.4989258861439312,0.0,0.8276226279985678,"POLYGON ((15412126.94 4995944.148, 15415126.94 4995944.148, 15415126.94 4992944.148, 15412126.94 4992944.148, 15412126.94 4995944.148))"
喜山期,1306,15413626.94,4991444.148,0.0237611372306739,0.0003556152904824,4,0.0,1.0,True,0.9402076620121732,0.4989258861439312,0.0,0.8078231292517006,"POLYGON ((15412126.94 4992944.148, 15415126.94 4992944.148, 15415126.94 4989944.148, 15412126.94 4989944.148, 15412126.94 4992944.148))"
喜山期,1307,15413626.94,4988444.148,0.0231787994379958,0.0003556152904824,4,0.0,1.0,True,0.9137128535624776,0.4989258861439312,0.0,0.7892767633369137,"POLYGON ((15412126.94 4989944.148, 15415126.94 4989944.148, 15415126.94 4986944.148, 15412126.94 4986944.148, 15412126.94 4989944.148))"
喜山期,1308,15413626.94,4985444.148,0.0224439133538436,0.0003556152904824,4,0.0,1.0,True,0.8814894378804153,0.4989258861439312,0.0,0.7667203723594701,"POLYGON ((15412126.94 4986944.148, 15415126.94 4986944.148, 15415126.94 4983944.148, 15412126.94 4983944.148, 15412126.94 4986944.148))"
喜山期,1309,15413626.94,4982444.148,0.0215563287964286,0.0003556152904824,4,0.0,1.0,True,0.8467597565341927,0.4989258861439312,0.0,0.7424095954171142,"POLYGON ((15412126.94 4983944.148, 15415126.94 4983944.148, 15415126.94 4980944.148, 15412126.94 4980944.148, 15412126.94 4983944.148))"
喜山期,1310,15413626.94,4979444.148,0.0205231144810998,0.0003556152904824,4,0.0,1.0,True,0.8055853920515574,0.4989258861439312,0.0,0.7135875402792695,"POLYGON ((15412126.94 4980944.148, 15415126.94 4980944.148, 15415126.94 4977944.148, 15412126.94 4977944.148, 15412126.94 4980944.148))"
喜山期,1311,15413626.94,4976444.148,0.0193577957290897,0.0003556152904824,4,0.0,0.0,False,0.7665592552810598,0.4989258861439312,0.0,0.6862692445399212,"POLYGON ((15412126.94 4977944.148, 15415126.94 4977944.148, 15415126.94 4974944.148, 15412126.94 4974944.148, 15412126.94 4977944.148))"
喜山期,1312,15413626.94,4973444.148,0.0180779170356433,0.0003556152904824,4,0.0,0.0,False,0.7250268528464017,0.4989258861439312,0.0,0.6571965628356605,"POLYGON ((15412126.94 4974944.148, 15415126.94 4974944.148, 15415126.94 4971944.148, 15412126.94 4971944.148, 15412126.94 4974944.148))"
喜山期,1313,15413626.94,4970444.148,0.0167018222051837,0.0003556152904824,4,0.0,0.0,False,0.6824203365556749,0.4989258861439312,0.0,0.6273720014321518,"POLYGON ((15412126.94 4971944.148, 15415126.94 4971944.148, 15415126.94 4968944.148, 15412126.94 4968944.148, 15412126.94 4971944.148))"
喜山期,1314,15413626.94,4967444.148,0.0152457220416764,0.0003556152904824,4,0.0,0.0,False,0.635875402792696,0.4989258861439312,0.0,0.5947905477980666,"POLYGON ((15412126.94 4968944.148, 15415126.94 4968944.148, 15415126.94 4965944.148, 15412126.94 4965944.148, 15412126.94 4968944.148))"
喜山期,1315,15413626.94,4964444.148,0.0137218203024423,0.0003556152904824,4,0.0,0.0,False,0.5850340136054422,0.4989258861439312,0.0,0.5592015753669889,"POLYGON ((15412126.94 4965944.148, 15415126.94 4965944.148, 15415126.94 4962944.148, 15412126.94 4962944.148, 15412126.94 4965944.148))"
喜山期,1316,15413626.94,4961444.148,0.0121377090173935,0.0003556152904824,4,0.0,0.0,False,0.5288220551378446,0.4989258861439312,0.0,0.5198532044396706,"POLYGON ((15412126.94 4962944.148, 15415126.94 4962944.148, 15415126.94 4959944.148, 15412126.94 4959944.148, 15412126.94 4962944.148))"
喜山期,1317,15413626.94,4958444.148,0.0104967234561,0.0003556152904824,4,0.0,0.0,False,0.4647332617257429,0.4989258861439312,0.0,0.4749910490511994,"POLYGON ((15412126.94 4959944.148, 15415126.94 4959944.148, 15415126.94 4956944.148, 15412126.94 4956944.148, 15412126.94 4959944.148))"
喜山期,1318,15413626.94,4955444.148,0.0087986620600614,0.0003556152904824,4,0.0,0.0,False,0.3956319369853204,0.4989258861439312,0.0,0.4266201217329037,"POLYGON ((15412126.94 4956944.148, 15415126.94 4956944.148, 15415126.94 4953944.148, 15412126.94 4953944.148, 15412126.94 4956944.148))"
喜山期,1319,15413626.94,4952444.148,0.0070402242860262,0.0003556152904824,4,0.0,0.0,False,0.3165055495882563,0.4989258861439312,0.0,0.3712316505549587,"POLYGON ((15412126.94 4953944.148, 15415126.94 4953944.148, 15415126.94 4950944.148, 15412126.94 4950944.148, 15412126.94 4953944.148))"
喜山期,1320,15413626.94,4949444.148,0.0052144836375351,0.0003556152904824,4,0.0,0.0,False,0.229860365198711,0.4989258861439312,0.0,0.3105800214822771,"POLYGON ((15412126.94 4950944.148, 15415126.94 4950944.148, 15415126.94 4947944.148, 15412126.94 4947944.148, 15412126.94 4950944.148))"
喜山期,1321,15413626.94,4946444.148,0.0033081317099054,0.0003556152904824,4,0.0,0.0,False,0.1478696741854636,0.4989258861439312,0.0,0.2531865377730039,"POLYGON ((15412126.94 4947944.148, 15415126.94 4947944.148, 15415126.94 4944944.148, 15412126.94 4944944.148, 15412126.94 4947944.148))"
喜山期,1322,15413626.94,4943444.148,0.0012917180486951,0.0003556152904824,3,0.0,0.0,False,0.0644468313641246,0.4989258861439312,0.0,0.1947905477980666,"POLYGON ((15412126.94 4944944.148, 15415126.94 4944944.148, 15415126.94 4941944.148, 15412126.94 4941944.148, 15412126.94 4944944.148))"
喜山期,1323,15416626.94,5087444.148,0.0012956208357643,0.0003556152904824,3,0.0,0.0,False,0.0676691729323308,0.4989258861439312,0.0,0.1970461868958109,"POLYGON ((15415126.94 5088944.148, 15418126.94 5088944.148, 15418126.94 5085944.148, 15415126.94 5085944.148, 15415126.94 5088944.148))"
喜山期,1324,15416626.94,5084444.148,0.0033191746404916,0.0003556152904824,4,0.0,0.0,False,0.1510920157536699,0.4989258861439312,0.0,0.2554421768707483,"POLYGON ((15415126.94 5085944.148, 15418126.94 5085944.148, 15418126.94 5082944.148, 15415126.94 5082944.148, 15415126.94 5085944.148))"
喜山期,1325,15416626.94,5081444.148,0.0052351862435075,0.0003556152904824,4,0.0,0.0,False,0.2337987826709631,0.4989258861439312,0.0,0.3133369137128535,"POLYGON ((15415126.94 5082944.148, 15418126.94 5082944.148, 15418126.94 5079944.148, 15415126.94 5079944.148, 15415126.94 5082944.148))"
喜山期,1326,15416626.94,5078444.148,0.0070735097439297,0.0003556152904824,4,0.0,0.0,False,0.3204439670605084,0.4989258861439312,0.0,0.3739885427855353,"POLYGON ((15415126.94 5079944.148, 15418126.94 5079944.148, 15418126.94 5076944.148, 15415126.94 5076944.148, 15415126.94 5079944.148))"
喜山期,1327,15416626.94,5075444.148,0.0088479507973979,0.0003556152904824,4,0.0,0.0,False,0.4013605442176871,0.4989258861439312,0.0,0.4306301467955603,"POLYGON ((15415126.94 5076944.148, 15418126.94 5076944.148, 15418126.94 5073944.148, 15415126.94 5073944.148, 15415126.94 5076944.148))"
喜山期,1328,15416626.94,5072444.148,0.0105658079536429,0.0003556152904824,4,0.0,0.0,False,0.4704618689581095,0.4989258861439312,0.0,0.479001074113856,"POLYGON ((15415126.94 5073944.148, 15418126.94 5073944.148, 15418126.94 5070944.148, 15415126.94 5070944.148, 15415126.94 5073944.148))"
喜山期,1329,15416626.94,5069444.148,0.0122302757052707,0.0003556152904824,4,0.0,0.0,False,0.5327604726100966,0.4989258861439312,0.0,0.5226100966702469,"POLYGON ((15415126.94 5070944.148, 15418126.94 5070944.148, 15418126.94 5067944.148, 15415126.94 5067944.148, 15415126.94 5070944.148))"
喜山期,1330,15416626.94,5066444.148,0.0138404781596882,0.0003556152904824,4,0.0,0.0,False,0.5932688865019692,0.4989258861439312,0.0,0.5649659863945578,"POLYGON ((15415126.94 5067944.148, 15418126.94 5067944.148, 15418126.94 5064944.148, 15415126.94 5064944.148, 15415126.94 5067944.148))"
喜山期,1331,15416626.94,5063444.148,0.0153905159536016,0.0003556152904824,4,0.0,0.0,False,0.6426781238811314,0.4989258861439312,0.0,0.5995524525599714,"POLYGON ((15415126.94 5064944.148, 15418126.94 5064944.148, 15418126.94 5061944.148, 15415126.94 5061944.148, 15415126.94 5064944.148))"
喜山期,1332,15416626.94,5060444.148,0.0168684594624722,0.0003556152904824,4,0.0,0.0,False,0.6892230576441103,0.4989258861439312,0.0,0.6321339061940565,"POLYGON ((15415126.94 5061944.148, 15418126.94 5061944.148, 15418126.94 5058944.148, 15415126.94 5058944.148, 15415126.94 5061944.148))"
喜山期,1333,15416626.94,5057444.148,0.0182562465961309,0.0003556152904824,4,0.0,0.0,False,0.7329036877909059,0.4989258861439312,0.0,0.6627103472968134,"POLYGON ((15415126.94 5058944.148, 15418126.94 5058944.148, 15418126.94 5055944.148, 15415126.94 5055944.148, 15415126.94 5058944.148))"
喜山期,1334,15416626.94,5054444.148,0.0195312824290967,0.0003556152904824,4,0.0,0.0,False,0.7733619763694952,0.4989258861439312,0.0,0.691031149301826,"POLYGON ((15415126.94 5055944.148, 15418126.94 5055944.148, 15418126.94 5052944.148, 15415126.94 5052944.148, 15415126.94 5055944.148))"
喜山期,1335,15416626.94,5051444.148,0.0206699428186882,0.0003556152904824,4,0.0,1.0,True,0.8127461510920158,0.4989258861439312,0.0,0.7186000716075903,"POLYGON ((15415126.94 5052944.148, 15418126.94 5052944.148, 15418126.94 5049944.148, 15415126.94 5049944.148, 15415126.94 5052944.148))"
喜山期,1336,15416626.94,5048444.148,0.0216522617939775,0.0003556152904824,4,0.0,1.0,True,0.8517722878625135,0.4989258861439312,0.0,0.7459183673469387,"POLYGON ((15415126.94 5049944.148, 15418126.94 5049944.148, 15418126.94 5046944.148, 15415126.94 5046944.148, 15415126.94 5049944.148))"
喜山期,1337,15416626.94,5045444.148,0.0224662691484193,0.0003556152904824,4,0.0,1.0,True,0.8832796276405299,0.4989258861439312,0.0,0.7679735051915503,"POLYGON ((15415126.94 5046944.148, 15418126.94 5046944.148, 15418126.94 5043944.148, 15415126.94 5043944.148, 15415126.94 5046944.148))"
喜山期,1338,15416626.94,5042444.148,0.0231102703460934,0.0003556152904824,4,0.0,1.0,True,0.9094163981382026,0.4989258861439312,0.0,0.7862692445399212,"POLYGON ((15415126.94 5043944.148, 15418126.94 5043944.148, 15418126.94 5040944.148, 15415126.94 5040944.148, 15415126.94 5043944.148))"
喜山期,1339,15416626.94,5039444.148,0.0235920719031262,0.0003556152904824,4,0.0,1.0,True,0.933046902971715,0.4989258861439312,0.0,0.8028105979233798,"POLYGON ((15415126.94 5040944.148, 15418126.94 5040944.148, 15418126.94 5037944.148, 15415126.94 5037944.148, 15415126.94 5040944.148))"
喜山期,1340,15416626.94,5036444.148,0.0239254581631865,0.0003556152904824,4,0.0,1.0,True,0.9509488005728608,0.4989258861439312,0.0,0.8153419262441818,"POLYGON ((15415126.94 5037944.148, 15418126.94 5037944.148, 15418126.94 5034944.148, 15415126.94 5034944.148, 15415126.94 5037944.148))"
喜山期,1341,15416626.94,5033444.148,0.0241253920645919,0.0003556152904824,4,0.0,1.0,True,0.9627640529896168,0.4989258861439312,0.0,0.8236126029359111,"POLYGON ((15415126.94 5034944.148, 15418126.94 5034944.148, 15418126.94 5031944.148, 15415126.94 5031944.148, 15415126.94 5034944.148))"
喜山期,1342,15416626.94,5030444.148,0.0242037277485956,0.0003556152904824,4,0.0,1.0,True,0.9692087361260292,0.4989258861439312,0.0,0.8281238811313999,"POLYGON ((15415126.94 5031944.148, 15418126.94 5031944.148, 15418126.94 5028944.148, 15415126.94 5028944.148, 15415126.94 5031944.148))"
喜山期,1343,15416626.94,5027444.148,0.0241664156088553,0.0003556152904824,4,0.0,1.0,True,0.966702470461869,0.4989258861439312,0.0,0.8263694951664876,"POLYGON ((15415126.94 5028944.148, 15418126.94 5028944.148, 15418126.94 5025944.148, 15415126.94 5025944.148, 15415126.94 5028944.148))"
喜山期,1344,15416626.94,5024444.148,0.0240111897856091,0.0003556152904824,4,0.0,1.0,True,0.9552452559971356,0.4989258861439312,0.0,0.8183494450411744,"POLYGON ((15415126.94 5025944.148, 15418126.94 5025944.148, 15418126.94 5022944.148, 15415126.94 5022944.148, 15415126.94 5025944.148))"
喜山期,1345,15416626.94,5021444.148,0.0248740866413836,0.0003556152904824,4,0.0,1.0,True,0.9910490511994272,0.4989258861439312,0.0,0.8434121016827784,"POLYGON ((15415126.94 5022944.148, 15418126.94 5022944.148, 15418126.94 5019944.148, 15415126.94 5019944.148, 15415126.94 5022944.148))"
喜山期,1346,15416626.94,5018444.148,0.0240563469158363,0.0003556152904824,4,0.0,1.0,True,0.9588256355173648,0.4989258861439312,0.0,0.8208557107053348,"POLYGON ((15415126.94 5019944.148, 15418126.94 5019944.148, 15418126.94 5016944.148, 15415126.94 5016944.148, 15415126.94 5019944.148))"
喜山期,1347,15416626.94,5015444.148,0.0249465268554247,0.0003556152904824,4,0.0,1.0,True,0.991765127103473,0.4989258861439312,0.0,0.8439133548156105,"POLYGON ((15415126.94 5016944.148, 15418126.94 5016944.148, 15418126.94 5013944.148, 15415126.94 5013944.148, 15415126.94 5016944.148))"
喜山期,1348,15416626.94,5012444.148,0.0241478934572553,0.0003556152904824,4,0.0,1.0,True,0.9652703186537772,0.4989258861439312,0.0,0.8253669889008235,"POLYGON ((15415126.94 5013944.148, 15418126.94 5013944.148, 15418126.94 5010944.148, 15415126.94 5010944.148, 15415126.94 5013944.148))"
喜山期,1349,15416626.94,5009444.148,0.0244678630805682,0.0003556152904824,4,0.0,1.0,True,0.9781596849266022,0.4989258861439312,0.0,0.8343895452918009,"POLYGON ((15415126.94 5010944.148, 15418126.94 5010944.148, 15418126.94 5007944.148, 15415126.94 5007944.148, 15415126.94 5010944.148))"
喜山期,1350,15416626.94,5006444.148,0.0246704065065037,0.0003556152904824,4,0.0,1.0,True,0.9860365198711064,0.4989258861439312,0.0,0.8399033297529538,"POLYGON ((15415126.94 5007944.148, 15418126.94 5007944.148, 15418126.94 5004944.148, 15415126.94 5004944.148, 15415126.94 5007944.148))"
喜山期,1351,15416626.94,5003444.148,0.0247597824423925,0.0003556152904824,4,0.0,1.0,True,0.9892588614393124,0.4989258861439312,0.0,0.8421589688506981,"POLYGON ((15415126.94 5004944.148, 15418126.94 5004944.148, 15418126.94 5001944.148, 15415126.94 5001944.148, 15415126.94 5004944.148))"
喜山期,1352,15416626.94,5000444.148,0.0247336130740752,0.0003556152904824,4,0.0,1.0,True,0.9878267096312208,0.4989258861439312,0.0,0.841156462585034,"POLYGON ((15415126.94 5001944.148, 15418126.94 5001944.148, 15418126.94 4998944.148, 15415126.94 4998944.148, 15415126.94 5001944.148))"
喜山期,1353,15416626.94,4997444.148,0.0245846180268411,0.0003556152904824,4,0.0,1.0,True,0.9817400644468314,0.4989258861439312,0.0,0.8368958109559613,"POLYGON ((15415126.94 4998944.148, 15418126.94 4998944.148, 15418126.94 4995944.148, 15415126.94 4995944.148, 15415126.94 4998944.148))"
喜山期,1354,15416626.94,4994444.148,0.0243019129898543,0.0003556152904824,4,0.0,1.0,True,0.9724310776942356,0.4989258861439312,0.0,0.8303795202291442,"POLYGON ((15415126.94 4995944.148, 15418126.94 4995944.148, 15418126.94 4992944.148, 15415126.94 4992944.148, 15415126.94 4995944.148))"
喜山期,1355,15416626.94,4991444.148,0.0238733342800455,0.0003556152904824,4,0.0,1.0,True,0.9473684210526316,0.4989258861439312,0.0,0.8128356605800214,"POLYGON ((15415126.94 4992944.148, 15418126.94 4992944.148, 15418126.94 4989944.148, 15415126.94 4989944.148, 15415126.94 4992944.148))"
喜山期,1356,15416626.94,4988444.148,0.0232887283867382,0.0003556152904824,4,0.0,1.0,True,0.9190834228428212,0.4989258861439312,0.0,0.7930361618331543,"POLYGON ((15415126.94 4989944.148, 15418126.94 4989944.148, 15418126.94 4986944.148, 15415126.94 4986944.148, 15415126.94 4989944.148))"
喜山期,1357,15416626.94,4985444.148,0.022543300576089,0.0003556152904824,4,0.0,1.0,True,0.8868600071607591,0.4989258861439312,0.0,0.7704797708557107,"POLYGON ((15415126.94 4986944.148, 15418126.94 4986944.148, 15418126.94 4983944.148, 15415126.94 4983944.148, 15415126.94 4986944.148))"
喜山期,1358,15416626.94,4982444.148,0.0216398289674556,0.0003556152904824,4,0.0,1.0,True,0.8510562119584676,0.4989258861439312,0.0,0.7454171142141066,"POLYGON ((15415126.94 4983944.148, 15418126.94 4983944.148, 15418126.94 4980944.148, 15415126.94 4980944.148, 15415126.94 4983944.148))"
喜山期,1359,15416626.94,4979444.148,0.0205888978673019,0.0003556152904824,4,0.0,1.0,True,0.8084496956677408,0.4989258861439312,0.0,0.715592552810598,"POLYGON ((15415126.94 4980944.148, 15418126.94 4980944.148, 15418126.94 4977944.148, 15415126.94 4977944.148, 15415126.94 4980944.148))"
喜山期,1360,15416626.94,4976444.148,0.01940708113851,0.0003556152904824,4,0.0,0.0,False,0.7679914070891515,0.4989258861439312,0.0,0.6872717508055853,"POLYGON ((15415126.94 4977944.148, 15418126.94 4977944.148, 15418126.94 4974944.148, 15415126.94 4974944.148, 15415126.94 4977944.148))"
喜山期,1361,15416626.94,4973444.148,0.0181137893290151,0.0003556152904824,4,0.0,0.0,False,0.7271750805585392,0.4989258861439312,0.0,0.6587003222341568,"POLYGON ((15415126.94 4974944.148, 15418126.94 4974944.148, 15418126.94 4971944.148, 15415126.94 4971944.148, 15415126.94 4974944.148))"
喜山期,1362,15416626.94,4970444.148,0.0167278947137275,0.0003556152904824,4,0.0,0.0,False,0.6842105263157895,0.4989258861439312,0.0,0.6286251342642319,"POLYGON ((15415126.94 4971944.148, 15418126.94 4971944.148, 15418126.94 4968944.148, 15415126.94 4968944.148, 15415126.94 4971944.148))"
喜山期,1363,15416626.94,4967444.148,0.0152651281840632,0.0003556152904824,4,0.0,0.0,False,0.6369495166487648,0.4989258861439312,0.0,0.5955424274973147,"POLYGON ((15415126.94 4968944.148, 15418126.94 4968944.148, 15418126.94 4965944.148, 15415126.94 4965944.148, 15415126.94 4968944.148))"
喜山期,1364,15416626.94,4964444.148,0.0137367488318678,0.0003556152904824,4,0.0,0.0,False,0.586108127461511,0.4989258861439312,0.0,0.5599534550662371,"POLYGON ((15415126.94 4965944.148, 15418126.94 4965944.148, 15418126.94 4962944.148, 15415126.94 4962944.148, 15415126.94 4965944.148))"
喜山期,1365,15416626.94,4961444.148,0.0121494175024836,0.0003556152904824,4,0.0,0.0,False,0.5298961689939133,0.4989258861439312,0.0,0.5206050841389187,"POLYGON ((15415126.94 4962944.148, 15418126.94 4962944.148, 15418126.94 4959944.148, 15415126.94 4959944.148, 15415126.94 4962944.148))"
喜山期,1366,15416626.94,4958444.148,0.0105058122345632,0.0003556152904824,4,0.0,0.0,False,0.4658073755818117,0.4989258861439312,0.0,0.4757429287504475,"POLYGON ((15415126.94 4959944.148, 15418126.94 4959944.148, 15418126.94 4956944.148, 15415126.94 4956944.148, 15415126.94 4959944.148))"
喜山期,1367,15416626.94,4955444.148,0.0088053922908297,0.0003556152904824,4,0.0,0.0,False,0.3967060508413892,0.4989258861439312,0.0,0.4273720014321518,"POLYGON ((15415126.94 4956944.148, 15418126.94 4956944.148, 15418126.94 4953944.148, 15415126.94 4953944.148, 15415126.94 4956944.148))"
喜山期,1368,15416626.94,4952444.148,0.0070447561924701,0.0003556152904824,4,0.0,0.0,False,0.3172216254923022,0.4989258861439312,0.0,0.3717329036877909,"POLYGON ((15415126.94 4953944.148, 15418126.94 4953944.148, 15418126.94 4950944.148, 15415126.94 4950944.148, 15415126.94 4953944.148))"
喜山期,1369,15416626.94,4949444.148,0.0052170113749594,0.0003556152904824,4,0.0,0.0,False,0.2305764411027568,0.4989258861439312,0.0,0.3110812746151091,"POLYGON ((15415126.94 4950944.148, 15418126.94 4950944.148, 15418126.94 4947944.148, 15415126.94 4947944.148, 15415126.94 4950944.148))"
喜山期,1370,15416626.94,4946444.148,0.0033089520903332,0.0003556152904824,4,0.0,0.0,False,0.1485857500895095,0.4989258861439312,0.0,0.253687790905836,"POLYGON ((15415126.94 4947944.148, 15418126.94 4947944.148, 15418126.94 4944944.148, 15415126.94 4944944.148, 15415126.94 4947944.148))"
喜山期,1371,15416626.94,4943444.148,0.0012912990635445,0.0003556152904824,3,0.0,0.0,False,0.0637307554600787,0.4989258861439312,0.0,0.1942892946652345,"POLYGON ((15415126.94 4944944.148, 15418126.94 4944944.148, 15418126.94 4941944.148, 15415126.94 4941944.148, 15415126.94 4944944.148))"
喜山期,1372,15419626.94,5087444.148,0.0012947968123389,0.0003556152904824,3,0.0,0.0,False,0.066953097028285,0.4989258861439312,0.0,0.1965449337629788,"POLYGON ((15418126.94 5088944.148, 15421126.94 5088944.148, 15421126.94 5085944.148, 15418126.94 5085944.148, 15418126.94 5088944.148))"
喜山期,1373,15419626.94,5084444.148,0.0033179092660764,0.0003556152904824,4,0.0,0.0,False,0.150375939849624,0.4989258861439312,0.0,0.2549409237379162,"POLYGON ((15418126.94 5085944.148, 15421126.94 5085944.148, 15421126.94 5082944.148, 15418126.94 5082944.148, 15418126.94 5085944.148))"
喜山期,1374,15419626.94,5081444.148,0.0052334118229599,0.0003556152904824,4,0.0,0.0,False,0.2327246688148943,0.4989258861439312,0.0,0.3125850340136054,"POLYGON ((15418126.94 5082944.148, 15421126.94 5082944.148, 15421126.94 5079944.148, 15418126.94 5079944.148, 15418126.94 5082944.148))"
喜山期,1375,15419626.94,5078444.148,0.0070710217733409,0.0003556152904824,4,0.0,0.0,False,0.3200859291084855,0.4989258861439312,0.0,0.3737379162191192,"POLYGON ((15418126.94 5079944.148, 15421126.94 5079944.148, 15421126.94 5076944.148, 15418126.94 5076944.148, 15418126.94 5079944.148))"
喜山期,1376,15419626.94,5075444.148,0.0088444101681545,0.0003556152904824,4,0.0,0.0,False,0.4006444683136412,0.4989258861439312,0.0,0.4301288936627282,"POLYGON ((15418126.94 5076944.148, 15421126.94 5076944.148, 15421126.94 5073944.148, 15418126.94 5073944.148, 15418126.94 5076944.148))"
喜山期,1377,15419626.94,5072444.148,0.010560795154427,0.0003556152904824,4,0.0,0.0,False,0.4701038310060866,0.4989258861439312,0.0,0.47875044754744,"POLYGON ((15418126.94 5073944.148, 15421126.94 5073944.148, 15421126.94 5070944.148, 15418126.94 5070944.148, 15418126.94 5073944.148))"
喜山期,1378,15419626.94,5069444.148,0.0122234947034183,0.0003556152904824,4,0.0,0.0,False,0.5324024346580738,0.4989258861439312,0.0,0.522359470103831,"POLYGON ((15418126.94 5070944.148, 15421126.94 5070944.148, 15421126.94 5067944.148, 15418126.94 5067944.148, 15418126.94 5070944.148))"
喜山期,1379,15419626.94,5066444.148,0.0138321809677887,0.0003556152904824,4,0.0,0.0,False,0.5925528105979234,0.4989258861439312,0.0,0.5644647332617257,"POLYGON ((15418126.94 5067944.148, 15421126.94 5067944.148, 15421126.94 5064944.148, 15418126.94 5064944.148, 15418126.94 5067944.148))"
喜山期,1380,15419626.94,5063444.148,0.0153820951128755,0.0003556152904824,4,0.0,0.0,False,0.6423200859291085,0.4989258861439312,0.0,0.5993018259935553,"POLYGON ((15418126.94 5064944.148, 15421126.94 5064944.148, 15421126.94 5061944.148, 15418126.94 5061944.148, 15418126.94 5064944.148))"
喜山期,1381,15419626.94,5060444.148,0.0168629493291414,0.0003556152904824,4,0.0,0.0,False,0.6888650196920874,0.4989258861439312,0.0,0.6318832796276406,"POLYGON ((15418126.94 5061944.148, 15421126.94 5061944.148, 15421126.94 5058944.148, 15418126.94 5058944.148, 15418126.94 5061944.148))"
喜山期,1382,15419626.94,5057444.148,0.0182583072071928,0.0003556152904824,4,0.0,0.0,False,0.7332617257429288,0.4989258861439312,0.0,0.6629609738632295,"POLYGON ((15418126.94 5058944.148, 15421126.94 5058944.148, 15421126.94 5055944.148, 15418126.94 5055944.148, 15418126.94 5058944.148))"
喜山期,1383,15419626.94,5054444.148,0.0195462911245869,0.0003556152904824,4,0.0,0.0,False,0.774078052273541,0.4989258861439312,0.0,0.6915324024346581,"POLYGON ((15418126.94 5055944.148, 15421126.94 5055944.148, 15421126.94 5052944.148, 15418126.94 5052944.148, 15418126.94 5055944.148))"
喜山期,1384,15419626.94,5051444.148,0.0207021856709879,0.0003556152904824,4,0.0,1.0,True,0.8148943788041533,0.4989258861439312,0.0,0.7201038310060867,"POLYGON ((15418126.94 5052944.148, 15421126.94 5052944.148, 15421126.94 5049944.148, 15418126.94 5049944.148, 15418126.94 5052944.148))"
喜山期,1385,15419626.94,5048444.148,0.0217027761032209,0.0003556152904824,4,0.0,1.0,True,0.8553526673827425,0.4989258861439312,0.0,0.7484246330110991,"POLYGON ((15418126.94 5049944.148, 15421126.94 5049944.148, 15421126.94 5046944.148, 15418126.94 5046944.148, 15418126.94 5049944.148))"
喜山期,1386,15419626.94,5045444.148,0.0225313014885587,0.0003556152904824,4,0.0,1.0,True,0.8854278553526674,0.4989258861439312,0.0,0.7694772645900465,"POLYGON ((15418126.94 5046944.148, 15421126.94 5046944.148, 15421126.94 5043944.148, 15418126.94 5043944.148, 15418126.94 5046944.148))"
喜山期,1387,15419626.94,5042444.148,0.0231812344066658,0.0003556152904824,4,0.0,1.0,True,0.9140708915145004,0.4989258861439312,0.0,0.7895273899033297,"POLYGON ((15418126.94 5043944.148, 15421126.94 5043944.148, 15421126.94 5040944.148, 15418126.94 5040944.148, 15418126.94 5043944.148))"
喜山期,1388,15419626.94,5039444.148,0.0236572470214455,0.0003556152904824,4,0.0,1.0,True,0.9362692445399212,0.4989258861439312,0.0,0.8050662370211242,"POLYGON ((15418126.94 5040944.148, 15421126.94 5040944.148, 15421126.94 5037944.148, 15418126.94 5037944.148, 15418126.94 5040944.148))"
喜山期,1389,15419626.94,5036444.148,0.0239727982229555,0.0003556152904824,4,0.0,1.0,True,0.953813104189044,0.4989258861439312,0.0,0.8173469387755102,"POLYGON ((15418126.94 5037944.148, 15421126.94 5037944.148, 15421126.94 5034944.148, 15418126.94 5034944.148, 15418126.94 5037944.148))"
喜山期,1390,15419626.94,5033444.148,0.0241452653278514,0.0003556152904824,4,0.0,1.0,True,0.9649122807017544,0.4989258861439312,0.0,0.8251163623344074,"POLYGON ((15418126.94 5034944.148, 15421126.94 5034944.148, 15421126.94 5031944.148, 15418126.94 5031944.148, 15418126.94 5034944.148))"
喜山期,1391,15419626.94,5030444.148,0.0241905444181217,0.0003556152904824,4,0.0,1.0,True,0.9681346222699606,0.4989258861439312,0.0,0.8273720014321517,"POLYGON ((15418126.94 5031944.148, 15421126.94 5031944.148, 15421126.94 5028944.148, 15418126.94 5028944.148, 15418126.94 5031944.148))"
喜山期,1392,15419626.94,5027444.148,0.0241188111649045,0.0003556152904824,4,0.0,1.0,True,0.9616899391335482,0.4989258861439312,0.0,0.822860723236663,"POLYGON ((15418126.94 5028944.148, 15421126.94 5028944.148, 15421126.94 5025944.148, 15418126.94 5025944.148, 15418126.94 5028944.148))"
喜山期,1393,15419626.94,5024444.148,0.0239312400840837,0.0003556152904824,4,0.0,1.0,True,0.9516648764769066,0.4989258861439312,0.0,0.8158431793770139,"POLYGON ((15418126.94 5025944.148, 15421126.94 5025944.148, 15421126.94 5022944.148, 15418126.94 5022944.148, 15418126.94 5025944.148))"
喜山期,1394,15419626.94,5021444.148,0.0248080000047741,0.0003556152904824,4,0.0,1.0,True,0.9899749373433584,0.4989258861439312,0.0,0.8426602219835302,"POLYGON ((15418126.94 5022944.148, 15421126.94 5022944.148, 15421126.94 5019944.148, 15418126.94 5019944.148, 15418126.94 5022944.148))"
喜山期,1395,15419626.94,5018444.148,0.023857575759014,0.0003556152904824,4,0.0,1.0,True,0.9448621553884712,0.4989258861439312,0.0,0.8110812746151091,"POLYGON ((15418126.94 5019944.148, 15421126.94 5019944.148, 15421126.94 5016944.148, 15418126.94 5016944.148, 15418126.94 5019944.148))"
喜山期,1396,15419626.94,5015444.148,0.0248634504243968,0.0003556152904824,4,0.0,1.0,True,0.9903329752953812,0.4989258861439312,0.0,0.8429108485499462,"POLYGON ((15418126.94 5016944.148, 15421126.94 5016944.148, 15421126.94 5013944.148, 15418126.94 5013944.148, 15418126.94 5016944.148))"
喜山期,1397,15419626.94,5012444.148,0.0240398953614827,0.0003556152904824,4,0.0,1.0,True,0.9573934837092732,0.4989258861439312,0.0,0.8198532044396706,"POLYGON ((15418126.94 5013944.148, 15421126.94 5013944.148, 15421126.94 5010944.148, 15418126.94 5010944.148, 15418126.94 5013944.148))"
喜山期,1398,15419626.94,5009444.148,0.024385574063951,0.0003556152904824,4,0.0,1.0,True,0.9760114572144648,0.4989258861439312,0.0,0.8328857858933046,"POLYGON ((15418126.94 5010944.148, 15421126.94 5010944.148, 15421126.94 5007944.148, 15418126.94 5007944.148, 15418126.94 5010944.148))"
喜山期,1399,15419626.94,5006444.148,0.0246175389926327,0.0003556152904824,4,0.0,1.0,True,0.983530254206946,0.4989258861439312,0.0,0.8381489437880415,"POLYGON ((15418126.94 5007944.148, 15421126.94 5007944.148, 15421126.94 5004944.148, 15418126.94 5004944.148, 15418126.94 5007944.148))"
喜山期,1400,15419626.94,5003444.148,0.0247376976476466,0.0003556152904824,4,0.0,1.0,True,0.9881847475832438,0.4989258861439312,0.0,0.84140708915145,"POLYGON ((15418126.94 5004944.148, 15421126.94 5004944.148, 15421126.94 5001944.148, 15418126.94 5001944.148, 15418126.94 5004944.148))"
喜山期,1401,15419626.94,5000444.148,0.0247405020191187,0.0003556152904824,4,0.0,1.0,True,0.9885427855352668,0.4989258861439312,0.0,0.8416577157178661,"POLYGON ((15418126.94 5001944.148, 15421126.94 5001944.148, 15421126.94 4998944.148, 15418126.94 4998944.148, 15418126.94 5001944.148))"
喜山期,1402,15419626.94,4997444.148,0.0246150837967371,0.0003556152904824,4,0.0,1.0,True,0.983172216254923,0.4989258861439312,0.0,0.8378983172216254,"POLYGON ((15418126.94 4998944.148, 15421126.94 4998944.148, 15421126.94 4995944.148, 15418126.94 4995944.148, 15418126.94 4998944.148))"
喜山期,1403,15419626.94,4994444.148,0.0243474888493227,0.0003556152904824,4,0.0,1.0,True,0.97422126745435,0.4989258861439312,0.0,0.8316326530612245,"POLYGON ((15418126.94 4995944.148, 15421126.94 4995944.148, 15421126.94 4992944.148, 15418126.94 4992944.148, 15418126.94 4995944.148))"
喜山期,1404,15419626.94,4991444.148,0.0239240564691007,0.0003556152904824,4,0.0,1.0,True,0.950590762620838,0.4989258861439312,0.0,0.8150912996777658,"POLYGON ((15418126.94 4992944.148, 15421126.94 4992944.148, 15421126.94 4989944.148, 15418126.94 4989944.148, 15418126.94 4992944.148))"
喜山期,1405,15419626.94,4988444.148,0.0233353337894334,0.0003556152904824,4,0.0,1.0,True,0.920873612602936,0.4989258861439312,0.0,0.7942892946652345,"POLYGON ((15418126.94 4989944.148, 15421126.94 4989944.148, 15421126.94 4986944.148, 15418126.94 4986944.148, 15418126.94 4989944.148))"
喜山期,1406,15419626.94,4985444.148,0.0225792432786299,0.0003556152904824,4,0.0,1.0,True,0.8893662728249194,0.4989258861439312,0.0,0.7722341568206229,"POLYGON ((15418126.94 4986944.148, 15421126.94 4986944.148, 15421126.94 4983944.148, 15418126.94 4983944.148, 15418126.94 4986944.148))"
喜山期,1407,15419626.94,4982444.148,0.0216623512117654,0.0003556152904824,4,0.0,1.0,True,0.8521303258145363,0.4989258861439312,0.0,0.7461689939133548,"POLYGON ((15418126.94 4983944.148, 15421126.94 4983944.148, 15421126.94 4980944.148, 15418126.94 4980944.148, 15418126.94 4983944.148))"
喜山期,1408,15419626.94,4979444.148,0.020598833052151,0.0003556152904824,4,0.0,1.0,True,0.8091657715717866,0.4989258861439312,0.0,0.71609380594343,"POLYGON ((15418126.94 4980944.148, 15421126.94 4980944.148, 15421126.94 4977944.148, 15418126.94 4977944.148, 15418126.94 4980944.148))"
喜山期,1409,15419626.94,4976444.148,0.0194076417742776,0.0003556152904824,4,0.0,0.0,False,0.7683494450411744,0.4989258861439312,0.0,0.6875223773720014,"POLYGON ((15418126.94 4977944.148, 15421126.94 4977944.148, 15421126.94 4974944.148, 15418126.94 4974944.148, 15418126.94 4977944.148))"
喜山期,1410,15419626.94,4973444.148,0.0181089750664374,0.0003556152904824,4,0.0,0.0,False,0.7268170426065163,0.4989258861439312,0.0,0.6584496956677407,"POLYGON ((15418126.94 4974944.148, 15421126.94 4974944.148, 15421126.94 4971944.148, 15418126.94 4971944.148, 15418126.94 4974944.148))"
喜山期,1411,15419626.94,4970444.148,0.0167211730968618,0.0003556152904824,4,0.0,0.0,False,0.6831364124597207,0.4989258861439312,0.0,0.6278732545649839,"POLYGON ((15418126.94 4971944.148, 15421126.94 4971944.148, 15421126.94 4968944.148, 15418126.94 4968944.148, 15418126.94 4971944.148))"
喜山期,1412,15419626.94,4967444.148,0.015258757453719,0.0003556152904824,4,0.0,0.0,False,0.6365914786967418,0.4989258861439312,0.0,0.5952918009308986,"POLYGON ((15418126.94 4968944.148, 15421126.94 4968944.148, 15421126.94 4965944.148, 15418126.94 4965944.148, 15418126.94 4968944.148))"
喜山期,1413,15419626.94,4964444.148,0.0137317427651936,0.0003556152904824,4,0.0,0.0,False,0.5853920515574651,0.4989258861439312,0.0,0.559452201933405,"POLYGON ((15418126.94 4965944.148, 15421126.94 4965944.148, 15421126.94 4962944.148, 15418126.94 4962944.148, 15418126.94 4965944.148))"
喜山期,1414,15419626.94,4961444.148,0.0121459021732819,0.0003556152904824,4,0.0,0.0,False,0.5295381310418904,0.4989258861439312,0.0,0.5203544575725026,"POLYGON ((15418126.94 4962944.148, 15421126.94 4962944.148, 15421126.94 4959944.148, 15418126.94 4959944.148, 15418126.94 4962944.148))"
喜山期,1415,15419626.94,4958444.148,0.010503474841256,0.0003556152904824,4,0.0,0.0,False,0.4650912996777658,0.4989258861439312,0.0,0.4752416756176154,"POLYGON ((15418126.94 4959944.148, 15421126.94 4959944.148, 15421126.94 4956944.148, 15418126.94 4956944.148, 15418126.94 4959944.148))"
喜山期,1416,15419626.94,4955444.148,0.0088038224168564,0.0003556152904824,4,0.0,0.0,False,0.3963480128893663,0.4989258861439312,0.0,0.4271213748657357,"POLYGON ((15418126.94 4956944.148, 15421126.94 4956944.148, 15421126.94 4953944.148, 15418126.94 4953944.148, 15418126.94 4956944.148))"
喜山期,1417,15419626.94,4952444.148,0.007043621202969,0.0003556152904824,4,0.0,0.0,False,0.3168635875402792,0.4989258861439312,0.0,0.3714822771213748,"POLYGON ((15418126.94 4953944.148, 15421126.94 4953944.148, 15421126.94 4950944.148, 15418126.94 4950944.148, 15418126.94 4953944.148))"
喜山期,1418,15419626.94,4949444.148,0.0052161050859674,0.0003556152904824,4,0.0,0.0,False,0.2302184031507339,0.4989258861439312,0.0,0.3108306480486931,"POLYGON ((15418126.94 4950944.148, 15421126.94 4950944.148, 15421126.94 4947944.148, 15418126.94 4947944.148, 15418126.94 4950944.148))"
喜山期,1419,15419626.94,4946444.148,0.0033081857205008,0.0003556152904824,4,0.0,0.0,False,0.1482277121374865,0.4989258861439312,0.0,0.25343716433942,"POLYGON ((15418126.94 4947944.148, 15421126.94 4947944.148, 15421126.94 4944944.148, 15418126.94 4944944.148, 15418126.94 4947944.148))"
喜山期,1420,15419626.94,4943444.148,0.001290692169188,0.0003556152904824,3,0.0,0.0,False,0.06265664160401,0.4989258861439312,0.0,0.1935374149659864,"POLYGON ((15418126.94 4944944.148, 15421126.94 4944944.148, 15421126.94 4941944.148, 15418126.94 4941944.148, 15418126.94 4944944.148))"
喜山期,1421,15422626.94,5087444.148,0.0012937904653913,0.0003556152904824,3,0.0,0.0,False,0.0662370211242391,0.4989258861439312,0.0,0.1960436806301468,"POLYGON ((15421126.94 5088944.148, 15424126.94 5088944.148, 15424126.94 5085944.148, 15421126.94 5085944.148, 15421126.94 5088944.148))"
喜山期,1422,15422626.94,5084444.148,0.003315066751218,0.0003556152904824,4,0.0,0.0,False,0.1496598639455782,0.4989258861439312,0.0,0.2544396706050841,"POLYGON ((15421126.94 5085944.148, 15424126.94 5085944.148, 15424126.94 5082944.148, 15421126.94 5082944.148, 15421126.94 5085944.148))"
喜山期,1423,15422626.94,5081444.148,0.0052282070229165,0.0003556152904824,4,0.0,0.0,False,0.2320085929108485,0.4989258861439312,0.0,0.3120837808807734,"POLYGON ((15421126.94 5082944.148, 15424126.94 5082944.148, 15424126.94 5079944.148, 15421126.94 5079944.148, 15421126.94 5082944.148))"
喜山期,1424,15422626.94,5078444.148,0.0070628317038651,0.0003556152904824,4,0.0,0.0,False,0.3193698532044396,0.4989258861439312,0.0,0.3732366630862871,"POLYGON ((15421126.94 5079944.148, 15424126.94 5079944.148, 15424126.94 5076944.148, 15421126.94 5076944.148, 15421126.94 5079944.148))"
喜山期,1425,15422626.94,5075444.148,0.0088324162608308,0.0003556152904824,4,0.0,0.0,False,0.3995703544575725,0.4989258861439312,0.0,0.4293770139634801,"POLYGON ((15421126.94 5076944.148, 15424126.94 5076944.148, 15424126.94 5073944.148, 15421126.94 5073944.148, 15421126.94 5076944.148))"
喜山期,1426,15422626.94,5072444.148,0.0105439340987038,0.0003556152904824,4,0.0,0.0,False,0.4683136412459721,0.4989258861439312,0.0,0.4774973147153598,"POLYGON ((15421126.94 5073944.148, 15424126.94 5073944.148, 15424126.94 5070944.148, 15421126.94 5070944.148, 15421126.94 5073944.148))"
喜山期,1427,15422626.94,5069444.148,0.0122005649873121,0.0003556152904824,4,0.0,0.0,False,0.5316863587540279,0.4989258861439312,0.0,0.5218582169709989,"POLYGON ((15421126.94 5070944.148, 15424126.94 5070944.148, 15424126.94 5067944.148, 15421126.94 5067944.148, 15421126.94 5070944.148))"
喜山期,1428,15422626.94,5066444.148,0.0138022328490489,0.0003556152904824,4,0.0,0.0,False,0.590046544933763,0.4989258861439312,0.0,0.5627103472968134,"POLYGON ((15421126.94 5067944.148, 15424126.94 5067944.148, 15424126.94 5064944.148, 15421126.94 5064944.148, 15421126.94 5067944.148))"
喜山期,1429,15422626.94,5063444.148,0.0153451375108159,0.0003556152904824,4,0.0,0.0,False,0.640171858216971,0.4989258861439312,0.0,0.5977980665950591,"POLYGON ((15421126.94 5064944.148, 15424126.94 5064944.148, 15424126.94 5061944.148, 15421126.94 5061944.148, 15421126.94 5064944.148))"
喜山期,1430,15422626.94,5060444.148,0.0168207825379019,0.0003556152904824,4,0.0,0.0,False,0.686358754027927,0.4989258861439312,0.0,0.6301288936627283,"POLYGON ((15421126.94 5061944.148, 15424126.94 5061944.148, 15424126.94 5058944.148, 15421126.94 5058944.148, 15421126.94 5061944.148))"
喜山期,1431,15422626.94,5057444.148,0.018215028755461,0.0003556152904824,4,0.0,0.0,False,0.731829573934837,0.4989258861439312,0.0,0.6619584675975653,"POLYGON ((15421126.94 5058944.148, 15424126.94 5058944.148, 15424126.94 5055944.148, 15421126.94 5055944.148, 15421126.94 5058944.148))"
喜山期,1432,15422626.94,5054444.148,0.0195079203686898,0.0003556152904824,4,0.0,0.0,False,0.7722878625134264,0.4989258861439312,0.0,0.6902792696025778,"POLYGON ((15421126.94 5055944.148, 15424126.94 5055944.148, 15424126.94 5052944.148, 15421126.94 5052944.148, 15421126.94 5055944.148))"
喜山期,1433,15422626.94,5051444.148,0.0206750971405417,0.0003556152904824,4,0.0,1.0,True,0.8134622269960616,0.4989258861439312,0.0,0.7191013247404224,"POLYGON ((15421126.94 5052944.148, 15424126.94 5052944.148, 15424126.94 5049944.148, 15421126.94 5049944.148, 15421126.94 5052944.148))"
喜山期,1434,15422626.94,5048444.148,0.0216912236905162,0.0003556152904824,4,0.0,1.0,True,0.8549946294307197,0.4989258861439312,0.0,0.7481740064446831,"POLYGON ((15421126.94 5049944.148, 15424126.94 5049944.148, 15424126.94 5046944.148, 15421126.94 5046944.148, 15421126.94 5049944.148))"
喜山期,1435,15422626.94,5045444.148,0.0225349745593723,0.0003556152904824,4,0.0,1.0,True,0.8861439312567132,0.4989258861439312,0.0,0.7699785177228786,"POLYGON ((15421126.94 5046944.148, 15424126.94 5046944.148, 15424126.94 5043944.148, 15421126.94 5043944.148, 15421126.94 5046944.148))"
喜山期,1436,15422626.94,5042444.148,0.0231940625008217,0.0003556152904824,4,0.0,1.0,True,0.9147869674185464,0.4989258861439312,0.0,0.7900286430361618,"POLYGON ((15421126.94 5043944.148, 15424126.94 5043944.148, 15424126.94 5040944.148, 15421126.94 5040944.148, 15421126.94 5043944.148))"
喜山期,1437,15422626.94,5039444.148,0.0236682527553165,0.0003556152904824,4,0.0,1.0,True,0.93734335839599,0.4989258861439312,0.0,0.8058181167203723,"POLYGON ((15421126.94 5040944.148, 15424126.94 5040944.148, 15424126.94 5037944.148, 15421126.94 5037944.148, 15421126.94 5040944.148))"
喜山期,1438,15422626.94,5036444.148,0.023968817376601,0.0003556152904824,4,0.0,1.0,True,0.9534550662370213,0.4989258861439312,0.0,0.8170963122090942,"POLYGON ((15421126.94 5037944.148, 15424126.94 5037944.148, 15424126.94 5034944.148, 15421126.94 5034944.148, 15421126.94 5037944.148))"
喜山期,1439,15422626.94,5033444.148,0.0241143822097857,0.0003556152904824,4,0.0,1.0,True,0.9613319011815252,0.4989258861439312,0.0,0.822610096670247,"POLYGON ((15421126.94 5034944.148, 15424126.94 5034944.148, 15424126.94 5031944.148, 15421126.94 5031944.148, 15421126.94 5034944.148))"
喜山期,1440,15422626.94,5030444.148,0.0241247744500864,0.0003556152904824,4,0.0,1.0,True,0.962406015037594,0.4989258861439312,0.0,0.823361976369495,"POLYGON ((15421126.94 5031944.148, 15424126.94 5031944.148, 15424126.94 5028944.148, 15421126.94 5028944.148, 15421126.94 5031944.148))"
喜山期,1441,15422626.94,5027444.148,0.0240151209328171,0.0003556152904824,4,0.0,1.0,True,0.9556032939491588,0.4989258861439312,0.0,0.8186000716075904,"POLYGON ((15421126.94 5028944.148, 15424126.94 5028944.148, 15424126.94 5025944.148, 15421126.94 5025944.148, 15421126.94 5028944.148))"
喜山期,1442,15422626.94,5024444.148,0.0237910434681638,0.0003556152904824,4,0.0,1.0,True,0.9409237379162192,0.4989258861439312,0.0,0.8083243823845327,"POLYGON ((15421126.94 5025944.148, 15424126.94 5025944.148, 15424126.94 5022944.148, 15421126.94 5022944.148, 15421126.94 5025944.148))"
喜山期,1443,15422626.94,5021444.148,0.0246776459598754,0.0003556152904824,4,0.0,1.0,True,0.9863945578231292,0.4989258861439312,0.0,0.8401539563193698,"POLYGON ((15421126.94 5022944.148, 15424126.94 5022944.148, 15424126.94 5019944.148, 15421126.94 5019944.148, 15421126.94 5022944.148))"
喜山期,1444,15422626.94,5018444.148,0.0235765370402985,0.0003556152904824,4,0.0,1.0,True,0.9316147511636234,0.4989258861439312,0.0,0.8018080916577157,"POLYGON ((15421126.94 5019944.148, 15424126.94 5019944.148, 15424126.94 5016944.148, 15421126.94 5016944.148, 15421126.94 5019944.148))"
喜山期,1445,15422626.94,5015444.148,0.0247134692475973,0.0003556152904824,4,0.0,1.0,True,0.9871106337271752,0.4989258861439312,0.0,0.840655209452202,"POLYGON ((15421126.94 5016944.148, 15424126.94 5016944.148, 15424126.94 5013944.148, 15421126.94 5013944.148, 15421126.94 5016944.148))"
喜山期,1446,15422626.94,5012444.148,0.0238675525698073,0.0003556152904824,4,0.0,1.0,True,0.9462943071965628,0.4989258861439312,0.0,0.8120837808807733,"POLYGON ((15421126.94 5013944.148, 15424126.94 5013944.148, 15424126.94 5010944.148, 15421126.94 5010944.148, 15421126.94 5013944.148))"
喜山期,1447,15422626.94,5009444.148,0.0242419072560777,0.0003556152904824,4,0.0,1.0,True,0.970998925886144,0.4989258861439312,0.0,0.8293770139634801,"POLYGON ((15421126.94 5010944.148, 15424126.94 5010944.148, 15424126.94 5007944.148, 15421126.94 5007944.148, 15421126.94 5010944.148))"
喜山期,1448,15422626.94,5006444.148,0.0245061350547405,0.0003556152904824,4,0.0,1.0,True,0.9803079126387396,0.4989258861439312,0.0,0.8358933046902971,"POLYGON ((15421126.94 5007944.148, 15424126.94 5007944.148, 15424126.94 5004944.148, 15421126.94 5004944.148, 15421126.94 5007944.148))"
喜山期,1449,15422626.94,5003444.148,0.0246590100738223,0.0003556152904824,4,0.0,1.0,True,0.9849624060150376,0.4989258861439312,0.0,0.8391514500537056,"POLYGON ((15421126.94 5004944.148, 15424126.94 5004944.148, 15424126.94 5001944.148, 15421126.94 5001944.148, 15421126.94 5004944.148))"
喜山期,1450,15422626.94,5000444.148,0.0246910452017143,0.0003556152904824,4,0.0,1.0,True,0.9867525957751522,0.4989258861439312,0.0,0.8404045828857859,"POLYGON ((15421126.94 5001944.148, 15424126.94 5001944.148, 15424126.94 4998944.148, 15421126.94 4998944.148, 15421126.94 5001944.148))"
喜山期,1451,15422626.94,4997444.148,0.0245874510222421,0.0003556152904824,4,0.0,1.0,True,0.9828141783029,0.4989258861439312,0.0,0.8376476906552094,"POLYGON ((15421126.94 4998944.148, 15424126.94 4998944.148, 15424126.94 4995944.148, 15421126.94 4995944.148, 15421126.94 4998944.148))"
喜山期,1452,15422626.94,4994444.148,0.0243316457333596,0.0003556152904824,4,0.0,1.0,True,0.9731471535982814,0.4989258861439312,0.0,0.8308807733619763,"POLYGON ((15421126.94 4995944.148, 15424126.94 4995944.148, 15424126.94 4992944.148, 15421126.94 4992944.148, 15421126.94 4995944.148))"
喜山期,1453,15422626.94,4991444.148,0.0239096902943792,0.0003556152904824,4,0.0,1.0,True,0.949158610812746,0.4989258861439312,0.0,0.8140887934121016,"POLYGON ((15421126.94 4992944.148, 15424126.94 4992944.148, 15424126.94 4989944.148, 15421126.94 4989944.148, 15421126.94 4992944.148))"
喜山期,1454,15422626.94,4988444.148,0.0233144228169914,0.0003556152904824,4,0.0,1.0,True,0.92015753669889,0.4989258861439312,0.0,0.7937880415324025,"POLYGON ((15421126.94 4989944.148, 15424126.94 4989944.148, 15424126.94 4986944.148, 15421126.94 4986944.148, 15421126.94 4989944.148))"
喜山期,1455,15422626.94,4985444.148,0.0225478244197503,0.0003556152904824,4,0.0,1.0,True,0.8875760830648048,0.4989258861439312,0.0,0.7709810239885427,"POLYGON ((15421126.94 4986944.148, 15424126.94 4986944.148, 15424126.94 4983944.148, 15421126.94 4983944.148, 15421126.94 4986944.148))"
喜山期,1456,15422626.94,4982444.148,0.0216208325769838,0.0003556152904824,4,0.0,1.0,True,0.8499820981023989,0.4989258861439312,0.0,0.7446652345148586,"POLYGON ((15421126.94 4983944.148, 15424126.94 4983944.148, 15424126.94 4980944.148, 15421126.94 4980944.148, 15421126.94 4983944.148))"
喜山期,1457,15422626.94,4979444.148,0.0205508880979914,0.0003556152904824,4,0.0,1.0,True,0.8063014679556033,0.4989258861439312,0.0,0.7140887934121016,"POLYGON ((15421126.94 4980944.148, 15424126.94 4980944.148, 15424126.94 4977944.148, 15421126.94 4977944.148, 15421126.94 4980944.148))"
喜山期,1458,15422626.94,4976444.148,0.0193583238509122,0.0003556152904824,4,0.0,0.0,False,0.7669172932330827,0.4989258861439312,0.0,0.6865198711063372,"POLYGON ((15421126.94 4977944.148, 15424126.94 4977944.148, 15424126.94 4974944.148, 15421126.94 4974944.148, 15421126.94 4977944.148))"
喜山期,1459,15422626.94,4973444.148,0.0180628977872458,0.0003556152904824,4,0.0,0.0,False,0.7243107769423559,0.4989258861439312,0.0,0.6566953097028285,"POLYGON ((15421126.94 4974944.148, 15424126.94 4974944.148, 15424126.94 4971944.148, 15421126.94 4971944.148, 15421126.94 4974944.148))"
喜山期,1460,15422626.94,4970444.148,0.0166813798157742,0.0003556152904824,4,0.0,0.0,False,0.682062298603652,0.4989258861439312,0.0,0.6271213748657357,"POLYGON ((15421126.94 4971944.148, 15424126.94 4971944.148, 15424126.94 4968944.148, 15421126.94 4968944.148, 15421126.94 4971944.148))"
喜山期,1461,15422626.94,4967444.148,0.0152264586178262,0.0003556152904824,4,0.0,0.0,False,0.6351593268886502,0.4989258861439312,0.0,0.5942892946652345,"POLYGON ((15421126.94 4968944.148, 15424126.94 4968944.148, 15424126.94 4965944.148, 15421126.94 4965944.148, 15421126.94 4968944.148))"
喜山期,1462,15422626.94,4964444.148,0.0137067057602019,0.0003556152904824,4,0.0,0.0,False,0.5843179377013964,0.4989258861439312,0.0,0.5587003222341569,"POLYGON ((15421126.94 4965944.148, 15424126.94 4965944.148, 15424126.94 4962944.148, 15421126.94 4962944.148, 15421126.94 4965944.148))"
喜山期,1463,15422626.94,4961444.148,0.0121271048601047,0.0003556152904824,4,0.0,0.0,False,0.5281059792337988,0.4989258861439312,0.0,0.5193519513068385,"POLYGON ((15421126.94 4962944.148, 15424126.94 4962944.148, 15424126.94 4959944.148, 15421126.94 4959944.148, 15421126.94 4962944.148))"
喜山期,1464,15422626.94,4958444.148,0.0104896873591843,0.0003556152904824,4,0.0,0.0,False,0.46437522377372,0.4989258861439312,0.0,0.4747404224847834,"POLYGON ((15421126.94 4959944.148, 15424126.94 4959944.148, 15424126.94 4956944.148, 15421126.94 4956944.148, 15421126.94 4959944.148))"
喜山期,1465,15422626.94,4955444.148,0.0087939539145666,0.0003556152904824,4,0.0,0.0,False,0.3952738990332975,0.4989258861439312,0.0,0.4263694951664876,"POLYGON ((15421126.94 4956944.148, 15424126.94 4956944.148, 15424126.94 4953944.148, 15421126.94 4953944.148, 15421126.94 4956944.148))"
喜山期,1466,15422626.94,4952444.148,0.0070368333315055,0.0003556152904824,4,0.0,0.0,False,0.3161475116362334,0.4989258861439312,0.0,0.3709810239885427,"POLYGON ((15421126.94 4953944.148, 15424126.94 4953944.148, 15424126.94 4950944.148, 15421126.94 4950944.148, 15421126.94 4953944.148))"
喜山期,1467,15422626.94,4949444.148,0.0052117805307602,0.0003556152904824,4,0.0,0.0,False,0.2295023272466881,0.4989258861439312,0.0,0.3103293949158611,"POLYGON ((15421126.94 4950944.148, 15424126.94 4950944.148, 15424126.94 4947944.148, 15421126.94 4947944.148, 15421126.94 4950944.148))"
喜山期,1468,15422626.94,4946444.148,0.0033058442688235,0.0003556152904824,4,0.0,0.0,False,0.1471535982814178,0.4989258861439312,0.0,0.2526852846401718,"POLYGON ((15421126.94 4947944.148, 15424126.94 4947944.148, 15424126.94 4944944.148, 15421126.94 4944944.148, 15421126.94 4947944.148))"
喜山期,1469,15422626.94,4943444.148,0.0012899031329758,0.0003556152904824,3,0.0,0.0,False,0.0619405656999641,0.4989258861439312,0.0,0.1930361618331543,"POLYGON ((15421126.94 4944944.148, 15424126.94 4944944.148, 15424126.94 4941944.148, 15421126.94 4941944.148, 15421126.94 4944944.148))"
喜山期,1470,15425626.94,5087444.148,0.0012925956684984,0.0003556152904824,3,0.0,0.0,False,0.0658789831722162,0.4989258861439312,0.0,0.1957930540637307,"POLYGON ((15424126.94 5088944.148, 15427126.94 5088944.148, 15427126.94 5085944.148, 15424126.94 5085944.148, 15424126.94 5088944.148))"
喜山期,1471,15425626.94,5084444.148,0.0033106319635212,0.0003556152904824,4,0.0,0.0,False,0.1489437880415324,0.4989258861439312,0.0,0.253938417472252,"POLYGON ((15424126.94 5085944.148, 15427126.94 5085944.148, 15427126.94 5082944.148, 15424126.94 5082944.148, 15424126.94 5085944.148))"
喜山期,1472,15425626.94,5081444.148,0.0052195392508187,0.0003556152904824,4,0.0,0.0,False,0.2312925170068027,0.4989258861439312,0.0,0.3115825277479412,"POLYGON ((15424126.94 5082944.148, 15427126.94 5082944.148, 15427126.94 5079944.148, 15424126.94 5079944.148, 15424126.94 5082944.148))"
喜山期,1473,15425626.94,5078444.148,0.0070488710908152,0.0003556152904824,4,0.0,0.0,False,0.3186537773003938,0.4989258861439312,0.0,0.372735409953455,"POLYGON ((15424126.94 5079944.148, 15427126.94 5079944.148, 15427126.94 5076944.148, 15424126.94 5076944.148, 15424126.94 5079944.148))"
喜山期,1474,15425626.94,5075444.148,0.0088118371337143,0.0003556152904824,4,0.0,0.0,False,0.397422126745435,0.4989258861439312,0.0,0.4278732545649839,"POLYGON ((15424126.94 5076944.148, 15427126.94 5076944.148, 15427126.94 5073944.148, 15424126.94 5073944.148, 15424126.94 5076944.148))"
喜山期,1475,15425626.94,5072444.148,0.0105150036781889,0.0003556152904824,4,0.0,0.0,False,0.4668814894378804,0.4989258861439312,0.0,0.4764948084496956,"POLYGON ((15424126.94 5073944.148, 15427126.94 5073944.148, 15427126.94 5070944.148, 15424126.94 5070944.148, 15424126.94 5073944.148))"
喜山期,1476,15425626.94,5069444.148,0.012161169639297,0.0003556152904824,4,0.0,0.0,False,0.5306122448979592,0.4989258861439312,0.0,0.5211063372717508,"POLYGON ((15424126.94 5070944.148, 15427126.94 5070944.148, 15427126.94 5067944.148, 15424126.94 5067944.148, 15424126.94 5070944.148))"
喜山期,1477,15425626.94,5066444.148,0.0137502353442987,0.0003556152904824,4,0.0,0.0,False,0.5875402792696026,0.4989258861439312,0.0,0.5609559613319012,"POLYGON ((15424126.94 5067944.148, 15427126.94 5067944.148, 15427126.94 5064944.148, 15424126.94 5064944.148, 15424126.94 5067944.148))"
喜山期,1478,15425626.94,5063444.148,0.0152791595841126,0.0003556152904824,4,0.0,0.0,False,0.6380236305048335,0.4989258861439312,0.0,0.5962943071965627,"POLYGON ((15424126.94 5064944.148, 15427126.94 5064944.148, 15427126.94 5061944.148, 15424126.94 5061944.148, 15424126.94 5064944.148))"
喜山期,1479,15425626.94,5060444.148,0.0167412904772725,0.0003556152904824,4,0.0,0.0,False,0.6845685642678124,0.4989258861439312,0.0,0.6288757608306481,"POLYGON ((15424126.94 5061944.148, 15427126.94 5061944.148, 15427126.94 5058944.148, 15424126.94 5058944.148, 15424126.94 5061944.148))"
喜山期,1480,15425626.94,5057444.148,0.0181252955615478,0.0003556152904824,4,0.0,0.0,False,0.7278911564625851,0.4989258861439312,0.0,0.6592015753669889,"POLYGON ((15424126.94 5058944.148, 15427126.94 5058944.148, 15427126.94 5055944.148, 15424126.94 5055944.148, 15424126.94 5058944.148))"
喜山期,1481,15425626.94,5054444.148,0.0194142184870466,0.0003556152904824,4,0.0,0.0,False,0.7687074829931972,0.4989258861439312,0.0,0.6877730039384174,"POLYGON ((15424126.94 5055944.148, 15427126.94 5055944.148, 15427126.94 5052944.148, 15424126.94 5052944.148, 15424126.94 5055944.148))"
喜山期,1482,15425626.94,5051444.148,0.020585562901891,0.0003556152904824,4,0.0,1.0,True,0.8080916577157179,0.4989258861439312,0.0,0.7153419262441819,"POLYGON ((15424126.94 5052944.148, 15427126.94 5052944.148, 15427126.94 5049944.148, 15424126.94 5049944.148, 15424126.94 5052944.148))"
喜山期,1483,15425626.94,5048444.148,0.021613345976272,0.0003556152904824,4,0.0,1.0,True,0.849624060150376,0.4989258861439312,0.0,0.7444146079484425,"POLYGON ((15424126.94 5049944.148, 15427126.94 5049944.148, 15427126.94 5046944.148, 15424126.94 5046944.148, 15424126.94 5049944.148))"
喜山期,1484,15425626.94,5045444.148,0.0224724463463334,0.0003556152904824,4,0.0,1.0,True,0.8836376655925529,0.4989258861439312,0.0,0.7682241317579663,"POLYGON ((15424126.94 5046944.148, 15427126.94 5046944.148, 15427126.94 5043944.148, 15424126.94 5043944.148, 15424126.94 5046944.148))"
喜山期,1485,15425626.94,5042444.148,0.0231443581981618,0.0003556152904824,4,0.0,1.0,True,0.9112065878983172,0.4989258861439312,0.0,0.7875223773720014,"POLYGON ((15424126.94 5043944.148, 15427126.94 5043944.148, 15427126.94 5040944.148, 15424126.94 5040944.148, 15424126.94 5043944.148))"
喜山期,1486,15425626.94,5039444.148,0.023622259495668,0.0003556152904824,4,0.0,1.0,True,0.9341210168277836,0.4989258861439312,0.0,0.8035624776226279,"POLYGON ((15424126.94 5040944.148, 15427126.94 5040944.148, 15427126.94 5037944.148, 15424126.94 5037944.148, 15424126.94 5040944.148))"
喜山期,1487,15425626.94,5036444.148,0.0239129836886858,0.0003556152904824,4,0.0,1.0,True,0.949516648764769,0.4989258861439312,0.0,0.8143394199785177,"POLYGON ((15424126.94 5037944.148, 15427126.94 5037944.148, 15427126.94 5034944.148, 15424126.94 5034944.148, 15424126.94 5037944.148))"
喜山期,1488,15425626.94,5033444.148,0.0240345606077554,0.0003556152904824,4,0.0,1.0,True,0.9563193698532044,0.4989258861439312,0.0,0.8191013247404224,"POLYGON ((15424126.94 5034944.148, 15427126.94 5034944.148, 15427126.94 5031944.148, 15424126.94 5031944.148, 15424126.94 5034944.148))"
喜山期,1489,15425626.94,5030444.148,0.0240100385069588,0.0003556152904824,4,0.0,1.0,True,0.9548872180451128,0.4989258861439312,0.0,0.8180988184747583,"POLYGON ((15424126.94 5031944.148, 15427126.94 5031944.148, 15427126.94 5028944.148, 15424126.94 5028944.148, 15424126.94 5031944.148))"
喜山期,1490,15425626.94,5027444.148,0.0238599746596792,0.0003556152904824,4,0.0,1.0,True,0.945220193340494,0.4989258861439312,0.0,0.8113319011815252,"POLYGON ((15424126.94 5028944.148, 15427126.94 5028944.148, 15427126.94 5025944.148, 15424126.94 5025944.148, 15424126.94 5028944.148))"
喜山期,1491,15425626.94,5024444.148,0.0235955532366077,0.0003556152904824,4,0.0,1.0,True,0.933404940923738,0.4989258861439312,0.0,0.8030612244897959,"POLYGON ((15424126.94 5025944.148, 15427126.94 5025944.148, 15427126.94 5022944.148, 15424126.94 5022944.148, 15424126.94 5025944.148))"
喜山期,1492,15425626.94,5021444.148,0.0244878715799957,0.0003556152904824,4,0.0,1.0,True,0.978875760830648,0.4989258861439312,0.0,0.834890798424633,"POLYGON ((15424126.94 5022944.148, 15427126.94 5022944.148, 15427126.94 5019944.148, 15424126.94 5019944.148, 15424126.94 5022944.148))"
喜山期,1493,15425626.94,5018444.148,0.0232154814743379,0.0003556152904824,4,0.0,1.0,True,0.916219119226638,0.4989258861439312,0.0,0.7910311493018259,"POLYGON ((15424126.94 5019944.148, 15427126.94 5019944.148, 15427126.94 5016944.148, 15424126.94 5016944.148, 15424126.94 5019944.148))"
喜山期,1494,15425626.94,5015444.148,0.0245015264952048,0.0003556152904824,4,0.0,1.0,True,0.9799498746867168,0.4989258861439312,0.0,0.835642678123881,"POLYGON ((15424126.94 5016944.148, 15427126.94 5016944.148, 15427126.94 5013944.148, 15424126.94 5013944.148, 15424126.94 5016944.148))"
喜山期,1495,15425626.94,5012444.148,0.0236362019379999,0.0003556152904824,4,0.0,1.0,True,0.9351951306838524,0.4989258861439312,0.0,0.8043143573218761,"POLYGON ((15424126.94 5013944.148, 15427126.94 5013944.148, 15427126.94 5010944.148, 15424126.94 5010944.148, 15424126.94 5013944.148))"
喜山期,1496,15425626.94,5009444.148,0.0240422300237737,0.0003556152904824,4,0.0,1.0,True,0.957751521661296,0.4989258861439312,0.0,0.8201038310060866,"POLYGON ((15424126.94 5010944.148, 15427126.94 5010944.148, 15427126.94 5007944.148, 15424126.94 5007944.148, 15424126.94 5010944.148))"
喜山期,1497,15425626.94,5006444.148,0.0243410079468111,0.0003556152904824,4,0.0,1.0,True,0.9735051915503043,0.4989258861439312,0.0,0.8311313999283924,"POLYGON ((15424126.94 5007944.148, 15427126.94 5007944.148, 15427126.94 5004944.148, 15424126.94 5004944.148, 15424126.94 5007944.148))"
喜山期,1498,15425626.94,5003444.148,0.0245272224852499,0.0003556152904824,4,0.0,1.0,True,0.9806659505907628,0.4989258861439312,0.0,0.8361439312567132,"POLYGON ((15424126.94 5004944.148, 15427126.94 5004944.148, 15427126.94 5001944.148, 15424126.94 5001944.148, 15424126.94 5004944.148))"
喜山期,1499,15425626.94,5000444.148,0.0245867334804297,0.0003556152904824,4,0.0,1.0,True,0.9824561403508772,0.4989258861439312,0.0,0.8373970640887933,"POLYGON ((15424126.94 5001944.148, 15427126.94 5001944.148, 15427126.94 4998944.148, 15424126.94 4998944.148, 15424126.94 5001944.148))"
喜山期,1500,15425626.94,4997444.148,0.0245008703075338,0.0003556152904824,4,0.0,1.0,True,0.979591836734694,0.4989258861439312,0.0,0.835392051557465,"POLYGON ((15424126.94 4998944.148, 15427126.94 4998944.148, 15427126.94 4995944.148, 15424126.94 4995944.148, 15424126.94 4998944.148))"
喜山期,1501,15425626.94,4994444.148,0.0242514518571297,0.0003556152904824,4,0.0,1.0,True,0.9720730397422128,0.4989258861439312,0.0,0.8301288936627282,"POLYGON ((15424126.94 4995944.148, 15427126.94 4995944.148, 15427126.94 4992944.148, 15424126.94 4992944.148, 15424126.94 4995944.148))"
喜山期,1502,15425626.94,4991444.148,0.0238260131737818,0.0003556152904824,4,0.0,1.0,True,0.9427139276763336,0.4989258861439312,0.0,0.8095775152166129,"POLYGON ((15424126.94 4992944.148, 15427126.94 4992944.148, 15427126.94 4989944.148, 15424126.94 4989944.148, 15424126.94 4992944.148))"
喜山期,1503,15425626.94,4988444.148,0.0232214974092172,0.0003556152904824,4,0.0,1.0,True,0.916935195130684,0.4989258861439312,0.0,0.7915324024346581,"POLYGON ((15424126.94 4989944.148, 15427126.94 4989944.148, 15427126.94 4986944.148, 15424126.94 4986944.148, 15424126.94 4989944.148))"
喜山期,1504,15425626.94,4985444.148,0.0224451187259926,0.0003556152904824,4,0.0,1.0,True,0.8818474758324383,0.4989258861439312,0.0,0.7669709989258862,"POLYGON ((15424126.94 4986944.148, 15427126.94 4986944.148, 15427126.94 4983944.148, 15424126.94 4983944.148, 15424126.94 4986944.148))"
喜山期,1505,15425626.94,4982444.148,0.0215123453789639,0.0003556152904824,4,0.0,1.0,True,0.8446115288220551,0.4989258861439312,0.0,0.7409058360186179,"POLYGON ((15424126.94 4983944.148, 15427126.94 4983944.148, 15427126.94 4980944.148, 15424126.94 4980944.148, 15424126.94 4983944.148))"
喜山期,1506,15425626.94,4979444.148,0.0204431193882813,0.0003556152904824,4,0.0,1.0,True,0.8027210884353742,0.4989258861439312,0.0,0.7115825277479413,"POLYGON ((15424126.94 4980944.148, 15427126.94 4980944.148, 15427126.94 4977944.148, 15424126.94 4977944.148, 15424126.94 4980944.148))"
喜山期,1507,15425626.94,4976444.148,0.0192578918379513,0.0003556152904824,4,0.0,0.0,False,0.7626208378088077,0.4989258861439312,0.0,0.6835123523093447,"POLYGON ((15424126.94 4977944.148, 15427126.94 4977944.148, 15427126.94 4974944.148, 15424126.94 4974944.148, 15424126.94 4977944.148))"
喜山期,1508,15425626.94,4973444.148,0.0179747148741967,0.0003556152904824,4,0.0,0.0,False,0.7207303974221267,0.4989258861439312,0.0,0.6541890440386681,"POLYGON ((15424126.94 4974944.148, 15427126.94 4974944.148, 15427126.94 4971944.148, 15424126.94 4971944.148, 15424126.94 4974944.148))"
喜山期,1509,15425626.94,4970444.148,0.0166078556270375,0.0003556152904824,4,0.0,0.0,False,0.6784819190834228,0.4989258861439312,0.0,0.6246151092015753,"POLYGON ((15424126.94 4971944.148, 15427126.94 4971944.148, 15427126.94 4968944.148, 15424126.94 4968944.148, 15424126.94 4971944.148))"
喜山期,1510,15425626.94,4967444.148,0.0151676783231249,0.0003556152904824,4,0.0,0.0,False,0.6333691371285356,0.4989258861439312,0.0,0.5930361618331543,"POLYGON ((15424126.94 4968944.148, 15427126.94 4968944.148, 15427126.94 4965944.148, 15424126.94 4965944.148, 15424126.94 4968944.148))"
喜山期,1511,15425626.94,4964444.148,0.0136611924052365,0.0003556152904824,4,0.0,0.0,False,0.5818116720372359,0.4989258861439312,0.0,0.5569459362692445,"POLYGON ((15424126.94 4965944.148, 15427126.94 4965944.148, 15427126.94 4962944.148, 15424126.94 4962944.148, 15424126.94 4965944.148))"
喜山期,1512,15425626.94,4961444.148,0.0120927040528772,0.0003556152904824,4,0.0,0.0,False,0.5263157894736842,0.4989258861439312,0.0,0.5180988184747584,"POLYGON ((15424126.94 4962944.148, 15427126.94 4962944.148, 15427126.94 4959944.148, 15424126.94 4959944.148, 15424126.94 4962944.148))"
喜山期,1513,15425626.94,4958444.148,0.0104642464047895,0.0003556152904824,4,0.0,0.0,False,0.4622269960615825,0.4989258861439312,0.0,0.4732366630862871,"POLYGON ((15424126.94 4959944.148, 15427126.94 4959944.148, 15427126.94 4956944.148, 15424126.94 4956944.148, 15424126.94 4959944.148))"
喜山期,1514,15425626.94,4955444.148,0.0087756734140274,0.0003556152904824,4,0.0,0.0,False,0.3934837092731829,0.4989258861439312,0.0,0.4251163623344074,"POLYGON ((15424126.94 4956944.148, 15427126.94 4956944.148, 15427126.94 4953944.148, 15424126.94 4953944.148, 15424126.94 4956944.148))"
喜山期,1515,15425626.94,4952444.148,0.0070243349401229,0.0003556152904824,4,0.0,0.0,False,0.3139992839240959,0.4989258861439312,0.0,0.3694772645900465,"POLYGON ((15424126.94 4953944.148, 15427126.94 4953944.148, 15427126.94 4950944.148, 15424126.94 4950944.148, 15424126.94 4953944.148))"
喜山期,1516,15425626.94,4949444.148,0.0052040092305745,0.0003556152904824,4,0.0,0.0,False,0.2280701754385964,0.4989258861439312,0.0,0.3093268886501968,"POLYGON ((15424126.94 4950944.148, 15427126.94 4950944.148, 15427126.94 4947944.148, 15424126.94 4947944.148, 15424126.94 4950944.148))"
喜山期,1517,15425626.94,4946444.148,0.0033019135828605,0.0003556152904824,4,0.0,0.0,False,0.1460794844253491,0.4989258861439312,0.0,0.2519334049409237,"POLYGON ((15424126.94 4947944.148, 15427126.94 4947944.148, 15427126.94 4944944.148, 15424126.94 4944944.148, 15424126.94 4947944.148))"
喜山期,1518,15425626.94,4943444.148,0.0012889259420099,0.0003556152904824,3,0.0,0.0,False,0.0608664518438954,0.4989258861439312,0.0,0.1922842821339062,"POLYGON ((15424126.94 4944944.148, 15427126.94 4944944.148, 15427126.94 4941944.148, 15424126.94 4941944.148, 15424126.94 4944944.148))"
喜山期,1519,15428626.94,5087444.148,0.0012911942002741,0.0003556152904824,3,0.0,0.0,False,0.0633727175080558,0.4989258861439312,0.0,0.1940386680988184,"POLYGON ((15427126.94 5088944.148, 15430126.94 5088944.148, 15430126.94 5085944.148, 15427126.94 5085944.148, 15427126.94 5088944.148))"
喜山期,1520,15428626.94,5084444.148,0.0033045622309161,0.0003556152904824,4,0.0,0.0,False,0.146437522377372,0.4989258861439312,0.0,0.2521840315073398,"POLYGON ((15427126.94 5085944.148, 15430126.94 5085944.148, 15430126.94 5082944.148, 15427126.94 5082944.148, 15427126.94 5085944.148))"
喜山期,1521,15428626.94,5081444.148,0.0052073254069207,0.0003556152904824,4,0.0,0.0,False,0.2287862513426423,0.4989258861439312,0.0,0.309828141783029,"POLYGON ((15427126.94 5082944.148, 15430126.94 5082944.148, 15430126.94 5079944.148, 15427126.94 5079944.148, 15427126.94 5082944.148))"
喜山期,1522,15428626.94,5078444.148,0.0070289833673337,0.0003556152904824,4,0.0,0.0,False,0.3147153598281418,0.4989258861439312,0.0,0.3699785177228786,"POLYGON ((15427126.94 5079944.148, 15430126.94 5079944.148, 15430126.94 5076944.148, 15427126.94 5076944.148, 15427126.94 5079944.148))"
喜山期,1523,15428626.94,5075444.148,0.0087823930568974,0.0003556152904824,4,0.0,0.0,False,0.3941997851772288,0.4989258861439312,0.0,0.4256176154672395,"POLYGON ((15427126.94 5076944.148, 15430126.94 5076944.148, 15430126.94 5073944.148, 15427126.94 5073944.148, 15427126.94 5076944.148))"
喜山期,1524,15428626.94,5072444.148,0.0104735516560488,0.0003556152904824,4,0.0,0.0,False,0.4629430719656283,0.4989258861439312,0.0,0.4737379162191192,"POLYGON ((15427126.94 5073944.148, 15430126.94 5073944.148, 15430126.94 5070944.148, 15427126.94 5070944.148, 15427126.94 5073944.148))"
喜山期,1525,15428626.94,5069444.148,0.012104665420963,0.0003556152904824,4,0.0,0.0,False,0.527389903329753,0.4989258861439312,0.0,0.5188506981740064,"POLYGON ((15427126.94 5070944.148, 15430126.94 5070944.148, 15430126.94 5067944.148, 15427126.94 5067944.148, 15427126.94 5070944.148))"
喜山期,1526,15428626.94,5066444.148,0.0136753869408917,0.0003556152904824,4,0.0,0.0,False,0.5832438238453276,0.4989258861439312,0.0,0.5579484425349086,"POLYGON ((15427126.94 5067944.148, 15430126.94 5067944.148, 15430126.94 5064944.148, 15427126.94 5064944.148, 15427126.94 5067944.148))"
喜山期,1527,15428626.94,5063444.148,0.0151832607590019,0.0003556152904824,4,0.0,0.0,False,0.6337271750805585,0.4989258861439312,0.0,0.5932867883995703,"POLYGON ((15427126.94 5064944.148, 15430126.94 5064944.148, 15430126.94 5061944.148, 15427126.94 5061944.148, 15427126.94 5064944.148))"
喜山期,1528,15428626.94,5060444.148,0.0166234737668311,0.0003556152904824,4,0.0,0.0,False,0.6799140708915145,0.4989258861439312,0.0,0.6256176154672395,"POLYGON ((15427126.94 5061944.148, 15430126.94 5061944.148, 15430126.94 5058944.148, 15427126.94 5058944.148, 15427126.94 5061944.148))"
喜山期,1529,15428626.94,5057444.148,0.0179878430914177,0.0003556152904824,4,0.0,0.0,False,0.7210884353741497,0.4989258861439312,0.0,0.6544396706050841,"POLYGON ((15427126.94 5058944.148, 15430126.94 5058944.148, 15430126.94 5055944.148, 15427126.94 5055944.148, 15427126.94 5058944.148))"
喜山期,1530,15428626.94,5054444.148,0.0192632882959727,0.0003556152904824,4,0.0,0.0,False,0.7636949516648764,0.4989258861439312,0.0,0.6842642320085929,"POLYGON ((15427126.94 5055944.148, 15430126.94 5055944.148, 15430126.94 5052944.148, 15427126.94 5052944.148, 15427126.94 5055944.148))"
喜山期,1531,15428626.94,5051444.148,0.0204306184517833,0.0003556152904824,4,0.0,1.0,True,0.8020050125313283,0.4989258861439312,0.0,0.7110812746151092,"POLYGON ((15427126.94 5052944.148, 15430126.94 5052944.148, 15430126.94 5049944.148, 15427126.94 5049944.148, 15427126.94 5052944.148))"
喜山期,1532,15428626.94,5048444.148,0.0214649112259457,0.0003556152904824,4,0.0,1.0,True,0.8435374149659864,0.4989258861439312,0.0,0.7401539563193699,"POLYGON ((15427126.94 5049944.148, 15430126.94 5049944.148, 15430126.94 5046944.148, 15427126.94 5046944.148, 15427126.94 5049944.148))"
喜山期,1533,15428626.94,5045444.148,0.0223385682321044,0.0003556152904824,4,0.0,1.0,True,0.8779090583601862,0.4989258861439312,0.0,0.7642141066953096,"POLYGON ((15427126.94 5046944.148, 15430126.94 5046944.148, 15430126.94 5043944.148, 15427126.94 5043944.148, 15427126.94 5046944.148))"
喜山期,1534,15428626.94,5042444.148,0.0230270416835549,0.0003556152904824,4,0.0,1.0,True,0.9051199427139276,0.4989258861439312,0.0,0.7832617257429287,"POLYGON ((15427126.94 5043944.148, 15430126.94 5043944.148, 15430126.94 5040944.148, 15427126.94 5040944.148, 15427126.94 5043944.148))"
喜山期,1535,15428626.94,5039444.148,0.023515580821711,0.0003556152904824,4,0.0,1.0,True,0.9283924095954172,0.4989258861439312,0.0,0.7995524525599713,"POLYGON ((15427126.94 5040944.148, 15430126.94 5040944.148, 15430126.94 5037944.148, 15427126.94 5037944.148, 15427126.94 5040944.148))"
喜山期,1536,15428626.94,5036444.148,0.0238040979002619,0.0003556152904824,4,0.0,1.0,True,0.941997851772288,0.4989258861439312,0.0,0.8090762620837809,"POLYGON ((15427126.94 5037944.148, 15430126.94 5037944.148, 15430126.94 5034944.148, 15427126.94 5034944.148, 15427126.94 5037944.148))"
喜山期,1537,15428626.94,5033444.148,0.0239074515802359,0.0003556152904824,4,0.0,1.0,True,0.9488005728607232,0.4989258861439312,0.0,0.8138381668456857,"POLYGON ((15427126.94 5034944.148, 15430126.94 5034944.148, 15430126.94 5031944.148, 15427126.94 5031944.148, 15427126.94 5034944.148))"
喜山期,1538,15428626.94,5030444.148,0.0238503709192552,0.0003556152904824,4,0.0,1.0,True,0.9441460794844252,0.4989258861439312,0.0,0.810580021482277,"POLYGON ((15427126.94 5031944.148, 15430126.94 5031944.148, 15430126.94 5028944.148, 15427126.94 5028944.148, 15427126.94 5031944.148))"
喜山期,1539,15428626.94,5027444.148,0.0236588340469588,0.0003556152904824,4,0.0,1.0,True,0.9366272824919442,0.4989258861439312,0.0,0.8053168635875403,"POLYGON ((15427126.94 5028944.148, 15430126.94 5028944.148, 15430126.94 5025944.148, 15427126.94 5025944.148, 15427126.94 5028944.148))"
喜山期,1540,15428626.94,5024444.148,0.0233507115326715,0.0003556152904824,4,0.0,1.0,True,0.9215896885069818,0.4989258861439312,0.0,0.7947905477980666,"POLYGON ((15427126.94 5025944.148, 15430126.94 5025944.148, 15430126.94 5022944.148, 15427126.94 5022944.148, 15427126.94 5025944.148))"
喜山期,1541,15428626.94,5021444.148,0.0242444663432839,0.0003556152904824,4,0.0,1.0,True,0.9713569638381668,0.4989258861439312,0.0,0.8296276405298961,"POLYGON ((15427126.94 5022944.148, 15430126.94 5022944.148, 15430126.94 5019944.148, 15427126.94 5019944.148, 15427126.94 5022944.148))"
喜山期,1542,15428626.94,5018444.148,0.0227769584676743,0.0003556152904824,4,0.0,1.0,True,0.8958109559613319,0.4989258861439312,0.0,0.7767454350161116,"POLYGON ((15427126.94 5019944.148, 15430126.94 5019944.148, 15430126.94 5016944.148, 15427126.94 5016944.148, 15427126.94 5019944.148))"
喜山期,1543,15428626.94,5015444.148,0.0242334724257439,0.0003556152904824,4,0.0,1.0,True,0.9706408879341212,0.4989258861439312,0.0,0.8291263873970641,"POLYGON ((15427126.94 5016944.148, 15430126.94 5016944.148, 15430126.94 5013944.148, 15427126.94 5013944.148, 15427126.94 5016944.148))"
喜山期,1544,15428626.94,5012444.148,0.0233521700732937,0.0003556152904824,4,0.0,1.0,True,0.9219477264590048,0.4989258861439312,0.0,0.7950411743644826,"POLYGON ((15427126.94 5013944.148, 15430126.94 5013944.148, 15430126.94 5010944.148, 15427126.94 5010944.148, 15427126.94 5013944.148))"
喜山期,1545,15428626.94,5009444.148,0.0237928361729037,0.0003556152904824,4,0.0,1.0,True,0.941281775868242,0.4989258861439312,0.0,0.8085750089509488,"POLYGON ((15427126.94 5010944.148, 15430126.94 5010944.148, 15430126.94 5007944.148, 15427126.94 5007944.148, 15427126.94 5010944.148))"
喜山期,1546,15428626.94,5006444.148,0.024127611370653,0.0003556152904824,4,0.0,1.0,True,0.9631220909416398,0.4989258861439312,0.0,0.8238632295023272,"POLYGON ((15427126.94 5007944.148, 15430126.94 5007944.148, 15430126.94 5004944.148, 15427126.94 5004944.148, 15427126.94 5007944.148))"
喜山期,1547,15428626.94,5003444.148,0.0243459928828436,0.0003556152904824,4,0.0,1.0,True,0.9738632295023272,0.4989258861439312,0.0,0.8313820264948084,"POLYGON ((15427126.94 5004944.148, 15430126.94 5004944.148, 15430126.94 5001944.148, 15427126.94 5001944.148, 15427126.94 5004944.148))"
喜山期,1548,15428626.94,5000444.148,0.0244286883220904,0.0003556152904824,4,0.0,1.0,True,0.9767275331185106,0.4989258861439312,0.0,0.8333870390261368,"POLYGON ((15427126.94 5001944.148, 15430126.94 5001944.148, 15430126.94 4998944.148, 15427126.94 4998944.148, 15427126.94 5001944.148))"
喜山期,1549,15428626.94,4997444.148,0.0243537800688672,0.0003556152904824,4,0.0,1.0,True,0.974937343358396,0.4989258861439312,0.0,0.8321339061940566,"POLYGON ((15427126.94 4998944.148, 15430126.94 4998944.148, 15430126.94 4995944.148, 15427126.94 4995944.148, 15427126.94 4998944.148))"
喜山期,1550,15428626.94,4994444.148,0.0241032433010157,0.0003556152904824,4,0.0,1.0,True,0.9602577873254564,0.4989258861439312,0.0,0.8218582169709989,"POLYGON ((15427126.94 4995944.148, 15430126.94 4995944.148, 15430126.94 4992944.148, 15427126.94 4992944.148, 15427126.94 4995944.148))"
喜山期,1551,15428626.94,4991444.148,0.0236683389309068,0.0003556152904824,4,0.0,1.0,True,0.9377013963480128,0.4989258861439312,0.0,0.8060687432867883,"POLYGON ((15427126.94 4992944.148, 15430126.94 4992944.148, 15430126.94 4989944.148, 15427126.94 4989944.148, 15427126.94 4992944.148))"
喜山期,1552,15428626.94,4988444.148,0.0230519704747325,0.0003556152904824,4,0.0,1.0,True,0.9058360186179736,0.4989258861439312,0.0,0.7837629788757607,"POLYGON ((15427126.94 4989944.148, 15430126.94 4989944.148, 15430126.94 4986944.148, 15427126.94 4986944.148, 15427126.94 4989944.148))"
喜山期,1553,15428626.94,4985444.148,0.0222673841276555,0.0003556152904824,4,0.0,1.0,True,0.8754027926960258,0.4989258861439312,0.0,0.7624597207303975,"POLYGON ((15427126.94 4986944.148, 15430126.94 4986944.148, 15430126.94 4983944.148, 15427126.94 4983944.148, 15427126.94 4986944.148))"
喜山期,1554,15428626.94,4982444.148,0.0213342010281521,0.0003556152904824,4,0.0,1.0,True,0.8367346938775511,0.4989258861439312,0.0,0.7353920515574651,"POLYGON ((15427126.94 4983944.148, 15430126.94 4983944.148, 15430126.94 4980944.148, 15427126.94 4980944.148, 15427126.94 4983944.148))"
喜山期,1555,15428626.94,4979444.148,0.0202736818401037,0.0003556152904824,4,0.0,0.0,False,0.7973505191550304,0.4989258861439312,0.0,0.7078231292517007,"POLYGON ((15427126.94 4980944.148, 15430126.94 4980944.148, 15430126.94 4977944.148, 15427126.94 4977944.148, 15427126.94 4980944.148))"
喜山期,1556,15428626.94,4976444.148,0.0191049791649948,0.0003556152904824,4,0.0,0.0,False,0.7586824203365556,0.4989258861439312,0.0,0.6807554600787683,"POLYGON ((15427126.94 4977944.148, 15430126.94 4977944.148, 15430126.94 4974944.148, 15427126.94 4974944.148, 15427126.94 4977944.148))"
喜山期,1557,15428626.94,4973444.148,0.0178432494831413,0.0003556152904824,4,0.0,0.0,False,0.7175080558539205,0.4989258861439312,0.0,0.6519334049409237,"POLYGON ((15427126.94 4974944.148, 15430126.94 4974944.148, 15430126.94 4971944.148, 15427126.94 4971944.148, 15427126.94 4974944.148))"
喜山期,1558,15428626.94,4970444.148,0.0164994974752436,0.0003556152904824,4,0.0,0.0,False,0.6749015395631937,0.4989258861439312,0.0,0.6221088435374149,"POLYGON ((15427126.94 4971944.148, 15430126.94 4971944.148, 15430126.94 4968944.148, 15427126.94 4968944.148, 15427126.94 4971944.148))"
喜山期,1559,15428626.94,4967444.148,0.0150814114592993,0.0003556152904824,4,0.0,0.0,False,0.631578947368421,0.4989258861439312,0.0,0.591783029001074,"POLYGON ((15427126.94 4968944.148, 15430126.94 4968944.148, 15430126.94 4965944.148, 15427126.94 4965944.148, 15427126.94 4968944.148))"
喜山期,1560,15428626.94,4964444.148,0.0135943689213325,0.0003556152904824,4,0.0,0.0,False,0.5785893304690297,0.4989258861439312,0.0,0.5546902971715002,"POLYGON ((15427126.94 4965944.148, 15430126.94 4965944.148, 15430126.94 4962944.148, 15427126.94 4962944.148, 15427126.94 4965944.148))"
喜山期,1561,15428626.94,4961444.148,0.012042083830442,0.0003556152904824,4,0.0,0.0,False,0.523093447905478,0.4989258861439312,0.0,0.515843179377014,"POLYGON ((15427126.94 4962944.148, 15430126.94 4962944.148, 15430126.94 4959944.148, 15427126.94 4959944.148, 15427126.94 4962944.148))"
喜山期,1562,15428626.94,4958444.148,0.0104267463218322,0.0003556152904824,4,0.0,0.0,False,0.4604368063014679,0.4989258861439312,0.0,0.4719835302542069,"POLYGON ((15427126.94 4959944.148, 15430126.94 4959944.148, 15430126.94 4956944.148, 15427126.94 4956944.148, 15427126.94 4959944.148))"
喜山期,1563,15428626.94,4955444.148,0.0087487383176383,0.0003556152904824,4,0.0,0.0,False,0.3913354815610455,0.4989258861439312,0.0,0.4236126029359112,"POLYGON ((15427126.94 4956944.148, 15430126.94 4956944.148, 15430126.94 4953944.148, 15427126.94 4953944.148, 15427126.94 4956944.148))"
喜山期,1564,15428626.94,4952444.148,0.0070059893649442,0.0003556152904824,4,0.0,0.0,False,0.3125671321160043,0.4989258861439312,0.0,0.3684747583243823,"POLYGON ((15427126.94 4953944.148, 15430126.94 4953944.148, 15430126.94 4950944.148, 15427126.94 4950944.148, 15427126.94 4953944.148))"
喜山期,1565,15428626.94,4949444.148,0.0051927155113694,0.0003556152904824,4,0.0,0.0,False,0.2273540995345506,0.4989258861439312,0.0,0.3088256355173648,"POLYGON ((15427126.94 4950944.148, 15430126.94 4950944.148, 15430126.94 4947944.148, 15427126.94 4947944.148, 15427126.94 4950944.148))"
喜山期,1566,15428626.94,4946444.148,0.0032963527800654,0.0003556152904824,4,0.0,0.0,False,0.1446473326172574,0.4989258861439312,0.0,0.2509308986752596,"POLYGON ((15427126.94 4947944.148, 15430126.94 4947944.148, 15430126.94 4944944.148, 15427126.94 4944944.148, 15427126.94 4947944.148))"
喜山期,1567,15428626.94,4943444.148,0.0012877425888544,0.0003556152904824,3,0.0,0.0,False,0.0601503759398496,0.4989258861439312,0.0,0.1917830290010741,"POLYGON ((15427126.94 4944944.148, 15430126.94 4944944.148, 15430126.94 4941944.148, 15427126.94 4941944.148, 15427126.94 4944944.148))"
喜山期,1568,15431626.94,5087444.148,0.0012895551067109,0.0003556152904824,3,0.0,0.0,False,0.0612244897959183,0.4989258861439312,0.0,0.1925349087003222,"POLYGON ((15430126.94 5088944.148, 15433126.94 5088944.148, 15433126.94 5085944.148, 15430126.94 5085944.148, 15430126.94 5088944.148))"
喜山期,1569,15431626.94,5084444.148,0.0032967848945299,0.0003556152904824,4,0.0,0.0,False,0.1450053705692803,0.4989258861439312,0.0,0.2511815252416756,"POLYGON ((15430126.94 5085944.148, 15433126.94 5085944.148, 15433126.94 5082944.148, 15430126.94 5082944.148, 15430126.94 5085944.148))"
喜山期,1570,15431626.94,5081444.148,0.0051914249145438,0.0003556152904824,4,0.0,0.0,False,0.2269960615825277,0.4989258861439312,0.0,0.3085750089509488,"POLYGON ((15430126.94 5082944.148, 15433126.94 5082944.148, 15433126.94 5079944.148, 15430126.94 5079944.148, 15430126.94 5082944.148))"
喜山期,1571,15431626.94,5078444.148,0.0070029086724136,0.0003556152904824,4,0.0,0.0,False,0.3122090941639814,0.4989258861439312,0.0,0.3682241317579663,"POLYGON ((15430126.94 5079944.148, 15433126.94 5079944.148, 15433126.94 5076944.148, 15430126.94 5076944.148, 15430126.94 5079944.148))"
喜山期,1572,15431626.94,5075444.148,0.0087436307074904,0.0003556152904824,4,0.0,0.0,False,0.3902613677049767,0.4989258861439312,0.0,0.422860723236663,"POLYGON ((15430126.94 5076944.148, 15433126.94 5076944.148, 15433126.94 5073944.148, 15430126.94 5073944.148, 15430126.94 5076944.148))"
喜山期,1573,15431626.94,5072444.148,0.0104188589880116,0.0003556152904824,4,0.0,0.0,False,0.460078768349445,0.4989258861439312,0.0,0.4717329036877909,"POLYGON ((15430126.94 5073944.148, 15433126.94 5073944.148, 15433126.94 5070944.148, 15430126.94 5070944.148, 15430126.94 5073944.148))"
喜山期,1574,15431626.94,5069444.148,0.0120300399194575,0.0003556152904824,4,0.0,0.0,False,0.5220193340494093,0.4989258861439312,0.0,0.5150912996777659,"POLYGON ((15430126.94 5070944.148, 15433126.94 5070944.148, 15433126.94 5067944.148, 15430126.94 5067944.148, 15430126.94 5070944.148))"
喜山期,1575,15431626.94,5066444.148,0.0135764333639826,0.0003556152904824,4,0.0,0.0,False,0.5782312925170068,0.4989258861439312,0.0,0.554439670605084,"POLYGON ((15430126.94 5067944.148, 15433126.94 5067944.148, 15433126.94 5064944.148, 15430126.94 5064944.148, 15430126.94 5067944.148))"
喜山期,1576,15431626.94,5063444.148,0.0150560629653935,0.0003556152904824,4,0.0,0.0,False,0.6305048335123523,0.4989258861439312,0.0,0.591031149301826,"POLYGON ((15430126.94 5064944.148, 15433126.94 5064944.148, 15433126.94 5061944.148, 15430126.94 5061944.148, 15430126.94 5064944.148))"
喜山期,1577,15431626.94,5060444.148,0.0164659301766814,0.0003556152904824,4,0.0,0.0,False,0.673469387755102,0.4989258861439312,0.0,0.6211063372717507,"POLYGON ((15430126.94 5061944.148, 15433126.94 5061944.148, 15433126.94 5058944.148, 15430126.94 5058944.148, 15430126.94 5061944.148))"
喜山期,1578,15431626.94,5057444.148,0.0178011914190369,0.0003556152904824,4,0.0,0.0,False,0.7146437522377372,0.4989258861439312,0.0,0.6499283924095954,"POLYGON ((15430126.94 5058944.148, 15433126.94 5058944.148, 15433126.94 5055944.148, 15430126.94 5055944.148, 15430126.94 5058944.148))"
喜山期,1579,15431626.94,5054444.148,0.0190532681996577,0.0003556152904824,4,0.0,0.0,False,0.7561761546723953,0.4989258861439312,0.0,0.679001074113856,"POLYGON ((15430126.94 5055944.148, 15433126.94 5055944.148, 15433126.94 5052944.148, 15430126.94 5052944.148, 15430126.94 5055944.148))"
喜山期,1580,15431626.94,5051444.148,0.0202075255930209,0.0003556152904824,4,0.0,0.0,False,0.7930540637307555,0.4989258861439312,0.0,0.7048156104547082,"POLYGON ((15430126.94 5052944.148, 15433126.94 5052944.148, 15433126.94 5049944.148, 15430126.94 5049944.148, 15430126.94 5052944.148))"
喜山期,1581,15431626.94,5048444.148,0.0212418960950577,0.0003556152904824,4,0.0,1.0,True,0.8338703902613677,0.4989258861439312,0.0,0.7333870390261367,"POLYGON ((15430126.94 5049944.148, 15433126.94 5049944.148, 15433126.94 5046944.148, 15430126.94 5046944.148, 15430126.94 5049944.148))"
喜山期,1582,15431626.94,5045444.148,0.0221281094905821,0.0003556152904824,4,0.0,1.0,True,0.8689581095596133,0.4989258861439312,0.0,0.7579484425349087,"POLYGON ((15430126.94 5046944.148, 15433126.94 5046944.148, 15433126.94 5043944.148, 15430126.94 5043944.148, 15430126.94 5046944.148))"
喜山期,1583,15431626.94,5042444.148,0.0228365033208094,0.0003556152904824,4,0.0,1.0,True,0.899749373433584,0.4989258861439312,0.0,0.7795023272466881,"POLYGON ((15430126.94 5043944.148, 15433126.94 5043944.148, 15433126.94 5040944.148, 15430126.94 5040944.148, 15430126.94 5043944.148))"
喜山期,1584,15431626.94,5039444.148,0.0233436680279278,0.0003556152904824,4,0.0,1.0,True,0.9212316505549588,0.4989258861439312,0.0,0.7945399212316505,"POLYGON ((15430126.94 5040944.148, 15433126.94 5040944.148, 15433126.94 5037944.148, 15430126.94 5037944.148, 15430126.94 5040944.148))"
喜山期,1585,15431626.94,5036444.148,0.0236401426151496,0.0003556152904824,4,0.0,1.0,True,0.9355531686358756,0.4989258861439312,0.0,0.8045649838882921,"POLYGON ((15430126.94 5037944.148, 15433126.94 5037944.148, 15433126.94 5034944.148, 15430126.94 5034944.148, 15430126.94 5037944.148))"
喜山期,1586,15431626.94,5033444.148,0.0237343573461069,0.0003556152904824,4,0.0,1.0,True,0.9391335481561044,0.4989258861439312,0.0,0.8070712495524525,"POLYGON ((15430126.94 5034944.148, 15433126.94 5034944.148, 15433126.94 5031944.148, 15430126.94 5031944.148, 15430126.94 5034944.148))"
喜山期,1587,15431626.94,5030444.148,0.0236501322424466,0.0003556152904824,4,0.0,1.0,True,0.9359112065878984,0.4989258861439312,0.0,0.8048156104547082,"POLYGON ((15430126.94 5031944.148, 15433126.94 5031944.148, 15433126.94 5028944.148, 15430126.94 5028944.148, 15430126.94 5031944.148))"
喜山期,1588,15431626.94,5027444.148,0.0234180407702831,0.0003556152904824,4,0.0,1.0,True,0.924453992123165,0.4989258861439312,0.0,0.7967955603293949,"POLYGON ((15430126.94 5028944.148, 15433126.94 5028944.148, 15433126.94 5025944.148, 15430126.94 5025944.148, 15430126.94 5028944.148))"
喜山期,1589,15431626.94,5024444.148,0.0230635750409354,0.0003556152904824,4,0.0,1.0,True,0.9072681704260652,0.4989258861439312,0.0,0.784765485141425,"POLYGON ((15430126.94 5025944.148, 15433126.94 5025944.148, 15433126.94 5022944.148, 15430126.94 5022944.148, 15430126.94 5025944.148))"
喜山期,1590,15431626.94,5021444.148,0.0239542777922796,0.0003556152904824,4,0.0,1.0,True,0.9530970282849982,0.4989258861439312,0.0,0.8168456856426781,"POLYGON ((15430126.94 5022944.148, 15433126.94 5022944.148, 15433126.94 5019944.148, 15430126.94 5019944.148, 15430126.94 5022944.148))"
喜山期,1591,15431626.94,5018444.148,0.0222637231529797,0.0003556152904824,4,0.0,1.0,True,0.87468671679198,0.4989258861439312,0.0,0.7619584675975654,"POLYGON ((15430126.94 5019944.148, 15433126.94 5019944.148, 15433126.94 5016944.148, 15430126.94 5016944.148, 15430126.94 5019944.148))"
喜山期,1592,15431626.94,5015444.148,0.0239161487077297,0.0003556152904824,4,0.0,1.0,True,0.949874686716792,0.4989258861439312,0.0,0.8145900465449337,"POLYGON ((15430126.94 5016944.148, 15433126.94 5016944.148, 15433126.94 5013944.148, 15430126.94 5013944.148, 15430126.94 5016944.148))"
喜山期,1593,15431626.94,5012444.148,0.023022866044862,0.0003556152904824,4,0.0,1.0,True,0.9047619047619048,0.4989258861439312,0.0,0.7830110991765127,"POLYGON ((15430126.94 5013944.148, 15433126.94 5013944.148, 15433126.94 5010944.148, 15430126.94 5010944.148, 15430126.94 5013944.148))"
喜山期,1594,15431626.94,5009444.148,0.0235009780463978,0.0003556152904824,4,0.0,1.0,True,0.9276763336913711,0.4989258861439312,0.0,0.7990511994271392,"POLYGON ((15430126.94 5010944.148, 15433126.94 5010944.148, 15433126.94 5007944.148, 15430126.94 5007944.148, 15430126.94 5010944.148))"
喜山期,1595,15431626.94,5006444.148,0.0238719465507732,0.0003556152904824,4,0.0,1.0,True,0.9470103831006088,0.4989258861439312,0.0,0.8125850340136054,"POLYGON ((15430126.94 5007944.148, 15433126.94 5007944.148, 15433126.94 5004944.148, 15430126.94 5004944.148, 15430126.94 5007944.148))"
喜山期,1596,15431626.94,5003444.148,0.0241189217762395,0.0003556152904824,4,0.0,1.0,True,0.9620479770855712,0.4989258861439312,0.0,0.8231113498030791,"POLYGON ((15430126.94 5004944.148, 15433126.94 5004944.148, 15433126.94 5001944.148, 15430126.94 5001944.148, 15430126.94 5004944.148))"
喜山期,1597,15431626.94,5000444.148,0.0242174252097918,0.0003556152904824,4,0.0,1.0,True,0.9695667740780524,0.4989258861439312,0.0,0.828374507697816,"POLYGON ((15430126.94 5001944.148, 15433126.94 5001944.148, 15433126.94 4998944.148, 15430126.94 4998944.148, 15430126.94 5001944.148))"
喜山期,1598,15431626.94,4997444.148,0.0241437764980945,0.0003556152904824,4,0.0,1.0,True,0.9641962047977084,0.4989258861439312,0.0,0.8246151092015753,"POLYGON ((15430126.94 4998944.148, 15433126.94 4998944.148, 15433126.94 4995944.148, 15430126.94 4995944.148, 15430126.94 4998944.148))"
喜山期,1599,15431626.94,4994444.148,0.0238826747765959,0.0003556152904824,4,0.0,1.0,True,0.9480844969566774,0.4989258861439312,0.0,0.8133369137128535,"POLYGON ((15430126.94 4995944.148, 15433126.94 4995944.148, 15433126.94 4992944.148, 15430126.94 4992944.148, 15430126.94 4995944.148))"
喜山期,1600,15431626.94,4991444.148,0.0234317194057175,0.0003556152904824,4,0.0,1.0,True,0.9251700680272108,0.4989258861439312,0.0,0.797296813462227,"POLYGON ((15430126.94 4992944.148, 15433126.94 4992944.148, 15433126.94 4989944.148, 15430126.94 4989944.148, 15430126.94 4992944.148))"
喜山期,1601,15431626.94,4988444.148,0.0228014140853504,0.0003556152904824,4,0.0,1.0,True,0.8972431077694235,0.4989258861439312,0.0,0.7777479412817758,"POLYGON ((15430126.94 4989944.148, 15433126.94 4989944.148, 15433126.94 4986944.148, 15430126.94 4986944.148, 15430126.94 4989944.148))"
喜山期,1602,15431626.94,4985444.148,0.0220112523453048,0.0003556152904824,4,0.0,1.0,True,0.8653777300393842,0.4989258861439312,0.0,0.7554421768707483,"POLYGON ((15430126.94 4986944.148, 15433126.94 4986944.148, 15433126.94 4983944.148, 15430126.94 4983944.148, 15430126.94 4986944.148))"
喜山期,1603,15431626.94,4982444.148,0.0210840357537311,0.0003556152904824,4,0.0,1.0,True,0.8288578589330469,0.4989258861439312,0.0,0.7298782670963121,"POLYGON ((15430126.94 4983944.148, 15433126.94 4983944.148, 15433126.94 4980944.148, 15430126.94 4980944.148, 15430126.94 4983944.148))"
喜山期,1604,15431626.94,4979444.148,0.0200408248072498,0.0003556152904824,4,0.0,0.0,False,0.7883995703544576,0.4989258861439312,0.0,0.7015574650912997,"POLYGON ((15430126.94 4980944.148, 15433126.94 4980944.148, 15433126.94 4977944.148, 15430126.94 4977944.148, 15430126.94 4980944.148))"
喜山期,1605,15431626.94,4976444.148,0.0188980383656932,0.0003556152904824,4,0.0,0.0,False,0.7497314715359829,0.4989258861439312,0.0,0.6744897959183673,"POLYGON ((15430126.94 4977944.148, 15433126.94 4977944.148, 15433126.94 4974944.148, 15430126.94 4974944.148, 15430126.94 4977944.148))"
喜山期,1606,15431626.94,4973444.148,0.0176669317369136,0.0003556152904824,4,0.0,0.0,False,0.7103472968134622,0.4989258861439312,0.0,0.6469208736126029,"POLYGON ((15430126.94 4974944.148, 15433126.94 4974944.148, 15433126.94 4971944.148, 15430126.94 4971944.148, 15430126.94 4974944.148))"
喜山期,1607,15431626.94,4970444.148,0.0163547054825766,0.0003556152904824,4,0.0,0.0,False,0.66953097028285,0.4989258861439312,0.0,0.6183494450411744,"POLYGON ((15430126.94 4971944.148, 15433126.94 4971944.148, 15433126.94 4968944.148, 15430126.94 4968944.148, 15430126.94 4971944.148))"
喜山期,1608,15431626.94,4967444.148,0.0149661531493607,0.0003556152904824,4,0.0,0.0,False,0.6244181883279628,0.4989258861439312,0.0,0.5867704976727532,"POLYGON ((15430126.94 4968944.148, 15433126.94 4968944.148, 15433126.94 4965944.148, 15430126.94 4965944.148, 15430126.94 4968944.148))"
喜山期,1609,15431626.94,4964444.148,0.0135049669312696,0.0003556152904824,4,0.0,0.0,False,0.5753669889008235,0.4989258861439312,0.0,0.5524346580737558,"POLYGON ((15430126.94 4965944.148, 15433126.94 4965944.148, 15433126.94 4962944.148, 15430126.94 4962944.148, 15430126.94 4965944.148))"
喜山期,1610,15431626.94,4961444.148,0.0119742908193723,0.0003556152904824,4,0.0,0.0,False,0.5184389545291801,0.4989258861439312,0.0,0.5125850340136054,"POLYGON ((15430126.94 4962944.148, 15433126.94 4962944.148, 15433126.94 4959944.148, 15430126.94 4959944.148, 15430126.94 4962944.148))"
喜山期,1611,15431626.94,4958444.148,0.0103765440326409,0.0003556152904824,4,0.0,0.0,False,0.4586466165413533,0.4989258861439312,0.0,0.4707303974221267,"POLYGON ((15430126.94 4959944.148, 15433126.94 4959944.148, 15433126.94 4956944.148, 15430126.94 4956944.148, 15430126.94 4959944.148))"
喜山期,1612,15431626.94,4955444.148,0.0087127528958438,0.0003556152904824,4,0.0,0.0,False,0.389187253848908,0.4989258861439312,0.0,0.4221088435374149,"POLYGON ((15430126.94 4956944.148, 15433126.94 4956944.148, 15433126.94 4953944.148, 15430126.94 4953944.148, 15430126.94 4956944.148))"
喜山期,1613,15431626.94,4952444.148,0.0069815677423336,0.0003556152904824,4,0.0,0.0,False,0.3107769423558897,0.4989258861439312,0.0,0.3672216254923022,"POLYGON ((15430126.94 4953944.148, 15433126.94 4953944.148, 15433126.94 4950944.148, 15430126.94 4950944.148, 15430126.94 4953944.148))"
喜山期,1614,15431626.94,4949444.148,0.0051777707128338,0.0003556152904824,4,0.0,0.0,False,0.225563909774436,0.4989258861439312,0.0,0.3075725026852846,"POLYGON ((15430126.94 4950944.148, 15433126.94 4950944.148, 15433126.94 4947944.148, 15430126.94 4947944.148, 15430126.94 4950944.148))"
喜山期,1615,15431626.94,4946444.148,0.0032890922073231,0.0003556152904824,4,0.0,0.0,False,0.1435732187611887,0.4989258861439312,0.0,0.2501790189760114,"POLYGON ((15430126.94 4947944.148, 15433126.94 4947944.148, 15433126.94 4944944.148, 15430126.94 4944944.148, 15430126.94 4947944.148))"
喜山期,1616,15431626.94,4943444.148,0.0012863224996584,0.0003556152904824,3,0.0,0.0,False,0.0594343000358037,0.4989258861439312,0.0,0.191281775868242,"POLYGON ((15430126.94 4944944.148, 15433126.94 4944944.148, 15433126.94 4941944.148, 15430126.94 4941944.148, 15430126.94 4944944.148))"
喜山期,1617,15434626.94,5087444.148,0.0012876335757768,0.0003556152904824,3,0.0,0.0,False,0.0597923379878267,0.4989258861439312,0.0,0.191532402434658,"POLYGON ((15433126.94 5088944.148, 15436126.94 5088944.148, 15436126.94 5085944.148, 15433126.94 5085944.148, 15433126.94 5088944.148))"
喜山期,1618,15434626.94,5084444.148,0.0032871930796369,0.0003556152904824,4,0.0,0.0,False,0.1428571428571428,0.4989258861439312,0.0,0.2496777658431793,"POLYGON ((15433126.94 5085944.148, 15436126.94 5085944.148, 15436126.94 5082944.148, 15433126.94 5082944.148, 15433126.94 5085944.148))"
喜山期,1619,15434626.94,5081444.148,0.0051716282080863,0.0003556152904824,4,0.0,0.0,False,0.2252058718224131,0.4989258861439312,0.0,0.3073218761188686,"POLYGON ((15433126.94 5082944.148, 15436126.94 5082944.148, 15436126.94 5079944.148, 15433126.94 5079944.148, 15433126.94 5082944.148))"
喜山期,1620,15434626.94,5078444.148,0.0069702600168534,0.0003556152904824,4,0.0,0.0,False,0.3089867525957751,0.4989258861439312,0.0,0.3659684926602219,"POLYGON ((15433126.94 5079944.148, 15436126.94 5079944.148, 15436126.94 5076944.148, 15433126.94 5076944.148, 15433126.94 5079944.148))"
喜山期,1621,15434626.94,5075444.148,0.0086948846685462,0.0003556152904824,4,0.0,0.0,False,0.3884711779448621,0.4989258861439312,0.0,0.4216075904045828,"POLYGON ((15433126.94 5076944.148, 15436126.94 5076944.148, 15436126.94 5073944.148, 15433126.94 5073944.148, 15433126.94 5076944.148))"
喜山期,1622,15434626.94,5072444.148,0.0103498898521505,0.0003556152904824,4,0.0,0.0,False,0.4579305406373075,0.4989258861439312,0.0,0.4702291442892946,"POLYGON ((15433126.94 5073944.148, 15436126.94 5073944.148, 15436126.94 5070944.148, 15433126.94 5070944.148, 15433126.94 5073944.148))"
喜山期,1623,15434626.94,5069444.148,0.0119358572577127,0.0003556152904824,4,0.0,0.0,False,0.5170068027210885,0.4989258861439312,0.0,0.5115825277479413,"POLYGON ((15433126.94 5070944.148, 15436126.94 5070944.148, 15436126.94 5067944.148, 15433126.94 5067944.148, 15433126.94 5070944.148))"
喜山期,1624,15434626.94,5066444.148,0.0134516138667188,0.0003556152904824,4,0.0,0.0,False,0.573218761188686,0.4989258861439312,0.0,0.5509308986752595,"POLYGON ((15433126.94 5067944.148, 15436126.94 5067944.148, 15436126.94 5064944.148, 15433126.94 5064944.148, 15433126.94 5067944.148))"
喜山期,1625,15434626.94,5063444.148,0.0148956550696611,0.0003556152904824,4,0.0,0.0,False,0.6211958467597566,0.4989258861439312,0.0,0.584514858575009,"POLYGON ((15433126.94 5064944.148, 15436126.94 5064944.148, 15436126.94 5061944.148, 15433126.94 5061944.148, 15433126.94 5064944.148))"
喜山期,1626,15434626.94,5060444.148,0.0162667917416988,0.0003556152904824,4,0.0,0.0,False,0.6673827425707125,0.4989258861439312,0.0,0.616845685642678,"POLYGON ((15433126.94 5061944.148, 15436126.94 5061944.148, 15436126.94 5058944.148, 15433126.94 5058944.148, 15433126.94 5061944.148))"
喜山期,1627,15434626.94,5057444.148,0.0175635822374987,0.0003556152904824,4,0.0,0.0,False,0.7074829931972789,0.4989258861439312,0.0,0.6449158610812746,"POLYGON ((15433126.94 5058944.148, 15436126.94 5058944.148, 15436126.94 5055944.148, 15433126.94 5055944.148, 15433126.94 5058944.148))"
喜山期,1628,15434626.94,5054444.148,0.018782303834927,0.0003556152904824,4,0.0,0.0,False,0.7472252058718224,0.4989258861439312,0.0,0.672735409953455,"POLYGON ((15433126.94 5055944.148, 15436126.94 5055944.148, 15436126.94 5052944.148, 15433126.94 5052944.148, 15433126.94 5055944.148))"
喜山期,1629,15434626.94,5051444.148,0.0199138327088824,0.0003556152904824,4,0.0,0.0,False,0.7851772287862513,0.4989258861439312,0.0,0.6993018259935553,"POLYGON ((15433126.94 5052944.148, 15436126.94 5052944.148, 15436126.94 5049944.148, 15433126.94 5049944.148, 15433126.94 5052944.148))"
喜山期,1630,15434626.94,5048444.148,0.0209406657688268,0.0003556152904824,4,0.0,1.0,True,0.8216970998925887,0.4989258861439312,0.0,0.7248657357679914,"POLYGON ((15433126.94 5049944.148, 15436126.94 5049944.148, 15436126.94 5046944.148, 15433126.94 5046944.148, 15433126.94 5049944.148))"
喜山期,1631,15434626.94,5045444.148,0.021836014729068,0.0003556152904824,4,0.0,1.0,True,0.8592910848549946,0.4989258861439312,0.0,0.7511815252416756,"POLYGON ((15433126.94 5046944.148, 15436126.94 5046944.148, 15436126.94 5043944.148, 15433126.94 5043944.148, 15433126.94 5046944.148))"
喜山期,1632,15434626.94,5042444.148,0.022566815981989,0.0003556152904824,4,0.0,1.0,True,0.8886501969208737,0.4989258861439312,0.0,0.7717329036877909,"POLYGON ((15433126.94 5043944.148, 15436126.94 5043944.148, 15436126.94 5040944.148, 15433126.94 5040944.148, 15433126.94 5043944.148))"
喜山期,1633,15434626.94,5039444.148,0.0231011471392284,0.0003556152904824,4,0.0,1.0,True,0.9087003222341568,0.4989258861439312,0.0,0.7857679914070892,"POLYGON ((15433126.94 5040944.148, 15436126.94 5040944.148, 15436126.94 5037944.148, 15433126.94 5037944.148, 15433126.94 5040944.148))"
喜山期,1634,15434626.94,5036444.148,0.0234181146749031,0.0003556152904824,4,0.0,1.0,True,0.924812030075188,0.4989258861439312,0.0,0.797046186895811,"POLYGON ((15433126.94 5037944.148, 15436126.94 5037944.148, 15436126.94 5034944.148, 15433126.94 5034944.148, 15433126.94 5037944.148))"
喜山期,1635,15434626.94,5033444.148,0.0235159747119009,0.0003556152904824,4,0.0,1.0,True,0.92875044754744,0.4989258861439312,0.0,0.7998030791263874,"POLYGON ((15433126.94 5034944.148, 15436126.94 5034944.148, 15436126.94 5031944.148, 15433126.94 5031944.148, 15433126.94 5034944.148))"
喜山期,1636,15434626.94,5030444.148,0.023413842817451,0.0003556152904824,4,0.0,1.0,True,0.9233798782670964,0.4989258861439312,0.0,0.7960436806301467,"POLYGON ((15433126.94 5031944.148, 15436126.94 5031944.148, 15436126.94 5028944.148, 15433126.94 5028944.148, 15433126.94 5031944.148))"
喜山期,1637,15434626.94,5027444.148,0.0231448393137617,0.0003556152904824,4,0.0,1.0,True,0.91156462585034,0.4989258861439312,0.0,0.7877730039384174,"POLYGON ((15433126.94 5028944.148, 15436126.94 5028944.148, 15436126.94 5025944.148, 15433126.94 5025944.148, 15433126.94 5028944.148))"
喜山期,1638,15434626.94,5024444.148,0.0227424803874727,0.0003556152904824,4,0.0,1.0,True,0.8940207662012173,0.4989258861439312,0.0,0.7754923021840314,"POLYGON ((15433126.94 5025944.148, 15436126.94 5025944.148, 15436126.94 5022944.148, 15433126.94 5022944.148, 15433126.94 5025944.148))"
喜山期,1639,15434626.94,5021444.148,0.0236253961260967,0.0003556152904824,4,0.0,1.0,True,0.9344790547798066,0.4989258861439312,0.0,0.803813104189044,"POLYGON ((15433126.94 5022944.148, 15436126.94 5022944.148, 15436126.94 5019944.148, 15433126.94 5019944.148, 15433126.94 5022944.148))"
喜山期,1640,15434626.94,5018444.148,0.0216786464523317,0.0003556152904824,4,0.0,1.0,True,0.8539205155746509,0.4989258861439312,0.0,0.747422126745435,"POLYGON ((15433126.94 5019944.148, 15436126.94 5019944.148, 15436126.94 5016944.148, 15433126.94 5016944.148, 15433126.94 5019944.148))"
喜山期,1641,15434626.94,5015444.148,0.023557544632314,0.0003556152904824,4,0.0,1.0,True,0.9308986752595776,0.4989258861439312,0.0,0.8013068385248836,"POLYGON ((15433126.94 5016944.148, 15436126.94 5016944.148, 15436126.94 5013944.148, 15433126.94 5013944.148, 15433126.94 5016944.148))"
喜山期,1642,15434626.94,5012444.148,0.0226569298837764,0.0003556152904824,4,0.0,1.0,True,0.8922305764411027,0.4989258861439312,0.0,0.7742391693519513,"POLYGON ((15433126.94 5013944.148, 15436126.94 5013944.148, 15436126.94 5010944.148, 15433126.94 5010944.148, 15433126.94 5013944.148))"
喜山期,1643,15434626.94,5009444.148,0.023174898765283,0.0003556152904824,4,0.0,1.0,True,0.9133548156104548,0.4989258861439312,0.0,0.7890261367704976,"POLYGON ((15433126.94 5010944.148, 15436126.94 5010944.148, 15436126.94 5007944.148, 15433126.94 5007944.148, 15433126.94 5010944.148))"
喜山期,1644,15434626.94,5006444.148,0.0235804057659287,0.0003556152904824,4,0.0,1.0,True,0.9319727891156464,0.4989258861439312,0.0,0.8020587182241318,"POLYGON ((15433126.94 5007944.148, 15436126.94 5007944.148, 15436126.94 5004944.148, 15433126.94 5004944.148, 15433126.94 5007944.148))"
喜山期,1645,15434626.94,5003444.148,0.0238492529264611,0.0003556152904824,4,0.0,1.0,True,0.9437880415324024,0.4989258861439312,0.0,0.8103293949158611,"POLYGON ((15433126.94 5004944.148, 15436126.94 5004944.148, 15436126.94 5001944.148, 15433126.94 5001944.148, 15433126.94 5004944.148))"
喜山期,1646,15434626.94,5000444.148,0.0239525665080553,0.0003556152904824,4,0.0,1.0,True,0.9527389903329752,0.4989258861439312,0.0,0.8165950590762621,"POLYGON ((15433126.94 5001944.148, 15436126.94 5001944.148, 15436126.94 4998944.148, 15433126.94 4998944.148, 15433126.94 5001944.148))"
喜山期,1647,15434626.94,4997444.148,0.0238674965483209,0.0003556152904824,4,0.0,1.0,True,0.94593626924454,0.4989258861439312,0.0,0.8118331543143572,"POLYGON ((15433126.94 4998944.148, 15436126.94 4998944.148, 15436126.94 4995944.148, 15433126.94 4995944.148, 15433126.94 4998944.148))"
喜山期,1648,15434626.94,4994444.148,0.0235848244995157,0.0003556152904824,4,0.0,1.0,True,0.9323308270676692,0.4989258861439312,0.0,0.8023093447905477,"POLYGON ((15433126.94 4995944.148, 15436126.94 4995944.148, 15436126.94 4992944.148, 15433126.94 4992944.148, 15433126.94 4995944.148))"
喜山期,1649,15434626.94,4991444.148,0.0231111952545386,0.0003556152904824,4,0.0,1.0,True,0.9097744360902256,0.4989258861439312,0.0,0.7865198711063373,"POLYGON ((15433126.94 4992944.148, 15436126.94 4992944.148, 15436126.94 4989944.148, 15433126.94 4989944.148, 15433126.94 4992944.148))"
喜山期,1650,15434626.94,4988444.148,0.0224658226851226,0.0003556152904824,4,0.0,1.0,True,0.882921589688507,0.4989258861439312,0.0,0.7677228786251342,"POLYGON ((15433126.94 4989944.148, 15436126.94 4989944.148, 15436126.94 4986944.148, 15433126.94 4986944.148, 15433126.94 4989944.148))"
喜山期,1651,15434626.94,4985444.148,0.0216739045279942,0.0003556152904824,4,0.0,1.0,True,0.8528464017185822,0.4989258861439312,0.0,0.7466702470461869,"POLYGON ((15433126.94 4986944.148, 15436126.94 4986944.148, 15436126.94 4983944.148, 15433126.94 4983944.148, 15433126.94 4986944.148))"
喜山期,1652,15434626.94,4982444.148,0.0207598752377994,0.0003556152904824,4,0.0,1.0,True,0.8174006444683136,0.4989258861439312,0.0,0.7218582169709988,"POLYGON ((15433126.94 4983944.148, 15436126.94 4983944.148, 15436126.94 4980944.148, 15433126.94 4980944.148, 15433126.94 4983944.148))"
喜山期,1653,15434626.94,4979444.148,0.0197428803780818,0.0003556152904824,4,0.0,0.0,False,0.7798066595059077,0.4989258861439312,0.0,0.6955424274973147,"POLYGON ((15433126.94 4980944.148, 15436126.94 4980944.148, 15436126.94 4977944.148, 15433126.94 4977944.148, 15433126.94 4980944.148))"
喜山期,1654,15434626.94,4976444.148,0.0186353003465125,0.0003556152904824,4,0.0,0.0,False,0.7418546365914787,0.4989258861439312,0.0,0.6689760114572144,"POLYGON ((15433126.94 4977944.148, 15436126.94 4977944.148, 15436126.94 4974944.148, 15433126.94 4974944.148, 15433126.94 4977944.148))"
喜山期,1655,15434626.94,4973444.148,0.0174437564612293,0.0003556152904824,4,0.0,0.0,False,0.7056928034371643,0.4989258861439312,0.0,0.6436627282491945,"POLYGON ((15433126.94 4974944.148, 15436126.94 4974944.148, 15436126.94 4971944.148, 15433126.94 4971944.148, 15433126.94 4974944.148))"
喜山期,1656,15434626.94,4970444.148,0.0161713424953281,0.0003556152904824,4,0.0,0.0,False,0.6655925528105979,0.4989258861439312,0.0,0.6155925528105979,"POLYGON ((15433126.94 4971944.148, 15436126.94 4971944.148, 15436126.94 4968944.148, 15433126.94 4968944.148, 15433126.94 4971944.148))"
喜山期,1657,15434626.94,4967444.148,0.0148198530613967,0.0003556152904824,4,0.0,0.0,False,0.619405656999642,0.4989258861439312,0.0,0.5832617257429288,"POLYGON ((15433126.94 4968944.148, 15436126.94 4968944.148, 15436126.94 4965944.148, 15433126.94 4965944.148, 15433126.94 4968944.148))"
喜山期,1658,15434626.94,4964444.148,0.0133912294022202,0.0003556152904824,4,0.0,0.0,False,0.5717866093805943,0.4989258861439312,0.0,0.5499283924095955,"POLYGON ((15433126.94 4965944.148, 15436126.94 4965944.148, 15436126.94 4962944.148, 15433126.94 4962944.148, 15433126.94 4965944.148))"
喜山期,1659,15434626.94,4961444.148,0.0118879772200567,0.0003556152904824,4,0.0,0.0,False,0.514500537056928,0.4989258861439312,0.0,0.5098281417830289,"POLYGON ((15433126.94 4962944.148, 15436126.94 4962944.148, 15436126.94 4959944.148, 15433126.94 4959944.148, 15433126.94 4962944.148))"
喜山期,1660,15434626.94,4958444.148,0.0103127088867151,0.0003556152904824,4,0.0,0.0,False,0.4550662370211242,0.4989258861439312,0.0,0.4682241317579663,"POLYGON ((15433126.94 4959944.148, 15436126.94 4959944.148, 15436126.94 4956944.148, 15433126.94 4956944.148, 15433126.94 4959944.148))"
喜山期,1661,15434626.94,4955444.148,0.0086671321614602,0.0003556152904824,4,0.0,0.0,False,0.3859649122807017,0.4989258861439312,0.0,0.4198532044396705,"POLYGON ((15433126.94 4956944.148, 15436126.94 4956944.148, 15436126.94 4953944.148, 15433126.94 4953944.148, 15433126.94 4956944.148))"
喜山期,1662,15434626.94,4952444.148,0.0069507279968376,0.0003556152904824,4,0.0,0.0,False,0.3071965628356606,0.4989258861439312,0.0,0.3647153598281418,"POLYGON ((15433126.94 4953944.148, 15436126.94 4953944.148, 15436126.94 4950944.148, 15433126.94 4950944.148, 15433126.94 4953944.148))"
喜山期,1663,15434626.94,4949444.148,0.0051589834549194,0.0003556152904824,4,0.0,0.0,False,0.2241317579663444,0.4989258861439312,0.0,0.3065699964196204,"POLYGON ((15433126.94 4950944.148, 15436126.94 4950944.148, 15436126.94 4947944.148, 15433126.94 4947944.148, 15433126.94 4950944.148))"
喜山期,1664,15434626.94,4946444.148,0.0032800298666298,0.0003556152904824,4,0.0,0.0,False,0.1424991049051199,0.4989258861439312,0.0,0.2494271392767633,"POLYGON ((15433126.94 4947944.148, 15436126.94 4947944.148, 15436126.94 4944944.148, 15433126.94 4944944.148, 15433126.94 4947944.148))"
喜山期,1665,15434626.94,4943444.148,0.0012846215223568,0.0003556152904824,3,0.0,0.0,False,0.0580021482277121,0.4989258861439312,0.0,0.1902792696025778,"POLYGON ((15433126.94 4944944.148, 15436126.94 4944944.148, 15436126.94 4941944.148, 15433126.94 4941944.148, 15433126.94 4944944.148))"
喜山期,1666,15437626.94,5087444.148,0.0012853691408249,0.0003556152904824,3,0.0,0.0,False,0.058360186179735,0.4989258861439312,0.0,0.1905298961689939,"POLYGON ((15436126.94 5088944.148, 15439126.94 5088944.148, 15439126.94 5085944.148, 15436126.94 5085944.148, 15436126.94 5088944.148))"
喜山期,1667,15437626.94,5084444.148,0.0032756388648951,0.0003556152904824,4,0.0,0.0,False,0.1414249910490512,0.4989258861439312,0.0,0.2486752595775152,"POLYGON ((15436126.94 5085944.148, 15439126.94 5085944.148, 15439126.94 5082944.148, 15436126.94 5082944.148, 15436126.94 5085944.148))"
喜山期,1668,15437626.94,5081444.148,0.0051476387077186,0.0003556152904824,4,0.0,0.0,False,0.2234156820622986,0.4989258861439312,0.0,0.3060687432867884,"POLYGON ((15436126.94 5082944.148, 15439126.94 5082944.148, 15439126.94 5079944.148, 15436126.94 5079944.148, 15436126.94 5082944.148))"
喜山期,1669,15437626.94,5078444.148,0.0069304876675029,0.0003556152904824,4,0.0,0.0,False,0.3061224489795918,0.4989258861439312,0.0,0.3639634801288937,"POLYGON ((15436126.94 5079944.148, 15439126.94 5079944.148, 15439126.94 5076944.148, 15436126.94 5076944.148, 15436126.94 5079944.148))"
喜山期,1670,15437626.94,5075444.148,0.008635222713817,0.0003556152904824,4,0.0,0.0,False,0.3838166845685642,0.4989258861439312,0.0,0.4183494450411743,"POLYGON ((15436126.94 5076944.148, 15439126.94 5076944.148, 15439126.94 5073944.148, 15436126.94 5073944.148, 15436126.94 5076944.148))"
喜山期,1671,15437626.94,5072444.148,0.010265224458219,0.0003556152904824,4,0.0,0.0,False,0.4539921231650555,0.4989258861439312,0.0,0.4674722520587182,"POLYGON ((15436126.94 5073944.148, 15439126.94 5073944.148, 15439126.94 5070944.148, 15436126.94 5070944.148, 15436126.94 5073944.148))"
喜山期,1672,15437626.94,5069444.148,0.0118201906080201,0.0003556152904824,4,0.0,0.0,False,0.5123523093447906,0.4989258861439312,0.0,0.5083243823845327,"POLYGON ((15436126.94 5070944.148, 15439126.94 5070944.148, 15439126.94 5067944.148, 15436126.94 5067944.148, 15436126.94 5070944.148))"
喜山期,1673,15437626.94,5066444.148,0.0132986032602918,0.0003556152904824,4,0.0,0.0,False,0.5678481919083422,0.4989258861439312,0.0,0.5471715001790189,"POLYGON ((15436126.94 5067944.148, 15439126.94 5067944.148, 15439126.94 5064944.148, 15436126.94 5064944.148, 15436126.94 5067944.148))"
喜山期,1674,15437626.94,5063444.148,0.014699544386434,0.0003556152904824,4,0.0,0.0,False,0.6158252774794128,0.4989258861439312,0.0,0.5807554600787683,"POLYGON ((15436126.94 5064944.148, 15439126.94 5064944.148, 15439126.94 5061944.148, 15436126.94 5061944.148, 15436126.94 5064944.148))"
喜山期,1675,15437626.94,5060444.148,0.0160236770781711,0.0003556152904824,4,0.0,0.0,False,0.661296097386323,0.4989258861439312,0.0,0.6125850340136054,"POLYGON ((15436126.94 5061944.148, 15439126.94 5061944.148, 15439126.94 5058944.148, 15436126.94 5058944.148, 15436126.94 5061944.148))"
喜山期,1676,15437626.94,5057444.148,0.0172729289758836,0.0003556152904824,4,0.0,0.0,False,0.7013963480128894,0.4989258861439312,0.0,0.640655209452202,"POLYGON ((15436126.94 5058944.148, 15439126.94 5058944.148, 15439126.94 5055944.148, 15436126.94 5055944.148, 15436126.94 5058944.148))"
喜山期,1677,15437626.94,5054444.148,0.0184485186890552,0.0003556152904824,4,0.0,0.0,False,0.7379162191192267,0.4989258861439312,0.0,0.666219119226638,"POLYGON ((15436126.94 5055944.148, 15439126.94 5055944.148, 15439126.94 5052944.148, 15436126.94 5052944.148, 15436126.94 5055944.148))"
喜山期,1678,15437626.94,5051444.148,0.0195474185031186,0.0003556152904824,4,0.0,0.0,False,0.7744360902255639,0.4989258861439312,0.0,0.6917830290010741,"POLYGON ((15436126.94 5052944.148, 15439126.94 5052944.148, 15439126.94 5049944.148, 15436126.94 5049944.148, 15436126.94 5052944.148))"
喜山期,1679,15437626.94,5048444.148,0.0205581404830483,0.0003556152904824,4,0.0,1.0,True,0.8066595059076263,0.4989258861439312,0.0,0.7143394199785177,"POLYGON ((15436126.94 5049944.148, 15439126.94 5049944.148, 15439126.94 5046944.148, 15436126.94 5046944.148, 15436126.94 5049944.148))"
喜山期,1680,15437626.94,5045444.148,0.0214576783155986,0.0003556152904824,4,0.0,1.0,True,0.8431793770139635,0.4989258861439312,0.0,0.7399033297529538,"POLYGON ((15436126.94 5046944.148, 15439126.94 5046944.148, 15439126.94 5043944.148, 15436126.94 5043944.148, 15436126.94 5046944.148))"
喜山期,1681,15437626.94,5042444.148,0.0222120010936577,0.0003556152904824,4,0.0,1.0,True,0.8736126029359113,0.4989258861439312,0.0,0.7612065878983172,"POLYGON ((15436126.94 5043944.148, 15439126.94 5043944.148, 15439126.94 5040944.148, 15436126.94 5040944.148, 15436126.94 5043944.148))"
喜山期,1682,15437626.94,5039444.148,0.0227819090388996,0.0003556152904824,4,0.0,1.0,True,0.8965270318653777,0.4989258861439312,0.0,0.7772466881489437,"POLYGON ((15436126.94 5040944.148, 15439126.94 5040944.148, 15439126.94 5037944.148, 15436126.94 5037944.148, 15436126.94 5040944.148))"
喜山期,1683,15437626.94,5036444.148,0.0231338520392522,0.0003556152904824,4,0.0,1.0,True,0.9104905119942714,0.4989258861439312,0.0,0.7870211242391694,"POLYGON ((15436126.94 5037944.148, 15439126.94 5037944.148, 15439126.94 5034944.148, 15436126.94 5034944.148, 15436126.94 5037944.148))"
喜山期,1684,15437626.94,5033444.148,0.0232520557056216,0.0003556152904824,4,0.0,1.0,True,0.9172932330827068,0.4989258861439312,0.0,0.791783029001074,"POLYGON ((15436126.94 5034944.148, 15439126.94 5034944.148, 15439126.94 5031944.148, 15436126.94 5031944.148, 15436126.94 5034944.148))"
喜山期,1685,15437626.94,5030444.148,0.0231459108911684,0.0003556152904824,4,0.0,1.0,True,0.9119226638023632,0.4989258861439312,0.0,0.7880236305048335,"POLYGON ((15436126.94 5031944.148, 15439126.94 5031944.148, 15439126.94 5028944.148, 15436126.94 5028944.148, 15436126.94 5031944.148))"
喜山期,1686,15437626.94,5027444.148,0.0228473563861291,0.0003556152904824,4,0.0,1.0,True,0.9008234872896528,0.4989258861439312,0.0,0.7802542069459362,"POLYGON ((15436126.94 5028944.148, 15439126.94 5028944.148, 15439126.94 5025944.148, 15436126.94 5025944.148, 15436126.94 5028944.148))"
喜山期,1687,15437626.94,5024444.148,0.0223972608740701,0.0003556152904824,4,0.0,1.0,True,0.8807733619763695,0.4989258861439312,0.0,0.766219119226638,"POLYGON ((15436126.94 5025944.148, 15439126.94 5025944.148, 15439126.94 5022944.148, 15436126.94 5022944.148, 15436126.94 5025944.148))"
喜山期,1688,15437626.94,5021444.148,0.023267441091109,0.0003556152904824,4,0.0,1.0,True,0.9187253848907984,0.4989258861439312,0.0,0.7927855352667382,"POLYGON ((15436126.94 5022944.148, 15439126.94 5022944.148, 15439126.94 5019944.148, 15436126.94 5019944.148, 15436126.94 5022944.148))"
喜山期,1689,15437626.94,5018444.148,0.0210246329898006,0.0003556152904824,4,0.0,1.0,True,0.8263515932688865,0.4989258861439312,0.0,0.7281238811313999,"POLYGON ((15436126.94 5019944.148, 15439126.94 5019944.148, 15439126.94 5016944.148, 15436126.94 5016944.148, 15436126.94 5019944.148))"
喜山期,1690,15437626.94,5015444.148,0.0231670596801885,0.0003556152904824,4,0.0,1.0,True,0.9126387397064089,0.4989258861439312,0.0,0.7885248836376655,"POLYGON ((15436126.94 5016944.148, 15439126.94 5016944.148, 15439126.94 5013944.148, 15436126.94 5013944.148, 15436126.94 5016944.148))"
喜山期,1691,15437626.94,5012444.148,0.0222644554210998,0.0003556152904824,4,0.0,1.0,True,0.8750447547440029,0.4989258861439312,0.0,0.7622090941639814,"POLYGON ((15436126.94 5013944.148, 15439126.94 5013944.148, 15439126.94 5010944.148, 15436126.94 5010944.148, 15436126.94 5013944.148))"
喜山期,1692,15437626.94,5009444.148,0.0228238542070163,0.0003556152904824,4,0.0,1.0,True,0.899391335481561,0.4989258861439312,0.0,0.779251700680272,"POLYGON ((15436126.94 5010944.148, 15439126.94 5010944.148, 15439126.94 5007944.148, 15436126.94 5007944.148, 15436126.94 5010944.148))"
喜山期,1693,15437626.94,5006444.148,0.0232595265879602,0.0003556152904824,4,0.0,1.0,True,0.9180093089867526,0.4989258861439312,0.0,0.7922842821339061,"POLYGON ((15436126.94 5007944.148, 15439126.94 5007944.148, 15439126.94 5004944.148, 15436126.94 5004944.148, 15436126.94 5007944.148))"
喜山期,1694,15437626.94,5003444.148,0.0235394740497369,0.0003556152904824,4,0.0,1.0,True,0.9298245614035088,0.4989258861439312,0.0,0.8005549588256354,"POLYGON ((15436126.94 5004944.148, 15439126.94 5004944.148, 15439126.94 5001944.148, 15436126.94 5001944.148, 15436126.94 5004944.148))"
喜山期,1695,15437626.94,5000444.148,0.0236325141436984,0.0003556152904824,4,0.0,1.0,True,0.9348370927318296,0.4989258861439312,0.0,0.80406373075546,"POLYGON ((15436126.94 5001944.148, 15439126.94 5001944.148, 15439126.94 4998944.148, 15436126.94 4998944.148, 15436126.94 5001944.148))"
喜山期,1696,15437626.94,4997444.148,0.0235205335249918,0.0003556152904824,4,0.0,1.0,True,0.9291084854994628,0.4989258861439312,0.0,0.8000537056928033,"POLYGON ((15436126.94 4998944.148, 15439126.94 4998944.148, 15439126.94 4995944.148, 15436126.94 4995944.148, 15436126.94 4998944.148))"
喜山期,1697,15437626.94,4994444.148,0.0232043597962245,0.0003556152904824,4,0.0,1.0,True,0.9155030433225922,0.4989258861439312,0.0,0.7905298961689939,"POLYGON ((15436126.94 4995944.148, 15439126.94 4995944.148, 15439126.94 4992944.148, 15436126.94 4992944.148, 15436126.94 4995944.148))"
喜山期,1698,15437626.94,4991444.148,0.0227020826822093,0.0003556152904824,4,0.0,1.0,True,0.8929466523451486,0.4989258861439312,0.0,0.7747404224847834,"POLYGON ((15436126.94 4992944.148, 15439126.94 4992944.148, 15439126.94 4989944.148, 15436126.94 4989944.148, 15436126.94 4992944.148))"
喜山期,1699,15437626.94,4988444.148,0.0220418695660835,0.0003556152904824,4,0.0,1.0,True,0.8664518438954529,0.4989258861439312,0.0,0.7561940565699964,"POLYGON ((15436126.94 4989944.148, 15439126.94 4989944.148, 15439126.94 4986944.148, 15436126.94 4986944.148, 15436126.94 4989944.148))"
喜山期,1700,15437626.94,4985444.148,0.0212532171722903,0.0003556152904824,4,0.0,1.0,True,0.8345864661654135,0.4989258861439312,0.0,0.7338882921589688,"POLYGON ((15436126.94 4986944.148, 15439126.94 4986944.148, 15439126.94 4983944.148, 15436126.94 4983944.148, 15436126.94 4986944.148))"
喜山期,1701,15437626.94,4982444.148,0.0203601766184486,0.0003556152904824,4,0.0,0.0,False,0.7994987468671679,0.4989258861439312,0.0,0.7093268886501969,"POLYGON ((15436126.94 4983944.148, 15439126.94 4983944.148, 15439126.94 4980944.148, 15436126.94 4980944.148, 15436126.94 4983944.148))"
喜山期,1702,15437626.94,4979444.148,0.0193782516059278,0.0003556152904824,4,0.0,0.0,False,0.7672753311851056,0.4989258861439312,0.0,0.6867704976727532,"POLYGON ((15436126.94 4980944.148, 15439126.94 4980944.148, 15439126.94 4977944.148, 15436126.94 4977944.148, 15436126.94 4980944.148))"
喜山期,1703,15437626.94,4976444.148,0.0183147520413531,0.0003556152904824,4,0.0,0.0,False,0.7350519155030433,0.4989258861439312,0.0,0.6642141066953097,"POLYGON ((15436126.94 4977944.148, 15439126.94 4977944.148, 15439126.94 4974944.148, 15436126.94 4974944.148, 15436126.94 4977944.148))"
喜山期,1704,15437626.94,4973444.148,0.0171712641369516,0.0003556152904824,4,0.0,0.0,False,0.698532044396706,0.4989258861439312,0.0,0.6386501969208735,"POLYGON ((15436126.94 4974944.148, 15439126.94 4974944.148, 15439126.94 4971944.148, 15436126.94 4971944.148, 15436126.94 4974944.148))"
喜山期,1705,15437626.94,4970444.148,0.0159467098742546,0.0003556152904824,4,0.0,0.0,False,0.6584317937701396,0.4989258861439312,0.0,0.6105800214822771,"POLYGON ((15436126.94 4971944.148, 15439126.94 4971944.148, 15439126.94 4968944.148, 15436126.94 4968944.148, 15436126.94 4971944.148))"
喜山期,1706,15437626.94,4967444.148,0.0146398737759101,0.0003556152904824,4,0.0,0.0,False,0.6140350877192983,0.4989258861439312,0.0,0.5795023272466882,"POLYGON ((15436126.94 4968944.148, 15439126.94 4968944.148, 15439126.94 4965944.148, 15436126.94 4965944.148, 15436126.94 4968944.148))"
喜山期,1707,15437626.94,4964444.148,0.0132508489904927,0.0003556152904824,4,0.0,0.0,False,0.5660580021482277,0.4989258861439312,0.0,0.5459183673469388,"POLYGON ((15436126.94 4965944.148, 15439126.94 4965944.148, 15439126.94 4962944.148, 15436126.94 4962944.148, 15436126.94 4965944.148))"
喜山期,1708,15437626.94,4961444.148,0.0117813284348073,0.0003556152904824,4,0.0,0.0,False,0.510562119584676,0.4989258861439312,0.0,0.5070712495524525,"POLYGON ((15436126.94 4962944.148, 15439126.94 4962944.148, 15439126.94 4959944.148, 15436126.94 4959944.148, 15436126.94 4962944.148))"
喜山期,1709,15437626.94,4958444.148,0.0102339544883932,0.0003556152904824,4,0.0,0.0,False,0.4525599713569638,0.4989258861439312,0.0,0.466469745793054,"POLYGON ((15436126.94 4959944.148, 15439126.94 4959944.148, 15439126.94 4956944.148, 15436126.94 4956944.148, 15436126.94 4959944.148))"
喜山期,1710,15437626.94,4955444.148,0.0086110498844034,0.0003556152904824,4,0.0,0.0,False,0.3809523809523809,0.4989258861439312,0.0,0.416344432509846,"POLYGON ((15436126.94 4956944.148, 15439126.94 4956944.148, 15439126.94 4953944.148, 15436126.94 4953944.148, 15436126.94 4956944.148))"
喜山期,1711,15437626.94,4952444.148,0.0069129829424063,0.0003556152904824,4,0.0,0.0,False,0.3050483351235231,0.4989258861439312,0.0,0.3632116004296455,"POLYGON ((15436126.94 4953944.148, 15439126.94 4953944.148, 15439126.94 4950944.148, 15436126.94 4950944.148, 15436126.94 4953944.148))"
喜山期,1712,15437626.94,4949444.148,0.0051360841636746,0.0003556152904824,4,0.0,0.0,False,0.2219835302542069,0.4989258861439312,0.0,0.3050662370211242,"POLYGON ((15436126.94 4950944.148, 15439126.94 4950944.148, 15439126.94 4947944.148, 15436126.94 4947944.148, 15436126.94 4950944.148))"
喜山期,1713,15437626.94,4946444.148,0.0032690256032776,0.0003556152904824,4,0.0,0.0,False,0.1410669530970283,0.4989258861439312,0.0,0.2484246330110991,"POLYGON ((15436126.94 4947944.148, 15439126.94 4947944.148, 15439126.94 4944944.148, 15436126.94 4944944.148, 15436126.94 4947944.148))"
喜山期,1714,15437626.94,4943444.148,0.0012825803222161,0.0003556152904824,3,0.0,0.0,False,0.0569280343716433,0.4989258861439312,0.0,0.1895273899033297,"POLYGON ((15436126.94 4944944.148, 15439126.94 4944944.148, 15439126.94 4941944.148, 15436126.94 4941944.148, 15436126.94 4944944.148))"
喜山期,1715,15440626.94,5087444.148,0.0012826828881377,0.0003556152904824,3,0.0,0.0,False,0.0572860723236663,0.4989258861439312,0.0,0.1897780164697458,"POLYGON ((15439126.94 5088944.148, 15442126.94 5088944.148, 15442126.94 5085944.148, 15439126.94 5085944.148, 15439126.94 5088944.148))"
喜山期,1716,15440626.94,5084444.148,0.0032619224766736,0.0003556152904824,4,0.0,0.0,False,0.1399928392409595,0.4989258861439312,0.0,0.247672753311851,"POLYGON ((15439126.94 5085944.148, 15442126.94 5085944.148, 15442126.94 5082944.148, 15439126.94 5082944.148, 15439126.94 5085944.148))"
喜山期,1717,15440626.94,5081444.148,0.0051190452098301,0.0003556152904824,4,0.0,0.0,False,0.2209094163981382,0.4989258861439312,0.0,0.3043143573218761,"POLYGON ((15439126.94 5082944.148, 15442126.94 5082944.148, 15442126.94 5079944.148, 15439126.94 5079944.148, 15439126.94 5082944.148))"
喜山期,1718,15440626.94,5078444.148,0.006882827273522,0.0003556152904824,4,0.0,0.0,False,0.3043322592194772,0.4989258861439312,0.0,0.3627103472968134,"POLYGON ((15439126.94 5079944.148, 15442126.94 5079944.148, 15442126.94 5076944.148, 15439126.94 5076944.148, 15439126.94 5079944.148))"
喜山期,1719,15440626.94,5075444.148,0.0085633703547502,0.0003556152904824,4,0.0,0.0,False,0.3770139634801289,0.4989258861439312,0.0,0.4135875402792696,"POLYGON ((15439126.94 5076944.148, 15442126.94 5076944.148, 15442126.94 5073944.148, 15439126.94 5073944.148, 15439126.94 5076944.148))"
喜山期,1720,15440626.94,5072444.148,0.0101629715739486,0.0003556152904824,4,0.0,0.0,False,0.4500537056928034,0.4989258861439312,0.0,0.4647153598281417,"POLYGON ((15439126.94 5073944.148, 15442126.94 5073944.148, 15442126.94 5070944.148, 15439126.94 5070944.148, 15439126.94 5073944.148))"
喜山期,1721,15440626.94,5069444.148,0.0116805405731672,0.0003556152904824,4,0.0,0.0,False,0.5084138918725385,0.4989258861439312,0.0,0.5055674901539563,"POLYGON ((15439126.94 5070944.148, 15442126.94 5070944.148, 15442126.94 5067944.148, 15439126.94 5067944.148, 15439126.94 5070944.148))"
喜山期,1722,15440626.94,5066444.148,0.0131144507346149,0.0003556152904824,4,0.0,0.0,False,0.5624776226279986,0.4989258861439312,0.0,0.5434121016827784,"POLYGON ((15439126.94 5067944.148, 15442126.94 5067944.148, 15442126.94 5064944.148, 15439126.94 5064944.148, 15439126.94 5067944.148))"
喜山期,1723,15440626.94,5063444.148,0.0144646183899501,0.0003556152904824,4,0.0,0.0,False,0.6086645184389545,0.4989258861439312,0.0,0.5757429287504475,"POLYGON ((15439126.94 5064944.148, 15442126.94 5064944.148, 15442126.94 5061944.148, 15439126.94 5061944.148, 15439126.94 5064944.148))"
喜山期,1724,15440626.94,5060444.148,0.0157336649815728,0.0003556152904824,4,0.0,0.0,False,0.6512710347296814,0.4989258861439312,0.0,0.6055674901539563,"POLYGON ((15439126.94 5061944.148, 15442126.94 5061944.148, 15442126.94 5058944.148, 15439126.94 5058944.148, 15439126.94 5061944.148))"
喜山期,1725,15440626.94,5057444.148,0.0169267892387072,0.0003556152904824,4,0.0,0.0,False,0.6910132474042249,0.4989258861439312,0.0,0.6333870390261367,"POLYGON ((15439126.94 5058944.148, 15442126.94 5058944.148, 15442126.94 5055944.148, 15439126.94 5055944.148, 15439126.94 5058944.148))"
喜山期,1726,15440626.94,5054444.148,0.0180499924660527,0.0003556152904824,4,0.0,0.0,False,0.72359470103831,0.4989258861439312,0.0,0.6561940565699964,"POLYGON ((15439126.94 5055944.148, 15442126.94 5055944.148, 15442126.94 5052944.148, 15439126.94 5052944.148, 15439126.94 5055944.148))"
喜山期,1727,15440626.94,5051444.148,0.0191065197422773,0.0003556152904824,4,0.0,0.0,False,0.7590404582885786,0.4989258861439312,0.0,0.6810060866451844,"POLYGON ((15439126.94 5052944.148, 15442126.94 5052944.148, 15442126.94 5049944.148, 15439126.94 5049944.148, 15439126.94 5052944.148))"
喜山期,1728,15440626.94,5048444.148,0.0200919350212953,0.0003556152904824,4,0.0,0.0,False,0.7898317221625493,0.4989258861439312,0.0,0.7025599713569638,"POLYGON ((15439126.94 5049944.148, 15442126.94 5049944.148, 15442126.94 5046944.148, 15439126.94 5046944.148, 15439126.94 5049944.148))"
喜山期,1729,15440626.94,5045444.148,0.0209892144198125,0.0003556152904824,4,0.0,1.0,True,0.8245614035087719,0.4989258861439312,0.0,0.7268707482993197,"POLYGON ((15439126.94 5046944.148, 15442126.94 5046944.148, 15442126.94 5043944.148, 15439126.94 5043944.148, 15439126.94 5046944.148))"
喜山期,1730,15440626.94,5042444.148,0.0217663367776213,0.0003556152904824,4,0.0,1.0,True,0.8567848191908343,0.4989258861439312,0.0,0.7494271392767633,"POLYGON ((15439126.94 5043944.148, 15442126.94 5043944.148, 15442126.94 5040944.148, 15439126.94 5040944.148, 15439126.94 5043944.148))"
喜山期,1731,15440626.94,5039444.148,0.02237926302277,0.0003556152904824,4,0.0,1.0,True,0.8804153240243466,0.4989258861439312,0.0,0.7659684926602219,"POLYGON ((15439126.94 5040944.148, 15442126.94 5040944.148, 15442126.94 5037944.148, 15439126.94 5037944.148, 15439126.94 5040944.148))"
喜山期,1732,15440626.94,5036444.148,0.0227818748474893,0.0003556152904824,4,0.0,1.0,True,0.8961689939133548,0.4989258861439312,0.0,0.7769960615825277,"POLYGON ((15439126.94 5037944.148, 15442126.94 5037944.148, 15442126.94 5034944.148, 15439126.94 5034944.148, 15439126.94 5037944.148))"
喜山期,1733,15440626.94,5033444.148,0.0229409851765211,0.0003556152904824,4,0.0,1.0,True,0.9029717150017902,0.4989258861439312,0.0,0.7817579663444325,"POLYGON ((15439126.94 5034944.148, 15442126.94 5034944.148, 15442126.94 5031944.148, 15439126.94 5031944.148, 15439126.94 5034944.148))"
喜山期,1734,15440626.94,5030444.148,0.0228502258983941,0.0003556152904824,4,0.0,1.0,True,0.9011815252416756,0.4989258861439312,0.0,0.7805048335123522,"POLYGON ((15439126.94 5031944.148, 15442126.94 5031944.148, 15442126.94 5028944.148, 15439126.94 5028944.148, 15439126.94 5031944.148))"
喜山期,1735,15440626.94,5027444.148,0.0225345092127435,0.0003556152904824,4,0.0,1.0,True,0.8857858933046903,0.4989258861439312,0.0,0.7697278911564626,"POLYGON ((15439126.94 5028944.148, 15442126.94 5028944.148, 15442126.94 5025944.148, 15439126.94 5025944.148, 15439126.94 5028944.148))"
喜山期,1736,15440626.94,5024444.148,0.0220395259755061,0.0003556152904824,4,0.0,1.0,True,0.86609380594343,0.4989258861439312,0.0,0.7559434300035803,"POLYGON ((15439126.94 5025944.148, 15442126.94 5025944.148, 15442126.94 5022944.148, 15439126.94 5022944.148, 15439126.94 5025944.148))"
喜山期,1737,15440626.94,5021444.148,0.022891997771721,0.0003556152904824,4,0.0,1.0,True,0.9018976011457216,0.4989258861439312,0.0,0.7810060866451843,"POLYGON ((15439126.94 5022944.148, 15442126.94 5022944.148, 15442126.94 5019944.148, 15439126.94 5019944.148, 15439126.94 5022944.148))"
喜山期,1738,15440626.94,5018444.148,0.0203045498068486,0.0003556152904824,4,0.0,0.0,False,0.7980665950590763,0.4989258861439312,0.0,0.7083243823845328,"POLYGON ((15439126.94 5019944.148, 15442126.94 5019944.148, 15442126.94 5016944.148, 15439126.94 5016944.148, 15439126.94 5019944.148))"
喜山期,1739,15440626.94,5015444.148,0.0227559194386624,0.0003556152904824,4,0.0,1.0,True,0.8950948800572861,0.4989258861439312,0.0,0.7762441818832796,"POLYGON ((15439126.94 5016944.148, 15442126.94 5016944.148, 15442126.94 5013944.148, 15439126.94 5013944.148, 15439126.94 5016944.148))"
喜山期,1740,15440626.94,5012444.148,0.0218573060734554,0.0003556152904824,4,0.0,1.0,True,0.8600071607590405,0.4989258861439312,0.0,0.7516827783745077,"POLYGON ((15439126.94 5013944.148, 15442126.94 5013944.148, 15442126.94 5010944.148, 15439126.94 5010944.148, 15439126.94 5013944.148))"
喜山期,1741,15440626.94,5009444.148,0.022458102521371,0.0003556152904824,4,0.0,1.0,True,0.8822055137844611,0.4989258861439312,0.0,0.7672216254923021,"POLYGON ((15439126.94 5010944.148, 15442126.94 5010944.148, 15442126.94 5007944.148, 15439126.94 5007944.148, 15439126.94 5010944.148))"
喜山期,1742,15440626.94,5006444.148,0.0229156226577199,0.0003556152904824,4,0.0,1.0,True,0.9026136770497672,0.4989258861439312,0.0,0.7815073397780165,"POLYGON ((15439126.94 5007944.148, 15442126.94 5007944.148, 15442126.94 5004944.148, 15439126.94 5004944.148, 15439126.94 5007944.148))"
喜山期,1743,15440626.94,5003444.148,0.0231908088726522,0.0003556152904824,4,0.0,1.0,True,0.9144289294665234,0.4989258861439312,0.0,0.7897780164697458,"POLYGON ((15439126.94 5004944.148, 15442126.94 5004944.148, 15442126.94 5001944.148, 15439126.94 5001944.148, 15439126.94 5004944.148))"
喜山期,1744,15440626.94,5000444.148,0.0232541040880616,0.0003556152904824,4,0.0,1.0,True,0.9176512710347297,0.4989258861439312,0.0,0.7920336555674901,"POLYGON ((15439126.94 5001944.148, 15442126.94 5001944.148, 15442126.94 4998944.148, 15439126.94 4998944.148, 15439126.94 5001944.148))"
喜山期,1745,15440626.94,4997444.148,0.023097410788429,0.0003556152904824,4,0.0,1.0,True,0.908342284282134,0.4989258861439312,0.0,0.7855173648406731,"POLYGON ((15439126.94 4998944.148, 15442126.94 4998944.148, 15442126.94 4995944.148, 15439126.94 4995944.148, 15439126.94 4998944.148))"
喜山期,1746,15440626.94,4994444.148,0.0227357667596198,0.0003556152904824,4,0.0,1.0,True,0.8936627282491945,0.4989258861439312,0.0,0.7752416756176155,"POLYGON ((15439126.94 4995944.148, 15442126.94 4995944.148, 15442126.94 4992944.148, 15439126.94 4992944.148, 15439126.94 4995944.148))"
喜山期,1747,15440626.94,4991444.148,0.0222002764690279,0.0003556152904824,4,0.0,1.0,True,0.8728965270318654,0.4989258861439312,0.0,0.7607053347654851,"POLYGON ((15439126.94 4992944.148, 15442126.94 4992944.148, 15442126.94 4989944.148, 15439126.94 4989944.148, 15439126.94 4992944.148))"
喜山期,1748,15440626.94,4988444.148,0.0215271317746614,0.0003556152904824,4,0.0,1.0,True,0.8456856426781239,0.4989258861439312,0.0,0.741657715717866,"POLYGON ((15439126.94 4989944.148, 15442126.94 4989944.148, 15442126.94 4986944.148, 15439126.94 4986944.148, 15439126.94 4989944.148))"
喜山期,1749,15440626.94,4985444.148,0.020747864186771,0.0003556152904824,4,0.0,1.0,True,0.8166845685642679,0.4989258861439312,0.0,0.7213569638381668,"POLYGON ((15439126.94 4986944.148, 15442126.94 4986944.148, 15442126.94 4983944.148, 15439126.94 4983944.148, 15439126.94 4986944.148))"
喜山期,1750,15440626.94,4982444.148,0.0198838473633631,0.0003556152904824,4,0.0,0.0,False,0.7844611528822055,0.4989258861439312,0.0,0.6988005728607232,"POLYGON ((15439126.94 4983944.148, 15442126.94 4983944.148, 15442126.94 4980944.148, 15439126.94 4980944.148, 15439126.94 4983944.148))"
喜山期,1751,15440626.94,4979444.148,0.0189454074909912,0.0003556152904824,4,0.0,0.0,False,0.7522377372001432,0.4989258861439312,0.0,0.6762441818832796,"POLYGON ((15439126.94 4980944.148, 15442126.94 4980944.148, 15442126.94 4977944.148, 15439126.94 4977944.148, 15439126.94 4980944.148))"
喜山期,1752,15440626.94,4976444.148,0.0179341398892828,0.0003556152904824,4,0.0,0.0,False,0.7200143215180809,0.4989258861439312,0.0,0.653687790905836,"POLYGON ((15439126.94 4977944.148, 15442126.94 4977944.148, 15442126.94 4974944.148, 15439126.94 4974944.148, 15439126.94 4977944.148))"
喜山期,1753,15440626.94,4973444.148,0.0168465505804299,0.0003556152904824,4,0.0,0.0,False,0.6874328678839957,0.4989258861439312,0.0,0.6308807733619763,"POLYGON ((15439126.94 4974944.148, 15442126.94 4974944.148, 15442126.94 4971944.148, 15439126.94 4971944.148, 15439126.94 4974944.148))"
喜山期,1754,15440626.94,4970444.148,0.015677543595274,0.0003556152904824,4,0.0,0.0,False,0.6498388829215896,0.4989258861439312,0.0,0.604564983888292,"POLYGON ((15439126.94 4971944.148, 15442126.94 4971944.148, 15442126.94 4968944.148, 15439126.94 4968944.148, 15439126.94 4971944.148))"
喜山期,1755,15440626.94,4967444.148,0.0144229564480691,0.0003556152904824,4,0.0,0.0,False,0.6079484425349087,0.4989258861439312,0.0,0.5752416756176154,"POLYGON ((15439126.94 4968944.148, 15442126.94 4968944.148, 15442126.94 4965944.148, 15439126.94 4965944.148, 15439126.94 4968944.148))"
喜山期,1756,15440626.94,4964444.148,0.0130809006404425,0.0003556152904824,4,0.0,0.0,False,0.5617615467239527,0.4989258861439312,0.0,0.5429108485499463,"POLYGON ((15439126.94 4965944.148, 15442126.94 4965944.148, 15442126.94 4962944.148, 15439126.94 4962944.148, 15439126.94 4965944.148))"
喜山期,1757,15440626.94,4961444.148,0.011651974713036,0.0003556152904824,4,0.0,0.0,False,0.505907626208378,0.4989258861439312,0.0,0.5038131041890439,"POLYGON ((15439126.94 4962944.148, 15442126.94 4962944.148, 15442126.94 4959944.148, 15439126.94 4959944.148, 15439126.94 4962944.148))"
喜山期,1758,15440626.94,4958444.148,0.0101385492616165,0.0003556152904824,4,0.0,0.0,False,0.4493376297887576,0.4989258861439312,0.0,0.4642141066953097,"POLYGON ((15439126.94 4959944.148, 15442126.94 4959944.148, 15442126.94 4956944.148, 15439126.94 4956944.148, 15439126.94 4959944.148))"
喜山期,1759,15440626.94,4955444.148,0.0085433659951161,0.0003556152904824,4,0.0,0.0,False,0.3755818116720372,0.4989258861439312,0.0,0.4125850340136054,"POLYGON ((15439126.94 4956944.148, 15442126.94 4956944.148, 15442126.94 4953944.148, 15439126.94 4953944.148, 15439126.94 4956944.148))"
喜山期,1760,15440626.94,4952444.148,0.0068676530623382,0.0003556152904824,4,0.0,0.0,False,0.3025420694593627,0.4989258861439312,0.0,0.3614572144647332,"POLYGON ((15439126.94 4953944.148, 15442126.94 4953944.148, 15442126.94 4950944.148, 15439126.94 4950944.148, 15439126.94 4953944.148))"
喜山期,1761,15440626.94,4949444.148,0.0051087010084105,0.0003556152904824,4,0.0,0.0,False,0.2198353025420694,0.4989258861439312,0.0,0.303562477622628,"POLYGON ((15439126.94 4950944.148, 15442126.94 4950944.148, 15442126.94 4947944.148, 15439126.94 4947944.148, 15439126.94 4950944.148))"
喜山期,1762,15440626.94,4946444.148,0.0032558918569499,0.0003556152904824,4,0.0,0.0,False,0.1396348012889366,0.4989258861439312,0.0,0.247422126745435,"POLYGON ((15439126.94 4947944.148, 15442126.94 4947944.148, 15442126.94 4944944.148, 15439126.94 4944944.148, 15439126.94 4947944.148))"
喜山期,1763,15440626.94,4943444.148,0.0012801219113021,0.0003556152904824,3,0.0,0.0,False,0.0562119584675975,0.4989258861439312,0.0,0.1890261367704976,"POLYGON ((15439126.94 4944944.148, 15442126.94 4944944.148, 15442126.94 4941944.148, 15439126.94 4941944.148, 15439126.94 4944944.148))"
喜山期,1764,15443626.94,5087444.148,0.0012794730940272,0.0003556152904824,3,0.0,0.0,False,0.0554958825635517,0.4989258861439312,0.0,0.1885248836376656,"POLYGON ((15442126.94 5088944.148, 15445126.94 5088944.148, 15445126.94 5085944.148, 15442126.94 5085944.148, 15442126.94 5088944.148))"
喜山期,1765,15443626.94,5084444.148,0.0032457752203505,0.0003556152904824,4,0.0,0.0,False,0.1385606874328679,0.4989258861439312,0.0,0.2466702470461869,"POLYGON ((15442126.94 5085944.148, 15445126.94 5085944.148, 15445126.94 5082944.148, 15442126.94 5082944.148, 15442126.94 5085944.148))"
喜山期,1766,15443626.94,5081444.148,0.0050852799618887,0.0003556152904824,4,0.0,0.0,False,0.2187611886860007,0.4989258861439312,0.0,0.3028105979233799,"POLYGON ((15442126.94 5082944.148, 15445126.94 5082944.148, 15445126.94 5079944.148, 15442126.94 5079944.148, 15442126.94 5082944.148))"
喜山期,1767,15443626.94,5078444.148,0.0068262254280583,0.0003556152904824,4,0.0,0.0,False,0.3000358037952023,0.4989258861439312,0.0,0.3597028284998209,"POLYGON ((15442126.94 5079944.148, 15445126.94 5079944.148, 15445126.94 5076944.148, 15442126.94 5076944.148, 15442126.94 5079944.148))"
喜山期,1768,15443626.94,5075444.148,0.0084776090026012,0.0003556152904824,4,0.0,0.0,False,0.3727175080558539,0.4989258861439312,0.0,0.4105800214822771,"POLYGON ((15442126.94 5076944.148, 15445126.94 5076944.148, 15445126.94 5073944.148, 15442126.94 5073944.148, 15442126.94 5076944.148))"
喜山期,1769,15443626.94,5072444.148,0.0100406578577253,0.0003556152904824,4,0.0,0.0,False,0.4450411743644826,0.4989258861439312,0.0,0.4612065878983172,"POLYGON ((15442126.94 5073944.148, 15445126.94 5073944.148, 15445126.94 5070944.148, 15442126.94 5070944.148, 15442126.94 5073944.148))"
喜山期,1770,15443626.94,5069444.148,0.0115137398733352,0.0003556152904824,4,0.0,0.0,False,0.5030433225921948,0.4989258861439312,0.0,0.5018080916577157,"POLYGON ((15442126.94 5070944.148, 15445126.94 5070944.148, 15445126.94 5067944.148, 15442126.94 5067944.148, 15442126.94 5070944.148))"
喜山期,1771,15443626.94,5066444.148,0.0128955184282503,0.0003556152904824,4,0.0,0.0,False,0.5571070533476549,0.4989258861439312,0.0,0.5396527031865377,"POLYGON ((15442126.94 5067944.148, 15445126.94 5067944.148, 15445126.94 5064944.148, 15442126.94 5064944.148, 15442126.94 5067944.148))"
喜山期,1772,15443626.94,5063444.148,0.0141871210474598,0.0003556152904824,4,0.0,0.0,False,0.602577873254565,0.4989258861439312,0.0,0.5714822771213749,"POLYGON ((15442126.94 5064944.148, 15445126.94 5064944.148, 15445126.94 5061944.148, 15442126.94 5061944.148, 15442126.94 5064944.148))"
喜山期,1773,15443626.94,5060444.148,0.0153932951121981,0.0003556152904824,4,0.0,0.0,False,0.6430361618331543,0.4989258861439312,0.0,0.5998030791263873,"POLYGON ((15442126.94 5061944.148, 15445126.94 5061944.148, 15445126.94 5058944.148, 15442126.94 5058944.148, 15442126.94 5061944.148))"
喜山期,1774,15443626.94,5057444.148,0.0165223671622201,0.0003556152904824,4,0.0,0.0,False,0.6756176154672395,0.4989258861439312,0.0,0.622610096670247,"POLYGON ((15442126.94 5058944.148, 15445126.94 5058944.148, 15445126.94 5055944.148, 15442126.94 5055944.148, 15442126.94 5058944.148))"
喜山期,1775,15443626.94,5054444.148,0.0175847546324647,0.0003556152904824,4,0.0,0.0,False,0.7085571070533476,0.4989258861439312,0.0,0.6456677407805227,"POLYGON ((15442126.94 5055944.148, 15445126.94 5055944.148, 15445126.94 5052944.148, 15442126.94 5052944.148, 15442126.94 5055944.148))"
喜山期,1776,15443626.94,5051444.148,0.0185897436286145,0.0003556152904824,4,0.0,0.0,False,0.7411385606874329,0.4989258861439312,0.0,0.6684747583243824,"POLYGON ((15442126.94 5052944.148, 15445126.94 5052944.148, 15445126.94 5049944.148, 15442126.94 5049944.148, 15442126.94 5052944.148))"
喜山期,1777,15443626.94,5048444.148,0.0195404575236901,0.0003556152904824,4,0.0,0.0,False,0.773720014321518,0.4989258861439312,0.0,0.691281775868242,"POLYGON ((15442126.94 5049944.148, 15445126.94 5049944.148, 15445126.94 5046944.148, 15442126.94 5046944.148, 15442126.94 5049944.148))"
喜山期,1778,15443626.94,5045444.148,0.0204276972307571,0.0003556152904824,4,0.0,1.0,True,0.8012889366272825,0.4989258861439312,0.0,0.7105800214822771,"POLYGON ((15442126.94 5046944.148, 15445126.94 5046944.148, 15445126.94 5043944.148, 15442126.94 5043944.148, 15442126.94 5046944.148))"
喜山期,1779,15443626.94,5042444.148,0.0212246894860504,0.0003556152904824,4,0.0,1.0,True,0.832438238453276,0.4989258861439312,0.0,0.7323845327604726,"POLYGON ((15442126.94 5043944.148, 15445126.94 5043944.148, 15445126.94 5040944.148, 15442126.94 5040944.148, 15442126.94 5043944.148))"
喜山期,1780,15443626.94,5039444.148,0.0218861621875109,0.0003556152904824,4,0.0,1.0,True,0.8610812746151092,0.4989258861439312,0.0,0.7524346580737558,"POLYGON ((15442126.94 5040944.148, 15445126.94 5040944.148, 15445126.94 5037944.148, 15442126.94 5037944.148, 15442126.94 5040944.148))"
喜山期,1781,15443626.94,5036444.148,0.0223552694068032,0.0003556152904824,4,0.0,1.0,True,0.8793412101682778,0.4989258861439312,0.0,0.7652166129609738,"POLYGON ((15442126.94 5037944.148, 15445126.94 5037944.148, 15445126.94 5034944.148, 15442126.94 5034944.148, 15442126.94 5037944.148))"
喜山期,1782,15443626.94,5033444.148,0.0225792865713567,0.0003556152904824,4,0.0,1.0,True,0.8897243107769424,0.4989258861439312,0.0,0.772484783387039,"POLYGON ((15442126.94 5034944.148, 15445126.94 5034944.148, 15445126.94 5031944.148, 15442126.94 5031944.148, 15442126.94 5034944.148))"
喜山期,1783,15443626.94,5030444.148,0.0225295851094953,0.0003556152904824,4,0.0,1.0,True,0.8850698174006445,0.4989258861439312,0.0,0.7692266380236304,"POLYGON ((15442126.94 5031944.148, 15445126.94 5031944.148, 15445126.94 5028944.148, 15442126.94 5028944.148, 15442126.94 5031944.148))"
喜山期,1784,15443626.94,5027444.148,0.0222158003328187,0.0003556152904824,4,0.0,1.0,True,0.8739706408879341,0.4989258861439312,0.0,0.7614572144647332,"POLYGON ((15442126.94 5028944.148, 15445126.94 5028944.148, 15445126.94 5025944.148, 15442126.94 5025944.148, 15442126.94 5028944.148))"
喜山期,1785,15443626.94,5024444.148,0.0216830121654686,0.0003556152904824,4,0.0,1.0,True,0.8546365914786967,0.4989258861439312,0.0,0.7479233798782671,"POLYGON ((15442126.94 5025944.148, 15445126.94 5025944.148, 15445126.94 5022944.148, 15442126.94 5022944.148, 15442126.94 5025944.148))"
喜山期,1786,15443626.94,5021444.148,0.0225132687477557,0.0003556152904824,4,0.0,1.0,True,0.8847117794486216,0.4989258861439312,0.0,0.7689760114572144,"POLYGON ((15442126.94 5022944.148, 15445126.94 5022944.148, 15445126.94 5019944.148, 15442126.94 5019944.148, 15442126.94 5022944.148))"
喜山期,1787,15443626.94,5018444.148,0.019521166782744,0.0003556152904824,4,0.0,0.0,False,0.7726459004654493,0.4989258861439312,0.0,0.6905298961689939,"POLYGON ((15442126.94 5019944.148, 15445126.94 5019944.148, 15445126.94 5016944.148, 15442126.94 5016944.148, 15442126.94 5019944.148))"
喜山期,1788,15443626.94,5015444.148,0.0223378126971516,0.0003556152904824,4,0.0,1.0,True,0.8775510204081632,0.4989258861439312,0.0,0.7639634801288936,"POLYGON ((15442126.94 5016944.148, 15445126.94 5016944.148, 15445126.94 5013944.148, 15442126.94 5013944.148, 15442126.94 5016944.148))"
喜山期,1789,15443626.94,5012444.148,0.0214495407285645,0.0003556152904824,4,0.0,1.0,True,0.8428213390619406,0.4989258861439312,0.0,0.7396527031865378,"POLYGON ((15442126.94 5013944.148, 15445126.94 5013944.148, 15445126.94 5010944.148, 15442126.94 5010944.148, 15442126.94 5013944.148))"
喜山期,1790,15443626.94,5009444.148,0.0220888211034615,0.0003556152904824,4,0.0,1.0,True,0.8675259577515216,0.4989258861439312,0.0,0.7569459362692444,"POLYGON ((15442126.94 5010944.148, 15445126.94 5010944.148, 15445126.94 5007944.148, 15442126.94 5007944.148, 15442126.94 5010944.148))"
喜山期,1791,15443626.94,5006444.148,0.0225542473108276,0.0003556152904824,4,0.0,1.0,True,0.8882921589688507,0.4989258861439312,0.0,0.7714822771213748,"POLYGON ((15442126.94 5007944.148, 15445126.94 5007944.148, 15445126.94 5004944.148, 15442126.94 5004944.148, 15442126.94 5007944.148))"
喜山期,1792,15443626.94,5003444.148,0.0228026005031572,0.0003556152904824,4,0.0,1.0,True,0.8976011457214464,0.4989258861439312,0.0,0.7779985678481919,"POLYGON ((15442126.94 5004944.148, 15445126.94 5004944.148, 15445126.94 5001944.148, 15442126.94 5001944.148, 15442126.94 5004944.148))"
喜山期,1793,15443626.94,5000444.148,0.0228122780931439,0.0003556152904824,4,0.0,1.0,True,0.8983172216254923,0.4989258861439312,0.0,0.778499820981024,"POLYGON ((15442126.94 5001944.148, 15445126.94 5001944.148, 15445126.94 4998944.148, 15442126.94 4998944.148, 15442126.94 5001944.148))"
喜山期,1794,15443626.94,4997444.148,0.0225916429215038,0.0003556152904824,4,0.0,1.0,True,0.8904403866809882,0.4989258861439312,0.0,0.7729860365198711,"POLYGON ((15442126.94 4998944.148, 15445126.94 4998944.148, 15445126.94 4995944.148, 15442126.94 4995944.148, 15442126.94 4998944.148))"
喜山期,1795,15443626.94,4994444.148,0.0221736417562709,0.0003556152904824,4,0.0,1.0,True,0.8711063372717508,0.4989258861439312,0.0,0.7594522019334049,"POLYGON ((15442126.94 4995944.148, 15445126.94 4995944.148, 15445126.94 4992944.148, 15442126.94 4992944.148, 15442126.94 4995944.148))"
喜山期,1796,15443626.94,4991444.148,0.0216025440168984,0.0003556152904824,4,0.0,1.0,True,0.8485499462943072,0.4989258861439312,0.0,0.7436627282491944,"POLYGON ((15442126.94 4992944.148, 15445126.94 4992944.148, 15445126.94 4989944.148, 15442126.94 4989944.148, 15442126.94 4992944.148))"
喜山期,1797,15443626.94,4988444.148,0.0209202580620534,0.0003556152904824,4,0.0,1.0,True,0.8213390619405657,0.4989258861439312,0.0,0.7246151092015753,"POLYGON ((15442126.94 4989944.148, 15445126.94 4989944.148, 15445126.94 4986944.148, 15442126.94 4986944.148, 15442126.94 4989944.148))"
喜山期,1798,15443626.94,4985444.148,0.0201573631361627,0.0003556152904824,4,0.0,0.0,False,0.7919799498746867,0.4989258861439312,0.0,0.70406373075546,"POLYGON ((15442126.94 4986944.148, 15445126.94 4986944.148, 15445126.94 4983944.148, 15442126.94 4983944.148, 15442126.94 4986944.148))"
喜山期,1799,15443626.94,4982444.148,0.0193302410118733,0.0003556152904824,4,0.0,0.0,False,0.7647690655209453,0.4989258861439312,0.0,0.685016111707841,"POLYGON ((15442126.94 4983944.148, 15445126.94 4983944.148, 15445126.94 4980944.148, 15442126.94 4980944.148, 15442126.94 4983944.148))"
喜山期,1800,15443626.94,4979444.148,0.0184428891366491,0.0003556152904824,4,0.0,0.0,False,0.7375581811672037,0.4989258861439312,0.0,0.665968492660222,"POLYGON ((15442126.94 4980944.148, 15445126.94 4980944.148, 15445126.94 4977944.148, 15442126.94 4977944.148, 15442126.94 4980944.148))"
喜山期,1801,15443626.94,4976444.148,0.0174910032449289,0.0003556152904824,4,0.0,0.0,False,0.7060508413891873,0.4989258861439312,0.0,0.6439133548156104,"POLYGON ((15442126.94 4977944.148, 15445126.94 4977944.148, 15445126.94 4974944.148, 15442126.94 4974944.148, 15442126.94 4977944.148))"
喜山期,1802,15443626.94,4973444.148,0.0164663089148886,0.0003556152904824,4,0.0,0.0,False,0.673827425707125,0.4989258861439312,0.0,0.6213569638381669,"POLYGON ((15442126.94 4974944.148, 15445126.94 4974944.148, 15445126.94 4971944.148, 15442126.94 4971944.148, 15442126.94 4974944.148))"
喜山期,1803,15443626.94,4970444.148,0.015360034946861,0.0003556152904824,4,0.0,0.0,False,0.6408879341210169,0.4989258861439312,0.0,0.5982993197278912,"POLYGON ((15442126.94 4971944.148, 15445126.94 4971944.148, 15445126.94 4968944.148, 15442126.94 4968944.148, 15442126.94 4971944.148))"
喜山期,1804,15443626.94,4967444.148,0.0141651987593865,0.0003556152904824,4,0.0,0.0,False,0.6022198353025421,0.4989258861439312,0.0,0.5712316505549588,"POLYGON ((15442126.94 4968944.148, 15445126.94 4968944.148, 15445126.94 4965944.148, 15442126.94 4965944.148, 15442126.94 4968944.148))"
喜山期,1805,15443626.94,4964444.148,0.012877772416297,0.0003556152904824,4,0.0,0.0,False,0.556390977443609,0.4989258861439312,0.0,0.5391514500537056,"POLYGON ((15442126.94 4965944.148, 15445126.94 4965944.148, 15445126.94 4962944.148, 15442126.94 4962944.148, 15442126.94 4965944.148))"
喜山期,1806,15443626.94,4961444.148,0.0114968876657955,0.0003556152904824,4,0.0,0.0,False,0.5026852846401718,0.4989258861439312,0.0,0.5015574650912996,"POLYGON ((15442126.94 4962944.148, 15445126.94 4962944.148, 15445126.94 4959944.148, 15442126.94 4959944.148, 15442126.94 4962944.148))"
喜山期,1807,15443626.94,4958444.148,0.0100242026116284,0.0003556152904824,4,0.0,0.0,False,0.443250984604368,0.4989258861439312,0.0,0.459953455066237,"POLYGON ((15442126.94 4959944.148, 15445126.94 4959944.148, 15445126.94 4956944.148, 15442126.94 4956944.148, 15442126.94 4959944.148))"
喜山期,1808,15443626.94,4955444.148,0.0084625273952145,0.0003556152904824,4,0.0,0.0,False,0.3712853562477622,0.4989258861439312,0.0,0.4095775152166129,"POLYGON ((15442126.94 4956944.148, 15445126.94 4956944.148, 15445126.94 4953944.148, 15442126.94 4953944.148, 15442126.94 4956944.148))"
喜山期,1809,15443626.94,4952444.148,0.0068137976544751,0.0003556152904824,4,0.0,0.0,False,0.2989616899391335,0.4989258861439312,0.0,0.3589509488005728,"POLYGON ((15442126.94 4953944.148, 15445126.94 4953944.148, 15445126.94 4950944.148, 15442126.94 4950944.148, 15442126.94 4953944.148))"
喜山期,1810,15443626.94,4949444.148,0.0050763227969445,0.0003556152904824,4,0.0,0.0,False,0.2180451127819548,0.4989258861439312,0.0,0.3023093447905478,"POLYGON ((15442126.94 4950944.148, 15445126.94 4950944.148, 15445126.94 4947944.148, 15442126.94 4947944.148, 15442126.94 4950944.148))"
喜山期,1811,15443626.94,4946444.148,0.0032403789434578,0.0003556152904824,4,0.0,0.0,False,0.137844611528822,0.4989258861439312,0.0,0.2461689939133548,"POLYGON ((15442126.94 4947944.148, 15445126.94 4947944.148, 15445126.94 4944944.148, 15442126.94 4944944.148, 15442126.94 4947944.148))"
喜山期,1812,15443626.94,4943444.148,0.0012771478225386,0.0003556152904824,3,0.0,0.0,False,0.0551378446115288,0.4989258861439312,0.0,0.1882742570712495,"POLYGON ((15442126.94 4944944.148, 15445126.94 4944944.148, 15445126.94 4941944.148, 15442126.94 4941944.148, 15442126.94 4944944.148))"
喜山期,1813,15446626.94,5087444.148,0.0012756082621924,0.0003556152904824,3,0.0,0.0,False,0.0547798066595059,0.4989258861439312,0.0,0.1880236305048335,"POLYGON ((15445126.94 5088944.148, 15448126.94 5088944.148, 15448126.94 5085944.148, 15445126.94 5085944.148, 15445126.94 5088944.148))"
喜山期,1814,15446626.94,5084444.148,0.0032268323276343,0.0003556152904824,4,0.0,0.0,False,0.1360544217687075,0.4989258861439312,0.0,0.2449158610812746,"POLYGON ((15445126.94 5085944.148, 15448126.94 5085944.148, 15448126.94 5082944.148, 15445126.94 5082944.148, 15445126.94 5085944.148))"
喜山期,1815,15446626.94,5081444.148,0.005045555178096,0.0003556152904824,4,0.0,0.0,False,0.2166129609738632,0.4989258861439312,0.0,0.3013068385248836,"POLYGON ((15445126.94 5082944.148, 15448126.94 5082944.148, 15448126.94 5079944.148, 15445126.94 5079944.148, 15445126.94 5082944.148))"
喜山期,1816,15446626.94,5078444.148,0.0067592339361341,0.0003556152904824,4,0.0,0.0,False,0.2964554242749731,0.4989258861439312,0.0,0.3571965628356606,"POLYGON ((15445126.94 5079944.148, 15448126.94 5079944.148, 15448126.94 5076944.148, 15445126.94 5076944.148, 15445126.94 5079944.148))"
喜山期,1817,15446626.94,5075444.148,0.0083756409847192,0.0003556152904824,4,0.0,0.0,False,0.3669889008234873,0.4989258861439312,0.0,0.4065699964196204,"POLYGON ((15445126.94 5076944.148, 15448126.94 5076944.148, 15448126.94 5073944.148, 15445126.94 5073944.148, 15445126.94 5076944.148))"
喜山期,1818,15446626.94,5072444.148,0.0098950917755964,0.0003556152904824,4,0.0,0.0,False,0.4364482635159327,0.4989258861439312,0.0,0.4551915503043322,"POLYGON ((15445126.94 5073944.148, 15448126.94 5073944.148, 15448126.94 5070944.148, 15445126.94 5070944.148, 15445126.94 5073944.148))"
喜山期,1819,15446626.94,5069444.148,0.0113158468517645,0.0003556152904824,4,0.0,0.0,False,0.4951664876476906,0.4989258861439312,0.0,0.4962943071965628,"POLYGON ((15445126.94 5070944.148, 15448126.94 5070944.148, 15448126.94 5067944.148, 15445126.94 5067944.148, 15445126.94 5070944.148))"
喜山期,1820,15446626.94,5066444.148,0.0126374250938896,0.0003556152904824,4,0.0,0.0,False,0.5495882563551736,0.4989258861439312,0.0,0.5343895452918008,"POLYGON ((15445126.94 5067944.148, 15448126.94 5067944.148, 15448126.94 5064944.148, 15445126.94 5064944.148, 15445126.94 5067944.148))"
喜山期,1821,15446626.94,5063444.148,0.0138626494714651,0.0003556152904824,4,0.0,0.0,False,0.5950590762620838,0.4989258861439312,0.0,0.5662191192266379,"POLYGON ((15445126.94 5064944.148, 15448126.94 5064944.148, 15448126.94 5061944.148, 15445126.94 5061944.148, 15445126.94 5064944.148))"
喜山期,1822,15446626.94,5060444.148,0.0149986005417062,0.0003556152904824,4,0.0,0.0,False,0.6262083780880774,0.4989258861439312,0.0,0.5880236305048335,"POLYGON ((15445126.94 5061944.148, 15448126.94 5061944.148, 15448126.94 5058944.148, 15445126.94 5058944.148, 15445126.94 5061944.148))"
喜山期,1823,15446626.94,5057444.148,0.01605655007806,0.0003556152904824,4,0.0,0.0,False,0.6623702112423917,0.4989258861439312,0.0,0.6133369137128535,"POLYGON ((15445126.94 5058944.148, 15448126.94 5058944.148, 15448126.94 5055944.148, 15445126.94 5055944.148, 15445126.94 5058944.148))"
喜山期,1824,15446626.94,5054444.148,0.0170507973210282,0.0003556152904824,4,0.0,0.0,False,0.6935195130683852,0.4989258861439312,0.0,0.635141424991049,"POLYGON ((15445126.94 5055944.148, 15448126.94 5055944.148, 15448126.94 5052944.148, 15445126.94 5052944.148, 15445126.94 5055944.148))"
喜山期,1825,15446626.94,5051444.148,0.0179960646224942,0.0003556152904824,4,0.0,0.0,False,0.7225205871822413,0.4989258861439312,0.0,0.6554421768707482,"POLYGON ((15445126.94 5052944.148, 15448126.94 5052944.148, 15448126.94 5049944.148, 15445126.94 5049944.148, 15445126.94 5052944.148))"
喜山期,1826,15446626.94,5048444.148,0.0189029549124101,0.0003556152904824,4,0.0,0.0,False,0.7508055853920516,0.4989258861439312,0.0,0.6752416756176154,"POLYGON ((15445126.94 5049944.148, 15448126.94 5049944.148, 15448126.94 5046944.148, 15445126.94 5046944.148, 15445126.94 5049944.148))"
喜山期,1827,15446626.94,5045444.148,0.0197713441262975,0.0003556152904824,4,0.0,0.0,False,0.7805227354099534,0.4989258861439312,0.0,0.6960436806301468,"POLYGON ((15445126.94 5046944.148, 15448126.94 5046944.148, 15448126.94 5043944.148, 15445126.94 5043944.148, 15445126.94 5046944.148))"
喜山期,1828,15446626.94,5042444.148,0.0205828438618705,0.0003556152904824,4,0.0,1.0,True,0.807733619763695,0.4989258861439312,0.0,0.7150912996777659,"POLYGON ((15445126.94 5043944.148, 15448126.94 5043944.148, 15448126.94 5040944.148, 15445126.94 5040944.148, 15445126.94 5043944.148))"
喜山期,1829,15446626.94,5039444.148,0.0212955048650305,0.0003556152904824,4,0.0,1.0,True,0.8353025420694593,0.4989258861439312,0.0,0.7343895452918009,"POLYGON ((15445126.94 5040944.148, 15448126.94 5040944.148, 15448126.94 5037944.148, 15445126.94 5037944.148, 15445126.94 5040944.148))"
喜山期,1830,15446626.94,5036444.148,0.0218456523276075,0.0003556152904824,4,0.0,1.0,True,0.8596491228070176,0.4989258861439312,0.0,0.7514321518080916,"POLYGON ((15445126.94 5037944.148, 15448126.94 5037944.148, 15448126.94 5034944.148, 15445126.94 5034944.148, 15445126.94 5037944.148))"
喜山期,1831,15446626.94,5033444.148,0.0221610822972576,0.0003556152904824,4,0.0,1.0,True,0.8700322234156821,0.4989258861439312,0.0,0.7587003222341568,"POLYGON ((15445126.94 5034944.148, 15448126.94 5034944.148, 15448126.94 5031944.148, 15445126.94 5031944.148, 15445126.94 5034944.148))"
喜山期,1832,15446626.94,5030444.148,0.0221849209020081,0.0003556152904824,4,0.0,1.0,True,0.8721804511278195,0.4989258861439312,0.0,0.760204081632653,"POLYGON ((15445126.94 5031944.148, 15448126.94 5031944.148, 15448126.94 5028944.148, 15445126.94 5028944.148, 15445126.94 5031944.148))"
喜山期,1833,15446626.94,5027444.148,0.0219009346126382,0.0003556152904824,4,0.0,1.0,True,0.8621553884711779,0.4989258861439312,0.0,0.7531865377730038,"POLYGON ((15445126.94 5028944.148, 15448126.94 5028944.148, 15448126.94 5025944.148, 15445126.94 5025944.148, 15445126.94 5028944.148))"
喜山期,1834,15446626.94,5024444.148,0.0213440058355202,0.0003556152904824,4,0.0,1.0,True,0.8370927318295739,0.4989258861439312,0.0,0.7356426781238811,"POLYGON ((15445126.94 5025944.148, 15448126.94 5025944.148, 15448126.94 5022944.148, 15445126.94 5022944.148, 15445126.94 5025944.148))"
喜山期,1835,15446626.94,5021444.148,0.0221490438457179,0.0003556152904824,4,0.0,1.0,True,0.8693161475116362,0.4989258861439312,0.0,0.7581990691013247,"POLYGON ((15445126.94 5022944.148, 15448126.94 5022944.148, 15448126.94 5019944.148, 15445126.94 5019944.148, 15445126.94 5022944.148))"
喜山期,1836,15446626.94,5018444.148,0.0186771076477712,0.0003556152904824,4,0.0,0.0,False,0.7432867883995704,0.4989258861439312,0.0,0.6699785177228786,"POLYGON ((15445126.94 5019944.148, 15448126.94 5019944.148, 15448126.94 5016944.148, 15445126.94 5016944.148, 15445126.94 5019944.148))"
喜山期,1837,15446626.94,5015444.148,0.0219298525047847,0.0003556152904824,4,0.0,1.0,True,0.8628714643752238,0.4989258861439312,0.0,0.7536877909058359,"POLYGON ((15445126.94 5016944.148, 15448126.94 5016944.148, 15448126.94 5013944.148, 15445126.94 5013944.148, 15445126.94 5016944.148))"
喜山期,1838,15446626.94,5012444.148,0.0210579621625499,0.0003556152904824,4,0.0,1.0,True,0.8277837450769782,0.4989258861439312,0.0,0.729126387397064,"POLYGON ((15445126.94 5013944.148, 15448126.94 5013944.148, 15448126.94 5010944.148, 15445126.94 5010944.148, 15445126.94 5013944.148))"
喜山期,1839,15446626.94,5009444.148,0.021727884503988,0.0003556152904824,4,0.0,1.0,True,0.8564267812388113,0.4989258861439312,0.0,0.7491765127103472,"POLYGON ((15445126.94 5010944.148, 15448126.94 5010944.148, 15448126.94 5007944.148, 15445126.94 5007944.148, 15445126.94 5010944.148))"
喜山期,1840,15446626.94,5006444.148,0.0221794368749729,0.0003556152904824,4,0.0,1.0,True,0.8718224131757967,0.4989258861439312,0.0,0.759953455066237,"POLYGON ((15445126.94 5007944.148, 15448126.94 5007944.148, 15448126.94 5004944.148, 15445126.94 5004944.148, 15445126.94 5007944.148))"
喜山期,1841,15446626.94,5003444.148,0.0223715996651142,0.0003556152904824,4,0.0,1.0,True,0.8800572860723237,0.4989258861439312,0.0,0.7657178660938059,"POLYGON ((15445126.94 5004944.148, 15448126.94 5004944.148, 15448126.94 5001944.148, 15445126.94 5001944.148, 15445126.94 5004944.148))"
喜山期,1842,15446626.94,5000444.148,0.0222998222882166,0.0003556152904824,4,0.0,1.0,True,0.8768349445041175,0.4989258861439312,0.0,0.7634622269960616,"POLYGON ((15445126.94 5001944.148, 15448126.94 5001944.148, 15448126.94 4998944.148, 15445126.94 4998944.148, 15445126.94 5001944.148))"
喜山期,1843,15446626.94,4997444.148,0.0219959136955047,0.0003556152904824,4,0.0,1.0,True,0.8646616541353384,0.4989258861439312,0.0,0.7549409237379162,"POLYGON ((15445126.94 4998944.148, 15448126.94 4998944.148, 15448126.94 4995944.148, 15445126.94 4995944.148, 15445126.94 4998944.148))"
喜山期,1844,15446626.94,4994444.148,0.0215130346210896,0.0003556152904824,4,0.0,1.0,True,0.8449695667740781,0.4989258861439312,0.0,0.741156462585034,"POLYGON ((15445126.94 4995944.148, 15448126.94 4995944.148, 15448126.94 4992944.148, 15445126.94 4992944.148, 15445126.94 4995944.148))"
喜山期,1845,15446626.94,4991444.148,0.0209067811004935,0.0003556152904824,4,0.0,1.0,True,0.8209810239885428,0.4989258861439312,0.0,0.7243644826351593,"POLYGON ((15445126.94 4992944.148, 15448126.94 4992944.148, 15448126.94 4989944.148, 15445126.94 4989944.148, 15445126.94 4992944.148))"
喜山期,1846,15446626.94,4988444.148,0.0202210570715128,0.0003556152904824,4,0.0,0.0,False,0.7937701396348013,0.4989258861439312,0.0,0.7053168635875402,"POLYGON ((15445126.94 4989944.148, 15448126.94 4989944.148, 15448126.94 4986944.148, 15445126.94 4986944.148, 15445126.94 4989944.148))"
喜山期,1847,15446626.94,4985444.148,0.0194820574361579,0.0003556152904824,4,0.0,0.0,False,0.7708557107053348,0.4989258861439312,0.0,0.6892767633369137,"POLYGON ((15445126.94 4986944.148, 15448126.94 4986944.148, 15448126.94 4983944.148, 15445126.94 4983944.148, 15445126.94 4986944.148))"
喜山期,1848,15446626.94,4982444.148,0.0186991297241755,0.0003556152904824,4,0.0,0.0,False,0.744718940207662,0.4989258861439312,0.0,0.6709810239885428,"POLYGON ((15445126.94 4983944.148, 15448126.94 4983944.148, 15448126.94 4980944.148, 15445126.94 4980944.148, 15445126.94 4983944.148))"
喜山期,1849,15446626.94,4979444.148,0.0178693275926998,0.0003556152904824,4,0.0,0.0,False,0.7178660938059435,0.4989258861439312,0.0,0.6521840315073397,"POLYGON ((15445126.94 4980944.148, 15448126.94 4980944.148, 15448126.94 4977944.148, 15445126.94 4977944.148, 15445126.94 4980944.148))"
喜山期,1850,15446626.94,4976444.148,0.0169827370555999,0.0003556152904824,4,0.0,0.0,False,0.6920873612602936,0.4989258861439312,0.0,0.6341389187253849,"POLYGON ((15445126.94 4977944.148, 15448126.94 4977944.148, 15448126.94 4974944.148, 15445126.94 4974944.148, 15445126.94 4977944.148))"
喜山期,1851,15446626.94,4973444.148,0.0160269043748649,0.0003556152904824,4,0.0,0.0,False,0.6616541353383458,0.4989258861439312,0.0,0.6128356605800214,"POLYGON ((15445126.94 4974944.148, 15448126.94 4974944.148, 15448126.94 4971944.148, 15445126.94 4971944.148, 15445126.94 4974944.148))"
喜山期,1852,15446626.94,4970444.148,0.0149898796639806,0.0003556152904824,4,0.0,0.0,False,0.6254923021840315,0.4989258861439312,0.0,0.5875223773720014,"POLYGON ((15445126.94 4971944.148, 15448126.94 4971944.148, 15448126.94 4968944.148, 15445126.94 4968944.148, 15445126.94 4971944.148))"
喜山期,1853,15446626.94,4967444.148,0.0138620517409003,0.0003556152904824,4,0.0,0.0,False,0.5947010383100608,0.4989258861439312,0.0,0.565968492660222,"POLYGON ((15445126.94 4968944.148, 15448126.94 4968944.148, 15448126.94 4965944.148, 15445126.94 4965944.148, 15445126.94 4968944.148))"
喜山期,1854,15446626.94,4964444.148,0.0126371010555982,0.0003556152904824,4,0.0,0.0,False,0.5488721804511278,0.4989258861439312,0.0,0.5338882921589688,"POLYGON ((15445126.94 4965944.148, 15448126.94 4965944.148, 15448126.94 4962944.148, 15445126.94 4962944.148, 15445126.94 4965944.148))"
喜山期,1855,15446626.94,4961444.148,0.0113122646644985,0.0003556152904824,4,0.0,0.0,False,0.4944504117436448,0.4989258861439312,0.0,0.4957930540637307,"POLYGON ((15445126.94 4962944.148, 15448126.94 4962944.148, 15448126.94 4959944.148, 15445126.94 4959944.148, 15445126.94 4962944.148))"
喜山期,1856,15446626.94,4958444.148,0.0098879242419687,0.0003556152904824,4,0.0,0.0,False,0.4353741496598639,0.4989258861439312,0.0,0.4544396706050841,"POLYGON ((15445126.94 4959944.148, 15448126.94 4959944.148, 15448126.94 4956944.148, 15445126.94 4956944.148, 15445126.94 4959944.148))"
喜山期,1857,15446626.94,4955444.148,0.0083664349842127,0.0003556152904824,4,0.0,0.0,False,0.3662728249194414,0.4989258861439312,0.0,0.4060687432867884,"POLYGON ((15445126.94 4956944.148, 15448126.94 4956944.148, 15448126.94 4953944.148, 15445126.94 4953944.148, 15445126.94 4956944.148))"
喜山期,1858,15446626.94,4952444.148,0.0067501155314833,0.0003556152904824,4,0.0,0.0,False,0.2957393483709273,0.4989258861439312,0.0,0.3566953097028285,"POLYGON ((15445126.94 4953944.148, 15448126.94 4953944.148, 15448126.94 4950944.148, 15445126.94 4950944.148, 15445126.94 4953944.148))"
喜山期,1859,15446626.94,4949444.148,0.0050382419210122,0.0003556152904824,4,0.0,0.0,False,0.2162549230218403,0.4989258861439312,0.0,0.3010562119584676,"POLYGON ((15445126.94 4950944.148, 15448126.94 4950944.148, 15448126.94 4947944.148, 15445126.94 4947944.148, 15445126.94 4950944.148))"
喜山期,1860,15446626.94,4946444.148,0.0032221514202415,0.0003556152904824,4,0.0,0.0,False,0.1356963838166845,0.4989258861439312,0.0,0.2446652345148585,"POLYGON ((15445126.94 4947944.148, 15448126.94 4947944.148, 15448126.94 4944944.148, 15445126.94 4944944.148, 15445126.94 4947944.148))"
喜山期,1861,15446626.94,4943444.148,0.0012735320411734,0.0003556152904824,3,0.0,0.0,False,0.0537056928034371,0.4989258861439312,0.0,0.1872717508055854,"POLYGON ((15445126.94 4944944.148, 15448126.94 4944944.148, 15448126.94 4941944.148, 15445126.94 4941944.148, 15445126.94 4944944.148))"
喜山期,1862,15449626.94,5087444.148,0.001270915685026,0.0003556152904824,3,0.0,0.0,False,0.0533476548514142,0.4989258861439312,0.0,0.1870211242391693,"POLYGON ((15448126.94 5088944.148, 15451126.94 5088944.148, 15451126.94 5085944.148, 15448126.94 5085944.148, 15448126.94 5088944.148))"
喜山期,1863,15449626.94,5084444.148,0.0032045893032819,0.0003556152904824,4,0.0,0.0,False,0.1342642320085929,0.4989258861439312,0.0,0.2436627282491944,"POLYGON ((15448126.94 5085944.148, 15451126.94 5085944.148, 15451126.94 5082944.148, 15448126.94 5082944.148, 15448126.94 5085944.148))"
喜山期,1864,15449626.94,5081444.148,0.0049987669559775,0.0003556152904824,4,0.0,0.0,False,0.213032581453634,0.4989258861439312,0.0,0.2988005728607232,"POLYGON ((15448126.94 5082944.148, 15451126.94 5082944.148, 15451126.94 5079944.148, 15448126.94 5079944.148, 15448126.94 5082944.148))"
喜山期,1865,15449626.94,5078444.148,0.0066798609400151,0.0003556152904824,4,0.0,0.0,False,0.292875044754744,0.4989258861439312,0.0,0.3546902971715002,"POLYGON ((15448126.94 5079944.148, 15451126.94 5079944.148, 15451126.94 5076944.148, 15448126.94 5076944.148, 15448126.94 5079944.148))"
喜山期,1866,15449626.94,5075444.148,0.00825441379076,0.0003556152904824,4,0.0,0.0,False,0.3626924453992123,0.4989258861439312,0.0,0.403562477622628,"POLYGON ((15448126.94 5076944.148, 15451126.94 5076944.148, 15451126.94 5073944.148, 15448126.94 5073944.148, 15448126.94 5076944.148))"
喜山期,1867,15449626.94,5072444.148,0.0097222014214864,0.0003556152904824,4,0.0,0.0,False,0.4282133906194056,0.4989258861439312,0.0,0.4494271392767633,"POLYGON ((15448126.94 5073944.148, 15451126.94 5073944.148, 15451126.94 5070944.148, 15448126.94 5070944.148, 15448126.94 5073944.148))"
喜山期,1868,15449626.94,5069444.148,0.0110820331476243,0.0003556152904824,4,0.0,0.0,False,0.4840673111349803,0.4989258861439312,0.0,0.4885248836376655,"POLYGON ((15448126.94 5070944.148, 15451126.94 5070944.148, 15451126.94 5067944.148, 15448126.94 5067944.148, 15448126.94 5070944.148))"
喜山期,1869,15449626.94,5066444.148,0.0123350027090636,0.0003556152904824,4,0.0,0.0,False,0.5352667382742571,0.4989258861439312,0.0,0.5243644826351593,"POLYGON ((15448126.94 5067944.148, 15451126.94 5067944.148, 15451126.94 5064944.148, 15448126.94 5064944.148, 15448126.94 5067944.148))"
喜山期,1870,15449626.94,5063444.148,0.0134861771737881,0.0003556152904824,4,0.0,0.0,False,0.5746509129967776,0.4989258861439312,0.0,0.5519334049409237,"POLYGON ((15448126.94 5064944.148, 15451126.94 5064944.148, 15451126.94 5061944.148, 15448126.94 5061944.148, 15448126.94 5064944.148))"
喜山期,1871,15449626.94,5060444.148,0.0145451745504369,0.0003556152904824,4,0.0,0.0,False,0.6104547081990691,0.4989258861439312,0.0,0.5769960615825278,"POLYGON ((15448126.94 5061944.148, 15451126.94 5061944.148, 15451126.94 5058944.148, 15448126.94 5058944.148, 15448126.94 5061944.148))"
喜山期,1872,15449626.94,5057444.148,0.0155259788711906,0.0003556152904824,4,0.0,0.0,False,0.6466165413533834,0.4989258861439312,0.0,0.6023093447905478,"POLYGON ((15448126.94 5058944.148, 15451126.94 5058944.148, 15451126.94 5055944.148, 15448126.94 5055944.148, 15448126.94 5058944.148))"
喜山期,1873,15449626.94,5054444.148,0.0164461066694115,0.0003556152904824,4,0.0,0.0,False,0.6727533118510562,0.4989258861439312,0.0,0.6206050841389188,"POLYGON ((15448126.94 5055944.148, 15451126.94 5055944.148, 15451126.94 5052944.148, 15448126.94 5052944.148, 15448126.94 5055944.148))"
喜山期,1874,15449626.94,5051444.148,0.0173248038775337,0.0003556152904824,4,0.0,0.0,False,0.7031865377730039,0.4989258861439312,0.0,0.6419083422842821,"POLYGON ((15448126.94 5052944.148, 15451126.94 5052944.148, 15451126.94 5049944.148, 15448126.94 5049944.148, 15448126.94 5052944.148))"
喜山期,1875,15449626.94,5048444.148,0.0181794946222378,0.0003556152904824,4,0.0,0.0,False,0.7300393841747225,0.4989258861439312,0.0,0.6607053347654851,"POLYGON ((15448126.94 5049944.148, 15451126.94 5049944.148, 15451126.94 5046944.148, 15448126.94 5046944.148, 15448126.94 5049944.148))"
喜山期,1876,15449626.94,5045444.148,0.019019615796131,0.0003556152904824,4,0.0,0.0,False,0.7551020408163265,0.4989258861439312,0.0,0.6782491944146078,"POLYGON ((15448126.94 5046944.148, 15451126.94 5046944.148, 15451126.94 5043944.148, 15448126.94 5043944.148, 15448126.94 5046944.148))"
喜山期,1877,15449626.94,5042444.148,0.0198377999568352,0.0003556152904824,4,0.0,0.0,False,0.782312925170068,0.4989258861439312,0.0,0.6972968134622269,"POLYGON ((15448126.94 5043944.148, 15451126.94 5043944.148, 15451126.94 5040944.148, 15448126.94 5040944.148, 15448126.94 5043944.148))"
喜山期,1878,15449626.94,5039444.148,0.0206005090848307,0.0003556152904824,4,0.0,1.0,True,0.8098818474758325,0.4989258861439312,0.0,0.7165950590762621,"POLYGON ((15448126.94 5040944.148, 15451126.94 5040944.148, 15451126.94 5037944.148, 15448126.94 5037944.148, 15448126.94 5040944.148))"
喜山期,1879,15449626.94,5036444.148,0.0212432580269292,0.0003556152904824,4,0.0,1.0,True,0.8342284282133906,0.4989258861439312,0.0,0.7336376655925527,"POLYGON ((15448126.94 5037944.148, 15451126.94 5037944.148, 15451126.94 5034944.148, 15448126.94 5034944.148, 15448126.94 5037944.148))"
喜山期,1880,15449626.94,5033444.148,0.0216775541258831,0.0003556152904824,4,0.0,1.0,True,0.853562477622628,0.4989258861439312,0.0,0.747171500179019,"POLYGON ((15448126.94 5034944.148, 15451126.94 5034944.148, 15451126.94 5031944.148, 15448126.94 5031944.148, 15448126.94 5034944.148))"
喜山期,1881,15449626.94,5030444.148,0.0218142981387594,0.0003556152904824,4,0.0,1.0,True,0.8585750089509488,0.4989258861439312,0.0,0.7506802721088436,"POLYGON ((15448126.94 5031944.148, 15451126.94 5031944.148, 15451126.94 5028944.148, 15448126.94 5028944.148, 15448126.94 5031944.148))"
喜山期,1882,15449626.94,5027444.148,0.0215991624486894,0.0003556152904824,4,0.0,1.0,True,0.8481919083422843,0.4989258861439312,0.0,0.7434121016827784,"POLYGON ((15448126.94 5028944.148, 15451126.94 5028944.148, 15451126.94 5025944.148, 15448126.94 5025944.148, 15448126.94 5028944.148))"
喜山期,1883,15449626.94,5024444.148,0.0210418221926654,0.0003556152904824,4,0.0,1.0,True,0.8270676691729323,0.4989258861439312,0.0,0.7286251342642319,"POLYGON ((15448126.94 5025944.148, 15451126.94 5025944.148, 15451126.94 5022944.148, 15448126.94 5022944.148, 15448126.94 5025944.148))"
喜山期,1884,15449626.94,5021444.148,0.0218221445424669,0.0003556152904824,4,0.0,1.0,True,0.8589330469029717,0.4989258861439312,0.0,0.7509308986752595,"POLYGON ((15448126.94 5022944.148, 15451126.94 5022944.148, 15451126.94 5019944.148, 15448126.94 5019944.148, 15448126.94 5022944.148))"
喜山期,1885,15449626.94,5018444.148,0.0177748086082798,0.0003556152904824,4,0.0,0.0,False,0.7135696383816684,0.4989258861439312,0.0,0.6491765127103473,"POLYGON ((15448126.94 5019944.148, 15451126.94 5019944.148, 15451126.94 5016944.148, 15448126.94 5016944.148, 15448126.94 5019944.148))"
喜山期,1886,15449626.94,5015444.148,0.0215540230366887,0.0003556152904824,4,0.0,1.0,True,0.8464017185821697,0.4989258861439312,0.0,0.7421589688506981,"POLYGON ((15448126.94 5016944.148, 15451126.94 5016944.148, 15451126.94 5013944.148, 15448126.94 5013944.148, 15448126.94 5016944.148))"
喜山期,1887,15449626.94,5012444.148,0.0207027886549036,0.0003556152904824,4,0.0,1.0,True,0.8152524167561761,0.4989258861439312,0.0,0.7203544575725026,"POLYGON ((15448126.94 5013944.148, 15451126.94 5013944.148, 15451126.94 5010944.148, 15448126.94 5010944.148, 15448126.94 5013944.148))"
喜山期,1888,15449626.94,5009444.148,0.0213873982419648,0.0003556152904824,4,0.0,1.0,True,0.8399570354457573,0.4989258861439312,0.0,0.7376476906552094,"POLYGON ((15448126.94 5010944.148, 15451126.94 5010944.148, 15451126.94 5007944.148, 15448126.94 5007944.148, 15448126.94 5010944.148))"
喜山期,1889,15449626.94,5006444.148,0.0217926731730099,0.0003556152904824,4,0.0,1.0,True,0.857858933046903,0.4989258861439312,0.0,0.7501790189760115,"POLYGON ((15448126.94 5007944.148, 15451126.94 5007944.148, 15451126.94 5004944.148, 15448126.94 5004944.148, 15448126.94 5007944.148))"
喜山期,1890,15449626.94,5003444.148,0.0218911914965726,0.0003556152904824,4,0.0,1.0,True,0.8617973505191551,0.4989258861439312,0.0,0.7529359112065879,"POLYGON ((15448126.94 5004944.148, 15451126.94 5004944.148, 15451126.94 5001944.148, 15448126.94 5001944.148, 15448126.94 5004944.148))"
喜山期,1891,15449626.94,5000444.148,0.0217072352850636,0.0003556152904824,4,0.0,1.0,True,0.8560687432867884,0.4989258861439312,0.0,0.7489258861439312,"POLYGON ((15448126.94 5001944.148, 15451126.94 5001944.148, 15451126.94 4998944.148, 15448126.94 4998944.148, 15448126.94 5001944.148))"
喜山期,1892,15449626.94,4997444.148,0.0213023943983669,0.0003556152904824,4,0.0,1.0,True,0.8356605800214822,0.4989258861439312,0.0,0.734640171858217,"POLYGON ((15448126.94 4998944.148, 15451126.94 4998944.148, 15451126.94 4995944.148, 15448126.94 4995944.148, 15448126.94 4998944.148))"
喜山期,1893,15449626.94,4994444.148,0.02074982305132,0.0003556152904824,4,0.0,1.0,True,0.8170426065162907,0.4989258861439312,0.0,0.7216075904045828,"POLYGON ((15448126.94 4995944.148, 15451126.94 4995944.148, 15451126.94 4992944.148, 15448126.94 4992944.148, 15448126.94 4995944.148))"
喜山期,1894,15449626.94,4991444.148,0.0201121983647299,0.0003556152904824,4,0.0,0.0,False,0.790547798066595,0.4989258861439312,0.0,0.7030612244897959,"POLYGON ((15448126.94 4992944.148, 15451126.94 4992944.148, 15451126.94 4989944.148, 15448126.94 4989944.148, 15448126.94 4992944.148))"
喜山期,1895,15449626.94,4988444.148,0.0194304887875013,0.0003556152904824,4,0.0,0.0,False,0.7697815968492661,0.4989258861439312,0.0,0.6885248836376656,"POLYGON ((15448126.94 4989944.148, 15451126.94 4989944.148, 15451126.94 4986944.148, 15448126.94 4986944.148, 15448126.94 4989944.148))"
喜山期,1896,15449626.94,4985444.148,0.0187230313121686,0.0003556152904824,4,0.0,0.0,False,0.7450769781596849,0.4989258861439312,0.0,0.6712316505549588,"POLYGON ((15448126.94 4986944.148, 15451126.94 4986944.148, 15451126.94 4983944.148, 15448126.94 4983944.148, 15448126.94 4986944.148))"
喜山期,1897,15449626.94,4982444.148,0.0179906530691052,0.0003556152904824,4,0.0,0.0,False,0.7221625492302184,0.4989258861439312,0.0,0.6551915503043322,"POLYGON ((15448126.94 4983944.148, 15451126.94 4983944.148, 15451126.94 4980944.148, 15448126.94 4980944.148, 15448126.94 4983944.148))"
喜山期,1898,15449626.94,4979444.148,0.0172234689408887,0.0003556152904824,4,0.0,0.0,False,0.7003222341568206,0.4989258861439312,0.0,0.6399033297529537,"POLYGON ((15448126.94 4980944.148, 15451126.94 4980944.148, 15451126.94 4977944.148, 15448126.94 4977944.148, 15448126.94 4980944.148))"
喜山期,1899,15449626.94,4976444.148,0.0164066771861306,0.0003556152904824,4,0.0,0.0,False,0.6720372359470104,0.4989258861439312,0.0,0.6201038310060867,"POLYGON ((15448126.94 4977944.148, 15451126.94 4977944.148, 15451126.94 4974944.148, 15448126.94 4974944.148, 15448126.94 4977944.148))"
喜山期,1900,15449626.94,4973444.148,0.0155244781200656,0.0003556152904824,4,0.0,0.0,False,0.6462585034013606,0.4989258861439312,0.0,0.6020587182241317,"POLYGON ((15448126.94 4974944.148, 15451126.94 4974944.148, 15451126.94 4971944.148, 15448126.94 4971944.148, 15448126.94 4974944.148))"
喜山期,1901,15449626.94,4970444.148,0.0145623575519162,0.0003556152904824,4,0.0,0.0,False,0.6118868600071607,0.4989258861439312,0.0,0.5779985678481918,"POLYGON ((15448126.94 4971944.148, 15451126.94 4971944.148, 15451126.94 4968944.148, 15448126.94 4968944.148, 15448126.94 4971944.148))"
喜山期,1902,15449626.94,4967444.148,0.013508342788259,0.0003556152904824,4,0.0,0.0,False,0.5757250268528464,0.4989258861439312,0.0,0.5526852846401719,"POLYGON ((15448126.94 4968944.148, 15451126.94 4968944.148, 15451126.94 4965944.148, 15448126.94 4965944.148, 15448126.94 4968944.148))"
喜山期,1903,15449626.94,4964444.148,0.0123537212690211,0.0003556152904824,4,0.0,0.0,False,0.5363408521303258,0.4989258861439312,0.0,0.5251163623344074,"POLYGON ((15448126.94 4965944.148, 15451126.94 4965944.148, 15451126.94 4962944.148, 15448126.94 4962944.148, 15448126.94 4965944.148))"
喜山期,1904,15449626.94,4961444.148,0.0110934070970827,0.0003556152904824,4,0.0,0.0,False,0.485141424991049,0.4989258861439312,0.0,0.4892767633369137,"POLYGON ((15448126.94 4962944.148, 15451126.94 4962944.148, 15451126.94 4959944.148, 15448126.94 4959944.148, 15448126.94 4962944.148))"
喜山期,1905,15449626.94,4958444.148,0.0097258558161638,0.0003556152904824,4,0.0,0.0,False,0.4285714285714285,0.4989258861439312,0.0,0.4496777658431793,"POLYGON ((15448126.94 4959944.148, 15451126.94 4959944.148, 15451126.94 4956944.148, 15448126.94 4956944.148, 15448126.94 4959944.148))"
喜山期,1906,15449626.94,4955444.148,0.0082522687785967,0.0003556152904824,4,0.0,0.0,False,0.3623344074471894,0.4989258861439312,0.0,0.403311851056212,"POLYGON ((15448126.94 4956944.148, 15451126.94 4956944.148, 15451126.94 4953944.148, 15448126.94 4953944.148, 15448126.94 4956944.148))"
喜山期,1907,15449626.94,4952444.148,0.006674803243606,0.0003556152904824,4,0.0,0.0,False,0.2925170068027211,0.4989258861439312,0.0,0.3544396706050841,"POLYGON ((15448126.94 4953944.148, 15451126.94 4953944.148, 15451126.94 4950944.148, 15448126.94 4950944.148, 15448126.94 4953944.148))"
喜山期,1908,15449626.94,4949444.148,0.0049934667039712,0.0003556152904824,4,0.0,0.0,False,0.2126745435016111,0.4989258861439312,0.0,0.2985499462943072,"POLYGON ((15448126.94 4950944.148, 15451126.94 4950944.148, 15451126.94 4947944.148, 15448126.94 4947944.148, 15448126.94 4950944.148))"
喜山期,1909,15449626.94,4946444.148,0.0032007496639127,0.0003556152904824,4,0.0,0.0,False,0.1335481561045471,0.4989258861439312,0.0,0.2431614751163623,"POLYGON ((15448126.94 4947944.148, 15451126.94 4947944.148, 15451126.94 4944944.148, 15448126.94 4944944.148, 15448126.94 4947944.148))"
喜山期,1910,15449626.94,4943444.148,0.0012691110557186,0.0003556152904824,3,0.0,0.0,False,0.0529896168993913,0.4989258861439312,0.0,0.1867704976727533,"POLYGON ((15448126.94 4944944.148, 15451126.94 4944944.148, 15451126.94 4941944.148, 15448126.94 4941944.148, 15448126.94 4944944.148))"
喜山期,1911,15452626.94,5087444.148,0.001265162038787,0.0003556152904824,3,0.0,0.0,False,0.0519155030433225,0.4989258861439312,0.0,0.1860186179735052,"POLYGON ((15451126.94 5088944.148, 15454126.94 5088944.148, 15454126.94 5085944.148, 15451126.94 5085944.148, 15451126.94 5088944.148))"
喜山期,1912,15452626.94,5084444.148,0.0031783309143615,0.0003556152904824,4,0.0,0.0,False,0.1321160042964554,0.4989258861439312,0.0,0.2421589688506981,"POLYGON ((15451126.94 5085944.148, 15454126.94 5085944.148, 15454126.94 5082944.148, 15451126.94 5082944.148, 15451126.94 5085944.148))"
喜山期,1913,15452626.94,5081444.148,0.0049433498380277,0.0003556152904824,4,0.0,0.0,False,0.2098102398854278,0.4989258861439312,0.0,0.2965449337629788,"POLYGON ((15451126.94 5082944.148, 15454126.94 5082944.148, 15454126.94 5079944.148, 15451126.94 5079944.148, 15451126.94 5082944.148))"
喜山期,1914,15452626.94,5078444.148,0.0065853631864337,0.0003556152904824,4,0.0,0.0,False,0.288578589330469,0.4989258861439312,0.0,0.3516827783745077,"POLYGON ((15451126.94 5079944.148, 15454126.94 5079944.148, 15454126.94 5076944.148, 15451126.94 5076944.148, 15451126.94 5079944.148))"
喜山期,1915,15452626.94,5075444.148,0.0081098956953105,0.0003556152904824,4,0.0,0.0,False,0.3573218761188686,0.4989258861439312,0.0,0.3998030791263874,"POLYGON ((15451126.94 5076944.148, 15454126.94 5076944.148, 15454126.94 5073944.148, 15451126.94 5073944.148, 15451126.94 5076944.148))"
喜山期,1916,15452626.94,5072444.148,0.0095168482543133,0.0003556152904824,4,0.0,0.0,False,0.4228428213390619,0.4989258861439312,0.0,0.4456677407805227,"POLYGON ((15451126.94 5073944.148, 15454126.94 5073944.148, 15454126.94 5070944.148, 15451126.94 5070944.148, 15451126.94 5073944.148))"
喜山期,1917,15452626.94,5069444.148,0.0108064742764827,0.0003556152904824,4,0.0,0.0,False,0.4776226279985678,0.4989258861439312,0.0,0.4840136054421768,"POLYGON ((15451126.94 5070944.148, 15454126.94 5070944.148, 15454126.94 5067944.148, 15451126.94 5067944.148, 15451126.94 5070944.148))"
喜山期,1918,15452626.94,5066444.148,0.0119822757328347,0.0003556152904824,4,0.0,0.0,False,0.518796992481203,0.4989258861439312,0.0,0.5128356605800215,"POLYGON ((15451126.94 5067944.148, 15454126.94 5067944.148, 15454126.94 5064944.148, 15451126.94 5064944.148, 15451126.94 5067944.148))"
喜山期,1919,15452626.94,5063444.148,0.0130521091040473,0.0003556152904824,4,0.0,0.0,False,0.5610454708199069,0.4989258861439312,0.0,0.5424095954171142,"POLYGON ((15451126.94 5064944.148, 15454126.94 5064944.148, 15454126.94 5061944.148, 15451126.94 5061944.148, 15451126.94 5064944.148))"
喜山期,1920,15452626.94,5060444.148,0.0140282696355111,0.0003556152904824,4,0.0,0.0,False,0.5986394557823129,0.4989258861439312,0.0,0.5687253848907984,"POLYGON ((15451126.94 5061944.148, 15454126.94 5061944.148, 15454126.94 5058944.148, 15451126.94 5058944.148, 15451126.94 5061944.148))"
喜山期,1921,15452626.94,5057444.148,0.0149271445615596,0.0003556152904824,4,0.0,0.0,False,0.6222699606158253,0.4989258861439312,0.0,0.5852667382742571,"POLYGON ((15451126.94 5058944.148, 15454126.94 5058944.148, 15454126.94 5055944.148, 15451126.94 5055944.148, 15451126.94 5058944.148))"
喜山期,1922,15452626.94,5054444.148,0.0157687050970262,0.0003556152904824,4,0.0,0.0,False,0.6523451485857501,0.4989258861439312,0.0,0.6063193698532043,"POLYGON ((15451126.94 5055944.148, 15454126.94 5055944.148, 15454126.94 5052944.148, 15451126.94 5052944.148, 15451126.94 5055944.148))"
喜山期,1923,15452626.94,5051444.148,0.0165755871618125,0.0003556152904824,4,0.0,0.0,False,0.6781238811313999,0.4989258861439312,0.0,0.6243644826351593,"POLYGON ((15451126.94 5052944.148, 15454126.94 5052944.148, 15454126.94 5049944.148, 15451126.94 5049944.148, 15451126.94 5052944.148))"
喜山期,1924,15452626.94,5048444.148,0.0173708760424348,0.0003556152904824,4,0.0,0.0,False,0.7042606516290727,0.4989258861439312,0.0,0.6426602219835302,"POLYGON ((15451126.94 5049944.148, 15454126.94 5049944.148, 15454126.94 5046944.148, 15451126.94 5046944.148, 15451126.94 5049944.148))"
喜山期,1925,15452626.94,5045444.148,0.018173211866651,0.0003556152904824,4,0.0,0.0,False,0.7296813462226996,0.4989258861439312,0.0,0.6604547081990692,"POLYGON ((15451126.94 5046944.148, 15454126.94 5046944.148, 15454126.94 5043944.148, 15451126.94 5043944.148, 15451126.94 5046944.148))"
喜山期,1926,15452626.94,5042444.148,0.0189880031181016,0.0003556152904824,4,0.0,0.0,False,0.753311851056212,0.4989258861439312,0.0,0.6769960615825278,"POLYGON ((15451126.94 5043944.148, 15454126.94 5043944.148, 15454126.94 5040944.148, 15451126.94 5040944.148, 15451126.94 5043944.148))"
喜山期,1927,15452626.94,5039444.148,0.0197951461420125,0.0003556152904824,4,0.0,0.0,False,0.7812388113139993,0.4989258861439312,0.0,0.6965449337629789,"POLYGON ((15451126.94 5040944.148, 15454126.94 5040944.148, 15454126.94 5037944.148, 15451126.94 5037944.148, 15451126.94 5040944.148))"
喜山期,1928,15452626.94,5036444.148,0.0205371939145825,0.0003556152904824,4,0.0,1.0,True,0.8059434300035804,0.4989258861439312,0.0,0.7138381668456856,"POLYGON ((15451126.94 5037944.148, 15454126.94 5037944.148, 15454126.94 5034944.148, 15451126.94 5034944.148, 15451126.94 5037944.148))"
喜山期,1929,15452626.94,5033444.148,0.0211164717121745,0.0003556152904824,4,0.0,1.0,True,0.8299319727891157,0.4989258861439312,0.0,0.7306301467955603,"POLYGON ((15451126.94 5034944.148, 15454126.94 5034944.148, 15454126.94 5031944.148, 15451126.94 5031944.148, 15451126.94 5034944.148))"
喜山期,1930,15452626.94,5030444.148,0.0214116594065943,0.0003556152904824,4,0.0,1.0,True,0.8413891872538489,0.4989258861439312,0.0,0.7386501969208736,"POLYGON ((15451126.94 5031944.148, 15454126.94 5031944.148, 15454126.94 5028944.148, 15451126.94 5028944.148, 15451126.94 5031944.148))"
喜山期,1931,15452626.94,5027444.148,0.0213182083171112,0.0003556152904824,4,0.0,1.0,True,0.8360186179735052,0.4989258861439312,0.0,0.734890798424633,"POLYGON ((15451126.94 5028944.148, 15454126.94 5028944.148, 15454126.94 5025944.148, 15451126.94 5025944.148, 15451126.94 5028944.148))"
喜山期,1932,15452626.94,5024444.148,0.0207992902793275,0.0003556152904824,4,0.0,1.0,True,0.8184747583243824,0.4989258861439312,0.0,0.722610096670247,"POLYGON ((15451126.94 5025944.148, 15454126.94 5025944.148, 15454126.94 5022944.148, 15451126.94 5022944.148, 15451126.94 5025944.148))"
喜山期,1933,15452626.94,5021444.148,0.0215625946093741,0.0003556152904824,4,0.0,1.0,True,0.8471177944862155,0.4989258861439312,0.0,0.7426602219835302,"POLYGON ((15451126.94 5022944.148, 15454126.94 5022944.148, 15454126.94 5019944.148, 15451126.94 5019944.148, 15451126.94 5022944.148))"
喜山期,1934,15452626.94,5018444.148,0.0168164798160836,0.0003556152904824,4,0.0,0.0,False,0.6860007160759041,0.4989258861439312,0.0,0.6298782670963121,"POLYGON ((15451126.94 5019944.148, 15454126.94 5019944.148, 15454126.94 5016944.148, 15451126.94 5016944.148, 15451126.94 5019944.148))"
喜山期,1935,15452626.94,5015444.148,0.0212393753290787,0.0003556152904824,4,0.0,1.0,True,0.8335123523093448,0.4989258861439312,0.0,0.7331364124597207,"POLYGON ((15451126.94 5016944.148, 15454126.94 5016944.148, 15454126.94 5013944.148, 15451126.94 5013944.148, 15451126.94 5016944.148))"
喜山期,1936,15452626.94,5012444.148,0.0204084229471141,0.0003556152904824,4,0.0,1.0,True,0.8005728607232366,0.4989258861439312,0.0,0.7100787683494449,"POLYGON ((15451126.94 5013944.148, 15454126.94 5013944.148, 15454126.94 5010944.148, 15451126.94 5010944.148, 15451126.94 5013944.148))"
喜山期,1937,15452626.94,5009444.148,0.0210788279285303,0.0003556152904824,4,0.0,1.0,True,0.828499820981024,0.4989258861439312,0.0,0.7296276405298961,"POLYGON ((15451126.94 5010944.148, 15454126.94 5010944.148, 15454126.94 5007944.148, 15451126.94 5007944.148, 15451126.94 5010944.148))"
喜山期,1938,15452626.94,5006444.148,0.0213915033981744,0.0003556152904824,4,0.0,1.0,True,0.8403150733977801,0.4989258861439312,0.0,0.7378983172216255,"POLYGON ((15451126.94 5007944.148, 15454126.94 5007944.148, 15454126.94 5004944.148, 15451126.94 5004944.148, 15451126.94 5007944.148))"
喜山期,1939,15452626.94,5003444.148,0.0213506228406195,0.0003556152904824,4,0.0,1.0,True,0.8378088077336198,0.4989258861439312,0.0,0.7361439312567132,"POLYGON ((15451126.94 5004944.148, 15454126.94 5004944.148, 15454126.94 5001944.148, 15451126.94 5001944.148, 15451126.94 5004944.148))"
喜山期,1940,15452626.94,5000444.148,0.0210227977267352,0.0003556152904824,4,0.0,1.0,True,0.8259935553168636,0.4989258861439312,0.0,0.7278732545649839,"POLYGON ((15451126.94 5001944.148, 15454126.94 5001944.148, 15454126.94 4998944.148, 15451126.94 4998944.148, 15451126.94 5001944.148))"
喜山期,1941,15452626.94,4997444.148,0.0205032128848243,0.0003556152904824,4,0.0,1.0,True,0.8041532402434658,0.4989258861439312,0.0,0.7125850340136054,"POLYGON ((15451126.94 4998944.148, 15454126.94 4998944.148, 15454126.94 4995944.148, 15451126.94 4995944.148, 15451126.94 4998944.148))"
喜山期,1942,15452626.94,4994444.148,0.019881085645355,0.0003556152904824,4,0.0,0.0,False,0.7841031149301826,0.4989258861439312,0.0,0.6985499462943071,"POLYGON ((15451126.94 4995944.148, 15454126.94 4995944.148, 15454126.94 4992944.148, 15451126.94 4992944.148, 15451126.94 4995944.148))"
喜山期,1943,15452626.94,4991444.148,0.0192194089486175,0.0003556152904824,4,0.0,0.0,False,0.7619047619047619,0.4989258861439312,0.0,0.6830110991765126,"POLYGON ((15451126.94 4992944.148, 15454126.94 4992944.148, 15454126.94 4989944.148, 15451126.94 4989944.148, 15451126.94 4992944.148))"
喜山期,1944,15452626.94,4988444.148,0.0185505508281713,0.0003556152904824,4,0.0,0.0,False,0.7400644468313641,0.4989258861439312,0.0,0.6677228786251342,"POLYGON ((15451126.94 4989944.148, 15454126.94 4989944.148, 15454126.94 4986944.148, 15451126.94 4986944.148, 15451126.94 4989944.148))"
喜山期,1945,15452626.94,4985444.148,0.0178819600252369,0.0003556152904824,4,0.0,0.0,False,0.7185821697099892,0.4989258861439312,0.0,0.6526852846401718,"POLYGON ((15451126.94 4986944.148, 15454126.94 4986944.148, 15454126.94 4983944.148, 15451126.94 4983944.148, 15451126.94 4986944.148))"
喜山期,1946,15452626.94,4982444.148,0.0172052416589416,0.0003556152904824,4,0.0,0.0,False,0.6992481203007519,0.4989258861439312,0.0,0.6391514500537057,"POLYGON ((15451126.94 4983944.148, 15454126.94 4983944.148, 15454126.94 4980944.148, 15451126.94 4980944.148, 15451126.94 4983944.148))"
喜山期,1947,15452626.94,4979444.148,0.0165041968666407,0.0003556152904824,4,0.0,0.0,False,0.6752595775152166,0.4989258861439312,0.0,0.622359470103831,"POLYGON ((15451126.94 4980944.148, 15454126.94 4980944.148, 15454126.94 4977944.148, 15451126.94 4977944.148, 15451126.94 4980944.148))"
喜山期,1948,15452626.94,4976444.148,0.0157601951363631,0.0003556152904824,4,0.0,0.0,False,0.6519871106337272,0.4989258861439312,0.0,0.6060687432867884,"POLYGON ((15451126.94 4977944.148, 15454126.94 4977944.148, 15454126.94 4974944.148, 15451126.94 4974944.148, 15451126.94 4977944.148))"
喜山期,1949,15452626.94,4973444.148,0.014955070362344,0.0003556152904824,4,0.0,0.0,False,0.6237021124239169,0.4989258861439312,0.0,0.5862692445399211,"POLYGON ((15451126.94 4974944.148, 15454126.94 4974944.148, 15454126.94 4971944.148, 15451126.94 4971944.148, 15451126.94 4974944.148))"
喜山期,1950,15452626.94,4970444.148,0.0140724407610446,0.0003556152904824,4,0.0,0.0,False,0.6000716075904046,0.4989258861439312,0.0,0.5697278911564625,"POLYGON ((15451126.94 4971944.148, 15454126.94 4971944.148, 15454126.94 4968944.148, 15451126.94 4968944.148, 15451126.94 4971944.148))"
喜山期,1951,15452626.94,4967444.148,0.0130983310886093,0.0003556152904824,4,0.0,0.0,False,0.5621195846759757,0.4989258861439312,0.0,0.5431614751163623,"POLYGON ((15451126.94 4968944.148, 15454126.94 4968944.148, 15454126.94 4965944.148, 15451126.94 4965944.148, 15451126.94 4968944.148))"
喜山期,1952,15452626.94,4964444.148,0.0120216396208007,0.0003556152904824,4,0.0,0.0,False,0.5213032581453634,0.4989258861439312,0.0,0.5145900465449338,"POLYGON ((15451126.94 4965944.148, 15454126.94 4965944.148, 15454126.94 4962944.148, 15451126.94 4962944.148, 15451126.94 4965944.148))"
喜山期,1953,15452626.94,4961444.148,0.0108346020099259,0.0003556152904824,4,0.0,0.0,False,0.4786967418546365,0.4989258861439312,0.0,0.484765485141425,"POLYGON ((15451126.94 4962944.148, 15454126.94 4962944.148, 15454126.94 4959944.148, 15451126.94 4959944.148, 15451126.94 4962944.148))"
喜山期,1954,15452626.94,4958444.148,0.009533077039198,0.0003556152904824,4,0.0,0.0,False,0.4239169351951307,0.4989258861439312,0.0,0.4464196204797708,"POLYGON ((15451126.94 4959944.148, 15454126.94 4959944.148, 15454126.94 4956944.148, 15451126.94 4956944.148, 15451126.94 4959944.148))"
喜山期,1955,15452626.94,4955444.148,0.0081162627550978,0.0003556152904824,4,0.0,0.0,False,0.3580379520229144,0.4989258861439312,0.0,0.4003043322592194,"POLYGON ((15451126.94 4956944.148, 15454126.94 4956944.148, 15454126.94 4953944.148, 15451126.94 4953944.148, 15451126.94 4956944.148))"
喜山期,1956,15452626.94,4952444.148,0.006585354795868,0.0003556152904824,4,0.0,0.0,False,0.2882205513784461,0.4989258861439312,0.0,0.3514321518080916,"POLYGON ((15451126.94 4953944.148, 15454126.94 4953944.148, 15454126.94 4950944.148, 15451126.94 4950944.148, 15451126.94 4953944.148))"
喜山期,1957,15452626.94,4949444.148,0.0049405868377283,0.0003556152904824,4,0.0,0.0,False,0.2094522019334049,0.4989258861439312,0.0,0.2962943071965628,"POLYGON ((15451126.94 4950944.148, 15454126.94 4950944.148, 15454126.94 4947944.148, 15451126.94 4947944.148, 15451126.94 4950944.148))"
喜山期,1958,15452626.94,4946444.148,0.0031755265968779,0.0003556152904824,4,0.0,0.0,False,0.1313999283924096,0.4989258861439312,0.0,0.2416577157178661,"POLYGON ((15451126.94 4947944.148, 15454126.94 4947944.148, 15454126.94 4944944.148, 15451126.94 4944944.148, 15451126.94 4947944.148))"
喜山期,1959,15452626.94,4943444.148,0.0012636669421507,0.0003556152904824,3,0.0,0.0,False,0.0515574650912996,0.4989258861439312,0.0,0.1857679914070891,"POLYGON ((15451126.94 4944944.148, 15454126.94 4944944.148, 15454126.94 4941944.148, 15451126.94 4941944.148, 15451126.94 4944944.148))"
喜山期,1960,15455626.94,5087444.148,0.0012580193734314,0.0003556152904824,3,0.0,0.0,False,0.050125313283208,0.4989258861439312,0.0,0.184765485141425,"POLYGON ((15454126.94 5088944.148, 15457126.94 5088944.148, 15457126.94 5085944.148, 15454126.94 5085944.148, 15454126.94 5088944.148))"
喜山期,1961,15455626.94,5084444.148,0.00314701428543,0.0003556152904824,4,0.0,0.0,False,0.1303258145363408,0.4989258861439312,0.0,0.2409058360186179,"POLYGON ((15454126.94 5085944.148, 15457126.94 5085944.148, 15457126.94 5082944.148, 15454126.94 5082944.148, 15454126.94 5085944.148))"
喜山期,1962,15455626.94,5081444.148,0.0048770566943826,0.0003556152904824,4,0.0,0.0,False,0.2062298603651987,0.4989258861439312,0.0,0.2940386680988185,"POLYGON ((15454126.94 5082944.148, 15457126.94 5082944.148, 15457126.94 5079944.148, 15454126.94 5079944.148, 15454126.94 5082944.148))"
喜山期,1963,15455626.94,5078444.148,0.0064719591597267,0.0003556152904824,4,0.0,0.0,False,0.284640171858217,0.4989258861439312,0.0,0.3489258861439313,"POLYGON ((15454126.94 5079944.148, 15457126.94 5079944.148, 15457126.94 5076944.148, 15454126.94 5076944.148, 15454126.94 5079944.148))"
喜山期,1964,15455626.94,5075444.148,0.0079367958070499,0.0003556152904824,4,0.0,0.0,False,0.3498030791263874,0.4989258861439312,0.0,0.3945399212316505,"POLYGON ((15454126.94 5076944.148, 15457126.94 5076944.148, 15457126.94 5073944.148, 15454126.94 5073944.148, 15454126.94 5076944.148))"
喜山期,1965,15455626.94,5072444.148,0.0092726226898605,0.0003556152904824,4,0.0,0.0,False,0.4149659863945578,0.4989258861439312,0.0,0.4401539563193698,"POLYGON ((15454126.94 5073944.148, 15457126.94 5073944.148, 15457126.94 5070944.148, 15454126.94 5070944.148, 15454126.94 5073944.148))"
喜山期,1966,15455626.94,5069444.148,0.0104822550423579,0.0003556152904824,4,0.0,0.0,False,0.4640171858216971,0.4989258861439312,0.0,0.4744897959183673,"POLYGON ((15454126.94 5070944.148, 15457126.94 5070944.148, 15457126.94 5067944.148, 15454126.94 5067944.148, 15454126.94 5070944.148))"
喜山期,1967,15455626.94,5066444.148,0.0115724725364086,0.0003556152904824,4,0.0,0.0,False,0.5044754744002864,0.4989258861439312,0.0,0.5028105979233799,"POLYGON ((15454126.94 5067944.148, 15457126.94 5067944.148, 15457126.94 5064944.148, 15454126.94 5064944.148, 15454126.94 5067944.148))"
喜山期,1968,15455626.94,5063444.148,0.0125543695172593,0.0003556152904824,4,0.0,0.0,False,0.54421768707483,0.4989258861439312,0.0,0.5306301467955603,"POLYGON ((15454126.94 5064944.148, 15457126.94 5064944.148, 15457126.94 5061944.148, 15454126.94 5061944.148, 15454126.94 5064944.148))"
喜山期,1969,15455626.94,5060444.148,0.013442919500353,0.0003556152904824,4,0.0,0.0,False,0.572860723236663,0.4989258861439312,0.0,0.5506802721088435,"POLYGON ((15454126.94 5061944.148, 15457126.94 5061944.148, 15457126.94 5058944.148, 15454126.94 5058944.148, 15454126.94 5061944.148))"
喜山期,1970,15455626.94,5057444.148,0.0142564950820799,0.0003556152904824,4,0.0,0.0,False,0.6047261009667024,0.4989258861439312,0.0,0.5729860365198711,"POLYGON ((15454126.94 5058944.148, 15457126.94 5058944.148, 15457126.94 5055944.148, 15454126.94 5055944.148, 15454126.94 5058944.148))"
喜山期,1971,15455626.94,5054444.148,0.0150166895897096,0.0003556152904824,4,0.0,0.0,False,0.6279985678481919,0.4989258861439312,0.0,0.5892767633369136,"POLYGON ((15454126.94 5055944.148, 15457126.94 5055944.148, 15457126.94 5052944.148, 15454126.94 5052944.148, 15454126.94 5055944.148))"
喜山期,1972,15455626.94,5051444.148,0.015748274431997,0.0003556152904824,4,0.0,0.0,False,0.6516290726817042,0.4989258861439312,0.0,0.6058181167203722,"POLYGON ((15454126.94 5052944.148, 15457126.94 5052944.148, 15457126.94 5049944.148, 15454126.94 5049944.148, 15454126.94 5052944.148))"
喜山期,1973,15455626.94,5048444.148,0.016478469585971,0.0003556152904824,4,0.0,0.0,False,0.6745435016111708,0.4989258861439312,0.0,0.621858216970999,"POLYGON ((15454126.94 5049944.148, 15457126.94 5049944.148, 15457126.94 5046944.148, 15454126.94 5046944.148, 15454126.94 5049944.148))"
喜山期,1974,15455626.94,5045444.148,0.0172339480382294,0.0003556152904824,4,0.0,0.0,False,0.7010383100608665,0.4989258861439312,0.0,0.6404045828857858,"POLYGON ((15454126.94 5046944.148, 15457126.94 5046944.148, 15457126.94 5043944.148, 15454126.94 5043944.148, 15454126.94 5046944.148))"
喜山期,1975,15455626.94,5042444.148,0.0180334703267089,0.0003556152904824,4,0.0,0.0,False,0.7232366630862872,0.4989258861439312,0.0,0.6559434300035804,"POLYGON ((15454126.94 5043944.148, 15457126.94 5043944.148, 15457126.94 5040944.148, 15454126.94 5040944.148, 15454126.94 5043944.148))"
喜山期,1976,15455626.94,5039444.148,0.018874604436978,0.0003556152904824,4,0.0,0.0,False,0.749015395631937,0.4989258861439312,0.0,0.6739885427855352,"POLYGON ((15454126.94 5040944.148, 15457126.94 5040944.148, 15457126.94 5037944.148, 15454126.94 5037944.148, 15454126.94 5040944.148))"
喜山期,1977,15455626.94,5036444.148,0.0197159008303802,0.0003556152904824,4,0.0,0.0,False,0.778374507697816,0.4989258861439312,0.0,0.6945399212316505,"POLYGON ((15454126.94 5037944.148, 15457126.94 5037944.148, 15457126.94 5034944.148, 15454126.94 5034944.148, 15454126.94 5037944.148))"
喜山期,1978,15455626.94,5033444.148,0.0204618824972066,0.0003556152904824,4,0.0,1.0,True,0.80343716433942,0.4989258861439312,0.0,0.7120837808807734,"POLYGON ((15454126.94 5034944.148, 15457126.94 5034944.148, 15457126.94 5031944.148, 15454126.94 5031944.148, 15454126.94 5034944.148))"
喜山期,1979,15455626.94,5030444.148,0.0209653145843343,0.0003556152904824,4,0.0,1.0,True,0.8227712137486574,0.4989258861439312,0.0,0.7256176154672395,"POLYGON ((15454126.94 5031944.148, 15457126.94 5031944.148, 15457126.94 5028944.148, 15454126.94 5028944.148, 15454126.94 5031944.148))"
喜山期,1980,15455626.94,5027444.148,0.0210625816600176,0.0003556152904824,4,0.0,1.0,True,0.8281417830290011,0.4989258861439312,0.0,0.7293770139634801,"POLYGON ((15454126.94 5028944.148, 15457126.94 5028944.148, 15457126.94 5025944.148, 15454126.94 5025944.148, 15454126.94 5028944.148))"
喜山期,1981,15455626.94,5024444.148,0.0206431286193,0.0003556152904824,4,0.0,1.0,True,0.8113139992839241,0.4989258861439312,0.0,0.7175975653419262,"POLYGON ((15454126.94 5025944.148, 15457126.94 5025944.148, 15457126.94 5022944.148, 15454126.94 5022944.148, 15454126.94 5025944.148))"
喜山期,1982,15455626.94,5021444.148,0.0214109333778278,0.0003556152904824,4,0.0,1.0,True,0.841031149301826,0.4989258861439312,0.0,0.7383995703544576,"POLYGON ((15454126.94 5022944.148, 15457126.94 5022944.148, 15457126.94 5019944.148, 15454126.94 5019944.148, 15454126.94 5022944.148))"
喜山期,1983,15455626.94,5018444.148,0.0158040628980858,0.0003556152904824,4,0.0,0.0,False,0.6530612244897959,0.4989258861439312,0.0,0.6068206229860365,"POLYGON ((15454126.94 5019944.148, 15457126.94 5019944.148, 15457126.94 5016944.148, 15454126.94 5016944.148, 15454126.94 5019944.148))"
喜山期,1984,15455626.94,5015444.148,0.0210254126606858,0.0003556152904824,4,0.0,1.0,True,0.8267096312209095,0.4989258861439312,0.0,0.728374507697816,"POLYGON ((15454126.94 5016944.148, 15457126.94 5016944.148, 15457126.94 5013944.148, 15454126.94 5013944.148, 15454126.94 5016944.148))"
喜山期,1985,15455626.94,5012444.148,0.0202042359540838,0.0003556152904824,4,0.0,0.0,False,0.7926960257787325,0.4989258861439312,0.0,0.7045649838882921,"POLYGON ((15454126.94 5013944.148, 15457126.94 5013944.148, 15457126.94 5010944.148, 15454126.94 5010944.148, 15454126.94 5013944.148))"
喜山期,1986,15455626.94,5009444.148,0.0208114835609289,0.0003556152904824,4,0.0,1.0,True,0.8188327962764053,0.4989258861439312,0.0,0.7228607232366631,"POLYGON ((15454126.94 5010944.148, 15457126.94 5010944.148, 15457126.94 5007944.148, 15454126.94 5007944.148, 15454126.94 5010944.148))"
喜山期,1987,15455626.94,5006444.148,0.0209677659913219,0.0003556152904824,4,0.0,1.0,True,0.8234872896527032,0.4989258861439312,0.0,0.7261188686000716,"POLYGON ((15454126.94 5007944.148, 15457126.94 5007944.148, 15457126.94 5004944.148, 15454126.94 5004944.148, 15454126.94 5007944.148))"
喜山期,1988,15455626.94,5003444.148,0.0207343291586509,0.0003556152904824,4,0.0,1.0,True,0.8163265306122449,0.4989258861439312,0.0,0.7211063372717508,"POLYGON ((15454126.94 5004944.148, 15457126.94 5004944.148, 15457126.94 5001944.148, 15454126.94 5001944.148, 15454126.94 5004944.148))"
喜山期,1989,15455626.94,5000444.148,0.020232917034392,0.0003556152904824,4,0.0,0.0,False,0.7948442534908701,0.4989258861439312,0.0,0.7060687432867884,"POLYGON ((15454126.94 5001944.148, 15457126.94 5001944.148, 15457126.94 4998944.148, 15454126.94 4998944.148, 15454126.94 5001944.148))"
喜山期,1990,15455626.94,4997444.148,0.0195910619189609,0.0003556152904824,4,0.0,0.0,False,0.7755102040816326,0.4989258861439312,0.0,0.6925349087003222,"POLYGON ((15454126.94 4998944.148, 15457126.94 4998944.148, 15457126.94 4995944.148, 15454126.94 4995944.148, 15454126.94 4998944.148))"
喜山期,1991,15455626.94,4994444.148,0.0189054284557705,0.0003556152904824,4,0.0,0.0,False,0.7511636233440745,0.4989258861439312,0.0,0.6754923021840314,"POLYGON ((15454126.94 4995944.148, 15457126.94 4995944.148, 15457126.94 4992944.148, 15454126.94 4992944.148, 15454126.94 4995944.148))"
喜山期,1992,15455626.94,4991444.148,0.0182303921417836,0.0003556152904824,4,0.0,0.0,False,0.7325456498388829,0.4989258861439312,0.0,0.6624597207303974,"POLYGON ((15454126.94 4992944.148, 15457126.94 4992944.148, 15457126.94 4989944.148, 15454126.94 4989944.148, 15454126.94 4992944.148))"
喜山期,1993,15455626.94,4988444.148,0.0175840611393784,0.0003556152904824,4,0.0,0.0,False,0.7081990691013247,0.4989258861439312,0.0,0.6454171142141066,"POLYGON ((15454126.94 4989944.148, 15457126.94 4989944.148, 15457126.94 4986944.148, 15454126.94 4986944.148, 15454126.94 4989944.148))"
喜山期,1994,15455626.94,4985444.148,0.0169609030665852,0.0003556152904824,4,0.0,0.0,False,0.6913712853562478,0.4989258861439312,0.0,0.6336376655925529,"POLYGON ((15454126.94 4986944.148, 15457126.94 4986944.148, 15457126.94 4983944.148, 15454126.94 4983944.148, 15454126.94 4986944.148))"
喜山期,1995,15455626.94,4982444.148,0.01634351307521,0.0003556152904824,4,0.0,0.0,False,0.6688148943788041,0.4989258861439312,0.0,0.6178481919083423,"POLYGON ((15454126.94 4983944.148, 15457126.94 4983944.148, 15457126.94 4980944.148, 15454126.94 4980944.148, 15454126.94 4983944.148))"
喜山期,1996,15455626.94,4979444.148,0.0157105379946838,0.0003556152904824,4,0.0,0.0,False,0.6501969208736126,0.4989258861439312,0.0,0.6048156104547082,"POLYGON ((15454126.94 4980944.148, 15457126.94 4980944.148, 15457126.94 4977944.148, 15454126.94 4977944.148, 15454126.94 4980944.148))"
喜山期,1997,15455626.94,4976444.148,0.0150407822022564,0.0003556152904824,4,0.0,0.0,False,0.6294307196562836,0.4989258861439312,0.0,0.5902792696025778,"POLYGON ((15454126.94 4977944.148, 15457126.94 4977944.148, 15457126.94 4974944.148, 15454126.94 4974944.148, 15454126.94 4977944.148))"
喜山期,1998,15455626.94,4973444.148,0.0143147457443132,0.0003556152904824,4,0.0,0.0,False,0.6058002148227712,0.4989258861439312,0.0,0.5737379162191192,"POLYGON ((15454126.94 4974944.148, 15457126.94 4974944.148, 15457126.94 4971944.148, 15454126.94 4971944.148, 15454126.94 4974944.148))"
喜山期,1999,15455626.94,4970444.148,0.0135149221248679,0.0003556152904824,4,0.0,0.0,False,0.5764411027568922,0.4989258861439312,0.0,0.5531865377730039,"POLYGON ((15454126.94 4971944.148, 15457126.94 4971944.148, 15457126.94 4968944.148, 15454126.94 4968944.148, 15454126.94 4971944.148))"
喜山期,2000,15455626.94,4967444.148,0.0126257974298337,0.0003556152904824,4,0.0,0.0,False,0.5485141424991049,0.4989258861439312,0.0,0.5336376655925528,"POLYGON ((15454126.94 4968944.148, 15457126.94 4968944.148, 15457126.94 4965944.148, 15454126.94 4965944.148, 15454126.94 4968944.148))"
喜山期,2001,15455626.94,4964444.148,0.0116340435616715,0.0003556152904824,4,0.0,0.0,False,0.5055495882563552,0.4989258861439312,0.0,0.503562477622628,"POLYGON ((15454126.94 4965944.148, 15457126.94 4965944.148, 15457126.94 4962944.148, 15454126.94 4962944.148, 15454126.94 4965944.148))"
喜山期,2002,15455626.94,4961444.148,0.0105290200532446,0.0003556152904824,4,0.0,0.0,False,0.4675975653419262,0.4989258861439312,0.0,0.4769960615825277,"POLYGON ((15454126.94 4962944.148, 15457126.94 4962944.148, 15457126.94 4959944.148, 15454126.94 4959944.148, 15454126.94 4962944.148))"
喜山期,2003,15455626.94,4958444.148,0.0093033924733168,0.0003556152904824,4,0.0,0.0,False,0.4160401002506265,0.4989258861439312,0.0,0.4409058360186179,"POLYGON ((15454126.94 4959944.148, 15457126.94 4959944.148, 15457126.94 4956944.148, 15454126.94 4956944.148, 15454126.94 4959944.148))"
喜山期,2004,15455626.94,4955444.148,0.0079534220375398,0.0003556152904824,4,0.0,0.0,False,0.3505191550304332,0.4989258861439312,0.0,0.3950411743644826,"POLYGON ((15454126.94 4956944.148, 15457126.94 4956944.148, 15457126.94 4953944.148, 15454126.94 4953944.148, 15454126.94 4956944.148))"
喜山期,2005,15455626.94,4952444.148,0.0064782821351391,0.0003556152904824,4,0.0,0.0,False,0.2853562477622628,0.4989258861439312,0.0,0.3494271392767633,"POLYGON ((15454126.94 4953944.148, 15457126.94 4953944.148, 15457126.94 4950944.148, 15454126.94 4950944.148, 15454126.94 4953944.148))"
喜山期,2006,15455626.94,4949444.148,0.004877567071345,0.0003556152904824,4,0.0,0.0,False,0.2065878983172216,0.4989258861439312,0.0,0.2942892946652345,"POLYGON ((15454126.94 4950944.148, 15457126.94 4950944.148, 15457126.94 4947944.148, 15454126.94 4947944.148, 15454126.94 4950944.148))"
喜山期,2007,15455626.94,4946444.148,0.0031455421888018,0.0003556152904824,4,0.0,0.0,False,0.1299677765843179,0.4989258861439312,0.0,0.2406552094522019,"POLYGON ((15454126.94 4947944.148, 15457126.94 4947944.148, 15457126.94 4944944.148, 15454126.94 4944944.148, 15454126.94 4947944.148))"
喜山期,2008,15455626.94,4943444.148,0.0012568975364102,0.0003556152904824,3,0.0,0.0,False,0.0494092373791621,0.4989258861439312,0.0,0.1842642320085929,"POLYGON ((15454126.94 4944944.148, 15457126.94 4944944.148, 15457126.94 4941944.148, 15454126.94 4941944.148, 15454126.94 4944944.148))"
喜山期,2009,15458626.94,5087444.148,0.0012490035436426,0.0003556152904824,3,0.0,0.0,False,0.0486931614751163,0.4989258861439312,0.0,0.1837629788757608,"POLYGON ((15457126.94 5088944.148, 15460126.94 5088944.148, 15460126.94 5085944.148, 15457126.94 5085944.148, 15457126.94 5088944.148))"
喜山期,2010,15458626.94,5084444.148,0.0031090741001323,0.0003556152904824,4,0.0,0.0,False,0.1274615109201575,0.4989258861439312,0.0,0.2389008234872896,"POLYGON ((15457126.94 5085944.148, 15460126.94 5085944.148, 15460126.94 5082944.148, 15457126.94 5082944.148, 15457126.94 5085944.148))"
喜山期,2011,15458626.94,5081444.148,0.0047966257953645,0.0003556152904824,4,0.0,0.0,False,0.2037235947010383,0.4989258861439312,0.0,0.2922842821339062,"POLYGON ((15457126.94 5082944.148, 15460126.94 5082944.148, 15460126.94 5079944.148, 15457126.94 5079944.148, 15457126.94 5082944.148))"
喜山期,2012,15458626.94,5078444.148,0.0063344377216761,0.0003556152904824,4,0.0,0.0,False,0.280343716433942,0.4989258861439312,0.0,0.3459183673469388,"POLYGON ((15457126.94 5079944.148, 15460126.94 5079944.148, 15460126.94 5076944.148, 15457126.94 5076944.148, 15457126.94 5079944.148))"
喜山期,2013,15458626.94,5075444.148,0.0077282240385404,0.0003556152904824,4,0.0,0.0,False,0.3437164339419978,0.4989258861439312,0.0,0.3902792696025778,"POLYGON ((15457126.94 5076944.148, 15460126.94 5076944.148, 15460126.94 5073944.148, 15457126.94 5073944.148, 15457126.94 5076944.148))"
喜山期,2014,15458626.94,5072444.148,0.0089816320130542,0.0003556152904824,4,0.0,0.0,False,0.4035087719298245,0.4989258861439312,0.0,0.4321339061940565,"POLYGON ((15457126.94 5073944.148, 15460126.94 5073944.148, 15460126.94 5070944.148, 15457126.94 5070944.148, 15457126.94 5073944.148))"
喜山期,2015,15458626.94,5069444.148,0.0101013028692096,0.0003556152904824,4,0.0,0.0,False,0.4482635159326888,0.4989258861439312,0.0,0.4634622269960615,"POLYGON ((15457126.94 5070944.148, 15460126.94 5070944.148, 15460126.94 5067944.148, 15457126.94 5067944.148, 15457126.94 5070944.148))"
喜山期,2016,15458626.94,5066444.148,0.0110980741119563,0.0003556152904824,4,0.0,0.0,False,0.4854994629430719,0.4989258861439312,0.0,0.4895273899033297,"POLYGON ((15457126.94 5067944.148, 15460126.94 5067944.148, 15460126.94 5064944.148, 15457126.94 5064944.148, 15457126.94 5067944.148))"
喜山期,2017,15458626.94,5063444.148,0.0119865148326416,0.0003556152904824,4,0.0,0.0,False,0.519155030433226,0.4989258861439312,0.0,0.5130862871464376,"POLYGON ((15457126.94 5064944.148, 15460126.94 5064944.148, 15460126.94 5061944.148, 15457126.94 5061944.148, 15457126.94 5064944.148))"
喜山期,2018,15458626.94,5060444.148,0.0127840641670601,0.0003556152904824,4,0.0,0.0,False,0.5531686358754028,0.4989258861439312,0.0,0.5368958109559613,"POLYGON ((15457126.94 5061944.148, 15460126.94 5061944.148, 15460126.94 5058944.148, 15457126.94 5058944.148, 15457126.94 5061944.148))"
喜山期,2019,15458626.94,5057444.148,0.0135105262237189,0.0003556152904824,4,0.0,0.0,False,0.5760830648048694,0.4989258861439312,0.0,0.5529359112065879,"POLYGON ((15457126.94 5058944.148, 15460126.94 5058944.148, 15460126.94 5055944.148, 15457126.94 5055944.148, 15457126.94 5058944.148))"
喜山期,2020,15458626.94,5054444.148,0.0141882433233245,0.0003556152904824,4,0.0,0.0,False,0.6029359112065878,0.4989258861439312,0.0,0.5717329036877908,"POLYGON ((15457126.94 5055944.148, 15460126.94 5055944.148, 15460126.94 5052944.148, 15457126.94 5052944.148, 15457126.94 5055944.148))"
喜山期,2021,15458626.94,5051444.148,0.0148428509903191,0.0003556152904824,4,0.0,0.0,False,0.6204797708557107,0.4989258861439312,0.0,0.5840136054421768,"POLYGON ((15457126.94 5052944.148, 15460126.94 5052944.148, 15460126.94 5049944.148, 15457126.94 5049944.148, 15457126.94 5052944.148))"
喜山期,2022,15458626.94,5048444.148,0.0155039853182894,0.0003556152904824,4,0.0,0.0,False,0.6448263515932688,0.4989258861439312,0.0,0.6010562119584675,"POLYGON ((15457126.94 5049944.148, 15460126.94 5049944.148, 15460126.94 5046944.148, 15457126.94 5046944.148, 15457126.94 5049944.148))"
喜山期,2023,15458626.94,5045444.148,0.0162045097224989,0.0003556152904824,4,0.0,0.0,False,0.6663086287146438,0.4989258861439312,0.0,0.61609380594343,"POLYGON ((15457126.94 5046944.148, 15460126.94 5046944.148, 15460126.94 5043944.148, 15457126.94 5043944.148, 15457126.94 5046944.148))"
喜山期,2024,15458626.94,5042444.148,0.01697577765608,0.0003556152904824,4,0.0,0.0,False,0.6917293233082706,0.4989258861439312,0.0,0.6338882921589688,"POLYGON ((15457126.94 5043944.148, 15460126.94 5043944.148, 15460126.94 5040944.148, 15457126.94 5040944.148, 15457126.94 5043944.148))"
喜山期,2025,15458626.94,5039444.148,0.0178357359873683,0.0003556152904824,4,0.0,0.0,False,0.7164339419978518,0.4989258861439312,0.0,0.6511815252416756,"POLYGON ((15457126.94 5040944.148, 15460126.94 5040944.148, 15460126.94 5037944.148, 15457126.94 5037944.148, 15457126.94 5040944.148))"
喜山期,2026,15458626.94,5036444.148,0.0187678383648557,0.0003556152904824,4,0.0,0.0,False,0.7468671679197995,0.4989258861439312,0.0,0.672484783387039,"POLYGON ((15457126.94 5037944.148, 15460126.94 5037944.148, 15460126.94 5034944.148, 15457126.94 5034944.148, 15457126.94 5037944.148))"
喜山期,2027,15458626.94,5033444.148,0.0196940816770093,0.0003556152904824,4,0.0,0.0,False,0.7776584317937701,0.4989258861439312,0.0,0.6940386680988184,"POLYGON ((15457126.94 5034944.148, 15460126.94 5034944.148, 15460126.94 5031944.148, 15457126.94 5031944.148, 15457126.94 5034944.148))"
喜山期,2028,15458626.94,5030444.148,0.0204562066648908,0.0003556152904824,4,0.0,1.0,True,0.8030791263873971,0.4989258861439312,0.0,0.7118331543143573,"POLYGON ((15457126.94 5031944.148, 15460126.94 5031944.148, 15460126.94 5028944.148, 15457126.94 5028944.148, 15457126.94 5031944.148))"
喜山期,2029,15458626.94,5027444.148,0.0208309818590786,0.0003556152904824,4,0.0,1.0,True,0.8191908342284282,0.4989258861439312,0.0,0.7231113498030791,"POLYGON ((15457126.94 5028944.148, 15460126.94 5028944.148, 15460126.94 5025944.148, 15457126.94 5025944.148, 15457126.94 5028944.148))"
喜山期,2030,15458626.94,5024444.148,0.0206039685696443,0.0003556152904824,4,0.0,1.0,True,0.8102398854278553,0.4989258861439312,0.0,0.716845685642678,"POLYGON ((15457126.94 5025944.148, 15460126.94 5025944.148, 15460126.94 5022944.148, 15457126.94 5022944.148, 15457126.94 5025944.148))"
喜山期,2031,15458626.94,5021444.148,0.0214233862429982,0.0003556152904824,4,0.0,1.0,True,0.8424633011099176,0.4989258861439312,0.0,0.7394020766201217,"POLYGON ((15457126.94 5022944.148, 15460126.94 5022944.148, 15460126.94 5019944.148, 15457126.94 5019944.148, 15457126.94 5022944.148))"
喜山期,2032,15458626.94,5018444.148,0.0147391748023956,0.0003556152904824,4,0.0,0.0,False,0.6172574292875045,0.4989258861439312,0.0,0.5817579663444326,"POLYGON ((15457126.94 5019944.148, 15460126.94 5019944.148, 15460126.94 5016944.148, 15457126.94 5016944.148, 15457126.94 5019944.148))"
喜山期,2033,15458626.94,5015444.148,0.0209674296035331,0.0003556152904824,4,0.0,1.0,True,0.8231292517006803,0.4989258861439312,0.0,0.7258682420336555,"POLYGON ((15457126.94 5016944.148, 15460126.94 5016944.148, 15460126.94 5013944.148, 15457126.94 5013944.148, 15457126.94 5016944.148))"
喜山期,2034,15458626.94,5012444.148,0.020125164319457,0.0003556152904824,4,0.0,0.0,False,0.7912638739706409,0.4989258861439312,0.0,0.703562477622628,"POLYGON ((15457126.94 5013944.148, 15460126.94 5013944.148, 15460126.94 5010944.148, 15457126.94 5010944.148, 15457126.94 5013944.148))"
喜山期,2035,15458626.94,5009444.148,0.0205900056479687,0.0003556152904824,4,0.0,1.0,True,0.8088077336197637,0.4989258861439312,0.0,0.7158431793770139,"POLYGON ((15457126.94 5010944.148, 15460126.94 5010944.148, 15460126.94 5007944.148, 15457126.94 5007944.148, 15457126.94 5010944.148))"
喜山期,2036,15458626.94,5006444.148,0.0205054024387493,0.0003556152904824,4,0.0,1.0,True,0.8045112781954887,0.4989258861439312,0.0,0.7128356605800215,"POLYGON ((15457126.94 5007944.148, 15460126.94 5007944.148, 15460126.94 5004944.148, 15457126.94 5004944.148, 15457126.94 5007944.148))"
喜山期,2037,15458626.94,5003444.148,0.020021505686405,0.0003556152904824,4,0.0,0.0,False,0.7876834944504117,0.4989258861439312,0.0,0.7010562119584676,"POLYGON ((15457126.94 5004944.148, 15460126.94 5004944.148, 15460126.94 5001944.148, 15457126.94 5001944.148, 15457126.94 5004944.148))"
喜山期,2038,15458626.94,5000444.148,0.019322810450214,0.0003556152904824,4,0.0,0.0,False,0.7644110275689223,0.4989258861439312,0.0,0.684765485141425,"POLYGON ((15457126.94 5001944.148, 15460126.94 5001944.148, 15460126.94 4998944.148, 15457126.94 4998944.148, 15457126.94 5001944.148))"
喜山期,2039,15458626.94,4997444.148,0.0185599047559073,0.0003556152904824,4,0.0,0.0,False,0.74078052273541,0.4989258861439312,0.0,0.6682241317579664,"POLYGON ((15457126.94 4998944.148, 15460126.94 4998944.148, 15460126.94 4995944.148, 15457126.94 4995944.148, 15457126.94 4998944.148))"
喜山期,2040,15458626.94,4994444.148,0.0178232086097819,0.0003556152904824,4,0.0,0.0,False,0.7160759040458289,0.4989258861439312,0.0,0.6509308986752596,"POLYGON ((15457126.94 4995944.148, 15460126.94 4995944.148, 15460126.94 4992944.148, 15457126.94 4992944.148, 15457126.94 4995944.148))"
喜山期,2041,15458626.94,4991444.148,0.0171483152453068,0.0003556152904824,4,0.0,0.0,False,0.6978159684926603,0.4989258861439312,0.0,0.6381489437880415,"POLYGON ((15457126.94 4992944.148, 15460126.94 4992944.148, 15460126.94 4989944.148, 15457126.94 4989944.148, 15457126.94 4992944.148))"
喜山期,2042,15458626.94,4988444.148,0.0165343478782032,0.0003556152904824,4,0.0,0.0,False,0.6766917293233082,0.4989258861439312,0.0,0.6233619763694951,"POLYGON ((15457126.94 4989944.148, 15460126.94 4989944.148, 15460126.94 4986944.148, 15457126.94 4986944.148, 15457126.94 4989944.148))"
喜山期,2043,15458626.94,4985444.148,0.0159620510153736,0.0003556152904824,4,0.0,0.0,False,0.6595059076262084,0.4989258861439312,0.0,0.6113319011815253,"POLYGON ((15457126.94 4986944.148, 15460126.94 4986944.148, 15460126.94 4983944.148, 15457126.94 4983944.148, 15457126.94 4986944.148))"
喜山期,2044,15458626.94,4982444.148,0.0154061355357313,0.0003556152904824,4,0.0,0.0,False,0.644468313641246,0.4989258861439312,0.0,0.6008055853920515,"POLYGON ((15457126.94 4983944.148, 15460126.94 4983944.148, 15460126.94 4980944.148, 15457126.94 4980944.148, 15457126.94 4983944.148))"
喜山期,2045,15458626.94,4979444.148,0.0148416309415384,0.0003556152904824,4,0.0,0.0,False,0.6201217329036878,0.4989258861439312,0.0,0.5837629788757608,"POLYGON ((15457126.94 4980944.148, 15460126.94 4980944.148, 15460126.94 4977944.148, 15457126.94 4977944.148, 15457126.94 4980944.148))"
喜山期,2046,15458626.94,4976444.148,0.0142460968400014,0.0003556152904824,4,0.0,0.0,False,0.6043680630146796,0.4989258861439312,0.0,0.5727354099534551,"POLYGON ((15457126.94 4977944.148, 15460126.94 4977944.148, 15460126.94 4974944.148, 15457126.94 4974944.148, 15457126.94 4977944.148))"
喜山期,2047,15458626.94,4973444.148,0.0135996951646193,0.0003556152904824,4,0.0,0.0,False,0.5793054063730756,0.4989258861439312,0.0,0.5551915503043323,"POLYGON ((15457126.94 4974944.148, 15460126.94 4974944.148, 15460126.94 4971944.148, 15457126.94 4971944.148, 15457126.94 4974944.148))"
喜山期,2048,15458626.94,4970444.148,0.0128845446943998,0.0003556152904824,4,0.0,0.0,False,0.5567490153956319,0.4989258861439312,0.0,0.5394020766201217,"POLYGON ((15457126.94 4971944.148, 15460126.94 4971944.148, 15460126.94 4968944.148, 15457126.94 4968944.148, 15457126.94 4971944.148))"
喜山期,2049,15458626.94,4967444.148,0.0120841613332424,0.0003556152904824,4,0.0,0.0,False,0.5255997135696384,0.4989258861439312,0.0,0.5175975653419262,"POLYGON ((15457126.94 4968944.148, 15460126.94 4968944.148, 15460126.94 4965944.148, 15457126.94 4965944.148, 15457126.94 4968944.148))"
喜山期,2050,15458626.94,4964444.148,0.0111833516716196,0.0003556152904824,4,0.0,0.0,False,0.4876476906552094,0.4989258861439312,0.0,0.491031149301826,"POLYGON ((15457126.94 4965944.148, 15460126.94 4965944.148, 15460126.94 4962944.148, 15457126.94 4962944.148, 15457126.94 4965944.148))"
喜山期,2051,15458626.94,4961444.148,0.0101686440710983,0.0003556152904824,4,0.0,0.0,False,0.4507697815968493,0.4989258861439312,0.0,0.4652166129609738,"POLYGON ((15457126.94 4962944.148, 15460126.94 4962944.148, 15460126.94 4959944.148, 15457126.94 4959944.148, 15457126.94 4962944.148))"
喜山期,2052,15458626.94,4958444.148,0.0090291104048205,0.0003556152904824,4,0.0,0.0,False,0.4049409237379162,0.4989258861439312,0.0,0.4331364124597207,"POLYGON ((15457126.94 4959944.148, 15460126.94 4959944.148, 15460126.94 4956944.148, 15457126.94 4956944.148, 15457126.94 4959944.148))"
喜山期,2053,15458626.94,4955444.148,0.0077571777472603,0.0003556152904824,4,0.0,0.0,False,0.3447905477980666,0.4989258861439312,0.0,0.391031149301826,"POLYGON ((15457126.94 4956944.148, 15460126.94 4956944.148, 15460126.94 4953944.148, 15457126.94 4953944.148, 15457126.94 4956944.148))"
喜山期,2054,15458626.94,4952444.148,0.0063487305027888,0.0003556152904824,4,0.0,0.0,False,0.2810597923379878,0.4989258861439312,0.0,0.3464196204797708,"POLYGON ((15457126.94 4953944.148, 15460126.94 4953944.148, 15460126.94 4950944.148, 15457126.94 4950944.148, 15457126.94 4953944.148))"
喜山期,2055,15458626.94,4949444.148,0.0048014315529541,0.0003556152904824,4,0.0,0.0,False,0.2044396706050841,0.4989258861439312,0.0,0.2927855352667382,"POLYGON ((15457126.94 4950944.148, 15460126.94 4950944.148, 15460126.94 4947944.148, 15457126.94 4947944.148, 15457126.94 4950944.148))"
喜山期,2056,15458626.94,4946444.148,0.0031093854550718,0.0003556152904824,4,0.0,0.0,False,0.1278195488721804,0.4989258861439312,0.0,0.2391514500537057,"POLYGON ((15457126.94 4947944.148, 15460126.94 4947944.148, 15460126.94 4944944.148, 15457126.94 4944944.148, 15457126.94 4947944.148))"
喜山期,2057,15458626.94,4943444.148,0.0012483619593368,0.0003556152904824,3,0.0,0.0,False,0.0483351235230934,0.4989258861439312,0.0,0.1835123523093448,"POLYGON ((15457126.94 4944944.148, 15460126.94 4944944.148, 15460126.94 4941944.148, 15457126.94 4941944.148, 15457126.94 4944944.148))"
喜山期,2058,15461626.94,5087444.148,0.0012373590500376,0.0003556152904824,3,0.0,0.0,False,0.0469029717150017,0.4989258861439312,0.0,0.1825098460436806,"POLYGON ((15460126.94 5088944.148, 15463126.94 5088944.148, 15463126.94 5085944.148, 15460126.94 5085944.148, 15460126.94 5088944.148))"
喜山期,2059,15461626.94,5084444.148,0.0030620938766196,0.0003556152904824,4,0.0,0.0,False,0.12531328320802,0.4989258861439312,0.0,0.2373970640887934,"POLYGON ((15460126.94 5085944.148, 15463126.94 5085944.148, 15463126.94 5082944.148, 15460126.94 5082944.148, 15460126.94 5085944.148))"
喜山期,2060,15461626.94,5081444.148,0.0046972777130438,0.0003556152904824,4,0.0,0.0,False,0.2001432151808091,0.4989258861439312,0.0,0.2897780164697457,"POLYGON ((15460126.94 5082944.148, 15463126.94 5082944.148, 15463126.94 5079944.148, 15460126.94 5079944.148, 15460126.94 5082944.148))"
喜山期,2061,15461626.94,5078444.148,0.0061656313661931,0.0003556152904824,4,0.0,0.0,False,0.2731829573934837,0.4989258861439312,0.0,0.3409058360186179,"POLYGON ((15460126.94 5079944.148, 15463126.94 5079944.148, 15463126.94 5076944.148, 15460126.94 5076944.148, 15460126.94 5079944.148))"
喜山期,2062,15461626.94,5075444.148,0.0074752901054846,0.0003556152904824,4,0.0,0.0,False,0.3369137128535625,0.4989258861439312,0.0,0.3855173648406731,"POLYGON ((15460126.94 5076944.148, 15463126.94 5076944.148, 15463126.94 5073944.148, 15460126.94 5073944.148, 15460126.94 5076944.148))"
喜山期,2063,15461626.94,5072444.148,0.0086342938826423,0.0003556152904824,4,0.0,0.0,False,0.3834586466165413,0.4989258861439312,0.0,0.4180988184747582,"POLYGON ((15460126.94 5073944.148, 15463126.94 5073944.148, 15463126.94 5070944.148, 15460126.94 5070944.148, 15460126.94 5073944.148))"
喜山期,2064,15461626.94,5069444.148,0.0096543576101365,0.0003556152904824,4,0.0,0.0,False,0.4257071249552452,0.4989258861439312,0.0,0.447672753311851,"POLYGON ((15460126.94 5070944.148, 15463126.94 5070944.148, 15463126.94 5067944.148, 15460126.94 5067944.148, 15460126.94 5070944.148))"
喜山期,2065,15461626.94,5066444.148,0.0105508930102787,0.0003556152904824,4,0.0,0.0,False,0.4686716791979949,0.4989258861439312,0.0,0.4777479412817758,"POLYGON ((15460126.94 5067944.148, 15463126.94 5067944.148, 15463126.94 5064944.148, 15460126.94 5064944.148, 15460126.94 5067944.148))"
喜山期,2066,15461626.94,5063444.148,0.0113418478081343,0.0003556152904824,4,0.0,0.0,False,0.4969566774078052,0.4989258861439312,0.0,0.497547440028643,"POLYGON ((15460126.94 5064944.148, 15463126.94 5064944.148, 15463126.94 5061944.148, 15460126.94 5061944.148, 15460126.94 5064944.148))"
喜山期,2067,15461626.94,5060444.148,0.0120466434109694,0.0003556152904824,4,0.0,0.0,False,0.5234514858575009,0.4989258861439312,0.0,0.5160938059434299,"POLYGON ((15460126.94 5061944.148, 15463126.94 5061944.148, 15463126.94 5058944.148, 15460126.94 5058944.148, 15460126.94 5061944.148))"
喜山期,2068,15461626.94,5057444.148,0.0126858191240111,0.0003556152904824,4,0.0,0.0,False,0.5510204081632653,0.4989258861439312,0.0,0.535392051557465,"POLYGON ((15460126.94 5058944.148, 15463126.94 5058944.148, 15463126.94 5055944.148, 15460126.94 5055944.148, 15460126.94 5058944.148))"
喜山期,2069,15461626.94,5054444.148,0.0132815896989043,0.0003556152904824,4,0.0,0.0,False,0.5674901539563194,0.4989258861439312,0.0,0.546920873612603,"POLYGON ((15460126.94 5055944.148, 15463126.94 5055944.148, 15463126.94 5052944.148, 15460126.94 5052944.148, 15460126.94 5055944.148))"
喜山期,2070,15461626.94,5051444.148,0.0138592652896241,0.0003556152904824,4,0.0,0.0,False,0.594343000358038,0.4989258861439312,0.0,0.565717866093806,"POLYGON ((15460126.94 5052944.148, 15463126.94 5052944.148, 15463126.94 5049944.148, 15460126.94 5049944.148, 15460126.94 5052944.148))"
喜山期,2071,15461626.94,5048444.148,0.0144491741307817,0.0003556152904824,4,0.0,0.0,False,0.6083064804869316,0.4989258861439312,0.0,0.5754923021840315,"POLYGON ((15460126.94 5049944.148, 15463126.94 5049944.148, 15463126.94 5046944.148, 15460126.94 5046944.148, 15460126.94 5049944.148))"
喜山期,2072,15461626.94,5045444.148,0.0150880848532598,0.0003556152904824,4,0.0,0.0,False,0.631936985320444,0.4989258861439312,0.0,0.5920336555674901,"POLYGON ((15460126.94 5046944.148, 15463126.94 5046944.148, 15463126.94 5043944.148, 15460126.94 5043944.148, 15460126.94 5046944.148))"
喜山期,2073,15461626.94,5042444.148,0.0158178760974945,0.0003556152904824,4,0.0,0.0,False,0.6534192624418188,0.4989258861439312,0.0,0.6070712495524525,"POLYGON ((15460126.94 5043944.148, 15463126.94 5043944.148, 15463126.94 5040944.148, 15460126.94 5040944.148, 15460126.94 5043944.148))"
喜山期,2074,15461626.94,5039444.148,0.0166774160089631,0.0003556152904824,4,0.0,0.0,False,0.681704260651629,0.4989258861439312,0.0,0.6268707482993197,"POLYGON ((15460126.94 5040944.148, 15463126.94 5040944.148, 15463126.94 5037944.148, 15460126.94 5037944.148, 15460126.94 5040944.148))"
喜山期,2075,15461626.94,5036444.148,0.0176823818209259,0.0003556152904824,4,0.0,0.0,False,0.7110633727175081,0.4989258861439312,0.0,0.647422126745435,"POLYGON ((15460126.94 5037944.148, 15463126.94 5037944.148, 15463126.94 5034944.148, 15460126.94 5034944.148, 15460126.94 5037944.148))"
喜山期,2076,15461626.94,5033444.148,0.0187900017192483,0.0003556152904824,4,0.0,0.0,False,0.7475832438238453,0.4989258861439312,0.0,0.6729860365198711,"POLYGON ((15460126.94 5034944.148, 15463126.94 5034944.148, 15463126.94 5031944.148, 15460126.94 5031944.148, 15460126.94 5034944.148))"
喜山期,2077,15461626.94,5030444.148,0.0198560464973112,0.0003556152904824,4,0.0,0.0,False,0.7830290010741139,0.4989258861439312,0.0,0.697798066595059,"POLYGON ((15460126.94 5031944.148, 15463126.94 5031944.148, 15463126.94 5028944.148, 15460126.94 5028944.148, 15460126.94 5031944.148))"
喜山期,2078,15461626.94,5027444.148,0.0206123928531895,0.0003556152904824,4,0.0,1.0,True,0.8105979233798782,0.4989258861439312,0.0,0.7170963122090941,"POLYGON ((15460126.94 5028944.148, 15463126.94 5028944.148, 15463126.94 5025944.148, 15460126.94 5025944.148, 15460126.94 5028944.148))"
喜山期,2079,15461626.94,5024444.148,0.0207155315890544,0.0003556152904824,4,0.0,1.0,True,0.815610454708199,0.4989258861439312,0.0,0.7206050841389187,"POLYGON ((15460126.94 5025944.148, 15463126.94 5025944.148, 15463126.94 5022944.148, 15460126.94 5022944.148, 15460126.94 5025944.148))"
喜山期,2080,15461626.94,5021444.148,0.0216801731415862,0.0003556152904824,4,0.0,1.0,True,0.8542785535266738,0.4989258861439312,0.0,0.747672753311851,"POLYGON ((15460126.94 5022944.148, 15463126.94 5022944.148, 15463126.94 5019944.148, 15460126.94 5019944.148, 15460126.94 5022944.148))"
喜山期,2081,15461626.94,5018444.148,0.0136230228215711,0.0003556152904824,4,0.0,0.0,False,0.5796634443250984,0.4989258861439312,0.0,0.5554421768707483,"POLYGON ((15460126.94 5019944.148, 15463126.94 5019944.148, 15463126.94 5016944.148, 15460126.94 5016944.148, 15460126.94 5019944.148))"
喜山期,2082,15461626.94,5015444.148,0.0211451848311175,0.0003556152904824,4,0.0,1.0,True,0.8306480486931614,0.4989258861439312,0.0,0.7311313999283924,"POLYGON ((15460126.94 5016944.148, 15463126.94 5016944.148, 15463126.94 5013944.148, 15460126.94 5013944.148, 15460126.94 5016944.148))"
喜山期,2083,15461626.94,5012444.148,0.0202116754240739,0.0003556152904824,4,0.0,0.0,False,0.7934121016827784,0.4989258861439312,0.0,0.7050662370211243,"POLYGON ((15460126.94 5013944.148, 15463126.94 5013944.148, 15463126.94 5010944.148, 15460126.94 5010944.148, 15460126.94 5013944.148))"
喜山期,2084,15461626.94,5009444.148,0.0204103395969622,0.0003556152904824,4,0.0,1.0,True,0.8009308986752596,0.4989258861439312,0.0,0.710329394915861,"POLYGON ((15460126.94 5010944.148, 15463126.94 5010944.148, 15463126.94 5007944.148, 15460126.94 5007944.148, 15460126.94 5010944.148))"
喜山期,2085,15461626.94,5006444.148,0.0199779002302892,0.0003556152904824,4,0.0,0.0,False,0.7862513426423201,0.4989258861439312,0.0,0.7000537056928035,"POLYGON ((15460126.94 5007944.148, 15463126.94 5007944.148, 15463126.94 5004944.148, 15460126.94 5004944.148, 15460126.94 5007944.148))"
喜山期,2086,15461626.94,5003444.148,0.0191861173674617,0.0003556152904824,4,0.0,0.0,False,0.7611886860007161,0.4989258861439312,0.0,0.6825098460436806,"POLYGON ((15460126.94 5004944.148, 15463126.94 5004944.148, 15463126.94 5001944.148, 15460126.94 5001944.148, 15460126.94 5004944.148))"
喜山期,2087,15461626.94,5000444.148,0.0182775598304003,0.0003556152904824,4,0.0,0.0,False,0.7339778016469746,0.4989258861439312,0.0,0.6634622269960615,"POLYGON ((15460126.94 5001944.148, 15463126.94 5001944.148, 15463126.94 4998944.148, 15460126.94 4998944.148, 15460126.94 5001944.148))"
喜山期,2088,15461626.94,4997444.148,0.0174056973370684,0.0003556152904824,4,0.0,0.0,False,0.7046186895810956,0.4989258861439312,0.0,0.6429108485499463,"POLYGON ((15460126.94 4998944.148, 15463126.94 4998944.148, 15463126.94 4995944.148, 15460126.94 4995944.148, 15460126.94 4998944.148))"
喜山期,2089,15461626.94,4994444.148,0.0166365903436849,0.0003556152904824,4,0.0,0.0,False,0.6802721088435374,0.4989258861439312,0.0,0.6258682420336555,"POLYGON ((15460126.94 4995944.148, 15463126.94 4995944.148, 15463126.94 4992944.148, 15460126.94 4992944.148, 15460126.94 4995944.148))"
喜山期,2090,15461626.94,4991444.148,0.015977204231387,0.0003556152904824,4,0.0,0.0,False,0.6602219835302542,0.4989258861439312,0.0,0.6118331543143573,"POLYGON ((15460126.94 4992944.148, 15463126.94 4992944.148, 15463126.94 4989944.148, 15460126.94 4989944.148, 15460126.94 4992944.148))"
喜山期,2091,15461626.94,4988444.148,0.0154048625653153,0.0003556152904824,4,0.0,0.0,False,0.6441102756892231,0.4989258861439312,0.0,0.6005549588256355,"POLYGON ((15460126.94 4989944.148, 15463126.94 4989944.148, 15463126.94 4986944.148, 15460126.94 4986944.148, 15460126.94 4989944.148))"
喜山期,2092,15461626.94,4985444.148,0.0148874350422421,0.0003556152904824,4,0.0,0.0,False,0.6208378088077336,0.4989258861439312,0.0,0.5842642320085929,"POLYGON ((15460126.94 4986944.148, 15463126.94 4986944.148, 15463126.94 4983944.148, 15460126.94 4983944.148, 15460126.94 4986944.148))"
喜山期,2093,15461626.94,4982444.148,0.0143936504661859,0.0003556152904824,4,0.0,0.0,False,0.60687432867884,0.4989258861439312,0.0,0.5744897959183672,"POLYGON ((15460126.94 4983944.148, 15463126.94 4983944.148, 15463126.94 4980944.148, 15460126.94 4980944.148, 15460126.94 4983944.148))"
喜山期,2094,15461626.94,4979444.148,0.0138966355372025,0.0003556152904824,4,0.0,0.0,False,0.5957751521661296,0.4989258861439312,0.0,0.56672037235947,"POLYGON ((15460126.94 4980944.148, 15463126.94 4980944.148, 15463126.94 4977944.148, 15460126.94 4977944.148, 15460126.94 4980944.148))"
喜山期,2095,15461626.94,4976444.148,0.0133739427240448,0.0003556152904824,4,0.0,0.0,False,0.5707124955245256,0.4989258861439312,0.0,0.5491765127103473,"POLYGON ((15460126.94 4977944.148, 15463126.94 4977944.148, 15463126.94 4974944.148, 15460126.94 4974944.148, 15460126.94 4977944.148))"
喜山期,2096,15461626.94,4973444.148,0.0128062778790409,0.0003556152904824,4,0.0,0.0,False,0.5546007876834944,0.4989258861439312,0.0,0.5378983172216254,"POLYGON ((15460126.94 4974944.148, 15463126.94 4974944.148, 15463126.94 4971944.148, 15460126.94 4971944.148, 15460126.94 4974944.148))"
喜山期,2097,15461626.94,4970444.148,0.0121760989890692,0.0003556152904824,4,0.0,0.0,False,0.530970282849982,0.4989258861439312,0.0,0.5213569638381668,"POLYGON ((15460126.94 4971944.148, 15463126.94 4971944.148, 15463126.94 4968944.148, 15460126.94 4968944.148, 15460126.94 4971944.148))"
喜山期,2098,15461626.94,4967444.148,0.0114666025565385,0.0003556152904824,4,0.0,0.0,False,0.5016111707841031,0.4989258861439312,0.0,0.5008055853920516,"POLYGON ((15460126.94 4968944.148, 15463126.94 4968944.148, 15463126.94 4965944.148, 15460126.94 4965944.148, 15460126.94 4968944.148))"
喜山期,2099,15461626.94,4964444.148,0.0106612990136736,0.0003556152904824,4,0.0,0.0,False,0.4729681346222699,0.4989258861439312,0.0,0.4807554600787683,"POLYGON ((15460126.94 4965944.148, 15463126.94 4965944.148, 15463126.94 4962944.148, 15460126.94 4962944.148, 15460126.94 4965944.148))"
喜山期,2100,15461626.94,4961444.148,0.0097442385068046,0.0003556152904824,4,0.0,0.0,False,0.4289294665234515,0.4989258861439312,0.0,0.4499283924095954,"POLYGON ((15460126.94 4962944.148, 15463126.94 4962944.148, 15463126.94 4959944.148, 15460126.94 4959944.148, 15460126.94 4962944.148))"
喜山期,2101,15461626.94,4958444.148,0.008700828584824,0.0003556152904824,4,0.0,0.0,False,0.388829215896885,0.4989258861439312,0.0,0.4218582169709989,"POLYGON ((15460126.94 4959944.148, 15463126.94 4959944.148, 15463126.94 4956944.148, 15460126.94 4956944.148, 15460126.94 4959944.148))"
喜山期,2102,15461626.94,4955444.148,0.0075189790095877,0.0003556152904824,4,0.0,0.0,False,0.338703902613677,0.4989258861439312,0.0,0.3867704976727533,"POLYGON ((15460126.94 4956944.148, 15463126.94 4956944.148, 15463126.94 4953944.148, 15460126.94 4953944.148, 15460126.94 4956944.148))"
喜山期,2103,15461626.94,4952444.148,0.0061899572710879,0.0003556152904824,4,0.0,0.0,False,0.2738990332975295,0.4989258861439312,0.0,0.34140708915145,"POLYGON ((15460126.94 4953944.148, 15463126.94 4953944.148, 15463126.94 4950944.148, 15460126.94 4950944.148, 15460126.94 4953944.148))"
喜山期,2104,15461626.94,4949444.148,0.0047077820920956,0.0003556152904824,4,0.0,0.0,False,0.2019334049409237,0.4989258861439312,0.0,0.291031149301826,"POLYGON ((15460126.94 4950944.148, 15463126.94 4950944.148, 15463126.94 4947944.148, 15460126.94 4947944.148, 15460126.94 4950944.148))"
喜山期,2105,15461626.94,4946444.148,0.0030648705252572,0.0003556152904824,4,0.0,0.0,False,0.1256713211600429,0.4989258861439312,0.0,0.2376476906552094,"POLYGON ((15460126.94 4947944.148, 15463126.94 4947944.148, 15463126.94 4944944.148, 15460126.94 4944944.148, 15460126.94 4947944.148))"
喜山期,2106,15461626.94,4943444.148,0.0012373776577169,0.0003556152904824,3,0.0,0.0,False,0.0472610096670247,0.4989258861439312,0.0,0.1827604726100966,"POLYGON ((15460126.94 4944944.148, 15463126.94 4944944.148, 15463126.94 4941944.148, 15460126.94 4941944.148, 15460126.94 4944944.148))"
喜山期,2107,15464626.94,5087444.148,0.0012218360554776,0.0003556152904824,3,0.0,0.0,False,0.0447547440028643,0.4989258861439312,0.0,0.1810060866451844,"POLYGON ((15463126.94 5088944.148, 15466126.94 5088944.148, 15466126.94 5085944.148, 15463126.94 5085944.148, 15463126.94 5088944.148))"
喜山期,2108,15464626.94,5084444.148,0.0030022432229289,0.0003556152904824,4,0.0,0.0,False,0.121016827783745,0.4989258861439312,0.0,0.2343895452918009,"POLYGON ((15463126.94 5085944.148, 15466126.94 5085944.148, 15466126.94 5082944.148, 15463126.94 5082944.148, 15463126.94 5085944.148))"
喜山期,2109,15464626.94,5081444.148,0.0045719551016962,0.0003556152904824,4,0.0,0.0,False,0.1962047977085571,0.4989258861439312,0.0,0.2870211242391693,"POLYGON ((15463126.94 5082944.148, 15466126.94 5082944.148, 15466126.94 5079944.148, 15463126.94 5079944.148, 15463126.94 5082944.148))"
喜山期,2110,15464626.94,5078444.148,0.0059557161338832,0.0003556152904824,4,0.0,0.0,False,0.2638739706408879,0.4989258861439312,0.0,0.3343895452918008,"POLYGON ((15463126.94 5079944.148, 15466126.94 5079944.148, 15466126.94 5076944.148, 15463126.94 5076944.148, 15463126.94 5079944.148))"
喜山期,2111,15464626.94,5075444.148,0.0071666423781971,0.0003556152904824,4,0.0,0.0,False,0.3233082706766917,0.4989258861439312,0.0,0.3759935553168635,"POLYGON ((15463126.94 5076944.148, 15466126.94 5076944.148, 15466126.94 5073944.148, 15463126.94 5073944.148, 15463126.94 5076944.148))"
喜山期,2112,15464626.94,5072444.148,0.008219143630018,0.0003556152904824,4,0.0,0.0,False,0.3616183315431436,0.4989258861439312,0.0,0.4028105979233798,"POLYGON ((15463126.94 5073944.148, 15466126.94 5073944.148, 15466126.94 5070944.148, 15463126.94 5070944.148, 15463126.94 5073944.148))"
喜山期,2113,15464626.94,5069444.148,0.0091309690660529,0.0003556152904824,4,0.0,0.0,False,0.409953455066237,0.4989258861439312,0.0,0.4366451843895453,"POLYGON ((15463126.94 5070944.148, 15466126.94 5070944.148, 15466126.94 5067944.148, 15463126.94 5067944.148, 15463126.94 5070944.148))"
喜山期,2114,15464626.94,5066444.148,0.0099221498830041,0.0003556152904824,4,0.0,0.0,False,0.4382384532760472,0.4989258861439312,0.0,0.4564446831364124,"POLYGON ((15463126.94 5067944.148, 15466126.94 5067944.148, 15466126.94 5064944.148, 15463126.94 5064944.148, 15463126.94 5067944.148))"
喜山期,2115,15464626.94,5063444.148,0.0106134830262327,0.0003556152904824,4,0.0,0.0,False,0.4715359828141783,0.4989258861439312,0.0,0.4797529538131042,"POLYGON ((15463126.94 5064944.148, 15466126.94 5064944.148, 15466126.94 5061944.148, 15463126.94 5061944.148, 15463126.94 5064944.148))"
喜山期,2116,15464626.94,5060444.148,0.0112256022931433,0.0003556152904824,4,0.0,0.0,False,0.489437880415324,0.4989258861439312,0.0,0.4922842821339062,"POLYGON ((15463126.94 5061944.148, 15466126.94 5061944.148, 15466126.94 5058944.148, 15463126.94 5058944.148, 15463126.94 5061944.148))"
喜山期,2117,15464626.94,5057444.148,0.0117789714945531,0.0003556152904824,4,0.0,0.0,False,0.5102040816326531,0.4989258861439312,0.0,0.5068206229860366,"POLYGON ((15463126.94 5058944.148, 15466126.94 5058944.148, 15466126.94 5055944.148, 15463126.94 5055944.148, 15463126.94 5058944.148))"
喜山期,2118,15464626.94,5054444.148,0.0122948465472958,0.0003556152904824,4,0.0,0.0,False,0.5341926244181884,0.4989258861439312,0.0,0.5236126029359112,"POLYGON ((15463126.94 5055944.148, 15466126.94 5055944.148, 15466126.94 5052944.148, 15463126.94 5052944.148, 15463126.94 5055944.148))"
喜山期,2119,15464626.94,5051444.148,0.012797188539986,0.0003556152904824,4,0.0,0.0,False,0.5538847117794486,0.4989258861439312,0.0,0.5373970640887934,"POLYGON ((15463126.94 5052944.148, 15466126.94 5052944.148, 15466126.94 5049944.148, 15463126.94 5049944.148, 15463126.94 5052944.148))"
喜山期,2120,15464626.94,5048444.148,0.0133154579100145,0.0003556152904824,4,0.0,0.0,False,0.569280343716434,0.4989258861439312,0.0,0.5481740064446832,"POLYGON ((15463126.94 5049944.148, 15466126.94 5049944.148, 15466126.94 5046944.148, 15463126.94 5046944.148, 15463126.94 5049944.148))"
喜山期,2121,15464626.94,5045444.148,0.0138878798465043,0.0003556152904824,4,0.0,0.0,False,0.5954171142141067,0.4989258861439312,0.0,0.5664697457930541,"POLYGON ((15463126.94 5046944.148, 15466126.94 5046944.148, 15466126.94 5043944.148, 15463126.94 5043944.148, 15463126.94 5046944.148))"
喜山期,2122,15464626.94,5042444.148,0.0145637046441913,0.0003556152904824,4,0.0,0.0,False,0.6122448979591837,0.4989258861439312,0.0,0.578249194414608,"POLYGON ((15463126.94 5043944.148, 15466126.94 5043944.148, 15466126.94 5040944.148, 15463126.94 5040944.148, 15463126.94 5043944.148))"
喜山期,2123,15464626.94,5039444.148,0.0154007211218631,0.0003556152904824,4,0.0,0.0,False,0.6437522377372001,0.4989258861439312,0.0,0.6003043322592194,"POLYGON ((15463126.94 5040944.148, 15466126.94 5040944.148, 15466126.94 5037944.148, 15463126.94 5037944.148, 15463126.94 5040944.148))"
喜山期,2124,15464626.94,5036444.148,0.016450865281678,0.0003556152904824,4,0.0,0.0,False,0.6731113498030791,0.4989258861439312,0.0,0.6208557107053347,"POLYGON ((15463126.94 5037944.148, 15466126.94 5037944.148, 15466126.94 5034944.148, 15463126.94 5034944.148, 15463126.94 5037944.148))"
喜山期,2125,15464626.94,5033444.148,0.0177241678436433,0.0003556152904824,4,0.0,0.0,False,0.711421410669531,0.4989258861439312,0.0,0.647672753311851,"POLYGON ((15463126.94 5034944.148, 15466126.94 5034944.148, 15466126.94 5031944.148, 15463126.94 5031944.148, 15463126.94 5034944.148))"
喜山期,2126,15464626.94,5030444.148,0.0191255059830446,0.0003556152904824,4,0.0,0.0,False,0.7601145721446473,0.4989258861439312,0.0,0.6817579663444324,"POLYGON ((15463126.94 5031944.148, 15466126.94 5031944.148, 15466126.94 5028944.148, 15463126.94 5028944.148, 15463126.94 5031944.148))"
喜山期,2127,15464626.94,5027444.148,0.0203803045653229,0.0003556152904824,4,0.0,0.0,False,0.7998567848191909,0.4989258861439312,0.0,0.7095775152166129,"POLYGON ((15463126.94 5028944.148, 15466126.94 5028944.148, 15466126.94 5025944.148, 15463126.94 5025944.148, 15463126.94 5028944.148))"
喜山期,2128,15464626.94,5024444.148,0.0210119585588839,0.0003556152904824,4,0.0,1.0,True,0.8252774794128177,0.4989258861439312,0.0,0.7273720014321517,"POLYGON ((15463126.94 5025944.148, 15466126.94 5025944.148, 15466126.94 5022944.148, 15463126.94 5022944.148, 15463126.94 5025944.148))"
喜山期,2129,15464626.94,5021444.148,0.0222993773971449,0.0003556152904824,4,0.0,1.0,True,0.8764769065520945,0.4989258861439312,0.0,0.7632116004296455,"POLYGON ((15463126.94 5022944.148, 15466126.94 5022944.148, 15466126.94 5019944.148, 15463126.94 5019944.148, 15463126.94 5022944.148))"
喜山期,2130,15464626.94,5018444.148,0.0124562645157472,0.0003556152904824,4,0.0,0.0,False,0.5392051557465092,0.4989258861439312,0.0,0.5271213748657357,"POLYGON ((15463126.94 5019944.148, 15466126.94 5019944.148, 15466126.94 5016944.148, 15463126.94 5016944.148, 15463126.94 5019944.148))"
喜山期,2131,15464626.94,5015444.148,0.0216775342755352,0.0003556152904824,4,0.0,1.0,True,0.8532044396706051,0.4989258861439312,0.0,0.746920873612603,"POLYGON ((15463126.94 5016944.148, 15466126.94 5016944.148, 15466126.94 5013944.148, 15463126.94 5013944.148, 15463126.94 5016944.148))"
喜山期,2132,15464626.94,5012444.148,0.0205081371439271,0.0003556152904824,4,0.0,1.0,True,0.8048693161475117,0.4989258861439312,0.0,0.7130862871464375,"POLYGON ((15463126.94 5013944.148, 15466126.94 5013944.148, 15466126.94 5010944.148, 15463126.94 5010944.148, 15463126.94 5013944.148))"
喜山期,2133,15464626.94,5009444.148,0.0202534587898655,0.0003556152904824,4,0.0,0.0,False,0.7962764052989617,0.4989258861439312,0.0,0.7070712495524525,"POLYGON ((15463126.94 5010944.148, 15466126.94 5010944.148, 15466126.94 5007944.148, 15463126.94 5007944.148, 15463126.94 5010944.148))"
喜山期,2134,15464626.94,5006444.148,0.0193455302436456,0.0003556152904824,4,0.0,0.0,False,0.765843179377014,0.4989258861439312,0.0,0.6857679914070891,"POLYGON ((15463126.94 5007944.148, 15466126.94 5007944.148, 15466126.94 5004944.148, 15463126.94 5004944.148, 15463126.94 5007944.148))"
喜山期,2135,15464626.94,5003444.148,0.0181975866903137,0.0003556152904824,4,0.0,0.0,False,0.7303974221267454,0.4989258861439312,0.0,0.6609559613319012,"POLYGON ((15463126.94 5004944.148, 15466126.94 5004944.148, 15466126.94 5001944.148, 15463126.94 5001944.148, 15463126.94 5004944.148))"
喜山期,2136,15464626.94,5000444.148,0.0170835147130874,0.0003556152904824,4,0.0,0.0,False,0.694593626924454,0.4989258861439312,0.0,0.6358933046902971,"POLYGON ((15463126.94 5001944.148, 15466126.94 5001944.148, 15466126.94 4998944.148, 15463126.94 4998944.148, 15463126.94 5001944.148))"
喜山期,2137,15464626.94,4997444.148,0.0161270017266356,0.0003556152904824,4,0.0,0.0,False,0.6645184389545292,0.4989258861439312,0.0,0.6148406731113498,"POLYGON ((15463126.94 4998944.148, 15466126.94 4998944.148, 15466126.94 4995944.148, 15463126.94 4995944.148, 15463126.94 4998944.148))"
喜山期,2138,15464626.94,4994444.148,0.0153493643886982,0.0003556152904824,4,0.0,0.0,False,0.6405298961689939,0.4989258861439312,0.0,0.598048693161475,"POLYGON ((15463126.94 4995944.148, 15466126.94 4995944.148, 15466126.94 4992944.148, 15463126.94 4992944.148, 15463126.94 4995944.148))"
喜山期,2139,15464626.94,4991444.148,0.0147214596199538,0.0003556152904824,4,0.0,0.0,False,0.6161833154314358,0.4989258861439312,0.0,0.5810060866451844,"POLYGON ((15463126.94 4992944.148, 15466126.94 4992944.148, 15466126.94 4989944.148, 15463126.94 4989944.148, 15463126.94 4992944.148))"
喜山期,2140,15464626.94,4988444.148,0.0141987291014097,0.0003556152904824,4,0.0,0.0,False,0.6032939491586108,0.4989258861439312,0.0,0.5719835302542069,"POLYGON ((15463126.94 4989944.148, 15466126.94 4989944.148, 15466126.94 4986944.148, 15463126.94 4986944.148, 15463126.94 4989944.148))"
喜山期,2141,15464626.94,4985444.148,0.0137385976117419,0.0003556152904824,4,0.0,0.0,False,0.5864661654135338,0.4989258861439312,0.0,0.560204081632653,"POLYGON ((15463126.94 4986944.148, 15466126.94 4986944.148, 15466126.94 4983944.148, 15463126.94 4983944.148, 15463126.94 4986944.148))"
喜山期,2142,15464626.94,4982444.148,0.0133062350436913,0.0003556152904824,4,0.0,0.0,False,0.5685642678123881,0.4989258861439312,0.0,0.5476727533118511,"POLYGON ((15463126.94 4983944.148, 15466126.94 4983944.148, 15466126.94 4980944.148, 15463126.94 4980944.148, 15463126.94 4983944.148))"
喜山期,2143,15464626.94,4979444.148,0.0128745507043546,0.0003556152904824,4,0.0,0.0,False,0.556032939491586,0.4989258861439312,0.0,0.5389008234872896,"POLYGON ((15463126.94 4980944.148, 15466126.94 4980944.148, 15466126.94 4977944.148, 15463126.94 4977944.148, 15463126.94 4980944.148))"
喜山期,2144,15464626.94,4976444.148,0.0124221360475746,0.0003556152904824,4,0.0,0.0,False,0.5381310418904404,0.4989258861439312,0.0,0.5263694951664877,"POLYGON ((15463126.94 4977944.148, 15466126.94 4977944.148, 15466126.94 4974944.148, 15463126.94 4974944.148, 15463126.94 4977944.148))"
喜山期,2145,15464626.94,4973444.148,0.0119309537420335,0.0003556152904824,4,0.0,0.0,False,0.5155746509129968,0.4989258861439312,0.0,0.5105800214822771,"POLYGON ((15463126.94 4974944.148, 15466126.94 4974944.148, 15466126.94 4971944.148, 15463126.94 4971944.148, 15463126.94 4974944.148))"
喜山期,2146,15464626.94,4970444.148,0.0113844335474037,0.0003556152904824,4,0.0,0.0,False,0.4991049051199427,0.4989258861439312,0.0,0.4990511994271392,"POLYGON ((15463126.94 4971944.148, 15466126.94 4971944.148, 15466126.94 4968944.148, 15463126.94 4968944.148, 15463126.94 4971944.148))"
喜山期,2147,15464626.94,4967444.148,0.0107661379385012,0.0003556152904824,4,0.0,0.0,False,0.4761904761904761,0.4989258861439312,0.0,0.4830110991765127,"POLYGON ((15463126.94 4968944.148, 15466126.94 4968944.148, 15466126.94 4965944.148, 15463126.94 4965944.148, 15463126.94 4968944.148))"
喜山期,2148,15464626.94,4964444.148,0.0100590262041912,0.0003556152904824,4,0.0,0.0,False,0.4461152882205513,0.4989258861439312,0.0,0.4619584675975653,"POLYGON ((15463126.94 4965944.148, 15466126.94 4965944.148, 15466126.94 4962944.148, 15463126.94 4962944.148, 15463126.94 4965944.148))"
喜山期,2149,15464626.94,4961444.148,0.0092453530741367,0.0003556152904824,4,0.0,0.0,False,0.4135338345864661,0.4989258861439312,0.0,0.4391514500537056,"POLYGON ((15463126.94 4962944.148, 15466126.94 4962944.148, 15466126.94 4959944.148, 15463126.94 4959944.148, 15463126.94 4962944.148))"
喜山期,2150,15464626.94,4958444.148,0.0083072376827286,0.0003556152904824,4,0.0,0.0,False,0.3648406731113498,0.4989258861439312,0.0,0.4050662370211242,"POLYGON ((15463126.94 4959944.148, 15466126.94 4959944.148, 15466126.94 4956944.148, 15463126.94 4956944.148, 15463126.94 4959944.148))"
喜山期,2151,15464626.94,4955444.148,0.0072278244299412,0.0003556152904824,4,0.0,0.0,False,0.3279627640529896,0.4989258861439312,0.0,0.3792517006802721,"POLYGON ((15463126.94 4956944.148, 15466126.94 4956944.148, 15466126.94 4953944.148, 15463126.94 4953944.148, 15463126.94 4956944.148))"
喜山期,2152,15464626.94,4952444.148,0.0059926362817842,0.0003556152904824,4,0.0,0.0,False,0.2656641604010025,0.4989258861439312,0.0,0.3356426781238811,"POLYGON ((15463126.94 4953944.148, 15466126.94 4953944.148, 15466126.94 4950944.148, 15463126.94 4950944.148, 15463126.94 4953944.148))"
喜山期,2153,15464626.94,4949444.148,0.0045900643177976,0.0003556152904824,4,0.0,0.0,False,0.1972789115646258,0.4989258861439312,0.0,0.2877730039384174,"POLYGON ((15463126.94 4950944.148, 15466126.94 4950944.148, 15466126.94 4947944.148, 15463126.94 4947944.148, 15463126.94 4950944.148))"
喜山期,2154,15464626.94,4946444.148,0.0030085107809966,0.0003556152904824,4,0.0,0.0,False,0.1217329036877909,0.4989258861439312,0.0,0.234890798424633,"POLYGON ((15463126.94 4947944.148, 15466126.94 4947944.148, 15466126.94 4944944.148, 15463126.94 4944944.148, 15463126.94 4947944.148))"
喜山期,2155,15464626.94,4943444.148,0.0012228188326311,0.0003556152904824,3,0.0,0.0,False,0.0454708199069101,0.4989258861439312,0.0,0.1815073397780164,"POLYGON ((15463126.94 4944944.148, 15466126.94 4944944.148, 15466126.94 4941944.148, 15463126.94 4941944.148, 15463126.94 4944944.148))"
喜山期,2156,15467626.94,5087444.148,0.0012002412178094,0.0003556152904824,3,0.0,0.0,False,0.0426065162907268,0.4989258861439312,0.0,0.1795023272466881,"POLYGON ((15466126.94 5088944.148, 15469126.94 5088944.148, 15469126.94 5085944.148, 15466126.94 5085944.148, 15466126.94 5088944.148))"
喜山期,2157,15467626.94,5084444.148,0.0029232967411827,0.0003556152904824,4,0.0,0.0,False,0.1177944862155388,0.4989258861439312,0.0,0.2321339061940565,"POLYGON ((15466126.94 5085944.148, 15469126.94 5085944.148, 15469126.94 5082944.148, 15466126.94 5082944.148, 15466126.94 5085944.148))"
喜山期,2158,15467626.94,5081444.148,0.004410169584021,0.0003556152904824,4,0.0,0.0,False,0.1926244181883279,0.4989258861439312,0.0,0.2845148585750089,"POLYGON ((15466126.94 5082944.148, 15469126.94 5082944.148, 15469126.94 5079944.148, 15466126.94 5079944.148, 15466126.94 5082944.148))"
喜山期,2159,15467626.94,5078444.148,0.0056912854420074,0.0003556152904824,4,0.0,0.0,False,0.2513426423200859,0.4989258861439312,0.0,0.3256176154672395,"POLYGON ((15466126.94 5079944.148, 15469126.94 5079944.148, 15469126.94 5076944.148, 15466126.94 5076944.148, 15466126.94 5079944.148))"
喜山期,2160,15467626.94,5075444.148,0.0067879361357338,0.0003556152904824,4,0.0,0.0,False,0.2975295381310419,0.4989258861439312,0.0,0.3579484425349086,"POLYGON ((15466126.94 5076944.148, 15469126.94 5076944.148, 15469126.94 5073944.148, 15466126.94 5073944.148, 15466126.94 5076944.148))"
喜山期,2161,15467626.94,5072444.148,0.0077226356008877,0.0003556152904824,4,0.0,0.0,False,0.3426423200859291,0.4989258861439312,0.0,0.3895273899033297,"POLYGON ((15466126.94 5073944.148, 15469126.94 5073944.148, 15469126.94 5070944.148, 15466126.94 5070944.148, 15466126.94 5073944.148))"
喜山期,2162,15467626.94,5069444.148,0.0085194689559562,0.0003556152904824,4,0.0,0.0,False,0.3745076978159685,0.4989258861439312,0.0,0.4118331543143573,"POLYGON ((15466126.94 5070944.148, 15469126.94 5070944.148, 15469126.94 5067944.148, 15466126.94 5067944.148, 15466126.94 5070944.148))"
喜山期,2163,15467626.94,5066444.148,0.0092024649857705,0.0003556152904824,4,0.0,0.0,False,0.4113856068743287,0.4989258861439312,0.0,0.4376476906552094,"POLYGON ((15466126.94 5067944.148, 15469126.94 5067944.148, 15469126.94 5064944.148, 15466126.94 5064944.148, 15466126.94 5067944.148))"
喜山期,2164,15467626.94,5063444.148,0.0097942687580094,0.0003556152904824,4,0.0,0.0,False,0.430719656283566,0.4989258861439312,0.0,0.4511815252416756,"POLYGON ((15466126.94 5064944.148, 15469126.94 5064944.148, 15469126.94 5061944.148, 15466126.94 5061944.148, 15466126.94 5064944.148))"
喜山期,2165,15467626.94,5060444.148,0.0103157174929704,0.0003556152904824,4,0.0,0.0,False,0.4554242749731471,0.4989258861439312,0.0,0.4684747583243823,"POLYGON ((15466126.94 5061944.148, 15469126.94 5061944.148, 15469126.94 5058944.148, 15466126.94 5058944.148, 15466126.94 5061944.148))"
喜山期,2166,15467626.94,5057444.148,0.010786343242134,0.0003556152904824,4,0.0,0.0,False,0.476906552094522,0.4989258861439312,0.0,0.4835123523093448,"POLYGON ((15466126.94 5058944.148, 15469126.94 5058944.148, 15469126.94 5055944.148, 15466126.94 5055944.148, 15466126.94 5058944.148))"
喜山期,2167,15467626.94,5054444.148,0.0112257152608149,0.0003556152904824,4,0.0,0.0,False,0.4897959183673469,0.4989258861439312,0.0,0.4925349087003222,"POLYGON ((15466126.94 5055944.148, 15469126.94 5055944.148, 15469126.94 5052944.148, 15466126.94 5052944.148, 15466126.94 5055944.148))"
喜山期,2168,15467626.94,5051444.148,0.0116556472519896,0.0003556152904824,4,0.0,0.0,False,0.5069817400644469,0.4989258861439312,0.0,0.5045649838882922,"POLYGON ((15466126.94 5052944.148, 15469126.94 5052944.148, 15469126.94 5049944.148, 15466126.94 5049944.148, 15466126.94 5052944.148))"
喜山期,2169,15467626.94,5048444.148,0.0121034614622469,0.0003556152904824,4,0.0,0.0,False,0.5266738274257071,0.4989258861439312,0.0,0.5183494450411743,"POLYGON ((15466126.94 5049944.148, 15469126.94 5049944.148, 15469126.94 5046944.148, 15466126.94 5046944.148, 15466126.94 5049944.148))"
喜山期,2170,15467626.94,5045444.148,0.0126065075961626,0.0003556152904824,4,0.0,0.0,False,0.5467239527389903,0.4989258861439312,0.0,0.5323845327604726,"POLYGON ((15466126.94 5046944.148, 15469126.94 5046944.148, 15469126.94 5043944.148, 15466126.94 5043944.148, 15466126.94 5046944.148))"
喜山期,2171,15467626.94,5042444.148,0.0132175627371592,0.0003556152904824,4,0.0,0.0,False,0.564983888292159,0.4989258861439312,0.0,0.5451664876476906,"POLYGON ((15466126.94 5043944.148, 15469126.94 5043944.148, 15469126.94 5040944.148, 15466126.94 5040944.148, 15466126.94 5043944.148))"
喜山期,2172,15467626.94,5039444.148,0.0140088016707671,0.0003556152904824,4,0.0,0.0,False,0.59828141783029,0.4989258861439312,0.0,0.5684747583243823,"POLYGON ((15466126.94 5040944.148, 15469126.94 5040944.148, 15469126.94 5037944.148, 15466126.94 5037944.148, 15466126.94 5040944.148))"
喜山期,2173,15467626.94,5036444.148,0.0150676266838617,0.0003556152904824,4,0.0,0.0,False,0.6312209094163982,0.4989258861439312,0.0,0.5915324024346581,"POLYGON ((15466126.94 5037944.148, 15469126.94 5037944.148, 15469126.94 5034944.148, 15466126.94 5034944.148, 15466126.94 5037944.148))"
喜山期,2174,15467626.94,5033444.148,0.0164703413561805,0.0003556152904824,4,0.0,0.0,False,0.6741854636591479,0.4989258861439312,0.0,0.6216075904045828,"POLYGON ((15466126.94 5034944.148, 15469126.94 5034944.148, 15469126.94 5031944.148, 15466126.94 5031944.148, 15466126.94 5034944.148))"
喜山期,2175,15467626.94,5030444.148,0.018212804286283,0.0003556152904824,4,0.0,0.0,False,0.7314715359828142,0.4989258861439312,0.0,0.6617078410311493,"POLYGON ((15466126.94 5031944.148, 15469126.94 5031944.148, 15469126.94 5028944.148, 15466126.94 5028944.148, 15466126.94 5031944.148))"
喜山期,2176,15467626.94,5027444.148,0.0200842804674968,0.0003556152904824,4,0.0,0.0,False,0.7891156462585034,0.4989258861439312,0.0,0.7020587182241317,"POLYGON ((15466126.94 5028944.148, 15469126.94 5028944.148, 15469126.94 5025944.148, 15466126.94 5025944.148, 15466126.94 5028944.148))"
喜山期,2177,15467626.94,5024444.148,0.0215212141408713,0.0003556152904824,4,0.0,1.0,True,0.8453276047261009,0.4989258861439312,0.0,0.7414070891514499,"POLYGON ((15466126.94 5025944.148, 15469126.94 5025944.148, 15469126.94 5022944.148, 15466126.94 5022944.148, 15466126.94 5025944.148))"
喜山期,2178,15467626.94,5021444.148,0.0234612842491985,0.0003556152904824,4,0.0,1.0,True,0.9262441818832796,0.4989258861439312,0.0,0.7980486931614751,"POLYGON ((15466126.94 5022944.148, 15469126.94 5022944.148, 15469126.94 5019944.148, 15466126.94 5019944.148, 15466126.94 5022944.148))"
喜山期,2179,15467626.94,5018444.148,0.0112387612368188,0.0003556152904824,4,0.0,0.0,False,0.4908700322234157,0.4989258861439312,0.0,0.4932867883995703,"POLYGON ((15466126.94 5019944.148, 15469126.94 5019944.148, 15469126.94 5016944.148, 15466126.94 5016944.148, 15466126.94 5019944.148))"
喜山期,2180,15467626.94,5015444.148,0.0227483735595679,0.0003556152904824,4,0.0,1.0,True,0.8947368421052632,0.4989258861439312,0.0,0.7759935553168635,"POLYGON ((15466126.94 5016944.148, 15469126.94 5016944.148, 15469126.94 5013944.148, 15466126.94 5013944.148, 15466126.94 5016944.148))"
喜山期,2181,15467626.94,5012444.148,0.0210575073127137,0.0003556152904824,4,0.0,1.0,True,0.8274257071249552,0.4989258861439312,0.0,0.728875760830648,"POLYGON ((15466126.94 5013944.148, 15469126.94 5013944.148, 15469126.94 5010944.148, 15466126.94 5010944.148, 15466126.94 5013944.148))"
喜山期,2182,15467626.94,5009444.148,0.0200757778556684,0.0003556152904824,4,0.0,0.0,False,0.7887576083064805,0.4989258861439312,0.0,0.7018080916577156,"POLYGON ((15466126.94 5010944.148, 15469126.94 5010944.148, 15469126.94 5007944.148, 15466126.94 5007944.148, 15466126.94 5010944.148))"
喜山期,2183,15467626.94,5006444.148,0.0185527373897081,0.0003556152904824,4,0.0,0.0,False,0.740422484783387,0.4989258861439312,0.0,0.6679735051915503,"POLYGON ((15466126.94 5007944.148, 15469126.94 5007944.148, 15469126.94 5004944.148, 15466126.94 5004944.148, 15466126.94 5007944.148))"
喜山期,2184,15467626.94,5003444.148,0.0170224172650654,0.0003556152904824,4,0.0,0.0,False,0.6928034371643395,0.4989258861439312,0.0,0.634640171858217,"POLYGON ((15466126.94 5004944.148, 15469126.94 5004944.148, 15469126.94 5001944.148, 15466126.94 5001944.148, 15466126.94 5004944.148))"
喜山期,2185,15467626.94,5000444.148,0.0157299248635534,0.0003556152904824,4,0.0,0.0,False,0.6505549588256355,0.4989258861439312,0.0,0.6050662370211242,"POLYGON ((15466126.94 5001944.148, 15469126.94 5001944.148, 15469126.94 4998944.148, 15466126.94 4998944.148, 15466126.94 5001944.148))"
喜山期,2186,15467626.94,4997444.148,0.0147253153292169,0.0003556152904824,4,0.0,0.0,False,0.6165413533834586,0.4989258861439312,0.0,0.5812567132116004,"POLYGON ((15466126.94 4998944.148, 15469126.94 4998944.148, 15469126.94 4995944.148, 15466126.94 4995944.148, 15466126.94 4998944.148))"
喜山期,2187,15467626.94,4994444.148,0.013966457430432,0.0003556152904824,4,0.0,0.0,False,0.5972073039742213,0.4989258861439312,0.0,0.5677228786251343,"POLYGON ((15466126.94 4995944.148, 15469126.94 4995944.148, 15469126.94 4992944.148, 15466126.94 4992944.148, 15466126.94 4995944.148))"
喜山期,2188,15467626.94,4991444.148,0.0133852085940577,0.0003556152904824,4,0.0,0.0,False,0.5714285714285714,0.4989258861439312,0.0,0.5496777658431793,"POLYGON ((15466126.94 4992944.148, 15469126.94 4992944.148, 15469126.94 4989944.148, 15466126.94 4989944.148, 15466126.94 4992944.148))"
喜山期,2189,15467626.94,4988444.148,0.012918220201046,0.0003556152904824,4,0.0,0.0,False,0.5574650912996778,0.4989258861439312,0.0,0.5399033297529539,"POLYGON ((15466126.94 4989944.148, 15469126.94 4989944.148, 15469126.94 4986944.148, 15466126.94 4986944.148, 15466126.94 4989944.148))"
喜山期,2190,15467626.94,4985444.148,0.0125161957537139,0.0003556152904824,4,0.0,0.0,False,0.5427855352667382,0.4989258861439312,0.0,0.5296276405298961,"POLYGON ((15466126.94 4986944.148, 15469126.94 4986944.148, 15469126.94 4983944.148, 15466126.94 4983944.148, 15466126.94 4986944.148))"
喜山期,2191,15467626.94,4982444.148,0.012143361437024,0.0003556152904824,4,0.0,0.0,False,0.5291800930898676,0.4989258861439312,0.0,0.5201038310060866,"POLYGON ((15466126.94 4983944.148, 15469126.94 4983944.148, 15469126.94 4980944.148, 15466126.94 4980944.148, 15466126.94 4983944.148))"
喜山期,2192,15467626.94,4979444.148,0.0117738890668864,0.0003556152904824,4,0.0,0.0,False,0.5098460436806301,0.4989258861439312,0.0,0.5065699964196204,"POLYGON ((15466126.94 4980944.148, 15469126.94 4980944.148, 15469126.94 4977944.148, 15466126.94 4977944.148, 15466126.94 4980944.148))"
喜山期,2193,15467626.94,4976444.148,0.0113882003831254,0.0003556152904824,4,0.0,0.0,False,0.4994629430719656,0.4989258861439312,0.0,0.4993018259935553,"POLYGON ((15466126.94 4977944.148, 15469126.94 4977944.148, 15469126.94 4974944.148, 15466126.94 4974944.148, 15466126.94 4977944.148))"
喜山期,2194,15467626.94,4973444.148,0.0109700303981458,0.0003556152904824,4,0.0,0.0,False,0.4819190834228428,0.4989258861439312,0.0,0.4870211242391693,"POLYGON ((15466126.94 4974944.148, 15469126.94 4974944.148, 15469126.94 4971944.148, 15466126.94 4971944.148, 15466126.94 4974944.148))"
喜山期,2195,15467626.94,4970444.148,0.0105042903545653,0.0003556152904824,4,0.0,0.0,False,0.4654493376297887,0.4989258861439312,0.0,0.4754923021840315,"POLYGON ((15466126.94 4971944.148, 15469126.94 4971944.148, 15469126.94 4968944.148, 15466126.94 4968944.148, 15466126.94 4971944.148))"
喜山期,2196,15467626.94,4967444.148,0.0099755606539765,0.0003556152904824,4,0.0,0.0,False,0.4407447189402076,0.4989258861439312,0.0,0.4581990691013247,"POLYGON ((15466126.94 4968944.148, 15469126.94 4968944.148, 15469126.94 4965944.148, 15466126.94 4965944.148, 15466126.94 4968944.148))"
喜山期,2197,15467626.94,4964444.148,0.0093670918106215,0.0003556152904824,4,0.0,0.0,False,0.4189044038668099,0.4989258861439312,0.0,0.4429108485499463,"POLYGON ((15466126.94 4965944.148, 15469126.94 4965944.148, 15469126.94 4962944.148, 15466126.94 4962944.148, 15466126.94 4965944.148))"
喜山期,2198,15467626.94,4961444.148,0.008660310939599,0.0003556152904824,4,0.0,0.0,False,0.3852488363766559,0.4989258861439312,0.0,0.4193519513068385,"POLYGON ((15466126.94 4962944.148, 15469126.94 4962944.148, 15469126.94 4959944.148, 15466126.94 4959944.148, 15466126.94 4962944.148))"
喜山期,2199,15467626.94,4958444.148,0.0078349272473121,0.0003556152904824,4,0.0,0.0,False,0.3465807375581811,0.4989258861439312,0.0,0.3922842821339061,"POLYGON ((15466126.94 4959944.148, 15469126.94 4959944.148, 15469126.94 4956944.148, 15466126.94 4956944.148, 15466126.94 4959944.148))"
喜山期,2200,15467626.94,4955444.148,0.0068697262969342,0.0003556152904824,4,0.0,0.0,False,0.3029001074113856,0.4989258861439312,0.0,0.3617078410311493,"POLYGON ((15466126.94 4956944.148, 15469126.94 4956944.148, 15469126.94 4953944.148, 15466126.94 4953944.148, 15466126.94 4956944.148))"
喜山期,2201,15467626.94,4952444.148,0.005743936410415,0.0003556152904824,4,0.0,0.0,False,0.2559971356963838,0.4989258861439312,0.0,0.328875760830648,"POLYGON ((15466126.94 4953944.148, 15469126.94 4953944.148, 15469126.94 4950944.148, 15466126.94 4950944.148, 15466126.94 4953944.148))"
喜山期,2202,15467626.94,4949444.148,0.0044384478563022,0.0003556152904824,4,0.0,0.0,False,0.1933404940923738,0.4989258861439312,0.0,0.285016111707841,"POLYGON ((15466126.94 4950944.148, 15469126.94 4950944.148, 15469126.94 4947944.148, 15466126.94 4947944.148, 15466126.94 4950944.148))"
喜山期,2203,15467626.94,4946444.148,0.0029345935733584,0.0003556152904824,4,0.0,0.0,False,0.1192266380236305,0.4989258861439312,0.0,0.2331364124597207,"POLYGON ((15466126.94 4947944.148, 15469126.94 4947944.148, 15469126.94 4944944.148, 15466126.94 4944944.148, 15466126.94 4947944.148))"
喜山期,2204,15467626.94,4943444.148,0.0012027059831749,0.0003556152904824,3,0.0,0.0,False,0.0429645542427497,0.4989258861439312,0.0,0.1797529538131042,"POLYGON ((15466126.94 4944944.148, 15469126.94 4944944.148, 15469126.94 4941944.148, 15466126.94 4941944.148, 15466126.94 4944944.148))"
喜山期,2205,15470626.94,5087444.148,0.0011684873138312,0.0003556152904824,3,0.0,0.0,False,0.0411743644826351,0.4989258861439312,0.0,0.178499820981024,"POLYGON ((15469126.94 5088944.148, 15472126.94 5088944.148, 15472126.94 5085944.148, 15469126.94 5085944.148, 15469126.94 5088944.148))"
喜山期,2206,15470626.94,5084444.148,0.0028148776435351,0.0003556152904824,4,0.0,0.0,False,0.1149301825993555,0.4989258861439312,0.0,0.2301288936627282,"POLYGON ((15469126.94 5085944.148, 15472126.94 5085944.148, 15472126.94 5082944.148, 15469126.94 5082944.148, 15469126.94 5085944.148))"
喜山期,2207,15470626.94,5081444.148,0.0041962262182937,0.0003556152904824,4,0.0,0.0,False,0.1818832796276405,0.4989258861439312,0.0,0.2769960615825277,"POLYGON ((15469126.94 5082944.148, 15472126.94 5082944.148, 15472126.94 5079944.148, 15469126.94 5079944.148, 15469126.94 5082944.148))"
喜山期,2208,15470626.94,5078444.148,0.005354097021786,0.0003556152904824,4,0.0,0.0,False,0.238453276047261,0.4989258861439312,0.0,0.316595059076262,"POLYGON ((15469126.94 5079944.148, 15472126.94 5079944.148, 15472126.94 5076944.148, 15469126.94 5076944.148, 15469126.94 5079944.148))"
喜山期,2209,15470626.94,5075444.148,0.0063211615983575,0.0003556152904824,4,0.0,0.0,False,0.2796276405298962,0.4989258861439312,0.0,0.3454171142141067,"POLYGON ((15469126.94 5076944.148, 15472126.94 5076944.148, 15472126.94 5073944.148, 15469126.94 5073944.148, 15469126.94 5076944.148))"
喜山期,2210,15470626.94,5072444.148,0.0071288299188202,0.0003556152904824,4,0.0,0.0,False,0.3215180809165771,0.4989258861439312,0.0,0.3747404224847833,"POLYGON ((15469126.94 5073944.148, 15472126.94 5073944.148, 15472126.94 5070944.148, 15469126.94 5070944.148, 15469126.94 5073944.148))"
喜山期,2211,15470626.94,5069444.148,0.0078067587384139,0.0003556152904824,4,0.0,0.0,False,0.3462226996061582,0.4989258861439312,0.0,0.3920336555674901,"POLYGON ((15469126.94 5070944.148, 15472126.94 5070944.148, 15472126.94 5067944.148, 15469126.94 5067944.148, 15469126.94 5070944.148))"
喜山期,2212,15470626.94,5066444.148,0.0083815797936963,0.0003556152904824,4,0.0,0.0,False,0.3673469387755102,0.4989258861439312,0.0,0.4068206229860365,"POLYGON ((15469126.94 5067944.148, 15472126.94 5067944.148, 15472126.94 5064944.148, 15469126.94 5064944.148, 15469126.94 5067944.148))"
喜山期,2213,15470626.94,5063444.148,0.0088763822738828,0.0003556152904824,4,0.0,0.0,False,0.4020766201217329,0.4989258861439312,0.0,0.4311313999283924,"POLYGON ((15469126.94 5064944.148, 15472126.94 5064944.148, 15472126.94 5061944.148, 15469126.94 5061944.148, 15469126.94 5064944.148))"
喜山期,2214,15470626.94,5060444.148,0.0093110801293051,0.0003556152904824,4,0.0,0.0,False,0.4171142141066953,0.4989258861439312,0.0,0.441657715717866,"POLYGON ((15469126.94 5061944.148, 15472126.94 5061944.148, 15472126.94 5058944.148, 15469126.94 5058944.148, 15469126.94 5061944.148))"
喜山期,2215,15470626.94,5057444.148,0.0097034738652916,0.0003556152904824,4,0.0,0.0,False,0.4271392767633369,0.4989258861439312,0.0,0.4486752595775152,"POLYGON ((15469126.94 5058944.148, 15472126.94 5058944.148, 15472126.94 5055944.148, 15469126.94 5055944.148, 15469126.94 5058944.148))"
喜山期,2216,15470626.94,5054444.148,0.0100708791424606,0.0003556152904824,4,0.0,0.0,False,0.4464733261725743,0.4989258861439312,0.0,0.4622090941639813,"POLYGON ((15469126.94 5055944.148, 15472126.94 5055944.148, 15472126.94 5052944.148, 15469126.94 5052944.148, 15469126.94 5055944.148))"
喜山期,2217,15470626.94,5051444.148,0.0104324168185907,0.0003556152904824,4,0.0,0.0,False,0.4611528822055137,0.4989258861439312,0.0,0.472484783387039,"POLYGON ((15469126.94 5052944.148, 15472126.94 5052944.148, 15472126.94 5049944.148, 15469126.94 5049944.148, 15469126.94 5052944.148))"
喜山期,2218,15470626.94,5048444.148,0.010812354171053,0.0003556152904824,4,0.0,0.0,False,0.4779806659505907,0.4989258861439312,0.0,0.4842642320085928,"POLYGON ((15469126.94 5049944.148, 15472126.94 5049944.148, 15472126.94 5046944.148, 15469126.94 5046944.148, 15469126.94 5049944.148))"
喜山期,2219,15470626.94,5045444.148,0.0112451810187654,0.0003556152904824,4,0.0,0.0,False,0.4919441460794844,0.4989258861439312,0.0,0.4940386680988184,"POLYGON ((15469126.94 5046944.148, 15472126.94 5046944.148, 15472126.94 5043944.148, 15469126.94 5043944.148, 15469126.94 5046944.148))"
喜山期,2220,15470626.94,5042444.148,0.0117831673604038,0.0003556152904824,4,0.0,0.0,False,0.5109201575366988,0.4989258861439312,0.0,0.5073218761188685,"POLYGON ((15469126.94 5043944.148, 15472126.94 5043944.148, 15472126.94 5040944.148, 15469126.94 5040944.148, 15469126.94 5043944.148))"
喜山期,2221,15470626.94,5039444.148,0.0125062744328478,0.0003556152904824,4,0.0,0.0,False,0.5424274973147154,0.4989258861439312,0.0,0.5293770139634801,"POLYGON ((15469126.94 5040944.148, 15472126.94 5040944.148, 15472126.94 5037944.148, 15469126.94 5037944.148, 15469126.94 5040944.148))"
喜山期,2222,15470626.94,5036444.148,0.0135307900046661,0.0003556152904824,4,0.0,0.0,False,0.5767991407089151,0.4989258861439312,0.0,0.55343716433942,"POLYGON ((15469126.94 5037944.148, 15472126.94 5037944.148, 15472126.94 5034944.148, 15469126.94 5034944.148, 15469126.94 5037944.148))"
喜山期,2223,15470626.94,5033444.148,0.015003881151623,0.0003556152904824,4,0.0,0.0,False,0.6272824919441461,0.4989258861439312,0.0,0.5887755102040816,"POLYGON ((15469126.94 5034944.148, 15472126.94 5034944.148, 15472126.94 5031944.148, 15469126.94 5031944.148, 15469126.94 5034944.148))"
喜山期,2224,15470626.94,5030444.148,0.0170532223350883,0.0003556152904824,4,0.0,0.0,False,0.6938775510204082,0.4989258861439312,0.0,0.635392051557465,"POLYGON ((15469126.94 5031944.148, 15472126.94 5031944.148, 15472126.94 5028944.148, 15469126.94 5028944.148, 15469126.94 5031944.148))"
喜山期,2225,15470626.94,5027444.148,0.0196377827554304,0.0003556152904824,4,0.0,0.0,False,0.7765843179377014,0.4989258861439312,0.0,0.6932867883995704,"POLYGON ((15469126.94 5028944.148, 15472126.94 5028944.148, 15472126.94 5025944.148, 15469126.94 5025944.148, 15469126.94 5028944.148))"
喜山期,2226,15470626.94,5024444.148,0.0222500651344553,0.0003556152904824,4,0.0,1.0,True,0.874328678839957,0.4989258861439312,0.0,0.7617078410311493,"POLYGON ((15469126.94 5025944.148, 15472126.94 5025944.148, 15472126.94 5022944.148, 15469126.94 5022944.148, 15469126.94 5025944.148))"
喜山期,2227,15470626.94,5021444.148,0.0254540865910792,0.0003556152904824,4,0.0,1.0,True,0.9928392409595416,0.4989258861439312,0.0,0.8446652345148585,"POLYGON ((15469126.94 5022944.148, 15472126.94 5022944.148, 15472126.94 5019944.148, 15469126.94 5019944.148, 15469126.94 5022944.148))"
喜山期,2228,15470626.94,5018444.148,0.0099691122440514,0.0003556152904824,4,0.0,0.0,False,0.4403866809881847,0.4989258861439312,0.0,0.4579484425349087,"POLYGON ((15469126.94 5019944.148, 15472126.94 5019944.148, 15472126.94 5016944.148, 15469126.94 5016944.148, 15469126.94 5019944.148))"
喜山期,2229,15470626.94,5015444.148,0.0246558057001261,0.0003556152904824,4,0.0,1.0,True,0.9846043680630148,0.4989258861439312,0.0,0.8389008234872896,"POLYGON ((15469126.94 5016944.148, 15472126.94 5016944.148, 15472126.94 5013944.148, 15469126.94 5013944.148, 15469126.94 5016944.148))"
喜山期,2230,15470626.94,5012444.148,0.0218876799029019,0.0003556152904824,4,0.0,1.0,True,0.8614393125671321,0.4989258861439312,0.0,0.7526852846401718,"POLYGON ((15469126.94 5013944.148, 15472126.94 5013944.148, 15472126.94 5010944.148, 15469126.94 5010944.148, 15469126.94 5013944.148))"
喜山期,2231,15470626.94,5009444.148,0.0197947428726625,0.0003556152904824,4,0.0,0.0,False,0.7808807733619764,0.4989258861439312,0.0,0.6962943071965628,"POLYGON ((15469126.94 5010944.148, 15472126.94 5010944.148, 15472126.94 5007944.148, 15469126.94 5007944.148, 15469126.94 5010944.148))"
喜山期,2232,15470626.94,5006444.148,0.0175263448003099,0.0003556152904824,4,0.0,0.0,False,0.7064088793412102,0.4989258861439312,0.0,0.6441639813820266,"POLYGON ((15469126.94 5007944.148, 15472126.94 5007944.148, 15472126.94 5004944.148, 15469126.94 5004944.148, 15469126.94 5007944.148))"
喜山期,2233,15470626.94,5003444.148,0.0156269617172091,0.0003556152904824,4,0.0,0.0,False,0.6494808449695668,0.4989258861439312,0.0,0.6043143573218761,"POLYGON ((15469126.94 5004944.148, 15472126.94 5004944.148, 15472126.94 5001944.148, 15469126.94 5001944.148, 15469126.94 5004944.148))"
喜山期,2234,15470626.94,5000444.148,0.0142105310837725,0.0003556152904824,4,0.0,0.0,False,0.6036519871106337,0.4989258861439312,0.0,0.572234156820623,"POLYGON ((15469126.94 5001944.148, 15472126.94 5001944.148, 15472126.94 4998944.148, 15469126.94 4998944.148, 15469126.94 5001944.148))"
喜山期,2235,15470626.94,4997444.148,0.0132048776904882,0.0003556152904824,4,0.0,0.0,False,0.564625850340136,0.4989258861439312,0.0,0.5449158610812745,"POLYGON ((15469126.94 4998944.148, 15472126.94 4998944.148, 15472126.94 4995944.148, 15469126.94 4995944.148, 15469126.94 4998944.148))"
喜山期,2236,15470626.94,4994444.148,0.0124930376151929,0.0003556152904824,4,0.0,0.0,False,0.5417114214106695,0.4989258861439312,0.0,0.528875760830648,"POLYGON ((15469126.94 4995944.148, 15472126.94 4995944.148, 15472126.94 4992944.148, 15469126.94 4992944.148, 15469126.94 4995944.148))"
喜山期,2237,15470626.94,4991444.148,0.0119714459829261,0.0003556152904824,4,0.0,0.0,False,0.5180809165771572,0.4989258861439312,0.0,0.5123344074471894,"POLYGON ((15469126.94 4992944.148, 15472126.94 4992944.148, 15472126.94 4989944.148, 15469126.94 4989944.148, 15469126.94 4992944.148))"
喜山期,2238,15470626.94,4988444.148,0.0115640931999328,0.0003556152904824,4,0.0,0.0,False,0.5037593984962406,0.4989258861439312,0.0,0.5023093447905478,"POLYGON ((15469126.94 4989944.148, 15472126.94 4989944.148, 15472126.94 4986944.148, 15469126.94 4986944.148, 15469126.94 4989944.148))"
喜山期,2239,15470626.94,4985444.148,0.0112194434741917,0.0003556152904824,4,0.0,0.0,False,0.4890798424633011,0.4989258861439312,0.0,0.4920336555674901,"POLYGON ((15469126.94 4986944.148, 15472126.94 4986944.148, 15472126.94 4983944.148, 15469126.94 4983944.148, 15469126.94 4986944.148))"
喜山期,2240,15470626.94,4982444.148,0.0109032482316578,0.0003556152904824,4,0.0,0.0,False,0.4804869316147511,0.4989258861439312,0.0,0.4860186179735051,"POLYGON ((15469126.94 4983944.148, 15472126.94 4983944.148, 15472126.94 4980944.148, 15469126.94 4980944.148, 15469126.94 4983944.148))"
喜山期,2241,15470626.94,4979444.148,0.0105920989725857,0.0003556152904824,4,0.0,0.0,False,0.4711779448621553,0.4989258861439312,0.0,0.4795023272466881,"POLYGON ((15469126.94 4980944.148, 15472126.94 4980944.148, 15472126.94 4977944.148, 15469126.94 4977944.148, 15469126.94 4980944.148))"
喜山期,2242,15470626.94,4976444.148,0.010268770763268,0.0003556152904824,4,0.0,0.0,False,0.4543501611170784,0.4989258861439312,0.0,0.4677228786251343,"POLYGON ((15469126.94 4977944.148, 15472126.94 4977944.148, 15472126.94 4974944.148, 15469126.94 4974944.148, 15469126.94 4977944.148))"
喜山期,2243,15470626.94,4973444.148,0.0099190897027491,0.0003556152904824,4,0.0,0.0,False,0.4375223773720014,0.4989258861439312,0.0,0.4559434300035804,"POLYGON ((15469126.94 4974944.148, 15472126.94 4974944.148, 15472126.94 4971944.148, 15469126.94 4971944.148, 15469126.94 4974944.148))"
喜山期,2244,15470626.94,4970444.148,0.0095298064820258,0.0003556152904824,4,0.0,0.0,False,0.4235588972431077,0.4989258861439312,0.0,0.4461689939133548,"POLYGON ((15469126.94 4971944.148, 15472126.94 4971944.148, 15472126.94 4968944.148, 15469126.94 4968944.148, 15469126.94 4971944.148))"
喜山期,2245,15470626.94,4967444.148,0.0090870639449529,0.0003556152904824,4,0.0,0.0,False,0.4088793412101683,0.4989258861439312,0.0,0.4358933046902971,"POLYGON ((15469126.94 4968944.148, 15472126.94 4968944.148, 15472126.94 4965944.148, 15469126.94 4965944.148, 15469126.94 4968944.148))"
喜山期,2246,15470626.94,4964444.148,0.0085752285245459,0.0003556152904824,4,0.0,0.0,False,0.3780880773361976,0.4989258861439312,0.0,0.4143394199785177,"POLYGON ((15469126.94 4965944.148, 15472126.94 4965944.148, 15472126.94 4962944.148, 15469126.94 4962944.148, 15469126.94 4965944.148))"
喜山期,2247,15470626.94,4961444.148,0.0079760295763794,0.0003556152904824,4,0.0,0.0,False,0.3515932688865019,0.4989258861439312,0.0,0.3957930540637307,"POLYGON ((15469126.94 4962944.148, 15472126.94 4962944.148, 15472126.94 4959944.148, 15469126.94 4959944.148, 15469126.94 4962944.148))"
喜山期,2248,15470626.94,4958444.148,0.0072680941491421,0.0003556152904824,4,0.0,0.0,False,0.3308270676691729,0.4989258861439312,0.0,0.3812567132116004,"POLYGON ((15469126.94 4959944.148, 15472126.94 4959944.148, 15472126.94 4956944.148, 15469126.94 4956944.148, 15469126.94 4959944.148))"
喜山期,2249,15470626.94,4955444.148,0.0064270464163976,0.0003556152904824,4,0.0,0.0,False,0.2835660580021482,0.4989258861439312,0.0,0.3481740064446831,"POLYGON ((15469126.94 4956944.148, 15472126.94 4956944.148, 15472126.94 4953944.148, 15469126.94 4953944.148, 15469126.94 4956944.148))"
喜山期,2250,15470626.94,4952444.148,0.0054262792207543,0.0003556152904824,4,0.0,0.0,False,0.2398854278553526,0.4989258861439312,0.0,0.3175975653419262,"POLYGON ((15469126.94 4953944.148, 15472126.94 4953944.148, 15472126.94 4950944.148, 15469126.94 4950944.148, 15469126.94 4953944.148))"
喜山期,2251,15470626.94,4949444.148,0.0042380960328639,0.0003556152904824,4,0.0,0.0,False,0.1858216970998926,0.4989258861439312,0.0,0.2797529538131041,"POLYGON ((15469126.94 4950944.148, 15472126.94 4950944.148, 15472126.94 4947944.148, 15469126.94 4947944.148, 15469126.94 4950944.148))"
喜山期,2252,15470626.94,4946444.148,0.0028335112096606,0.0003556152904824,4,0.0,0.0,False,0.1156462585034013,0.4989258861439312,0.0,0.2306301467955603,"POLYGON ((15469126.94 4947944.148, 15472126.94 4947944.148, 15472126.94 4944944.148, 15469126.94 4944944.148, 15469126.94 4947944.148))"
喜山期,2253,15470626.94,4943444.148,0.0011733286507244,0.0003556152904824,3,0.0,0.0,False,0.041532402434658,0.4989258861439312,0.0,0.17875044754744,"POLYGON ((15469126.94 4944944.148, 15472126.94 4944944.148, 15472126.94 4941944.148, 15469126.94 4941944.148, 15469126.94 4944944.148))"
喜山期,2254,15473626.94,5087444.148,0.0011184422702484,0.0003556152904824,3,0.0,0.0,False,0.0390261367704976,0.4989258861439312,0.0,0.1769960615825277,"POLYGON ((15472126.94 5088944.148, 15475126.94 5088944.148, 15475126.94 5085944.148, 15472126.94 5085944.148, 15472126.94 5088944.148))"
喜山期,2255,15473626.94,5084444.148,0.0026591711843645,0.0003556152904824,4,0.0,0.0,False,0.1120658789831722,0.4989258861439312,0.0,0.2281238811313999,"POLYGON ((15472126.94 5085944.148, 15475126.94 5085944.148, 15475126.94 5082944.148, 15472126.94 5082944.148, 15472126.94 5085944.148))"
喜山期,2256,15473626.94,5081444.148,0.0039063649758079,0.0003556152904824,4,0.0,0.0,False,0.1725742928750447,0.4989258861439312,0.0,0.2704797708557107,"POLYGON ((15472126.94 5082944.148, 15475126.94 5082944.148, 15475126.94 5079944.148, 15472126.94 5079944.148, 15472126.94 5082944.148))"
喜山期,2257,15473626.94,5078444.148,0.0049192107128674,0.0003556152904824,4,0.0,0.0,False,0.2083780880773362,0.4989258861439312,0.0,0.2955424274973147,"POLYGON ((15472126.94 5079944.148, 15475126.94 5079944.148, 15475126.94 5076944.148, 15472126.94 5076944.148, 15472126.94 5079944.148))"
喜山期,2258,15473626.94,5075444.148,0.0057435408898556,0.0003556152904824,4,0.0,0.0,False,0.2556390977443609,0.4989258861439312,0.0,0.328625134264232,"POLYGON ((15472126.94 5076944.148, 15475126.94 5076944.148, 15475126.94 5073944.148, 15472126.94 5073944.148, 15472126.94 5076944.148))"
喜山期,2259,15473626.94,5072444.148,0.0064185947447487,0.0003556152904824,4,0.0,0.0,False,0.2828499820981024,0.4989258861439312,0.0,0.347672753311851,"POLYGON ((15472126.94 5073944.148, 15475126.94 5073944.148, 15475126.94 5070944.148, 15472126.94 5070944.148, 15472126.94 5073944.148))"
喜山期,2260,15473626.94,5069444.148,0.0069774886996026,0.0003556152904824,4,0.0,0.0,False,0.309702828499821,0.4989258861439312,0.0,0.3664697457930541,"POLYGON ((15472126.94 5070944.148, 15475126.94 5070944.148, 15475126.94 5067944.148, 15472126.94 5067944.148, 15472126.94 5070944.148))"
喜山期,2261,15473626.94,5066444.148,0.0074473791711316,0.0003556152904824,4,0.0,0.0,False,0.3358395989974937,0.4989258861439312,0.0,0.3847654851414249,"POLYGON ((15472126.94 5067944.148, 15475126.94 5067944.148, 15475126.94 5064944.148, 15472126.94 5064944.148, 15472126.94 5067944.148))"
喜山期,2262,15473626.94,5063444.148,0.0078501980436819,0.0003556152904824,4,0.0,0.0,False,0.3476548514142499,0.4989258861439312,0.0,0.3930361618331542,"POLYGON ((15472126.94 5064944.148, 15475126.94 5064944.148, 15475126.94 5061944.148, 15472126.94 5061944.148, 15472126.94 5064944.148))"
喜山期,2263,15473626.94,5060444.148,0.0082038736819027,0.0003556152904824,4,0.0,0.0,False,0.3612602935911206,0.4989258861439312,0.0,0.4025599713569638,"POLYGON ((15472126.94 5061944.148, 15475126.94 5061944.148, 15475126.94 5058944.148, 15472126.94 5058944.148, 15472126.94 5061944.148))"
喜山期,2264,15473626.94,5057444.148,0.0085238433426652,0.0003556152904824,4,0.0,0.0,False,0.3748657357679914,0.4989258861439312,0.0,0.4120837808807733,"POLYGON ((15472126.94 5058944.148, 15475126.94 5058944.148, 15475126.94 5055944.148, 15472126.94 5055944.148, 15472126.94 5058944.148))"
喜山期,2265,15473626.94,5054444.148,0.0088248040012173,0.0003556152904824,4,0.0,0.0,False,0.3988542785535267,0.4989258861439312,0.0,0.428875760830648,"POLYGON ((15472126.94 5055944.148, 15475126.94 5055944.148, 15475126.94 5052944.148, 15472126.94 5052944.148, 15472126.94 5055944.148))"
喜山期,2266,15473626.94,5051444.148,0.0091228830688696,0.0003556152904824,4,0.0,0.0,False,0.4095954171142141,0.4989258861439312,0.0,0.4363945578231292,"POLYGON ((15472126.94 5052944.148, 15475126.94 5052944.148, 15475126.94 5049944.148, 15472126.94 5049944.148, 15472126.94 5052944.148))"
喜山期,2267,15473626.94,5048444.148,0.0094387286749756,0.0003556152904824,4,0.0,0.0,False,0.4206945936269244,0.4989258861439312,0.0,0.4441639813820265,"POLYGON ((15472126.94 5049944.148, 15475126.94 5049944.148, 15475126.94 5046944.148, 15472126.94 5046944.148, 15472126.94 5049944.148))"
喜山期,2268,15473626.94,5045444.148,0.0098024773603268,0.0003556152904824,4,0.0,0.0,False,0.4310776942355889,0.4989258861439312,0.0,0.4514321518080916,"POLYGON ((15472126.94 5046944.148, 15475126.94 5046944.148, 15475126.94 5043944.148, 15472126.94 5043944.148, 15472126.94 5046944.148))"
喜山期,2269,15473626.94,5042444.148,0.010262183527609,0.0003556152904824,4,0.0,0.0,False,0.4536340852130325,0.4989258861439312,0.0,0.4672216254923022,"POLYGON ((15472126.94 5043944.148, 15475126.94 5043944.148, 15475126.94 5040944.148, 15472126.94 5040944.148, 15472126.94 5043944.148))"
喜山期,2270,15473626.94,5039444.148,0.010897835514109,0.0003556152904824,4,0.0,0.0,False,0.4801288936627282,0.4989258861439312,0.0,0.4857679914070891,"POLYGON ((15472126.94 5040944.148, 15475126.94 5040944.148, 15475126.94 5037944.148, 15472126.94 5037944.148, 15472126.94 5040944.148))"
喜山期,2271,15473626.94,5036444.148,0.0118423033436826,0.0003556152904824,4,0.0,0.0,False,0.5137844611528822,0.4989258861439312,0.0,0.5093268886501969,"POLYGON ((15472126.94 5037944.148, 15475126.94 5037944.148, 15475126.94 5034944.148, 15472126.94 5034944.148, 15472126.94 5037944.148))"
喜山期,2272,15473626.94,5033444.148,0.0133046102028895,0.0003556152904824,4,0.0,0.0,False,0.5682062298603652,0.4989258861439312,0.0,0.547422126745435,"POLYGON ((15472126.94 5034944.148, 15475126.94 5034944.148, 15475126.94 5031944.148, 15472126.94 5031944.148, 15472126.94 5034944.148))"
喜山期,2273,15473626.94,5030444.148,0.0155703153340473,0.0003556152904824,4,0.0,0.0,False,0.6480486931614751,0.4989258861439312,0.0,0.6033118510562119,"POLYGON ((15472126.94 5031944.148, 15475126.94 5031944.148, 15475126.94 5028944.148, 15472126.94 5028944.148, 15472126.94 5031944.148))"
喜山期,2274,15473626.94,5027444.148,0.0189006988500111,0.0003556152904824,4,0.0,0.0,False,0.7500895094880057,0.4989258861439312,0.0,0.6747404224847833,"POLYGON ((15472126.94 5028944.148, 15475126.94 5028944.148, 15475126.94 5025944.148, 15472126.94 5025944.148, 15472126.94 5028944.148))"
喜山期,2275,15473626.94,5024444.148,0.0231501542557922,0.0003556152904824,4,0.0,1.0,True,0.912280701754386,0.4989258861439312,0.0,0.7882742570712494,"POLYGON ((15472126.94 5025944.148, 15475126.94 5025944.148, 15475126.94 5022944.148, 15472126.94 5022944.148, 15472126.94 5025944.148))"
喜山期,2276,15473626.94,5021444.148,0.0287683527573691,0.0003556152904824,4,0.0,1.0,True,0.9942713927676332,0.4989258861439312,0.0,0.8456677407805226,"POLYGON ((15472126.94 5022944.148, 15475126.94 5022944.148, 15475126.94 5019944.148, 15472126.94 5019944.148, 15472126.94 5022944.148))"
喜山期,2277,15473626.94,5018444.148,0.0086436832944324,0.0003556152904824,4,0.0,0.0,False,0.3841747225205872,0.4989258861439312,0.0,0.4186000716075904,"POLYGON ((15472126.94 5019944.148, 15475126.94 5019944.148, 15475126.94 5016944.148, 15472126.94 5016944.148, 15472126.94 5019944.148))"
喜山期,2278,15473626.94,5015444.148,0.0279145630749127,0.0003556152904824,4,0.0,1.0,True,0.9939133548156104,0.4989258861439312,0.0,0.8454171142141067,"POLYGON ((15472126.94 5016944.148, 15475126.94 5016944.148, 15475126.94 5013944.148, 15472126.94 5013944.148, 15472126.94 5016944.148))"
喜山期,2279,15473626.94,5012444.148,0.0229783898824547,0.0003556152904824,4,0.0,1.0,True,0.903687790905836,0.4989258861439312,0.0,0.7822592194772646,"POLYGON ((15472126.94 5013944.148, 15475126.94 5013944.148, 15475126.94 5010944.148, 15472126.94 5010944.148, 15472126.94 5013944.148))"
喜山期,2280,15473626.94,5009444.148,0.0192674120957881,0.0003556152904824,4,0.0,0.0,False,0.7640529896168994,0.4989258861439312,0.0,0.6845148585750089,"POLYGON ((15472126.94 5010944.148, 15475126.94 5010944.148, 15475126.94 5007944.148, 15472126.94 5007944.148, 15472126.94 5010944.148))"
喜山期,2281,15473626.94,5006444.148,0.0161756523501581,0.0003556152904824,4,0.0,0.0,False,0.6659505907626209,0.4989258861439312,0.0,0.6158431793770139,"POLYGON ((15472126.94 5007944.148, 15475126.94 5007944.148, 15475126.94 5004944.148, 15472126.94 5004944.148, 15472126.94 5007944.148))"
喜山期,2282,15473626.94,5003444.148,0.0139813309566728,0.0003556152904824,4,0.0,0.0,False,0.5975653419262442,0.4989258861439312,0.0,0.5679735051915503,"POLYGON ((15472126.94 5004944.148, 15475126.94 5004944.148, 15475126.94 5001944.148, 15472126.94 5001944.148, 15472126.94 5004944.148))"
喜山期,2283,15473626.94,5000444.148,0.0125245847076593,0.0003556152904824,4,0.0,0.0,False,0.5431435732187612,0.4989258861439312,0.0,0.5298782670963122,"POLYGON ((15472126.94 5001944.148, 15475126.94 5001944.148, 15475126.94 4998944.148, 15472126.94 4998944.148, 15472126.94 5001944.148))"
喜山期,2284,15473626.94,4997444.148,0.0115715975456022,0.0003556152904824,4,0.0,0.0,False,0.5041174364482636,0.4989258861439312,0.0,0.5025599713569638,"POLYGON ((15472126.94 4998944.148, 15475126.94 4998944.148, 15475126.94 4995944.148, 15472126.94 4995944.148, 15472126.94 4998944.148))"
喜山期,2285,15473626.94,4994444.148,0.0109330242083112,0.0003556152904824,4,0.0,0.0,False,0.4812030075187969,0.4989258861439312,0.0,0.4865198711063372,"POLYGON ((15472126.94 4995944.148, 15475126.94 4995944.148, 15475126.94 4992944.148, 15472126.94 4992944.148, 15472126.94 4995944.148))"
喜山期,2286,15473626.94,4991444.148,0.0104807794944172,0.0003556152904824,4,0.0,0.0,False,0.4636591478696741,0.4989258861439312,0.0,0.4742391693519512,"POLYGON ((15472126.94 4992944.148, 15475126.94 4992944.148, 15475126.94 4989944.148, 15472126.94 4989944.148, 15472126.94 4992944.148))"
喜山期,2287,15473626.94,4988444.148,0.0101345535203233,0.0003556152904824,4,0.0,0.0,False,0.4489795918367347,0.4989258861439312,0.0,0.4639634801288936,"POLYGON ((15472126.94 4989944.148, 15475126.94 4989944.148, 15475126.94 4986944.148, 15472126.94 4986944.148, 15472126.94 4989944.148))"
喜山期,2288,15473626.94,4985444.148,0.0098451297293809,0.0003556152904824,4,0.0,0.0,False,0.4328678839957035,0.4989258861439312,0.0,0.4526852846401718,"POLYGON ((15472126.94 4986944.148, 15475126.94 4986944.148, 15475126.94 4983944.148, 15472126.94 4983944.148, 15472126.94 4986944.148))"
喜山期,2289,15473626.94,4982444.148,0.0095818290987279,0.0003556152904824,4,0.0,0.0,False,0.4249910490511994,0.4989258861439312,0.0,0.4471715001790189,"POLYGON ((15472126.94 4983944.148, 15475126.94 4983944.148, 15475126.94 4980944.148, 15472126.94 4980944.148, 15472126.94 4983944.148))"
喜山期,2290,15473626.94,4979444.148,0.0093244532976069,0.0003556152904824,4,0.0,0.0,False,0.4174722520587182,0.4989258861439312,0.0,0.4419083422842821,"POLYGON ((15472126.94 4980944.148, 15475126.94 4980944.148, 15475126.94 4977944.148, 15472126.94 4977944.148, 15472126.94 4980944.148))"
喜山期,2291,15473626.94,4976444.148,0.0090584150659291,0.0003556152904824,4,0.0,0.0,False,0.4070891514500537,0.4989258861439312,0.0,0.4346401718582169,"POLYGON ((15472126.94 4977944.148, 15475126.94 4977944.148, 15475126.94 4974944.148, 15472126.94 4974944.148, 15472126.94 4977944.148))"
喜山期,2292,15473626.94,4973444.148,0.0087717793212186,0.0003556152904824,4,0.0,0.0,False,0.39312567132116,0.4989258861439312,0.0,0.4248657357679914,"POLYGON ((15472126.94 4974944.148, 15475126.94 4974944.148, 15475126.94 4971944.148, 15472126.94 4971944.148, 15472126.94 4974944.148))"
喜山期,2293,15473626.94,4970444.148,0.0084533342619891,0.0003556152904824,4,0.0,0.0,False,0.3691371285356248,0.4989258861439312,0.0,0.4080737558181167,"POLYGON ((15472126.94 4971944.148, 15475126.94 4971944.148, 15475126.94 4968944.148, 15472126.94 4968944.148, 15472126.94 4971944.148))"
喜山期,2294,15473626.94,4967444.148,0.008091162560228,0.0003556152904824,4,0.0,0.0,False,0.3562477622627998,0.4989258861439312,0.0,0.3990511994271393,"POLYGON ((15472126.94 4968944.148, 15475126.94 4968944.148, 15475126.94 4965944.148, 15472126.94 4965944.148, 15472126.94 4968944.148))"
喜山期,2295,15473626.94,4964444.148,0.0076714280149615,0.0003556152904824,4,0.0,0.0,False,0.3412101682778374,0.4989258861439312,0.0,0.3885248836376656,"POLYGON ((15472126.94 4965944.148, 15475126.94 4965944.148, 15475126.94 4962944.148, 15472126.94 4962944.148, 15472126.94 4965944.148))"
喜山期,2296,15473626.94,4961444.148,0.0071772660226011,0.0003556152904824,4,0.0,0.0,False,0.3240243465807375,0.4989258861439312,0.0,0.3764948084496956,"POLYGON ((15472126.94 4962944.148, 15475126.94 4962944.148, 15475126.94 4959944.148, 15472126.94 4959944.148, 15472126.94 4962944.148))"
喜山期,2297,15473626.94,4958444.148,0.0065878028421421,0.0003556152904824,4,0.0,0.0,False,0.2889366272824919,0.4989258861439312,0.0,0.3519334049409237,"POLYGON ((15472126.94 4959944.148, 15475126.94 4959944.148, 15475126.94 4956944.148, 15472126.94 4956944.148, 15472126.94 4959944.148))"
喜山期,2298,15473626.94,4955444.148,0.0058774335087745,0.0003556152904824,4,0.0,0.0,False,0.2610096670247046,0.4989258861439312,0.0,0.3323845327604726,"POLYGON ((15472126.94 4956944.148, 15475126.94 4956944.148, 15475126.94 4953944.148, 15472126.94 4953944.148, 15472126.94 4956944.148))"
喜山期,2299,15473626.94,4952444.148,0.0050155113451005,0.0003556152904824,4,0.0,0.0,False,0.2148227712137486,0.4989258861439312,0.0,0.3000537056928034,"POLYGON ((15472126.94 4953944.148, 15475126.94 4953944.148, 15475126.94 4950944.148, 15472126.94 4950944.148, 15472126.94 4953944.148))"
喜山期,2300,15473626.94,4949444.148,0.0039663800064781,0.0003556152904824,4,0.0,0.0,False,0.1740064446831364,0.4989258861439312,0.0,0.2714822771213748,"POLYGON ((15472126.94 4950944.148, 15475126.94 4950944.148, 15475126.94 4947944.148, 15472126.94 4947944.148, 15472126.94 4950944.148))"
喜山期,2301,15473626.94,4946444.148,0.0026886204656664,0.0003556152904824,4,0.0,0.0,False,0.1124239169351951,0.4989258861439312,0.0,0.2283745076978159,"POLYGON ((15472126.94 4947944.148, 15475126.94 4947944.148, 15475126.94 4944944.148, 15472126.94 4944944.148, 15472126.94 4947944.148))"
喜山期,2302,15473626.94,4943444.148,0.0011272421332443,0.0003556152904824,3,0.0,0.0,False,0.0393841747225205,0.4989258861439312,0.0,0.1772466881489438,"POLYGON ((15472126.94 4944944.148, 15475126.94 4944944.148, 15475126.94 4941944.148, 15472126.94 4941944.148, 15472126.94 4944944.148))"
喜山期,2303,15476626.94,5087444.148,0.001032532657136,0.0003556152904824,3,0.0,0.0,False,0.0347296813462227,0.4989258861439312,0.0,0.1739885427855352,"POLYGON ((15475126.94 5088944.148, 15478126.94 5088944.148, 15478126.94 5085944.148, 15475126.94 5085944.148, 15475126.94 5088944.148))"
喜山期,2304,15476626.94,5084444.148,0.0024242306925357,0.0003556152904824,4,0.0,0.0,False,0.095954171142141,0.4989258861439312,0.0,0.2168456856426781,"POLYGON ((15475126.94 5085944.148, 15478126.94 5085944.148, 15478126.94 5082944.148, 15475126.94 5082944.148, 15475126.94 5085944.148))"
喜山期,2305,15476626.94,5081444.148,0.0035035825589223,0.0003556152904824,4,0.0,0.0,False,0.1564625850340136,0.4989258861439312,0.0,0.2592015753669889,"POLYGON ((15475126.94 5082944.148, 15478126.94 5082944.148, 15478126.94 5079944.148, 15475126.94 5079944.148, 15475126.94 5082944.148))"
喜山期,2306,15476626.94,5078444.148,0.0043514884983039,0.0003556152904824,4,0.0,0.0,False,0.1904761904761904,0.4989258861439312,0.0,0.2830110991765127,"POLYGON ((15475126.94 5079944.148, 15478126.94 5079944.148, 15478126.94 5076944.148, 15475126.94 5076944.148, 15475126.94 5079944.148))"
喜山期,2307,15476626.94,5075444.148,0.0050248780918794,0.0003556152904824,4,0.0,0.0,False,0.2155388471177944,0.4989258861439312,0.0,0.3005549588256355,"POLYGON ((15475126.94 5076944.148, 15478126.94 5076944.148, 15478126.94 5073944.148, 15475126.94 5073944.148, 15475126.94 5076944.148))"
喜山期,2308,15476626.94,5072444.148,0.0055671014426057,0.0003556152904824,4,0.0,0.0,False,0.2441818832796276,0.4989258861439312,0.0,0.3206050841389187,"POLYGON ((15475126.94 5073944.148, 15478126.94 5073944.148, 15478126.94 5070944.148, 15475126.94 5070944.148, 15475126.94 5073944.148))"
喜山期,2309,15476626.94,5069444.148,0.006011386334948,0.0003556152904824,4,0.0,0.0,False,0.2670963122090942,0.4989258861439312,0.0,0.3366451843895452,"POLYGON ((15475126.94 5070944.148, 15478126.94 5070944.148, 15478126.94 5067944.148, 15475126.94 5067944.148, 15475126.94 5070944.148))"
喜山期,2310,15476626.94,5066444.148,0.0063830248068684,0.0003556152904824,4,0.0,0.0,False,0.2814178302900107,0.4989258861439312,0.0,0.3466702470461869,"POLYGON ((15475126.94 5067944.148, 15478126.94 5067944.148, 15478126.94 5064944.148, 15475126.94 5064944.148, 15475126.94 5067944.148))"
喜山期,2311,15476626.94,5063444.148,0.0067013185929037,0.0003556152904824,4,0.0,0.0,False,0.2932330827067669,0.4989258861439312,0.0,0.3549409237379162,"POLYGON ((15475126.94 5064944.148, 15478126.94 5064944.148, 15478126.94 5061944.148, 15475126.94 5061944.148, 15475126.94 5064944.148))"
喜山期,2312,15476626.94,5060444.148,0.0069814105906046,0.0003556152904824,4,0.0,0.0,False,0.3104189044038668,0.4989258861439312,0.0,0.3669709989258861,"POLYGON ((15475126.94 5061944.148, 15478126.94 5061944.148, 15478126.94 5058944.148, 15475126.94 5058944.148, 15475126.94 5061944.148))"
喜山期,2313,15476626.94,5057444.148,0.0072359971233393,0.0003556152904824,4,0.0,0.0,False,0.3283208020050125,0.4989258861439312,0.0,0.3795023272466881,"POLYGON ((15475126.94 5058944.148, 15478126.94 5058944.148, 15478126.94 5055944.148, 15475126.94 5055944.148, 15475126.94 5058944.148))"
喜山期,2314,15476626.94,5054444.148,0.0074770025890992,0.0003556152904824,4,0.0,0.0,False,0.3372717508055854,0.4989258861439312,0.0,0.3857679914070892,"POLYGON ((15475126.94 5055944.148, 15478126.94 5055944.148, 15478126.94 5052944.148, 15475126.94 5052944.148, 15475126.94 5055944.148))"
喜山期,2315,15476626.94,5051444.148,0.0077174655176421,0.0003556152904824,4,0.0,0.0,False,0.3422842821339062,0.4989258861439312,0.0,0.3892767633369137,"POLYGON ((15475126.94 5052944.148, 15478126.94 5052944.148, 15478126.94 5049944.148, 15475126.94 5049944.148, 15475126.94 5052944.148))"
喜山期,2316,15476626.94,5048444.148,0.0079741486790896,0.0003556152904824,4,0.0,0.0,False,0.351235230934479,0.4989258861439312,0.0,0.3955424274973147,"POLYGON ((15475126.94 5049944.148, 15478126.94 5049944.148, 15478126.94 5046944.148, 15475126.94 5046944.148, 15475126.94 5049944.148))"
喜山期,2317,15476626.94,5045444.148,0.0082718708748744,0.0003556152904824,4,0.0,0.0,False,0.3634085213032581,0.4989258861439312,0.0,0.40406373075546,"POLYGON ((15475126.94 5046944.148, 15478126.94 5046944.148, 15478126.94 5043944.148, 15475126.94 5043944.148, 15475126.94 5046944.148))"
喜山期,2318,15476626.94,5042444.148,0.0086515048614057,0.0003556152904824,4,0.0,0.0,False,0.384890798424633,0.4989258861439312,0.0,0.4191013247404225,"POLYGON ((15475126.94 5043944.148, 15478126.94 5043944.148, 15478126.94 5040944.148, 15475126.94 5040944.148, 15475126.94 5043944.148))"
喜山期,2319,15476626.94,5039444.148,0.0091853361425422,0.0003556152904824,4,0.0,0.0,False,0.4110275689223057,0.4989258861439312,0.0,0.4373970640887933,"POLYGON ((15475126.94 5040944.148, 15478126.94 5040944.148, 15478126.94 5037944.148, 15475126.94 5037944.148, 15475126.94 5040944.148))"
喜山期,2320,15476626.94,5036444.148,0.010006210268938,0.0003556152904824,4,0.0,0.0,False,0.4421768707482993,0.4989258861439312,0.0,0.4592015753669888,"POLYGON ((15475126.94 5037944.148, 15478126.94 5037944.148, 15478126.94 5034944.148, 15475126.94 5034944.148, 15475126.94 5037944.148))"
喜山期,2321,15476626.94,5033444.148,0.0113593067495515,0.0003556152904824,4,0.0,0.0,False,0.4980307912638739,0.4989258861439312,0.0,0.4982993197278911,"POLYGON ((15475126.94 5034944.148, 15478126.94 5034944.148, 15478126.94 5031944.148, 15475126.94 5031944.148, 15475126.94 5034944.148))"
喜山期,2322,15476626.94,5030444.148,0.013679685937736,0.0003556152904824,4,0.0,0.0,False,0.5836018617973505,0.4989258861439312,0.0,0.5581990691013248,"POLYGON ((15475126.94 5031944.148, 15478126.94 5031944.148, 15478126.94 5028944.148, 15475126.94 5028944.148, 15475126.94 5031944.148))"
喜山期,2323,15476626.94,5027444.148,0.0176541568534366,0.0003556152904824,4,0.0,0.0,False,0.7096312209094164,0.4989258861439312,0.0,0.6464196204797709,"POLYGON ((15475126.94 5028944.148, 15478126.94 5028944.148, 15478126.94 5025944.148, 15475126.94 5025944.148, 15475126.94 5028944.148))"
喜山期,2324,15476626.94,5024444.148,0.0240379416776572,0.0003556152904824,4,0.0,1.0,True,0.9570354457572504,0.4989258861439312,0.0,0.8196025778732545,"POLYGON ((15475126.94 5025944.148, 15478126.94 5025944.148, 15478126.94 5022944.148, 15475126.94 5022944.148, 15475126.94 5025944.148))"
喜山期,2325,15476626.94,5021444.148,0.0343226881158893,0.0003556152904824,4,0.0,1.0,True,0.9964196204797708,0.4989258861439312,0.0,0.8471715001790189,"POLYGON ((15475126.94 5022944.148, 15478126.94 5022944.148, 15478126.94 5019944.148, 15475126.94 5019944.148, 15475126.94 5022944.148))"
喜山期,2326,15476626.94,5018444.148,0.0072542571808253,0.0003556152904824,4,0.0,0.0,False,0.3297529538131042,0.4989258861439312,0.0,0.3805048335123523,"POLYGON ((15475126.94 5019944.148, 15478126.94 5019944.148, 15478126.94 5016944.148, 15475126.94 5016944.148, 15475126.94 5019944.148))"
喜山期,2327,15476626.94,5015444.148,0.0335021780115445,0.0003556152904824,4,0.0,1.0,True,0.996061582527748,0.4989258861439312,0.0,0.8469208736126028,"POLYGON ((15475126.94 5016944.148, 15478126.94 5016944.148, 15478126.94 5013944.148, 15475126.94 5013944.148, 15475126.94 5016944.148))"
喜山期,2328,15476626.94,5012444.148,0.0241794197615095,0.0003556152904824,4,0.0,1.0,True,0.9674185463659148,0.4989258861439312,0.0,0.8268707482993196,"POLYGON ((15475126.94 5013944.148, 15478126.94 5013944.148, 15478126.94 5010944.148, 15475126.94 5010944.148, 15475126.94 5013944.148))"
喜山期,2329,15476626.94,5009444.148,0.01825872253018,0.0003556152904824,4,0.0,0.0,False,0.7336197636949516,0.4989258861439312,0.0,0.6632116004296454,"POLYGON ((15475126.94 5010944.148, 15478126.94 5010944.148, 15478126.94 5007944.148, 15475126.94 5007944.148, 15475126.94 5010944.148))"
喜山期,2330,15476626.94,5006444.148,0.0143959446714034,0.0003556152904824,4,0.0,0.0,False,0.6072323666308629,0.4989258861439312,0.0,0.5747404224847834,"POLYGON ((15475126.94 5007944.148, 15478126.94 5007944.148, 15478126.94 5004944.148, 15475126.94 5004944.148, 15475126.94 5007944.148))"
喜山期,2331,15476626.94,5003444.148,0.0120637968992585,0.0003556152904824,4,0.0,0.0,False,0.5238095238095238,0.4989258861439312,0.0,0.5163444325098461,"POLYGON ((15475126.94 5004944.148, 15478126.94 5004944.148, 15478126.94 5001944.148, 15475126.94 5001944.148, 15475126.94 5004944.148))"
喜山期,2332,15476626.94,5000444.148,0.010676205230212,0.0003556152904824,4,0.0,0.0,False,0.4736842105263157,0.4989258861439312,0.0,0.4812567132116004,"POLYGON ((15475126.94 5001944.148, 15478126.94 5001944.148, 15478126.94 4998944.148, 15475126.94 4998944.148, 15475126.94 5001944.148))"
喜山期,2333,15476626.94,4997444.148,0.0098303545933283,0.0003556152904824,4,0.0,0.0,False,0.4325098460436806,0.4989258861439312,0.0,0.4524346580737558,"POLYGON ((15475126.94 4998944.148, 15478126.94 4998944.148, 15478126.94 4995944.148, 15475126.94 4995944.148, 15475126.94 4998944.148))"
喜山期,2334,15476626.94,4994444.148,0.0092863905215468,0.0003556152904824,4,0.0,0.0,False,0.4153240243465807,0.4989258861439312,0.0,0.4404045828857859,"POLYGON ((15475126.94 4995944.148, 15478126.94 4995944.148, 15478126.94 4992944.148, 15475126.94 4992944.148, 15475126.94 4995944.148))"
喜山期,2335,15476626.94,4991444.148,0.0089091034530617,0.0003556152904824,4,0.0,0.0,False,0.4027926960257787,0.4989258861439312,0.0,0.4316326530612244,"POLYGON ((15475126.94 4992944.148, 15478126.94 4992944.148, 15478126.94 4989944.148, 15475126.94 4989944.148, 15475126.94 4992944.148))"
喜山期,2336,15476626.94,4988444.148,0.008623083678568,0.0003556152904824,4,0.0,0.0,False,0.3816684568564268,0.4989258861439312,0.0,0.4168456856426781,"POLYGON ((15475126.94 4989944.148, 15478126.94 4989944.148, 15478126.94 4986944.148, 15475126.94 4986944.148, 15475126.94 4989944.148))"
喜山期,2337,15476626.94,4985444.148,0.0083853981648035,0.0003556152904824,4,0.0,0.0,False,0.3677049767275331,0.4989258861439312,0.0,0.4070712495524525,"POLYGON ((15475126.94 4986944.148, 15478126.94 4986944.148, 15478126.94 4983944.148, 15475126.94 4983944.148, 15475126.94 4986944.148))"
喜山期,2338,15476626.94,4982444.148,0.0081703951811073,0.0003556152904824,4,0.0,0.0,False,0.3601861797350519,0.4989258861439312,0.0,0.4018080916577157,"POLYGON ((15475126.94 4983944.148, 15478126.94 4983944.148, 15478126.94 4980944.148, 15475126.94 4980944.148, 15475126.94 4983944.148))"
喜山期,2339,15476626.94,4979444.148,0.0079615358567743,0.0003556152904824,4,0.0,0.0,False,0.3508771929824561,0.4989258861439312,0.0,0.3952918009308986,"POLYGON ((15475126.94 4980944.148, 15478126.94 4980944.148, 15478126.94 4977944.148, 15475126.94 4977944.148, 15475126.94 4980944.148))"
喜山期,2340,15476626.94,4976444.148,0.0077469731592754,0.0003556152904824,4,0.0,0.0,False,0.3444325098460437,0.4989258861439312,0.0,0.39078052273541,"POLYGON ((15475126.94 4977944.148, 15478126.94 4977944.148, 15478126.94 4974944.148, 15475126.94 4974944.148, 15475126.94 4977944.148))"
喜山期,2341,15476626.94,4973444.148,0.0075170297142753,0.0003556152904824,4,0.0,0.0,False,0.3383458646616541,0.4989258861439312,0.0,0.3865198711063372,"POLYGON ((15475126.94 4974944.148, 15478126.94 4974944.148, 15478126.94 4971944.148, 15475126.94 4971944.148, 15475126.94 4974944.148))"
喜山期,2342,15476626.94,4970444.148,0.0072625850489298,0.0003556152904824,4,0.0,0.0,False,0.33046902971715,0.4989258861439312,0.0,0.3810060866451843,"POLYGON ((15475126.94 4971944.148, 15478126.94 4971944.148, 15478126.94 4968944.148, 15475126.94 4968944.148, 15475126.94 4971944.148))"
喜山期,2343,15476626.94,4967444.148,0.0069738454676572,0.0003556152904824,4,0.0,0.0,False,0.309344790547798,0.4989258861439312,0.0,0.366219119226638,"POLYGON ((15475126.94 4968944.148, 15478126.94 4968944.148, 15478126.94 4965944.148, 15475126.94 4965944.148, 15475126.94 4968944.148))"
喜山期,2344,15476626.94,4964444.148,0.0066392114275932,0.0003556152904824,4,0.0,0.0,False,0.2910848549946294,0.4989258861439312,0.0,0.3534371643394199,"POLYGON ((15475126.94 4965944.148, 15478126.94 4965944.148, 15478126.94 4962944.148, 15475126.94 4962944.148, 15475126.94 4965944.148))"
喜山期,2345,15476626.94,4961444.148,0.0062440942695339,0.0003556152904824,4,0.0,0.0,False,0.2764052989616899,0.4989258861439312,0.0,0.3431614751163623,"POLYGON ((15475126.94 4962944.148, 15478126.94 4962944.148, 15478126.94 4959944.148, 15475126.94 4959944.148, 15475126.94 4962944.148))"
喜山期,2346,15476626.94,4958444.148,0.0057696298212474,0.0003556152904824,4,0.0,0.0,False,0.2570712495524526,0.4989258861439312,0.0,0.3296276405298962,"POLYGON ((15475126.94 4959944.148, 15478126.94 4959944.148, 15478126.94 4956944.148, 15475126.94 4956944.148, 15475126.94 4959944.148))"
喜山期,2347,15476626.94,4955444.148,0.0051913062781093,0.0003556152904824,4,0.0,0.0,False,0.2266380236305048,0.4989258861439312,0.0,0.3083243823845327,"POLYGON ((15475126.94 4956944.148, 15478126.94 4956944.148, 15478126.94 4953944.148, 15475126.94 4953944.148, 15475126.94 4956944.148))"
喜山期,2348,15476626.94,4952444.148,0.0044775219887352,0.0003556152904824,4,0.0,0.0,False,0.1944146079484425,0.4989258861439312,0.0,0.2857679914070891,"POLYGON ((15475126.94 4953944.148, 15478126.94 4953944.148, 15478126.94 4950944.148, 15475126.94 4950944.148, 15475126.94 4953944.148))"
喜山期,2349,15476626.94,4949444.148,0.0035878552795374,0.0003556152904824,4,0.0,0.0,False,0.158968850698174,0.4989258861439312,0.0,0.2609559613319012,"POLYGON ((15475126.94 4950944.148, 15478126.94 4950944.148, 15478126.94 4947944.148, 15475126.94 4947944.148, 15475126.94 4950944.148))"
喜山期,2350,15476626.94,4946444.148,0.0024698266000326,0.0003556152904824,4,0.0,0.0,False,0.0970282849982098,0.4989258861439312,0.0,0.2175975653419262,"POLYGON ((15475126.94 4947944.148, 15478126.94 4947944.148, 15478126.94 4944944.148, 15475126.94 4944944.148, 15475126.94 4947944.148))"
喜山期,2351,15476626.94,4943444.148,0.0010482035119789,0.0003556152904824,3,0.0,0.0,False,0.0350877192982456,0.4989258861439312,0.0,0.1742391693519513,"POLYGON ((15475126.94 4944944.148, 15478126.94 4944944.148, 15478126.94 4941944.148, 15475126.94 4941944.148, 15475126.94 4944944.148))"
喜山期,2352,15479626.94,5087444.148,0.0008674975648461,0.0003556152904824,3,0.0,0.0,False,0.0171858216970998,0.4989258861439312,0.0,0.1617078410311493,"POLYGON ((15478126.94 5088944.148, 15481126.94 5088944.148, 15481126.94 5085944.148, 15478126.94 5085944.148, 15478126.94 5088944.148))"
喜山期,2353,15479626.94,5084444.148,0.0020475412852712,0.0003556152904824,4,0.0,0.0,False,0.0859291084854994,0.4989258861439312,0.0,0.209828141783029,"POLYGON ((15478126.94 5085944.148, 15481126.94 5085944.148, 15481126.94 5082944.148, 15478126.94 5082944.148, 15478126.94 5085944.148))"
喜山期,2354,15479626.94,5081444.148,0.0029251842390424,0.0003556152904824,4,0.0,0.0,False,0.1185105621195846,0.4989258861439312,0.0,0.2326351593268886,"POLYGON ((15478126.94 5082944.148, 15481126.94 5082944.148, 15481126.94 5079944.148, 15478126.94 5079944.148, 15478126.94 5082944.148))"
喜山期,2355,15479626.94,5078444.148,0.0035957012048639,0.0003556152904824,4,0.0,0.0,False,0.1596849266022198,0.4989258861439312,0.0,0.2614572144647332,"POLYGON ((15478126.94 5079944.148, 15481126.94 5079944.148, 15481126.94 5076944.148, 15478126.94 5076944.148, 15478126.94 5079944.148))"
喜山期,2356,15479626.94,5075444.148,0.0041184565082947,0.0003556152904824,4,0.0,0.0,False,0.1786609380594343,0.4989258861439312,0.0,0.2747404224847833,"POLYGON ((15478126.94 5076944.148, 15481126.94 5076944.148, 15481126.94 5073944.148, 15478126.94 5073944.148, 15478126.94 5076944.148))"
喜山期,2357,15479626.94,5072444.148,0.0045346890177667,0.0003556152904824,4,0.0,0.0,False,0.1951306838524883,0.4989258861439312,0.0,0.2862692445399212,"POLYGON ((15478126.94 5073944.148, 15481126.94 5073944.148, 15481126.94 5070944.148, 15478126.94 5070944.148, 15478126.94 5073944.148))"
喜山期,2358,15479626.94,5069444.148,0.0048739594940761,0.0003556152904824,4,0.0,0.0,False,0.2058718224131758,0.4989258861439312,0.0,0.2937880415324024,"POLYGON ((15478126.94 5070944.148, 15481126.94 5070944.148, 15481126.94 5067944.148, 15478126.94 5067944.148, 15478126.94 5070944.148))"
喜山期,2359,15479626.94,5066444.148,0.0051576449858254,0.0003556152904824,4,0.0,0.0,False,0.2237737200143215,0.4989258861439312,0.0,0.3063193698532044,"POLYGON ((15478126.94 5067944.148, 15481126.94 5067944.148, 15481126.94 5064944.148, 15478126.94 5064944.148, 15478126.94 5067944.148))"
喜山期,2360,15479626.94,5063444.148,0.0054014309775006,0.0003556152904824,4,0.0,0.0,False,0.2395273899033297,0.4989258861439312,0.0,0.3173469387755102,"POLYGON ((15478126.94 5064944.148, 15481126.94 5064944.148, 15481126.94 5061944.148, 15478126.94 5061944.148, 15478126.94 5064944.148))"
喜山期,2361,15479626.94,5060444.148,0.0056172818382472,0.0003556152904824,4,0.0,0.0,False,0.2477622627998567,0.4989258861439312,0.0,0.3231113498030791,"POLYGON ((15478126.94 5061944.148, 15481126.94 5061944.148, 15481126.94 5058944.148, 15478126.94 5058944.148, 15478126.94 5061944.148))"
喜山期,2362,15479626.94,5057444.148,0.0058150566604916,0.0003556152904824,4,0.0,0.0,False,0.259577515216613,0.4989258861439312,0.0,0.3313820264948084,"POLYGON ((15478126.94 5058944.148, 15481126.94 5058944.148, 15481126.94 5055944.148, 15478126.94 5055944.148, 15478126.94 5058944.148))"
喜山期,2363,15479626.94,5054444.148,0.0060039366588132,0.0003556152904824,4,0.0,0.0,False,0.2667382742570712,0.4989258861439312,0.0,0.3363945578231292,"POLYGON ((15478126.94 5055944.148, 15481126.94 5055944.148, 15481126.94 5052944.148, 15478126.94 5052944.148, 15478126.94 5055944.148))"
喜山期,2364,15479626.94,5051444.148,0.0061939217832044,0.0003556152904824,4,0.0,0.0,False,0.2742570712495524,0.4989258861439312,0.0,0.3416577157178661,"POLYGON ((15478126.94 5052944.148, 15481126.94 5052944.148, 15481126.94 5049944.148, 15478126.94 5049944.148, 15478126.94 5052944.148))"
喜山期,2365,15479626.94,5048444.148,0.0063978361243715,0.0003556152904824,4,0.0,0.0,False,0.2824919441460795,0.4989258861439312,0.0,0.347422126745435,"POLYGON ((15478126.94 5049944.148, 15481126.94 5049944.148, 15481126.94 5046944.148, 15478126.94 5046944.148, 15478126.94 5049944.148))"
喜山期,2366,15479626.94,5045444.148,0.0066346856309697,0.0003556152904824,4,0.0,0.0,False,0.2903687790905836,0.4989258861439312,0.0,0.3529359112065879,"POLYGON ((15478126.94 5046944.148, 15481126.94 5046944.148, 15481126.94 5043944.148, 15478126.94 5043944.148, 15478126.94 5046944.148))"
喜山期,2367,15479626.94,5042444.148,0.0069361631165011,0.0003556152904824,4,0.0,0.0,False,0.3064804869316147,0.4989258861439312,0.0,0.3642141066953097,"POLYGON ((15478126.94 5043944.148, 15481126.94 5043944.148, 15481126.94 5040944.148, 15478126.94 5040944.148, 15478126.94 5043944.148))"
喜山期,2368,15479626.94,5039444.148,0.0073603480831908,0.0003556152904824,4,0.0,0.0,False,0.3333333333333333,0.4989258861439312,0.0,0.3830110991765126,"POLYGON ((15478126.94 5040944.148, 15481126.94 5040944.148, 15481126.94 5037944.148, 15478126.94 5037944.148, 15478126.94 5040944.148))"
喜山期,2369,15479626.94,5036444.148,0.0080219372159393,0.0003556152904824,4,0.0,0.0,False,0.3533834586466165,0.4989258861439312,0.0,0.3970461868958109,"POLYGON ((15478126.94 5037944.148, 15481126.94 5037944.148, 15481126.94 5034944.148, 15478126.94 5034944.148, 15478126.94 5037944.148))"
喜山期,2370,15479626.94,5033444.148,0.0091605104128339,0.0003556152904824,4,0.0,0.0,False,0.4106695309702828,0.4989258861439312,0.0,0.4371464375223773,"POLYGON ((15478126.94 5034944.148, 15481126.94 5034944.148, 15481126.94 5031944.148, 15478126.94 5031944.148, 15478126.94 5034944.148))"
喜山期,2371,15479626.94,5030444.148,0.0112949817712594,0.0003556152904824,4,0.0,0.0,False,0.4930182599355531,0.4989258861439312,0.0,0.4947905477980666,"POLYGON ((15478126.94 5031944.148, 15481126.94 5031944.148, 15481126.94 5028944.148, 15478126.94 5028944.148, 15478126.94 5031944.148))"
喜山期,2372,15479626.94,5027444.148,0.0155628110204939,0.0003556152904824,4,0.0,0.0,False,0.6473326172574293,0.4989258861439312,0.0,0.6028105979233799,"POLYGON ((15478126.94 5028944.148, 15481126.94 5028944.148, 15481126.94 5025944.148, 15478126.94 5025944.148, 15478126.94 5028944.148))"
喜山期,2373,15479626.94,5024444.148,0.0243845629886872,0.0003556152904824,4,0.0,1.0,True,0.975653419262442,0.4989258861439312,0.0,0.8326351593268887,"POLYGON ((15478126.94 5025944.148, 15481126.94 5025944.148, 15481126.94 5022944.148, 15478126.94 5022944.148, 15478126.94 5025944.148))"
喜山期,2374,15479626.94,5021444.148,0.044150753001982,0.0003556152904824,4,0.0,1.0,True,0.9978517722878624,0.4989258861439312,0.0,0.8481740064446831,"POLYGON ((15478126.94 5022944.148, 15481126.94 5022944.148, 15481126.94 5019944.148, 15478126.94 5019944.148, 15478126.94 5022944.148))"
喜山期,2375,15479626.94,5018444.148,0.0057807557323111,0.0003556152904824,4,0.0,0.0,False,0.2581453634085213,0.4989258861439312,0.0,0.3303795202291443,"POLYGON ((15478126.94 5019944.148, 15481126.94 5019944.148, 15481126.94 5016944.148, 15478126.94 5016944.148, 15478126.94 5019944.148))"
喜山期,2376,15479626.94,5015444.148,0.0436116409361925,0.0003556152904824,4,0.0,1.0,True,0.9974937343358397,0.4989258861439312,0.0,0.847923379878267,"POLYGON ((15478126.94 5016944.148, 15481126.94 5016944.148, 15481126.94 5013944.148, 15478126.94 5013944.148, 15478126.94 5016944.148))"
喜山期,2377,15479626.94,5012444.148,0.0249891843805389,0.0003556152904824,4,0.0,1.0,True,0.9924812030075189,0.4989258861439312,0.0,0.8444146079484425,"POLYGON ((15478126.94 5013944.148, 15481126.94 5013944.148, 15481126.94 5010944.148, 15478126.94 5010944.148, 15478126.94 5013944.148))"
喜山期,2378,15479626.94,5009444.148,0.016393532086413,0.0003556152904824,4,0.0,0.0,False,0.6713211600429646,0.4989258861439312,0.0,0.6196025778732546,"POLYGON ((15478126.94 5010944.148, 15481126.94 5010944.148, 15481126.94 5007944.148, 15478126.94 5007944.148, 15478126.94 5010944.148))"
喜山期,2379,15479626.94,5006444.148,0.0120764415025031,0.0003556152904824,4,0.0,0.0,False,0.5248836376655925,0.4989258861439312,0.0,0.5170963122090941,"POLYGON ((15478126.94 5007944.148, 15481126.94 5007944.148, 15481126.94 5004944.148, 15478126.94 5004944.148, 15478126.94 5007944.148))"
喜山期,2380,15479626.94,5003444.148,0.0098627411401051,0.0003556152904824,4,0.0,0.0,False,0.4332259219477264,0.4989258861439312,0.0,0.4529359112065879,"POLYGON ((15478126.94 5004944.148, 15481126.94 5004944.148, 15481126.94 5001944.148, 15478126.94 5001944.148, 15478126.94 5004944.148))"
喜山期,2381,15479626.94,5000444.148,0.0086689781876127,0.0003556152904824,4,0.0,0.0,False,0.3866809881847476,0.4989258861439312,0.0,0.4203544575725026,"POLYGON ((15478126.94 5001944.148, 15481126.94 5001944.148, 15481126.94 4998944.148, 15478126.94 4998944.148, 15478126.94 5001944.148))"
喜山期,2382,15479626.94,4997444.148,0.0079780327014825,0.0003556152904824,4,0.0,0.0,False,0.3519513068385249,0.4989258861439312,0.0,0.3960436806301468,"POLYGON ((15478126.94 4998944.148, 15481126.94 4998944.148, 15481126.94 4995944.148, 15478126.94 4995944.148, 15478126.94 4998944.148))"
喜山期,2383,15479626.94,4994444.148,0.007542578038446,0.0003556152904824,4,0.0,0.0,False,0.3394199785177229,0.4989258861439312,0.0,0.3872717508055854,"POLYGON ((15478126.94 4995944.148, 15481126.94 4995944.148, 15481126.94 4992944.148, 15478126.94 4992944.148, 15478126.94 4995944.148))"
喜山期,2384,15479626.94,4991444.148,0.0072412873248029,0.0003556152904824,4,0.0,0.0,False,0.3286788399570354,0.4989258861439312,0.0,0.3797529538131041,"POLYGON ((15478126.94 4992944.148, 15481126.94 4992944.148, 15481126.94 4989944.148, 15478126.94 4989944.148, 15478126.94 4992944.148))"
喜山期,2385,15479626.94,4988444.148,0.0070120221452229,0.0003556152904824,4,0.0,0.0,False,0.3132832080200501,0.4989258861439312,0.0,0.3689760114572144,"POLYGON ((15478126.94 4989944.148, 15481126.94 4989944.148, 15481126.94 4986944.148, 15478126.94 4986944.148, 15478126.94 4989944.148))"
喜山期,2386,15479626.94,4985444.148,0.0068210188436731,0.0003556152904824,4,0.0,0.0,False,0.2993197278911564,0.4989258861439312,0.0,0.3592015753669889,"POLYGON ((15478126.94 4986944.148, 15481126.94 4986944.148, 15481126.94 4983944.148, 15478126.94 4983944.148, 15478126.94 4986944.148))"
喜山期,2387,15479626.94,4982444.148,0.006648504839025,0.0003556152904824,4,0.0,0.0,False,0.2914428929466523,0.4989258861439312,0.0,0.353687790905836,"POLYGON ((15478126.94 4983944.148, 15481126.94 4983944.148, 15481126.94 4980944.148, 15478126.94 4980944.148, 15478126.94 4983944.148))"
喜山期,2388,15479626.94,4979444.148,0.0064817840088308,0.0003556152904824,4,0.0,0.0,False,0.2860723236663086,0.4989258861439312,0.0,0.3499283924095954,"POLYGON ((15478126.94 4980944.148, 15481126.94 4980944.148, 15481126.94 4977944.148, 15478126.94 4977944.148, 15478126.94 4980944.148))"
喜山期,2389,15479626.94,4976444.148,0.0063117352517638,0.0003556152904824,4,0.0,0.0,False,0.2785535266738274,0.4989258861439312,0.0,0.3446652345148585,"POLYGON ((15478126.94 4977944.148, 15481126.94 4977944.148, 15481126.94 4974944.148, 15478126.94 4974944.148, 15478126.94 4977944.148))"
喜山期,2390,15479626.94,4973444.148,0.0061308755803976,0.0003556152904824,4,0.0,0.0,False,0.272108843537415,0.4989258861439312,0.0,0.3401539563193698,"POLYGON ((15478126.94 4974944.148, 15481126.94 4974944.148, 15481126.94 4971944.148, 15478126.94 4971944.148, 15478126.94 4974944.148))"
喜山期,2391,15479626.94,4970444.148,0.0059321200453681,0.0003556152904824,4,0.0,0.0,False,0.2631578947368421,0.4989258861439312,0.0,0.3338882921589688,"POLYGON ((15478126.94 4971944.148, 15481126.94 4971944.148, 15481126.94 4968944.148, 15478126.94 4968944.148, 15478126.94 4971944.148))"
喜山期,2392,15479626.94,4967444.148,0.0057078037220336,0.0003556152904824,4,0.0,0.0,False,0.2527747941281776,0.4989258861439312,0.0,0.3266201217329036,"POLYGON ((15478126.94 4968944.148, 15481126.94 4968944.148, 15481126.94 4965944.148, 15478126.94 4965944.148, 15478126.94 4968944.148))"
喜山期,2393,15479626.94,4964444.148,0.0054487229433641,0.0003556152904824,4,0.0,0.0,False,0.2413175796634443,0.4989258861439312,0.0,0.3186000716075904,"POLYGON ((15478126.94 4965944.148, 15481126.94 4965944.148, 15481126.94 4962944.148, 15478126.94 4962944.148, 15478126.94 4965944.148))"
喜山期,2394,15479626.94,4961444.148,0.0051430445643494,0.0003556152904824,4,0.0,0.0,False,0.2223415682062298,0.4989258861439312,0.0,0.3053168635875403,"POLYGON ((15478126.94 4962944.148, 15481126.94 4962944.148, 15481126.94 4959944.148, 15478126.94 4959944.148, 15478126.94 4962944.148))"
喜山期,2395,15479626.94,4958444.148,0.0047749872722454,0.0003556152904824,4,0.0,0.0,False,0.2030075187969924,0.4989258861439312,0.0,0.2917830290010741,"POLYGON ((15478126.94 4959944.148, 15481126.94 4959944.148, 15481126.94 4956944.148, 15478126.94 4956944.148, 15478126.94 4959944.148))"
喜山期,2396,15479626.94,4955444.148,0.0043232108333013,0.0003556152904824,4,0.0,0.0,False,0.1897601145721446,0.4989258861439312,0.0,0.2825098460436806,"POLYGON ((15478126.94 4956944.148, 15481126.94 4956944.148, 15481126.94 4953944.148, 15478126.94 4953944.148, 15478126.94 4956944.148))"
喜山期,2397,15479626.94,4952444.148,0.0037587939389963,0.0003556152904824,4,0.0,0.0,False,0.1689939133548156,0.4989258861439312,0.0,0.2679735051915503,"POLYGON ((15478126.94 4953944.148, 15481126.94 4953944.148, 15481126.94 4950944.148, 15478126.94 4950944.148, 15478126.94 4953944.148))"
喜山期,2398,15479626.94,4949444.148,0.0030422924629527,0.0003556152904824,4,0.0,0.0,False,0.1242391693519513,0.4989258861439312,0.0,0.2366451843895453,"POLYGON ((15478126.94 4950944.148, 15481126.94 4950944.148, 15481126.94 4947944.148, 15478126.94 4947944.148, 15478126.94 4950944.148))"
喜山期,2399,15479626.94,4946444.148,0.0021178336826491,0.0003556152904824,4,0.0,0.0,False,0.0884353741496598,0.4989258861439312,0.0,0.2115825277479412,"POLYGON ((15478126.94 4947944.148, 15481126.94 4947944.148, 15481126.94 4944944.148, 15478126.94 4944944.148, 15478126.94 4947944.148))"
喜山期,2400,15479626.94,4943444.148,0.0008958364563955,0.0003556152904824,3,0.0,0.0,False,0.0182599355531686,0.4989258861439312,0.0,0.1624597207303974,"POLYGON ((15478126.94 4944944.148, 15481126.94 4944944.148, 15481126.94 4941944.148, 15478126.94 4941944.148, 15478126.94 4944944.148))"
喜山期,2401,15482626.94,5087444.148,0.0008139018295229,0.0003556152904824,3,0.0,0.0,False,0.0150375939849624,0.4989258861439312,0.0,0.160204081632653,"POLYGON ((15481126.94 5088944.148, 15484126.94 5088944.148, 15484126.94 5085944.148, 15481126.94 5085944.148, 15481126.94 5088944.148))"
喜山期,2402,15482626.94,5084444.148,0.0020373757500916,0.0003556152904824,4,0.0,0.0,False,0.0855710705334765,0.4989258861439312,0.0,0.2095775152166129,"POLYGON ((15481126.94 5085944.148, 15484126.94 5085944.148, 15484126.94 5082944.148, 15481126.94 5082944.148, 15481126.94 5085944.148))"
喜山期,2403,15482626.94,5081444.148,0.0030277890161425,0.0003556152904824,4,0.0,0.0,False,0.1231650554958825,0.4989258861439312,0.0,0.2358933046902971,"POLYGON ((15481126.94 5082944.148, 15484126.94 5082944.148, 15484126.94 5079944.148, 15481126.94 5079944.148, 15481126.94 5082944.148))"
喜山期,2404,15482626.94,5078444.148,0.0038592750703053,0.0003556152904824,4,0.0,0.0,False,0.1718582169709989,0.4989258861439312,0.0,0.2699785177228786,"POLYGON ((15481126.94 5079944.148, 15484126.94 5079944.148, 15484126.94 5076944.148, 15481126.94 5076944.148, 15481126.94 5079944.148))"
喜山期,2405,15482626.94,5075444.148,0.0045787358132496,0.0003556152904824,4,0.0,0.0,False,0.19656283566058,0.4989258861439312,0.0,0.2872717508055854,"POLYGON ((15481126.94 5076944.148, 15484126.94 5076944.148, 15484126.94 5073944.148, 15481126.94 5073944.148, 15481126.94 5076944.148))"
喜山期,2406,15482626.94,5072444.148,0.0052189995057599,0.0003556152904824,4,0.0,0.0,False,0.2309344790547798,0.4989258861439312,0.0,0.3113319011815252,"POLYGON ((15481126.94 5073944.148, 15484126.94 5073944.148, 15484126.94 5070944.148, 15481126.94 5070944.148, 15481126.94 5073944.148))"
喜山期,2407,15482626.94,5069444.148,0.0058033389881366,0.0003556152904824,4,0.0,0.0,False,0.2588614393125671,0.4989258861439312,0.0,0.3308807733619763,"POLYGON ((15481126.94 5070944.148, 15484126.94 5070944.148, 15484126.94 5067944.148, 15481126.94 5067944.148, 15481126.94 5070944.148))"
喜山期,2408,15482626.94,5066444.148,0.0063482259921106,0.0003556152904824,4,0.0,0.0,False,0.2807017543859649,0.4989258861439312,0.0,0.3461689939133547,"POLYGON ((15481126.94 5067944.148, 15484126.94 5067944.148, 15484126.94 5064944.148, 15481126.94 5064944.148, 15481126.94 5067944.148))"
喜山期,2409,15482626.94,5063444.148,0.0068654660694644,0.0003556152904824,4,0.0,0.0,False,0.3021840315073398,0.4989258861439312,0.0,0.3612065878983172,"POLYGON ((15481126.94 5064944.148, 15484126.94 5064944.148, 15484126.94 5061944.148, 15481126.94 5061944.148, 15481126.94 5064944.148))"
喜山期,2410,15482626.94,5060444.148,0.0073638845514189,0.0003556152904824,4,0.0,0.0,False,0.3340494092373791,0.4989258861439312,0.0,0.3835123523093448,"POLYGON ((15481126.94 5061944.148, 15484126.94 5061944.148, 15484126.94 5058944.148, 15481126.94 5058944.148, 15481126.94 5061944.148))"
喜山期,2411,15482626.94,5057444.148,0.0078506459143142,0.0003556152904824,4,0.0,0.0,False,0.3480128893662728,0.4989258861439312,0.0,0.3932867883995703,"POLYGON ((15481126.94 5058944.148, 15484126.94 5058944.148, 15484126.94 5055944.148, 15481126.94 5055944.148, 15481126.94 5058944.148))"
喜山期,2412,15482626.94,5054444.148,0.008332345368942,0.0003556152904824,4,0.0,0.0,False,0.3651987110633727,0.4989258861439312,0.0,0.4053168635875402,"POLYGON ((15481126.94 5055944.148, 15484126.94 5055944.148, 15484126.94 5052944.148, 15481126.94 5052944.148, 15481126.94 5055944.148))"
喜山期,2413,15482626.94,5051444.148,0.008816078511506,0.0003556152904824,4,0.0,0.0,False,0.3977801646974579,0.4989258861439312,0.0,0.4281238811313999,"POLYGON ((15481126.94 5052944.148, 15484126.94 5052944.148, 15484126.94 5049944.148, 15481126.94 5049944.148, 15481126.94 5052944.148))"
喜山期,2414,15482626.94,5048444.148,0.0093108020011621,0.0003556152904824,4,0.0,0.0,False,0.4167561761546724,0.4989258861439312,0.0,0.44140708915145,"POLYGON ((15481126.94 5049944.148, 15484126.94 5049944.148, 15484126.94 5046944.148, 15481126.94 5046944.148, 15481126.94 5049944.148))"
喜山期,2415,15482626.94,5045444.148,0.0098295576205494,0.0003556152904824,4,0.0,0.0,False,0.4321518080916577,0.4989258861439312,0.0,0.4521840315073397,"POLYGON ((15481126.94 5046944.148, 15484126.94 5046944.148, 15484126.94 5043944.148, 15481126.94 5043944.148, 15481126.94 5046944.148))"
喜山期,2416,15482626.94,5042444.148,0.0103938140725972,0.0003556152904824,4,0.0,0.0,False,0.4590046544933763,0.4989258861439312,0.0,0.4709810239885427,"POLYGON ((15481126.94 5043944.148, 15484126.94 5043944.148, 15484126.94 5040944.148, 15481126.94 5040944.148, 15481126.94 5043944.148))"
喜山期,2417,15482626.94,5039444.148,0.0110430246556549,0.0003556152904824,4,0.0,0.0,False,0.4829931972789115,0.4989258861439312,0.0,0.4877730039384174,"POLYGON ((15481126.94 5040944.148, 15484126.94 5040944.148, 15484126.94 5037944.148, 15481126.94 5037944.148, 15481126.94 5040944.148))"
喜山期,2418,15482626.94,5036444.148,0.0118577360833023,0.0003556152904824,4,0.0,0.0,False,0.5141424991049052,0.4989258861439312,0.0,0.509577515216613,"POLYGON ((15481126.94 5037944.148, 15484126.94 5037944.148, 15484126.94 5034944.148, 15481126.94 5034944.148, 15481126.94 5037944.148))"
喜山期,2419,15482626.94,5033444.148,0.0130206185328476,0.0003556152904824,4,0.0,0.0,False,0.5603293949158611,0.4989258861439312,0.0,0.5419083422842821,"POLYGON ((15481126.94 5034944.148, 15484126.94 5034944.148, 15484126.94 5031944.148, 15481126.94 5031944.148, 15481126.94 5034944.148))"
喜山期,2420,15482626.94,5030444.148,0.0149943209163944,0.0003556152904824,4,0.0,0.0,False,0.6258503401360545,0.4989258861439312,0.0,0.5877730039384175,"POLYGON ((15481126.94 5031944.148, 15484126.94 5031944.148, 15484126.94 5028944.148, 15481126.94 5028944.148, 15481126.94 5031944.148))"
喜山期,2421,15482626.94,5027444.148,0.0191111405346894,0.0003556152904824,4,0.0,0.0,False,0.7593984962406015,0.4989258861439312,0.0,0.6812567132116004,"POLYGON ((15481126.94 5028944.148, 15484126.94 5028944.148, 15484126.94 5025944.148, 15481126.94 5025944.148, 15481126.94 5028944.148))"
喜山期,2422,15482626.94,5024444.148,0.0299697804829992,0.0003556152904824,4,0.0,1.0,True,0.9946294307196564,0.4989258861439312,0.0,0.8459183673469387,"POLYGON ((15481126.94 5025944.148, 15484126.94 5025944.148, 15484126.94 5022944.148, 15481126.94 5022944.148, 15481126.94 5025944.148))"
喜山期,2423,15482626.94,5021444.148,0.0874843103286296,0.0011666111532696,4,0.0,1.0,True,0.9996419620479772,0.9983888292158968,0.0,0.9992660221983528,"POLYGON ((15481126.94 5022944.148, 15484126.94 5022944.148, 15484126.94 5019944.148, 15481126.94 5019944.148, 15481126.94 5022944.148))"
喜山期,2424,15482626.94,5018444.148,0.0874822813133689,0.0016281350771543,4,0.0,1.0,True,0.999283924095954,0.9996419620479772,0.0,0.9993913354815608,"POLYGON ((15481126.94 5019944.148, 15484126.94 5019944.148, 15484126.94 5016944.148, 15481126.94 5016944.148, 15481126.94 5019944.148))"
喜山期,2425,15482626.94,5015444.148,0.0883355471036338,0.0011666111532696,4,0.0,1.0,True,1.0,0.9983888292158968,0.0,0.9995166487647692,"POLYGON ((15481126.94 5016944.148, 15484126.94 5016944.148, 15484126.94 5013944.148, 15481126.94 5013944.148, 15481126.94 5016944.148))"
喜山期,2426,15482626.94,5012444.148,0.0312101781235432,0.0003556152904824,4,0.0,1.0,True,0.995345506623702,0.4989258861439312,0.0,0.8464196204797708,"POLYGON ((15481126.94 5013944.148, 15484126.94 5013944.148, 15484126.94 5010944.148, 15481126.94 5010944.148, 15481126.94 5013944.148))"
喜山期,2427,15482626.94,5009444.148,0.0201562649652383,0.0003556152904824,4,0.0,0.0,False,0.7916219119226638,0.4989258861439312,0.0,0.7038131041890441,"POLYGON ((15481126.94 5010944.148, 15484126.94 5010944.148, 15484126.94 5007944.148, 15481126.94 5007944.148, 15481126.94 5010944.148))"
喜山期,2428,15482626.94,5006444.148,0.015877719536731,0.0003556152904824,4,0.0,0.0,False,0.6562835660580022,0.4989258861439312,0.0,0.6090762620837809,"POLYGON ((15481126.94 5007944.148, 15484126.94 5007944.148, 15484126.94 5004944.148, 15481126.94 5004944.148, 15481126.94 5007944.148))"
喜山期,2429,15482626.94,5003444.148,0.0138256510699206,0.0003556152904824,4,0.0,0.0,False,0.5914786967418546,0.4989258861439312,0.0,0.5637128535624776,"POLYGON ((15481126.94 5004944.148, 15484126.94 5004944.148, 15484126.94 5001944.148, 15481126.94 5001944.148, 15481126.94 5004944.148))"
喜山期,2430,15482626.94,5000444.148,0.0126372029881121,0.0003556152904824,4,0.0,0.0,False,0.5492302184031508,0.4989258861439312,0.0,0.5341389187253849,"POLYGON ((15481126.94 5001944.148, 15484126.94 5001944.148, 15484126.94 4998944.148, 15481126.94 4998944.148, 15481126.94 5001944.148))"
喜山期,2431,15482626.94,4997444.148,0.0118254457766488,0.0003556152904824,4,0.0,0.0,False,0.5130683852488364,0.4989258861439312,0.0,0.5088256355173648,"POLYGON ((15481126.94 4998944.148, 15484126.94 4998944.148, 15484126.94 4995944.148, 15481126.94 4995944.148, 15481126.94 4998944.148))"
喜山期,2432,15482626.94,4994444.148,0.0111941330787584,0.0003556152904824,4,0.0,0.0,False,0.4883637665592553,0.4989258861439312,0.0,0.491532402434658,"POLYGON ((15481126.94 4995944.148, 15484126.94 4995944.148, 15484126.94 4992944.148, 15481126.94 4992944.148, 15481126.94 4995944.148))"
喜山期,2433,15482626.94,4991444.148,0.0106558345063282,0.0003556152904824,4,0.0,0.0,False,0.472610096670247,0.4989258861439312,0.0,0.4805048335123523,"POLYGON ((15481126.94 4992944.148, 15484126.94 4992944.148, 15484126.94 4989944.148, 15481126.94 4989944.148, 15481126.94 4992944.148))"
喜山期,2434,15482626.94,4988444.148,0.0101677812562129,0.0003556152904824,4,0.0,0.0,False,0.4504117436448263,0.4989258861439312,0.0,0.4649659863945578,"POLYGON ((15481126.94 4989944.148, 15484126.94 4989944.148, 15484126.94 4986944.148, 15481126.94 4986944.148, 15481126.94 4989944.148))"
喜山期,2435,15482626.94,4985444.148,0.0097070238760257,0.0003556152904824,4,0.0,0.0,False,0.4274973147153598,0.4989258861439312,0.0,0.4489258861439312,"POLYGON ((15481126.94 4986944.148, 15484126.94 4986944.148, 15484126.94 4983944.148, 15481126.94 4983944.148, 15481126.94 4986944.148))"
喜山期,2436,15482626.94,4982444.148,0.0092600231039933,0.0003556152904824,4,0.0,0.0,False,0.414249910490512,0.4989258861439312,0.0,0.4396527031865377,"POLYGON ((15481126.94 4983944.148, 15484126.94 4983944.148, 15484126.94 4980944.148, 15481126.94 4980944.148, 15481126.94 4983944.148))"
喜山期,2437,15482626.94,4979444.148,0.0088179386212173,0.0003556152904824,4,0.0,0.0,False,0.3981382026494808,0.4989258861439312,0.0,0.4283745076978159,"POLYGON ((15481126.94 4980944.148, 15484126.94 4980944.148, 15484126.94 4977944.148, 15481126.94 4977944.148, 15481126.94 4980944.148))"
喜山期,2438,15482626.94,4976444.148,0.0083743003700185,0.0003556152904824,4,0.0,0.0,False,0.3666308628714644,0.4989258861439312,0.0,0.4063193698532044,"POLYGON ((15481126.94 4977944.148, 15484126.94 4977944.148, 15484126.94 4974944.148, 15481126.94 4974944.148, 15481126.94 4977944.148))"
喜山期,2439,15482626.94,4973444.148,0.0079237139794504,0.0003556152904824,4,0.0,0.0,False,0.3494450411743645,0.4989258861439312,0.0,0.3942892946652345,"POLYGON ((15481126.94 4974944.148, 15484126.94 4974944.148, 15484126.94 4971944.148, 15481126.94 4971944.148, 15481126.94 4974944.148))"
喜山期,2440,15482626.94,4970444.148,0.0074610061993235,0.0003556152904824,4,0.0,0.0,False,0.3361976369495166,0.4989258861439312,0.0,0.385016111707841,"POLYGON ((15481126.94 4971944.148, 15484126.94 4971944.148, 15484126.94 4968944.148, 15481126.94 4968944.148, 15481126.94 4971944.148))"
喜山期,2441,15482626.94,4967444.148,0.0069805148084701,0.0003556152904824,4,0.0,0.0,False,0.3100608664518439,0.4989258861439312,0.0,0.3667203723594701,"POLYGON ((15481126.94 4968944.148, 15484126.94 4968944.148, 15484126.94 4965944.148, 15481126.94 4965944.148, 15481126.94 4968944.148))"
喜山期,2442,15482626.94,4964444.148,0.0064753462833039,0.0003556152904824,4,0.0,0.0,False,0.2849982098102399,0.4989258861439312,0.0,0.3491765127103473,"POLYGON ((15481126.94 4965944.148, 15484126.94 4965944.148, 15484126.94 4962944.148, 15481126.94 4962944.148, 15481126.94 4965944.148))"
喜山期,2443,15482626.94,4961444.148,0.0059364742889162,0.0003556152904824,4,0.0,0.0,False,0.263515932688865,0.4989258861439312,0.0,0.3341389187253849,"POLYGON ((15481126.94 4962944.148, 15484126.94 4962944.148, 15484126.94 4959944.148, 15481126.94 4959944.148, 15481126.94 4962944.148))"
喜山期,2444,15482626.94,4958444.148,0.0053515852782451,0.0003556152904824,4,0.0,0.0,False,0.2377372001432151,0.4989258861439312,0.0,0.3160938059434299,"POLYGON ((15481126.94 4959944.148, 15484126.94 4959944.148, 15484126.94 4956944.148, 15481126.94 4956944.148, 15481126.94 4959944.148))"
喜山期,2445,15482626.94,4955444.148,0.0047036197162483,0.0003556152904824,4,0.0,0.0,False,0.200859291084855,0.4989258861439312,0.0,0.2902792696025779,"POLYGON ((15481126.94 4956944.148, 15484126.94 4956944.148, 15484126.94 4953944.148, 15481126.94 4953944.148, 15481126.94 4956944.148))"
喜山期,2446,15482626.94,4952444.148,0.0039689878128272,0.0003556152904824,4,0.0,0.0,False,0.1743644826351593,0.4989258861439312,0.0,0.2717329036877909,"POLYGON ((15481126.94 4953944.148, 15484126.94 4953944.148, 15484126.94 4950944.148, 15481126.94 4950944.148, 15481126.94 4953944.148))"
喜山期,2447,15482626.94,4949444.148,0.003115279348554,0.0003556152904824,4,0.0,0.0,False,0.1281775868242033,0.4989258861439312,0.0,0.2394020766201217,"POLYGON ((15481126.94 4950944.148, 15484126.94 4950944.148, 15484126.94 4947944.148, 15481126.94 4947944.148, 15481126.94 4950944.148))"
喜山期,2448,15482626.94,4946444.148,0.0020971724741254,0.0003556152904824,4,0.0,0.0,False,0.0873612602935911,0.4989258861439312,0.0,0.2108306480486931,"POLYGON ((15481126.94 4947944.148, 15484126.94 4947944.148, 15484126.94 4944944.148, 15481126.94 4944944.148, 15481126.94 4947944.148))"
喜山期,2449,15482626.94,4943444.148,0.0008433585036514,0.0003556152904824,3,0.0,0.0,False,0.0161117078410311,0.4989258861439312,0.0,0.1609559613319011,"POLYGON ((15481126.94 4944944.148, 15484126.94 4944944.148, 15484126.94 4941944.148, 15481126.94 4941944.148, 15481126.94 4944944.148))"
喜山期,2450,15485626.94,5087444.148,0.0007739020778305,0.0003556152904824,3,0.0,0.0,False,0.0128893662728249,0.4989258861439312,0.0,0.1587003222341568,"POLYGON ((15484126.94 5088944.148, 15487126.94 5088944.148, 15487126.94 5085944.148, 15484126.94 5085944.148, 15484126.94 5088944.148))"
喜山期,2451,15485626.94,5084444.148,0.0019560199546817,0.0003556152904824,4,0.0,0.0,False,0.083422842821339,0.4989258861439312,0.0,0.2080737558181167,"POLYGON ((15484126.94 5085944.148, 15487126.94 5085944.148, 15487126.94 5082944.148, 15484126.94 5082944.148, 15484126.94 5085944.148))"
喜山期,2452,15485626.94,5081444.148,0.0029277502731538,0.0003556152904824,4,0.0,0.0,False,0.1188686000716075,0.4989258861439312,0.0,0.2328857858933046,"POLYGON ((15484126.94 5082944.148, 15487126.94 5082944.148, 15487126.94 5079944.148, 15484126.94 5079944.148, 15484126.94 5082944.148))"
喜山期,2453,15485626.94,5078444.148,0.0037715980531128,0.0003556152904824,4,0.0,0.0,False,0.1693519513068385,0.4989258861439312,0.0,0.2682241317579663,"POLYGON ((15484126.94 5079944.148, 15487126.94 5079944.148, 15487126.94 5076944.148, 15484126.94 5076944.148, 15484126.94 5079944.148))"
喜山期,2454,15485626.94,5075444.148,0.0045398871863186,0.0003556152904824,4,0.0,0.0,False,0.1954887218045112,0.4989258861439312,0.0,0.2865198711063372,"POLYGON ((15484126.94 5076944.148, 15487126.94 5076944.148, 15487126.94 5073944.148, 15484126.94 5073944.148, 15484126.94 5076944.148))"
喜山期,2455,15485626.94,5072444.148,0.0052693208832059,0.0003556152904824,4,0.0,0.0,False,0.2345148585750089,0.4989258861439312,0.0,0.3138381668456856,"POLYGON ((15484126.94 5073944.148, 15487126.94 5073944.148, 15487126.94 5070944.148, 15484126.94 5070944.148, 15484126.94 5073944.148))"
喜山期,2456,15485626.94,5069444.148,0.0059869616816633,0.0003556152904824,4,0.0,0.0,False,0.2645900465449338,0.4989258861439312,0.0,0.334890798424633,"POLYGON ((15484126.94 5070944.148, 15487126.94 5070944.148, 15487126.94 5067944.148, 15484126.94 5067944.148, 15484126.94 5070944.148))"
喜山期,2457,15485626.94,5066444.148,0.0067140951552515,0.0003556152904824,4,0.0,0.0,False,0.2943071965628356,0.4989258861439312,0.0,0.3556928034371643,"POLYGON ((15484126.94 5067944.148, 15487126.94 5067944.148, 15487126.94 5064944.148, 15484126.94 5064944.148, 15484126.94 5067944.148))"
喜山期,2458,15485626.94,5063444.148,0.0074690978444007,0.0003556152904824,4,0.0,0.0,False,0.3365556749015395,0.4989258861439312,0.0,0.385266738274257,"POLYGON ((15484126.94 5064944.148, 15487126.94 5064944.148, 15487126.94 5061944.148, 15484126.94 5061944.148, 15484126.94 5064944.148))"
喜山期,2459,15485626.94,5060444.148,0.0082696406015546,0.0003556152904824,4,0.0,0.0,False,0.3630504833512352,0.4989258861439312,0.0,0.403813104189044,"POLYGON ((15484126.94 5061944.148, 15487126.94 5061944.148, 15487126.94 5058944.148, 15484126.94 5058944.148, 15484126.94 5061944.148))"
喜山期,2460,15485626.94,5057444.148,0.0091344747092322,0.0003556152904824,4,0.0,0.0,False,0.4103114930182599,0.4989258861439312,0.0,0.4368958109559613,"POLYGON ((15484126.94 5058944.148, 15487126.94 5058944.148, 15487126.94 5055944.148, 15484126.94 5055944.148, 15484126.94 5058944.148))"
喜山期,2461,15485626.94,5054444.148,0.0100850424810572,0.0003556152904824,4,0.0,0.0,False,0.447547440028643,0.4989258861439312,0.0,0.4629609738632295,"POLYGON ((15484126.94 5055944.148, 15487126.94 5055944.148, 15487126.94 5052944.148, 15484126.94 5052944.148, 15484126.94 5055944.148))"
喜山期,2462,15485626.94,5051444.148,0.0111471459094207,0.0003556152904824,4,0.0,0.0,False,0.4862155388471177,0.4989258861439312,0.0,0.4900286430361618,"POLYGON ((15484126.94 5052944.148, 15487126.94 5052944.148, 15487126.94 5049944.148, 15484126.94 5049944.148, 15484126.94 5052944.148))"
喜山期,2463,15485626.94,5048444.148,0.012352913343224,0.0003556152904824,4,0.0,0.0,False,0.5359828141783028,0.4989258861439312,0.0,0.5248657357679913,"POLYGON ((15484126.94 5049944.148, 15487126.94 5049944.148, 15487126.94 5046944.148, 15484126.94 5046944.148, 15484126.94 5049944.148))"
喜山期,2464,15485626.94,5045444.148,0.0137433552882667,0.0003556152904824,4,0.0,0.0,False,0.5868242033655567,0.4989258861439312,0.0,0.5604547081990691,"POLYGON ((15484126.94 5046944.148, 15487126.94 5046944.148, 15487126.94 5043944.148, 15484126.94 5043944.148, 15484126.94 5046944.148))"
喜山期,2465,15485626.94,5042444.148,0.0153719410660264,0.0003556152904824,4,0.0,0.0,False,0.6419620479770856,0.4989258861439312,0.0,0.5990511994271392,"POLYGON ((15484126.94 5043944.148, 15487126.94 5043944.148, 15487126.94 5040944.148, 15484126.94 5040944.148, 15484126.94 5043944.148))"
喜山期,2466,15485626.94,5039444.148,0.017309953120761,0.0003556152904824,4,0.0,0.0,False,0.7024704618689581,0.4989258861439312,0.0,0.6414070891514501,"POLYGON ((15484126.94 5040944.148, 15487126.94 5040944.148, 15487126.94 5037944.148, 15484126.94 5037944.148, 15484126.94 5040944.148))"
喜山期,2467,15485626.94,5036444.148,0.0196551116621322,0.0003556152904824,4,0.0,0.0,False,0.7773003938417472,0.4989258861439312,0.0,0.6937880415324024,"POLYGON ((15484126.94 5037944.148, 15487126.94 5037944.148, 15487126.94 5034944.148, 15484126.94 5034944.148, 15484126.94 5037944.148))"
喜山期,2468,15485626.94,5033444.148,0.022546674563063,0.0003556152904824,4,0.0,1.0,True,0.8872180451127819,0.4989258861439312,0.0,0.7707303974221267,"POLYGON ((15484126.94 5034944.148, 15487126.94 5034944.148, 15487126.94 5031944.148, 15484126.94 5031944.148, 15484126.94 5034944.148))"
喜山期,2469,15485626.94,5030444.148,0.0261944442096677,0.0003556152904824,4,0.0,1.0,True,0.9931972789115646,0.4989258861439312,0.0,0.8449158610812746,"POLYGON ((15484126.94 5031944.148, 15487126.94 5031944.148, 15487126.94 5028944.148, 15484126.94 5028944.148, 15484126.94 5031944.148))"
喜山期,2470,15485626.94,5027444.148,0.0309407728704363,0.0003556152904824,4,0.0,1.0,True,0.9949874686716792,0.4989258861439312,0.0,0.8461689939133548,"POLYGON ((15484126.94 5028944.148, 15487126.94 5028944.148, 15487126.94 5025944.148, 15484126.94 5025944.148, 15484126.94 5028944.148))"
喜山期,2471,15485626.94,5024444.148,0.0374138156130879,0.0003556152904824,4,0.0,1.0,True,0.9967776584317938,0.4989258861439312,0.0,0.8474221267454349,"POLYGON ((15484126.94 5025944.148, 15487126.94 5025944.148, 15487126.94 5022944.148, 15484126.94 5022944.148, 15484126.94 5025944.148))"
喜山期,2472,15485626.94,5021444.148,0.0688263170780984,0.001191737293711,4,0.0,1.0,True,0.9982098102398854,0.9991049051199428,0.0,0.9984783387039028,"POLYGON ((15484126.94 5022944.148, 15487126.94 5022944.148, 15487126.94 5019944.148, 15484126.94 5019944.148, 15484126.94 5022944.148))"
喜山期,2473,15485626.94,5018444.148,0.0832489713667532,0.0021556292344486,4,0.0,1.0,True,0.9989258861439312,1.0,0.0,0.999248120300752,"POLYGON ((15484126.94 5019944.148, 15487126.94 5019944.148, 15487126.94 5016944.148, 15484126.94 5016944.148, 15484126.94 5019944.148))"
喜山期,2474,15485626.94,5015444.148,0.0699942209198668,0.001191737293711,4,0.0,1.0,True,0.9985678481919084,0.9991049051199428,0.0,0.9987289652703186,"POLYGON ((15484126.94 5016944.148, 15487126.94 5016944.148, 15487126.94 5013944.148, 15484126.94 5013944.148, 15484126.94 5016944.148))"
喜山期,2475,15485626.94,5012444.148,0.0386311228214631,0.0003556152904824,4,0.0,1.0,True,0.9971356963838168,0.4989258861439312,0.0,0.847672753311851,"POLYGON ((15484126.94 5013944.148, 15487126.94 5013944.148, 15487126.94 5010944.148, 15484126.94 5010944.148, 15484126.94 5013944.148))"
喜山期,2476,15485626.94,5009444.148,0.0323511113325916,0.0003556152904824,4,0.0,1.0,True,0.9957035445757252,0.4989258861439312,0.0,0.8466702470461869,"POLYGON ((15484126.94 5010944.148, 15487126.94 5010944.148, 15487126.94 5007944.148, 15484126.94 5007944.148, 15484126.94 5010944.148))"
喜山期,2477,15485626.94,5006444.148,0.0276981809705466,0.0003556152904824,4,0.0,1.0,True,0.9935553168635876,0.4989258861439312,0.0,0.8451664876476906,"POLYGON ((15484126.94 5007944.148, 15487126.94 5007944.148, 15487126.94 5004944.148, 15484126.94 5004944.148, 15484126.94 5007944.148))"
喜山期,2478,15485626.94,5003444.148,0.0240876475544401,0.0003556152904824,4,0.0,1.0,True,0.9598997493734336,0.4989258861439312,0.0,0.8216075904045829,"POLYGON ((15484126.94 5004944.148, 15487126.94 5004944.148, 15487126.94 5001944.148, 15484126.94 5001944.148, 15484126.94 5004944.148))"
喜山期,2479,15485626.94,5000444.148,0.0212001826035664,0.0003556152904824,4,0.0,1.0,True,0.8317221625492303,0.4989258861439312,0.0,0.7318832796276405,"POLYGON ((15484126.94 5001944.148, 15487126.94 5001944.148, 15487126.94 4998944.148, 15484126.94 4998944.148, 15484126.94 5001944.148))"
喜山期,2480,15485626.94,4997444.148,0.018839865125719,0.0003556152904824,4,0.0,0.0,False,0.7482993197278912,0.4989258861439312,0.0,0.6734872896527032,"POLYGON ((15484126.94 4998944.148, 15487126.94 4998944.148, 15487126.94 4995944.148, 15484126.94 4995944.148, 15484126.94 4998944.148))"
喜山期,2481,15485626.94,4994444.148,0.0168764038825314,0.0003556152904824,4,0.0,0.0,False,0.6895810955961332,0.4989258861439312,0.0,0.6323845327604727,"POLYGON ((15484126.94 4995944.148, 15487126.94 4995944.148, 15487126.94 4992944.148, 15484126.94 4992944.148, 15484126.94 4995944.148))"
喜山期,2482,15485626.94,4991444.148,0.0152180178822011,0.0003556152904824,4,0.0,0.0,False,0.6348012889366272,0.4989258861439312,0.0,0.5940386680988183,"POLYGON ((15484126.94 4992944.148, 15487126.94 4992944.148, 15487126.94 4989944.148, 15484126.94 4989944.148, 15484126.94 4992944.148))"
喜山期,2483,15485626.94,4988444.148,0.0137973617835604,0.0003556152904824,4,0.0,0.0,False,0.5889724310776943,0.4989258861439312,0.0,0.5619584675975653,"POLYGON ((15484126.94 4989944.148, 15487126.94 4989944.148, 15487126.94 4986944.148, 15484126.94 4986944.148, 15484126.94 4989944.148))"
喜山期,2484,15485626.94,4985444.148,0.012563563385801,0.0003556152904824,4,0.0,0.0,False,0.5445757250268528,0.4989258861439312,0.0,0.5308807733619763,"POLYGON ((15484126.94 4986944.148, 15487126.94 4986944.148, 15487126.94 4983944.148, 15484126.94 4983944.148, 15484126.94 4986944.148))"
喜山期,2485,15485626.94,4982444.148,0.0114773453210207,0.0003556152904824,4,0.0,0.0,False,0.501969208736126,0.4989258861439312,0.0,0.5010562119584676,"POLYGON ((15484126.94 4983944.148, 15487126.94 4983944.148, 15487126.94 4980944.148, 15484126.94 4980944.148, 15484126.94 4983944.148))"
喜山期,2486,15485626.94,4979444.148,0.0105078146683238,0.0003556152904824,4,0.0,0.0,False,0.4661654135338345,0.4989258861439312,0.0,0.4759935553168635,"POLYGON ((15484126.94 4980944.148, 15487126.94 4980944.148, 15487126.94 4977944.148, 15484126.94 4977944.148, 15484126.94 4980944.148))"
喜山期,2487,15485626.94,4976444.148,0.0096302140846619,0.0003556152904824,4,0.0,0.0,False,0.4253490870032223,0.4989258861439312,0.0,0.4474221267454349,"POLYGON ((15484126.94 4977944.148, 15487126.94 4977944.148, 15487126.94 4974944.148, 15484126.94 4974944.148, 15484126.94 4977944.148))"
喜山期,2488,15485626.94,4973444.148,0.0088242517766115,0.0003556152904824,4,0.0,0.0,False,0.3984962406015037,0.4989258861439312,0.0,0.428625134264232,"POLYGON ((15484126.94 4974944.148, 15487126.94 4974944.148, 15487126.94 4971944.148, 15484126.94 4971944.148, 15484126.94 4974944.148))"
喜山期,2489,15485626.94,4970444.148,0.0080727771984059,0.0003556152904824,4,0.0,0.0,False,0.3551736484067311,0.4989258861439312,0.0,0.3982993197278911,"POLYGON ((15484126.94 4971944.148, 15487126.94 4971944.148, 15487126.94 4968944.148, 15484126.94 4968944.148, 15484126.94 4971944.148))"
喜山期,2490,15485626.94,4967444.148,0.0073606357664252,0.0003556152904824,4,0.0,0.0,False,0.3336913712853562,0.4989258861439312,0.0,0.3832617257429287,"POLYGON ((15484126.94 4968944.148, 15487126.94 4968944.148, 15487126.94 4965944.148, 15484126.94 4965944.148, 15484126.94 4968944.148))"
喜山期,2491,15485626.94,4964444.148,0.0066735589984945,0.0003556152904824,4,0.0,0.0,False,0.2921589688506982,0.4989258861439312,0.0,0.3541890440386681,"POLYGON ((15484126.94 4965944.148, 15487126.94 4965944.148, 15487126.94 4962944.148, 15484126.94 4962944.148, 15484126.94 4965944.148))"
喜山期,2492,15485626.94,4961444.148,0.0059969459559168,0.0003556152904824,4,0.0,0.0,False,0.2660221983530254,0.4989258861439312,0.0,0.3358933046902971,"POLYGON ((15484126.94 4962944.148, 15487126.94 4962944.148, 15487126.94 4959944.148, 15484126.94 4959944.148, 15484126.94 4962944.148))"
喜山期,2493,15485626.94,4958444.148,0.0053143825835328,0.0003556152904824,4,0.0,0.0,False,0.2355889724310776,0.4989258861439312,0.0,0.3145900465449337,"POLYGON ((15484126.94 4959944.148, 15487126.94 4959944.148, 15487126.94 4956944.148, 15484126.94 4956944.148, 15484126.94 4959944.148))"
喜山期,2494,15485626.94,4955444.148,0.0046057430674718,0.0003556152904824,4,0.0,0.0,False,0.1983530254206946,0.4989258861439312,0.0,0.2885248836376656,"POLYGON ((15484126.94 4956944.148, 15487126.94 4956944.148, 15487126.94 4953944.148, 15484126.94 4953944.148, 15484126.94 4956944.148))"
喜山期,2495,15485626.94,4952444.148,0.0038447204790127,0.0003556152904824,4,0.0,0.0,False,0.171500179018976,0.4989258861439312,0.0,0.2697278911564625,"POLYGON ((15484126.94 4953944.148, 15487126.94 4953944.148, 15487126.94 4950944.148, 15484126.94 4950944.148, 15484126.94 4953944.148))"
喜山期,2496,15485626.94,4949444.148,0.0029955248500921,0.0003556152904824,4,0.0,0.0,False,0.1206587898317221,0.4989258861439312,0.0,0.2341389187253849,"POLYGON ((15484126.94 4950944.148, 15487126.94 4950944.148, 15487126.94 4947944.148, 15484126.94 4947944.148, 15484126.94 4950944.148))"
喜山期,2497,15485626.94,4946444.148,0.002007580514578,0.0003556152904824,4,0.0,0.0,False,0.0848549946294307,0.4989258861439312,0.0,0.2090762620837808,"POLYGON ((15484126.94 4947944.148, 15487126.94 4947944.148, 15487126.94 4944944.148, 15484126.94 4944944.148, 15484126.94 4947944.148))"
喜山期,2498,15485626.94,4943444.148,0.00080146846626,0.0003556152904824,3,0.0,0.0,False,0.0146795560329394,0.4989258861439312,0.0,0.159953455066237,"POLYGON ((15484126.94 4944944.148, 15487126.94 4944944.148, 15487126.94 4941944.148, 15484126.94 4941944.148, 15484126.94 4944944.148))"
喜山期,2499,15488626.94,5087444.148,0.0007255343540381,0.0003556152904824,3,0.0,0.0,False,0.0107411385606874,0.4989258861439312,0.0,0.1571965628356605,"POLYGON ((15487126.94 5088944.148, 15490126.94 5088944.148, 15490126.94 5085944.148, 15487126.94 5085944.148, 15487126.94 5088944.148))"
喜山期,2500,15488626.94,5084444.148,0.0018391378230673,0.0003556152904824,4,0.0,0.0,False,0.0812746151092015,0.4989258861439312,0.0,0.2065699964196204,"POLYGON ((15487126.94 5085944.148, 15490126.94 5085944.148, 15490126.94 5082944.148, 15487126.94 5082944.148, 15487126.94 5085944.148))"
喜山期,2501,15488626.94,5081444.148,0.0027494703430667,0.0003556152904824,4,0.0,0.0,False,0.1134980307912638,0.4989258861439312,0.0,0.2291263873970641,"POLYGON ((15487126.94 5082944.148, 15490126.94 5082944.148, 15490126.94 5079944.148, 15487126.94 5079944.148, 15487126.94 5082944.148))"
喜山期,2502,15488626.94,5078444.148,0.0035455255460892,0.0003556152904824,4,0.0,0.0,False,0.1578947368421052,0.4989258861439312,0.0,0.2602040816326531,"POLYGON ((15487126.94 5079944.148, 15490126.94 5079944.148, 15490126.94 5076944.148, 15487126.94 5076944.148, 15487126.94 5079944.148))"
喜山期,2503,15488626.94,5075444.148,0.0042809605636894,0.0003556152904824,4,0.0,0.0,False,0.1876118868600071,0.4989258861439312,0.0,0.2810060866451843,"POLYGON ((15487126.94 5076944.148, 15490126.94 5076944.148, 15490126.94 5073944.148, 15487126.94 5073944.148, 15487126.94 5076944.148))"
喜山期,2504,15488626.94,5072444.148,0.004991167086098,0.0003556152904824,4,0.0,0.0,False,0.2123165055495882,0.4989258861439312,0.0,0.2982993197278911,"POLYGON ((15487126.94 5073944.148, 15490126.94 5073944.148, 15490126.94 5070944.148, 15487126.94 5070944.148, 15487126.94 5073944.148))"
喜山期,2505,15488626.94,5069444.148,0.0057007395762283,0.0003556152904824,4,0.0,0.0,False,0.2517006802721088,0.4989258861439312,0.0,0.3258682420336555,"POLYGON ((15487126.94 5070944.148, 15490126.94 5070944.148, 15490126.94 5067944.148, 15487126.94 5067944.148, 15487126.94 5070944.148))"
喜山期,2506,15488626.94,5066444.148,0.0064278347107461,0.0003556152904824,4,0.0,0.0,False,0.2839240959541711,0.4989258861439312,0.0,0.3484246330110991,"POLYGON ((15487126.94 5067944.148, 15490126.94 5067944.148, 15490126.94 5064944.148, 15487126.94 5064944.148, 15487126.94 5067944.148))"
喜山期,2507,15488626.94,5063444.148,0.0071868113104575,0.0003556152904824,4,0.0,0.0,False,0.3250984604368063,0.4989258861439312,0.0,0.3772466881489438,"POLYGON ((15487126.94 5064944.148, 15490126.94 5064944.148, 15490126.94 5061944.148, 15487126.94 5061944.148, 15487126.94 5064944.148))"
喜山期,2508,15488626.94,5060444.148,0.0079897177866909,0.0003556152904824,4,0.0,0.0,False,0.3523093447905478,0.4989258861439312,0.0,0.3962943071965628,"POLYGON ((15487126.94 5061944.148, 15490126.94 5061944.148, 15490126.94 5058944.148, 15487126.94 5058944.148, 15487126.94 5061944.148))"
喜山期,2509,15488626.94,5057444.148,0.0088469691134637,0.0003556152904824,4,0.0,0.0,False,0.4010025062656641,0.4989258861439312,0.0,0.4303795202291443,"POLYGON ((15487126.94 5058944.148, 15490126.94 5058944.148, 15490126.94 5055944.148, 15487126.94 5055944.148, 15487126.94 5058944.148))"
喜山期,2510,15488626.94,5054444.148,0.0097674112450519,0.0003556152904824,4,0.0,0.0,False,0.4292875044754744,0.4989258861439312,0.0,0.4501790189760115,"POLYGON ((15487126.94 5055944.148, 15490126.94 5055944.148, 15490126.94 5052944.148, 15487126.94 5052944.148, 15487126.94 5055944.148))"
喜山期,2511,15488626.94,5051444.148,0.0107578437518501,0.0003556152904824,4,0.0,0.0,False,0.4758324382384533,0.4989258861439312,0.0,0.4827604726100966,"POLYGON ((15487126.94 5052944.148, 15490126.94 5052944.148, 15490126.94 5049944.148, 15487126.94 5049944.148, 15487126.94 5052944.148))"
喜山期,2512,15488626.94,5048444.148,0.0118219499391302,0.0003556152904824,4,0.0,0.0,False,0.5127103472968134,0.4989258861439312,0.0,0.5085750089509488,"POLYGON ((15487126.94 5049944.148, 15490126.94 5049944.148, 15490126.94 5046944.148, 15487126.94 5046944.148, 15487126.94 5049944.148))"
喜山期,2513,15488626.94,5045444.148,0.0129584480601701,0.0003556152904824,4,0.0,0.0,False,0.5581811672037236,0.4989258861439312,0.0,0.5404045828857859,"POLYGON ((15487126.94 5046944.148, 15490126.94 5046944.148, 15490126.94 5043944.148, 15487126.94 5043944.148, 15487126.94 5046944.148))"
喜山期,2514,15488626.94,5042444.148,0.0141580915712209,0.0003556152904824,4,0.0,0.0,False,0.6018617973505191,0.4989258861439312,0.0,0.5709810239885428,"POLYGON ((15487126.94 5043944.148, 15490126.94 5043944.148, 15490126.94 5040944.148, 15487126.94 5040944.148, 15487126.94 5043944.148))"
喜山期,2515,15488626.94,5039444.148,0.0153988503320524,0.0003556152904824,4,0.0,0.0,False,0.6433941997851772,0.4989258861439312,0.0,0.6000537056928034,"POLYGON ((15487126.94 5040944.148, 15490126.94 5040944.148, 15490126.94 5037944.148, 15487126.94 5037944.148, 15487126.94 5040944.148))"
喜山期,2516,15488626.94,5036444.148,0.0166380849963542,0.0003556152904824,4,0.0,0.0,False,0.6806301467955603,0.4989258861439312,0.0,0.6261188686000716,"POLYGON ((15487126.94 5037944.148, 15490126.94 5037944.148, 15490126.94 5034944.148, 15487126.94 5034944.148, 15487126.94 5037944.148))"
喜山期,2517,15488626.94,5033444.148,0.0177995243411352,0.0003556152904824,4,0.0,0.0,False,0.7142857142857143,0.4989258861439312,0.0,0.6496777658431794,"POLYGON ((15487126.94 5034944.148, 15490126.94 5034944.148, 15490126.94 5031944.148, 15487126.94 5031944.148, 15487126.94 5034944.148))"
喜山期,2518,15488626.94,5030444.148,0.0187506241480727,0.0003556152904824,4,0.0,0.0,False,0.7465091299677766,0.4989258861439312,0.0,0.672234156820623,"POLYGON ((15487126.94 5031944.148, 15490126.94 5031944.148, 15490126.94 5028944.148, 15487126.94 5028944.148, 15487126.94 5031944.148))"
喜山期,2519,15488626.94,5027444.148,0.0192597756617848,0.0003556152904824,4,0.0,0.0,False,0.7629788757608307,0.4989258861439312,0.0,0.6837629788757608,"POLYGON ((15487126.94 5028944.148, 15490126.94 5028944.148, 15490126.94 5025944.148, 15487126.94 5025944.148, 15487126.94 5028944.148))"
喜山期,2520,15488626.94,5024444.148,0.0189009740455665,0.0003556152904824,4,0.0,0.0,False,0.7504475474400286,0.4989258861439312,0.0,0.6749910490511993,"POLYGON ((15487126.94 5025944.148, 15490126.94 5025944.148, 15490126.94 5022944.148, 15487126.94 5022944.148, 15487126.94 5025944.148))"
喜山期,2521,15488626.94,5021444.148,0.0185251721504982,0.0003556152904824,4,0.0,0.0,False,0.7389903329752954,0.4989258861439312,0.0,0.6669709989258861,"POLYGON ((15487126.94 5022944.148, 15490126.94 5022944.148, 15490126.94 5019944.148, 15487126.94 5019944.148, 15487126.94 5022944.148))"
喜山期,2522,15488626.94,5018444.148,0.023320868277578,0.0007553395102677,4,0.0,1.0,True,0.920515574650913,0.9978517722878624,0.0,0.943716433941998,"POLYGON ((15487126.94 5019944.148, 15490126.94 5019944.148, 15490126.94 5016944.148, 15487126.94 5016944.148, 15487126.94 5019944.148))"
喜山期,2523,15488626.94,5015444.148,0.0181547952584622,0.0003556152904824,4,0.0,0.0,False,0.7289652703186538,0.4989258861439312,0.0,0.659953455066237,"POLYGON ((15487126.94 5016944.148, 15490126.94 5016944.148, 15490126.94 5013944.148, 15487126.94 5013944.148, 15487126.94 5016944.148))"
喜山期,2524,15488626.94,5012444.148,0.018667880450311,0.0003556152904824,4,0.0,0.0,False,0.7429287504475475,0.4989258861439312,0.0,0.6697278911564626,"POLYGON ((15487126.94 5013944.148, 15490126.94 5013944.148, 15490126.94 5010944.148, 15487126.94 5010944.148, 15487126.94 5013944.148))"
喜山期,2525,15488626.94,5009444.148,0.0193303821999033,0.0003556152904824,4,0.0,0.0,False,0.7651271034729681,0.4989258861439312,0.0,0.685266738274257,"POLYGON ((15487126.94 5010944.148, 15490126.94 5010944.148, 15490126.94 5007944.148, 15487126.94 5007944.148, 15487126.94 5010944.148))"
喜山期,2526,15488626.94,5006444.148,0.019096376353314,0.0003556152904824,4,0.0,0.0,False,0.7579663444325099,0.4989258861439312,0.0,0.6802542069459363,"POLYGON ((15487126.94 5007944.148, 15490126.94 5007944.148, 15490126.94 5004944.148, 15487126.94 5004944.148, 15487126.94 5007944.148))"
喜山期,2527,15488626.94,5003444.148,0.0183783440878547,0.0003556152904824,4,0.0,0.0,False,0.7354099534550662,0.4989258861439312,0.0,0.6644647332617257,"POLYGON ((15487126.94 5004944.148, 15490126.94 5004944.148, 15490126.94 5001944.148, 15487126.94 5001944.148, 15487126.94 5004944.148))"
喜山期,2528,15488626.94,5000444.148,0.0174058885002112,0.0003556152904824,4,0.0,0.0,False,0.7049767275331185,0.4989258861439312,0.0,0.6431614751163623,"POLYGON ((15487126.94 5001944.148, 15490126.94 5001944.148, 15490126.94 4998944.148, 15487126.94 4998944.148, 15487126.94 5001944.148))"
喜山期,2529,15488626.94,4997444.148,0.0163147451186089,0.0003556152904824,4,0.0,0.0,False,0.6677407805227354,0.4989258861439312,0.0,0.6170963122090942,"POLYGON ((15487126.94 4998944.148, 15490126.94 4998944.148, 15490126.94 4995944.148, 15487126.94 4995944.148, 15487126.94 4998944.148))"
喜山期,2530,15488626.94,4994444.148,0.0151865059835317,0.0003556152904824,4,0.0,0.0,False,0.6340852130325815,0.4989258861439312,0.0,0.5935374149659864,"POLYGON ((15487126.94 4995944.148, 15490126.94 4995944.148, 15490126.94 4992944.148, 15487126.94 4992944.148, 15487126.94 4995944.148))"
喜山期,2531,15488626.94,4991444.148,0.0140697268508809,0.0003556152904824,4,0.0,0.0,False,0.5997135696383816,0.4989258861439312,0.0,0.5694772645900466,"POLYGON ((15487126.94 4992944.148, 15490126.94 4992944.148, 15490126.94 4989944.148, 15487126.94 4989944.148, 15487126.94 4992944.148))"
喜山期,2532,15488626.94,4988444.148,0.0129922183468129,0.0003556152904824,4,0.0,0.0,False,0.5592552810597924,0.4989258861439312,0.0,0.541156462585034,"POLYGON ((15487126.94 4989944.148, 15490126.94 4989944.148, 15490126.94 4986944.148, 15487126.94 4986944.148, 15487126.94 4989944.148))"
喜山期,2533,15488626.94,4985444.148,0.0119685586212763,0.0003556152904824,4,0.0,0.0,False,0.5177228786251342,0.4989258861439312,0.0,0.5120837808807733,"POLYGON ((15487126.94 4986944.148, 15490126.94 4986944.148, 15490126.94 4983944.148, 15487126.94 4983944.148, 15487126.94 4986944.148))"
喜山期,2534,15488626.94,4982444.148,0.011004813527813,0.0003556152904824,4,0.0,0.0,False,0.4822771213748657,0.4989258861439312,0.0,0.4872717508055854,"POLYGON ((15487126.94 4983944.148, 15490126.94 4983944.148, 15490126.94 4980944.148, 15487126.94 4980944.148, 15487126.94 4983944.148))"
喜山期,2535,15488626.94,4979444.148,0.0101015519725993,0.0003556152904824,4,0.0,0.0,False,0.4486215538847117,0.4989258861439312,0.0,0.4637128535624776,"POLYGON ((15487126.94 4980944.148, 15490126.94 4980944.148, 15490126.94 4977944.148, 15487126.94 4977944.148, 15487126.94 4980944.148))"
喜山期,2536,15488626.94,4976444.148,0.0092557844923219,0.0003556152904824,4,0.0,0.0,False,0.4138918725384891,0.4989258861439312,0.0,0.4394020766201217,"POLYGON ((15487126.94 4977944.148, 15490126.94 4977944.148, 15490126.94 4974944.148, 15487126.94 4974944.148, 15487126.94 4977944.148))"
喜山期,2537,15488626.94,4973444.148,0.0084621938825953,0.0003556152904824,4,0.0,0.0,False,0.3705692803437164,0.4989258861439312,0.0,0.4090762620837809,"POLYGON ((15487126.94 4974944.148, 15490126.94 4974944.148, 15490126.94 4971944.148, 15487126.94 4971944.148, 15487126.94 4974944.148))"
喜山期,2538,15488626.94,4970444.148,0.007713870315857,0.0003556152904824,4,0.0,0.0,False,0.3419262441818833,0.4989258861439312,0.0,0.3890261367704977,"POLYGON ((15487126.94 4971944.148, 15490126.94 4971944.148, 15490126.94 4968944.148, 15487126.94 4968944.148, 15487126.94 4971944.148))"
喜山期,2539,15488626.94,4967444.148,0.0070026609251644,0.0003556152904824,4,0.0,0.0,False,0.3118510562119584,0.4989258861439312,0.0,0.3679735051915502,"POLYGON ((15487126.94 4968944.148, 15490126.94 4968944.148, 15490126.94 4965944.148, 15487126.94 4965944.148, 15487126.94 4968944.148))"
喜山期,2540,15488626.94,4964444.148,0.0063191664901139,0.0003556152904824,4,0.0,0.0,False,0.2789115646258503,0.4989258861439312,0.0,0.3449158610812746,"POLYGON ((15487126.94 4965944.148, 15490126.94 4965944.148, 15490126.94 4962944.148, 15487126.94 4962944.148, 15487126.94 4965944.148))"
喜山期,2541,15488626.94,4961444.148,0.0056523472189549,0.0003556152904824,4,0.0,0.0,False,0.2491944146079484,0.4989258861439312,0.0,0.3241138560687432,"POLYGON ((15487126.94 4962944.148, 15490126.94 4962944.148, 15490126.94 4959944.148, 15487126.94 4959944.148, 15487126.94 4962944.148))"
喜山期,2542,15488626.94,4958444.148,0.0049886248787794,0.0003556152904824,4,0.0,0.0,False,0.2119584675975653,0.4989258861439312,0.0,0.2980486931614751,"POLYGON ((15487126.94 4959944.148, 15490126.94 4959944.148, 15490126.94 4956944.148, 15487126.94 4956944.148, 15487126.94 4959944.148))"
喜山期,2543,15488626.94,4955444.148,0.0043102864998961,0.0003556152904824,4,0.0,0.0,False,0.1894020766201217,0.4989258861439312,0.0,0.2822592194772646,"POLYGON ((15487126.94 4956944.148, 15490126.94 4956944.148, 15490126.94 4953944.148, 15487126.94 4953944.148, 15487126.94 4956944.148))"
喜山期,2544,15488626.94,4952444.148,0.0035929011127506,0.0003556152904824,4,0.0,0.0,False,0.1593268886501969,0.4989258861439312,0.0,0.2612065878983172,"POLYGON ((15487126.94 4953944.148, 15490126.94 4953944.148, 15490126.94 4950944.148, 15487126.94 4950944.148, 15487126.94 4953944.148))"
喜山期,2545,15488626.94,4949444.148,0.0028012761206106,0.0003556152904824,4,0.0,0.0,False,0.1145721446473326,0.4989258861439312,0.0,0.2298782670963122,"POLYGON ((15487126.94 4950944.148, 15490126.94 4950944.148, 15490126.94 4947944.148, 15487126.94 4947944.148, 15487126.94 4950944.148))"
喜山期,2546,15488626.94,4946444.148,0.0018826283397616,0.0003556152904824,4,0.0,0.0,False,0.0823487289652703,0.4989258861439312,0.0,0.2073218761188686,"POLYGON ((15487126.94 4947944.148, 15490126.94 4947944.148, 15490126.94 4944944.148, 15487126.94 4944944.148, 15487126.94 4947944.148))"
喜山期,2547,15488626.94,4943444.148,0.0007503327371244,0.0003556152904824,3,0.0,0.0,False,0.012173290368779,0.4989258861439312,0.0,0.1581990691013247,"POLYGON ((15487126.94 4944944.148, 15490126.94 4944944.148, 15490126.94 4941944.148, 15487126.94 4941944.148, 15487126.94 4944944.148))"
喜山期,2548,15491626.94,5087444.148,0.0006649932859526,0.0003556152904824,3,0.0,0.0,False,0.008234872896527,0.4989258861439312,0.0,0.1554421768707483,"POLYGON ((15490126.94 5088944.148, 15493126.94 5088944.148, 15493126.94 5085944.148, 15490126.94 5085944.148, 15490126.94 5088944.148))"
喜山期,2549,15491626.94,5084444.148,0.0017085222642805,0.0003556152904824,4,0.0,0.0,False,0.0805585392051557,0.4989258861439312,0.0,0.2060687432867884,"POLYGON ((15490126.94 5085944.148, 15493126.94 5085944.148, 15493126.94 5082944.148, 15490126.94 5082944.148, 15490126.94 5085944.148))"
喜山期,2550,15491626.94,5081444.148,0.0025666028995913,0.0003556152904824,4,0.0,0.0,False,0.1013247404224847,0.4989258861439312,0.0,0.2206050841389187,"POLYGON ((15490126.94 5082944.148, 15493126.94 5082944.148, 15493126.94 5079944.148, 15490126.94 5079944.148, 15490126.94 5082944.148))"
喜山期,2551,15491626.94,5078444.148,0.0033310541136385,0.0003556152904824,4,0.0,0.0,False,0.1525241675617615,0.4989258861439312,0.0,0.2564446831364124,"POLYGON ((15490126.94 5079944.148, 15493126.94 5079944.148, 15493126.94 5076944.148, 15490126.94 5076944.148, 15490126.94 5079944.148))"
喜山期,2552,15491626.94,5075444.148,0.0040523543987735,0.0003556152904824,4,0.0,0.0,False,0.1765127103472968,0.4989258861439312,0.0,0.2732366630862871,"POLYGON ((15490126.94 5076944.148, 15493126.94 5076944.148, 15493126.94 5073944.148, 15490126.94 5073944.148, 15490126.94 5076944.148))"
喜山期,2553,15491626.94,5072444.148,0.0047599737253693,0.0003556152904824,4,0.0,0.0,False,0.2022914428929466,0.4989258861439312,0.0,0.291281775868242,"POLYGON ((15490126.94 5073944.148, 15493126.94 5073944.148, 15493126.94 5070944.148, 15490126.94 5070944.148, 15490126.94 5073944.148))"
喜山期,2554,15491626.94,5069444.148,0.005471171384065,0.0003556152904824,4,0.0,0.0,False,0.2420336555674901,0.4989258861439312,0.0,0.3191013247404224,"POLYGON ((15490126.94 5070944.148, 15493126.94 5070944.148, 15493126.94 5067944.148, 15490126.94 5067944.148, 15490126.94 5070944.148))"
喜山期,2555,15491626.94,5066444.148,0.0061955223943154,0.0003556152904824,4,0.0,0.0,False,0.2746151092015754,0.4989258861439312,0.0,0.3419083422842821,"POLYGON ((15490126.94 5067944.148, 15493126.94 5067944.148, 15493126.94 5064944.148, 15490126.94 5064944.148, 15490126.94 5067944.148))"
喜山期,2556,15491626.94,5063444.148,0.0069372073563065,0.0003556152904824,4,0.0,0.0,False,0.3068385248836376,0.4989258861439312,0.0,0.3644647332617257,"POLYGON ((15490126.94 5064944.148, 15493126.94 5064944.148, 15493126.94 5061944.148, 15490126.94 5061944.148, 15490126.94 5064944.148))"
喜山期,2557,15491626.94,5060444.148,0.0076960177491586,0.0003556152904824,4,0.0,0.0,False,0.3415682062298603,0.4989258861439312,0.0,0.3887755102040816,"POLYGON ((15490126.94 5061944.148, 15493126.94 5061944.148, 15493126.94 5058944.148, 15490126.94 5058944.148, 15490126.94 5061944.148))"
喜山期,2558,15491626.94,5057444.148,0.008467609188528,0.0003556152904824,4,0.0,0.0,False,0.3716433941997852,0.4989258861439312,0.0,0.409828141783029,"POLYGON ((15490126.94 5058944.148, 15493126.94 5058944.148, 15493126.94 5055944.148, 15490126.94 5055944.148, 15490126.94 5058944.148))"
喜山期,2559,15491626.94,5054444.148,0.0092433005302944,0.0003556152904824,4,0.0,0.0,False,0.4131757966344432,0.4989258861439312,0.0,0.4389008234872896,"POLYGON ((15490126.94 5055944.148, 15493126.94 5055944.148, 15493126.94 5052944.148, 15490126.94 5052944.148, 15490126.94 5055944.148))"
喜山期,2560,15491626.94,5051444.148,0.010009574058118,0.0003556152904824,4,0.0,0.0,False,0.4425349087003222,0.4989258861439312,0.0,0.4594522019334049,"POLYGON ((15490126.94 5052944.148, 15493126.94 5052944.148, 15493126.94 5049944.148, 15490126.94 5049944.148, 15490126.94 5052944.148))"
喜山期,2561,15491626.94,5048444.148,0.0107473423722642,0.0003556152904824,4,0.0,0.0,False,0.4747583243823845,0.4989258861439312,0.0,0.4820085929108485,"POLYGON ((15490126.94 5049944.148, 15493126.94 5049944.148, 15493126.94 5046944.148, 15490126.94 5046944.148, 15490126.94 5049944.148))"
喜山期,2562,15491626.94,5045444.148,0.0114309825680262,0.0003556152904824,4,0.0,0.0,False,0.5012531328320802,0.4989258861439312,0.0,0.5005549588256355,"POLYGON ((15490126.94 5046944.148, 15493126.94 5046944.148, 15493126.94 5043944.148, 15490126.94 5043944.148, 15490126.94 5046944.148))"
喜山期,2563,15491626.94,5042444.148,0.0120270734585139,0.0003556152904824,4,0.0,0.0,False,0.5216612960973863,0.4989258861439312,0.0,0.5148406731113497,"POLYGON ((15490126.94 5043944.148, 15493126.94 5043944.148, 15493126.94 5040944.148, 15490126.94 5040944.148, 15490126.94 5043944.148))"
喜山期,2564,15491626.94,5039444.148,0.0124926826485101,0.0003556152904824,4,0.0,0.0,False,0.5413533834586466,0.4989258861439312,0.0,0.528625134264232,"POLYGON ((15490126.94 5040944.148, 15493126.94 5040944.148, 15493126.94 5037944.148, 15490126.94 5037944.148, 15490126.94 5040944.148))"
喜山期,2565,15491626.94,5036444.148,0.0127729090592992,0.0003556152904824,4,0.0,0.0,False,0.5528105979233798,0.4989258861439312,0.0,0.5366451843895452,"POLYGON ((15490126.94 5037944.148, 15493126.94 5037944.148, 15493126.94 5034944.148, 15490126.94 5034944.148, 15490126.94 5037944.148))"
喜山期,2566,15491626.94,5033444.148,0.0127971546669097,0.0003556152904824,4,0.0,0.0,False,0.5535266738274257,0.4989258861439312,0.0,0.5371464375223773,"POLYGON ((15490126.94 5034944.148, 15493126.94 5034944.148, 15493126.94 5031944.148, 15490126.94 5031944.148, 15490126.94 5034944.148))"
喜山期,2567,15491626.94,5030444.148,0.0124731845017031,0.0003556152904824,4,0.0,0.0,False,0.5402792696025779,0.4989258861439312,0.0,0.5278732545649838,"POLYGON ((15490126.94 5031944.148, 15493126.94 5031944.148, 15493126.94 5028944.148, 15490126.94 5028944.148, 15490126.94 5031944.148))"
喜山期,2568,15491626.94,5027444.148,0.0116769552855318,0.0003556152904824,4,0.0,0.0,False,0.5076978159684926,0.4989258861439312,0.0,0.5050662370211242,"POLYGON ((15490126.94 5028944.148, 15493126.94 5028944.148, 15493126.94 5025944.148, 15490126.94 5025944.148, 15490126.94 5028944.148))"
喜山期,2569,15491626.94,5024444.148,0.0102309362597101,0.0003556152904824,4,0.0,0.0,False,0.4522019334049409,0.4989258861439312,0.0,0.466219119226638,"POLYGON ((15490126.94 5025944.148, 15493126.94 5025944.148, 15493126.94 5022944.148, 15490126.94 5022944.148, 15490126.94 5025944.148))"
喜山期,2570,15491626.94,5021444.148,0.0092908058494301,0.0003556152904824,4,0.0,0.0,False,0.4156820622986036,0.4989258861439312,0.0,0.4406552094522019,"POLYGON ((15490126.94 5022944.148, 15493126.94 5022944.148, 15493126.94 5019944.148, 15490126.94 5019944.148, 15490126.94 5022944.148))"
喜山期,2571,15491626.94,5018444.148,0.0103493799386967,0.0003556152904824,4,0.0,0.0,False,0.4572144647332617,0.4989258861439312,0.0,0.4697278911564626,"POLYGON ((15490126.94 5019944.148, 15493126.94 5019944.148, 15493126.94 5016944.148, 15490126.94 5016944.148, 15490126.94 5019944.148))"
喜山期,2572,15491626.94,5015444.148,0.008989003688288,0.0003556152904824,4,0.0,0.0,False,0.4038668098818475,0.4989258861439312,0.0,0.4323845327604726,"POLYGON ((15490126.94 5016944.148, 15493126.94 5016944.148, 15493126.94 5013944.148, 15490126.94 5013944.148, 15490126.94 5016944.148))"
喜山期,2573,15491626.94,5012444.148,0.0098650594628668,0.0003556152904824,4,0.0,0.0,False,0.4335839598997493,0.4989258861439312,0.0,0.4531865377730039,"POLYGON ((15490126.94 5013944.148, 15493126.94 5013944.148, 15493126.94 5010944.148, 15490126.94 5010944.148, 15490126.94 5013944.148))"
喜山期,2574,15491626.94,5009444.148,0.0114250115256047,0.0003556152904824,4,0.0,0.0,False,0.5005370569280344,0.4989258861439312,0.0,0.5000537056928034,"POLYGON ((15490126.94 5010944.148, 15493126.94 5010944.148, 15493126.94 5007944.148, 15490126.94 5007944.148, 15490126.94 5010944.148))"
喜山期,2575,15491626.94,5006444.148,0.0123641974586998,0.0003556152904824,4,0.0,0.0,False,0.5366988900823487,0.4989258861439312,0.0,0.5253669889008235,"POLYGON ((15490126.94 5007944.148, 15493126.94 5007944.148, 15493126.94 5004944.148, 15490126.94 5004944.148, 15490126.94 5007944.148))"
喜山期,2576,15491626.94,5003444.148,0.0128454480385916,0.0003556152904824,4,0.0,0.0,False,0.5549588256355173,0.4989258861439312,0.0,0.5381489437880416,"POLYGON ((15490126.94 5004944.148, 15493126.94 5004944.148, 15493126.94 5001944.148, 15490126.94 5001944.148, 15490126.94 5004944.148))"
喜山期,2577,15491626.94,5000444.148,0.0129824387493452,0.0003556152904824,4,0.0,0.0,False,0.5588972431077694,0.4989258861439312,0.0,0.540905836018618,"POLYGON ((15490126.94 5001944.148, 15493126.94 5001944.148, 15493126.94 4998944.148, 15490126.94 4998944.148, 15490126.94 5001944.148))"
喜山期,2578,15491626.94,4997444.148,0.012859997495269,0.0003556152904824,4,0.0,0.0,False,0.5553168635875403,0.4989258861439312,0.0,0.5383995703544575,"POLYGON ((15490126.94 4998944.148, 15493126.94 4998944.148, 15493126.94 4995944.148, 15490126.94 4995944.148, 15490126.94 4998944.148))"
喜山期,2579,15491626.94,4994444.148,0.0125434192927301,0.0003556152904824,4,0.0,0.0,False,0.5435016111707841,0.4989258861439312,0.0,0.5301288936627282,"POLYGON ((15490126.94 4995944.148, 15493126.94 4995944.148, 15493126.94 4992944.148, 15490126.94 4992944.148, 15490126.94 4995944.148))"
喜山期,2580,15491626.94,4991444.148,0.0120839349718539,0.0003556152904824,4,0.0,0.0,False,0.5252416756176155,0.4989258861439312,0.0,0.5173469387755102,"POLYGON ((15490126.94 4992944.148, 15493126.94 4992944.148, 15493126.94 4989944.148, 15490126.94 4989944.148, 15490126.94 4992944.148))"
喜山期,2581,15491626.94,4988444.148,0.0115221695769156,0.0003556152904824,4,0.0,0.0,False,0.5034013605442177,0.4989258861439312,0.0,0.5020587182241317,"POLYGON ((15490126.94 4989944.148, 15493126.94 4989944.148, 15493126.94 4986944.148, 15490126.94 4986944.148, 15490126.94 4989944.148))"
喜山期,2582,15491626.94,4985444.148,0.0108904117828517,0.0003556152904824,4,0.0,0.0,False,0.4790547798066595,0.4989258861439312,0.0,0.485016111707841,"POLYGON ((15490126.94 4986944.148, 15493126.94 4986944.148, 15493126.94 4983944.148, 15490126.94 4983944.148, 15490126.94 4986944.148))"
喜山期,2583,15491626.94,4982444.148,0.0102141673741383,0.0003556152904824,4,0.0,0.0,False,0.4514858575008951,0.4989258861439312,0.0,0.4657178660938059,"POLYGON ((15490126.94 4983944.148, 15493126.94 4983944.148, 15493126.94 4980944.148, 15490126.94 4980944.148, 15490126.94 4983944.148))"
喜山期,2584,15491626.94,4979444.148,0.0095132785737878,0.0003556152904824,4,0.0,0.0,False,0.422484783387039,0.4989258861439312,0.0,0.4454171142141067,"POLYGON ((15490126.94 4980944.148, 15493126.94 4980944.148, 15493126.94 4977944.148, 15490126.94 4977944.148, 15490126.94 4980944.148))"
喜山期,2585,15491626.94,4976444.148,0.0088027705180707,0.0003556152904824,4,0.0,0.0,False,0.3959899749373433,0.4989258861439312,0.0,0.4268707482993197,"POLYGON ((15490126.94 4977944.148, 15493126.94 4977944.148, 15493126.94 4974944.148, 15490126.94 4974944.148, 15490126.94 4977944.148))"
喜山期,2586,15491626.94,4973444.148,0.008093510174808,0.0003556152904824,4,0.0,0.0,False,0.3566058002148227,0.4989258861439312,0.0,0.3993018259935553,"POLYGON ((15490126.94 4974944.148, 15493126.94 4974944.148, 15493126.94 4971944.148, 15490126.94 4971944.148, 15490126.94 4974944.148))"
喜山期,2587,15491626.94,4970444.148,0.0073927139465858,0.0003556152904824,4,0.0,0.0,False,0.3344074471894021,0.4989258861439312,0.0,0.3837629788757608,"POLYGON ((15490126.94 4971944.148, 15493126.94 4971944.148, 15493126.94 4968944.148, 15490126.94 4968944.148, 15490126.94 4971944.148))"
喜山期,2588,15491626.94,4967444.148,0.0067043036419641,0.0003556152904824,4,0.0,0.0,False,0.2935911206587898,0.4989258861439312,0.0,0.3551915503043322,"POLYGON ((15490126.94 4968944.148, 15493126.94 4968944.148, 15493126.94 4965944.148, 15490126.94 4965944.148, 15490126.94 4968944.148))"
喜山期,2589,15491626.94,4964444.148,0.0060290738423583,0.0003556152904824,4,0.0,0.0,False,0.26781238811314,0.4989258861439312,0.0,0.3371464375223774,"POLYGON ((15490126.94 4965944.148, 15493126.94 4965944.148, 15493126.94 4962944.148, 15490126.94 4962944.148, 15490126.94 4965944.148))"
喜山期,2590,15491626.94,4961444.148,0.0053645843040039,0.0003556152904824,4,0.0,0.0,False,0.2388113139992839,0.4989258861439312,0.0,0.3168456856426781,"POLYGON ((15490126.94 4962944.148, 15493126.94 4962944.148, 15493126.94 4959944.148, 15490126.94 4959944.148, 15490126.94 4962944.148))"
喜山期,2591,15491626.94,4958444.148,0.0047046143288839,0.0003556152904824,4,0.0,0.0,False,0.2012173290368779,0.4989258861439312,0.0,0.2905298961689939,"POLYGON ((15490126.94 4959944.148, 15493126.94 4959944.148, 15493126.94 4956944.148, 15490126.94 4956944.148, 15490126.94 4959944.148))"
喜山期,2592,15491626.94,4955444.148,0.0040378941562179,0.0003556152904824,4,0.0,0.0,False,0.1761546723952739,0.4989258861439312,0.0,0.2729860365198711,"POLYGON ((15490126.94 4956944.148, 15493126.94 4956944.148, 15493126.94 4953944.148, 15490126.94 4953944.148, 15490126.94 4956944.148))"
喜山期,2593,15491626.94,4952444.148,0.0033456345302955,0.0003556152904824,4,0.0,0.0,False,0.1532402434658073,0.4989258861439312,0.0,0.2569459362692445,"POLYGON ((15490126.94 4953944.148, 15493126.94 4953944.148, 15493126.94 4950944.148, 15490126.94 4950944.148, 15490126.94 4953944.148))"
喜山期,2594,15491626.94,4949444.148,0.0025970227879948,0.0003556152904824,4,0.0,0.0,False,0.1034729681346222,0.4989258861439312,0.0,0.2221088435374149,"POLYGON ((15490126.94 4950944.148, 15493126.94 4950944.148, 15493126.94 4947944.148, 15490126.94 4947944.148, 15490126.94 4950944.148))"
喜山期,2595,15491626.94,4946444.148,0.0017408350912992,0.0003556152904824,4,0.0,0.0,False,0.0809165771571786,0.4989258861439312,0.0,0.2063193698532044,"POLYGON ((15490126.94 4947944.148, 15493126.94 4947944.148, 15493126.94 4944944.148, 15490126.94 4944944.148, 15490126.94 4947944.148))"
喜山期,2596,15491626.94,4943444.148,0.0006860274683273,0.0003556152904824,3,0.0,0.0,False,0.0093089867525957,0.4989258861439312,0.0,0.1561940565699964,"POLYGON ((15490126.94 4944944.148, 15493126.94 4944944.148, 15493126.94 4941944.148, 15490126.94 4941944.148, 15490126.94 4944944.148))"
喜山期,2597,15494626.94,5087444.148,0.0005813269537162,0.0003556152904824,3,0.0,0.0,False,0.0060866451843895,0.4989258861439312,0.0,0.153938417472252,"POLYGON ((15493126.94 5088944.148, 15496126.94 5088944.148, 15496126.94 5085944.148, 15493126.94 5085944.148, 15493126.94 5088944.148))"
喜山期,2598,15494626.94,5084444.148,0.0015364998435812,0.0003556152904824,4,0.0,0.0,False,0.0787683494450411,0.4989258861439312,0.0,0.2048156104547082,"POLYGON ((15493126.94 5085944.148, 15496126.94 5085944.148, 15496126.94 5082944.148, 15493126.94 5082944.148, 15493126.94 5085944.148))"
喜山期,2599,15494626.94,5081444.148,0.0023259977211541,0.0003556152904824,4,0.0,0.0,False,0.0923737916219119,0.4989258861439312,0.0,0.2143394199785177,"POLYGON ((15493126.94 5082944.148, 15496126.94 5082944.148, 15496126.94 5079944.148, 15493126.94 5079944.148, 15493126.94 5082944.148))"
喜山期,2600,15494626.94,5078444.148,0.0030379365213025,0.0003556152904824,4,0.0,0.0,False,0.1238811313999283,0.4989258861439312,0.0,0.2363945578231292,"POLYGON ((15493126.94 5079944.148, 15496126.94 5079944.148, 15496126.94 5076944.148, 15493126.94 5076944.148, 15493126.94 5079944.148))"
喜山期,2601,15494626.94,5075444.148,0.0037135312769595,0.0003556152904824,4,0.0,0.0,False,0.1657715717866093,0.4989258861439312,0.0,0.2657178660938059,"POLYGON ((15493126.94 5076944.148, 15496126.94 5076944.148, 15496126.94 5073944.148, 15493126.94 5073944.148, 15493126.94 5076944.148))"
喜山期,2602,15494626.94,5072444.148,0.0043714882293054,0.0003556152904824,4,0.0,0.0,False,0.1915503043322592,0.4989258861439312,0.0,0.2837629788757608,"POLYGON ((15493126.94 5073944.148, 15496126.94 5073944.148, 15496126.94 5070944.148, 15493126.94 5070944.148, 15493126.94 5073944.148))"
喜山期,2603,15494626.94,5069444.148,0.0050182097502971,0.0003556152904824,4,0.0,0.0,False,0.2151808091657715,0.4989258861439312,0.0,0.3003043322592195,"POLYGON ((15493126.94 5070944.148, 15496126.94 5070944.148, 15496126.94 5067944.148, 15493126.94 5067944.148, 15493126.94 5070944.148))"
喜山期,2604,15494626.94,5066444.148,0.0056527421055494,0.0003556152904824,4,0.0,0.0,False,0.2495524525599713,0.4989258861439312,0.0,0.3243644826351593,"POLYGON ((15493126.94 5067944.148, 15496126.94 5067944.148, 15496126.94 5064944.148, 15493126.94 5064944.148, 15493126.94 5067944.148))"
喜山期,2605,15494626.94,5063444.148,0.0062693160534268,0.0003556152904824,4,0.0,0.0,False,0.2771213748657358,0.4989258861439312,0.0,0.3436627282491944,"POLYGON ((15493126.94 5064944.148, 15496126.94 5064944.148, 15496126.94 5061944.148, 15493126.94 5061944.148, 15493126.94 5064944.148))"
喜山期,2606,15494626.94,5060444.148,0.0068587372042931,0.0003556152904824,4,0.0,0.0,False,0.301109917651271,0.4989258861439312,0.0,0.3604547081990691,"POLYGON ((15493126.94 5061944.148, 15496126.94 5061944.148, 15496126.94 5058944.148, 15493126.94 5058944.148, 15493126.94 5061944.148))"
喜山期,2607,15494626.94,5057444.148,0.0074092338621796,0.0003556152904824,4,0.0,0.0,False,0.334765485141425,0.4989258861439312,0.0,0.3840136054421769,"POLYGON ((15493126.94 5058944.148, 15496126.94 5058944.148, 15496126.94 5055944.148, 15493126.94 5055944.148, 15493126.94 5058944.148))"
喜山期,2608,15494626.94,5054444.148,0.0079070580177738,0.0003556152904824,4,0.0,0.0,False,0.3490870032223415,0.4989258861439312,0.0,0.3940386680988184,"POLYGON ((15493126.94 5055944.148, 15496126.94 5055944.148, 15496126.94 5052944.148, 15493126.94 5052944.148, 15493126.94 5055944.148))"
喜山期,2609,15494626.94,5051444.148,0.0083369780460246,0.0003556152904824,4,0.0,0.0,False,0.3655567490153956,0.4989258861439312,0.0,0.4055674901539563,"POLYGON ((15493126.94 5052944.148, 15496126.94 5052944.148, 15496126.94 5049944.148, 15493126.94 5049944.148, 15493126.94 5052944.148))"
喜山期,2610,15494626.94,5048444.148,0.0086827179079785,0.0003556152904824,4,0.0,0.0,False,0.3870390261367705,0.4989258861439312,0.0,0.4206050841389187,"POLYGON ((15493126.94 5049944.148, 15496126.94 5049944.148, 15496126.94 5046944.148, 15493126.94 5046944.148, 15493126.94 5049944.148))"
喜山期,2611,15494626.94,5045444.148,0.0089273432649886,0.0003556152904824,4,0.0,0.0,False,0.4031507339778016,0.4989258861439312,0.0,0.4318832796276405,"POLYGON ((15493126.94 5046944.148, 15496126.94 5046944.148, 15496126.94 5043944.148, 15493126.94 5043944.148, 15493126.94 5046944.148))"
喜山期,2612,15494626.94,5042444.148,0.0090535406721722,0.0003556152904824,4,0.0,0.0,False,0.4063730755460079,0.4989258861439312,0.0,0.4341389187253848,"POLYGON ((15493126.94 5043944.148, 15496126.94 5043944.148, 15496126.94 5040944.148, 15493126.94 5040944.148, 15493126.94 5043944.148))"
喜山期,2613,15494626.94,5039444.148,0.0090436527959388,0.0003556152904824,4,0.0,0.0,False,0.4060150375939849,0.4989258861439312,0.0,0.4338882921589688,"POLYGON ((15493126.94 5040944.148, 15496126.94 5040944.148, 15496126.94 5037944.148, 15493126.94 5037944.148, 15493126.94 5040944.148))"
喜山期,2614,15494626.94,5036444.148,0.0088791767044692,0.0003556152904824,4,0.0,0.0,False,0.4024346580737558,0.4989258861439312,0.0,0.4313820264948084,"POLYGON ((15493126.94 5037944.148, 15496126.94 5037944.148, 15496126.94 5034944.148, 15493126.94 5034944.148, 15493126.94 5037944.148))"
喜山期,2615,15494626.94,5033444.148,0.0085391229315439,0.0003556152904824,4,0.0,0.0,False,0.3752237737200143,0.4989258861439312,0.0,0.4123344074471893,"POLYGON ((15493126.94 5034944.148, 15496126.94 5034944.148, 15496126.94 5031944.148, 15493126.94 5031944.148, 15493126.94 5034944.148))"
喜山期,2616,15494626.94,5030444.148,0.0079959901181081,0.0003556152904824,4,0.0,0.0,False,0.3526673827425707,0.4989258861439312,0.0,0.3965449337629788,"POLYGON ((15493126.94 5031944.148, 15496126.94 5031944.148, 15496126.94 5028944.148, 15493126.94 5028944.148, 15493126.94 5031944.148))"
喜山期,2617,15494626.94,5027444.148,0.0072065333042251,0.0003556152904824,4,0.0,0.0,False,0.326172574292875,0.4989258861439312,0.0,0.3779985678481918,"POLYGON ((15493126.94 5028944.148, 15496126.94 5028944.148, 15496126.94 5025944.148, 15493126.94 5025944.148, 15493126.94 5028944.148))"
喜山期,2618,15494626.94,5024444.148,0.0060884774042341,0.0003556152904824,4,0.0,0.0,False,0.2699606158252775,0.4989258861439312,0.0,0.3386501969208736,"POLYGON ((15493126.94 5025944.148, 15496126.94 5025944.148, 15496126.94 5022944.148, 15493126.94 5022944.148, 15493126.94 5025944.148))"
喜山期,2619,15494626.94,5021444.148,0.0056053243920212,0.0003556152904824,4,0.0,0.0,False,0.2463301109917651,0.4989258861439312,0.0,0.322108843537415,"POLYGON ((15493126.94 5022944.148, 15496126.94 5022944.148, 15496126.94 5019944.148, 15493126.94 5019944.148, 15493126.94 5022944.148))"
喜山期,2620,15494626.94,5018444.148,0.0059707441584824,0.0003556152904824,4,0.0,0.0,False,0.2642320085929108,0.4989258861439312,0.0,0.3346401718582169,"POLYGON ((15493126.94 5019944.148, 15496126.94 5019944.148, 15496126.94 5016944.148, 15493126.94 5016944.148, 15493126.94 5019944.148))"
喜山期,2621,15494626.94,5015444.148,0.0054521572578901,0.0003556152904824,4,0.0,0.0,False,0.2416756176154672,0.4989258861439312,0.0,0.3188506981740064,"POLYGON ((15493126.94 5016944.148, 15496126.94 5016944.148, 15496126.94 5013944.148, 15493126.94 5013944.148, 15493126.94 5016944.148))"
喜山期,2622,15494626.94,5012444.148,0.0058571337516879,0.0003556152904824,4,0.0,0.0,False,0.2602935911206588,0.4989258861439312,0.0,0.3318832796276405,"POLYGON ((15493126.94 5013944.148, 15496126.94 5013944.148, 15496126.94 5010944.148, 15493126.94 5010944.148, 15493126.94 5013944.148))"
喜山期,2623,15494626.94,5009444.148,0.0070117285036361,0.0003556152904824,4,0.0,0.0,False,0.3129251700680272,0.4989258861439312,0.0,0.3687253848907984,"POLYGON ((15493126.94 5010944.148, 15496126.94 5010944.148, 15496126.94 5007944.148, 15493126.94 5007944.148, 15493126.94 5010944.148))"
喜山期,2624,15494626.94,5006444.148,0.0078496119738872,0.0003556152904824,4,0.0,0.0,False,0.347296813462227,0.4989258861439312,0.0,0.3927855352667382,"POLYGON ((15493126.94 5007944.148, 15496126.94 5007944.148, 15496126.94 5004944.148, 15493126.94 5004944.148, 15493126.94 5007944.148))"
喜山期,2625,15494626.94,5003444.148,0.0084538863358378,0.0003556152904824,4,0.0,0.0,False,0.3694951664876477,0.4989258861439312,0.0,0.4083243823845327,"POLYGON ((15493126.94 5004944.148, 15496126.94 5004944.148, 15496126.94 5001944.148, 15493126.94 5001944.148, 15493126.94 5004944.148))"
喜山期,2626,15494626.94,5000444.148,0.0088681098208941,0.0003556152904824,4,0.0,0.0,False,0.40171858216971,0.4989258861439312,0.0,0.4308807733619764,"POLYGON ((15493126.94 5001944.148, 15496126.94 5001944.148, 15496126.94 4998944.148, 15493126.94 4998944.148, 15493126.94 5001944.148))"
喜山期,2627,15494626.94,4997444.148,0.0091189921004159,0.0003556152904824,4,0.0,0.0,False,0.4092373791621912,0.4989258861439312,0.0,0.4361439312567132,"POLYGON ((15493126.94 4998944.148, 15496126.94 4998944.148, 15496126.94 4995944.148, 15493126.94 4995944.148, 15493126.94 4998944.148))"
喜山期,2628,15494626.94,4994444.148,0.0092256593544455,0.0003556152904824,4,0.0,0.0,False,0.4128177586824203,0.4989258861439312,0.0,0.4386501969208736,"POLYGON ((15493126.94 4995944.148, 15496126.94 4995944.148, 15496126.94 4992944.148, 15493126.94 4992944.148, 15493126.94 4995944.148))"
喜山期,2629,15494626.94,4991444.148,0.0092039710915649,0.0003556152904824,4,0.0,0.0,False,0.4121016827783745,0.4989258861439312,0.0,0.4381489437880415,"POLYGON ((15493126.94 4992944.148, 15496126.94 4992944.148, 15496126.94 4989944.148, 15493126.94 4989944.148, 15493126.94 4992944.148))"
喜山期,2630,15494626.94,4988444.148,0.0090685011783106,0.0003556152904824,4,0.0,0.0,False,0.4078052273540995,0.4989258861439312,0.0,0.435141424991049,"POLYGON ((15493126.94 4989944.148, 15496126.94 4989944.148, 15496126.94 4986944.148, 15493126.94 4986944.148, 15493126.94 4989944.148))"
喜山期,2631,15494626.94,4985444.148,0.0088333461607015,0.0003556152904824,4,0.0,0.0,False,0.3999283924095954,0.4989258861439312,0.0,0.4296276405298961,"POLYGON ((15493126.94 4986944.148, 15496126.94 4986944.148, 15496126.94 4983944.148, 15493126.94 4983944.148, 15493126.94 4986944.148))"
喜山期,2632,15494626.94,4982444.148,0.0085123452109577,0.0003556152904824,4,0.0,0.0,False,0.3741496598639456,0.4989258861439312,0.0,0.4115825277479413,"POLYGON ((15493126.94 4983944.148, 15496126.94 4983944.148, 15496126.94 4980944.148, 15493126.94 4980944.148, 15493126.94 4983944.148))"
喜山期,2633,15494626.94,4979444.148,0.0081190111456437,0.0003556152904824,4,0.0,0.0,False,0.3583959899749373,0.4989258861439312,0.0,0.4005549588256354,"POLYGON ((15493126.94 4980944.148, 15496126.94 4980944.148, 15496126.94 4977944.148, 15493126.94 4977944.148, 15493126.94 4980944.148))"
喜山期,2634,15494626.94,4976444.148,0.0076663239629089,0.0003556152904824,4,0.0,0.0,False,0.3408521303258145,0.4989258861439312,0.0,0.3882742570712495,"POLYGON ((15493126.94 4977944.148, 15496126.94 4977944.148, 15496126.94 4974944.148, 15493126.94 4974944.148, 15493126.94 4977944.148))"
喜山期,2635,15494626.94,4973444.148,0.0071664601544822,0.0003556152904824,4,0.0,0.0,False,0.3229502327246688,0.4989258861439312,0.0,0.3757429287504475,"POLYGON ((15493126.94 4974944.148, 15496126.94 4974944.148, 15496126.94 4971944.148, 15493126.94 4971944.148, 15493126.94 4974944.148))"
喜山期,2636,15494626.94,4970444.148,0.0066304873025871,0.0003556152904824,4,0.0,0.0,False,0.2900107411385607,0.4989258861439312,0.0,0.3526852846401718,"POLYGON ((15493126.94 4971944.148, 15496126.94 4971944.148, 15496126.94 4968944.148, 15493126.94 4968944.148, 15493126.94 4971944.148))"
喜山期,2637,15494626.94,4967444.148,0.0060680237484718,0.0003556152904824,4,0.0,0.0,False,0.2688865019692087,0.4989258861439312,0.0,0.3378983172216254,"POLYGON ((15493126.94 4968944.148, 15496126.94 4968944.148, 15496126.94 4965944.148, 15493126.94 4965944.148, 15493126.94 4968944.148))"
喜山期,2638,15494626.94,4964444.148,0.0054868333241297,0.0003556152904824,4,0.0,0.0,False,0.242391693519513,0.4989258861439312,0.0,0.3193519513068385,"POLYGON ((15493126.94 4965944.148, 15496126.94 4965944.148, 15496126.94 4962944.148, 15493126.94 4962944.148, 15493126.94 4965944.148))"
喜山期,2639,15494626.94,4961444.148,0.0048922811440817,0.0003556152904824,4,0.0,0.0,False,0.2076620121732903,0.4989258861439312,0.0,0.2950411743644826,"POLYGON ((15493126.94 4962944.148, 15496126.94 4962944.148, 15496126.94 4959944.148, 15493126.94 4959944.148, 15493126.94 4962944.148))"
喜山期,2640,15494626.94,4958444.148,0.0042864977088594,0.0003556152904824,4,0.0,0.0,False,0.18796992481203,0.4989258861439312,0.0,0.2812567132116004,"POLYGON ((15493126.94 4959944.148, 15496126.94 4959944.148, 15496126.94 4956944.148, 15493126.94 4956944.148, 15493126.94 4959944.148))"
喜山期,2641,15494626.94,4955444.148,0.0036669494037528,0.0003556152904824,4,0.0,0.0,False,0.1636233440744719,0.4989258861439312,0.0,0.2642141066953097,"POLYGON ((15493126.94 4956944.148, 15496126.94 4956944.148, 15496126.94 4953944.148, 15493126.94 4953944.148, 15493126.94 4956944.148))"
喜山期,2642,15494626.94,4952444.148,0.0030238260384639,0.0003556152904824,4,0.0,0.0,False,0.1228070175438596,0.4989258861439312,0.0,0.2356426781238811,"POLYGON ((15493126.94 4953944.148, 15496126.94 4953944.148, 15496126.94 4950944.148, 15493126.94 4950944.148, 15493126.94 4953944.148))"
喜山期,2643,15494626.94,4949444.148,0.0023350713664935,0.0003556152904824,4,0.0,0.0,False,0.0934479054779806,0.4989258861439312,0.0,0.2150912996777658,"POLYGON ((15493126.94 4950944.148, 15496126.94 4950944.148, 15496126.94 4947944.148, 15493126.94 4947944.148, 15493126.94 4950944.148))"
喜山期,2644,15494626.94,4946444.148,0.0015564175381726,0.0003556152904824,4,0.0,0.0,False,0.079484425349087,0.4989258861439312,0.0,0.2053168635875402,"POLYGON ((15493126.94 4947944.148, 15496126.94 4947944.148, 15496126.94 4944944.148, 15493126.94 4944944.148, 15493126.94 4947944.148))"
喜山期,2645,15494626.94,4943444.148,0.0005978626156847,0.0003556152904824,3,0.0,0.0,False,0.0064446831364124,0.4989258861439312,0.0,0.1541890440386681,"POLYGON ((15493126.94 4944944.148, 15496126.94 4944944.148, 15496126.94 4941944.148, 15493126.94 4941944.148, 15493126.94 4944944.148))"
喜山期,2646,15497626.94,5087444.148,0.0004680698603852,0.0003556152904824,3,0.0,0.0,False,0.0046544933762978,0.4989258861439312,0.0,0.1529359112065879,"POLYGON ((15496126.94 5088944.148, 15499126.94 5088944.148, 15499126.94 5085944.148, 15496126.94 5085944.148, 15496126.94 5088944.148))"
喜山期,2647,15497626.94,5084444.148,0.001313925495758,0.0003556152904824,4,0.0,0.0,False,0.070891514500537,0.4989258861439312,0.0,0.1993018259935553,"POLYGON ((15496126.94 5085944.148, 15499126.94 5085944.148, 15499126.94 5082944.148, 15496126.94 5082944.148, 15496126.94 5085944.148))"
喜山期,2648,15497626.94,5081444.148,0.0020111519800554,0.0003556152904824,4,0.0,0.0,False,0.0852130325814536,0.4989258861439312,0.0,0.2093268886501969,"POLYGON ((15496126.94 5082944.148, 15499126.94 5082944.148, 15499126.94 5079944.148, 15496126.94 5079944.148, 15496126.94 5082944.148))"
喜山期,2649,15497626.94,5078444.148,0.0026339768553693,0.0003556152904824,4,0.0,0.0,False,0.108485499462943,0.4989258861439312,0.0,0.2256176154672395,"POLYGON ((15496126.94 5079944.148, 15499126.94 5079944.148, 15499126.94 5076944.148, 15496126.94 5076944.148, 15496126.94 5079944.148))"
喜山期,2650,15497626.94,5075444.148,0.0032093387813912,0.0003556152904824,4,0.0,0.0,False,0.1349803079126387,0.4989258861439312,0.0,0.2441639813820265,"POLYGON ((15496126.94 5076944.148, 15499126.94 5076944.148, 15499126.94 5073944.148, 15496126.94 5073944.148, 15496126.94 5076944.148))"
喜山期,2651,15497626.94,5072444.148,0.0037448983315405,0.0003556152904824,4,0.0,0.0,False,0.1682778374507697,0.4989258861439312,0.0,0.2674722520587182,"POLYGON ((15496126.94 5073944.148, 15499126.94 5073944.148, 15499126.94 5070944.148, 15496126.94 5070944.148, 15496126.94 5073944.148))"
喜山期,2652,15497626.94,5069444.148,0.0042398258380608,0.0003556152904824,4,0.0,0.0,False,0.1861797350519155,0.4989258861439312,0.0,0.2800035803795202,"POLYGON ((15496126.94 5070944.148, 15499126.94 5070944.148, 15499126.94 5067944.148, 15496126.94 5067944.148, 15496126.94 5070944.148))"
喜山期,2653,15497626.94,5066444.148,0.0046896023545269,0.0003556152904824,4,0.0,0.0,False,0.1994271392767633,0.4989258861439312,0.0,0.2892767633369137,"POLYGON ((15496126.94 5067944.148, 15499126.94 5067944.148, 15499126.94 5064944.148, 15496126.94 5064944.148, 15496126.94 5067944.148))"
喜山期,2654,15497626.94,5063444.148,0.0050883523285526,0.0003556152904824,4,0.0,0.0,False,0.2191192266380236,0.4989258861439312,0.0,0.3030612244897959,"POLYGON ((15496126.94 5064944.148, 15499126.94 5064944.148, 15499126.94 5061944.148, 15496126.94 5061944.148, 15496126.94 5064944.148))"
喜山期,2655,15497626.94,5060444.148,0.0054300719447591,0.0003556152904824,4,0.0,0.0,False,0.2406015037593984,0.4989258861439312,0.0,0.3180988184747583,"POLYGON ((15496126.94 5061944.148, 15499126.94 5061944.148, 15499126.94 5058944.148, 15496126.94 5058944.148, 15496126.94 5061944.148))"
喜山期,2656,15497626.94,5057444.148,0.0057093234069605,0.0003556152904824,4,0.0,0.0,False,0.2531328320802005,0.4989258861439312,0.0,0.3268707482993197,"POLYGON ((15496126.94 5058944.148, 15499126.94 5058944.148, 15499126.94 5055944.148, 15496126.94 5055944.148, 15496126.94 5058944.148))"
喜山期,2657,15497626.94,5054444.148,0.0059216407260306,0.0003556152904824,4,0.0,0.0,False,0.2627998567848192,0.4989258861439312,0.0,0.3336376655925528,"POLYGON ((15496126.94 5055944.148, 15499126.94 5055944.148, 15499126.94 5052944.148, 15496126.94 5052944.148, 15496126.94 5055944.148))"
喜山期,2658,15497626.94,5051444.148,0.0060637523261451,0.0003556152904824,4,0.0,0.0,False,0.2685284640171858,0.4989258861439312,0.0,0.3376476906552094,"POLYGON ((15496126.94 5052944.148, 15499126.94 5052944.148, 15499126.94 5049944.148, 15496126.94 5049944.148, 15496126.94 5052944.148))"
喜山期,2659,15497626.94,5048444.148,0.006133659948138,0.0003556152904824,4,0.0,0.0,False,0.2724668814894379,0.4989258861439312,0.0,0.3404045828857859,"POLYGON ((15496126.94 5049944.148, 15499126.94 5049944.148, 15499126.94 5046944.148, 15496126.94 5046944.148, 15496126.94 5049944.148))"
喜山期,2660,15497626.94,5045444.148,0.006130574108284,0.0003556152904824,4,0.0,0.0,False,0.271750805585392,0.4989258861439312,0.0,0.3399033297529538,"POLYGON ((15496126.94 5046944.148, 15499126.94 5046944.148, 15499126.94 5043944.148, 15496126.94 5043944.148, 15496126.94 5046944.148))"
喜山期,2661,15497626.94,5042444.148,0.0060546672542292,0.0003556152904824,4,0.0,0.0,False,0.2681704260651629,0.4989258861439312,0.0,0.3373970640887934,"POLYGON ((15496126.94 5043944.148, 15499126.94 5043944.148, 15499126.94 5040944.148, 15496126.94 5040944.148, 15496126.94 5043944.148))"
喜山期,2662,15497626.94,5039444.148,0.0059065402990157,0.0003556152904824,4,0.0,0.0,False,0.2624418188327962,0.4989258861439312,0.0,0.3333870390261367,"POLYGON ((15496126.94 5040944.148, 15499126.94 5040944.148, 15499126.94 5037944.148, 15496126.94 5037944.148, 15496126.94 5040944.148))"
喜山期,2663,15497626.94,5036444.148,0.005686158844326,0.0003556152904824,4,0.0,0.0,False,0.250984604368063,0.4989258861439312,0.0,0.3253669889008235,"POLYGON ((15496126.94 5037944.148, 15499126.94 5037944.148, 15499126.94 5034944.148, 15496126.94 5034944.148, 15496126.94 5037944.148))"
喜山期,2664,15497626.94,5033444.148,0.0053906927699,0.0003556152904824,4,0.0,0.0,False,0.2391693519513068,0.4989258861439312,0.0,0.3170963122090942,"POLYGON ((15496126.94 5034944.148, 15499126.94 5034944.148, 15499126.94 5031944.148, 15496126.94 5031944.148, 15496126.94 5034944.148))"
喜山期,2665,15497626.94,5030444.148,0.0050099044311217,0.0003556152904824,4,0.0,0.0,False,0.2137486573576799,0.4989258861439312,0.0,0.2993018259935553,"POLYGON ((15496126.94 5031944.148, 15499126.94 5031944.148, 15499126.94 5028944.148, 15496126.94 5028944.148, 15496126.94 5031944.148))"
喜山期,2666,15497626.94,5027444.148,0.004515591685376,0.0003556152904824,4,0.0,0.0,False,0.1947726459004654,0.4989258861439312,0.0,0.2860186179735051,"POLYGON ((15496126.94 5028944.148, 15499126.94 5028944.148, 15499126.94 5025944.148, 15496126.94 5025944.148, 15496126.94 5028944.148))"
喜山期,2667,15497626.94,5024444.148,0.0038339362442507,0.0003556152904824,4,0.0,0.0,False,0.1711421410669531,0.4989258861439312,0.0,0.2694772645900465,"POLYGON ((15496126.94 5025944.148, 15499126.94 5025944.148, 15499126.94 5022944.148, 15496126.94 5022944.148, 15496126.94 5025944.148))"
喜山期,2668,15497626.94,5021444.148,0.0036209960238692,0.0003556152904824,4,0.0,0.0,False,0.1607590404582885,0.4989258861439312,0.0,0.2622090941639813,"POLYGON ((15496126.94 5022944.148, 15499126.94 5022944.148, 15499126.94 5019944.148, 15496126.94 5019944.148, 15496126.94 5022944.148))"
喜山期,2669,15497626.94,5018444.148,0.0037581605521586,0.0003556152904824,4,0.0,0.0,False,0.1686358754027927,0.4989258861439312,0.0,0.2677228786251343,"POLYGON ((15496126.94 5019944.148, 15499126.94 5019944.148, 15499126.94 5016944.148, 15496126.94 5016944.148, 15496126.94 5019944.148))"
喜山期,2670,15497626.94,5015444.148,0.0035549126191805,0.0003556152904824,4,0.0,0.0,False,0.1586108127461511,0.4989258861439312,0.0,0.2607053347654851,"POLYGON ((15496126.94 5016944.148, 15499126.94 5016944.148, 15499126.94 5013944.148, 15496126.94 5013944.148, 15496126.94 5016944.148))"
喜山期,2671,15497626.94,5012444.148,0.0037222833559562,0.0003556152904824,4,0.0,0.0,False,0.1664876476906552,0.4989258861439312,0.0,0.266219119226638,"POLYGON ((15496126.94 5013944.148, 15499126.94 5013944.148, 15499126.94 5010944.148, 15496126.94 5010944.148, 15496126.94 5013944.148))"
喜山期,2672,15497626.94,5009444.148,0.0044268669762571,0.0003556152904824,4,0.0,0.0,False,0.1929824561403508,0.4989258861439312,0.0,0.2847654851414249,"POLYGON ((15496126.94 5010944.148, 15499126.94 5010944.148, 15499126.94 5007944.148, 15496126.94 5007944.148, 15496126.94 5010944.148))"
喜山期,2673,15497626.94,5006444.148,0.0049390994594439,0.0003556152904824,4,0.0,0.0,False,0.209094163981382,0.4989258861439312,0.0,0.2960436806301468,"POLYGON ((15496126.94 5007944.148, 15499126.94 5007944.148, 15499126.94 5004944.148, 15496126.94 5004944.148, 15496126.94 5007944.148))"
喜山期,2674,15497626.94,5003444.148,0.0053375086156423,0.0003556152904824,4,0.0,0.0,False,0.2363050483351235,0.4989258861439312,0.0,0.3150912996777658,"POLYGON ((15496126.94 5004944.148, 15499126.94 5004944.148, 15499126.94 5001944.148, 15496126.94 5001944.148, 15496126.94 5004944.148))"
喜山期,2675,15497626.94,5000444.148,0.0056543630350386,0.0003556152904824,4,0.0,0.0,False,0.2499104905119942,0.4989258861439312,0.0,0.3246151092015753,"POLYGON ((15496126.94 5001944.148, 15499126.94 5001944.148, 15499126.94 4998944.148, 15496126.94 4998944.148, 15496126.94 5001944.148))"
喜山期,2676,15497626.94,4997444.148,0.0059028900492367,0.0003556152904824,4,0.0,0.0,False,0.2620837808807734,0.4989258861439312,0.0,0.3331364124597207,"POLYGON ((15496126.94 4998944.148, 15499126.94 4998944.148, 15499126.94 4995944.148, 15496126.94 4995944.148, 15496126.94 4998944.148))"
喜山期,2677,15497626.94,4994444.148,0.0060878953151853,0.0003556152904824,4,0.0,0.0,False,0.2696025778732546,0.4989258861439312,0.0,0.3383995703544575,"POLYGON ((15496126.94 4995944.148, 15499126.94 4995944.148, 15499126.94 4992944.148, 15496126.94 4992944.148, 15496126.94 4995944.148))"
喜山期,2678,15497626.94,4991444.148,0.0062105299929304,0.0003556152904824,4,0.0,0.0,False,0.2753311851056212,0.4989258861439312,0.0,0.3424095954171142,"POLYGON ((15496126.94 4992944.148, 15499126.94 4992944.148, 15499126.94 4989944.148, 15496126.94 4989944.148, 15496126.94 4992944.148))"
喜山期,2679,15497626.94,4988444.148,0.0062705817323693,0.0003556152904824,4,0.0,0.0,False,0.2774794128177587,0.4989258861439312,0.0,0.3439133548156105,"POLYGON ((15496126.94 4989944.148, 15499126.94 4989944.148, 15499126.94 4986944.148, 15496126.94 4986944.148, 15496126.94 4989944.148))"
喜山期,2680,15497626.94,4985444.148,0.0062676334527422,0.0003556152904824,4,0.0,0.0,False,0.2767633369137128,0.4989258861439312,0.0,0.3434121016827783,"POLYGON ((15496126.94 4986944.148, 15499126.94 4986944.148, 15499126.94 4983944.148, 15496126.94 4983944.148, 15496126.94 4986944.148))"
喜山期,2681,15497626.94,4982444.148,0.006201672913737,0.0003556152904824,4,0.0,0.0,False,0.2749731471535983,0.4989258861439312,0.0,0.3421589688506982,"POLYGON ((15496126.94 4983944.148, 15499126.94 4983944.148, 15499126.94 4980944.148, 15496126.94 4980944.148, 15496126.94 4983944.148))"
喜山期,2682,15497626.94,4979444.148,0.0060734150672844,0.0003556152904824,4,0.0,0.0,False,0.2692445399212316,0.4989258861439312,0.0,0.3381489437880415,"POLYGON ((15496126.94 4980944.148, 15499126.94 4980944.148, 15499126.94 4977944.148, 15496126.94 4977944.148, 15496126.94 4980944.148))"
喜山期,2683,15497626.94,4976444.148,0.0058844568548379,0.0003556152904824,4,0.0,0.0,False,0.2613677049767275,0.4989258861439312,0.0,0.3326351593268886,"POLYGON ((15496126.94 4977944.148, 15499126.94 4977944.148, 15499126.94 4974944.148, 15496126.94 4974944.148, 15496126.94 4977944.148))"
喜山期,2684,15497626.94,4973444.148,0.0056373183821834,0.0003556152904824,4,0.0,0.0,False,0.2488363766559255,0.4989258861439312,0.0,0.3238632295023272,"POLYGON ((15496126.94 4974944.148, 15499126.94 4974944.148, 15499126.94 4971944.148, 15496126.94 4971944.148, 15496126.94 4974944.148))"
喜山期,2685,15497626.94,4970444.148,0.0053353913307707,0.0003556152904824,4,0.0,0.0,False,0.2359470103831006,0.4989258861439312,0.0,0.3148406731113498,"POLYGON ((15496126.94 4971944.148, 15499126.94 4971944.148, 15499126.94 4968944.148, 15496126.94 4968944.148, 15496126.94 4971944.148))"
喜山期,2686,15497626.94,4967444.148,0.00498279447512,0.0003556152904824,4,0.0,0.0,False,0.2112423916935195,0.4989258861439312,0.0,0.297547440028643,"POLYGON ((15496126.94 4968944.148, 15499126.94 4968944.148, 15499126.94 4965944.148, 15496126.94 4965944.148, 15496126.94 4968944.148))"
喜山期,2687,15497626.94,4964444.148,0.0045841151379023,0.0003556152904824,4,0.0,0.0,False,0.1969208736126029,0.4989258861439312,0.0,0.2875223773720014,"POLYGON ((15496126.94 4965944.148, 15499126.94 4965944.148, 15499126.94 4962944.148, 15496126.94 4962944.148, 15496126.94 4965944.148))"
喜山期,2688,15497626.94,4961444.148,0.0041439821705276,0.0003556152904824,4,0.0,0.0,False,0.179735051915503,0.4989258861439312,0.0,0.2754923021840315,"POLYGON ((15496126.94 4962944.148, 15499126.94 4962944.148, 15499126.94 4959944.148, 15496126.94 4959944.148, 15496126.94 4962944.148))"
喜山期,2689,15497626.94,4958444.148,0.0036663499264226,0.0003556152904824,4,0.0,0.0,False,0.1632653061224489,0.4989258861439312,0.0,0.2639634801288936,"POLYGON ((15496126.94 4959944.148, 15499126.94 4959944.148, 15499126.94 4956944.148, 15496126.94 4956944.148, 15496126.94 4959944.148))"
喜山期,2690,15497626.94,4955444.148,0.0031532295186874,0.0003556152904824,4,0.0,0.0,False,0.1306838524883637,0.4989258861439312,0.0,0.2411564625850339,"POLYGON ((15496126.94 4956944.148, 15499126.94 4956944.148, 15499126.94 4953944.148, 15496126.94 4953944.148, 15496126.94 4956944.148))"
喜山期,2691,15497626.94,4952444.148,0.0026022806783834,0.0003556152904824,4,0.0,0.0,False,0.1041890440386681,0.4989258861439312,0.0,0.222610096670247,"POLYGON ((15496126.94 4953944.148, 15499126.94 4953944.148, 15499126.94 4950944.148, 15496126.94 4950944.148, 15496126.94 4953944.148))"
喜山期,2692,15497626.94,4949444.148,0.0020019115321725,0.0003556152904824,4,0.0,0.0,False,0.0844969566774078,0.4989258861439312,0.0,0.2088256355173648,"POLYGON ((15496126.94 4950944.148, 15499126.94 4950944.148, 15499126.94 4947944.148, 15496126.94 4947944.148, 15496126.94 4950944.148))"
喜山期,2693,15497626.94,4946444.148,0.0013204863477709,0.0003556152904824,4,0.0,0.0,False,0.0716075904045828,0.4989258861439312,0.0,0.1998030791263874,"POLYGON ((15496126.94 4947944.148, 15499126.94 4947944.148, 15499126.94 4944944.148, 15496126.94 4944944.148, 15496126.94 4947944.148))"
喜山期,2694,15497626.94,4943444.148,0.0004788111940678,0.0003556152904824,3,0.0,0.0,False,0.0050125313283208,0.4989258861439312,0.0,0.1531865377730039,"POLYGON ((15496126.94 4944944.148, 15499126.94 4944944.148, 15499126.94 4941944.148, 15496126.94 4941944.148, 15496126.94 4944944.148))"
喜山期,2695,15500626.94,5087444.148,0.0003011259453603,0.0003556152904824,3,0.0,0.0,False,0.0017901897601145,0.4989258861439312,0.0,0.1509308986752595,"POLYGON ((15499126.94 5088944.148, 15502126.94 5088944.148, 15502126.94 5085944.148, 15499126.94 5085944.148, 15499126.94 5088944.148))"
喜山期,2696,15500626.94,5084444.148,0.0009910625072158,0.0003556152904824,4,0.0,0.0,False,0.0329394915861081,0.4989258861439312,0.0,0.172735409953455,"POLYGON ((15499126.94 5085944.148, 15502126.94 5085944.148, 15502126.94 5082944.148, 15499126.94 5082944.148, 15499126.94 5085944.148))"
喜山期,2697,15500626.94,5081444.148,0.0015390118348321,0.0003556152904824,4,0.0,0.0,False,0.079126387397064,0.4989258861439312,0.0,0.2050662370211242,"POLYGON ((15499126.94 5082944.148, 15502126.94 5082944.148, 15502126.94 5079944.148, 15499126.94 5079944.148, 15499126.94 5082944.148))"
喜山期,2698,15500626.94,5078444.148,0.0020015138512162,0.0003556152904824,4,0.0,0.0,False,0.0841389187253848,0.4989258861439312,0.0,0.2085750089509488,"POLYGON ((15499126.94 5079944.148, 15502126.94 5079944.148, 15502126.94 5076944.148, 15499126.94 5076944.148, 15499126.94 5079944.148))"
喜山期,2699,15500626.94,5075444.148,0.0023970080068636,0.0003556152904824,4,0.0,0.0,False,0.0955961331901181,0.4989258861439312,0.0,0.2165950590762621,"POLYGON ((15499126.94 5076944.148, 15502126.94 5076944.148, 15502126.94 5073944.148, 15499126.94 5073944.148, 15499126.94 5076944.148))"
喜山期,2700,15500626.94,5072444.148,0.0027321766226176,0.0003556152904824,4,0.0,0.0,False,0.1131399928392409,0.4989258861439312,0.0,0.228875760830648,"POLYGON ((15499126.94 5073944.148, 15502126.94 5073944.148, 15502126.94 5070944.148, 15499126.94 5070944.148, 15499126.94 5073944.148))"
喜山期,2701,15500626.94,5069444.148,0.0030101309117117,0.0003556152904824,4,0.0,0.0,False,0.1220909416398138,0.4989258861439312,0.0,0.235141424991049,"POLYGON ((15499126.94 5070944.148, 15502126.94 5070944.148, 15502126.94 5067944.148, 15499126.94 5067944.148, 15499126.94 5070944.148))"
喜山期,2702,15500626.94,5066444.148,0.0032332357317974,0.0003556152904824,4,0.0,0.0,False,0.1367704976727533,0.4989258861439312,0.0,0.2454171142141067,"POLYGON ((15499126.94 5067944.148, 15502126.94 5067944.148, 15502126.94 5064944.148, 15499126.94 5064944.148, 15499126.94 5067944.148))"
喜山期,2703,15500626.94,5063444.148,0.0034040812525624,0.0003556152904824,4,0.0,0.0,False,0.1539563193698532,0.4989258861439312,0.0,0.2574471894020766,"POLYGON ((15499126.94 5064944.148, 15502126.94 5064944.148, 15502126.94 5061944.148, 15499126.94 5061944.148, 15499126.94 5064944.148))"
喜山期,2704,15500626.94,5060444.148,0.0035257576622567,0.0003556152904824,4,0.0,0.0,False,0.1568206229860365,0.4989258861439312,0.0,0.2594522019334049,"POLYGON ((15499126.94 5061944.148, 15502126.94 5061944.148, 15502126.94 5058944.148, 15499126.94 5058944.148, 15499126.94 5061944.148))"
喜山期,2705,15500626.94,5057444.148,0.0036018525522356,0.0003556152904824,4,0.0,0.0,False,0.1604010025062656,0.4989258861439312,0.0,0.2619584675975653,"POLYGON ((15499126.94 5058944.148, 15502126.94 5058944.148, 15502126.94 5055944.148, 15499126.94 5055944.148, 15499126.94 5058944.148))"
喜山期,2706,15500626.94,5054444.148,0.003636333410611,0.0003556152904824,4,0.0,0.0,False,0.1625492302184031,0.4989258861439312,0.0,0.2634622269960616,"POLYGON ((15499126.94 5055944.148, 15502126.94 5055944.148, 15502126.94 5052944.148, 15499126.94 5052944.148, 15499126.94 5055944.148))"
喜山期,2707,15500626.94,5051444.148,0.0036333800999718,0.0003556152904824,4,0.0,0.0,False,0.1621911922663802,0.4989258861439312,0.0,0.2632116004296455,"POLYGON ((15499126.94 5052944.148, 15502126.94 5052944.148, 15502126.94 5049944.148, 15499126.94 5049944.148, 15499126.94 5052944.148))"
喜山期,2708,15500626.94,5048444.148,0.0035971907002134,0.0003556152904824,4,0.0,0.0,False,0.1600429645542427,0.4989258861439312,0.0,0.2617078410311493,"POLYGON ((15499126.94 5049944.148, 15502126.94 5049944.148, 15502126.94 5046944.148, 15499126.94 5046944.148, 15499126.94 5049944.148))"
喜山期,2709,15500626.94,5045444.148,0.0035317608810586,0.0003556152904824,4,0.0,0.0,False,0.1571786609380594,0.4989258861439312,0.0,0.2597028284998209,"POLYGON ((15499126.94 5046944.148, 15502126.94 5046944.148, 15502126.94 5043944.148, 15499126.94 5043944.148, 15499126.94 5046944.148))"
喜山期,2710,15500626.94,5042444.148,0.00344061382765,0.0003556152904824,4,0.0,0.0,False,0.1550304332259219,0.4989258861439312,0.0,0.2581990691013247,"POLYGON ((15499126.94 5043944.148, 15502126.94 5043944.148, 15502126.94 5040944.148, 15499126.94 5040944.148, 15499126.94 5043944.148))"
喜山期,2711,15500626.94,5039444.148,0.0033264165241882,0.0003556152904824,4,0.0,0.0,False,0.1518080916577157,0.4989258861439312,0.0,0.2559434300035804,"POLYGON ((15499126.94 5040944.148, 15502126.94 5040944.148, 15502126.94 5037944.148, 15499126.94 5037944.148, 15499126.94 5040944.148))"
喜山期,2712,15500626.94,5036444.148,0.0031903213214907,0.0003556152904824,4,0.0,0.0,False,0.1331901181525241,0.4989258861439312,0.0,0.2429108485499462,"POLYGON ((15499126.94 5037944.148, 15502126.94 5037944.148, 15502126.94 5034944.148, 15499126.94 5034944.148, 15499126.94 5037944.148))"
喜山期,2713,15500626.94,5033444.148,0.0030306161799719,0.0003556152904824,4,0.0,0.0,False,0.1235230934479054,0.4989258861439312,0.0,0.2361439312567132,"POLYGON ((15499126.94 5034944.148, 15502126.94 5034944.148, 15502126.94 5031944.148, 15499126.94 5031944.148, 15499126.94 5034944.148))"
喜山期,2714,15500626.94,5030444.148,0.002839535084044,0.0003556152904824,4,0.0,0.0,False,0.1160042964554242,0.4989258861439312,0.0,0.2308807733619763,"POLYGON ((15499126.94 5031944.148, 15502126.94 5031944.148, 15502126.94 5028944.148, 15499126.94 5028944.148, 15499126.94 5031944.148))"
喜山期,2715,15500626.94,5027444.148,0.0025947431229847,0.0003556152904824,4,0.0,0.0,False,0.1031149301825993,0.4989258861439312,0.0,0.2218582169709989,"POLYGON ((15499126.94 5028944.148, 15502126.94 5028944.148, 15502126.94 5025944.148, 15499126.94 5025944.148, 15499126.94 5028944.148))"
喜山期,2716,15500626.94,5024444.148,0.0022327898898398,0.0003556152904824,4,0.0,0.0,False,0.0912996777658431,0.4989258861439312,0.0,0.2135875402792696,"POLYGON ((15499126.94 5025944.148, 15502126.94 5025944.148, 15502126.94 5022944.148, 15499126.94 5022944.148, 15499126.94 5025944.148))"
喜山期,2717,15500626.94,5021444.148,0.0021200839743476,0.0003556152904824,4,0.0,0.0,False,0.0887934121016827,0.4989258861439312,0.0,0.2118331543143573,"POLYGON ((15499126.94 5022944.148, 15502126.94 5022944.148, 15502126.94 5019944.148, 15499126.94 5019944.148, 15499126.94 5022944.148))"
喜山期,2718,15500626.94,5018444.148,0.0021522508013204,0.0003556152904824,4,0.0,0.0,False,0.0898675259577515,0.4989258861439312,0.0,0.2125850340136054,"POLYGON ((15499126.94 5019944.148, 15502126.94 5019944.148, 15502126.94 5016944.148, 15499126.94 5016944.148, 15499126.94 5019944.148))"
喜山期,2719,15500626.94,5015444.148,0.0020954410380683,0.0003556152904824,4,0.0,0.0,False,0.0870032223415682,0.4989258861439312,0.0,0.2105800214822771,"POLYGON ((15499126.94 5016944.148, 15502126.94 5016944.148, 15502126.94 5013944.148, 15499126.94 5013944.148, 15499126.94 5016944.148))"
喜山期,2720,15500626.94,5012444.148,0.0021907356939937,0.0003556152904824,4,0.0,0.0,False,0.0909416398138202,0.4989258861439312,0.0,0.2133369137128535,"POLYGON ((15499126.94 5013944.148, 15502126.94 5013944.148, 15502126.94 5010944.148, 15499126.94 5010944.148, 15499126.94 5013944.148))"
喜山期,2721,15500626.94,5009444.148,0.0025714644625166,0.0003556152904824,4,0.0,0.0,False,0.1020408163265306,0.4989258861439312,0.0,0.2211063372717508,"POLYGON ((15499126.94 5010944.148, 15502126.94 5010944.148, 15502126.94 5007944.148, 15499126.94 5007944.148, 15499126.94 5010944.148))"
喜山期,2722,15500626.94,5006444.148,0.0028257712775712,0.0003556152904824,4,0.0,0.0,False,0.1152882205513784,0.4989258861439312,0.0,0.2303795202291442,"POLYGON ((15499126.94 5007944.148, 15502126.94 5007944.148, 15502126.94 5004944.148, 15499126.94 5004944.148, 15499126.94 5007944.148))"
喜山期,2723,15500626.94,5003444.148,0.0030217422462013,0.0003556152904824,4,0.0,0.0,False,0.1224489795918367,0.4989258861439312,0.0,0.235392051557465,"POLYGON ((15499126.94 5004944.148, 15502126.94 5004944.148, 15502126.94 5001944.148, 15499126.94 5001944.148, 15499126.94 5004944.148))"
喜山期,2724,15500626.94,5000444.148,0.0031849003397952,0.0003556152904824,4,0.0,0.0,False,0.1324740422484783,0.4989258861439312,0.0,0.2424095954171142,"POLYGON ((15499126.94 5001944.148, 15502126.94 5001944.148, 15502126.94 4998944.148, 15499126.94 4998944.148, 15499126.94 5001944.148))"
喜山期,2725,15500626.94,4997444.148,0.0033252690832314,0.0003556152904824,4,0.0,0.0,False,0.1514500537056928,0.4989258861439312,0.0,0.2556928034371643,"POLYGON ((15499126.94 4998944.148, 15502126.94 4998944.148, 15502126.94 4995944.148, 15499126.94 4995944.148, 15499126.94 4998944.148))"
喜山期,2726,15500626.94,4994444.148,0.0034463132635516,0.0003556152904824,4,0.0,0.0,False,0.1553884711779448,0.4989258861439312,0.0,0.2584496956677408,"POLYGON ((15499126.94 4995944.148, 15502126.94 4995944.148, 15502126.94 4992944.148, 15499126.94 4992944.148, 15499126.94 4995944.148))"
喜山期,2727,15500626.94,4991444.148,0.0035483739273649,0.0003556152904824,4,0.0,0.0,False,0.1582527747941281,0.4989258861439312,0.0,0.2604547081990691,"POLYGON ((15499126.94 4992944.148, 15502126.94 4992944.148, 15502126.94 4989944.148, 15499126.94 4989944.148, 15499126.94 4992944.148))"
喜山期,2728,15500626.94,4988444.148,0.003630134184522,0.0003556152904824,4,0.0,0.0,False,0.1614751163623344,0.4989258861439312,0.0,0.2627103472968135,"POLYGON ((15499126.94 4989944.148, 15502126.94 4989944.148, 15502126.94 4986944.148, 15499126.94 4986944.148, 15499126.94 4989944.148))"
喜山期,2729,15500626.94,4985444.148,0.0036893168682925,0.0003556152904824,4,0.0,0.0,False,0.1639813820264948,0.4989258861439312,0.0,0.2644647332617257,"POLYGON ((15499126.94 4986944.148, 15502126.94 4986944.148, 15502126.94 4983944.148, 15499126.94 4983944.148, 15499126.94 4986944.148))"
喜山期,2730,15500626.94,4982444.148,0.0037230641791756,0.0003556152904824,4,0.0,0.0,False,0.1668456856426781,0.4989258861439312,0.0,0.266469745793054,"POLYGON ((15499126.94 4983944.148, 15502126.94 4983944.148, 15502126.94 4980944.148, 15499126.94 4980944.148, 15499126.94 4983944.148))"
喜山期,2731,15500626.94,4979444.148,0.0037281795291409,0.0003556152904824,4,0.0,0.0,False,0.167203723594701,0.4989258861439312,0.0,0.2667203723594701,"POLYGON ((15499126.94 4980944.148, 15502126.94 4980944.148, 15502126.94 4977944.148, 15499126.94 4977944.148, 15499126.94 4980944.148))"
喜山期,2732,15500626.94,4976444.148,0.0037013073931346,0.0003556152904824,4,0.0,0.0,False,0.1646974579305406,0.4989258861439312,0.0,0.2649659863945578,"POLYGON ((15499126.94 4977944.148, 15502126.94 4977944.148, 15502126.94 4974944.148, 15499126.94 4974944.148, 15499126.94 4977944.148))"
喜山期,2733,15500626.94,4973444.148,0.0036390835878564,0.0003556152904824,4,0.0,0.0,False,0.162907268170426,0.4989258861439312,0.0,0.2637128535624776,"POLYGON ((15499126.94 4974944.148, 15502126.94 4974944.148, 15502126.94 4971944.148, 15499126.94 4971944.148, 15499126.94 4974944.148))"
喜山期,2734,15500626.94,4970444.148,0.0035382681707007,0.0003556152904824,4,0.0,0.0,False,0.1575366988900823,0.4989258861439312,0.0,0.259953455066237,"POLYGON ((15499126.94 4971944.148, 15502126.94 4971944.148, 15502126.94 4968944.148, 15499126.94 4968944.148, 15499126.94 4971944.148))"
喜山期,2735,15500626.94,4967444.148,0.0033958608790289,0.0003556152904824,4,0.0,0.0,False,0.1535982814178303,0.4989258861439312,0.0,0.2571965628356606,"POLYGON ((15499126.94 4968944.148, 15502126.94 4968944.148, 15502126.94 4965944.148, 15499126.94 4965944.148, 15499126.94 4968944.148))"
喜山期,2736,15500626.94,4964444.148,0.0032091867226406,0.0003556152904824,4,0.0,0.0,False,0.1346222699606158,0.4989258861439312,0.0,0.2439133548156104,"POLYGON ((15499126.94 4965944.148, 15502126.94 4965944.148, 15502126.94 4962944.148, 15499126.94 4962944.148, 15499126.94 4965944.148))"
喜山期,2737,15500626.94,4961444.148,0.0029759189916825,0.0003556152904824,4,0.0,0.0,False,0.1199427139276763,0.4989258861439312,0.0,0.2336376655925528,"POLYGON ((15499126.94 4962944.148, 15502126.94 4962944.148, 15502126.94 4959944.148, 15499126.94 4959944.148, 15499126.94 4962944.148))"
喜山期,2738,15500626.94,4958444.148,0.0026939632663782,0.0003556152904824,4,0.0,0.0,False,0.112781954887218,0.4989258861439312,0.0,0.228625134264232,"POLYGON ((15499126.94 4959944.148, 15502126.94 4959944.148, 15502126.94 4956944.148, 15499126.94 4956944.148, 15499126.94 4959944.148))"
喜山期,2739,15500626.94,4955444.148,0.0023610209430055,0.0003556152904824,4,0.0,0.0,False,0.0945220193340494,0.4989258861439312,0.0,0.2158431793770139,"POLYGON ((15499126.94 4956944.148, 15502126.94 4956944.148, 15502126.94 4953944.148, 15499126.94 4953944.148, 15499126.94 4956944.148))"
喜山期,2740,15500626.94,4952444.148,0.0019733792605196,0.0003556152904824,4,0.0,0.0,False,0.0837808807733619,0.4989258861439312,0.0,0.2083243823845327,"POLYGON ((15499126.94 4953944.148, 15502126.94 4953944.148, 15502126.94 4950944.148, 15499126.94 4950944.148, 15499126.94 4953944.148))"
喜山期,2741,15500626.94,4949444.148,0.0015227194305928,0.0003556152904824,4,0.0,0.0,False,0.0784103114930182,0.4989258861439312,0.0,0.2045649838882921,"POLYGON ((15499126.94 4950944.148, 15502126.94 4950944.148, 15502126.94 4947944.148, 15499126.94 4947944.148, 15499126.94 4950944.148))"
喜山期,2742,15500626.94,4946444.148,0.000987384255067,0.0003556152904824,4,0.0,0.0,False,0.0322234156820623,0.4989258861439312,0.0,0.1722341568206229,"POLYGON ((15499126.94 4947944.148, 15502126.94 4947944.148, 15502126.94 4944944.148, 15499126.94 4944944.148, 15499126.94 4947944.148))"
喜山期,2743,15500626.94,4943444.148,0.000305399627359,0.0003556152904824,3,0.0,0.0,False,0.0021482277121374,0.4989258861439312,0.0,0.1511815252416756,"POLYGON ((15499126.94 4944944.148, 15502126.94 4944944.148, 15502126.94 4941944.148, 15499126.94 4941944.148, 15499126.94 4944944.148))"
喜山期,2744,15503626.94,5087444.148,2.061363882190608e-06,0.0003556152904824,2,0.0,0.0,False,0.0003580379520229,0.4989258861439312,0.0,0.1499283924095954,"POLYGON ((15502126.94 5088944.148, 15505126.94 5088944.148, 15505126.94 5085944.148, 15502126.94 5085944.148, 15502126.94 5088944.148))"
喜山期,2745,15503626.94,5084444.148,0.0004267741118116,0.0003556152904824,3,0.0,0.0,False,0.0042964554242749,0.4989258861439312,0.0,0.1526852846401718,"POLYGON ((15502126.94 5085944.148, 15505126.94 5085944.148, 15505126.94 5082944.148, 15502126.94 5082944.148, 15502126.94 5085944.148))"
喜山期,2746,15503626.94,5081444.148,0.0007252280180062,0.0003556152904824,3,0.0,0.0,False,0.0103831006086645,0.4989258861439312,0.0,0.1569459362692445,"POLYGON ((15502126.94 5082944.148, 15505126.94 5082944.148, 15505126.94 5079944.148, 15502126.94 5079944.148, 15502126.94 5082944.148))"
喜山期,2747,15503626.94,5078444.148,0.0009452091902567,0.0003556152904824,3,0.0,0.0,False,0.0232724668814894,0.4989258861439312,0.0,0.1659684926602219,"POLYGON ((15502126.94 5079944.148, 15505126.94 5079944.148, 15505126.94 5076944.148, 15502126.94 5076944.148, 15502126.94 5079944.148))"
喜山期,2748,15503626.94,5075444.148,0.0011075263196736,0.0003556152904824,3,0.0,0.0,False,0.0372359470103831,0.4989258861439312,0.0,0.1757429287504475,"POLYGON ((15502126.94 5076944.148, 15505126.94 5076944.148, 15505126.94 5073944.148, 15502126.94 5073944.148, 15502126.94 5076944.148))"
喜山期,2749,15503626.94,5072444.148,0.0012245798806734,0.0003556152904824,3,0.0,0.0,False,0.045828857858933,0.4989258861439312,0.0,0.1817579663444325,"POLYGON ((15502126.94 5073944.148, 15505126.94 5073944.148, 15505126.94 5070944.148, 15502126.94 5070944.148, 15502126.94 5073944.148))"
喜山期,2750,15503626.94,5069444.148,0.0013052309846725,0.0003556152904824,3,0.0,0.0,False,0.0705334765485141,0.4989258861439312,0.0,0.1990511994271392,"POLYGON ((15502126.94 5070944.148, 15505126.94 5070944.148, 15505126.94 5067944.148, 15502126.94 5067944.148, 15502126.94 5070944.148))"
喜山期,2751,15503626.94,5066444.148,0.0013564101557785,0.0003556152904824,3,0.0,0.0,False,0.0726817042606516,0.4989258861439312,0.0,0.2005549588256355,"POLYGON ((15502126.94 5067944.148, 15505126.94 5067944.148, 15505126.94 5064944.148, 15502126.94 5064944.148, 15502126.94 5067944.148))"
喜山期,2752,15503626.94,5063444.148,0.0013837625556963,0.0003556152904824,3,0.0,0.0,False,0.0741138560687432,0.4989258861439312,0.0,0.2015574650912996,"POLYGON ((15502126.94 5064944.148, 15505126.94 5064944.148, 15505126.94 5061944.148, 15502126.94 5061944.148, 15502126.94 5064944.148))"
喜山期,2753,15503626.94,5060444.148,0.0013919608107384,0.0003556152904824,3,0.0,0.0,False,0.0748299319727891,0.4989258861439312,0.0,0.2020587182241317,"POLYGON ((15502126.94 5061944.148, 15505126.94 5061944.148, 15505126.94 5058944.148, 15502126.94 5058944.148, 15502126.94 5061944.148))"
喜山期,2754,15503626.94,5057444.148,0.0013848862917317,0.0003556152904824,3,0.0,0.0,False,0.0744718940207662,0.4989258861439312,0.0,0.2018080916577157,"POLYGON ((15502126.94 5058944.148, 15505126.94 5058944.148, 15505126.94 5055944.148, 15502126.94 5055944.148, 15502126.94 5058944.148))"
喜山期,2755,15503626.94,5054444.148,0.0013657503263074,0.0003556152904824,3,0.0,0.0,False,0.0730397422126745,0.4989258861439312,0.0,0.2008055853920515,"POLYGON ((15502126.94 5055944.148, 15505126.94 5055944.148, 15505126.94 5052944.148, 15502126.94 5052944.148, 15502126.94 5055944.148))"
喜山期,2756,15503626.94,5051444.148,0.0013371827408061,0.0003556152904824,3,0.0,0.0,False,0.0719656283566058,0.4989258861439312,0.0,0.2000537056928034,"POLYGON ((15502126.94 5052944.148, 15505126.94 5052944.148, 15505126.94 5049944.148, 15502126.94 5049944.148, 15502126.94 5052944.148))"
喜山期,2757,15503626.94,5048444.148,0.0013012977103207,0.0003556152904824,3,0.0,0.0,False,0.0698174006444683,0.4989258861439312,0.0,0.1985499462943072,"POLYGON ((15502126.94 5049944.148, 15505126.94 5049944.148, 15505126.94 5046944.148, 15502126.94 5046944.148, 15502126.94 5049944.148))"
喜山期,2758,15503626.94,5045444.148,0.0012597376438862,0.0003556152904824,3,0.0,0.0,False,0.0504833512352309,0.4989258861439312,0.0,0.185016111707841,"POLYGON ((15502126.94 5046944.148, 15505126.94 5046944.148, 15505126.94 5043944.148, 15502126.94 5043944.148, 15502126.94 5046944.148))"
喜山期,2759,15503626.94,5042444.148,0.0012136867850423,0.0003556152904824,3,0.0,0.0,False,0.0440386680988184,0.4989258861439312,0.0,0.1805048335123523,"POLYGON ((15502126.94 5043944.148, 15505126.94 5043944.148, 15505126.94 5040944.148, 15502126.94 5040944.148, 15502126.94 5043944.148))"
喜山期,2760,15503626.94,5039444.148,0.0011638295150116,0.0003556152904824,3,0.0,0.0,False,0.0404582885785893,0.4989258861439312,0.0,0.1779985678481919,"POLYGON ((15502126.94 5040944.148, 15505126.94 5040944.148, 15505126.94 5037944.148, 15502126.94 5037944.148, 15502126.94 5040944.148))"
喜山期,2761,15503626.94,5036444.148,0.0011101859500605,0.0003556152904824,3,0.0,0.0,False,0.0379520229144289,0.4989258861439312,0.0,0.1762441818832796,"POLYGON ((15502126.94 5037944.148, 15505126.94 5037944.148, 15505126.94 5034944.148, 15502126.94 5034944.148, 15502126.94 5037944.148))"
喜山期,2762,15503626.94,5033444.148,0.001051631949182,0.0003556152904824,3,0.0,0.0,False,0.0354457572502685,0.4989258861439312,0.0,0.1744897959183673,"POLYGON ((15502126.94 5034944.148, 15505126.94 5034944.148, 15505126.94 5031944.148, 15502126.94 5031944.148, 15502126.94 5034944.148))"
喜山期,2763,15503626.94,5030444.148,0.000984490273842,0.0003556152904824,3,0.0,0.0,False,0.0318653777300393,0.4989258861439312,0.0,0.1719835302542069,"POLYGON ((15502126.94 5031944.148, 15505126.94 5031944.148, 15505126.94 5028944.148, 15502126.94 5028944.148, 15502126.94 5031944.148))"
喜山期,2764,15503626.94,5027444.148,0.000897944360887,0.0003556152904824,3,0.0,0.0,False,0.0186179735051915,0.4989258861439312,0.0,0.1627103472968134,"POLYGON ((15502126.94 5028944.148, 15505126.94 5028944.148, 15505126.94 5025944.148, 15502126.94 5025944.148, 15502126.94 5028944.148))"
喜山期,2765,15503626.94,5024444.148,0.0007560040511014,0.0003556152904824,3,0.0,0.0,False,0.012531328320802,0.4989258861439312,0.0,0.1584496956677407,"POLYGON ((15502126.94 5025944.148, 15505126.94 5025944.148, 15505126.94 5022944.148, 15502126.94 5022944.148, 15502126.94 5025944.148))"
喜山期,2766,15503626.94,5021444.148,0.000686940974022,0.0003556152904824,3,0.0,0.0,False,0.0096670247046186,0.4989258861439312,0.0,0.1564446831364124,"POLYGON ((15502126.94 5022944.148, 15505126.94 5022944.148, 15505126.94 5019944.148, 15502126.94 5019944.148, 15502126.94 5022944.148))"
喜山期,2767,15503626.94,5018444.148,0.0006791345785846,0.0003556152904824,3,0.0,0.0,False,0.0085929108485499,0.4989258861439312,0.0,0.1556928034371643,"POLYGON ((15502126.94 5019944.148, 15505126.94 5019944.148, 15505126.94 5016944.148, 15502126.94 5016944.148, 15502126.94 5019944.148))"
喜山期,2768,15503626.94,5015444.148,0.0006797841550733,0.0003556152904824,3,0.0,0.0,False,0.0089509488005728,0.4989258861439312,0.0,0.1559434300035803,"POLYGON ((15502126.94 5016944.148, 15505126.94 5016944.148, 15505126.94 5013944.148, 15502126.94 5013944.148, 15502126.94 5016944.148))"
喜山期,2769,15503626.94,5012444.148,0.0007468457173876,0.0003556152904824,3,0.0,0.0,False,0.0118152524167561,0.4989258861439312,0.0,0.1579484425349087,"POLYGON ((15502126.94 5013944.148, 15505126.94 5013944.148, 15505126.94 5010944.148, 15502126.94 5010944.148, 15502126.94 5013944.148))"
喜山期,2770,15503626.94,5009444.148,0.0008982926650449,0.0003556152904824,3,0.0,0.0,False,0.0189760114572144,0.4989258861439312,0.0,0.1629609738632295,"POLYGON ((15502126.94 5010944.148, 15505126.94 5010944.148, 15505126.94 5007944.148, 15502126.94 5007944.148, 15502126.94 5010944.148))"
喜山期,2771,15503626.94,5006444.148,0.0009880807273377,0.0003556152904824,3,0.0,0.0,False,0.0325814536340852,0.4989258861439312,0.0,0.172484783387039,"POLYGON ((15502126.94 5007944.148, 15505126.94 5007944.148, 15505126.94 5004944.148, 15502126.94 5004944.148, 15502126.94 5007944.148))"
喜山期,2772,15503626.94,5003444.148,0.0010556265662565,0.0003556152904824,3,0.0,0.0,False,0.0358037952022914,0.4989258861439312,0.0,0.1747404224847834,"POLYGON ((15502126.94 5004944.148, 15505126.94 5004944.148, 15505126.94 5001944.148, 15502126.94 5001944.148, 15502126.94 5004944.148))"
喜山期,2773,15503626.94,5000444.148,0.0011133596534082,0.0003556152904824,3,0.0,0.0,False,0.0383100608664518,0.4989258861439312,0.0,0.1764948084496956,"POLYGON ((15502126.94 5001944.148, 15505126.94 5001944.148, 15505126.94 4998944.148, 15502126.94 4998944.148, 15502126.94 5001944.148))"
喜山期,2774,15503626.94,4997444.148,0.0011658311417059,0.0003556152904824,3,0.0,0.0,False,0.0408163265306122,0.4989258861439312,0.0,0.1782491944146079,"POLYGON ((15502126.94 4998944.148, 15505126.94 4998944.148, 15505126.94 4995944.148, 15502126.94 4995944.148, 15502126.94 4998944.148))"
喜山期,2775,15503626.94,4994444.148,0.0012147492018533,0.0003556152904824,3,0.0,0.0,False,0.0443967060508413,0.4989258861439312,0.0,0.1807554600787683,"POLYGON ((15502126.94 4995944.148, 15505126.94 4995944.148, 15505126.94 4992944.148, 15502126.94 4992944.148, 15502126.94 4995944.148))"
喜山期,2776,15503626.94,4991444.148,0.0012605866977374,0.0003556152904824,3,0.0,0.0,False,0.0511994271392767,0.4989258861439312,0.0,0.1855173648406731,"POLYGON ((15502126.94 4992944.148, 15505126.94 4992944.148, 15505126.94 4989944.148, 15502126.94 4989944.148, 15502126.94 4992944.148))"
喜山期,2777,15503626.94,4988444.148,0.0013031584066492,0.0003556152904824,3,0.0,0.0,False,0.0701754385964912,0.4989258861439312,0.0,0.1988005728607232,"POLYGON ((15502126.94 4989944.148, 15505126.94 4989944.148, 15505126.94 4986944.148, 15502126.94 4986944.148, 15502126.94 4989944.148))"
喜山期,2778,15503626.94,4985444.148,0.0013418408128937,0.0003556152904824,3,0.0,0.0,False,0.0723236663086287,0.4989258861439312,0.0,0.2003043322592194,"POLYGON ((15502126.94 4986944.148, 15505126.94 4986944.148, 15505126.94 4983944.148, 15502126.94 4983944.148, 15502126.94 4986944.148))"
喜山期,2779,15503626.94,4982444.148,0.0013756520832285,0.0003556152904824,3,0.0,0.0,False,0.0737558181167203,0.4989258861439312,0.0,0.2013068385248836,"POLYGON ((15502126.94 4983944.148, 15505126.94 4983944.148, 15505126.94 4980944.148, 15502126.94 4980944.148, 15502126.94 4983944.148))"
喜山期,2780,15503626.94,4979444.148,0.0014032704905803,0.0003556152904824,3,0.0,0.0,False,0.075187969924812,0.4989258861439312,0.0,0.2023093447905478,"POLYGON ((15502126.94 4980944.148, 15505126.94 4980944.148, 15505126.94 4977944.148, 15502126.94 4977944.148, 15502126.94 4980944.148))"
喜山期,2781,15503626.94,4976444.148,0.0014230218328727,0.0003556152904824,3,0.0,0.0,False,0.0759040458288578,0.4989258861439312,0.0,0.2028105979233798,"POLYGON ((15502126.94 4977944.148, 15505126.94 4977944.148, 15505126.94 4974944.148, 15502126.94 4974944.148, 15502126.94 4977944.148))"
喜山期,2782,15503626.94,4973444.148,0.001432848201671,0.0003556152904824,3,0.0,0.0,False,0.0773361976369495,0.4989258861439312,0.0,0.203813104189044,"POLYGON ((15502126.94 4974944.148, 15505126.94 4974944.148, 15505126.94 4971944.148, 15502126.94 4971944.148, 15502126.94 4974944.148))"
喜山期,2783,15503626.94,4970444.148,0.0014302624235508,0.0003556152904824,3,0.0,0.0,False,0.0769781596849266,0.4989258861439312,0.0,0.203562477622628,"POLYGON ((15502126.94 4971944.148, 15505126.94 4971944.148, 15505126.94 4968944.148, 15502126.94 4968944.148, 15502126.94 4971944.148))"
喜山期,2784,15503626.94,4967444.148,0.0014122877167253,0.0003556152904824,3,0.0,0.0,False,0.0755460078768349,0.4989258861439312,0.0,0.2025599713569638,"POLYGON ((15502126.94 4968944.148, 15505126.94 4968944.148, 15505126.94 4965944.148, 15502126.94 4965944.148, 15502126.94 4968944.148))"
喜山期,2785,15503626.94,4964444.148,0.0013753772176906,0.0003556152904824,3,0.0,0.0,False,0.0733977801646974,0.4989258861439312,0.0,0.2010562119584676,"POLYGON ((15502126.94 4965944.148, 15505126.94 4965944.148, 15505126.94 4962944.148, 15502126.94 4962944.148, 15502126.94 4965944.148))"
喜山期,2786,15503626.94,4961444.148,0.0013152996304105,0.0003556152904824,3,0.0,0.0,False,0.0712495524525599,0.4989258861439312,0.0,0.1995524525599713,"POLYGON ((15502126.94 4962944.148, 15505126.94 4962944.148, 15505126.94 4959944.148, 15502126.94 4959944.148, 15502126.94 4962944.148))"
喜山期,2787,15503626.94,4958444.148,0.0012269582432877,0.0003556152904824,3,0.0,0.0,False,0.0461868958109559,0.4989258861439312,0.0,0.1820085929108485,"POLYGON ((15502126.94 4959944.148, 15505126.94 4959944.148, 15505126.94 4956944.148, 15502126.94 4956944.148, 15502126.94 4959944.148))"
喜山期,2788,15503626.94,4955444.148,0.0011040611085753,0.0003556152904824,3,0.0,0.0,False,0.0368779090583601,0.4989258861439312,0.0,0.1754923021840315,"POLYGON ((15502126.94 4956944.148, 15505126.94 4956944.148, 15505126.94 4953944.148, 15502126.94 4953944.148, 15502126.94 4956944.148))"
喜山期,2789,15503626.94,4952444.148,0.0009384169307885,0.0003556152904824,3,0.0,0.0,False,0.0221983530254206,0.4989258861439312,0.0,0.1652166129609738,"POLYGON ((15502126.94 4953944.148, 15505126.94 4953944.148, 15505126.94 4950944.148, 15502126.94 4950944.148, 15502126.94 4953944.148))"
喜山期,2790,15503626.94,4949444.148,0.000718165892814,0.0003556152904824,3,0.0,0.0,False,0.0100250626566416,0.4989258861439312,0.0,0.1566953097028285,"POLYGON ((15502126.94 4950944.148, 15505126.94 4950944.148, 15505126.94 4947944.148, 15502126.94 4947944.148, 15502126.94 4950944.148))"
喜山期,2791,15503626.94,4946444.148,0.0004225004812371,0.0003556152904824,3,0.0,0.0,False,0.003938417472252,0.4989258861439312,0.0,0.1524346580737558,"POLYGON ((15502126.94 4947944.148, 15505126.94 4947944.148, 15505126.94 4944944.148, 15502126.94 4944944.148, 15502126.94 4947944.148))"
喜山期,2792,15503626.94,4943444.148,2.0613652537517467e-06,0.0003556152904824,2,0.0,0.0,False,0.0007160759040458,0.4989258861439312,0.0,0.1501790189760114,"POLYGON ((15502126.94 4944944.148, 15505126.94 4944944.148, 15505126.94 4941944.148, 15502126.94 4941944.148, 15502126.94 4944944.148))"
