centroid_x,centroid_y,period_count,supporting_periods,node_ids_json,network_criticality,removal_impact,period_persistence,parameter_stability,total_score,any_top20,ambiguous_match_count,match_id,target_cluster,target_id,geometry_wkt
15436612.33,5114357.6325,2,印支燕山期|海西期,"{""印支燕山期"": 2042, ""海西期"": 2138}",0.6752039359592223,0.0,0.5,0.5,0.4363213775857278,True,0,M00212,0,T001,"POLYGON ((15434475.39 5115890.548, 15437475.39 5115890.548, 15437475.39 5112890.548, 15434475.39 5112890.548, 15434475.39 5115890.548))"
15439612.33,5114357.6325,2,印支燕山期|海西期,"{""印支燕山期"": 2102, ""海西期"": 2199}",0.711268192313957,0.0,0.5,0.5,0.44894386730988495,True,0,M00213,0,T001,"POLYGON ((15437475.39 5115890.548, 15440475.39 5115890.548, 15440475.39 5112890.548, 15437475.39 5112890.548, 15437475.39 5115890.548))"
15442612.33,5114357.6325,2,印支燕山期|海西期,"{""印支燕山期"": 2162, ""海西期"": 2260}",0.724964964725195,0.0,0.5,0.5,0.45373773765381825,True,0,M00214,0,T001,"POLYGON ((15440475.39 5115890.548, 15443475.39 5115890.548, 15443475.39 5112890.548, 15440475.39 5112890.548, 15440475.39 5115890.548))"
15448612.33,5114357.6325,2,印支燕山期|海西期,"{""印支燕山期"": 2282, ""海西期"": 2382}",0.7459281832756863,0.0,0.5,0.5,0.46107486414649024,True,0,M00216,-1,,"POLYGON ((15446475.39 5115890.548, 15449475.39 5115890.548, 15449475.39 5112890.548, 15446475.39 5112890.548, 15446475.39 5115890.548))"
15451612.33,5114357.6325,2,印支燕山期|海西期,"{""印支燕山期"": 2342, ""海西期"": 2443}",0.7454822979243916,0.0,0.5,0.5,0.46091880427353704,True,0,M00217,-1,,"POLYGON ((15449475.39 5115890.548, 15452475.39 5115890.548, 15452475.39 5112890.548, 15449475.39 5112890.548, 15449475.39 5115890.548))"
15436612.33,5111357.6325,2,印支燕山期|海西期,"{""印支燕山期"": 2043, ""海西期"": 2139}",0.7311785242069155,0.0,0.5,0.5,0.4559124834724204,True,0,M00271,0,T001,"POLYGON ((15434475.39 5112890.548, 15437475.39 5112890.548, 15437475.39 5109890.548, 15434475.39 5109890.548, 15434475.39 5112890.548))"
15439612.33,5111357.6325,2,印支燕山期|海西期,"{""印支燕山期"": 2103, ""海西期"": 2200}",0.8155031969289043,0.0,0.5,0.5,0.4854261189251165,True,0,M00272,0,T001,"POLYGON ((15437475.39 5112890.548, 15440475.39 5112890.548, 15440475.39 5109890.548, 15437475.39 5109890.548, 15437475.39 5112890.548))"
15442612.33,5111357.6325,2,印支燕山期|海西期,"{""印支燕山期"": 2163, ""海西期"": 2261}",0.909600473710769,0.0,0.5,1.0,0.5933601657987692,True,0,M00273,0,T001,"POLYGON ((15440475.39 5112890.548, 15443475.39 5112890.548, 15443475.39 5109890.548, 15440475.39 5109890.548, 15440475.39 5112890.548))"
15418612.33,5093357.6325,2,印支燕山期|海西期,"{""印支燕山期"": 1689, ""海西期"": 1779}",0.7112159907126181,0.0,0.5,0.5,0.4489255967494163,True,0,M00619,1,T003,"POLYGON ((15416475.39 5094890.548, 15419475.39 5094890.548, 15419475.39 5091890.548, 15416475.39 5091890.548, 15416475.39 5094890.548))"
15442612.33,5093357.6325,2,印支燕山期|海西期,"{""印支燕山期"": 2169, ""海西期"": 2267}",0.8692491408852394,0.0,0.5,1.0,0.5792371993098338,True,0,M00627,2,T002,"POLYGON ((15440475.39 5094890.548, 15443475.39 5094890.548, 15443475.39 5091890.548, 15440475.39 5091890.548, 15440475.39 5094890.548))"
15385612.33,5090357.6325,2,印支燕山期|海西期,"{""印支燕山期"": 1030, ""海西期"": 1109}",0.6824362809912077,0.0,0.5,0.5,0.4388526983469227,True,0,M00667,-1,,"POLYGON ((15383475.39 5091890.548, 15386475.39 5091890.548, 15386475.39 5088890.548, 15383475.39 5088890.548, 15383475.39 5091890.548))"
15418612.33,5090357.6325,2,印支燕山期|海西期,"{""印支燕山期"": 1690, ""海西期"": 1780}",0.83193027157927,0.0,0.5,1.0,0.5661755950527445,True,0,M00678,1,T003,"POLYGON ((15416475.39 5091890.548, 15419475.39 5091890.548, 15419475.39 5088890.548, 15416475.39 5088890.548, 15416475.39 5091890.548))"
15421612.33,5090357.6325,2,印支燕山期|海西期,"{""印支燕山期"": 1750, ""海西期"": 1841}",0.8515277831006696,0.0,0.5,1.0,0.5730347240852344,True,0,M00679,1,T003,"POLYGON ((15419475.39 5091890.548, 15422475.39 5091890.548, 15422475.39 5088890.548, 15419475.39 5088890.548, 15419475.39 5091890.548))"
15424612.33,5090357.6325,2,印支燕山期|海西期,"{""印支燕山期"": 1810, ""海西期"": 1902}",0.9296594580071731,0.0,0.5,1.0,0.6003808103025106,True,0,M00680,1,T003,"POLYGON ((15422475.39 5091890.548, 15425475.39 5091890.548, 15425475.39 5088890.548, 15422475.39 5088890.548, 15422475.39 5091890.548))"
15427612.33,5090357.6325,2,印支燕山期|海西期,"{""印支燕山期"": 1870, ""海西期"": 1963}",0.680143526458499,0.0,0.5,0.5,0.4380502342604746,True,0,M00681,1,T003,"POLYGON ((15425475.39 5091890.548, 15428475.39 5091890.548, 15428475.39 5088890.548, 15425475.39 5088890.548, 15425475.39 5091890.548))"
15439612.33,5090357.6325,2,印支燕山期|海西期,"{""印支燕山期"": 2110, ""海西期"": 2207}",0.6836880275651283,0.0,0.5,0.5,0.4392908096477949,True,0,M00685,2,T002,"POLYGON ((15437475.39 5091890.548, 15440475.39 5091890.548, 15440475.39 5088890.548, 15437475.39 5088890.548, 15437475.39 5091890.548))"
15442612.33,5090357.6325,2,印支燕山期|海西期,"{""印支燕山期"": 2170, ""海西期"": 2268}",0.8748266680080354,0.0,0.5,1.0,0.5811893338028123,True,0,M00686,2,T002,"POLYGON ((15440475.39 5091890.548, 15443475.39 5091890.548, 15443475.39 5088890.548, 15440475.39 5088890.548, 15440475.39 5091890.548))"
15389438.105,5078384.4325,2,喜山期|海西期,"{""喜山期"": 885, ""海西期"": 1174}",0.6738486329148,0.0,0.5,0.5,0.43584702152018,True,0,M01132,3,T004,"POLYGON ((15388126.94 5079944.148, 15391126.94 5079944.148, 15391126.94 5076944.148, 15388126.94 5076944.148, 15388126.94 5079944.148))"
15392438.105,5078384.4325,2,喜山期|海西期,"{""喜山期"": 934, ""海西期"": 1235}",0.6779506147379324,0.0,0.5,0.5,0.4372827151582763,True,0,M01133,3,T004,"POLYGON ((15391126.94 5079944.148, 15394126.94 5079944.148, 15394126.94 5076944.148, 15391126.94 5076944.148, 15391126.94 5079944.148))"
15395438.105,5078384.4325,2,喜山期|海西期,"{""喜山期"": 983, ""海西期"": 1296}",0.6778689295580473,0.0,0.5,0.5,0.43725412534531655,True,0,M01134,3,T004,"POLYGON ((15394126.94 5079944.148, 15397126.94 5079944.148, 15397126.94 5076944.148, 15394126.94 5076944.148, 15394126.94 5079944.148))"
15392438.105,5075384.4325,2,喜山期|海西期,"{""喜山期"": 935, ""海西期"": 1236}",0.677076625095864,0.0,0.5,0.5,0.4369768187835524,True,0,M01249,3,T004,"POLYGON ((15391126.94 5076944.148, 15394126.94 5076944.148, 15394126.94 5073944.148, 15391126.94 5073944.148, 15391126.94 5076944.148))"
15395438.105,5075384.4325,2,喜山期|海西期,"{""喜山期"": 984, ""海西期"": 1297}",0.7004064486823378,0.0,0.5,0.5,0.4451422570388182,True,0,M01250,3,T004,"POLYGON ((15394126.94 5076944.148, 15397126.94 5076944.148, 15397126.94 5073944.148, 15394126.94 5073944.148, 15394126.94 5076944.148))"
15398438.105,5075384.4325,2,喜山期|海西期,"{""喜山期"": 1033, ""海西期"": 1358}",0.7035370523518338,0.0,0.5,0.5,0.44623796832314183,True,0,M01251,3,T004,"POLYGON ((15397126.94 5076944.148, 15400126.94 5076944.148, 15400126.94 5073944.148, 15397126.94 5073944.148, 15397126.94 5076944.148))"
15401438.105,5075384.4325,2,喜山期|海西期,"{""喜山期"": 1082, ""海西期"": 1419}",0.690688210324565,0.0,0.5,0.5,0.44174087361359776,True,0,M01252,3,T004,"POLYGON ((15400126.94 5076944.148, 15403126.94 5076944.148, 15403126.94 5073944.148, 15400126.94 5073944.148, 15400126.94 5076944.148))"
15395438.105,5072384.4325,2,喜山期|海西期,"{""喜山期"": 985, ""海西期"": 1298}",0.6996844436140961,0.0,0.5,0.5,0.4448895552649336,True,0,M01366,3,T004,"POLYGON ((15394126.94 5073944.148, 15397126.94 5073944.148, 15397126.94 5070944.148, 15394126.94 5070944.148, 15394126.94 5073944.148))"
15398438.105,5072384.4325,2,喜山期|海西期,"{""喜山期"": 1034, ""海西期"": 1359}",0.7239020103149549,0.0,0.5,0.5,0.4533657036102342,True,0,M01367,3,T004,"POLYGON ((15397126.94 5073944.148, 15400126.94 5073944.148, 15400126.94 5070944.148, 15397126.94 5070944.148, 15397126.94 5073944.148))"
15401438.105,5072384.4325,2,喜山期|海西期,"{""喜山期"": 1083, ""海西期"": 1420}",0.7256133252792204,0.0,0.5,0.5,0.45396466384772716,True,0,M01368,3,T004,"POLYGON ((15400126.94 5073944.148, 15403126.94 5073944.148, 15403126.94 5070944.148, 15400126.94 5070944.148, 15400126.94 5073944.148))"
15401438.105,5066384.4325,2,喜山期|海西期,"{""喜山期"": 1085, ""海西期"": 1422}",0.6889514253223261,0.0,0.5,0.5,0.44113299886281415,True,0,M01600,7,T008,"POLYGON ((15400126.94 5067944.148, 15403126.94 5067944.148, 15403126.94 5064944.148, 15400126.94 5064944.148, 15400126.94 5067944.148))"
15404438.105,5066384.4325,2,喜山期|海西期,"{""喜山期"": 1134, ""海西期"": 1483}",0.689940874494019,0.0,0.5,0.5,0.44147930607290664,True,0,M01601,7,T008,"POLYGON ((15403126.94 5067944.148, 15406126.94 5067944.148, 15406126.94 5064944.148, 15403126.94 5064944.148, 15403126.94 5067944.148))"
15446438.105,5066384.4325,2,喜山期|海西期,"{""喜山期"": 1820, ""海西期"": 2337}",0.7552053311343694,0.0,0.5,0.5,0.4643218658970293,True,0,M01615,4,T005,"POLYGON ((15445126.94 5067944.148, 15448126.94 5067944.148, 15448126.94 5064944.148, 15445126.94 5064944.148, 15445126.94 5067944.148))"
15383438.105,5063384.4325,2,喜山期|海西期,"{""喜山期"": 792, ""海西期"": 1057}",0.6800306098075737,0.0,0.5,0.5,0.4380107134326508,True,0,M01710,8,T009,"POLYGON ((15382126.94 5064944.148, 15385126.94 5064944.148, 15385126.94 5061944.148, 15382126.94 5061944.148, 15382126.94 5064944.148))"
15386438.105,5063384.4325,2,喜山期|海西期,"{""喜山期"": 841, ""海西期"": 1118}",0.6746263656601115,0.0,0.5,0.5,0.436119227981039,True,0,M01711,8,T009,"POLYGON ((15385126.94 5064944.148, 15388126.94 5064944.148, 15388126.94 5061944.148, 15385126.94 5061944.148, 15385126.94 5064944.148))"
15401438.105,5063384.4325,2,喜山期|海西期,"{""喜山期"": 1086, ""海西期"": 1423}",0.6990482149485172,0.0,0.5,0.5,0.444666875231981,True,0,M01716,7,T008,"POLYGON ((15400126.94 5064944.148, 15403126.94 5064944.148, 15403126.94 5061944.148, 15400126.94 5061944.148, 15400126.94 5064944.148))"
15404438.105,5063384.4325,2,喜山期|海西期,"{""喜山期"": 1135, ""海西期"": 1484}",0.7109315284002488,0.0,0.5,0.5,0.44882603494008705,True,0,M01717,7,T008,"POLYGON ((15403126.94 5064944.148, 15406126.94 5064944.148, 15406126.94 5061944.148, 15403126.94 5061944.148, 15403126.94 5064944.148))"
15443438.105,5063384.4325,2,喜山期|海西期,"{""喜山期"": 1772, ""海西期"": 2277}",0.7528431113309013,0.0,0.5,0.3333333333333333,0.4384950889658154,True,0,M01730,4,T005,"POLYGON ((15442126.94 5064944.148, 15445126.94 5064944.148, 15445126.94 5061944.148, 15442126.94 5061944.148, 15442126.94 5064944.148))"
15446438.105,5063384.4325,2,喜山期|海西期,"{""喜山期"": 1821, ""海西期"": 2338}",0.7781776340784481,0.0,0.5,0.5,0.47236217192745683,True,0,M01731,4,T005,"POLYGON ((15445126.94 5064944.148, 15448126.94 5064944.148, 15448126.94 5061944.148, 15445126.94 5061944.148, 15445126.94 5064944.148))"
15449438.105,5063384.4325,2,喜山期|海西期,"{""喜山期"": 1870, ""海西期"": 2399}",0.7359278027761023,0.0,0.5,0.5,0.4575747309716358,True,0,M01732,4,T005,"POLYGON ((15448126.94 5064944.148, 15451126.94 5064944.148, 15451126.94 5061944.148, 15448126.94 5061944.148, 15448126.94 5064944.148))"
15383438.105,5060384.4325,2,喜山期|海西期,"{""喜山期"": 793, ""海西期"": 1058}",0.6959937254321451,0.0,0.5,0.5,0.44359780390125075,True,0,M01826,8,T009,"POLYGON ((15382126.94 5061944.148, 15385126.94 5061944.148, 15385126.94 5058944.148, 15382126.94 5058944.148, 15382126.94 5061944.148))"
15386438.105,5060384.4325,2,喜山期|海西期,"{""喜山期"": 842, ""海西期"": 1119}",0.6771782441058785,0.0,0.5,0.5,0.43701238543705745,True,0,M01827,8,T009,"POLYGON ((15385126.94 5061944.148, 15388126.94 5061944.148, 15388126.94 5058944.148, 15385126.94 5058944.148, 15385126.94 5061944.148))"
15401438.105,5060384.4325,2,喜山期|海西期,"{""喜山期"": 1087, ""海西期"": 1424}",0.7004989799549483,0.0,0.5,0.5,0.44517464298423187,True,0,M01832,7,T008,"POLYGON ((15400126.94 5061944.148, 15403126.94 5061944.148, 15403126.94 5058944.148, 15400126.94 5058944.148, 15400126.94 5061944.148))"
15404438.105,5060384.4325,2,喜山期|海西期,"{""喜山期"": 1136, ""海西期"": 1485}",0.8027059944347432,0.0,0.5,0.5,0.4809470980521601,True,0,M01833,7,T008,"POLYGON ((15403126.94 5061944.148, 15406126.94 5061944.148, 15406126.94 5058944.148, 15403126.94 5058944.148, 15403126.94 5061944.148))"
15407438.105,5060384.4325,2,喜山期|海西期,"{""喜山期"": 1185, ""海西期"": 1546}",0.8090172017389164,0.0,0.5,0.5,0.48315602060862073,True,0,M01834,7,T008,"POLYGON ((15406126.94 5061944.148, 15409126.94 5061944.148, 15409126.94 5058944.148, 15406126.94 5058944.148, 15406126.94 5061944.148))"
15410438.105,5060384.4325,2,喜山期|海西期,"{""喜山期"": 1234, ""海西期"": 1607}",0.808429545462911,0.0,0.5,0.5,0.4829503409120188,True,0,M01835,7,T008,"POLYGON ((15409126.94 5061944.148, 15412126.94 5061944.148, 15412126.94 5058944.148, 15409126.94 5058944.148, 15409126.94 5061944.148))"
15413438.105,5060384.4325,2,喜山期|海西期,"{""喜山期"": 1283, ""海西期"": 1668}",0.7355634750353834,0.0,0.5,0.5,0.4574472162623842,True,0,M01836,5,T006,"POLYGON ((15412126.94 5061944.148, 15415126.94 5061944.148, 15415126.94 5058944.148, 15412126.94 5058944.148, 15412126.94 5061944.148))"
15416438.105,5060384.4325,2,喜山期|海西期,"{""喜山期"": 1332, ""海西期"": 1729}",0.7362461695460418,0.0,0.5,0.5,0.4576861593411146,True,0,M01837,5,T006,"POLYGON ((15415126.94 5061944.148, 15418126.94 5061944.148, 15418126.94 5058944.148, 15415126.94 5058944.148, 15415126.94 5061944.148))"
15419438.105,5060384.4325,2,喜山期|海西期,"{""喜山期"": 1381, ""海西期"": 1790}",0.7359263577910362,0.0,0.5,0.5,0.4575742252268627,True,0,M01838,5,T006,"POLYGON ((15418126.94 5061944.148, 15421126.94 5061944.148, 15421126.94 5058944.148, 15418126.94 5058944.148, 15418126.94 5061944.148))"
15422438.105,5060384.4325,2,喜山期|海西期,"{""喜山期"": 1430, ""海西期"": 1851}",0.7347574171008835,0.0,0.5,0.5,0.45716509598530924,True,0,M01839,5,T006,"POLYGON ((15421126.94 5061944.148, 15424126.94 5061944.148, 15424126.94 5058944.148, 15421126.94 5058944.148, 15421126.94 5061944.148))"
15425438.105,5060384.4325,2,喜山期|海西期,"{""喜山期"": 1479, ""海西期"": 1912}",0.7342280999207422,0.0,0.5,0.5,0.4569798349722598,True,0,M01840,6,T007,"POLYGON ((15424126.94 5061944.148, 15427126.94 5061944.148, 15427126.94 5058944.148, 15424126.94 5058944.148, 15424126.94 5061944.148))"
15428438.105,5060384.4325,2,喜山期|海西期,"{""喜山期"": 1528, ""海西期"": 1973}",0.7323072795313413,0.0,0.5,0.5,0.45630754783596944,True,0,M01841,6,T007,"POLYGON ((15427126.94 5061944.148, 15430126.94 5061944.148, 15430126.94 5058944.148, 15427126.94 5058944.148, 15427126.94 5061944.148))"
15431438.105,5060384.4325,2,喜山期|海西期,"{""喜山期"": 1577, ""海西期"": 2034}",0.7301488896694958,0.0,0.5,0.5,0.4555521113843235,True,0,M01842,6,T007,"POLYGON ((15430126.94 5061944.148, 15433126.94 5061944.148, 15433126.94 5058944.148, 15430126.94 5058944.148, 15430126.94 5061944.148))"
15434438.105,5060384.4325,2,喜山期|海西期,"{""喜山期"": 1626, ""海西期"": 2095}",0.7278240653831618,0.0,0.5,0.5,0.45473842288410665,True,0,M01843,6,T007,"POLYGON ((15433126.94 5061944.148, 15436126.94 5061944.148, 15436126.94 5058944.148, 15433126.94 5058944.148, 15433126.94 5061944.148))"
15437438.105,5060384.4325,2,喜山期|海西期,"{""喜山期"": 1675, ""海西期"": 2156}",0.7255964903327266,0.0,0.5,0.5,0.4539587716164543,True,0,M01844,4,T005,"POLYGON ((15436126.94 5061944.148, 15439126.94 5061944.148, 15439126.94 5058944.148, 15436126.94 5058944.148, 15436126.94 5061944.148))"
15440438.105,5060384.4325,2,喜山期|海西期,"{""喜山期"": 1724, ""海西期"": 2217}",0.7219904691670032,0.0,0.5,0.5,0.4526966642084511,True,0,M01845,4,T005,"POLYGON ((15439126.94 5061944.148, 15442126.94 5061944.148, 15442126.94 5058944.148, 15439126.94 5058944.148, 15439126.94 5061944.148))"
15443438.105,5060384.4325,2,喜山期|海西期,"{""喜山期"": 1773, ""海西期"": 2278}",0.7919687804634437,0.0,0.5,0.5,0.47718907316220527,True,0,M01846,4,T005,"POLYGON ((15442126.94 5061944.148, 15445126.94 5061944.148, 15445126.94 5058944.148, 15442126.94 5058944.148, 15442126.94 5061944.148))"
15446438.105,5060384.4325,2,喜山期|海西期,"{""喜山期"": 1822, ""海西期"": 2339}",0.7882602175863984,0.0,0.5,0.5,0.47589107615523946,True,0,M01847,4,T005,"POLYGON ((15445126.94 5061944.148, 15448126.94 5061944.148, 15448126.94 5058944.148, 15445126.94 5058944.148, 15445126.94 5061944.148))"
15449438.105,5060384.4325,2,喜山期|海西期,"{""喜山期"": 1871, ""海西期"": 2400}",0.7367336517970988,0.0,0.5,0.5,0.45785677812898457,True,0,M01848,4,T005,"POLYGON ((15448126.94 5061944.148, 15451126.94 5061944.148, 15451126.94 5058944.148, 15448126.94 5058944.148, 15448126.94 5061944.148))"
15374438.105,5057384.4325,2,喜山期|海西期,"{""喜山期"": 647, ""海西期"": 876}",0.7603262885710287,0.0,0.5,0.5,0.46611420099986,True,0,M01939,8,T009,"POLYGON ((15373126.94 5058944.148, 15376126.94 5058944.148, 15376126.94 5055944.148, 15373126.94 5055944.148, 15373126.94 5058944.148))"
15377438.105,5057384.4325,2,喜山期|海西期,"{""喜山期"": 696, ""海西期"": 937}",0.7531537657106685,0.0,0.5,0.5,0.46360381799873396,True,0,M01940,8,T009,"POLYGON ((15376126.94 5058944.148, 15379126.94 5058944.148, 15379126.94 5055944.148, 15376126.94 5055944.148, 15376126.94 5058944.148))"
15383438.105,5057384.4325,2,喜山期|海西期,"{""喜山期"": 794, ""海西期"": 1059}",0.7103297182343784,0.0,0.5,0.5,0.44861540138203243,True,0,M01942,8,T009,"POLYGON ((15382126.94 5058944.148, 15385126.94 5058944.148, 15385126.94 5055944.148, 15382126.94 5055944.148, 15382126.94 5058944.148))"
15404438.105,5057384.4325,2,喜山期|海西期,"{""喜山期"": 1137, ""海西期"": 1486}",0.8181297998499204,0.0,0.5,0.5,0.48634542994747215,True,0,M01949,7,T008,"POLYGON ((15403126.94 5058944.148, 15406126.94 5058944.148, 15406126.94 5055944.148, 15403126.94 5055944.148, 15403126.94 5058944.148))"
15407438.105,5057384.4325,2,喜山期|海西期,"{""喜山期"": 1186, ""海西期"": 1547}",0.8234343400278172,0.0,0.5,0.5,0.48820201900973603,True,0,M01950,7,T008,"POLYGON ((15406126.94 5058944.148, 15409126.94 5058944.148, 15409126.94 5055944.148, 15406126.94 5055944.148, 15406126.94 5058944.148))"
15410438.105,5057384.4325,2,喜山期|海西期,"{""喜山期"": 1235, ""海西期"": 1608}",0.8134779750949238,0.0,0.5,0.5,0.48471729128322333,True,0,M01951,7,T008,"POLYGON ((15409126.94 5058944.148, 15412126.94 5058944.148, 15412126.94 5055944.148, 15409126.94 5055944.148, 15409126.94 5058944.148))"
15446438.105,5057384.4325,2,喜山期|海西期,"{""喜山期"": 1823, ""海西期"": 2340}",0.8050707908380883,0.0,0.5,0.5,0.4817747767933309,True,0,M01963,4,T005,"POLYGON ((15445126.94 5058944.148, 15448126.94 5058944.148, 15448126.94 5055944.148, 15445126.94 5055944.148, 15445126.94 5058944.148))"
15449438.105,5057384.4325,2,喜山期|海西期,"{""喜山期"": 1872, ""海西期"": 2401}",0.7916381400251711,0.0,0.5,0.5,0.4770733490088099,True,0,M01964,10,T012,"POLYGON ((15448126.94 5058944.148, 15451126.94 5058944.148, 15451126.94 5055944.148, 15448126.94 5055944.148, 15448126.94 5058944.148))"
15485438.105,5057384.4325,2,喜山期|海西期,"{""喜山期"": 2460, ""海西期"": 3133}",0.6740883611601147,0.0,0.5,0.5,0.43593092640604014,True,0,M01976,53,T011,"POLYGON ((15484126.94 5058944.148, 15487126.94 5058944.148, 15487126.94 5055944.148, 15484126.94 5055944.148, 15484126.94 5058944.148))"
15488438.105,5057384.4325,2,喜山期|海西期,"{""喜山期"": 2509, ""海西期"": 3194}",0.7032558895949834,0.0,0.5,0.5,0.44613956135824423,True,0,M01977,53,T011,"POLYGON ((15487126.94 5058944.148, 15490126.94 5058944.148, 15490126.94 5055944.148, 15487126.94 5055944.148, 15487126.94 5058944.148))"
15374438.105,5054384.4325,2,喜山期|海西期,"{""喜山期"": 648, ""海西期"": 877}",0.7614513574254375,0.0,0.5,0.5,0.4665079750989031,True,0,M02055,8,T009,"POLYGON ((15373126.94 5055944.148, 15376126.94 5055944.148, 15376126.94 5052944.148, 15373126.94 5052944.148, 15373126.94 5055944.148))"
15377438.105,5054384.4325,2,喜山期|海西期,"{""喜山期"": 697, ""海西期"": 938}",0.7844197258318661,0.0,0.5,0.5,0.47454690404115313,True,0,M02056,8,T009,"POLYGON ((15376126.94 5055944.148, 15379126.94 5055944.148, 15379126.94 5052944.148, 15376126.94 5052944.148, 15376126.94 5055944.148))"
15380438.105,5054384.4325,2,喜山期|海西期,"{""喜山期"": 746, ""海西期"": 999}",0.8023272342528213,0.0,0.5,0.5,0.48081453198848745,True,0,M02057,8,T009,"POLYGON ((15379126.94 5055944.148, 15382126.94 5055944.148, 15382126.94 5052944.148, 15379126.94 5052944.148, 15379126.94 5055944.148))"
15383438.105,5054384.4325,2,喜山期|海西期,"{""喜山期"": 795, ""海西期"": 1060}",0.8005342689275883,0.0,0.5,0.5,0.4801869941246559,True,0,M02058,8,T009,"POLYGON ((15382126.94 5055944.148, 15385126.94 5055944.148, 15385126.94 5052944.148, 15382126.94 5052944.148, 15382126.94 5055944.148))"
15386438.105,5054384.4325,2,喜山期|海西期,"{""喜山期"": 844, ""海西期"": 1121}",0.7323000720154691,0.0,0.5,0.5,0.45630502520541416,True,0,M02059,8,T009,"POLYGON ((15385126.94 5055944.148, 15388126.94 5055944.148, 15388126.94 5052944.148, 15385126.94 5052944.148, 15385126.94 5055944.148))"
15389438.105,5054384.4325,2,喜山期|海西期,"{""喜山期"": 893, ""海西期"": 1182}",0.7356593663335093,0.0,0.5,0.5,0.4574807782167282,True,0,M02060,8,T009,"POLYGON ((15388126.94 5055944.148, 15391126.94 5055944.148, 15391126.94 5052944.148, 15388126.94 5052944.148, 15388126.94 5055944.148))"
15392438.105,5054384.4325,2,喜山期|海西期,"{""喜山期"": 942, ""海西期"": 1243}",0.7391811953573053,0.0,0.5,0.5,0.45871341837505686,True,0,M02061,9,T010,"POLYGON ((15391126.94 5055944.148, 15394126.94 5055944.148, 15394126.94 5052944.148, 15391126.94 5052944.148, 15391126.94 5055944.148))"
15395438.105,5054384.4325,2,喜山期|海西期,"{""喜山期"": 991, ""海西期"": 1304}",0.7446519088178112,0.0,0.5,0.5,0.4606281680862339,True,0,M02062,9,T010,"POLYGON ((15394126.94 5055944.148, 15397126.94 5055944.148, 15397126.94 5052944.148, 15394126.94 5052944.148, 15394126.94 5055944.148))"
15398438.105,5054384.4325,2,喜山期|海西期,"{""喜山期"": 1040, ""海西期"": 1365}",0.7490509308240633,0.0,0.5,0.5,0.46216782578842214,True,0,M02063,9,T010,"POLYGON ((15397126.94 5055944.148, 15400126.94 5055944.148, 15400126.94 5052944.148, 15397126.94 5052944.148, 15397126.94 5055944.148))"
15401438.105,5054384.4325,2,喜山期|海西期,"{""喜山期"": 1089, ""海西期"": 1426}",0.7528083794609375,0.0,0.5,0.5,0.46348293281132813,True,0,M02064,9,T010,"POLYGON ((15400126.94 5055944.148, 15403126.94 5055944.148, 15403126.94 5052944.148, 15400126.94 5052944.148, 15400126.94 5055944.148))"
15404438.105,5054384.4325,2,喜山期|海西期,"{""喜山期"": 1138, ""海西期"": 1487}",0.8300995860826599,0.0,0.5,0.5,0.49053485512893097,True,0,M02065,7,T008,"POLYGON ((15403126.94 5055944.148, 15406126.94 5055944.148, 15406126.94 5052944.148, 15403126.94 5052944.148, 15403126.94 5055944.148))"
15407438.105,5054384.4325,2,喜山期|海西期,"{""喜山期"": 1187, ""海西期"": 1548}",0.8280084663689549,0.0,0.5,0.5,0.4898029632291342,True,0,M02066,7,T008,"POLYGON ((15406126.94 5055944.148, 15409126.94 5055944.148, 15409126.94 5052944.148, 15406126.94 5052944.148, 15406126.94 5055944.148))"
15410438.105,5054384.4325,2,喜山期|海西期,"{""喜山期"": 1236, ""海西期"": 1609}",0.7034774945938657,0.0,0.5,0.5,0.44621712310785294,True,0,M02067,7,T008,"POLYGON ((15409126.94 5055944.148, 15412126.94 5055944.148, 15412126.94 5052944.148, 15409126.94 5052944.148, 15409126.94 5055944.148))"
15446438.105,5054384.4325,2,喜山期|海西期,"{""喜山期"": 1824, ""海西期"": 2341}",0.8158757972412871,0.0,0.5,0.5,0.48555652903445046,True,0,M02079,10,T012,"POLYGON ((15445126.94 5055944.148, 15448126.94 5055944.148, 15448126.94 5052944.148, 15445126.94 5052944.148, 15445126.94 5055944.148))"
15449438.105,5054384.4325,2,喜山期|海西期,"{""喜山期"": 1873, ""海西期"": 2402}",0.8066765348452304,0.0,0.5,0.5,0.4823367871958306,True,0,M02080,10,T012,"POLYGON ((15448126.94 5055944.148, 15451126.94 5055944.148, 15451126.94 5052944.148, 15448126.94 5052944.148, 15448126.94 5055944.148))"
15485438.105,5054384.4325,2,喜山期|海西期,"{""喜山期"": 2461, ""海西期"": 3134}",0.7177405591739042,0.0,0.5,0.5,0.4512091957108665,True,0,M02092,53,T011,"POLYGON ((15484126.94 5055944.148, 15487126.94 5055944.148, 15487126.94 5052944.148, 15484126.94 5052944.148, 15484126.94 5055944.148))"
15488438.105,5054384.4325,2,喜山期|海西期,"{""喜山期"": 2510, ""海西期"": 3195}",0.7117246859259051,0.0,0.5,0.5,0.4491036400740668,True,0,M02093,53,T011,"POLYGON ((15487126.94 5055944.148, 15490126.94 5055944.148, 15490126.94 5052944.148, 15487126.94 5052944.148, 15487126.94 5055944.148))"
15365438.105,5051384.4325,2,喜山期|海西期,"{""喜山期"": 502, ""海西期"": 695}",0.678002790885442,0.0,0.5,0.5,0.4373009768099047,True,0,M02168,11,T013,"POLYGON ((15364126.94 5052944.148, 15367126.94 5052944.148, 15367126.94 5049944.148, 15364126.94 5049944.148, 15364126.94 5052944.148))"
15368438.105,5051384.4325,2,喜山期|海西期,"{""喜山期"": 551, ""海西期"": 756}",0.6914746477991907,0.0,0.5,0.5,0.44201612672971674,True,0,M02169,11,T013,"POLYGON ((15367126.94 5052944.148, 15370126.94 5052944.148, 15370126.94 5049944.148, 15367126.94 5049944.148, 15367126.94 5052944.148))"
15371438.105,5051384.4325,2,喜山期|海西期,"{""喜山期"": 600, ""海西期"": 817}",0.7017444874441492,0.0,0.5,0.5,0.4456105706054522,True,0,M02170,11,T013,"POLYGON ((15370126.94 5052944.148, 15373126.94 5052944.148, 15373126.94 5049944.148, 15370126.94 5049944.148, 15370126.94 5052944.148))"
15374438.105,5051384.4325,2,喜山期|海西期,"{""喜山期"": 649, ""海西期"": 878}",0.7890746320610402,0.0,0.5,0.5,0.47617612122136405,True,0,M02171,8,T009,"POLYGON ((15373126.94 5052944.148, 15376126.94 5052944.148, 15376126.94 5049944.148, 15373126.94 5049944.148, 15373126.94 5052944.148))"
15377438.105,5051384.4325,2,喜山期|海西期,"{""喜山期"": 698, ""海西期"": 939}",0.7998159894834932,0.0,0.5,0.5,0.4799355963192226,True,0,M02172,8,T009,"POLYGON ((15376126.94 5052944.148, 15379126.94 5052944.148, 15379126.94 5049944.148, 15376126.94 5049944.148, 15376126.94 5052944.148))"
15380438.105,5051384.4325,2,喜山期|海西期,"{""喜山期"": 747, ""海西期"": 1000}",0.8104175837720765,0.0,0.5,0.5,0.4836461543202268,True,0,M02173,8,T009,"POLYGON ((15379126.94 5052944.148, 15382126.94 5052944.148, 15382126.94 5049944.148, 15379126.94 5049944.148, 15379126.94 5052944.148))"
15383438.105,5051384.4325,2,喜山期|海西期,"{""喜山期"": 796, ""海西期"": 1061}",0.8032081180405066,0.0,0.5,0.5,0.4811228413141773,True,0,M02174,8,T009,"POLYGON ((15382126.94 5052944.148, 15385126.94 5052944.148, 15385126.94 5049944.148, 15382126.94 5049944.148, 15382126.94 5052944.148))"
15386438.105,5051384.4325,2,喜山期|海西期,"{""喜山期"": 845, ""海西期"": 1122}",0.7653334577860917,0.0,0.5,0.3333333333333333,0.4428667102251321,True,0,M02175,8,T009,"POLYGON ((15385126.94 5052944.148, 15388126.94 5052944.148, 15388126.94 5049944.148, 15385126.94 5049944.148, 15385126.94 5052944.148))"
15407438.105,5051384.4325,2,喜山期|海西期,"{""喜山期"": 1188, ""海西期"": 1549}",0.7423725232184974,0.0,0.5,0.5,0.4598303831264741,True,0,M02182,12,T015,"POLYGON ((15406126.94 5052944.148, 15409126.94 5052944.148, 15409126.94 5049944.148, 15406126.94 5049944.148, 15406126.94 5052944.148))"
15410438.105,5051384.4325,2,喜山期|海西期,"{""喜山期"": 1237, ""海西期"": 1610}",0.7184681178594483,0.0,0.5,1.0,0.5264638412508069,True,0,M02183,12,T015,"POLYGON ((15409126.94 5052944.148, 15412126.94 5052944.148, 15412126.94 5049944.148, 15409126.94 5049944.148, 15409126.94 5052944.148))"
15446438.105,5051384.4325,2,喜山期|海西期,"{""喜山期"": 1825, ""海西期"": 2342}",0.8207052507026705,0.0,0.5,0.5,0.4872468377459347,True,0,M02195,10,T012,"POLYGON ((15445126.94 5052944.148, 15448126.94 5052944.148, 15448126.94 5049944.148, 15445126.94 5049944.148, 15445126.94 5052944.148))"
15449438.105,5051384.4325,2,喜山期|海西期,"{""喜山期"": 1874, ""海西期"": 2403}",0.8171336654461144,0.0,0.5,0.5,0.48599678290614007,True,0,M02196,10,T012,"POLYGON ((15448126.94 5052944.148, 15451126.94 5052944.148, 15451126.94 5049944.148, 15448126.94 5049944.148, 15448126.94 5052944.148))"
15452438.105,5051384.4325,2,喜山期|海西期,"{""喜山期"": 1923, ""海西期"": 2464}",0.7278879929152456,0.0,0.5,0.5,0.454760797520336,True,0,M02197,10,T012,"POLYGON ((15451126.94 5052944.148, 15454126.94 5052944.148, 15454126.94 5049944.148, 15451126.94 5049944.148, 15451126.94 5052944.148))"
15455438.105,5051384.4325,2,喜山期|海西期,"{""喜山期"": 1972, ""海西期"": 2525}",0.6861335651676326,0.0,0.5,0.5,0.4401467478086714,True,0,M02198,10,T012,"POLYGON ((15454126.94 5052944.148, 15457126.94 5052944.148, 15457126.94 5049944.148, 15454126.94 5049944.148, 15454126.94 5052944.148))"
15482438.105,5051384.4325,2,喜山期|海西期,"{""喜山期"": 2413, ""海西期"": 3074}",0.7042258749919295,0.0,0.5,0.5,0.44647905624717527,True,0,M02207,53,T011,"POLYGON ((15481126.94 5052944.148, 15484126.94 5052944.148, 15484126.94 5049944.148, 15481126.94 5049944.148, 15481126.94 5052944.148))"
15485438.105,5051384.4325,2,喜山期|海西期,"{""喜山期"": 2462, ""海西期"": 3135}",0.7312049300204426,0.0,0.5,0.5,0.45592172550715493,True,0,M02208,53,T011,"POLYGON ((15484126.94 5052944.148, 15487126.94 5052944.148, 15487126.94 5049944.148, 15484126.94 5049944.148, 15484126.94 5052944.148))"
15488438.105,5051384.4325,2,喜山期|海西期,"{""喜山期"": 2511, ""海西期"": 3196}",0.7029251098810416,0.0,0.5,0.5,0.4460237884583646,True,0,M02209,53,T011,"POLYGON ((15487126.94 5052944.148, 15490126.94 5052944.148, 15490126.94 5049944.148, 15487126.94 5049944.148, 15487126.94 5052944.148))"
15350438.105,5048384.4325,2,喜山期|海西期,"{""喜山期"": 258, ""海西期"": 391}",0.6873252600202129,0.0,0.5,0.5,0.4405638410070745,True,0,M02279,54,T014,"POLYGON ((15349126.94 5049944.148, 15352126.94 5049944.148, 15352126.94 5046944.148, 15349126.94 5046944.148, 15349126.94 5049944.148))"
15353438.105,5048384.4325,2,喜山期|海西期,"{""喜山期"": 307, ""海西期"": 452}",0.7066332375216213,0.0,0.5,0.5,0.44732163313256745,True,0,M02280,54,T014,"POLYGON ((15352126.94 5049944.148, 15355126.94 5049944.148, 15355126.94 5046944.148, 15352126.94 5046944.148, 15352126.94 5049944.148))"
15365438.105,5048384.4325,2,喜山期|海西期,"{""喜山期"": 503, ""海西期"": 696}",0.6744143184540161,0.0,0.5,0.5,0.4360450114589057,True,0,M02284,11,T013,"POLYGON ((15364126.94 5049944.148, 15367126.94 5049944.148, 15367126.94 5046944.148, 15364126.94 5046944.148, 15364126.94 5049944.148))"
15368438.105,5048384.4325,2,喜山期|海西期,"{""喜山期"": 552, ""海西期"": 757}",0.6801643144498407,0.0,0.5,0.5,0.43805751005744425,True,0,M02285,11,T013,"POLYGON ((15367126.94 5049944.148, 15370126.94 5049944.148, 15370126.94 5046944.148, 15367126.94 5046944.148, 15367126.94 5049944.148))"
15371438.105,5048384.4325,2,喜山期|海西期,"{""喜山期"": 601, ""海西期"": 818}",0.6903408045776331,0.0,0.5,0.5,0.4416192816021716,True,0,M02286,11,T013,"POLYGON ((15370126.94 5049944.148, 15373126.94 5049944.148, 15373126.94 5046944.148, 15370126.94 5046944.148, 15370126.94 5049944.148))"
15374438.105,5048384.4325,2,喜山期|海西期,"{""喜山期"": 650, ""海西期"": 879}",0.7114483804080121,0.0,0.5,0.5,0.4490069331428042,True,0,M02287,11,T013,"POLYGON ((15373126.94 5049944.148, 15376126.94 5049944.148, 15376126.94 5046944.148, 15373126.94 5046944.148, 15373126.94 5049944.148))"
15380438.105,5048384.4325,2,喜山期|海西期,"{""喜山期"": 748, ""海西期"": 1001}",0.773452358817498,0.0,0.5,0.5,0.4707083255861243,True,0,M02289,8,T009,"POLYGON ((15379126.94 5049944.148, 15382126.94 5049944.148, 15382126.94 5046944.148, 15379126.94 5046944.148, 15379126.94 5049944.148))"
15383438.105,5048384.4325,2,喜山期|海西期,"{""喜山期"": 797, ""海西期"": 1062}",0.8084615614573287,0.0,0.5,0.5,0.48296154651006507,True,0,M02290,8,T009,"POLYGON ((15382126.94 5049944.148, 15385126.94 5049944.148, 15385126.94 5046944.148, 15382126.94 5046944.148, 15382126.94 5049944.148))"
15404438.105,5048384.4325,2,喜山期|海西期,"{""喜山期"": 1140, ""海西期"": 1489}",0.7276793231441243,0.0,0.5,0.8333333333333333,0.5046877631004435,True,0,M02297,12,T015,"POLYGON ((15403126.94 5049944.148, 15406126.94 5049944.148, 15406126.94 5046944.148, 15403126.94 5046944.148, 15403126.94 5049944.148))"
15407438.105,5048384.4325,2,喜山期|海西期,"{""喜山期"": 1189, ""海西期"": 1550}",0.7468732861009746,0.0,0.5,1.0,0.5364056501353411,True,0,M02298,12,T015,"POLYGON ((15406126.94 5049944.148, 15409126.94 5049944.148, 15409126.94 5046944.148, 15406126.94 5046944.148, 15406126.94 5049944.148))"
15410438.105,5048384.4325,2,喜山期|海西期,"{""喜山期"": 1238, ""海西期"": 1611}",0.7199280402411179,0.0,0.5,1.0,0.5269748140843913,True,0,M02299,12,T015,"POLYGON ((15409126.94 5049944.148, 15412126.94 5049944.148, 15412126.94 5046944.148, 15409126.94 5046944.148, 15409126.94 5049944.148))"
15446438.105,5048384.4325,2,喜山期|海西期,"{""喜山期"": 1826, ""海西期"": 2343}",0.7404896902678241,0.0,0.5,0.5,0.45917139159373843,True,0,M02311,10,T012,"POLYGON ((15445126.94 5049944.148, 15448126.94 5049944.148, 15448126.94 5046944.148, 15445126.94 5046944.148, 15445126.94 5049944.148))"
15449438.105,5048384.4325,2,喜山期|海西期,"{""喜山期"": 1875, ""海西期"": 2404}",0.7440161850265324,0.0,0.5,0.5,0.46040566475928635,True,0,M02312,10,T012,"POLYGON ((15448126.94 5049944.148, 15451126.94 5049944.148, 15451126.94 5046944.148, 15448126.94 5046944.148, 15448126.94 5049944.148))"
15452438.105,5048384.4325,2,喜山期|海西期,"{""喜山期"": 1924, ""海西期"": 2465}",0.813807187957589,0.0,0.5,0.5,0.4848325157851561,True,0,M02313,10,T012,"POLYGON ((15451126.94 5049944.148, 15454126.94 5049944.148, 15454126.94 5046944.148, 15451126.94 5046944.148, 15451126.94 5049944.148))"
15455438.105,5048384.4325,2,喜山期|海西期,"{""喜山期"": 1973, ""海西期"": 2526}",0.7957929595552411,0.0,0.5,0.5,0.4785275358443344,True,0,M02314,10,T012,"POLYGON ((15454126.94 5049944.148, 15457126.94 5049944.148, 15457126.94 5046944.148, 15454126.94 5046944.148, 15454126.94 5049944.148))"
15467438.105,5048384.4325,2,喜山期|海西期,"{""喜山期"": 2169, ""海西期"": 2770}",0.7068824191029711,0.0,0.5,0.5,0.4474088466860399,True,0,M02318,13,T016,"POLYGON ((15466126.94 5049944.148, 15469126.94 5049944.148, 15469126.94 5046944.148, 15466126.94 5046944.148, 15466126.94 5049944.148))"
15482438.105,5048384.4325,2,喜山期|海西期,"{""喜山期"": 2414, ""海西期"": 3075}",0.6847907910330742,0.0,0.5,0.5,0.43967677686157597,True,0,M02323,53,T011,"POLYGON ((15481126.94 5049944.148, 15484126.94 5049944.148, 15484126.94 5046944.148, 15481126.94 5046944.148, 15481126.94 5049944.148))"
15485438.105,5048384.4325,2,喜山期|海西期,"{""喜山期"": 2463, ""海西期"": 3136}",0.6909268940023618,0.0,0.5,0.5,0.44182441290082664,True,0,M02324,53,T011,"POLYGON ((15484126.94 5049944.148, 15487126.94 5049944.148, 15487126.94 5046944.148, 15484126.94 5046944.148, 15484126.94 5049944.148))"
15350438.105,5045384.4325,2,喜山期|海西期,"{""喜山期"": 259, ""海西期"": 392}",0.6847881796142801,0.0,0.5,0.5,0.439675862864998,True,0,M02395,54,T014,"POLYGON ((15349126.94 5046944.148, 15352126.94 5046944.148, 15352126.94 5043944.148, 15349126.94 5043944.148, 15349126.94 5046944.148))"
15353438.105,5045384.4325,2,喜山期|海西期,"{""喜山期"": 308, ""海西期"": 453}",0.6847443948258293,0.0,0.5,0.5,0.4396605381890402,True,0,M02396,54,T014,"POLYGON ((15352126.94 5046944.148, 15355126.94 5046944.148, 15355126.94 5043944.148, 15352126.94 5043944.148, 15352126.94 5046944.148))"
15374438.105,5045384.4325,2,喜山期|海西期,"{""喜山期"": 651, ""海西期"": 880}",0.7074859179863284,0.0,0.5,0.5,0.4476200712952149,True,0,M02403,11,T013,"POLYGON ((15373126.94 5046944.148, 15376126.94 5046944.148, 15376126.94 5043944.148, 15373126.94 5043944.148, 15373126.94 5046944.148))"
15383438.105,5045384.4325,2,喜山期|海西期,"{""喜山期"": 798, ""海西期"": 1063}",0.7426194241607671,0.0,0.5,0.5,0.4599167984562685,True,0,M02406,14,T017,"POLYGON ((15382126.94 5046944.148, 15385126.94 5046944.148, 15385126.94 5043944.148, 15382126.94 5043944.148, 15382126.94 5046944.148))"
15404438.105,5045384.4325,2,喜山期|海西期,"{""喜山期"": 1141, ""海西期"": 1490}",0.7324137557803133,0.0,0.5,0.8333333333333333,0.5063448145231096,True,0,M02413,12,T015,"POLYGON ((15403126.94 5046944.148, 15406126.94 5046944.148, 15406126.94 5043944.148, 15403126.94 5043944.148, 15403126.94 5046944.148))"
15407438.105,5045384.4325,2,喜山期|海西期,"{""喜山期"": 1190, ""海西期"": 1551}",0.75438682543695,0.0,0.5,1.0,0.5390353889029325,True,0,M02414,12,T015,"POLYGON ((15406126.94 5046944.148, 15409126.94 5046944.148, 15409126.94 5043944.148, 15406126.94 5043944.148, 15406126.94 5046944.148))"
15410438.105,5045384.4325,2,喜山期|海西期,"{""喜山期"": 1239, ""海西期"": 1612}",0.7344977027970633,0.0,0.5,0.8333333333333333,0.5070741959789721,True,0,M02415,12,T015,"POLYGON ((15409126.94 5046944.148, 15412126.94 5046944.148, 15412126.94 5043944.148, 15409126.94 5043944.148, 15409126.94 5046944.148))"
15413438.105,5045384.4325,2,喜山期|海西期,"{""喜山期"": 1288, ""海西期"": 1673}",0.6854207522935469,0.0,0.5,0.5,0.4398972633027414,True,0,M02416,12,T015,"POLYGON ((15412126.94 5046944.148, 15415126.94 5046944.148, 15415126.94 5043944.148, 15412126.94 5043944.148, 15412126.94 5046944.148))"
15446438.105,5045384.4325,2,喜山期|海西期,"{""喜山期"": 1827, ""海西期"": 2344}",0.7500154496510001,0.0,0.5,0.5,0.46250540737785,True,0,M02427,10,T012,"POLYGON ((15445126.94 5046944.148, 15448126.94 5046944.148, 15448126.94 5043944.148, 15445126.94 5043944.148, 15445126.94 5046944.148))"
15452438.105,5045384.4325,2,喜山期|海西期,"{""喜山期"": 1925, ""海西期"": 2466}",0.8224265761056474,0.0,0.5,0.5,0.4878493016369766,True,0,M02429,10,T012,"POLYGON ((15451126.94 5046944.148, 15454126.94 5046944.148, 15454126.94 5043944.148, 15451126.94 5043944.148, 15451126.94 5046944.148))"
15455438.105,5045384.4325,2,喜山期|海西期,"{""喜山期"": 1974, ""海西期"": 2527}",0.8152356340380582,0.0,0.5,0.5,0.48533247191332035,True,0,M02430,10,T012,"POLYGON ((15454126.94 5046944.148, 15457126.94 5046944.148, 15457126.94 5043944.148, 15454126.94 5043944.148, 15454126.94 5046944.148))"
15458438.105,5045384.4325,2,喜山期|海西期,"{""喜山期"": 2023, ""海西期"": 2588}",0.7220021683232015,0.0,0.5,0.5,0.4527007589131205,True,0,M02431,13,T016,"POLYGON ((15457126.94 5046944.148, 15460126.94 5046944.148, 15460126.94 5043944.148, 15457126.94 5043944.148, 15457126.94 5046944.148))"
15461438.105,5045384.4325,2,喜山期|海西期,"{""喜山期"": 2072, ""海西期"": 2649}",0.7098748438993328,0.0,0.5,0.5,0.4484561953647665,True,0,M02432,13,T016,"POLYGON ((15460126.94 5046944.148, 15463126.94 5046944.148, 15463126.94 5043944.148, 15460126.94 5043944.148, 15460126.94 5046944.148))"
15464438.105,5045384.4325,2,喜山期|海西期,"{""喜山期"": 2121, ""海西期"": 2710}",0.7760731613099752,0.0,0.5,0.5,0.4716256064584913,True,0,M02433,13,T016,"POLYGON ((15463126.94 5046944.148, 15466126.94 5046944.148, 15466126.94 5043944.148, 15463126.94 5043944.148, 15463126.94 5046944.148))"
15467438.105,5045384.4325,2,喜山期|海西期,"{""喜山期"": 2170, ""海西期"": 2771}",0.7623161896922674,0.0,0.5,0.5,0.46681066639229357,True,0,M02434,13,T016,"POLYGON ((15466126.94 5046944.148, 15469126.94 5046944.148, 15469126.94 5043944.148, 15466126.94 5043944.148, 15466126.94 5046944.148))"
15470438.105,5045384.4325,2,喜山期|海西期,"{""喜山期"": 2219, ""海西期"": 2832}",0.7355786560833075,0.0,0.5,0.5,0.4574525296291576,True,0,M02435,13,T016,"POLYGON ((15469126.94 5046944.148, 15472126.94 5046944.148, 15472126.94 5043944.148, 15469126.94 5043944.148, 15469126.94 5046944.148))"
15374438.105,5042384.4325,2,喜山期|海西期,"{""喜山期"": 652, ""海西期"": 881}",0.7068599434918816,0.0,0.5,0.5,0.4474009802221586,True,0,M02519,11,T013,"POLYGON ((15373126.94 5043944.148, 15376126.94 5043944.148, 15376126.94 5040944.148, 15373126.94 5040944.148, 15373126.94 5043944.148))"
15383438.105,5042384.4325,2,喜山期|海西期,"{""喜山期"": 799, ""海西期"": 1064}",0.7476188983951164,0.0,0.5,0.5,0.46166661443829077,True,0,M02522,14,T017,"POLYGON ((15382126.94 5043944.148, 15385126.94 5043944.148, 15385126.94 5040944.148, 15382126.94 5040944.148, 15382126.94 5043944.148))"
15404438.105,5042384.4325,2,喜山期|海西期,"{""喜山期"": 1142, ""海西期"": 1491}",0.731724445675376,0.0,0.5,0.5,0.4561035559863816,True,0,M02529,17,T020,"POLYGON ((15403126.94 5043944.148, 15406126.94 5043944.148, 15406126.94 5040944.148, 15403126.94 5040944.148, 15403126.94 5043944.148))"
15407438.105,5042384.4325,2,喜山期|海西期,"{""喜山期"": 1191, ""海西期"": 1552}",0.7582140511840073,0.0,0.5,1.0,0.5403749179144025,True,0,M02530,12,T015,"POLYGON ((15406126.94 5043944.148, 15409126.94 5043944.148, 15409126.94 5040944.148, 15406126.94 5040944.148, 15406126.94 5043944.148))"
15410438.105,5042384.4325,2,喜山期|海西期,"{""喜山期"": 1240, ""海西期"": 1613}",0.7434660809527889,0.0,0.5,0.8333333333333333,0.5102131283334761,True,0,M02531,12,T015,"POLYGON ((15409126.94 5043944.148, 15412126.94 5043944.148, 15412126.94 5040944.148, 15409126.94 5040944.148, 15409126.94 5043944.148))"
15413438.105,5042384.4325,2,喜山期|海西期,"{""喜山期"": 1289, ""海西期"": 1674}",0.7075719555308706,0.0,0.5,0.5,0.4476501844358047,True,0,M02532,12,T015,"POLYGON ((15412126.94 5043944.148, 15415126.94 5043944.148, 15415126.94 5040944.148, 15412126.94 5040944.148, 15412126.94 5043944.148))"
15416438.105,5042384.4325,2,喜山期|海西期,"{""喜山期"": 1338, ""海西期"": 1735}",0.6859173396914666,0.0,0.5,0.5,0.4400710688920133,True,0,M02533,22,T026,"POLYGON ((15415126.94 5043944.148, 15418126.94 5043944.148, 15418126.94 5040944.148, 15415126.94 5040944.148, 15415126.94 5043944.148))"
15431438.105,5042384.4325,2,喜山期|海西期,"{""喜山期"": 1583, ""海西期"": 2040}",0.6766016776550194,0.0,0.5,0.5,0.4368105871792568,True,0,M02538,16,T019,"POLYGON ((15430126.94 5043944.148, 15433126.94 5043944.148, 15433126.94 5040944.148, 15430126.94 5040944.148, 15430126.94 5043944.148))"
15434438.105,5042384.4325,2,喜山期|海西期,"{""喜山期"": 1632, ""海西期"": 2101}",0.6745647013576492,0.0,0.5,0.5,0.4360976454751772,True,0,M02539,16,T019,"POLYGON ((15433126.94 5043944.148, 15436126.94 5043944.148, 15436126.94 5040944.148, 15433126.94 5040944.148, 15433126.94 5043944.148))"
15437438.105,5042384.4325,2,喜山期|海西期,"{""喜山期"": 1681, ""海西期"": 2162}",0.6855421658580221,0.0,0.5,0.5,0.4399397580503077,True,0,M02540,16,T019,"POLYGON ((15436126.94 5043944.148, 15439126.94 5043944.148, 15439126.94 5040944.148, 15436126.94 5040944.148, 15436126.94 5043944.148))"
15440438.105,5042384.4325,2,喜山期|海西期,"{""喜山期"": 1730, ""海西期"": 2223}",0.7068822275989262,0.0,0.5,0.5,0.44740877965962417,True,0,M02541,16,T019,"POLYGON ((15439126.94 5043944.148, 15442126.94 5043944.148, 15442126.94 5040944.148, 15439126.94 5040944.148, 15439126.94 5043944.148))"
15443438.105,5042384.4325,2,喜山期|海西期,"{""喜山期"": 1779, ""海西期"": 2284}",0.7315229137822924,0.0,0.5,1.0,0.5310330198238024,True,0,M02542,18,T022,"POLYGON ((15442126.94 5043944.148, 15445126.94 5043944.148, 15445126.94 5040944.148, 15442126.94 5040944.148, 15442126.94 5043944.148))"
15446438.105,5042384.4325,2,喜山期|海西期,"{""喜山期"": 1828, ""海西期"": 2345}",0.763429228610764,0.0,0.5,1.0,0.5422002300137674,True,0,M02543,18,T022,"POLYGON ((15445126.94 5043944.148, 15448126.94 5043944.148, 15448126.94 5040944.148, 15445126.94 5040944.148, 15445126.94 5043944.148))"
15449438.105,5042384.4325,2,喜山期|海西期,"{""喜山期"": 1877, ""海西期"": 2406}",0.7348876398514246,0.0,0.5,0.5,0.4572106739479986,True,0,M02544,15,T018,"POLYGON ((15448126.94 5043944.148, 15451126.94 5043944.148, 15451126.94 5040944.148, 15448126.94 5040944.148, 15448126.94 5043944.148))"
15452438.105,5042384.4325,2,喜山期|海西期,"{""喜山期"": 1926, ""海西期"": 2467}",0.8228061719415833,0.0,0.5,0.5,0.48798216017955415,True,0,M02545,15,T018,"POLYGON ((15451126.94 5043944.148, 15454126.94 5043944.148, 15454126.94 5040944.148, 15451126.94 5040944.148, 15451126.94 5043944.148))"
15455438.105,5042384.4325,2,喜山期|海西期,"{""喜山期"": 1975, ""海西期"": 2528}",0.8167255355074862,0.0,0.5,0.5,0.4858539374276202,True,0,M02546,15,T018,"POLYGON ((15454126.94 5043944.148, 15457126.94 5043944.148, 15457126.94 5040944.148, 15454126.94 5040944.148, 15454126.94 5043944.148))"
15458438.105,5042384.4325,2,喜山期|海西期,"{""喜山期"": 2024, ""海西期"": 2589}",0.7167982722256361,0.0,0.5,0.5,0.45087939527897264,True,0,M02547,15,T018,"POLYGON ((15457126.94 5043944.148, 15460126.94 5043944.148, 15460126.94 5040944.148, 15457126.94 5040944.148, 15457126.94 5043944.148))"
15461438.105,5042384.4325,2,喜山期|海西期,"{""喜山期"": 2073, ""海西期"": 2650}",0.6972630490607497,0.0,0.5,0.5,0.4440420671712624,True,0,M02548,13,T016,"POLYGON ((15460126.94 5043944.148, 15463126.94 5043944.148, 15463126.94 5040944.148, 15460126.94 5040944.148, 15460126.94 5043944.148))"
15464438.105,5042384.4325,2,喜山期|海西期,"{""喜山期"": 2122, ""海西期"": 2711}",0.7790037302998296,0.0,0.5,0.5,0.47265130560494034,True,0,M02549,13,T016,"POLYGON ((15463126.94 5043944.148, 15466126.94 5043944.148, 15466126.94 5040944.148, 15463126.94 5040944.148, 15463126.94 5043944.148))"
15467438.105,5042384.4325,2,喜山期|海西期,"{""喜山期"": 2171, ""海西期"": 2772}",0.7660258667746649,0.0,0.5,0.5,0.4681090533711327,True,0,M02550,13,T016,"POLYGON ((15466126.94 5043944.148, 15469126.94 5043944.148, 15469126.94 5040944.148, 15466126.94 5040944.148, 15466126.94 5043944.148))"
15470438.105,5042384.4325,2,喜山期|海西期,"{""喜山期"": 2220, ""海西期"": 2833}",0.7438318188596565,0.0,0.5,0.5,0.4603411366008798,True,0,M02551,13,T016,"POLYGON ((15469126.94 5043944.148, 15472126.94 5043944.148, 15472126.94 5040944.148, 15469126.94 5040944.148, 15469126.94 5043944.148))"
15371438.105,5039384.4325,2,喜山期|海西期,"{""喜山期"": 604, ""海西期"": 821}",0.6778790792724279,0.0,0.5,0.5,0.43725767774534974,True,0,M02634,19,T023,"POLYGON ((15370126.94 5040944.148, 15373126.94 5040944.148, 15373126.94 5037944.148, 15370126.94 5037944.148, 15370126.94 5040944.148))"
15374438.105,5039384.4325,2,喜山期|海西期,"{""喜山期"": 653, ""海西期"": 882}",0.7061328200428034,0.0,0.5,0.5,0.4471464870149812,True,0,M02635,19,T023,"POLYGON ((15373126.94 5040944.148, 15376126.94 5040944.148, 15376126.94 5037944.148, 15373126.94 5037944.148, 15373126.94 5040944.148))"
15383438.105,5039384.4325,2,喜山期|海西期,"{""喜山期"": 800, ""海西期"": 1065}",0.7531888109508877,0.0,0.5,0.5,0.4636160838328107,True,0,M02638,14,T017,"POLYGON ((15382126.94 5040944.148, 15385126.94 5040944.148, 15385126.94 5037944.148, 15382126.94 5037944.148, 15382126.94 5040944.148))"
15401438.105,5039384.4325,2,喜山期|海西期,"{""喜山期"": 1094, ""海西期"": 1431}",0.6785760843580788,0.0,0.5,0.5,0.4375016295253276,True,0,M02644,17,T020,"POLYGON ((15400126.94 5040944.148, 15403126.94 5040944.148, 15403126.94 5037944.148, 15400126.94 5037944.148, 15400126.94 5040944.148))"
15404438.105,5039384.4325,2,喜山期|海西期,"{""喜山期"": 1143, ""海西期"": 1492}",0.7307133739560666,0.0,0.5,0.5,0.4557496808846233,True,0,M02645,17,T020,"POLYGON ((15403126.94 5040944.148, 15406126.94 5040944.148, 15406126.94 5037944.148, 15403126.94 5037944.148, 15403126.94 5040944.148))"
15407438.105,5039384.4325,2,喜山期|海西期,"{""喜山期"": 1192, ""海西期"": 1553}",0.7574777703596903,0.0,0.5,1.0,0.5401172196258915,True,0,M02646,17,T020,"POLYGON ((15406126.94 5040944.148, 15409126.94 5040944.148, 15409126.94 5037944.148, 15406126.94 5037944.148, 15406126.94 5040944.148))"
15410438.105,5039384.4325,2,喜山期|海西期,"{""喜山期"": 1241, ""海西期"": 1614}",0.7449834893668498,0.0,0.5,0.5,0.4607442212783974,True,0,M02647,17,T020,"POLYGON ((15409126.94 5040944.148, 15412126.94 5040944.148, 15412126.94 5037944.148, 15409126.94 5037944.148, 15409126.94 5040944.148))"
15413438.105,5039384.4325,2,喜山期|海西期,"{""喜山期"": 1290, ""海西期"": 1675}",0.7187039812049474,0.0,0.5,0.5,0.4515463934217316,True,0,M02648,17,T020,"POLYGON ((15412126.94 5040944.148, 15415126.94 5040944.148, 15415126.94 5037944.148, 15412126.94 5037944.148, 15412126.94 5040944.148))"
15416438.105,5039384.4325,2,喜山期|海西期,"{""喜山期"": 1339, ""海西期"": 1736}",0.7043991861525762,0.0,0.5,0.5,0.4465397151534017,True,0,M02649,22,T026,"POLYGON ((15415126.94 5040944.148, 15418126.94 5040944.148, 15418126.94 5037944.148, 15415126.94 5037944.148, 15415126.94 5040944.148))"
15419438.105,5039384.4325,2,喜山期|海西期,"{""喜山期"": 1388, ""海西期"": 1797}",0.6922038603833045,0.0,0.5,0.5,0.44227135113415655,True,0,M02650,22,T026,"POLYGON ((15418126.94 5040944.148, 15421126.94 5040944.148, 15421126.94 5037944.148, 15418126.94 5037944.148, 15418126.94 5040944.148))"
15422438.105,5039384.4325,2,喜山期|海西期,"{""喜山期"": 1437, ""海西期"": 1858}",0.6834383720584356,0.0,0.5,0.5,0.43920343022045244,True,0,M02651,21,T025,"POLYGON ((15421126.94 5040944.148, 15424126.94 5040944.148, 15424126.94 5037944.148, 15421126.94 5037944.148, 15421126.94 5040944.148))"
15425438.105,5039384.4325,2,喜山期|海西期,"{""喜山期"": 1486, ""海西期"": 1919}",0.6887290020788883,0.0,0.5,0.5,0.44105515072761087,True,0,M02652,21,T025,"POLYGON ((15424126.94 5040944.148, 15427126.94 5040944.148, 15427126.94 5037944.148, 15424126.94 5037944.148, 15424126.94 5040944.148))"
15428438.105,5039384.4325,2,喜山期|海西期,"{""喜山期"": 1535, ""海西期"": 1980}",0.6862377433680656,0.0,0.5,0.5,0.44018321017882295,True,0,M02653,16,T019,"POLYGON ((15427126.94 5040944.148, 15430126.94 5040944.148, 15430126.94 5037944.148, 15427126.94 5037944.148, 15427126.94 5040944.148))"
15431438.105,5039384.4325,2,喜山期|海西期,"{""喜山期"": 1584, ""海西期"": 2041}",0.6961793798989595,0.0,0.5,0.5,0.44366278296463585,True,0,M02654,16,T019,"POLYGON ((15430126.94 5040944.148, 15433126.94 5040944.148, 15433126.94 5037944.148, 15430126.94 5037944.148, 15430126.94 5040944.148))"
15434438.105,5039384.4325,2,喜山期|海西期,"{""喜山期"": 1633, ""海西期"": 2102}",0.690237427212297,0.0,0.5,0.5,0.4415830995243039,True,0,M02655,16,T019,"POLYGON ((15433126.94 5040944.148, 15436126.94 5040944.148, 15436126.94 5037944.148, 15433126.94 5037944.148, 15433126.94 5040944.148))"
15437438.105,5039384.4325,2,喜山期|海西期,"{""喜山期"": 1682, ""海西期"": 2163}",0.6948264560500206,0.0,0.5,0.5,0.44318925961750716,True,0,M02656,16,T019,"POLYGON ((15436126.94 5040944.148, 15439126.94 5040944.148, 15439126.94 5037944.148, 15436126.94 5037944.148, 15436126.94 5040944.148))"
15440438.105,5039384.4325,2,喜山期|海西期,"{""喜山期"": 1731, ""海西期"": 2224}",0.707859211598241,0.0,0.5,0.5,0.4477507240593843,True,0,M02657,18,T022,"POLYGON ((15439126.94 5040944.148, 15442126.94 5040944.148, 15442126.94 5037944.148, 15439126.94 5037944.148, 15439126.94 5040944.148))"
15443438.105,5039384.4325,2,喜山期|海西期,"{""喜山期"": 1780, ""海西期"": 2285}",0.7235568677976447,0.0,0.5,0.6666666666666666,0.4782449037291756,True,0,M02658,18,T022,"POLYGON ((15442126.94 5040944.148, 15445126.94 5040944.148, 15445126.94 5037944.148, 15442126.94 5037944.148, 15442126.94 5040944.148))"
15446438.105,5039384.4325,2,喜山期|海西期,"{""喜山期"": 1829, ""海西期"": 2346}",0.7710361174639054,0.0,0.5,1.0,0.5448626411123669,True,0,M02659,18,T022,"POLYGON ((15445126.94 5040944.148, 15448126.94 5040944.148, 15448126.94 5037944.148, 15445126.94 5037944.148, 15445126.94 5040944.148))"
15449438.105,5039384.4325,2,喜山期|海西期,"{""喜山期"": 1878, ""海西期"": 2407}",0.7215859429863111,0.0,0.5,1.0,0.5275550800452089,True,0,M02660,18,T022,"POLYGON ((15448126.94 5040944.148, 15451126.94 5040944.148, 15451126.94 5037944.148, 15448126.94 5037944.148, 15448126.94 5040944.148))"
15452438.105,5039384.4325,2,喜山期|海西期,"{""喜山期"": 1927, ""海西期"": 2468}",0.7260510164785997,0.0,0.5,0.5,0.4541178557675099,True,0,M02661,15,T018,"POLYGON ((15451126.94 5040944.148, 15454126.94 5040944.148, 15454126.94 5037944.148, 15451126.94 5037944.148, 15451126.94 5040944.148))"
15455438.105,5039384.4325,2,喜山期|海西期,"{""喜山期"": 1976, ""海西期"": 2529}",0.744725585646727,0.0,0.5,0.5,0.4606539549763544,True,0,M02662,15,T018,"POLYGON ((15454126.94 5040944.148, 15457126.94 5040944.148, 15457126.94 5037944.148, 15454126.94 5037944.148, 15454126.94 5040944.148))"
15464438.105,5039384.4325,2,喜山期|海西期,"{""喜山期"": 2123, ""海西期"": 2712}",0.7006870369270535,0.0,0.5,0.5,0.44524046292446867,True,0,M02665,20,T024,"POLYGON ((15463126.94 5040944.148, 15466126.94 5040944.148, 15466126.94 5037944.148, 15463126.94 5037944.148, 15463126.94 5040944.148))"
15485438.105,5039384.4325,2,喜山期|海西期,"{""喜山期"": 2466, ""海西期"": 3139}",0.6928416384907015,0.0,0.5,0.5,0.44249457347174553,True,0,M02672,55,T021,"POLYGON ((15484126.94 5040944.148, 15487126.94 5040944.148, 15487126.94 5037944.148, 15484126.94 5037944.148, 15484126.94 5040944.148))"
15371438.105,5036384.4325,2,喜山期|海西期,"{""喜山期"": 605, ""海西期"": 822}",0.6820124677589261,0.0,0.5,0.5,0.4387043637156241,True,0,M02750,19,T023,"POLYGON ((15370126.94 5037944.148, 15373126.94 5037944.148, 15373126.94 5034944.148, 15370126.94 5034944.148, 15370126.94 5037944.148))"
15374438.105,5036384.4325,2,喜山期|海西期,"{""喜山期"": 654, ""海西期"": 883}",0.7045415607052402,0.0,0.5,0.5,0.44658954624683406,True,0,M02751,19,T023,"POLYGON ((15373126.94 5037944.148, 15376126.94 5037944.148, 15376126.94 5034944.148, 15373126.94 5034944.148, 15373126.94 5037944.148))"
15383438.105,5036384.4325,2,喜山期|海西期,"{""喜山期"": 801, ""海西期"": 1066}",0.7572960852494433,0.0,0.5,0.5,0.46505362983730514,True,0,M02754,14,T017,"POLYGON ((15382126.94 5037944.148, 15385126.94 5037944.148, 15385126.94 5034944.148, 15382126.94 5034944.148, 15382126.94 5037944.148))"
15401438.105,5036384.4325,2,喜山期|海西期,"{""喜山期"": 1095, ""海西期"": 1432}",0.6952754808069672,0.0,0.5,0.5,0.44334641828243854,True,0,M02760,17,T020,"POLYGON ((15400126.94 5037944.148, 15403126.94 5037944.148, 15403126.94 5034944.148, 15400126.94 5034944.148, 15400126.94 5037944.148))"
15404438.105,5036384.4325,2,喜山期|海西期,"{""喜山期"": 1144, ""海西期"": 1493}",0.7367564755973608,0.0,0.5,0.5,0.45786476645907626,True,0,M02761,17,T020,"POLYGON ((15403126.94 5037944.148, 15406126.94 5037944.148, 15406126.94 5034944.148, 15403126.94 5034944.148, 15403126.94 5037944.148))"
15407438.105,5036384.4325,2,喜山期|海西期,"{""喜山期"": 1193, ""海西期"": 1554}",0.7630215687275188,0.0,0.5,1.0,0.5420575490546315,True,0,M02762,17,T020,"POLYGON ((15406126.94 5037944.148, 15409126.94 5037944.148, 15409126.94 5034944.148, 15406126.94 5034944.148, 15406126.94 5037944.148))"
15410438.105,5036384.4325,2,喜山期|海西期,"{""喜山期"": 1242, ""海西期"": 1615}",0.7572374850116996,0.0,0.5,1.0,0.5400331197540948,True,0,M02763,17,T020,"POLYGON ((15409126.94 5037944.148, 15412126.94 5037944.148, 15412126.94 5034944.148, 15409126.94 5034944.148, 15409126.94 5037944.148))"
15413438.105,5036384.4325,2,喜山期|海西期,"{""喜山期"": 1291, ""海西期"": 1676}",0.7377634735033511,0.0,0.5,0.5,0.4582172157261729,True,0,M02764,22,T026,"POLYGON ((15412126.94 5037944.148, 15415126.94 5037944.148, 15415126.94 5034944.148, 15412126.94 5034944.148, 15412126.94 5037944.148))"
15416438.105,5036384.4325,2,喜山期|海西期,"{""喜山期"": 1340, ""海西期"": 1737}",0.7321569314466254,0.0,0.5,0.5,0.4562549260063189,True,0,M02765,22,T026,"POLYGON ((15415126.94 5037944.148, 15418126.94 5037944.148, 15418126.94 5034944.148, 15415126.94 5034944.148, 15415126.94 5037944.148))"
15419438.105,5036384.4325,2,喜山期|海西期,"{""喜山期"": 1389, ""海西期"": 1798}",0.7260602434916729,0.0,0.5,0.5,0.4541210852220855,True,0,M02766,21,T025,"POLYGON ((15418126.94 5037944.148, 15421126.94 5037944.148, 15421126.94 5034944.148, 15418126.94 5034944.148, 15418126.94 5037944.148))"
15422438.105,5036384.4325,2,喜山期|海西期,"{""喜山期"": 1438, ""海西期"": 1859}",0.7213642161212184,0.0,0.5,0.5,0.4524774756424264,True,0,M02767,21,T025,"POLYGON ((15421126.94 5037944.148, 15424126.94 5037944.148, 15424126.94 5034944.148, 15421126.94 5034944.148, 15421126.94 5037944.148))"
15425438.105,5036384.4325,2,喜山期|海西期,"{""喜山期"": 1487, ""海西期"": 1920}",0.7230004963187948,0.0,0.5,0.5,0.4530501737115782,True,0,M02768,21,T025,"POLYGON ((15424126.94 5037944.148, 15427126.94 5037944.148, 15427126.94 5034944.148, 15424126.94 5034944.148, 15424126.94 5037944.148))"
15428438.105,5036384.4325,2,喜山期|海西期,"{""喜山期"": 1536, ""海西期"": 1981}",0.7179376864739548,0.0,0.5,0.5,0.45127819026588417,True,0,M02769,21,T025,"POLYGON ((15427126.94 5037944.148, 15430126.94 5037944.148, 15430126.94 5034944.148, 15427126.94 5034944.148, 15427126.94 5037944.148))"
15431438.105,5036384.4325,2,喜山期|海西期,"{""喜山期"": 1585, ""海西期"": 2042}",0.7197665152839627,0.0,0.5,0.5,0.45191828034938697,True,0,M02770,16,T019,"POLYGON ((15430126.94 5037944.148, 15433126.94 5037944.148, 15433126.94 5034944.148, 15430126.94 5034944.148, 15430126.94 5037944.148))"
15434438.105,5036384.4325,2,喜山期|海西期,"{""喜山期"": 1634, ""海西期"": 2103}",0.709102421038903,0.0,0.5,0.5,0.44818584736361605,True,0,M02771,16,T019,"POLYGON ((15433126.94 5037944.148, 15436126.94 5037944.148, 15436126.94 5034944.148, 15433126.94 5034944.148, 15433126.94 5037944.148))"
15437438.105,5036384.4325,2,喜山期|海西期,"{""喜山期"": 1683, ""海西期"": 2164}",0.7018531572849084,0.0,0.5,0.5,0.4456486050497179,True,0,M02772,16,T019,"POLYGON ((15436126.94 5037944.148, 15439126.94 5037944.148, 15439126.94 5034944.148, 15436126.94 5034944.148, 15436126.94 5037944.148))"
15440438.105,5036384.4325,2,喜山期|海西期,"{""喜山期"": 1732, ""海西期"": 2225}",0.7046205648284964,0.0,0.5,0.5,0.4466171976899737,True,0,M02773,16,T019,"POLYGON ((15439126.94 5037944.148, 15442126.94 5037944.148, 15442126.94 5034944.148, 15439126.94 5034944.148, 15439126.94 5037944.148))"
15443438.105,5036384.4325,2,喜山期|海西期,"{""喜山期"": 1781, ""海西期"": 2286}",0.7105952472973804,0.0,0.5,0.5,0.44870833655408315,True,0,M02774,18,T022,"POLYGON ((15442126.94 5037944.148, 15445126.94 5037944.148, 15445126.94 5034944.148, 15442126.94 5034944.148, 15442126.94 5037944.148))"
15446438.105,5036384.4325,2,喜山期|海西期,"{""喜山期"": 1830, ""海西期"": 2347}",0.7783904298912645,0.0,0.5,1.0,0.5474366504619426,True,0,M02775,18,T022,"POLYGON ((15445126.94 5037944.148, 15448126.94 5037944.148, 15448126.94 5034944.148, 15445126.94 5034944.148, 15445126.94 5037944.148))"
15449438.105,5036384.4325,2,喜山期|海西期,"{""喜山期"": 1879, ""海西期"": 2408}",0.6939305304900802,0.0,0.5,0.5,0.4428756856715281,True,0,M02776,18,T022,"POLYGON ((15448126.94 5037944.148, 15451126.94 5037944.148, 15451126.94 5034944.148, 15448126.94 5034944.148, 15448126.94 5037944.148))"
15452438.105,5036384.4325,2,喜山期|海西期,"{""喜山期"": 1928, ""海西期"": 2469}",0.7073705977323732,0.0,0.5,0.6666666666666666,0.4725797092063306,True,0,M02777,18,T022,"POLYGON ((15451126.94 5037944.148, 15454126.94 5037944.148, 15454126.94 5034944.148, 15451126.94 5034944.148, 15451126.94 5037944.148))"
15455438.105,5036384.4325,2,喜山期|海西期,"{""喜山期"": 1977, ""海西期"": 2530}",0.7523755455005154,0.0,0.5,0.5,0.4633314409251804,True,0,M02778,15,T018,"POLYGON ((15454126.94 5037944.148, 15457126.94 5037944.148, 15457126.94 5034944.148, 15454126.94 5034944.148, 15454126.94 5037944.148))"
15464438.105,5036384.4325,2,喜山期|海西期,"{""喜山期"": 2124, ""海西期"": 2713}",0.7107682276783134,0.0,0.5,0.5,0.4487688796874097,True,0,M02781,20,T024,"POLYGON ((15463126.94 5037944.148, 15466126.94 5037944.148, 15466126.94 5034944.148, 15463126.94 5034944.148, 15463126.94 5037944.148))"
15485438.105,5036384.4325,2,喜山期|海西期,"{""喜山期"": 2467, ""海西期"": 3140}",0.7303130260454453,0.0,0.5,0.5,0.4556095591159059,True,0,M02788,55,T021,"POLYGON ((15484126.94 5037944.148, 15487126.94 5037944.148, 15487126.94 5034944.148, 15484126.94 5034944.148, 15484126.94 5037944.148))"
15488438.105,5036384.4325,2,喜山期|海西期,"{""喜山期"": 2516, ""海西期"": 3201}",0.6970619349946732,0.0,0.5,0.5,0.44397167724813563,True,0,M02789,55,T021,"POLYGON ((15487126.94 5037944.148, 15490126.94 5037944.148, 15490126.94 5034944.148, 15487126.94 5034944.148, 15487126.94 5037944.148))"
15371438.105,5033384.4325,2,喜山期|海西期,"{""喜山期"": 606, ""海西期"": 823}",0.6848666092254014,0.0,0.5,0.5,0.4397033132288905,True,0,M02866,19,T023,"POLYGON ((15370126.94 5034944.148, 15373126.94 5034944.148, 15373126.94 5031944.148, 15370126.94 5031944.148, 15370126.94 5034944.148))"
15374438.105,5033384.4325,2,喜山期|海西期,"{""喜山期"": 655, ""海西期"": 884}",0.7026696608945855,0.0,0.5,0.5,0.4459343813131049,True,0,M02867,19,T023,"POLYGON ((15373126.94 5034944.148, 15376126.94 5034944.148, 15376126.94 5031944.148, 15373126.94 5031944.148, 15373126.94 5034944.148))"
15383438.105,5033384.4325,2,喜山期|海西期,"{""喜山期"": 802, ""海西期"": 1067}",0.7602474759518174,0.0,0.5,0.5,0.4660866165831361,True,0,M02870,25,T029,"POLYGON ((15382126.94 5034944.148, 15385126.94 5034944.148, 15385126.94 5031944.148, 15382126.94 5031944.148, 15382126.94 5034944.148))"
15401438.105,5033384.4325,2,喜山期|海西期,"{""喜山期"": 1096, ""海西期"": 1433}",0.7152493875103747,0.0,0.5,0.5,0.4503372856286311,True,0,M02876,17,T020,"POLYGON ((15400126.94 5034944.148, 15403126.94 5034944.148, 15403126.94 5031944.148, 15400126.94 5031944.148, 15400126.94 5034944.148))"
15404438.105,5033384.4325,2,喜山期|海西期,"{""喜山期"": 1145, ""海西期"": 1494}",0.7483519410601285,0.0,0.5,0.5,0.461923179371045,True,0,M02877,17,T020,"POLYGON ((15403126.94 5034944.148, 15406126.94 5034944.148, 15406126.94 5031944.148, 15403126.94 5031944.148, 15403126.94 5034944.148))"
15407438.105,5033384.4325,2,喜山期|海西期,"{""喜山期"": 1194, ""海西期"": 1555}",0.7697695793486813,0.0,0.5,1.0,0.5444193527720385,True,0,M02878,17,T020,"POLYGON ((15406126.94 5034944.148, 15409126.94 5034944.148, 15409126.94 5031944.148, 15406126.94 5031944.148, 15406126.94 5034944.148))"
15410438.105,5033384.4325,2,喜山期|海西期,"{""喜山期"": 1243, ""海西期"": 1616}",0.7715709360329732,0.0,0.5,1.0,0.5450498276115406,True,0,M02879,22,T026,"POLYGON ((15409126.94 5034944.148, 15412126.94 5034944.148, 15412126.94 5031944.148, 15409126.94 5031944.148, 15409126.94 5034944.148))"
15413438.105,5033384.4325,2,喜山期|海西期,"{""喜山期"": 1292, ""海西期"": 1677}",0.7598788132559,0.0,0.5,0.6666666666666666,0.49095758463956496,True,0,M02880,22,T026,"POLYGON ((15412126.94 5034944.148, 15415126.94 5034944.148, 15415126.94 5031944.148, 15412126.94 5031944.148, 15412126.94 5034944.148))"
15416438.105,5033384.4325,2,喜山期|海西期,"{""喜山期"": 1341, ""海西期"": 1738}",0.7550613723209703,0.0,0.5,0.6666666666666666,0.4892714803123395,True,0,M02881,22,T026,"POLYGON ((15415126.94 5034944.148, 15418126.94 5034944.148, 15418126.94 5031944.148, 15415126.94 5031944.148, 15415126.94 5034944.148))"
15419438.105,5033384.4325,2,喜山期|海西期,"{""喜山期"": 1390, ""海西期"": 1799}",0.7510480394611743,0.0,0.5,0.6666666666666666,0.48786681381141095,True,0,M02882,22,T026,"POLYGON ((15418126.94 5034944.148, 15421126.94 5034944.148, 15421126.94 5031944.148, 15418126.94 5031944.148, 15418126.94 5034944.148))"
15422438.105,5033384.4325,2,喜山期|海西期,"{""喜山期"": 1439, ""海西期"": 1860}",0.7437654540033647,0.0,0.5,0.6666666666666666,0.4853179089011776,True,0,M02883,21,T025,"POLYGON ((15421126.94 5034944.148, 15424126.94 5034944.148, 15424126.94 5031944.148, 15421126.94 5031944.148, 15421126.94 5034944.148))"
15425438.105,5033384.4325,2,喜山期|海西期,"{""喜山期"": 1488, ""海西期"": 1921}",0.740163332556374,0.0,0.5,0.6666666666666666,0.48405716639473084,True,0,M02884,21,T025,"POLYGON ((15424126.94 5034944.148, 15427126.94 5034944.148, 15427126.94 5031944.148, 15424126.94 5031944.148, 15424126.94 5034944.148))"
15428438.105,5033384.4325,2,喜山期|海西期,"{""喜山期"": 1537, ""海西期"": 1982}",0.7324747933422648,0.0,0.5,0.5,0.4563661776697927,True,0,M02885,21,T025,"POLYGON ((15427126.94 5034944.148, 15430126.94 5034944.148, 15430126.94 5031944.148, 15427126.94 5031944.148, 15427126.94 5034944.148))"
15431438.105,5033384.4325,2,喜山期|海西期,"{""喜山期"": 1586, ""海西期"": 2043}",0.7281188423366597,0.0,0.5,0.5,0.4548415948178309,True,0,M02886,21,T025,"POLYGON ((15430126.94 5034944.148, 15433126.94 5034944.148, 15433126.94 5031944.148, 15430126.94 5031944.148, 15430126.94 5034944.148))"
15434438.105,5033384.4325,2,喜山期|海西期,"{""喜山期"": 1635, ""海西期"": 2104}",0.7120368549285729,0.0,0.5,0.5,0.4492128992250005,True,0,M02887,24,T028,"POLYGON ((15433126.94 5034944.148, 15436126.94 5034944.148, 15436126.94 5031944.148, 15433126.94 5031944.148, 15433126.94 5034944.148))"
15437438.105,5033384.4325,2,喜山期|海西期,"{""喜山期"": 1684, ""海西期"": 2165}",0.6980101585683336,0.0,0.5,0.5,0.44430355549891676,True,0,M02888,24,T028,"POLYGON ((15436126.94 5034944.148, 15439126.94 5034944.148, 15439126.94 5031944.148, 15436126.94 5031944.148, 15436126.94 5034944.148))"
15440438.105,5033384.4325,2,喜山期|海西期,"{""喜山期"": 1733, ""海西期"": 2226}",0.6950398611938889,0.0,0.5,0.5,0.4432639514178611,True,0,M02889,18,T022,"POLYGON ((15439126.94 5034944.148, 15442126.94 5034944.148, 15442126.94 5031944.148, 15439126.94 5031944.148, 15439126.94 5034944.148))"
15443438.105,5033384.4325,2,喜山期|海西期,"{""喜山期"": 1782, ""海西期"": 2287}",0.6999336948332805,0.0,0.5,0.5,0.4449767931916482,True,0,M02890,18,T022,"POLYGON ((15442126.94 5034944.148, 15445126.94 5034944.148, 15445126.94 5031944.148, 15442126.94 5031944.148, 15442126.94 5034944.148))"
15446438.105,5033384.4325,2,喜山期|海西期,"{""喜山期"": 1831, ""海西期"": 2348}",0.7807602750376119,0.0,0.5,1.0,0.5482660962631641,True,0,M02891,18,T022,"POLYGON ((15445126.94 5034944.148, 15448126.94 5034944.148, 15448126.94 5031944.148, 15445126.94 5031944.148, 15445126.94 5034944.148))"
15449438.105,5033384.4325,2,喜山期|海西期,"{""喜山期"": 1880, ""海西期"": 2409}",0.684845822331799,0.0,0.5,0.5,0.43969603781612965,True,0,M02892,18,T022,"POLYGON ((15448126.94 5034944.148, 15451126.94 5034944.148, 15451126.94 5031944.148, 15448126.94 5031944.148, 15448126.94 5034944.148))"
15452438.105,5033384.4325,2,喜山期|海西期,"{""喜山期"": 1929, ""海西期"": 2470}",0.7003039591993917,0.0,0.5,0.5,0.44510638571978706,True,0,M02893,23,T027,"POLYGON ((15451126.94 5034944.148, 15454126.94 5034944.148, 15454126.94 5031944.148, 15451126.94 5031944.148, 15451126.94 5034944.148))"
15455438.105,5033384.4325,2,喜山期|海西期,"{""喜山期"": 1978, ""海西期"": 2531}",0.7597859860224928,0.0,0.5,1.0,0.5409250951078725,True,0,M02894,23,T027,"POLYGON ((15454126.94 5034944.148, 15457126.94 5034944.148, 15457126.94 5031944.148, 15454126.94 5031944.148, 15454126.94 5034944.148))"
15458438.105,5033384.4325,2,喜山期|海西期,"{""喜山期"": 2027, ""海西期"": 2592}",0.7226584004567446,0.0,0.5,0.5,0.4529304401598606,True,0,M02895,23,T027,"POLYGON ((15457126.94 5034944.148, 15460126.94 5034944.148, 15460126.94 5031944.148, 15457126.94 5031944.148, 15457126.94 5034944.148))"
15464438.105,5033384.4325,2,喜山期|海西期,"{""喜山期"": 2125, ""海西期"": 2714}",0.7249547428687624,0.0,0.5,0.5,0.45373416000406686,True,0,M02897,20,T024,"POLYGON ((15463126.94 5034944.148, 15466126.94 5034944.148, 15466126.94 5031944.148, 15463126.94 5031944.148, 15463126.94 5034944.148))"
15485438.105,5033384.4325,2,喜山期|海西期,"{""喜山期"": 2468, ""海西期"": 3141}",0.7542940678413773,0.0,0.5,1.0,0.539002923744482,True,0,M02904,55,T021,"POLYGON ((15484126.94 5034944.148, 15487126.94 5034944.148, 15487126.94 5031944.148, 15484126.94 5031944.148, 15484126.94 5034944.148))"
15488438.105,5033384.4325,2,喜山期|海西期,"{""喜山期"": 2517, ""海西期"": 3202}",0.7090358820880248,0.0,0.5,0.5,0.4481625587308087,True,0,M02905,55,T021,"POLYGON ((15487126.94 5034944.148, 15490126.94 5034944.148, 15490126.94 5031944.148, 15487126.94 5031944.148, 15487126.94 5034944.148))"
15494438.105,5033384.4325,2,喜山期|海西期,"{""喜山期"": 2615, ""海西期"": 3324}",0.6870994071134251,0.0,0.5,0.5,0.4404847924896988,True,0,M02907,-1,,"POLYGON ((15493126.94 5034944.148, 15496126.94 5034944.148, 15496126.94 5031944.148, 15493126.94 5031944.148, 15493126.94 5034944.148))"
15371438.105,5030384.4325,2,喜山期|海西期,"{""喜山期"": 607, ""海西期"": 824}",0.6847863168022068,0.0,0.5,0.5,0.4396752108807724,True,0,M02982,19,T023,"POLYGON ((15370126.94 5031944.148, 15373126.94 5031944.148, 15373126.94 5028944.148, 15370126.94 5028944.148, 15370126.94 5031944.148))"
15374438.105,5030384.4325,2,喜山期|海西期,"{""喜山期"": 656, ""海西期"": 885}",0.6995746421585262,0.0,0.5,0.5,0.44485112475548416,True,0,M02983,19,T023,"POLYGON ((15373126.94 5031944.148, 15376126.94 5031944.148, 15376126.94 5028944.148, 15373126.94 5028944.148, 15373126.94 5031944.148))"
15383438.105,5030384.4325,2,喜山期|海西期,"{""喜山期"": 803, ""海西期"": 1068}",0.7629482400877754,0.0,0.5,0.5,0.4670318840307214,True,0,M02986,25,T029,"POLYGON ((15382126.94 5031944.148, 15385126.94 5031944.148, 15385126.94 5028944.148, 15382126.94 5028944.148, 15382126.94 5031944.148))"
15398438.105,5030384.4325,2,喜山期|海西期,"{""喜山期"": 1048, ""海西期"": 1373}",0.6877481183608407,0.0,0.5,0.5,0.4407118414262942,True,0,M02991,26,T030,"POLYGON ((15397126.94 5031944.148, 15400126.94 5031944.148, 15400126.94 5028944.148, 15397126.94 5028944.148, 15397126.94 5031944.148))"
15401438.105,5030384.4325,2,喜山期|海西期,"{""喜山期"": 1097, ""海西期"": 1434}",0.7355803273913358,0.0,0.5,0.5,0.4574531145869675,True,0,M02992,17,T020,"POLYGON ((15400126.94 5031944.148, 15403126.94 5031944.148, 15403126.94 5028944.148, 15400126.94 5028944.148, 15400126.94 5031944.148))"
15404438.105,5030384.4325,2,喜山期|海西期,"{""喜山期"": 1146, ""海西期"": 1495}",0.7639196182414119,0.0,0.5,1.0,0.5423718663844941,True,0,M02993,17,T020,"POLYGON ((15403126.94 5031944.148, 15406126.94 5031944.148, 15406126.94 5028944.148, 15403126.94 5028944.148, 15403126.94 5031944.148))"
15407438.105,5030384.4325,2,喜山期|海西期,"{""喜山期"": 1195, ""海西期"": 1556}",0.7770841285725327,0.0,0.5,1.0,0.5469794450003864,True,0,M02994,22,T026,"POLYGON ((15406126.94 5031944.148, 15409126.94 5031944.148, 15409126.94 5028944.148, 15406126.94 5028944.148, 15406126.94 5031944.148))"
15410438.105,5030384.4325,2,喜山期|海西期,"{""喜山期"": 1244, ""海西期"": 1617}",0.7787040438789985,0.0,0.5,1.0,0.5475464153576495,True,0,M02995,22,T026,"POLYGON ((15409126.94 5031944.148, 15412126.94 5031944.148, 15412126.94 5028944.148, 15409126.94 5028944.148, 15409126.94 5031944.148))"
15413438.105,5030384.4325,2,喜山期|海西期,"{""喜山期"": 1293, ""海西期"": 1678}",0.7737221183789466,0.0,0.5,1.0,0.5458027414326313,True,0,M02996,22,T026,"POLYGON ((15412126.94 5031944.148, 15415126.94 5031944.148, 15415126.94 5028944.148, 15412126.94 5028944.148, 15412126.94 5031944.148))"
15416438.105,5030384.4325,2,喜山期|海西期,"{""喜山期"": 1342, ""海西期"": 1739}",0.7698621628496678,0.0,0.5,1.0,0.5444517569973837,True,0,M02997,22,T026,"POLYGON ((15415126.94 5031944.148, 15418126.94 5031944.148, 15418126.94 5028944.148, 15415126.94 5028944.148, 15415126.94 5031944.148))"
15419438.105,5030384.4325,2,喜山期|海西期,"{""喜山期"": 1391, ""海西期"": 1800}",0.7602475455896518,0.0,0.5,0.6666666666666666,0.4910866409563781,True,0,M02998,22,T026,"POLYGON ((15418126.94 5031944.148, 15421126.94 5031944.148, 15421126.94 5028944.148, 15418126.94 5028944.148, 15418126.94 5031944.148))"
15422438.105,5030384.4325,2,喜山期|海西期,"{""喜山期"": 1440, ""海西期"": 1861}",0.7503653449505158,0.0,0.5,0.6666666666666666,0.4876278707326805,True,0,M02999,22,T026,"POLYGON ((15421126.94 5031944.148, 15424126.94 5031944.148, 15424126.94 5028944.148, 15421126.94 5028944.148, 15421126.94 5031944.148))"
15425438.105,5030384.4325,2,喜山期|海西期,"{""喜山期"": 1489, ""海西期"": 1922}",0.7428713042082044,0.0,0.5,0.6666666666666666,0.4850049564728715,True,0,M03000,21,T025,"POLYGON ((15424126.94 5031944.148, 15427126.94 5031944.148, 15427126.94 5028944.148, 15424126.94 5028944.148, 15424126.94 5031944.148))"
15428438.105,5030384.4325,2,喜山期|海西期,"{""喜山期"": 1538, ""海西期"": 1983}",0.7304567237169651,0.0,0.5,0.5,0.4556598533009378,True,0,M03001,21,T025,"POLYGON ((15427126.94 5031944.148, 15430126.94 5031944.148, 15430126.94 5028944.148, 15427126.94 5028944.148, 15427126.94 5031944.148))"
15431438.105,5030384.4325,2,喜山期|海西期,"{""喜山期"": 1587, ""海西期"": 2044}",0.7235872995313274,0.0,0.5,0.5,0.4532555548359646,True,0,M03002,24,T028,"POLYGON ((15430126.94 5031944.148, 15433126.94 5031944.148, 15433126.94 5028944.148, 15430126.94 5028944.148, 15430126.94 5031944.148))"
15434438.105,5030384.4325,2,喜山期|海西期,"{""喜山期"": 1636, ""海西期"": 2105}",0.7031552106957346,0.0,0.5,0.5,0.4461043237435071,True,0,M03003,24,T028,"POLYGON ((15433126.94 5031944.148, 15436126.94 5031944.148, 15436126.94 5028944.148, 15433126.94 5028944.148, 15433126.94 5031944.148))"
15437438.105,5030384.4325,2,喜山期|海西期,"{""喜山期"": 1685, ""海西期"": 2166}",0.68446055101235,0.0,0.5,0.5,0.43956119285432255,True,0,M03004,18,T022,"POLYGON ((15436126.94 5031944.148, 15439126.94 5031944.148, 15439126.94 5028944.148, 15436126.94 5028944.148, 15436126.94 5031944.148))"
15440438.105,5030384.4325,2,喜山期|海西期,"{""喜山期"": 1734, ""海西期"": 2227}",0.680312155572514,0.0,0.5,0.5,0.4381092544503799,True,0,M03005,18,T022,"POLYGON ((15439126.94 5031944.148, 15442126.94 5031944.148, 15442126.94 5028944.148, 15439126.94 5028944.148, 15439126.94 5031944.148))"
15443438.105,5030384.4325,2,喜山期|海西期,"{""喜山期"": 1783, ""海西期"": 2288}",0.682355747464163,0.0,0.5,0.5,0.43882451161245706,True,0,M03006,18,T022,"POLYGON ((15442126.94 5031944.148, 15445126.94 5031944.148, 15445126.94 5028944.148, 15442126.94 5028944.148, 15442126.94 5031944.148))"
15446438.105,5030384.4325,2,喜山期|海西期,"{""喜山期"": 1832, ""海西期"": 2349}",0.7802479146701748,0.0,0.5,1.0,0.5480867701345612,True,0,M03007,18,T022,"POLYGON ((15445126.94 5031944.148, 15448126.94 5031944.148, 15448126.94 5028944.148, 15445126.94 5028944.148, 15445126.94 5031944.148))"
15449438.105,5030384.4325,2,喜山期|海西期,"{""喜山期"": 1881, ""海西期"": 2410}",0.6746385522811514,0.0,0.5,0.5,0.436123493298403,True,0,M03008,23,T027,"POLYGON ((15448126.94 5031944.148, 15451126.94 5031944.148, 15451126.94 5028944.148, 15448126.94 5028944.148, 15448126.94 5031944.148))"
15452438.105,5030384.4325,2,喜山期|海西期,"{""喜山期"": 1930, ""海西期"": 2471}",0.6950753068516566,0.0,0.5,0.5,0.44327635739807986,True,0,M03009,23,T027,"POLYGON ((15451126.94 5031944.148, 15454126.94 5031944.148, 15454126.94 5028944.148, 15451126.94 5028944.148, 15451126.94 5031944.148))"
15455438.105,5030384.4325,2,喜山期|海西期,"{""喜山期"": 1979, ""海西期"": 2532}",0.7650941647772429,0.0,0.5,1.0,0.542782957672035,True,0,M03010,23,T027,"POLYGON ((15454126.94 5031944.148, 15457126.94 5031944.148, 15457126.94 5028944.148, 15454126.94 5028944.148, 15454126.94 5031944.148))"
15458438.105,5030384.4325,2,喜山期|海西期,"{""喜山期"": 2028, ""海西期"": 2593}",0.7377795946620411,0.0,0.5,1.0,0.5332228581317143,True,0,M03011,23,T027,"POLYGON ((15457126.94 5031944.148, 15460126.94 5031944.148, 15460126.94 5028944.148, 15457126.94 5028944.148, 15457126.94 5031944.148))"
15464438.105,5030384.4325,2,喜山期|海西期,"{""喜山期"": 2126, ""海西期"": 2715}",0.7413166047337612,0.0,0.5,0.5,0.4594608116568164,True,0,M03013,20,T024,"POLYGON ((15463126.94 5031944.148, 15466126.94 5031944.148, 15466126.94 5028944.148, 15463126.94 5028944.148, 15463126.94 5031944.148))"
15494438.105,5030384.4325,2,喜山期|海西期,"{""喜山期"": 2616, ""海西期"": 3325}",0.6776139506269743,0.0,0.5,0.5,0.437164882719441,True,0,M03023,-1,,"POLYGON ((15493126.94 5031944.148, 15496126.94 5031944.148, 15496126.94 5028944.148, 15493126.94 5028944.148, 15493126.94 5031944.148))"
15347438.105,5027384.4325,2,喜山期|海西期,"{""喜山期"": 216, ""海西期"": 337}",0.6752521312410547,0.0,0.5,0.5,0.43633824593436915,True,0,M03090,-1,,"POLYGON ((15346126.94 5028944.148, 15349126.94 5028944.148, 15349126.94 5025944.148, 15346126.94 5025944.148, 15346126.94 5028944.148))"
15371438.105,5027384.4325,2,喜山期|海西期,"{""喜山期"": 608, ""海西期"": 825}",0.6831069656039833,0.0,0.5,0.5,0.43908743796139416,True,0,M03098,25,T029,"POLYGON ((15370126.94 5028944.148, 15373126.94 5028944.148, 15373126.94 5025944.148, 15370126.94 5025944.148, 15370126.94 5028944.148))"
15374438.105,5027384.4325,2,喜山期|海西期,"{""喜山期"": 657, ""海西期"": 886}",0.695811935865146,0.0,0.5,0.5,0.44353417755280106,True,0,M03099,25,T029,"POLYGON ((15373126.94 5028944.148, 15376126.94 5028944.148, 15376126.94 5025944.148, 15373126.94 5025944.148, 15373126.94 5028944.148))"
15383438.105,5027384.4325,2,喜山期|海西期,"{""喜山期"": 804, ""海西期"": 1069}",0.7641583019192087,0.0,0.5,0.5,0.46745540567172306,True,0,M03102,25,T029,"POLYGON ((15382126.94 5028944.148, 15385126.94 5028944.148, 15385126.94 5025944.148, 15382126.94 5025944.148, 15382126.94 5028944.148))"
15395438.105,5027384.4325,2,喜山期|海西期,"{""喜山期"": 1000, ""海西期"": 1313}",0.6953929946527095,0.0,0.5,0.5,0.4433875481284483,True,0,M03106,26,T030,"POLYGON ((15394126.94 5028944.148, 15397126.94 5028944.148, 15397126.94 5025944.148, 15394126.94 5025944.148, 15394126.94 5028944.148))"
15398438.105,5027384.4325,2,喜山期|海西期,"{""喜山期"": 1049, ""海西期"": 1374}",0.7223577391062301,0.0,0.5,0.5,0.45282520868718057,True,0,M03107,26,T030,"POLYGON ((15397126.94 5028944.148, 15400126.94 5028944.148, 15400126.94 5025944.148, 15397126.94 5025944.148, 15397126.94 5028944.148))"
15401438.105,5027384.4325,2,喜山期|海西期,"{""喜山期"": 1098, ""海西期"": 1435}",0.7575886686111539,0.0,0.5,1.0,0.5401560340139039,True,0,M03108,26,T030,"POLYGON ((15400126.94 5028944.148, 15403126.94 5028944.148, 15403126.94 5025944.148, 15400126.94 5025944.148, 15400126.94 5028944.148))"
15404438.105,5027384.4325,2,喜山期|海西期,"{""喜山期"": 1147, ""海西期"": 1496}",0.7709776913207482,0.0,0.5,1.0,0.5448421919622618,True,0,M03109,28,T032,"POLYGON ((15403126.94 5028944.148, 15406126.94 5028944.148, 15406126.94 5025944.148, 15403126.94 5025944.148, 15403126.94 5028944.148))"
15407438.105,5027384.4325,2,喜山期|海西期,"{""喜山期"": 1196, ""海西期"": 1557}",0.781282802528888,0.0,0.5,1.0,0.5484489808851107,True,0,M03110,28,T032,"POLYGON ((15406126.94 5028944.148, 15409126.94 5028944.148, 15409126.94 5025944.148, 15406126.94 5025944.148, 15406126.94 5028944.148))"
15410438.105,5027384.4325,2,喜山期|海西期,"{""喜山期"": 1245, ""海西期"": 1618}",0.7808715911160826,0.0,0.5,1.0,0.5483050568906289,True,0,M03111,22,T026,"POLYGON ((15409126.94 5028944.148, 15412126.94 5028944.148, 15412126.94 5025944.148, 15409126.94 5025944.148, 15409126.94 5028944.148))"
15413438.105,5027384.4325,2,喜山期|海西期,"{""喜山期"": 1294, ""海西期"": 1679}",0.7768752150689907,0.0,0.5,1.0,0.5469063252741467,True,0,M03112,22,T026,"POLYGON ((15412126.94 5028944.148, 15415126.94 5028944.148, 15415126.94 5025944.148, 15412126.94 5025944.148, 15412126.94 5028944.148))"
15416438.105,5027384.4325,2,喜山期|海西期,"{""喜山期"": 1343, ""海西期"": 1740}",0.7724859423595706,0.0,0.5,1.0,0.5453700798258497,True,0,M03113,22,T026,"POLYGON ((15415126.94 5028944.148, 15418126.94 5028944.148, 15418126.94 5025944.148, 15415126.94 5025944.148, 15415126.94 5028944.148))"
15419438.105,5027384.4325,2,喜山期|海西期,"{""喜山期"": 1392, ""海西期"": 1801}",0.7606176358611767,0.0,0.5,0.6666666666666666,0.4912161725514118,True,0,M03114,22,T026,"POLYGON ((15418126.94 5028944.148, 15421126.94 5028944.148, 15421126.94 5025944.148, 15418126.94 5025944.148, 15418126.94 5028944.148))"
15422438.105,5027384.4325,2,喜山期|海西期,"{""喜山期"": 1441, ""海西期"": 1862}",0.7485678879849567,0.0,0.5,0.6666666666666666,0.4869987607947348,True,0,M03115,27,T031,"POLYGON ((15421126.94 5028944.148, 15424126.94 5028944.148, 15424126.94 5025944.148, 15421126.94 5025944.148, 15421126.94 5028944.148))"
15425438.105,5027384.4325,2,喜山期|海西期,"{""喜山期"": 1490, ""海西期"": 1923}",0.7397795932692843,0.0,0.5,0.5,0.4589228576442495,True,0,M03116,27,T031,"POLYGON ((15424126.94 5028944.148, 15427126.94 5028944.148, 15427126.94 5025944.148, 15424126.94 5025944.148, 15424126.94 5028944.148))"
15428438.105,5027384.4325,2,喜山期|海西期,"{""喜山期"": 1539, ""海西期"": 1984}",0.7286031386567877,0.0,0.5,0.5,0.4550110985298757,True,0,M03117,27,T031,"POLYGON ((15427126.94 5028944.148, 15430126.94 5028944.148, 15430126.94 5025944.148, 15427126.94 5025944.148, 15427126.94 5028944.148))"
15431438.105,5027384.4325,2,喜山期|海西期,"{""喜山期"": 1588, ""海西期"": 2045}",0.7192855267609741,0.0,0.5,0.5,0.4517499343663409,True,0,M03118,27,T031,"POLYGON ((15430126.94 5028944.148, 15433126.94 5028944.148, 15433126.94 5025944.148, 15430126.94 5025944.148, 15430126.94 5028944.148))"
15434438.105,5027384.4325,2,喜山期|海西期,"{""喜山期"": 1637, ""海西期"": 2106}",0.6989226231139711,0.0,0.5,0.5,0.4446229180898899,True,0,M03119,24,T028,"POLYGON ((15433126.94 5028944.148, 15436126.94 5028944.148, 15436126.94 5025944.148, 15433126.94 5025944.148, 15433126.94 5028944.148))"
15437438.105,5027384.4325,2,喜山期|海西期,"{""喜山期"": 1686, ""海西期"": 2167}",0.6800895930534071,0.0,0.5,0.5,0.4380313575686925,True,0,M03120,24,T028,"POLYGON ((15436126.94 5028944.148, 15439126.94 5028944.148, 15439126.94 5025944.148, 15436126.94 5025944.148, 15436126.94 5028944.148))"
15440438.105,5027384.4325,2,喜山期|海西期,"{""喜山期"": 1735, ""海西期"": 2228}",0.6744374382150748,0.0,0.5,0.5,0.4360531033752762,True,0,M03121,18,T022,"POLYGON ((15439126.94 5028944.148, 15442126.94 5028944.148, 15442126.94 5025944.148, 15439126.94 5025944.148, 15439126.94 5028944.148))"
15443438.105,5027384.4325,2,喜山期|海西期,"{""喜山期"": 1784, ""海西期"": 2289}",0.6758453063154453,0.0,0.5,0.5,0.43654585721040584,True,0,M03122,18,T022,"POLYGON ((15442126.94 5028944.148, 15445126.94 5028944.148, 15445126.94 5025944.148, 15442126.94 5025944.148, 15442126.94 5028944.148))"
15446438.105,5027384.4325,2,喜山期|海西期,"{""喜山期"": 1833, ""海西期"": 2350}",0.7762528965608559,0.0,0.5,1.0,0.5466885137962996,True,0,M03123,29,T033,"POLYGON ((15445126.94 5028944.148, 15448126.94 5028944.148, 15448126.94 5025944.148, 15445126.94 5025944.148, 15445126.94 5028944.148))"
15449438.105,5027384.4325,2,喜山期|海西期,"{""喜山期"": 1882, ""海西期"": 2411}",0.6742136918527812,0.0,0.5,0.5,0.4359747921484734,True,0,M03124,29,T033,"POLYGON ((15448126.94 5028944.148, 15451126.94 5028944.148, 15451126.94 5025944.148, 15448126.94 5025944.148, 15448126.94 5028944.148))"
15452438.105,5027384.4325,2,喜山期|海西期,"{""喜山期"": 1931, ""海西期"": 2472}",0.6937791030189294,0.0,0.5,0.5,0.4428226860566253,True,0,M03125,23,T027,"POLYGON ((15451126.94 5028944.148, 15454126.94 5028944.148, 15454126.94 5025944.148, 15451126.94 5025944.148, 15451126.94 5028944.148))"
15455438.105,5027384.4325,2,喜山期|海西期,"{""喜山期"": 1980, ""海西期"": 2533}",0.7639591377124986,0.0,0.5,1.0,0.5423856981993744,True,0,M03126,23,T027,"POLYGON ((15454126.94 5028944.148, 15457126.94 5028944.148, 15457126.94 5025944.148, 15454126.94 5025944.148, 15454126.94 5028944.148))"
15458438.105,5027384.4325,2,喜山期|海西期,"{""喜山期"": 2029, ""海西期"": 2594}",0.7480866557295474,0.0,0.5,1.0,0.5368303295053416,True,0,M03127,23,T027,"POLYGON ((15457126.94 5028944.148, 15460126.94 5028944.148, 15460126.94 5025944.148, 15457126.94 5025944.148, 15457126.94 5028944.148))"
15464438.105,5027384.4325,2,喜山期|海西期,"{""喜山期"": 2127, ""海西期"": 2716}",0.7560043730570423,0.0,0.5,0.5,0.4646015305699648,True,0,M03129,23,T027,"POLYGON ((15463126.94 5028944.148, 15466126.94 5028944.148, 15466126.94 5025944.148, 15463126.94 5025944.148, 15463126.94 5028944.148))"
15371438.105,5024384.4325,2,喜山期|海西期,"{""喜山期"": 609, ""海西期"": 826}",0.6774214890618362,0.0,0.5,0.5,0.43709752117164263,True,0,M03214,25,T029,"POLYGON ((15370126.94 5025944.148, 15373126.94 5025944.148, 15373126.94 5022944.148, 15370126.94 5022944.148, 15370126.94 5025944.148))"
15374438.105,5024384.4325,2,喜山期|海西期,"{""喜山期"": 658, ""海西期"": 887}",0.6899880889458194,0.0,0.5,0.5,0.4414958311310368,True,0,M03215,25,T029,"POLYGON ((15373126.94 5025944.148, 15376126.94 5025944.148, 15376126.94 5022944.148, 15373126.94 5022944.148, 15373126.94 5025944.148))"
15383438.105,5024384.4325,2,喜山期|海西期,"{""喜山期"": 805, ""海西期"": 1070}",0.7638515472581744,0.0,0.5,0.5,0.467348041540361,True,0,M03218,25,T029,"POLYGON ((15382126.94 5025944.148, 15385126.94 5025944.148, 15385126.94 5022944.148, 15382126.94 5022944.148, 15382126.94 5025944.148))"
15389438.105,5024384.4325,2,喜山期|海西期,"{""喜山期"": 903, ""海西期"": 1192}",0.6846885452825491,0.0,0.5,0.5,0.43964099084889213,True,0,M03220,26,T030,"POLYGON ((15388126.94 5025944.148, 15391126.94 5025944.148, 15391126.94 5022944.148, 15388126.94 5022944.148, 15388126.94 5025944.148))"
15392438.105,5024384.4325,2,喜山期|海西期,"{""喜山期"": 952, ""海西期"": 1253}",0.7145054813431785,0.0,0.5,0.6666666666666666,0.4750769184701124,True,0,M03221,26,T030,"POLYGON ((15391126.94 5025944.148, 15394126.94 5025944.148, 15394126.94 5022944.148, 15391126.94 5022944.148, 15391126.94 5025944.148))"
15395438.105,5024384.4325,2,喜山期|海西期,"{""喜山期"": 1001, ""海西期"": 1314}",0.736765041051006,0.0,0.5,0.6666666666666666,0.48286776436785206,True,0,M03222,26,T030,"POLYGON ((15394126.94 5025944.148, 15397126.94 5025944.148, 15397126.94 5022944.148, 15394126.94 5022944.148, 15394126.94 5025944.148))"
15398438.105,5024384.4325,2,喜山期|海西期,"{""喜山期"": 1050, ""海西期"": 1375}",0.7505300036102243,0.0,0.5,1.0,0.5376855012635785,True,0,M03223,26,T030,"POLYGON ((15397126.94 5025944.148, 15400126.94 5025944.148, 15400126.94 5022944.148, 15397126.94 5022944.148, 15397126.94 5025944.148))"
15401438.105,5024384.4325,2,喜山期|海西期,"{""喜山期"": 1099, ""海西期"": 1436}",0.7662419007467861,0.0,0.5,1.0,0.5431846652613751,True,0,M03224,28,T032,"POLYGON ((15400126.94 5025944.148, 15403126.94 5025944.148, 15403126.94 5022944.148, 15400126.94 5022944.148, 15400126.94 5025944.148))"
15404438.105,5024384.4325,2,喜山期|海西期,"{""喜山期"": 1148, ""海西期"": 1497}",0.7739493466329659,0.0,0.5,1.0,0.545882271321538,True,0,M03225,28,T032,"POLYGON ((15403126.94 5025944.148, 15406126.94 5025944.148, 15406126.94 5022944.148, 15403126.94 5022944.148, 15403126.94 5025944.148))"
15407438.105,5024384.4325,2,喜山期|海西期,"{""喜山期"": 1197, ""海西期"": 1558}",0.7783314118265139,0.0,0.5,1.0,0.5474159941392799,True,0,M03226,28,T032,"POLYGON ((15406126.94 5025944.148, 15409126.94 5025944.148, 15409126.94 5022944.148, 15406126.94 5022944.148, 15406126.94 5025944.148))"
15410438.105,5024384.4325,2,喜山期|海西期,"{""喜山期"": 1246, ""海西期"": 1619}",0.7781166487448725,0.0,0.5,1.0,0.5473408270607053,True,0,M03227,28,T032,"POLYGON ((15409126.94 5025944.148, 15412126.94 5025944.148, 15412126.94 5022944.148, 15409126.94 5022944.148, 15409126.94 5025944.148))"
15413438.105,5024384.4325,2,喜山期|海西期,"{""喜山期"": 1295, ""海西期"": 1680}",0.77213026711979,0.0,0.5,1.0,0.5452455934919265,True,0,M03228,30,T036,"POLYGON ((15412126.94 5025944.148, 15415126.94 5025944.148, 15415126.94 5022944.148, 15412126.94 5022944.148, 15412126.94 5025944.148))"
15416438.105,5024384.4325,2,喜山期|海西期,"{""喜山期"": 1344, ""海西期"": 1741}",0.7675034249379253,0.0,0.5,1.0,0.5436261987282739,True,0,M03229,30,T036,"POLYGON ((15415126.94 5025944.148, 15418126.94 5025944.148, 15418126.94 5022944.148, 15415126.94 5022944.148, 15415126.94 5025944.148))"
15419438.105,5024384.4325,2,喜山期|海西期,"{""喜山期"": 1393, ""海西期"": 1802}",0.7573033624031499,0.0,0.5,0.6666666666666666,0.4900561768411024,True,0,M03230,27,T031,"POLYGON ((15418126.94 5025944.148, 15421126.94 5025944.148, 15421126.94 5022944.148, 15418126.94 5022944.148, 15418126.94 5025944.148))"
15422438.105,5024384.4325,2,喜山期|海西期,"{""喜山期"": 1442, ""海西期"": 1863}",0.7444025357324164,0.0,0.5,0.5,0.46054088750634575,True,0,M03231,27,T031,"POLYGON ((15421126.94 5025944.148, 15424126.94 5025944.148, 15424126.94 5022944.148, 15421126.94 5022944.148, 15421126.94 5025944.148))"
15425438.105,5024384.4325,2,喜山期|海西期,"{""喜山期"": 1491, ""海西期"": 1924}",0.7367139965183072,0.0,0.5,0.5,0.4578498987814075,True,0,M03232,27,T031,"POLYGON ((15424126.94 5025944.148, 15427126.94 5025944.148, 15427126.94 5022944.148, 15424126.94 5022944.148, 15424126.94 5025944.148))"
15428438.105,5024384.4325,2,喜山期|海西期,"{""喜山期"": 1540, ""海西期"": 1985}",0.7244097223569382,0.0,0.5,0.5,0.4535434028249284,True,0,M03233,27,T031,"POLYGON ((15427126.94 5025944.148, 15430126.94 5025944.148, 15430126.94 5022944.148, 15427126.94 5022944.148, 15427126.94 5025944.148))"
15431438.105,5024384.4325,2,喜山期|海西期,"{""喜山期"": 1589, ""海西期"": 2046}",0.7142429815259779,0.0,0.5,0.5,0.44998504353409224,True,0,M03234,24,T028,"POLYGON ((15430126.94 5025944.148, 15433126.94 5025944.148, 15433126.94 5022944.148, 15430126.94 5022944.148, 15430126.94 5025944.148))"
15434438.105,5024384.4325,2,喜山期|海西期,"{""喜山期"": 1638, ""海西期"": 2107}",0.6933657676521713,0.0,0.5,0.5,0.44267801867825995,True,0,M03235,24,T028,"POLYGON ((15433126.94 5025944.148, 15436126.94 5025944.148, 15436126.94 5022944.148, 15433126.94 5022944.148, 15433126.94 5025944.148))"
15446438.105,5024384.4325,2,喜山期|海西期,"{""喜山期"": 1834, ""海西期"": 2351}",0.7666057236132048,0.0,0.5,1.0,0.5433120032646217,True,0,M03239,29,T033,"POLYGON ((15445126.94 5025944.148, 15448126.94 5025944.148, 15448126.94 5022944.148, 15445126.94 5022944.148, 15445126.94 5025944.148))"
15452438.105,5024384.4325,2,喜山期|海西期,"{""喜山期"": 1932, ""海西期"": 2473}",0.6846240258288717,0.0,0.5,0.5,0.43961840904010513,True,0,M03241,23,T027,"POLYGON ((15451126.94 5025944.148, 15454126.94 5025944.148, 15454126.94 5022944.148, 15451126.94 5022944.148, 15451126.94 5025944.148))"
15455438.105,5024384.4325,2,喜山期|海西期,"{""喜山期"": 1981, ""海西期"": 2534}",0.7538876962580706,0.0,0.5,1.0,0.5388606936903247,True,0,M03242,23,T027,"POLYGON ((15454126.94 5025944.148, 15457126.94 5025944.148, 15457126.94 5022944.148, 15454126.94 5022944.148, 15454126.94 5025944.148))"
15458438.105,5024384.4325,2,喜山期|海西期,"{""喜山期"": 2030, ""海西期"": 2595}",0.7470933068391217,0.0,0.5,1.0,0.5364826573936926,True,0,M03243,23,T027,"POLYGON ((15457126.94 5025944.148, 15460126.94 5025944.148, 15460126.94 5022944.148, 15457126.94 5022944.148, 15457126.94 5025944.148))"
15461438.105,5024384.4325,2,喜山期|海西期,"{""喜山期"": 2079, ""海西期"": 2656}",0.6803150455426463,0.0,0.5,0.5,0.43811026593992625,True,0,M03244,23,T027,"POLYGON ((15460126.94 5025944.148, 15463126.94 5025944.148, 15463126.94 5022944.148, 15460126.94 5022944.148, 15460126.94 5025944.148))"
15464438.105,5024384.4325,2,喜山期|海西期,"{""喜山期"": 2128, ""海西期"": 2717}",0.7647071176930138,0.0,0.5,1.0,0.5426474911925548,True,0,M03245,23,T027,"POLYGON ((15463126.94 5025944.148, 15466126.94 5025944.148, 15466126.94 5022944.148, 15463126.94 5022944.148, 15463126.94 5025944.148))"
15470438.105,5024384.4325,2,喜山期|海西期,"{""喜山期"": 2226, ""海西期"": 2839}",0.6961984606656163,0.0,0.5,0.5,0.4436694612329657,True,0,M03247,57,T035,"POLYGON ((15469126.94 5025944.148, 15472126.94 5025944.148, 15472126.94 5022944.148, 15469126.94 5022944.148, 15469126.94 5025944.148))"
15473438.105,5024384.4325,2,喜山期|海西期,"{""喜山期"": 2275, ""海西期"": 2900}",0.6903235692135907,0.0,0.5,0.5,0.44161324922475675,True,0,M03248,57,T035,"POLYGON ((15472126.94 5025944.148, 15475126.94 5025944.148, 15475126.94 5022944.148, 15472126.94 5022944.148, 15472126.94 5025944.148))"
15476438.105,5024384.4325,2,喜山期|海西期,"{""喜山期"": 2324, ""海西期"": 2961}",0.6978187937990891,0.0,0.5,0.5,0.4442365778296812,True,0,M03249,56,T034,"POLYGON ((15475126.94 5025944.148, 15478126.94 5025944.148, 15478126.94 5022944.148, 15475126.94 5022944.148, 15475126.94 5025944.148))"
15479438.105,5024384.4325,2,喜山期|海西期,"{""喜山期"": 2373, ""海西期"": 3022}",0.6894559514333805,0.0,0.5,0.5,0.44130958300168316,True,0,M03250,56,T034,"POLYGON ((15478126.94 5025944.148, 15481126.94 5025944.148, 15481126.94 5022944.148, 15478126.94 5022944.148, 15478126.94 5025944.148))"
15482438.105,5024384.4325,2,喜山期|海西期,"{""喜山期"": 2422, ""海西期"": 3083}",0.7076702145153699,0.0,0.5,0.5,0.44768457508037945,True,0,M03251,56,T034,"POLYGON ((15481126.94 5025944.148, 15484126.94 5025944.148, 15484126.94 5022944.148, 15481126.94 5022944.148, 15481126.94 5025944.148))"
15374438.105,5021384.4325,2,喜山期|海西期,"{""喜山期"": 659, ""海西期"": 888}",0.6922645845750008,0.0,0.5,0.5,0.44229260460125025,True,0,M03331,31,T037,"POLYGON ((15373126.94 5022944.148, 15376126.94 5022944.148, 15376126.94 5019944.148, 15373126.94 5019944.148, 15373126.94 5022944.148))"
15383438.105,5021384.4325,2,喜山期|海西期,"{""喜山期"": 806, ""海西期"": 1071}",0.8498082422744034,0.0,0.5,1.0,0.5724328847960412,True,0,M03334,25,T029,"POLYGON ((15382126.94 5022944.148, 15385126.94 5022944.148, 15385126.94 5019944.148, 15382126.94 5019944.148, 15382126.94 5022944.148))"
15386438.105,5021384.4325,2,喜山期|海西期,"{""喜山期"": 855, ""海西期"": 1132}",0.8527185466544143,0.0,0.5,1.0,0.5734514913290449,True,0,M03335,32,T038,"POLYGON ((15385126.94 5022944.148, 15388126.94 5022944.148, 15388126.94 5019944.148, 15385126.94 5019944.148, 15385126.94 5022944.148))"
15389438.105,5021384.4325,2,喜山期|海西期,"{""喜山期"": 904, ""海西期"": 1193}",0.7676466351446034,0.0,0.5,1.0,0.5436763223006111,True,0,M03336,32,T038,"POLYGON ((15388126.94 5022944.148, 15391126.94 5022944.148, 15391126.94 5019944.148, 15388126.94 5019944.148, 15388126.94 5022944.148))"
15392438.105,5021384.4325,2,喜山期|海西期,"{""喜山期"": 953, ""海西期"": 1254}",0.7704021694374068,0.0,0.5,1.0,0.5446407593030923,True,0,M03337,26,T030,"POLYGON ((15391126.94 5022944.148, 15394126.94 5022944.148, 15394126.94 5019944.148, 15391126.94 5019944.148, 15391126.94 5022944.148))"
15395438.105,5021384.4325,2,喜山期|海西期,"{""喜山期"": 1002, ""海西期"": 1315}",0.7751999376840863,0.0,0.5,1.0,0.5463199781894302,True,0,M03338,26,T030,"POLYGON ((15394126.94 5022944.148, 15397126.94 5022944.148, 15397126.94 5019944.148, 15394126.94 5019944.148, 15394126.94 5022944.148))"
15398438.105,5021384.4325,2,喜山期|海西期,"{""喜山期"": 1051, ""海西期"": 1376}",0.7782583269191913,0.0,0.5,1.0,0.5473904144217169,True,0,M03339,28,T032,"POLYGON ((15397126.94 5022944.148, 15400126.94 5022944.148, 15400126.94 5019944.148, 15397126.94 5019944.148, 15397126.94 5022944.148))"
15401438.105,5021384.4325,2,喜山期|海西期,"{""喜山期"": 1100, ""海西期"": 1437}",0.7877932436776058,0.0,0.5,1.0,0.5507276352871621,True,0,M03340,28,T032,"POLYGON ((15400126.94 5022944.148, 15403126.94 5022944.148, 15403126.94 5019944.148, 15400126.94 5019944.148, 15400126.94 5022944.148))"
15404438.105,5021384.4325,2,喜山期|海西期,"{""喜山期"": 1149, ""海西期"": 1498}",0.7911375310423083,0.0,0.5,1.0,0.5518981358648078,True,0,M03341,28,T032,"POLYGON ((15403126.94 5022944.148, 15406126.94 5022944.148, 15406126.94 5019944.148, 15403126.94 5019944.148, 15403126.94 5022944.148))"
15407438.105,5021384.4325,2,喜山期|海西期,"{""喜山期"": 1198, ""海西期"": 1559}",0.7939916725087834,0.0,0.5,1.0,0.5528970853780741,True,0,M03342,28,T032,"POLYGON ((15406126.94 5022944.148, 15409126.94 5022944.148, 15409126.94 5019944.148, 15406126.94 5019944.148, 15406126.94 5022944.148))"
15410438.105,5021384.4325,2,喜山期|海西期,"{""喜山期"": 1247, ""海西期"": 1620}",0.791592405377354,0.0,0.5,1.0,0.5520573418820739,True,0,M03343,30,T036,"POLYGON ((15409126.94 5022944.148, 15412126.94 5022944.148, 15412126.94 5019944.148, 15409126.94 5019944.148, 15409126.94 5022944.148))"
15413438.105,5021384.4325,2,喜山期|海西期,"{""喜山期"": 1296, ""海西期"": 1681}",0.7860361418371475,0.0,0.5,1.0,0.5501126496430017,True,0,M03344,30,T036,"POLYGON ((15412126.94 5022944.148, 15415126.94 5022944.148, 15415126.94 5019944.148, 15412126.94 5019944.148, 15412126.94 5022944.148))"
15416438.105,5021384.4325,2,喜山期|海西期,"{""喜山期"": 1345, ""海西期"": 1742}",0.7834384765151874,0.0,0.5,1.0,0.5492034667803155,True,0,M03345,30,T036,"POLYGON ((15415126.94 5022944.148, 15418126.94 5022944.148, 15418126.94 5019944.148, 15415126.94 5019944.148, 15415126.94 5022944.148))"
15419438.105,5021384.4325,2,喜山期|海西期,"{""喜山期"": 1394, ""海西期"": 1803}",0.7775193302193283,0.0,0.5,1.0,0.5471317655767649,True,0,M03346,30,T036,"POLYGON ((15418126.94 5022944.148, 15421126.94 5022944.148, 15421126.94 5019944.148, 15418126.94 5019944.148, 15418126.94 5022944.148))"
15422438.105,5021384.4325,2,喜山期|海西期,"{""喜山期"": 1443, ""海西期"": 1864}",0.7657632799101712,0.0,0.5,0.6666666666666666,0.4930171479685599,True,0,M03347,27,T031,"POLYGON ((15421126.94 5022944.148, 15424126.94 5022944.148, 15424126.94 5019944.148, 15421126.94 5019944.148, 15421126.94 5022944.148))"
15425438.105,5021384.4325,2,喜山期|海西期,"{""喜山期"": 1492, ""海西期"": 1925}",0.7575884945165676,0.0,0.5,0.5,0.46515597308079865,True,0,M03348,27,T031,"POLYGON ((15424126.94 5022944.148, 15427126.94 5022944.148, 15427126.94 5019944.148, 15424126.94 5019944.148, 15424126.94 5022944.148))"
15428438.105,5021384.4325,2,喜山期|海西期,"{""喜山期"": 1541, ""海西期"": 1986}",0.7459127366306052,0.0,0.5,0.5,0.4610694578207118,True,0,M03349,27,T031,"POLYGON ((15427126.94 5022944.148, 15430126.94 5022944.148, 15430126.94 5019944.148, 15427126.94 5019944.148, 15427126.94 5022944.148))"
15431438.105,5021384.4325,2,喜山期|海西期,"{""喜山期"": 1590, ""海西期"": 2047}",0.7325198142022782,0.0,0.5,0.5,0.4563819349707974,True,0,M03350,27,T031,"POLYGON ((15430126.94 5022944.148, 15433126.94 5022944.148, 15433126.94 5019944.148, 15430126.94 5019944.148, 15430126.94 5022944.148))"
15434438.105,5021384.4325,2,喜山期|海西期,"{""喜山期"": 1639, ""海西期"": 2108}",0.707915165598273,0.0,0.5,0.5,0.4477703079593956,True,0,M03351,24,T028,"POLYGON ((15433126.94 5022944.148, 15436126.94 5022944.148, 15436126.94 5019944.148, 15433126.94 5019944.148, 15433126.94 5022944.148))"
15437438.105,5021384.4325,2,喜山期|海西期,"{""喜山期"": 1688, ""海西期"": 2169}",0.6835350293727411,0.0,0.5,0.5,0.4392372602804594,True,0,M03352,24,T028,"POLYGON ((15436126.94 5022944.148, 15439126.94 5022944.148, 15439126.94 5019944.148, 15436126.94 5019944.148, 15436126.94 5022944.148))"
15446438.105,5021384.4325,2,喜山期|海西期,"{""喜山期"": 1835, ""海西期"": 2352}",0.7773976729224323,0.0,0.5,1.0,0.5470891855228512,True,0,M03355,29,T033,"POLYGON ((15445126.94 5022944.148, 15448126.94 5022944.148, 15448126.94 5019944.148, 15445126.94 5019944.148, 15445126.94 5022944.148))"
15452438.105,5021384.4325,2,喜山期|海西期,"{""喜山期"": 1933, ""海西期"": 2474}",0.6905646205777611,0.0,0.5,0.5,0.4416976172022164,True,0,M03357,29,T033,"POLYGON ((15451126.94 5022944.148, 15454126.94 5022944.148, 15454126.94 5019944.148, 15451126.94 5019944.148, 15451126.94 5022944.148))"
15455438.105,5021384.4325,2,喜山期|海西期,"{""喜山期"": 1982, ""海西期"": 2535}",0.7608849755078761,0.0,0.5,1.0,0.5413097414277567,True,0,M03358,29,T033,"POLYGON ((15454126.94 5022944.148, 15457126.94 5022944.148, 15457126.94 5019944.148, 15454126.94 5019944.148, 15454126.94 5022944.148))"
15458438.105,5021384.4325,2,喜山期|海西期,"{""喜山期"": 2031, ""海西期"": 2596}",0.760219237809922,0.0,0.5,1.0,0.5410767332334726,True,0,M03359,29,T033,"POLYGON ((15457126.94 5022944.148, 15460126.94 5022944.148, 15460126.94 5019944.148, 15457126.94 5019944.148, 15457126.94 5022944.148))"
15461438.105,5021384.4325,2,喜山期|海西期,"{""喜山期"": 2080, ""海西期"": 2657}",0.713784973488379,0.0,0.5,0.5,0.44982474072093265,True,0,M03360,23,T027,"POLYGON ((15460126.94 5022944.148, 15463126.94 5022944.148, 15463126.94 5019944.148, 15460126.94 5019944.148, 15460126.94 5022944.148))"
15464438.105,5021384.4325,2,喜山期|海西期,"{""喜山期"": 2129, ""海西期"": 2718}",0.7818489233045699,0.0,0.5,1.0,0.5486471231565995,True,0,M03361,23,T027,"POLYGON ((15463126.94 5022944.148, 15466126.94 5022944.148, 15466126.94 5019944.148, 15463126.94 5019944.148, 15463126.94 5022944.148))"
15470438.105,5021384.4325,2,喜山期|海西期,"{""喜山期"": 2227, ""海西期"": 2840}",0.7224090273713497,0.0,0.5,0.5,0.4528431595799724,True,0,M03363,57,T035,"POLYGON ((15469126.94 5022944.148, 15472126.94 5022944.148, 15472126.94 5019944.148, 15469126.94 5019944.148, 15469126.94 5022944.148))"
15473438.105,5021384.4325,2,喜山期|海西期,"{""喜山期"": 2276, ""海西期"": 2901}",0.7057944149859824,0.0,0.5,0.5,0.4470280452450938,True,0,M03364,57,T035,"POLYGON ((15472126.94 5022944.148, 15475126.94 5022944.148, 15475126.94 5019944.148, 15472126.94 5019944.148, 15472126.94 5022944.148))"
15476438.105,5021384.4325,2,喜山期|海西期,"{""喜山期"": 2325, ""海西期"": 2962}",0.7052820546185452,0.0,0.5,0.5,0.4468487191164908,True,0,M03365,56,T034,"POLYGON ((15475126.94 5022944.148, 15478126.94 5022944.148, 15478126.94 5019944.148, 15475126.94 5019944.148, 15475126.94 5022944.148))"
15479438.105,5021384.4325,2,喜山期|海西期,"{""喜山期"": 2374, ""海西期"": 3023}",0.6987813627666595,0.0,0.5,0.5,0.44457347696833077,True,0,M03366,56,T034,"POLYGON ((15478126.94 5022944.148, 15481126.94 5022944.148, 15481126.94 5019944.148, 15478126.94 5019944.148, 15478126.94 5022944.148))"
15482438.105,5021384.4325,2,喜山期|海西期,"{""喜山期"": 2423, ""海西期"": 3084}",0.7885257590847279,0.0,0.5,0.5,0.47598401567965476,True,0,M03367,56,T034,"POLYGON ((15481126.94 5022944.148, 15484126.94 5022944.148, 15484126.94 5019944.148, 15481126.94 5019944.148, 15481126.94 5022944.148))"
15485438.105,5021384.4325,2,喜山期|海西期,"{""喜山期"": 2472, ""海西期"": 3145}",0.744758758126611,0.0,0.5,0.5,0.46066556534431385,True,0,M03368,56,T034,"POLYGON ((15484126.94 5022944.148, 15487126.94 5022944.148, 15487126.94 5019944.148, 15484126.94 5019944.148, 15484126.94 5022944.148))"
15371438.105,5018384.4325,2,喜山期|海西期,"{""喜山期"": 611, ""海西期"": 828}",0.6815137564070538,0.0,0.5,0.5,0.4385298147424688,True,0,M03446,31,T037,"POLYGON ((15370126.94 5019944.148, 15373126.94 5019944.148, 15373126.94 5016944.148, 15370126.94 5016944.148, 15370126.94 5019944.148))"
15374438.105,5018384.4325,2,喜山期|海西期,"{""喜山期"": 660, ""海西期"": 889}",0.70552965193916,0.0,0.5,0.5,0.446935378178706,True,0,M03447,31,T037,"POLYGON ((15373126.94 5019944.148, 15376126.94 5019944.148, 15376126.94 5016944.148, 15373126.94 5016944.148, 15373126.94 5019944.148))"
15377438.105,5018384.4325,2,喜山期|海西期,"{""喜山期"": 709, ""海西期"": 950}",0.6977861684736193,0.0,0.5,0.5,0.44422515896576675,True,0,M03448,31,T037,"POLYGON ((15376126.94 5019944.148, 15379126.94 5019944.148, 15379126.94 5016944.148, 15376126.94 5016944.148, 15376126.94 5019944.148))"
15380438.105,5018384.4325,2,喜山期|海西期,"{""喜山期"": 758, ""海西期"": 1011}",0.8086245139900917,0.0,0.5,0.5,0.4830185798965321,True,0,M03449,31,T037,"POLYGON ((15379126.94 5019944.148, 15382126.94 5019944.148, 15382126.94 5016944.148, 15379126.94 5016944.148, 15379126.94 5019944.148))"
15383438.105,5018384.4325,2,喜山期|海西期,"{""喜山期"": 807, ""海西期"": 1072}",0.8520613570006468,0.0,0.5,1.0,0.5732214749502264,True,0,M03450,32,T038,"POLYGON ((15382126.94 5019944.148, 15385126.94 5019944.148, 15385126.94 5016944.148, 15382126.94 5016944.148, 15382126.94 5019944.148))"
15386438.105,5018384.4325,2,喜山期|海西期,"{""喜山期"": 856, ""海西期"": 1133}",0.8562220086993573,0.0,0.5,1.0,0.5746777030447751,True,0,M03451,32,T038,"POLYGON ((15385126.94 5019944.148, 15388126.94 5019944.148, 15388126.94 5016944.148, 15385126.94 5016944.148, 15385126.94 5019944.148))"
15401438.105,5018384.4325,2,喜山期|海西期,"{""喜山期"": 1101, ""海西期"": 1438}",0.7104344883564049,0.0,0.5,0.5,0.44865207092474174,True,0,M03456,28,T032,"POLYGON ((15400126.94 5019944.148, 15403126.94 5019944.148, 15403126.94 5016944.148, 15400126.94 5016944.148, 15400126.94 5019944.148))"
15404438.105,5018384.4325,2,喜山期|海西期,"{""喜山期"": 1150, ""海西期"": 1499}",0.729714593314549,0.0,0.5,0.5,0.45540010766009215,True,0,M03457,28,T032,"POLYGON ((15403126.94 5019944.148, 15406126.94 5019944.148, 15406126.94 5016944.148, 15403126.94 5016944.148, 15403126.94 5019944.148))"
15407438.105,5018384.4325,2,喜山期|海西期,"{""喜山期"": 1199, ""海西期"": 1560}",0.745226142401214,0.0,0.5,0.5,0.4608291498404249,True,0,M03458,28,T032,"POLYGON ((15406126.94 5019944.148, 15409126.94 5019944.148, 15409126.94 5016944.148, 15406126.94 5016944.148, 15406126.94 5019944.148))"
15410438.105,5018384.4325,2,喜山期|海西期,"{""喜山期"": 1248, ""海西期"": 1621}",0.7468832791302273,0.0,0.5,0.5,0.46140914769557956,True,0,M03459,28,T032,"POLYGON ((15409126.94 5019944.148, 15412126.94 5019944.148, 15412126.94 5016944.148, 15409126.94 5016944.148, 15409126.94 5019944.148))"
15413438.105,5018384.4325,2,喜山期|海西期,"{""喜山期"": 1297, ""海西期"": 1682}",0.7416859986269408,0.0,0.5,0.5,0.4595900995194293,True,0,M03460,30,T036,"POLYGON ((15412126.94 5019944.148, 15415126.94 5019944.148, 15415126.94 5016944.148, 15412126.94 5016944.148, 15412126.94 5019944.148))"
15416438.105,5018384.4325,2,喜山期|海西期,"{""喜山期"": 1346, ""海西期"": 1743}",0.7424020148414143,0.0,0.5,0.5,0.459840705194495,True,0,M03461,30,T036,"POLYGON ((15415126.94 5019944.148, 15418126.94 5019944.148, 15418126.94 5016944.148, 15415126.94 5016944.148, 15415126.94 5019944.148))"
15419438.105,5018384.4325,2,喜山期|海西期,"{""喜山期"": 1395, ""海西期"": 1804}",0.7351808151347288,0.0,0.5,0.5,0.4573132852971551,True,0,M03462,34,T040,"POLYGON ((15418126.94 5019944.148, 15421126.94 5019944.148, 15421126.94 5016944.148, 15418126.94 5016944.148, 15418126.94 5019944.148))"
15422438.105,5018384.4325,2,喜山期|海西期,"{""喜山期"": 1444, ""海西期"": 1865}",0.7255845126251901,0.0,0.5,0.5,0.4539545794188165,True,0,M03463,34,T040,"POLYGON ((15421126.94 5019944.148, 15424126.94 5019944.148, 15424126.94 5016944.148, 15421126.94 5016944.148, 15421126.94 5019944.148))"
15425438.105,5018384.4325,2,喜山期|海西期,"{""喜山期"": 1493, ""海西期"": 1926}",0.7160143243035944,0.0,0.5,0.5,0.45060501350625803,True,0,M03464,27,T031,"POLYGON ((15424126.94 5019944.148, 15427126.94 5019944.148, 15427126.94 5016944.148, 15424126.94 5016944.148, 15424126.94 5019944.148))"
15428438.105,5018384.4325,2,喜山期|海西期,"{""喜山期"": 1542, ""海西期"": 1987}",0.7003135344016373,0.0,0.5,0.5,0.44510973704057305,True,0,M03465,27,T031,"POLYGON ((15427126.94 5019944.148, 15430126.94 5019944.148, 15430126.94 5016944.148, 15427126.94 5016944.148, 15427126.94 5019944.148))"
15431438.105,5018384.4325,2,喜山期|海西期,"{""喜山期"": 1591, ""海西期"": 2048}",0.6847511148768599,0.0,0.5,0.5,0.43966289020690097,True,0,M03466,27,T031,"POLYGON ((15430126.94 5019944.148, 15433126.94 5019944.148, 15433126.94 5016944.148, 15430126.94 5016944.148, 15430126.94 5019944.148))"
15446438.105,5018384.4325,2,喜山期|海西期,"{""喜山期"": 1836, ""海西期"": 2353}",0.7319259079306252,0.0,0.5,0.5,0.4561740677757188,True,0,M03471,33,T039,"POLYGON ((15445126.94 5019944.148, 15448126.94 5019944.148, 15448126.94 5016944.148, 15445126.94 5016944.148, 15445126.94 5019944.148))"
15455438.105,5018384.4325,2,喜山期|海西期,"{""喜山期"": 1983, ""海西期"": 2536}",0.6901357907928237,0.0,0.5,0.5,0.44154752677748826,True,0,M03474,29,T033,"POLYGON ((15454126.94 5019944.148, 15457126.94 5019944.148, 15457126.94 5016944.148, 15454126.94 5016944.148, 15454126.94 5019944.148))"
15458438.105,5018384.4325,2,喜山期|海西期,"{""喜山期"": 2032, ""海西期"": 2597}",0.6814944319079762,0.0,0.5,0.5,0.43852305116779167,True,0,M03475,29,T033,"POLYGON ((15457126.94 5019944.148, 15460126.94 5019944.148, 15460126.94 5016944.148, 15457126.94 5016944.148, 15457126.94 5019944.148))"
15482438.105,5018384.4325,2,喜山期|海西期,"{""喜山期"": 2424, ""海西期"": 3085}",0.7915058928032978,0.0,0.5,0.5,0.47702706248115423,True,0,M03483,56,T034,"POLYGON ((15481126.94 5019944.148, 15484126.94 5019944.148, 15484126.94 5016944.148, 15481126.94 5016944.148, 15481126.94 5019944.148))"
15485438.105,5018384.4325,2,喜山期|海西期,"{""喜山期"": 2473, ""海西期"": 3146}",0.75331258474054,0.0,0.5,0.5,0.463659404659189,True,0,M03484,56,T034,"POLYGON ((15484126.94 5019944.148, 15487126.94 5019944.148, 15487126.94 5016944.148, 15484126.94 5016944.148, 15484126.94 5019944.148))"
15488438.105,5018384.4325,2,喜山期|海西期,"{""喜山期"": 2522, ""海西期"": 3207}",0.7095978668737497,0.0,0.5,0.5,0.4483592534058124,True,0,M03485,56,T034,"POLYGON ((15487126.94 5019944.148, 15490126.94 5019944.148, 15490126.94 5016944.148, 15487126.94 5016944.148, 15487126.94 5019944.148))"
15371438.105,5015384.4325,2,喜山期|海西期,"{""喜山期"": 612, ""海西期"": 829}",0.6746260174709389,0.0,0.5,0.5,0.43611910611482857,True,0,M03562,31,T037,"POLYGON ((15370126.94 5016944.148, 15373126.94 5016944.148, 15373126.94 5013944.148, 15370126.94 5013944.148, 15370126.94 5016944.148))"
15374438.105,5015384.4325,2,喜山期|海西期,"{""喜山期"": 661, ""海西期"": 890}",0.7058814274602077,0.0,0.5,0.5,0.44705849961107264,True,0,M03563,31,T037,"POLYGON ((15373126.94 5016944.148, 15376126.94 5016944.148, 15376126.94 5013944.148, 15373126.94 5013944.148, 15373126.94 5016944.148))"
15380438.105,5015384.4325,2,喜山期|海西期,"{""喜山期"": 759, ""海西期"": 1012}",0.7283347196236533,0.0,0.5,0.5,0.45491715186827864,True,0,M03565,32,T038,"POLYGON ((15379126.94 5016944.148, 15382126.94 5016944.148, 15382126.94 5013944.148, 15379126.94 5013944.148, 15379126.94 5016944.148))"
15383438.105,5015384.4325,2,喜山期|海西期,"{""喜山期"": 808, ""海西期"": 1073}",0.846642088490388,0.0,0.5,1.0,0.5713247309716358,True,0,M03566,32,T038,"POLYGON ((15382126.94 5016944.148, 15385126.94 5016944.148, 15385126.94 5013944.148, 15382126.94 5013944.148, 15382126.94 5016944.148))"
15386438.105,5015384.4325,2,喜山期|海西期,"{""喜山期"": 857, ""海西期"": 1134}",0.8584320872438707,0.0,0.5,1.0,0.5754512305353547,True,0,M03567,32,T038,"POLYGON ((15385126.94 5016944.148, 15388126.94 5016944.148, 15388126.94 5013944.148, 15385126.94 5013944.148, 15385126.94 5016944.148))"
15389438.105,5015384.4325,2,喜山期|海西期,"{""喜山期"": 906, ""海西期"": 1195}",0.7711926284969758,0.0,0.5,1.0,0.5449174199739415,True,0,M03568,32,T038,"POLYGON ((15388126.94 5016944.148, 15391126.94 5016944.148, 15391126.94 5013944.148, 15388126.94 5013944.148, 15388126.94 5016944.148))"
15392438.105,5015384.4325,2,喜山期|海西期,"{""喜山期"": 955, ""海西期"": 1256}",0.7675727842211013,0.0,0.5,1.0,0.5436504744773855,True,0,M03569,35,T042,"POLYGON ((15391126.94 5016944.148, 15394126.94 5016944.148, 15394126.94 5013944.148, 15391126.94 5013944.148, 15391126.94 5016944.148))"
15395438.105,5015384.4325,2,喜山期|海西期,"{""喜山期"": 1004, ""海西期"": 1317}",0.7634086158117478,0.0,0.5,1.0,0.5421930155341117,True,0,M03570,35,T042,"POLYGON ((15394126.94 5016944.148, 15397126.94 5016944.148, 15397126.94 5013944.148, 15394126.94 5013944.148, 15394126.94 5016944.148))"
15398438.105,5015384.4325,2,喜山期|海西期,"{""喜山期"": 1053, ""海西期"": 1378}",0.7608004351767761,0.0,0.5,1.0,0.5412801523118717,True,0,M03571,28,T032,"POLYGON ((15397126.94 5016944.148, 15400126.94 5016944.148, 15400126.94 5013944.148, 15397126.94 5013944.148, 15397126.94 5016944.148))"
15401438.105,5015384.4325,2,喜山期|海西期,"{""喜山期"": 1102, ""海西期"": 1439}",0.772684340550101,0.0,0.5,0.8333333333333333,0.5204395191925353,True,0,M03572,28,T032,"POLYGON ((15400126.94 5016944.148, 15403126.94 5016944.148, 15403126.94 5013944.148, 15400126.94 5013944.148, 15400126.94 5016944.148))"
15404438.105,5015384.4325,2,喜山期|海西期,"{""喜山期"": 1151, ""海西期"": 1500}",0.773608504251937,0.0,0.5,0.8333333333333333,0.5207629764881779,True,0,M03573,36,T043,"POLYGON ((15403126.94 5016944.148, 15406126.94 5016944.148, 15406126.94 5013944.148, 15403126.94 5013944.148, 15403126.94 5016944.148))"
15407438.105,5015384.4325,2,喜山期|海西期,"{""喜山期"": 1200, ""海西期"": 1561}",0.7787966273799849,0.0,0.5,1.0,0.5475788195829947,True,0,M03574,36,T043,"POLYGON ((15406126.94 5016944.148, 15409126.94 5016944.148, 15409126.94 5013944.148, 15406126.94 5013944.148, 15406126.94 5016944.148))"
15410438.105,5015384.4325,2,喜山期|海西期,"{""喜山期"": 1249, ""海西期"": 1622}",0.7736443677367117,0.0,0.5,1.0,0.5457755287078491,True,0,M03575,36,T043,"POLYGON ((15409126.94 5016944.148, 15412126.94 5016944.148, 15412126.94 5013944.148, 15409126.94 5013944.148, 15409126.94 5016944.148))"
15413438.105,5015384.4325,2,喜山期|海西期,"{""喜山期"": 1298, ""海西期"": 1683}",0.7669902985543087,0.0,0.5,0.5,0.46844660449400805,True,0,M03576,36,T043,"POLYGON ((15412126.94 5016944.148, 15415126.94 5016944.148, 15415126.94 5013944.148, 15412126.94 5013944.148, 15412126.94 5016944.148))"
15416438.105,5015384.4325,2,喜山期|海西期,"{""喜山期"": 1347, ""海西期"": 1744}",0.7673512314505948,0.0,0.5,0.5,0.4685729310077082,True,0,M03577,30,T036,"POLYGON ((15415126.94 5016944.148, 15418126.94 5016944.148, 15418126.94 5013944.148, 15415126.94 5013944.148, 15415126.94 5016944.148))"
15419438.105,5015384.4325,2,喜山期|海西期,"{""喜山期"": 1396, ""海西期"": 1805}",0.7635435042972014,0.0,0.5,0.5,0.4672402265040205,True,0,M03578,30,T036,"POLYGON ((15418126.94 5016944.148, 15421126.94 5016944.148, 15421126.94 5013944.148, 15418126.94 5013944.148, 15418126.94 5016944.148))"
15422438.105,5015384.4325,2,喜山期|海西期,"{""喜山期"": 1445, ""海西期"": 1866}",0.7564834813584989,0.0,0.5,0.5,0.4647692184754746,True,0,M03579,34,T040,"POLYGON ((15421126.94 5016944.148, 15424126.94 5016944.148, 15424126.94 5013944.148, 15421126.94 5013944.148, 15421126.94 5016944.148))"
15425438.105,5015384.4325,2,喜山期|海西期,"{""喜山期"": 1494, ""海西期"": 1927}",0.7475587661250136,0.0,0.5,0.5,0.46164556814375474,True,0,M03580,34,T040,"POLYGON ((15424126.94 5016944.148, 15427126.94 5016944.148, 15427126.94 5013944.148, 15424126.94 5013944.148, 15424126.94 5016944.148))"
15428438.105,5015384.4325,2,喜山期|海西期,"{""喜山期"": 1543, ""海西期"": 1988}",0.7349646941153145,0.0,0.5,0.5,0.45723764294036007,True,0,M03581,34,T040,"POLYGON ((15427126.94 5016944.148, 15430126.94 5016944.148, 15430126.94 5013944.148, 15427126.94 5013944.148, 15427126.94 5016944.148))"
15431438.105,5015384.4325,2,喜山期|海西期,"{""喜山期"": 1592, ""海西期"": 2049}",0.7184578462788576,0.0,0.5,0.5,0.45146024619760017,True,0,M03582,34,T040,"POLYGON ((15430126.94 5016944.148, 15433126.94 5016944.148, 15433126.94 5013944.148, 15430126.94 5013944.148, 15430126.94 5016944.148))"
15434438.105,5015384.4325,2,喜山期|海西期,"{""喜山期"": 1641, ""海西期"": 2110}",0.6892544195402968,0.0,0.5,0.5,0.44123904683910387,True,0,M03583,34,T040,"POLYGON ((15433126.94 5016944.148, 15436126.94 5016944.148, 15436126.94 5013944.148, 15433126.94 5013944.148, 15433126.94 5016944.148))"
15446438.105,5015384.4325,2,喜山期|海西期,"{""喜山期"": 1837, ""海西期"": 2354}",0.7740722922298005,0.0,0.5,1.0,0.5459253022804301,True,0,M03587,33,T039,"POLYGON ((15445126.94 5016944.148, 15448126.94 5016944.148, 15448126.94 5013944.148, 15445126.94 5013944.148, 15445126.94 5016944.148))"
15452438.105,5015384.4325,2,喜山期|海西期,"{""喜山期"": 1935, ""海西期"": 2476}",0.6760777922259704,0.0,0.5,0.5,0.43662722727908965,True,0,M03589,29,T033,"POLYGON ((15451126.94 5016944.148, 15454126.94 5016944.148, 15454126.94 5013944.148, 15451126.94 5013944.148, 15451126.94 5016944.148))"
15455438.105,5015384.4325,2,喜山期|海西期,"{""喜山期"": 1984, ""海西期"": 2537}",0.7473145114204556,0.0,0.5,1.0,0.5365600789971594,True,0,M03590,29,T033,"POLYGON ((15454126.94 5016944.148, 15457126.94 5016944.148, 15457126.94 5013944.148, 15454126.94 5013944.148, 15454126.94 5016944.148))"
15458438.105,5015384.4325,2,喜山期|海西期,"{""喜山期"": 2033, ""海西期"": 2598}",0.7540358159320819,0.0,0.5,1.0,0.5389125355762286,True,0,M03591,37,T044,"POLYGON ((15457126.94 5016944.148, 15460126.94 5016944.148, 15460126.94 5013944.148, 15457126.94 5013944.148, 15457126.94 5016944.148))"
15461438.105,5015384.4325,2,喜山期|海西期,"{""喜山期"": 2082, ""海西期"": 2659}",0.7373147969355771,0.0,0.5,1.0,0.5330601789274519,True,0,M03592,37,T044,"POLYGON ((15460126.94 5016944.148, 15463126.94 5016944.148, 15463126.94 5013944.148, 15460126.94 5013944.148, 15460126.94 5016944.148))"
15464438.105,5015384.4325,2,喜山期|海西期,"{""喜山期"": 2131, ""海西期"": 2720}",0.7729255660088578,0.0,0.5,1.0,0.5455239481031002,True,0,M03593,37,T044,"POLYGON ((15463126.94 5016944.148, 15466126.94 5016944.148, 15466126.94 5013944.148, 15463126.94 5013944.148, 15463126.94 5016944.148))"
15470438.105,5015384.4325,2,喜山期|海西期,"{""喜山期"": 2229, ""海西期"": 2842}",0.6975484945444228,0.0,0.5,0.5,0.444141973090548,True,0,M03595,57,T035,"POLYGON ((15469126.94 5016944.148, 15472126.94 5016944.148, 15472126.94 5013944.148, 15469126.94 5013944.148, 15469126.94 5016944.148))"
15473438.105,5015384.4325,2,喜山期|海西期,"{""喜山期"": 2278, ""海西期"": 2903}",0.6935129472154168,0.0,0.5,0.5,0.4427295315253959,True,0,M03596,57,T035,"POLYGON ((15472126.94 5016944.148, 15475126.94 5016944.148, 15475126.94 5013944.148, 15472126.94 5013944.148, 15472126.94 5016944.148))"
15476438.105,5015384.4325,2,喜山期|海西期,"{""喜山期"": 2327, ""海西期"": 2964}",0.7019475165506749,0.0,0.5,0.5,0.4456816307927362,True,0,M03597,58,T041,"POLYGON ((15475126.94 5016944.148, 15478126.94 5016944.148, 15478126.94 5013944.148, 15475126.94 5013944.148, 15475126.94 5016944.148))"
15479438.105,5015384.4325,2,喜山期|海西期,"{""喜山期"": 2376, ""海西期"": 3025}",0.7070194837707534,0.0,0.5,0.5,0.4474568193197637,True,0,M03598,58,T041,"POLYGON ((15478126.94 5016944.148, 15481126.94 5016944.148, 15481126.94 5013944.148, 15478126.94 5013944.148, 15478126.94 5016944.148))"
15482438.105,5015384.4325,2,喜山期|海西期,"{""喜山期"": 2425, ""海西期"": 3086}",0.795069521937261,0.0,0.5,0.5,0.4782743326780413,True,0,M03599,56,T034,"POLYGON ((15481126.94 5016944.148, 15484126.94 5016944.148, 15484126.94 5013944.148, 15481126.94 5013944.148, 15481126.94 5016944.148))"
15485438.105,5015384.4325,2,喜山期|海西期,"{""喜山期"": 2474, ""海西期"": 3147}",0.7583044659638617,0.0,0.5,0.5,0.46540656308735157,True,0,M03600,58,T041,"POLYGON ((15484126.94 5016944.148, 15487126.94 5016944.148, 15487126.94 5013944.148, 15484126.94 5013944.148, 15484126.94 5016944.148))"
15371438.105,5012384.4325,2,喜山期|海西期,"{""喜山期"": 613, ""海西期"": 830}",0.6845245830011857,0.0,0.5,0.5,0.439583604050415,True,0,M03678,38,T045,"POLYGON ((15370126.94 5013944.148, 15373126.94 5013944.148, 15373126.94 5010944.148, 15370126.94 5010944.148, 15370126.94 5013944.148))"
15374438.105,5012384.4325,2,喜山期|海西期,"{""喜山期"": 662, ""海西期"": 891}",0.7040800707759156,0.0,0.5,0.5,0.44642802477157045,True,0,M03679,31,T037,"POLYGON ((15373126.94 5013944.148, 15376126.94 5013944.148, 15376126.94 5010944.148, 15373126.94 5010944.148, 15373126.94 5013944.148))"
15383438.105,5012384.4325,2,喜山期|海西期,"{""喜山期"": 809, ""海西期"": 1074}",0.7413628094369611,0.0,0.5,1.0,0.5344769833029364,True,0,M03682,32,T038,"POLYGON ((15382126.94 5013944.148, 15385126.94 5013944.148, 15385126.94 5010944.148, 15382126.94 5010944.148, 15382126.94 5013944.148))"
15386438.105,5012384.4325,2,喜山期|海西期,"{""喜山期"": 858, ""海西期"": 1135}",0.7600430540886014,0.0,0.5,1.0,0.5410150689310105,True,0,M03683,32,T038,"POLYGON ((15385126.94 5013944.148, 15388126.94 5013944.148, 15388126.94 5010944.148, 15385126.94 5010944.148, 15385126.94 5013944.148))"
15389438.105,5012384.4325,2,喜山期|海西期,"{""喜山期"": 907, ""海西期"": 1196}",0.7485329646109478,0.0,0.5,1.0,0.5369865376138317,True,0,M03684,35,T042,"POLYGON ((15388126.94 5013944.148, 15391126.94 5013944.148, 15391126.94 5010944.148, 15388126.94 5010944.148, 15388126.94 5013944.148))"
15392438.105,5012384.4325,2,喜山期|海西期,"{""喜山期"": 956, ""海西期"": 1257}",0.743506610172476,0.0,0.5,1.0,0.5352273135603666,True,0,M03685,35,T042,"POLYGON ((15391126.94 5013944.148, 15394126.94 5013944.148, 15394126.94 5010944.148, 15391126.94 5010944.148, 15391126.94 5013944.148))"
15395438.105,5012384.4325,2,喜山期|海西期,"{""喜山期"": 1005, ""海西期"": 1318}",0.7417175445659757,0.0,0.5,1.0,0.5346011405980915,True,0,M03686,35,T042,"POLYGON ((15394126.94 5013944.148, 15397126.94 5013944.148, 15397126.94 5010944.148, 15394126.94 5010944.148, 15394126.94 5013944.148))"
15398438.105,5012384.4325,2,喜山期|海西期,"{""喜山期"": 1054, ""海西期"": 1379}",0.7392307774954792,0.0,0.5,0.5,0.45873077212341773,True,0,M03687,35,T042,"POLYGON ((15397126.94 5013944.148, 15400126.94 5013944.148, 15400126.94 5010944.148, 15397126.94 5010944.148, 15397126.94 5013944.148))"
15401438.105,5012384.4325,2,喜山期|海西期,"{""喜山期"": 1103, ""海西期"": 1440}",0.7485092181093785,0.0,0.5,0.5,0.4619782263382825,True,0,M03688,36,T043,"POLYGON ((15400126.94 5013944.148, 15403126.94 5013944.148, 15403126.94 5010944.148, 15400126.94 5010944.148, 15400126.94 5013944.148))"
15404438.105,5012384.4325,2,喜山期|海西期,"{""喜山期"": 1152, ""海西期"": 1501}",0.7494353316705809,0.0,0.5,0.5,0.4623023660847033,True,0,M03689,36,T043,"POLYGON ((15403126.94 5013944.148, 15406126.94 5013944.148, 15406126.94 5010944.148, 15403126.94 5010944.148, 15403126.94 5013944.148))"
15407438.105,5012384.4325,2,喜山期|海西期,"{""喜山期"": 1201, ""海西期"": 1562}",0.7549882874136478,0.0,0.5,0.5,0.4642459005947767,True,0,M03690,36,T043,"POLYGON ((15406126.94 5013944.148, 15409126.94 5013944.148, 15409126.94 5010944.148, 15406126.94 5010944.148, 15406126.94 5013944.148))"
15410438.105,5012384.4325,2,喜山期|海西期,"{""喜山期"": 1250, ""海西期"": 1623}",0.7533689640287755,0.0,0.5,0.5,0.46367913741007144,True,0,M03691,36,T043,"POLYGON ((15409126.94 5013944.148, 15412126.94 5013944.148, 15412126.94 5010944.148, 15409126.94 5010944.148, 15409126.94 5013944.148))"
15413438.105,5012384.4325,2,喜山期|海西期,"{""喜山期"": 1299, ""海西期"": 1684}",0.7491330686498725,0.0,0.5,0.5,0.4621965740274554,True,0,M03692,36,T043,"POLYGON ((15412126.94 5013944.148, 15415126.94 5013944.148, 15415126.94 5010944.148, 15412126.94 5010944.148, 15412126.94 5013944.148))"
15416438.105,5012384.4325,2,喜山期|海西期,"{""喜山期"": 1348, ""海西期"": 1745}",0.7497146142058995,0.0,0.5,0.5,0.4624001149720648,True,0,M03693,36,T043,"POLYGON ((15415126.94 5013944.148, 15418126.94 5013944.148, 15418126.94 5010944.148, 15415126.94 5010944.148, 15415126.94 5013944.148))"
15419438.105,5012384.4325,2,喜山期|海西期,"{""喜山期"": 1397, ""海西期"": 1806}",0.7438457464265593,0.0,0.5,0.5,0.46034601124929575,True,0,M03694,34,T040,"POLYGON ((15418126.94 5013944.148, 15421126.94 5013944.148, 15421126.94 5010944.148, 15418126.94 5010944.148, 15418126.94 5013944.148))"
15422438.105,5012384.4325,2,喜山期|海西期,"{""喜山期"": 1446, ""海西期"": 1867}",0.7333480866059882,0.0,0.5,0.5,0.45667183031209585,True,0,M03695,34,T040,"POLYGON ((15421126.94 5013944.148, 15424126.94 5013944.148, 15424126.94 5010944.148, 15421126.94 5010944.148, 15421126.94 5013944.148))"
15425438.105,5012384.4325,2,喜山期|海西期,"{""喜山期"": 1495, ""海西期"": 1928}",0.7238229191444057,0.0,0.5,0.5,0.453338021700542,True,0,M03696,34,T040,"POLYGON ((15424126.94 5013944.148, 15427126.94 5013944.148, 15427126.94 5010944.148, 15424126.94 5010944.148, 15424126.94 5013944.148))"
15428438.105,5012384.4325,2,喜山期|海西期,"{""喜山期"": 1544, ""海西期"": 1989}",0.7085861609527331,0.0,0.5,0.5,0.44800515633345656,True,0,M03697,34,T040,"POLYGON ((15427126.94 5013944.148, 15430126.94 5013944.148, 15430126.94 5010944.148, 15427126.94 5010944.148, 15427126.94 5013944.148))"
15431438.105,5012384.4325,2,喜山期|海西期,"{""喜山期"": 1593, ""海西期"": 2050}",0.6909984642867837,0.0,0.5,0.5,0.4418494625003743,True,0,M03698,34,T040,"POLYGON ((15430126.94 5013944.148, 15433126.94 5013944.148, 15433126.94 5010944.148, 15430126.94 5010944.148, 15430126.94 5013944.148))"
15446438.105,5012384.4325,2,喜山期|海西期,"{""喜山期"": 1838, ""海西期"": 2355}",0.7609163473523247,0.0,0.5,1.0,0.5413207215733137,True,0,M03703,33,T039,"POLYGON ((15445126.94 5013944.148, 15448126.94 5013944.148, 15448126.94 5010944.148, 15445126.94 5010944.148, 15445126.94 5013944.148))"
15455438.105,5012384.4325,2,喜山期|海西期,"{""喜山期"": 1985, ""海西期"": 2538}",0.730352789248953,0.0,0.5,0.5,0.45562347623713356,True,0,M03706,37,T044,"POLYGON ((15454126.94 5013944.148, 15457126.94 5013944.148, 15457126.94 5010944.148, 15454126.94 5010944.148, 15454126.94 5013944.148))"
15458438.105,5012384.4325,2,喜山期|海西期,"{""喜山期"": 2034, ""海西期"": 2599}",0.7417159428957819,0.0,0.5,0.5,0.45960058001352366,True,0,M03707,37,T044,"POLYGON ((15457126.94 5013944.148, 15460126.94 5013944.148, 15460126.94 5010944.148, 15457126.94 5010944.148, 15457126.94 5013944.148))"
15461438.105,5012384.4325,2,喜山期|海西期,"{""喜山期"": 2083, ""海西期"": 2660}",0.7319649051179531,0.0,0.5,0.5,0.45618771679128356,True,0,M03708,37,T044,"POLYGON ((15460126.94 5013944.148, 15463126.94 5013944.148, 15463126.94 5010944.148, 15460126.94 5010944.148, 15460126.94 5013944.148))"
15464438.105,5012384.4325,2,喜山期|海西期,"{""喜山期"": 2132, ""海西期"": 2721}",0.7554247773603818,0.0,0.5,1.0,0.5393986720761336,True,0,M03709,37,T044,"POLYGON ((15463126.94 5013944.148, 15466126.94 5013944.148, 15466126.94 5010944.148, 15463126.94 5010944.148, 15463126.94 5013944.148))"
15476438.105,5012384.4325,2,喜山期|海西期,"{""喜山期"": 2328, ""海西期"": 2965}",0.6936729401402127,0.0,0.5,0.5,0.4427855290490745,True,0,M03713,58,T041,"POLYGON ((15475126.94 5013944.148, 15478126.94 5013944.148, 15478126.94 5010944.148, 15475126.94 5010944.148, 15475126.94 5013944.148))"
15479438.105,5012384.4325,2,喜山期|海西期,"{""喜山期"": 2377, ""海西期"": 3026}",0.7089605687699978,0.0,0.5,0.5,0.44813619906949925,True,0,M03714,58,T041,"POLYGON ((15478126.94 5013944.148, 15481126.94 5013944.148, 15481126.94 5010944.148, 15478126.94 5010944.148, 15478126.94 5013944.148))"
15482438.105,5012384.4325,2,喜山期|海西期,"{""喜山期"": 2426, ""海西期"": 3087}",0.7187155062665596,0.0,0.5,0.5,0.45155042719329586,True,0,M03715,58,T041,"POLYGON ((15481126.94 5013944.148, 15484126.94 5013944.148, 15484126.94 5010944.148, 15481126.94 5010944.148, 15481126.94 5013944.148))"
15485438.105,5012384.4325,2,喜山期|海西期,"{""喜山期"": 2475, ""海西期"": 3148}",0.6837488523436166,0.0,0.5,0.5,0.4393120983202658,True,0,M03716,58,T041,"POLYGON ((15484126.94 5013944.148, 15487126.94 5013944.148, 15487126.94 5010944.148, 15484126.94 5010944.148, 15484126.94 5013944.148))"
15350438.105,5009384.4325,2,喜山期|海西期,"{""喜山期"": 271, ""海西期"": 404}",0.6829396607065632,0.0,0.5,0.5,0.4390288812472971,True,0,M03787,-1,,"POLYGON ((15349126.94 5010944.148, 15352126.94 5010944.148, 15352126.94 5007944.148, 15349126.94 5007944.148, 15349126.94 5010944.148))"
15365438.105,5009384.4325,2,喜山期|海西期,"{""喜山期"": 516, ""海西期"": 709}",0.6849862470250966,0.0,0.5,0.5,0.4397451864587838,True,0,M03792,38,T045,"POLYGON ((15364126.94 5010944.148, 15367126.94 5010944.148, 15367126.94 5007944.148, 15364126.94 5007944.148, 15364126.94 5010944.148))"
15368438.105,5009384.4325,2,喜山期|海西期,"{""喜山期"": 565, ""海西期"": 770}",0.6863639271242051,0.0,0.5,0.5,0.44022737449347177,True,0,M03793,38,T045,"POLYGON ((15367126.94 5010944.148, 15370126.94 5010944.148, 15370126.94 5007944.148, 15367126.94 5007944.148, 15367126.94 5010944.148))"
15371438.105,5009384.4325,2,喜山期|海西期,"{""喜山期"": 614, ""海西期"": 831}",0.6906963057228273,0.0,0.5,0.5,0.44174370700298954,True,0,M03794,38,T045,"POLYGON ((15370126.94 5010944.148, 15373126.94 5010944.148, 15373126.94 5007944.148, 15370126.94 5007944.148, 15370126.94 5010944.148))"
15374438.105,5009384.4325,2,喜山期|海西期,"{""喜山期"": 663, ""海西期"": 892}",0.7001659370113849,0.0,0.5,0.5,0.4450580779539847,True,0,M03795,38,T045,"POLYGON ((15373126.94 5010944.148, 15376126.94 5010944.148, 15376126.94 5007944.148, 15373126.94 5007944.148, 15373126.94 5010944.148))"
15383438.105,5009384.4325,2,喜山期|海西期,"{""喜山期"": 810, ""海西期"": 1075}",0.7366465174566631,0.0,0.5,1.0,0.5328262811098321,True,0,M03798,40,T047,"POLYGON ((15382126.94 5010944.148, 15385126.94 5010944.148, 15385126.94 5007944.148, 15382126.94 5007944.148, 15382126.94 5010944.148))"
15386438.105,5009384.4325,2,喜山期|海西期,"{""喜山期"": 859, ""海西期"": 1136}",0.751475963954263,0.0,0.5,1.0,0.538016587383992,True,0,M03799,40,T047,"POLYGON ((15385126.94 5010944.148, 15388126.94 5010944.148, 15388126.94 5007944.148, 15385126.94 5007944.148, 15385126.94 5010944.148))"
15389438.105,5009384.4325,2,喜山期|海西期,"{""喜山期"": 908, ""海西期"": 1197}",0.7298108328018473,0.0,0.5,1.0,0.5304337914806465,True,0,M03800,40,T047,"POLYGON ((15388126.94 5010944.148, 15391126.94 5010944.148, 15391126.94 5007944.148, 15388126.94 5007944.148, 15388126.94 5010944.148))"
15392438.105,5009384.4325,2,喜山期|海西期,"{""喜山期"": 957, ""海西期"": 1258}",0.729648890017685,0.0,0.5,0.6666666666666666,0.4803771115061897,True,0,M03801,35,T042,"POLYGON ((15391126.94 5010944.148, 15394126.94 5010944.148, 15394126.94 5007944.148, 15391126.94 5007944.148, 15391126.94 5010944.148))"
15395438.105,5009384.4325,2,喜山期|海西期,"{""喜山期"": 1006, ""海西期"": 1319}",0.7396942172841702,0.0,0.5,0.6666666666666666,0.4838929760494595,True,0,M03802,35,T042,"POLYGON ((15394126.94 5010944.148, 15397126.94 5010944.148, 15397126.94 5007944.148, 15394126.94 5007944.148, 15394126.94 5010944.148))"
15398438.105,5009384.4325,2,喜山期|海西期,"{""喜山期"": 1055, ""海西期"": 1380}",0.7465453267193307,0.0,0.5,0.6666666666666666,0.4862908643517657,True,0,M03803,35,T042,"POLYGON ((15397126.94 5010944.148, 15400126.94 5010944.148, 15400126.94 5007944.148, 15397126.94 5007944.148, 15397126.94 5010944.148))"
15401438.105,5009384.4325,2,喜山期|海西期,"{""喜山期"": 1104, ""海西期"": 1441}",0.7609368556945891,0.0,0.5,0.8333333333333333,0.5163278994931062,True,0,M03804,35,T042,"POLYGON ((15400126.94 5010944.148, 15403126.94 5010944.148, 15403126.94 5007944.148, 15400126.94 5007944.148, 15400126.94 5010944.148))"
15404438.105,5009384.4325,2,喜山期|海西期,"{""喜山期"": 1153, ""海西期"": 1502}",0.7654931547500912,0.0,0.5,1.0,0.5429226041625319,True,0,M03805,36,T043,"POLYGON ((15403126.94 5010944.148, 15406126.94 5010944.148, 15406126.94 5007944.148, 15403126.94 5007944.148, 15403126.94 5010944.148))"
15407438.105,5009384.4325,2,喜山期|海西期,"{""喜山期"": 1202, ""海西期"": 1563}",0.7705318002663547,0.0,0.5,1.0,0.5446861300932241,True,0,M03806,36,T043,"POLYGON ((15406126.94 5010944.148, 15409126.94 5010944.148, 15409126.94 5007944.148, 15406126.94 5007944.148, 15406126.94 5010944.148))"
15410438.105,5009384.4325,2,喜山期|海西期,"{""喜山期"": 1251, ""海西期"": 1624}",0.7654226116237285,0.0,0.5,0.5,0.46789791406830494,True,0,M03807,36,T043,"POLYGON ((15409126.94 5010944.148, 15412126.94 5010944.148, 15412126.94 5007944.148, 15409126.94 5007944.148, 15409126.94 5010944.148))"
15413438.105,5009384.4325,2,喜山期|海西期,"{""喜山期"": 1300, ""海西期"": 1685}",0.7596026644231346,0.0,0.5,0.5,0.46586093254809713,True,0,M03808,36,T043,"POLYGON ((15412126.94 5010944.148, 15415126.94 5010944.148, 15415126.94 5007944.148, 15412126.94 5007944.148, 15412126.94 5010944.148))"
15416438.105,5009384.4325,2,喜山期|海西期,"{""喜山期"": 1349, ""海西期"": 1746}",0.7595746003758255,0.0,0.5,0.5,0.4658511101315389,True,0,M03809,39,T046,"POLYGON ((15415126.94 5010944.148, 15418126.94 5010944.148, 15418126.94 5007944.148, 15415126.94 5007944.148, 15415126.94 5010944.148))"
15419438.105,5009384.4325,2,喜山期|海西期,"{""喜山期"": 1398, ""海西期"": 1807}",0.7560024928355102,0.0,0.5,0.5,0.4646008724924286,True,0,M03810,39,T046,"POLYGON ((15418126.94 5010944.148, 15421126.94 5010944.148, 15421126.94 5007944.148, 15418126.94 5007944.148, 15418126.94 5010944.148))"
15422438.105,5009384.4325,2,喜山期|海西期,"{""喜山期"": 1447, ""海西期"": 1868}",0.7474406603576778,0.0,0.5,0.5,0.4616042311251872,True,0,M03811,39,T046,"POLYGON ((15421126.94 5010944.148, 15424126.94 5010944.148, 15424126.94 5007944.148, 15421126.94 5007944.148, 15421126.94 5010944.148))"
15425438.105,5009384.4325,2,喜山期|海西期,"{""喜山期"": 1496, ""海西期"": 1929}",0.7353158777147688,0.0,0.5,0.5,0.4573605572001691,True,0,M03812,34,T040,"POLYGON ((15424126.94 5010944.148, 15427126.94 5010944.148, 15427126.94 5007944.148, 15424126.94 5007944.148, 15424126.94 5010944.148))"
15428438.105,5009384.4325,2,喜山期|海西期,"{""喜山期"": 1545, ""海西期"": 1990}",0.7187568015024264,0.0,0.5,0.5,0.45156488052584925,True,0,M03813,34,T040,"POLYGON ((15427126.94 5010944.148, 15430126.94 5010944.148, 15430126.94 5007944.148, 15427126.94 5007944.148, 15427126.94 5010944.148))"
15431438.105,5009384.4325,2,喜山期|海西期,"{""喜山期"": 1594, ""海西期"": 2051}",0.7017414930172651,0.0,0.5,0.5,0.44560952255604275,True,0,M03814,34,T040,"POLYGON ((15430126.94 5010944.148, 15433126.94 5010944.148, 15433126.94 5007944.148, 15430126.94 5007944.148, 15430126.94 5010944.148))"
15446438.105,5009384.4325,2,喜山期|海西期,"{""喜山期"": 1839, ""海西期"": 2356}",0.7713304069525617,0.0,0.5,1.0,0.5449656424333966,True,0,M03819,33,T039,"POLYGON ((15445126.94 5010944.148, 15448126.94 5010944.148, 15448126.94 5007944.148, 15445126.94 5007944.148, 15445126.94 5010944.148))"
15455438.105,5009384.4325,2,喜山期|海西期,"{""喜山期"": 1986, ""海西期"": 2539}",0.7327904616461169,0.0,0.5,1.0,0.5314766615761409,True,0,M03822,37,T044,"POLYGON ((15454126.94 5010944.148, 15457126.94 5010944.148, 15457126.94 5007944.148, 15454126.94 5007944.148, 15454126.94 5010944.148))"
15458438.105,5009384.4325,2,喜山期|海西期,"{""喜山期"": 2035, ""海西期"": 2600}",0.7462030567626943,0.0,0.5,1.0,0.536171069866943,True,0,M03823,37,T044,"POLYGON ((15457126.94 5010944.148, 15460126.94 5010944.148, 15460126.94 5007944.148, 15457126.94 5007944.148, 15457126.94 5010944.148))"
15461438.105,5009384.4325,2,喜山期|海西期,"{""喜山期"": 2084, ""海西期"": 2661}",0.739750693567961,0.0,0.5,1.0,0.5339127427487863,True,0,M03824,37,T044,"POLYGON ((15460126.94 5010944.148, 15463126.94 5010944.148, 15463126.94 5007944.148, 15460126.94 5007944.148, 15460126.94 5010944.148))"
15464438.105,5009384.4325,2,喜山期|海西期,"{""喜山期"": 2133, ""海西期"": 2722}",0.7521255108556928,0.0,0.5,0.5,0.46324392879949244,True,0,M03825,37,T044,"POLYGON ((15463126.94 5010944.148, 15466126.94 5010944.148, 15466126.94 5007944.148, 15463126.94 5007944.148, 15463126.94 5010944.148))"
15485438.105,5009384.4325,2,喜山期|海西期,"{""喜山期"": 2476, ""海西期"": 3149}",0.6812053652569083,0.0,0.5,0.5,0.4384218778399179,True,0,M03832,58,T041,"POLYGON ((15484126.94 5010944.148, 15487126.94 5010944.148, 15487126.94 5007944.148, 15484126.94 5007944.148, 15484126.94 5010944.148))"
15359438.105,5006384.4325,2,喜山期|海西期,"{""喜山期"": 419, ""海西期"": 588}",0.7414448428060187,0.0,0.5,0.5,0.4595056949821066,True,0,M03906,38,T045,"POLYGON ((15358126.94 5007944.148, 15361126.94 5007944.148, 15361126.94 5004944.148, 15358126.94 5004944.148, 15358126.94 5007944.148))"
15362438.105,5006384.4325,2,喜山期|海西期,"{""喜山期"": 468, ""海西期"": 649}",0.7641865226516456,0.0,0.5,0.5,0.46746528292807593,True,0,M03907,38,T045,"POLYGON ((15361126.94 5007944.148, 15364126.94 5007944.148, 15364126.94 5004944.148, 15361126.94 5004944.148, 15361126.94 5007944.148))"
15365438.105,5006384.4325,2,喜山期|海西期,"{""喜山期"": 517, ""海西期"": 710}",0.7786544965597417,0.0,0.5,0.5,0.4725290737959096,True,0,M03908,38,T045,"POLYGON ((15364126.94 5007944.148, 15367126.94 5007944.148, 15367126.94 5004944.148, 15364126.94 5004944.148, 15364126.94 5007944.148))"
15368438.105,5006384.4325,2,喜山期|海西期,"{""喜山期"": 566, ""海西期"": 771}",0.692172767090194,0.0,0.5,0.5,0.4422604684815679,True,0,M03909,38,T045,"POLYGON ((15367126.94 5007944.148, 15370126.94 5007944.148, 15370126.94 5004944.148, 15367126.94 5004944.148, 15367126.94 5007944.148))"
15371438.105,5006384.4325,2,喜山期|海西期,"{""喜山期"": 615, ""海西期"": 832}",0.6885587723924187,0.0,0.5,0.5,0.44099557033734654,True,0,M03910,38,T045,"POLYGON ((15370126.94 5007944.148, 15373126.94 5007944.148, 15373126.94 5004944.148, 15370126.94 5004944.148, 15370126.94 5007944.148))"
15374438.105,5006384.4325,2,喜山期|海西期,"{""喜山期"": 664, ""海西期"": 893}",0.6922365205276916,0.0,0.5,0.5,0.442282782184692,True,0,M03911,38,T045,"POLYGON ((15373126.94 5007944.148, 15376126.94 5007944.148, 15376126.94 5004944.148, 15373126.94 5004944.148, 15373126.94 5007944.148))"
15383438.105,5006384.4325,2,喜山期|海西期,"{""喜山期"": 811, ""海西期"": 1076}",0.7361902851838443,0.0,0.5,1.0,0.5326665998143455,True,0,M03914,40,T047,"POLYGON ((15382126.94 5007944.148, 15385126.94 5007944.148, 15385126.94 5004944.148, 15382126.94 5004944.148, 15382126.94 5007944.148))"
15386438.105,5006384.4325,2,喜山期|海西期,"{""喜山期"": 860, ""海西期"": 1137}",0.7478255138501196,0.0,0.5,1.0,0.5367389298475419,True,0,M03915,40,T047,"POLYGON ((15385126.94 5007944.148, 15388126.94 5007944.148, 15388126.94 5004944.148, 15385126.94 5004944.148, 15385126.94 5007944.148))"
15389438.105,5006384.4325,2,喜山期|海西期,"{""喜山期"": 909, ""海西期"": 1198}",0.7208939170058277,0.0,0.5,0.5,0.4523128709520397,True,0,M03916,40,T047,"POLYGON ((15388126.94 5007944.148, 15391126.94 5007944.148, 15391126.94 5004944.148, 15388126.94 5004944.148, 15388126.94 5007944.148))"
15392438.105,5006384.4325,2,喜山期|海西期,"{""喜山期"": 958, ""海西期"": 1259}",0.7257478133471256,0.0,0.5,0.5,0.45401173467149397,True,0,M03917,40,T047,"POLYGON ((15391126.94 5007944.148, 15394126.94 5007944.148, 15394126.94 5004944.148, 15391126.94 5004944.148, 15391126.94 5007944.148))"
15395438.105,5006384.4325,2,喜山期|海西期,"{""喜山期"": 1007, ""海西期"": 1320}",0.7387386817378857,0.0,0.5,0.6666666666666666,0.48355853860826,True,0,M03918,35,T042,"POLYGON ((15394126.94 5007944.148, 15397126.94 5007944.148, 15397126.94 5004944.148, 15394126.94 5004944.148, 15394126.94 5007944.148))"
15398438.105,5006384.4325,2,喜山期|海西期,"{""喜山期"": 1056, ""海西期"": 1381}",0.750744000675686,0.0,0.5,0.6666666666666666,0.4877604002364901,True,0,M03919,35,T042,"POLYGON ((15397126.94 5007944.148, 15400126.94 5007944.148, 15400126.94 5004944.148, 15397126.94 5004944.148, 15397126.94 5007944.148))"
15401438.105,5006384.4325,2,喜山期|海西期,"{""喜山期"": 1105, ""海西期"": 1442}",0.7680288423993338,0.0,0.5,1.0,0.5438100948397668,True,0,M03920,36,T043,"POLYGON ((15400126.94 5007944.148, 15403126.94 5007944.148, 15403126.94 5004944.148, 15400126.94 5004944.148, 15400126.94 5007944.148))"
15404438.105,5006384.4325,2,喜山期|海西期,"{""喜山期"": 1154, ""海西期"": 1503}",0.7753923122019315,0.0,0.5,1.0,0.546387309270676,True,0,M03921,36,T043,"POLYGON ((15403126.94 5007944.148, 15406126.94 5007944.148, 15406126.94 5004944.148, 15403126.94 5004944.148, 15403126.94 5007944.148))"
15407438.105,5006384.4325,2,喜山期|海西期,"{""喜山期"": 1203, ""海西期"": 1564}",0.779162817932777,0.0,0.5,1.0,0.547706986276472,True,0,M03922,36,T043,"POLYGON ((15406126.94 5007944.148, 15409126.94 5007944.148, 15409126.94 5004944.148, 15406126.94 5004944.148, 15406126.94 5007944.148))"
15410438.105,5006384.4325,2,喜山期|海西期,"{""喜山期"": 1252, ""海西期"": 1625}",0.778166161245212,0.0,0.5,1.0,0.5473581564358242,True,0,M03923,36,T043,"POLYGON ((15409126.94 5007944.148, 15412126.94 5007944.148, 15412126.94 5004944.148, 15409126.94 5004944.148, 15409126.94 5007944.148))"
15413438.105,5006384.4325,2,喜山期|海西期,"{""喜山期"": 1301, ""海西期"": 1686}",0.7728755312247593,0.0,0.5,1.0,0.5455064359286658,True,0,M03924,36,T043,"POLYGON ((15412126.94 5007944.148, 15415126.94 5007944.148, 15415126.94 5004944.148, 15412126.94 5004944.148, 15412126.94 5007944.148))"
15416438.105,5006384.4325,2,喜山期|海西期,"{""喜山期"": 1350, ""海西期"": 1747}",0.7719591669603891,0.0,0.5,1.0,0.5451857084361361,True,0,M03925,39,T046,"POLYGON ((15415126.94 5007944.148, 15418126.94 5007944.148, 15418126.94 5004944.148, 15415126.94 5004944.148, 15415126.94 5007944.148))"
15419438.105,5006384.4325,2,喜山期|海西期,"{""喜山期"": 1399, ""海西期"": 1808}",0.7660250137111921,0.0,0.5,0.5,0.4681087547989172,True,0,M03926,39,T046,"POLYGON ((15418126.94 5007944.148, 15421126.94 5007944.148, 15421126.94 5004944.148, 15418126.94 5004944.148, 15418126.94 5007944.148))"
15422438.105,5006384.4325,2,喜山期|海西期,"{""喜山期"": 1448, ""海西期"": 1869}",0.7569227568186134,0.0,0.5,0.5,0.4649229648865147,True,0,M03927,39,T046,"POLYGON ((15421126.94 5007944.148, 15424126.94 5007944.148, 15424126.94 5004944.148, 15421126.94 5004944.148, 15421126.94 5007944.148))"
15425438.105,5006384.4325,2,喜山期|海西期,"{""喜山期"": 1497, ""海西期"": 1930}",0.7457893732067635,0.0,0.5,0.5,0.4610262806223672,True,0,M03928,39,T046,"POLYGON ((15424126.94 5007944.148, 15427126.94 5007944.148, 15427126.94 5004944.148, 15424126.94 5004944.148, 15424126.94 5007944.148))"
15428438.105,5006384.4325,2,喜山期|海西期,"{""喜山期"": 1546, ""海西期"": 1991}",0.7307771273935643,0.0,0.5,0.5,0.4557719945877475,True,0,M03929,42,T049,"POLYGON ((15427126.94 5007944.148, 15430126.94 5007944.148, 15430126.94 5004944.148, 15427126.94 5004944.148, 15427126.94 5007944.148))"
15431438.105,5006384.4325,2,喜山期|海西期,"{""喜山期"": 1595, ""海西期"": 2052}",0.712106632038756,0.0,0.5,0.5,0.4492373212135646,True,0,M03930,42,T049,"POLYGON ((15430126.94 5007944.148, 15433126.94 5007944.148, 15433126.94 5004944.148, 15430126.94 5004944.148, 15430126.94 5007944.148))"
15434438.105,5006384.4325,2,喜山期|海西期,"{""喜山期"": 1644, ""海西期"": 2113}",0.6801971835077314,0.0,0.5,0.5,0.438069014227706,True,0,M03931,42,T049,"POLYGON ((15433126.94 5007944.148, 15436126.94 5007944.148, 15436126.94 5004944.148, 15433126.94 5004944.148, 15433126.94 5007944.148))"
15446438.105,5006384.4325,2,喜山期|海西期,"{""喜山期"": 1840, ""海西期"": 2357}",0.7771078750741021,0.0,0.5,1.0,0.5469877562759357,True,0,M03935,41,T048,"POLYGON ((15445126.94 5007944.148, 15448126.94 5007944.148, 15448126.94 5004944.148, 15445126.94 5004944.148, 15445126.94 5007944.148))"
15455438.105,5006384.4325,2,喜山期|海西期,"{""喜山期"": 1987, ""海西期"": 2540}",0.7265423462200136,0.0,0.5,1.0,0.5292898211770047,True,0,M03938,37,T044,"POLYGON ((15454126.94 5007944.148, 15457126.94 5007944.148, 15457126.94 5004944.148, 15454126.94 5004944.148, 15454126.94 5007944.148))"
15458438.105,5006384.4325,2,喜山期|海西期,"{""喜山期"": 2036, ""海西期"": 2601}",0.7432405588257152,0.0,0.5,1.0,0.5351341955890003,True,0,M03939,37,T044,"POLYGON ((15457126.94 5007944.148, 15460126.94 5007944.148, 15460126.94 5004944.148, 15457126.94 5004944.148, 15457126.94 5007944.148))"
15461438.105,5006384.4325,2,喜山期|海西期,"{""喜山期"": 2085, ""海西期"": 2662}",0.7386000676282856,0.0,0.5,0.5,0.45851002366989996,True,0,M03940,37,T044,"POLYGON ((15460126.94 5007944.148, 15463126.94 5007944.148, 15463126.94 5004944.148, 15460126.94 5004944.148, 15460126.94 5007944.148))"
15464438.105,5006384.4325,2,喜山期|海西期,"{""喜山期"": 2134, ""海西期"": 2723}",0.7412793833112133,0.0,0.5,0.5,0.4594477841589247,True,0,M03941,37,T044,"POLYGON ((15463126.94 5007944.148, 15466126.94 5007944.148, 15466126.94 5004944.148, 15463126.94 5004944.148, 15463126.94 5007944.148))"
15485438.105,5006384.4325,2,喜山期|海西期,"{""喜山期"": 2477, ""海西期"": 3150}",0.6760772699422115,0.0,0.5,0.5,0.436627044479774,True,0,M03948,58,T041,"POLYGON ((15484126.94 5007944.148, 15487126.94 5007944.148, 15487126.94 5004944.148, 15484126.94 5004944.148, 15484126.94 5007944.148))"
15359438.105,5003384.4325,2,喜山期|海西期,"{""喜山期"": 420, ""海西期"": 589}",0.7333156353751047,0.0,0.5,0.5,0.45666047238128665,True,0,M04022,38,T045,"POLYGON ((15358126.94 5004944.148, 15361126.94 5004944.148, 15361126.94 5001944.148, 15358126.94 5001944.148, 15358126.94 5004944.148))"
15362438.105,5003384.4325,2,喜山期|海西期,"{""喜山期"": 469, ""海西期"": 650}",0.7716180286185634,0.0,0.5,0.5,0.4700663100164972,True,0,M04023,38,T045,"POLYGON ((15361126.94 5004944.148, 15364126.94 5004944.148, 15364126.94 5001944.148, 15361126.94 5001944.148, 15361126.94 5004944.148))"
15365438.105,5003384.4325,2,喜山期|海西期,"{""喜山期"": 518, ""海西期"": 711}",0.7739290123852878,0.0,0.5,0.5,0.4708751543348507,True,0,M04024,38,T045,"POLYGON ((15364126.94 5004944.148, 15367126.94 5004944.148, 15367126.94 5001944.148, 15364126.94 5001944.148, 15364126.94 5004944.148))"
15368438.105,5003384.4325,2,喜山期|海西期,"{""喜山期"": 567, ""海西期"": 772}",0.6745145272978819,0.0,0.5,0.5,0.4360800845542587,True,0,M04025,38,T045,"POLYGON ((15367126.94 5004944.148, 15370126.94 5004944.148, 15370126.94 5001944.148, 15367126.94 5001944.148, 15367126.94 5004944.148))"
15371438.105,5003384.4325,2,喜山期|海西期,"{""喜山期"": 616, ""海西期"": 833}",0.684264799059531,0.0,0.5,0.5,0.43949267967083583,True,0,M04026,38,T045,"POLYGON ((15370126.94 5004944.148, 15373126.94 5004944.148, 15373126.94 5001944.148, 15370126.94 5001944.148, 15370126.94 5004944.148))"
15374438.105,5003384.4325,2,喜山期|海西期,"{""喜山期"": 665, ""海西期"": 894}",0.6971531605578867,0.0,0.5,0.5,0.4440036061952603,True,0,M04027,38,T045,"POLYGON ((15373126.94 5004944.148, 15376126.94 5004944.148, 15376126.94 5001944.148, 15373126.94 5001944.148, 15373126.94 5004944.148))"
15383438.105,5003384.4325,2,喜山期|海西期,"{""喜山期"": 812, ""海西期"": 1077}",0.7370916424948768,0.0,0.5,1.0,0.5329820748732068,True,0,M04030,40,T047,"POLYGON ((15382126.94 5004944.148, 15385126.94 5004944.148, 15385126.94 5001944.148, 15382126.94 5001944.148, 15382126.94 5004944.148))"
15386438.105,5003384.4325,2,喜山期|海西期,"{""喜山期"": 861, ""海西期"": 1138}",0.7454484611879,0.0,0.5,1.0,0.535906961415765,True,0,M04031,40,T047,"POLYGON ((15385126.94 5004944.148, 15388126.94 5004944.148, 15388126.94 5001944.148, 15385126.94 5001944.148, 15385126.94 5004944.148))"
15389438.105,5003384.4325,2,喜山期|海西期,"{""喜山期"": 910, ""海西期"": 1199}",0.7197399832690128,0.0,0.5,0.5,0.4519089941441545,True,0,M04032,40,T047,"POLYGON ((15388126.94 5004944.148, 15391126.94 5004944.148, 15391126.94 5001944.148, 15388126.94 5001944.148, 15388126.94 5004944.148))"
15392438.105,5003384.4325,2,喜山期|海西期,"{""喜山期"": 959, ""海西期"": 1260}",0.7229687066473391,0.0,0.5,0.5,0.4530390473265687,True,0,M04033,40,T047,"POLYGON ((15391126.94 5004944.148, 15394126.94 5004944.148, 15394126.94 5001944.148, 15391126.94 5001944.148, 15391126.94 5004944.148))"
15395438.105,5003384.4325,2,喜山期|海西期,"{""喜山期"": 1008, ""海西期"": 1321}",0.7348898334432119,0.0,0.5,0.5,0.4572114417051242,True,0,M04034,35,T042,"POLYGON ((15394126.94 5004944.148, 15397126.94 5004944.148, 15397126.94 5001944.148, 15394126.94 5001944.148, 15394126.94 5004944.148))"
15398438.105,5003384.4325,2,喜山期|海西期,"{""喜山期"": 1057, ""海西期"": 1382}",0.744727605143928,0.0,0.5,0.5,0.4606546618003748,True,0,M04035,35,T042,"POLYGON ((15397126.94 5004944.148, 15400126.94 5004944.148, 15400126.94 5001944.148, 15397126.94 5001944.148, 15397126.94 5004944.148))"
15401438.105,5003384.4325,2,喜山期|海西期,"{""喜山期"": 1106, ""海西期"": 1443}",0.7639985527268336,0.0,0.5,1.0,0.5423994934543918,True,0,M04036,36,T043,"POLYGON ((15400126.94 5004944.148, 15403126.94 5004944.148, 15403126.94 5001944.148, 15400126.94 5001944.148, 15400126.94 5004944.148))"
15404438.105,5003384.4325,2,喜山期|海西期,"{""喜山期"": 1155, ""海西期"": 1504}",0.7738082603802405,0.0,0.5,1.0,0.5458328911330842,True,0,M04037,36,T043,"POLYGON ((15403126.94 5004944.148, 15406126.94 5004944.148, 15406126.94 5001944.148, 15403126.94 5001944.148, 15403126.94 5004944.148))"
15407438.105,5003384.4325,2,喜山期|海西期,"{""喜山期"": 1204, ""海西期"": 1565}",0.7787046358005918,0.0,0.5,1.0,0.5475466225302071,True,0,M04038,36,T043,"POLYGON ((15406126.94 5004944.148, 15409126.94 5004944.148, 15409126.94 5001944.148, 15406126.94 5001944.148, 15406126.94 5004944.148))"
15410438.105,5003384.4325,2,喜山期|海西期,"{""喜山期"": 1253, ""海西期"": 1626}",0.7792789738407464,0.0,0.5,1.0,0.5477476408442612,True,0,M04039,36,T043,"POLYGON ((15409126.94 5004944.148, 15412126.94 5004944.148, 15412126.94 5001944.148, 15409126.94 5001944.148, 15409126.94 5004944.148))"
15413438.105,5003384.4325,2,喜山期|海西期,"{""喜山期"": 1302, ""海西期"": 1687}",0.7778091280676585,0.0,0.5,1.0,0.5472331948236804,True,0,M04040,39,T046,"POLYGON ((15412126.94 5004944.148, 15415126.94 5004944.148, 15415126.94 5001944.148, 15412126.94 5001944.148, 15412126.94 5004944.148))"
15416438.105,5003384.4325,2,喜山期|海西期,"{""喜山期"": 1351, ""海西期"": 1748}",0.7780466975401031,0.0,0.5,1.0,0.5473163441390361,True,0,M04041,39,T046,"POLYGON ((15415126.94 5004944.148, 15418126.94 5004944.148, 15418126.94 5001944.148, 15415126.94 5001944.148, 15415126.94 5004944.148))"
15419438.105,5003384.4325,2,喜山期|海西期,"{""喜山期"": 1400, ""海西期"": 1809}",0.7717385543006485,0.0,0.5,0.8333333333333333,0.520108494005227,True,0,M04042,39,T046,"POLYGON ((15418126.94 5004944.148, 15421126.94 5004944.148, 15421126.94 5001944.148, 15418126.94 5001944.148, 15418126.94 5004944.148))"
15422438.105,5003384.4325,2,喜山期|海西期,"{""喜山期"": 1449, ""海西期"": 1870}",0.7613720573413847,0.0,0.5,0.5,0.46648022006948464,True,0,M04043,39,T046,"POLYGON ((15421126.94 5004944.148, 15424126.94 5004944.148, 15424126.94 5001944.148, 15421126.94 5001944.148, 15421126.94 5004944.148))"
15425438.105,5003384.4325,2,喜山期|海西期,"{""喜山期"": 1498, ""海西期"": 1931}",0.7516021128914852,0.0,0.5,0.5,0.4630607395120198,True,0,M04044,39,T046,"POLYGON ((15424126.94 5004944.148, 15427126.94 5004944.148, 15427126.94 5001944.148, 15424126.94 5001944.148, 15424126.94 5004944.148))"
15428438.105,5003384.4325,2,喜山期|海西期,"{""喜山期"": 1547, ""海西期"": 1992}",0.7367732583154787,0.0,0.5,0.5,0.45787064041041753,True,0,M04045,42,T049,"POLYGON ((15427126.94 5004944.148, 15430126.94 5004944.148, 15430126.94 5001944.148, 15427126.94 5001944.148, 15427126.94 5004944.148))"
15431438.105,5003384.4325,2,喜山期|海西期,"{""喜山期"": 1596, ""海西期"": 2053}",0.7186340300001781,0.0,0.5,0.5,0.45152191050006235,True,0,M04046,42,T049,"POLYGON ((15430126.94 5004944.148, 15433126.94 5004944.148, 15433126.94 5001944.148, 15430126.94 5001944.148, 15430126.94 5004944.148))"
15434438.105,5003384.4325,2,喜山期|海西期,"{""喜山期"": 1645, ""海西期"": 2114}",0.6849160172689892,0.0,0.5,0.5,0.43972060604414626,True,0,M04047,42,T049,"POLYGON ((15433126.94 5004944.148, 15436126.94 5004944.148, 15436126.94 5001944.148, 15433126.94 5001944.148, 15433126.94 5004944.148))"
15446438.105,5003384.4325,2,喜山期|海西期,"{""喜山期"": 1841, ""海西期"": 2358}",0.7801845790596842,0.0,0.5,1.0,0.5480646026708894,True,0,M04051,41,T048,"POLYGON ((15445126.94 5004944.148, 15448126.94 5004944.148, 15448126.94 5001944.148, 15445126.94 5001944.148, 15445126.94 5004944.148))"
15455438.105,5003384.4325,2,喜山期|海西期,"{""喜山期"": 1988, ""海西期"": 2541}",0.7094486951710239,0.0,0.5,0.5,0.4483070433098584,True,0,M04054,37,T044,"POLYGON ((15454126.94 5004944.148, 15457126.94 5004944.148, 15457126.94 5001944.148, 15454126.94 5001944.148, 15454126.94 5004944.148))"
15458438.105,5003384.4325,2,喜山期|海西期,"{""喜山期"": 2037, ""海西期"": 2602}",0.7350168528533655,0.0,0.5,0.5,0.4572558984986779,True,0,M04055,37,T044,"POLYGON ((15457126.94 5004944.148, 15460126.94 5004944.148, 15460126.94 5001944.148, 15457126.94 5001944.148, 15457126.94 5004944.148))"
15461438.105,5003384.4325,2,喜山期|海西期,"{""喜山期"": 2086, ""海西期"": 2663}",0.7343988518909705,0.0,0.5,0.5,0.4570395981618397,True,0,M04056,37,T044,"POLYGON ((15460126.94 5004944.148, 15463126.94 5004944.148, 15463126.94 5001944.148, 15460126.94 5001944.148, 15460126.94 5004944.148))"
15464438.105,5003384.4325,2,喜山期|海西期,"{""喜山期"": 2135, ""海西期"": 2724}",0.728484371330024,0.0,0.5,0.5,0.4549695299655084,True,0,M04057,37,T044,"POLYGON ((15463126.94 5004944.148, 15466126.94 5004944.148, 15466126.94 5001944.148, 15463126.94 5001944.148, 15463126.94 5004944.148))"
15362438.105,5000384.4325,2,喜山期|海西期,"{""喜山期"": 470, ""海西期"": 651}",0.753206794921651,0.0,0.5,0.5,0.46362237822257785,True,0,M04139,38,T045,"POLYGON ((15361126.94 5001944.148, 15364126.94 5001944.148, 15364126.94 4998944.148, 15361126.94 4998944.148, 15361126.94 5001944.148))"
15383438.105,5000384.4325,2,喜山期|海西期,"{""喜山期"": 813, ""海西期"": 1078}",0.7298762923662906,0.0,0.5,1.0,0.5304567023282016,True,0,M04146,40,T047,"POLYGON ((15382126.94 5001944.148, 15385126.94 5001944.148, 15385126.94 4998944.148, 15382126.94 4998944.148, 15382126.94 5001944.148))"
15386438.105,5000384.4325,2,喜山期|海西期,"{""喜山期"": 862, ""海西期"": 1139}",0.7375112452667412,0.0,0.5,1.0,0.5331289358433594,True,0,M04147,40,T047,"POLYGON ((15385126.94 5001944.148, 15388126.94 5001944.148, 15388126.94 4998944.148, 15385126.94 4998944.148, 15385126.94 5001944.148))"
15389438.105,5000384.4325,2,喜山期|海西期,"{""喜山期"": 911, ""海西期"": 1200}",0.7114698984988769,0.0,0.5,0.5,0.4490144644746069,True,0,M04148,40,T047,"POLYGON ((15388126.94 5001944.148, 15391126.94 5001944.148, 15391126.94 4998944.148, 15388126.94 4998944.148, 15388126.94 5001944.148))"
15392438.105,5000384.4325,2,喜山期|海西期,"{""喜山期"": 960, ""海西期"": 1261}",0.7129873069129379,0.0,0.5,0.5,0.44954555741952823,True,0,M04149,43,T050,"POLYGON ((15391126.94 5001944.148, 15394126.94 5001944.148, 15394126.94 4998944.148, 15391126.94 4998944.148, 15391126.94 5001944.148))"
15395438.105,5000384.4325,2,喜山期|海西期,"{""喜山期"": 1009, ""海西期"": 1322}",0.7257986837852382,0.0,0.5,0.5,0.45402953932483336,True,0,M04150,43,T050,"POLYGON ((15394126.94 5001944.148, 15397126.94 5001944.148, 15397126.94 4998944.148, 15394126.94 4998944.148, 15394126.94 5001944.148))"
15398438.105,5000384.4325,2,喜山期|海西期,"{""喜山期"": 1058, ""海西期"": 1383}",0.7355672702973645,0.0,0.5,0.5,0.4574485446040776,True,0,M04151,43,T050,"POLYGON ((15397126.94 5001944.148, 15400126.94 5001944.148, 15400126.94 4998944.148, 15397126.94 4998944.148, 15397126.94 5001944.148))"
15401438.105,5000384.4325,2,喜山期|海西期,"{""喜山期"": 1107, ""海西期"": 1444}",0.7508771133963595,0.0,0.5,0.5,0.46280698968872586,True,0,M04152,43,T050,"POLYGON ((15400126.94 5001944.148, 15403126.94 5001944.148, 15403126.94 4998944.148, 15400126.94 4998944.148, 15400126.94 5001944.148))"
15404438.105,5000384.4325,2,喜山期|海西期,"{""喜山期"": 1156, ""海西期"": 1505}",0.7615340001255471,0.0,0.5,0.5,0.46653690004394144,True,0,M04153,44,T051,"POLYGON ((15403126.94 5001944.148, 15406126.94 5001944.148, 15406126.94 4998944.148, 15403126.94 4998944.148, 15403126.94 5001944.148))"
15407438.105,5000384.4325,2,喜山期|海西期,"{""喜山期"": 1205, ""海西期"": 1566}",0.7717979901924064,0.0,0.5,1.0,0.5451292965673422,True,0,M04154,44,T051,"POLYGON ((15406126.94 5001944.148, 15409126.94 5001944.148, 15409126.94 4998944.148, 15406126.94 4998944.148, 15406126.94 5001944.148))"
15410438.105,5000384.4325,2,喜山期|海西期,"{""喜山期"": 1254, ""海西期"": 1627}",0.7740255652428415,0.0,0.5,1.0,0.5459089478349946,True,0,M04155,39,T046,"POLYGON ((15409126.94 5001944.148, 15412126.94 5001944.148, 15412126.94 4998944.148, 15409126.94 4998944.148, 15409126.94 5001944.148))"
15413438.105,5000384.4325,2,喜山期|海西期,"{""喜山期"": 1303, ""海西期"": 1688}",0.7735843399233606,0.0,0.5,1.0,0.5457545189731762,True,0,M04156,39,T046,"POLYGON ((15412126.94 5001944.148, 15415126.94 5001944.148, 15415126.94 4998944.148, 15412126.94 4998944.148, 15412126.94 5001944.148))"
15416438.105,5000384.4325,2,喜山期|海西期,"{""喜山期"": 1352, ""海西期"": 1749}",0.7760867058687881,0.0,0.5,1.0,0.5466303470540759,True,0,M04157,39,T046,"POLYGON ((15415126.94 5001944.148, 15418126.94 5001944.148, 15418126.94 4998944.148, 15415126.94 4998944.148, 15415126.94 5001944.148))"
15419438.105,5000384.4325,2,喜山期|海西期,"{""喜山期"": 1401, ""海西期"": 1810}",0.7719611168197555,0.0,0.5,1.0,0.5451863908869145,True,0,M04158,39,T046,"POLYGON ((15418126.94 5001944.148, 15421126.94 5001944.148, 15421126.94 4998944.148, 15418126.94 4998944.148, 15418126.94 5001944.148))"
15422438.105,5000384.4325,2,喜山期|海西期,"{""喜山期"": 1450, ""海西期"": 1871}",0.7630683653523123,0.0,0.5,0.5,0.46707392787330926,True,0,M04159,39,T046,"POLYGON ((15421126.94 5001944.148, 15424126.94 5001944.148, 15424126.94 4998944.148, 15421126.94 4998944.148, 15421126.94 5001944.148))"
15425438.105,5000384.4325,2,喜山期|海西期,"{""喜山期"": 1499, ""海西期"": 1932}",0.7531039224306151,0.0,0.5,0.5,0.46358637285071524,True,0,M04160,39,T046,"POLYGON ((15424126.94 5001944.148, 15427126.94 5001944.148, 15427126.94 4998944.148, 15424126.94 4998944.148, 15424126.94 5001944.148))"
15428438.105,5000384.4325,2,喜山期|海西期,"{""喜山期"": 1548, ""海西期"": 1993}",0.7384565092324349,0.0,0.5,0.5,0.4584597782313522,True,0,M04161,42,T049,"POLYGON ((15427126.94 5001944.148, 15430126.94 5001944.148, 15430126.94 4998944.148, 15427126.94 4998944.148, 15427126.94 5001944.148))"
15431438.105,5000384.4325,2,喜山期|海西期,"{""喜山期"": 1597, ""海西期"": 2054}",0.7210711104757488,0.0,0.5,0.5,0.4523748886665121,True,0,M04162,42,T049,"POLYGON ((15430126.94 5001944.148, 15433126.94 5001944.148, 15433126.94 4998944.148, 15430126.94 4998944.148, 15430126.94 5001944.148))"
15434438.105,5000384.4325,2,喜山期|海西期,"{""喜山期"": 1646, ""海西期"": 2115}",0.6859093661594147,0.0,0.5,0.5,0.44006827815579513,True,0,M04163,42,T049,"POLYGON ((15433126.94 5001944.148, 15436126.94 5001944.148, 15436126.94 4998944.148, 15433126.94 4998944.148, 15433126.94 5001944.148))"
15446438.105,5000384.4325,2,喜山期|海西期,"{""喜山期"": 1842, ""海西期"": 2359}",0.7793485072185087,0.0,0.5,1.0,0.547771977526478,True,0,M04167,41,T048,"POLYGON ((15445126.94 5001944.148, 15448126.94 5001944.148, 15448126.94 4998944.148, 15445126.94 4998944.148, 15445126.94 5001944.148))"
15458438.105,5000384.4325,2,喜山期|海西期,"{""喜山期"": 2038, ""海西期"": 2603}",0.7230787692447886,0.0,0.5,0.5,0.45307756923567605,True,0,M04171,45,T052,"POLYGON ((15457126.94 5001944.148, 15460126.94 5001944.148, 15460126.94 4998944.148, 15457126.94 4998944.148, 15457126.94 5001944.148))"
15461438.105,5000384.4325,2,喜山期|海西期,"{""喜山期"": 2087, ""海西期"": 2664}",0.7292512579826098,0.0,0.5,0.5,0.45523794029391346,True,0,M04172,45,T052,"POLYGON ((15460126.94 5001944.148, 15463126.94 5001944.148, 15463126.94 4998944.148, 15460126.94 4998944.148, 15460126.94 5001944.148))"
15464438.105,5000384.4325,2,喜山期|海西期,"{""喜山期"": 2136, ""海西期"": 2725}",0.7153695475938288,0.0,0.5,0.5,0.45037934165784005,True,0,M04173,45,T052,"POLYGON ((15463126.94 5001944.148, 15466126.94 5001944.148, 15466126.94 4998944.148, 15463126.94 4998944.148, 15463126.94 5001944.148))"
15383438.105,4997384.4325,2,喜山期|海西期,"{""喜山期"": 814, ""海西期"": 1079}",0.7203400176701031,0.0,0.5,0.5,0.4521190061845361,True,0,M04262,40,T047,"POLYGON ((15382126.94 4998944.148, 15385126.94 4998944.148, 15385126.94 4995944.148, 15382126.94 4995944.148, 15382126.94 4998944.148))"
15386438.105,4997384.4325,2,喜山期|海西期,"{""喜山期"": 863, ""海西期"": 1140}",0.728210590183632,0.0,0.5,1.0,0.5298737065642711,True,0,M04263,40,T047,"POLYGON ((15385126.94 4998944.148, 15388126.94 4998944.148, 15388126.94 4995944.148, 15385126.94 4995944.148, 15385126.94 4998944.148))"
15389438.105,4997384.4325,2,喜山期|海西期,"{""喜山期"": 912, ""海西期"": 1201}",0.7035849109536035,0.0,0.5,0.5,0.4462547188337612,True,0,M04264,43,T050,"POLYGON ((15388126.94 4998944.148, 15391126.94 4998944.148, 15391126.94 4995944.148, 15388126.94 4995944.148, 15388126.94 4998944.148))"
15392438.105,4997384.4325,2,喜山期|海西期,"{""喜山期"": 961, ""海西期"": 1262}",0.7086594199546419,0.0,0.5,0.5,0.4480307969841247,True,0,M04265,43,T050,"POLYGON ((15391126.94 4998944.148, 15394126.94 4998944.148, 15394126.94 4995944.148, 15391126.94 4995944.148, 15391126.94 4998944.148))"
15395438.105,4997384.4325,2,喜山期|海西期,"{""喜山期"": 1010, ""海西期"": 1323}",0.7231651549785033,0.0,0.5,0.5,0.45310780424247615,True,0,M04266,43,T050,"POLYGON ((15394126.94 4998944.148, 15397126.94 4998944.148, 15397126.94 4995944.148, 15394126.94 4995944.148, 15394126.94 4998944.148))"
15398438.105,4997384.4325,2,喜山期|海西期,"{""喜山期"": 1059, ""海西期"": 1384}",0.7325858656883147,0.0,0.5,0.5,0.45640505299091017,True,0,M04267,43,T050,"POLYGON ((15397126.94 4998944.148, 15400126.94 4998944.148, 15400126.94 4995944.148, 15397126.94 4995944.148, 15397126.94 4998944.148))"
15401438.105,4997384.4325,2,喜山期|海西期,"{""喜山期"": 1108, ""海西期"": 1445}",0.7464089062015178,0.0,0.5,0.5,0.46124311717053124,True,0,M04268,44,T051,"POLYGON ((15400126.94 4998944.148, 15403126.94 4998944.148, 15403126.94 4995944.148, 15400126.94 4995944.148, 15400126.94 4998944.148))"
15404438.105,4997384.4325,2,喜山期|海西期,"{""喜山期"": 1157, ""海西期"": 1506}",0.7544661777493789,0.0,0.5,0.5,0.4640631622122826,True,0,M04269,44,T051,"POLYGON ((15403126.94 4998944.148, 15406126.94 4998944.148, 15406126.94 4995944.148, 15403126.94 4995944.148, 15403126.94 4998944.148))"
15407438.105,4997384.4325,2,喜山期|海西期,"{""喜山期"": 1206, ""海西期"": 1567}",0.7655101115627954,0.0,0.5,1.0,0.5429285390469784,True,0,M04270,44,T051,"POLYGON ((15406126.94 4998944.148, 15409126.94 4998944.148, 15409126.94 4995944.148, 15406126.94 4995944.148, 15406126.94 4998944.148))"
15410438.105,4997384.4325,2,喜山期|海西期,"{""喜山期"": 1255, ""海西期"": 1628}",0.7700886250875074,0.0,0.5,1.0,0.5445310187806276,True,0,M04271,44,T051,"POLYGON ((15409126.94 4998944.148, 15412126.94 4998944.148, 15412126.94 4995944.148, 15409126.94 4995944.148, 15409126.94 4998944.148))"
15413438.105,4997384.4325,2,喜山期|海西期,"{""喜山期"": 1304, ""海西期"": 1689}",0.7710369531179195,0.0,0.5,1.0,0.5448629335912718,True,0,M04272,39,T046,"POLYGON ((15412126.94 4998944.148, 15415126.94 4998944.148, 15415126.94 4995944.148, 15412126.94 4995944.148, 15412126.94 4998944.148))"
15416438.105,4997384.4325,2,喜山期|海西期,"{""喜山期"": 1353, ""海西期"": 1750}",0.7753178693568359,0.0,0.5,1.0,0.5463612542748926,True,0,M04273,39,T046,"POLYGON ((15415126.94 4998944.148, 15418126.94 4998944.148, 15418126.94 4995944.148, 15415126.94 4995944.148, 15415126.94 4998944.148))"
15419438.105,4997384.4325,2,喜山期|海西期,"{""喜山期"": 1402, ""海西期"": 1811}",0.773679639299893,0.0,0.5,1.0,0.5457878737549625,True,0,M04274,46,T053,"POLYGON ((15418126.94 4998944.148, 15421126.94 4998944.148, 15421126.94 4995944.148, 15418126.94 4995944.148, 15418126.94 4998944.148))"
15422438.105,4997384.4325,2,喜山期|海西期,"{""喜山期"": 1451, ""海西期"": 1872}",0.7663578825601693,0.0,0.5,0.5,0.46822525889605926,True,0,M04275,46,T053,"POLYGON ((15421126.94 4998944.148, 15424126.94 4998944.148, 15424126.94 4995944.148, 15421126.94 4995944.148, 15421126.94 4998944.148))"
15425438.105,4997384.4325,2,喜山期|海西期,"{""喜山期"": 1500, ""海西期"": 1933}",0.7573528749034893,0.0,0.5,0.5,0.4650735062162213,True,0,M04276,42,T049,"POLYGON ((15424126.94 4998944.148, 15427126.94 4998944.148, 15427126.94 4995944.148, 15424126.94 4995944.148, 15424126.94 4998944.148))"
15428438.105,4997384.4325,2,喜山期|海西期,"{""喜山期"": 1549, ""海西期"": 1994}",0.7435676477344275,0.0,0.5,0.5,0.4602486767070496,True,0,M04277,42,T049,"POLYGON ((15427126.94 4998944.148, 15430126.94 4998944.148, 15430126.94 4995944.148, 15427126.94 4995944.148, 15427126.94 4998944.148))"
15431438.105,4997384.4325,2,喜山期|海西期,"{""喜山期"": 1598, ""海西期"": 2055}",0.7258043592687511,0.0,0.5,0.5,0.45403152574406286,True,0,M04278,42,T049,"POLYGON ((15430126.94 4998944.148, 15433126.94 4998944.148, 15433126.94 4995944.148, 15430126.94 4995944.148, 15430126.94 4998944.148))"
15434438.105,4997384.4325,2,喜山期|海西期,"{""喜山期"": 1647, ""海西期"": 2116}",0.6902386110554837,0.0,0.5,0.5,0.44158351386941924,True,0,M04279,42,T049,"POLYGON ((15433126.94 4998944.148, 15436126.94 4998944.148, 15436126.94 4995944.148, 15433126.94 4995944.148, 15433126.94 4998944.148))"
15446438.105,4997384.4325,2,喜山期|海西期,"{""喜山期"": 1843, ""海西期"": 2360}",0.7752823540612337,0.0,0.5,1.0,0.5463488239214318,True,0,M04283,41,T048,"POLYGON ((15445126.94 4998944.148, 15448126.94 4998944.148, 15448126.94 4995944.148, 15445126.94 4995944.148, 15445126.94 4998944.148))"
15458438.105,4997384.4325,2,喜山期|海西期,"{""喜山期"": 2039, ""海西期"": 2604}",0.710042879994015,0.0,0.5,0.5,0.4485150079979053,True,0,M04287,45,T052,"POLYGON ((15457126.94 4998944.148, 15460126.94 4998944.148, 15460126.94 4995944.148, 15457126.94 4995944.148, 15457126.94 4998944.148))"
15461438.105,4997384.4325,2,喜山期|海西期,"{""喜山期"": 2088, ""海西期"": 2665}",0.7235462828467987,0.0,0.5,0.5,0.45324119899637955,True,0,M04288,45,T052,"POLYGON ((15460126.94 4998944.148, 15463126.94 4998944.148, 15463126.94 4995944.148, 15460126.94 4995944.148, 15460126.94 4998944.148))"
15464438.105,4997384.4325,2,喜山期|海西期,"{""喜山期"": 2137, ""海西期"": 2726}",0.7035789917376699,0.0,0.5,0.5,0.44625264710818446,True,0,M04289,45,T052,"POLYGON ((15463126.94 4998944.148, 15466126.94 4998944.148, 15466126.94 4995944.148, 15463126.94 4995944.148, 15463126.94 4998944.148))"
15386438.105,4994384.4325,2,喜山期|海西期,"{""喜山期"": 864, ""海西期"": 1141}",0.707195005932646,0.0,0.5,0.5,0.4475182520764261,True,0,M04379,40,T047,"POLYGON ((15385126.94 4995944.148, 15388126.94 4995944.148, 15388126.94 4992944.148, 15385126.94 4992944.148, 15385126.94 4995944.148))"
15389438.105,4994384.4325,2,喜山期|海西期,"{""喜山期"": 913, ""海西期"": 1202}",0.6847479811743067,0.0,0.5,0.5,0.43966179341100736,True,0,M04380,40,T047,"POLYGON ((15388126.94 4995944.148, 15391126.94 4995944.148, 15391126.94 4992944.148, 15388126.94 4992944.148, 15388126.94 4995944.148))"
15392438.105,4994384.4325,2,喜山期|海西期,"{""喜山期"": 962, ""海西期"": 1263}",0.6941314704615704,0.0,0.5,0.5,0.44294601466154965,True,0,M04381,43,T050,"POLYGON ((15391126.94 4995944.148, 15394126.94 4995944.148, 15394126.94 4992944.148, 15391126.94 4992944.148, 15391126.94 4995944.148))"
15395438.105,4994384.4325,2,喜山期|海西期,"{""喜山期"": 1011, ""海西期"": 1324}",0.7093590712780045,0.0,0.5,0.5,0.44827567494730153,True,0,M04382,43,T050,"POLYGON ((15394126.94 4995944.148, 15397126.94 4995944.148, 15397126.94 4992944.148, 15394126.94 4992944.148, 15394126.94 4995944.148))"
15398438.105,4994384.4325,2,喜山期|海西期,"{""喜山期"": 1060, ""海西期"": 1385}",0.7201823924316806,0.0,0.5,0.5,0.4520638373510882,True,0,M04383,48,T055,"POLYGON ((15397126.94 4995944.148, 15400126.94 4995944.148, 15400126.94 4992944.148, 15397126.94 4992944.148, 15397126.94 4995944.148))"
15401438.105,4994384.4325,2,喜山期|海西期,"{""喜山期"": 1109, ""海西期"": 1446}",0.7357278551437538,0.0,0.5,0.5,0.4575047493003138,True,0,M04384,48,T055,"POLYGON ((15400126.94 4995944.148, 15403126.94 4995944.148, 15403126.94 4992944.148, 15400126.94 4992944.148, 15400126.94 4995944.148))"
15404438.105,4994384.4325,2,喜山期|海西期,"{""喜山期"": 1158, ""海西期"": 1507}",0.7426292430954335,0.0,0.5,0.5,0.45992023508340174,True,0,M04385,44,T051,"POLYGON ((15403126.94 4995944.148, 15406126.94 4995944.148, 15406126.94 4992944.148, 15403126.94 4992944.148, 15403126.94 4995944.148))"
15407438.105,4994384.4325,2,喜山期|海西期,"{""喜山期"": 1207, ""海西期"": 1568}",0.7517112353781688,0.0,0.5,0.5,0.46309893238235905,True,0,M04386,44,T051,"POLYGON ((15406126.94 4995944.148, 15409126.94 4995944.148, 15409126.94 4992944.148, 15406126.94 4992944.148, 15406126.94 4995944.148))"
15410438.105,4994384.4325,2,喜山期|海西期,"{""喜山期"": 1256, ""海西期"": 1629}",0.7575017605936805,0.0,0.5,0.5,0.46512561620778814,True,0,M04387,44,T051,"POLYGON ((15409126.94 4995944.148, 15412126.94 4995944.148, 15412126.94 4992944.148, 15409126.94 4992944.148, 15409126.94 4995944.148))"
15413438.105,4994384.4325,2,喜山期|海西期,"{""喜山期"": 1305, ""海西期"": 1690}",0.7622205943549383,0.0,0.5,0.5,0.4667772080242284,True,0,M04388,44,T051,"POLYGON ((15412126.94 4995944.148, 15415126.94 4995944.148, 15415126.94 4992944.148, 15412126.94 4992944.148, 15412126.94 4995944.148))"
15416438.105,4994384.4325,2,喜山期|海西期,"{""喜山期"": 1354, ""海西期"": 1751}",0.7678780068497764,0.0,0.5,1.0,0.5437573023974217,True,0,M04389,46,T053,"POLYGON ((15415126.94 4995944.148, 15418126.94 4995944.148, 15418126.94 4992944.148, 15415126.94 4992944.148, 15415126.94 4995944.148))"
15419438.105,4994384.4325,2,喜山期|海西期,"{""喜山期"": 1403, ""海西期"": 1812}",0.7694770656248051,0.0,0.5,1.0,0.5443169729686818,True,0,M04390,46,T053,"POLYGON ((15418126.94 4995944.148, 15421126.94 4995944.148, 15421126.94 4992944.148, 15418126.94 4992944.148, 15418126.94 4995944.148))"
15422438.105,4994384.4325,2,喜山期|海西期,"{""喜山期"": 1452, ""海西期"": 1873}",0.7655029040469231,0.0,0.5,0.5,0.46792601641642306,True,0,M04391,46,T053,"POLYGON ((15421126.94 4995944.148, 15424126.94 4995944.148, 15424126.94 4992944.148, 15421126.94 4992944.148, 15421126.94 4995944.148))"
15425438.105,4994384.4325,2,喜山期|海西期,"{""喜山期"": 1501, ""海西期"": 1934}",0.7590002623356709,0.0,0.5,0.5,0.4656500918174848,True,0,M04392,46,T053,"POLYGON ((15424126.94 4995944.148, 15427126.94 4995944.148, 15427126.94 4992944.148, 15424126.94 4992944.148, 15424126.94 4995944.148))"
15428438.105,4994384.4325,2,喜山期|海西期,"{""喜山期"": 1550, ""海西期"": 1995}",0.7464042404666054,0.0,0.5,0.5,0.4612414841633119,True,0,M04393,42,T049,"POLYGON ((15427126.94 4995944.148, 15430126.94 4995944.148, 15430126.94 4992944.148, 15427126.94 4992944.148, 15427126.94 4995944.148))"
15431438.105,4994384.4325,2,喜山期|海西期,"{""喜山期"": 1599, ""海西期"": 2056}",0.7297929358783772,0.0,0.5,0.5,0.45542752755743204,True,0,M04394,42,T049,"POLYGON ((15430126.94 4995944.148, 15433126.94 4995944.148, 15433126.94 4992944.148, 15430126.94 4992944.148, 15430126.94 4995944.148))"
15434438.105,4994384.4325,2,喜山期|海西期,"{""喜山期"": 1648, ""海西期"": 2117}",0.699383347027116,0.0,0.5,0.5,0.4447841714594906,True,0,M04395,42,T049,"POLYGON ((15433126.94 4995944.148, 15436126.94 4995944.148, 15436126.94 4992944.148, 15433126.94 4992944.148, 15433126.94 4995944.148))"
15446438.105,4994384.4325,2,喜山期|海西期,"{""喜山期"": 1844, ""海西期"": 2361}",0.7684873727206915,0.0,0.5,1.0,0.543970580452242,True,0,M04399,47,T054,"POLYGON ((15445126.94 4995944.148, 15448126.94 4995944.148, 15448126.94 4992944.148, 15445126.94 4992944.148, 15445126.94 4995944.148))"
15458438.105,4994384.4325,2,喜山期|海西期,"{""喜山期"": 2040, ""海西期"": 2605}",0.6941998199961461,0.0,0.5,0.5,0.4429699369986511,True,0,M04403,45,T052,"POLYGON ((15457126.94 4995944.148, 15460126.94 4995944.148, 15460126.94 4992944.148, 15457126.94 4992944.148, 15457126.94 4995944.148))"
15461438.105,4994384.4325,2,喜山期|海西期,"{""喜山期"": 2089, ""海西期"": 2666}",0.7174562104861248,0.0,0.5,0.5,0.4511096736701437,True,0,M04404,45,T052,"POLYGON ((15460126.94 4995944.148, 15463126.94 4995944.148, 15463126.94 4992944.148, 15460126.94 4992944.148, 15460126.94 4995944.148))"
15464438.105,4994384.4325,2,喜山期|海西期,"{""喜山期"": 2138, ""海西期"": 2727}",0.6944050078755416,0.0,0.5,0.5,0.4430417527564396,True,0,M04405,45,T052,"POLYGON ((15463126.94 4995944.148, 15466126.94 4995944.148, 15466126.94 4992944.148, 15463126.94 4992944.148, 15463126.94 4995944.148))"
15395438.105,4991384.4325,2,喜山期|海西期,"{""喜山期"": 1012, ""海西期"": 1325}",0.691090629960763,0.0,0.5,0.5,0.441881720486267,True,0,M04498,48,T055,"POLYGON ((15394126.94 4992944.148, 15397126.94 4992944.148, 15397126.94 4989944.148, 15394126.94 4989944.148, 15394126.94 4992944.148))"
15398438.105,4991384.4325,2,喜山期|海西期,"{""喜山期"": 1061, ""海西期"": 1386}",0.7027872443781624,0.0,0.5,0.5,0.44597553553235686,True,0,M04499,48,T055,"POLYGON ((15397126.94 4992944.148, 15400126.94 4992944.148, 15400126.94 4989944.148, 15397126.94 4989944.148, 15397126.94 4992944.148))"
15401438.105,4991384.4325,2,喜山期|海西期,"{""喜山期"": 1110, ""海西期"": 1447}",0.7193593776844762,0.0,0.5,0.5,0.45177578218956665,True,0,M04500,48,T055,"POLYGON ((15400126.94 4992944.148, 15403126.94 4992944.148, 15403126.94 4989944.148, 15400126.94 4989944.148, 15400126.94 4992944.148))"
15404438.105,4991384.4325,2,喜山期|海西期,"{""喜山期"": 1159, ""海西期"": 1508}",0.7287611817222173,0.0,0.5,0.5,0.45506641360277605,True,0,M04501,48,T055,"POLYGON ((15403126.94 4992944.148, 15406126.94 4992944.148, 15406126.94 4989944.148, 15403126.94 4989944.148, 15403126.94 4992944.148))"
15407438.105,4991384.4325,2,喜山期|海西期,"{""喜山期"": 1208, ""海西期"": 1569}",0.7390532358363856,0.0,0.5,0.5,0.45866863254273493,True,0,M04502,44,T051,"POLYGON ((15406126.94 4992944.148, 15409126.94 4992944.148, 15409126.94 4989944.148, 15406126.94 4989944.148, 15406126.94 4992944.148))"
15410438.105,4991384.4325,2,喜山期|海西期,"{""喜山期"": 1257, ""海西期"": 1630}",0.7448268042391932,0.0,0.5,0.5,0.46068938148371763,True,0,M04503,44,T051,"POLYGON ((15409126.94 4992944.148, 15412126.94 4992944.148, 15412126.94 4989944.148, 15409126.94 4989944.148, 15409126.94 4992944.148))"
15413438.105,4991384.4325,2,喜山期|海西期,"{""喜山期"": 1306, ""海西期"": 1691}",0.749986863319932,0.0,0.5,0.5,0.4624954021619762,True,0,M04504,44,T051,"POLYGON ((15412126.94 4992944.148, 15415126.94 4992944.148, 15415126.94 4989944.148, 15412126.94 4989944.148, 15412126.94 4992944.148))"
15416438.105,4991384.4325,2,喜山期|海西期,"{""喜山期"": 1355, ""海西期"": 1752}",0.7586198308457206,0.0,0.5,0.8333333333333333,0.5155169407960022,True,0,M04505,44,T051,"POLYGON ((15415126.94 4992944.148, 15418126.94 4992944.148, 15418126.94 4989944.148, 15415126.94 4989944.148, 15415126.94 4992944.148))"
15419438.105,4991384.4325,2,喜山期|海西期,"{""喜山期"": 1404, ""海西期"": 1813}",0.763832118302345,0.0,0.5,1.0,0.5423412414058207,True,0,M04506,46,T053,"POLYGON ((15418126.94 4992944.148, 15421126.94 4992944.148, 15421126.94 4989944.148, 15418126.94 4989944.148, 15418126.94 4992944.148))"
15422438.105,4991384.4325,2,喜山期|海西期,"{""喜山期"": 1453, ""海西期"": 1874}",0.7643033575285014,0.0,0.5,1.0,0.5425061751349755,True,0,M04507,46,T053,"POLYGON ((15421126.94 4992944.148, 15424126.94 4992944.148, 15424126.94 4989944.148, 15421126.94 4989944.148, 15421126.94 4992944.148))"
15425438.105,4991384.4325,2,喜山期|海西期,"{""喜山期"": 1502, ""海西期"": 1935}",0.7619504691948582,0.0,0.5,1.0,0.5416826642182003,True,0,M04508,46,T053,"POLYGON ((15424126.94 4992944.148, 15427126.94 4992944.148, 15427126.94 4989944.148, 15424126.94 4989944.148, 15424126.94 4992944.148))"
15428438.105,4991384.4325,2,喜山期|海西期,"{""喜山期"": 1551, ""海西期"": 1996}",0.7555281199068007,0.0,0.5,1.0,0.5394348419673802,True,0,M04509,46,T053,"POLYGON ((15427126.94 4992944.148, 15430126.94 4992944.148, 15430126.94 4989944.148, 15427126.94 4989944.148, 15427126.94 4992944.148))"
15431438.105,4991384.4325,2,喜山期|海西期,"{""喜山期"": 1600, ""海西期"": 2057}",0.744820954661094,0.0,0.5,0.5,0.4606873341313829,True,0,M04510,42,T049,"POLYGON ((15430126.94 4992944.148, 15433126.94 4992944.148, 15433126.94 4989944.148, 15430126.94 4989944.148, 15430126.94 4992944.148))"
15434438.105,4991384.4325,2,喜山期|海西期,"{""喜山期"": 1649, ""海西期"": 2118}",0.7256230919855109,0.0,0.5,0.5,0.4539680821949288,True,0,M04511,42,T049,"POLYGON ((15433126.94 4992944.148, 15436126.94 4992944.148, 15436126.94 4989944.148, 15433126.94 4989944.148, 15433126.94 4992944.148))"
15437438.105,4991384.4325,2,喜山期|海西期,"{""喜山期"": 1698, ""海西期"": 2179}",0.7028120006283323,0.0,0.5,0.5,0.4459842002199163,True,0,M04512,49,T056,"POLYGON ((15436126.94 4992944.148, 15439126.94 4992944.148, 15439126.94 4989944.148, 15436126.94 4989944.148, 15436126.94 4992944.148))"
15440438.105,4991384.4325,2,喜山期|海西期,"{""喜山期"": 1747, ""海西期"": 2240}",0.6843190469326175,0.0,0.5,0.5,0.4395116664264161,True,0,M04513,49,T056,"POLYGON ((15439126.94 4992944.148, 15442126.94 4992944.148, 15442126.94 4989944.148, 15439126.94 4989944.148, 15439126.94 4992944.148))"
15446438.105,4991384.4325,2,喜山期|海西期,"{""喜山期"": 1845, ""海西期"": 2362}",0.7612583735765405,0.0,0.5,1.0,0.5414404307517892,True,0,M04515,47,T054,"POLYGON ((15445126.94 4992944.148, 15448126.94 4992944.148, 15448126.94 4989944.148, 15445126.94 4989944.148, 15445126.94 4992944.148))"
15458438.105,4991384.4325,2,喜山期|海西期,"{""喜山期"": 2041, ""海西期"": 2606}",0.6911153165730983,0.0,0.5,0.5,0.4418903608005844,True,0,M04519,45,T052,"POLYGON ((15457126.94 4992944.148, 15460126.94 4992944.148, 15460126.94 4989944.148, 15457126.94 4989944.148, 15457126.94 4992944.148))"
15461438.105,4991384.4325,2,喜山期|海西期,"{""喜山期"": 2090, ""海西期"": 2667}",0.7942397224753226,0.0,0.5,0.5,0.4779839028663629,True,0,M04520,45,T052,"POLYGON ((15460126.94 4992944.148, 15463126.94 4992944.148, 15463126.94 4989944.148, 15460126.94 4989944.148, 15460126.94 4992944.148))"
15464438.105,4991384.4325,2,喜山期|海西期,"{""喜山期"": 2139, ""海西期"": 2728}",0.7823896784990301,0.0,0.5,0.5,0.4738363874746605,True,0,M04521,45,T052,"POLYGON ((15463126.94 4992944.148, 15466126.94 4992944.148, 15466126.94 4989944.148, 15463126.94 4989944.148, 15463126.94 4992944.148))"
15467438.105,4991384.4325,2,喜山期|海西期,"{""喜山期"": 2188, ""海西期"": 2789}",0.7540206000652406,0.0,0.5,0.5,0.4639072100228342,True,0,M04522,45,T052,"POLYGON ((15466126.94 4992944.148, 15469126.94 4992944.148, 15469126.94 4989944.148, 15466126.94 4989944.148, 15466126.94 4992944.148))"
15398438.105,4988384.4325,2,喜山期|海西期,"{""喜山期"": 1062, ""海西期"": 1387}",0.6803893142931556,0.0,0.5,0.5,0.43813626000260447,True,0,M04615,48,T055,"POLYGON ((15397126.94 4989944.148, 15400126.94 4989944.148, 15400126.94 4986944.148, 15397126.94 4986944.148, 15397126.94 4989944.148))"
15401438.105,4988384.4325,2,喜山期|海西期,"{""喜山期"": 1111, ""海西期"": 1448}",0.697862804910502,0.0,0.5,0.5,0.4442519817186757,True,0,M04616,48,T055,"POLYGON ((15400126.94 4989944.148, 15403126.94 4989944.148, 15403126.94 4986944.148, 15400126.94 4986944.148, 15400126.94 4989944.148))"
15404438.105,4988384.4325,2,喜山期|海西期,"{""喜山期"": 1160, ""海西期"": 1509}",0.7080706668827428,0.0,0.5,0.5,0.44782473340895995,True,0,M04617,48,T055,"POLYGON ((15403126.94 4989944.148, 15406126.94 4989944.148, 15406126.94 4986944.148, 15403126.94 4986944.148, 15403126.94 4989944.148))"
15407438.105,4988384.4325,2,喜山期|海西期,"{""喜山期"": 1209, ""海西期"": 1570}",0.7182915859489553,0.0,0.5,0.5,0.4514020550821343,True,0,M04618,48,T055,"POLYGON ((15406126.94 4989944.148, 15409126.94 4989944.148, 15409126.94 4986944.148, 15406126.94 4986944.148, 15406126.94 4989944.148))"
15410438.105,4988384.4325,2,喜山期|海西期,"{""喜山期"": 1258, ""海西期"": 1631}",0.7253966297476713,0.0,0.5,0.5,0.45388882041168493,True,0,M04619,44,T051,"POLYGON ((15409126.94 4989944.148, 15412126.94 4989944.148, 15412126.94 4986944.148, 15409126.94 4986944.148, 15409126.94 4989944.148))"
15413438.105,4988384.4325,2,喜山期|海西期,"{""喜山期"": 1307, ""海西期"": 1692}",0.7323502460752365,0.0,0.5,0.5,0.45632258612633275,True,0,M04620,44,T051,"POLYGON ((15412126.94 4989944.148, 15415126.94 4989944.148, 15415126.94 4986944.148, 15412126.94 4986944.148, 15412126.94 4989944.148))"
15416438.105,4988384.4325,2,喜山期|海西期,"{""喜山期"": 1356, ""海西期"": 1753}",0.7402593979490861,0.0,0.5,0.5,0.45909078928218017,True,0,M04621,50,T057,"POLYGON ((15415126.94 4989944.148, 15418126.94 4989944.148, 15418126.94 4986944.148, 15415126.94 4986944.148, 15415126.94 4989944.148))"
15419438.105,4988384.4325,2,喜山期|海西期,"{""喜山期"": 1405, ""海西期"": 1814}",0.7479851585857431,0.0,0.5,0.8333333333333333,0.51179480550501,True,0,M04622,50,T057,"POLYGON ((15418126.94 4989944.148, 15421126.94 4989944.148, 15421126.94 4986944.148, 15418126.94 4986944.148, 15418126.94 4989944.148))"
15422438.105,4988384.4325,2,喜山期|海西期,"{""喜山期"": 1454, ""海西期"": 1875}",0.7536667354091576,0.0,0.5,1.0,0.5387833573932052,True,0,M04623,46,T053,"POLYGON ((15421126.94 4989944.148, 15424126.94 4989944.148, 15424126.94 4986944.148, 15421126.94 4986944.148, 15421126.94 4989944.148))"
15425438.105,4988384.4325,2,喜山期|海西期,"{""喜山期"": 1503, ""海西期"": 1936}",0.7571096299475318,0.0,0.5,1.0,0.5399883704816362,True,0,M04624,46,T053,"POLYGON ((15424126.94 4989944.148, 15427126.94 4989944.148, 15427126.94 4986944.148, 15424126.94 4986944.148, 15424126.94 4989944.148))"
15428438.105,4988384.4325,2,喜山期|海西期,"{""喜山期"": 1552, ""海西期"": 1997}",0.7564341429527456,0.0,0.5,1.0,0.5397519500334609,True,0,M04625,46,T053,"POLYGON ((15427126.94 4989944.148, 15430126.94 4989944.148, 15430126.94 4986944.148, 15427126.94 4986944.148, 15427126.94 4989944.148))"
15431438.105,4988384.4325,2,喜山期|海西期,"{""喜山期"": 1601, ""海西期"": 2058}",0.7558578550532247,0.0,0.5,1.0,0.5395502492686286,True,0,M04626,46,T053,"POLYGON ((15430126.94 4989944.148, 15433126.94 4989944.148, 15433126.94 4986944.148, 15430126.94 4986944.148, 15430126.94 4989944.148))"
15434438.105,4988384.4325,2,喜山期|海西期,"{""喜山期"": 1650, ""海西期"": 2119}",0.7505535760172073,0.0,0.5,1.0,0.5376937516060225,True,0,M04627,49,T056,"POLYGON ((15433126.94 4989944.148, 15436126.94 4989944.148, 15436126.94 4986944.148, 15433126.94 4986944.148, 15433126.94 4989944.148))"
15437438.105,4988384.4325,2,喜山期|海西期,"{""喜山期"": 1699, ""海西期"": 2180}",0.7435249249229532,0.0,0.5,1.0,0.5352337237230336,True,0,M04628,49,T056,"POLYGON ((15436126.94 4989944.148, 15439126.94 4989944.148, 15439126.94 4986944.148, 15436126.94 4986944.148, 15436126.94 4989944.148))"
15440438.105,4988384.4325,2,喜山期|海西期,"{""喜山期"": 1748, ""海西期"": 2241}",0.7347980159584051,0.0,0.5,1.0,0.5321793055854418,True,0,M04629,49,T056,"POLYGON ((15439126.94 4989944.148, 15442126.94 4989944.148, 15442126.94 4986944.148, 15439126.94 4986944.148, 15439126.94 4989944.148))"
15446438.105,4988384.4325,2,喜山期|海西期,"{""喜山期"": 1846, ""海西期"": 2363}",0.7560135304322808,0.0,0.5,0.5,0.4646047356512983,True,0,M04631,47,T054,"POLYGON ((15445126.94 4989944.148, 15448126.94 4989944.148, 15448126.94 4986944.148, 15445126.94 4986944.148, 15445126.94 4989944.148))"
15449438.105,4988384.4325,2,喜山期|海西期,"{""喜山期"": 1895, ""海西期"": 2424}",0.7260282100877964,0.0,0.5,0.5,0.45410987353072874,True,0,M04632,47,T054,"POLYGON ((15448126.94 4989944.148, 15451126.94 4989944.148, 15451126.94 4986944.148, 15448126.94 4986944.148, 15448126.94 4989944.148))"
15452438.105,4988384.4325,2,喜山期|海西期,"{""喜山期"": 1944, ""海西期"": 2485}",0.7274916143611918,0.0,0.5,0.5,0.4546220650264171,True,0,M04633,47,T054,"POLYGON ((15451126.94 4989944.148, 15454126.94 4989944.148, 15454126.94 4986944.148, 15451126.94 4986944.148, 15451126.94 4989944.148))"
15455438.105,4988384.4325,2,喜山期|海西期,"{""喜山期"": 1993, ""海西期"": 2546}",0.7251884126224742,0.0,0.5,0.5,0.453815944417866,True,0,M04634,47,T054,"POLYGON ((15454126.94 4989944.148, 15457126.94 4989944.148, 15457126.94 4986944.148, 15454126.94 4986944.148, 15454126.94 4989944.148))"
15458438.105,4988384.4325,2,喜山期|海西期,"{""喜山期"": 2042, ""海西期"": 2607}",0.7163975761258423,0.0,0.5,0.5,0.4507391516440448,True,0,M04635,45,T052,"POLYGON ((15457126.94 4989944.148, 15460126.94 4989944.148, 15460126.94 4986944.148, 15457126.94 4986944.148, 15457126.94 4989944.148))"
15461438.105,4988384.4325,2,喜山期|海西期,"{""喜山期"": 2091, ""海西期"": 2668}",0.7892257983903115,0.0,0.5,0.5,0.476229029436609,True,0,M04636,45,T052,"POLYGON ((15460126.94 4989944.148, 15463126.94 4989944.148, 15463126.94 4986944.148, 15460126.94 4986944.148, 15460126.94 4989944.148))"
15464438.105,4988384.4325,2,喜山期|海西期,"{""喜山期"": 2140, ""海西期"": 2729}",0.7791982113621687,0.0,0.5,0.5,0.47271937397675906,True,0,M04637,45,T052,"POLYGON ((15463126.94 4989944.148, 15466126.94 4989944.148, 15466126.94 4986944.148, 15463126.94 4986944.148, 15463126.94 4989944.148))"
15467438.105,4988384.4325,2,喜山期|海西期,"{""喜山期"": 2189, ""海西期"": 2790}",0.7488833125563878,0.0,0.5,0.5,0.46210915939473574,True,0,M04638,45,T052,"POLYGON ((15466126.94 4989944.148, 15469126.94 4989944.148, 15469126.94 4986944.148, 15466126.94 4986944.148, 15466126.94 4989944.148))"
15395438.105,4985384.4325,2,喜山期|海西期,"{""喜山期"": 1014, ""海西期"": 1327}",0.678674865626337,0.0,0.5,0.5,0.43753620296921797,True,0,M04730,48,T055,"POLYGON ((15394126.94 4986944.148, 15397126.94 4986944.148, 15397126.94 4983944.148, 15394126.94 4983944.148, 15394126.94 4986944.148))"
15398438.105,4985384.4325,2,喜山期|海西期,"{""喜山期"": 1063, ""海西期"": 1388}",0.6887032360801181,0.0,0.5,0.5,0.4410461326280413,True,0,M04731,48,T055,"POLYGON ((15397126.94 4986944.148, 15400126.94 4986944.148, 15400126.94 4983944.148, 15397126.94 4983944.148, 15397126.94 4986944.148))"
15401438.105,4985384.4325,2,喜山期|海西期,"{""喜山期"": 1112, ""海西期"": 1449}",0.703440690998325,0.0,0.5,0.5,0.4462042418494137,True,0,M04732,48,T055,"POLYGON ((15400126.94 4986944.148, 15403126.94 4986944.148, 15403126.94 4983944.148, 15400126.94 4983944.148, 15400126.94 4986944.148))"
15404438.105,4985384.4325,2,喜山期|海西期,"{""喜山期"": 1161, ""海西期"": 1510}",0.7128294379420945,0.0,0.5,0.5,0.4494903032797331,True,0,M04733,48,T055,"POLYGON ((15403126.94 4986944.148, 15406126.94 4986944.148, 15406126.94 4983944.148, 15403126.94 4983944.148, 15403126.94 4986944.148))"
15407438.105,4985384.4325,2,喜山期|海西期,"{""喜山期"": 1210, ""海西期"": 1571}",0.7205329841095415,0.0,0.5,0.5,0.4521865444383395,True,0,M04734,50,T057,"POLYGON ((15406126.94 4986944.148, 15409126.94 4986944.148, 15409126.94 4983944.148, 15406126.94 4983944.148, 15406126.94 4986944.148))"
15410438.105,4985384.4325,2,喜山期|海西期,"{""喜山期"": 1259, ""海西期"": 1632}",0.7272640379179998,0.0,0.5,0.5,0.4545424132712999,True,0,M04735,50,T057,"POLYGON ((15409126.94 4986944.148, 15412126.94 4986944.148, 15412126.94 4983944.148, 15409126.94 4983944.148, 15409126.94 4986944.148))"
15413438.105,4985384.4325,2,喜山期|海西期,"{""喜山期"": 1308, ""海西期"": 1693}",0.7330337066020746,0.0,0.5,0.5,0.4565617973107261,True,0,M04736,50,T057,"POLYGON ((15412126.94 4986944.148, 15415126.94 4986944.148, 15415126.94 4983944.148, 15412126.94 4983944.148, 15412126.94 4986944.148))"
15416438.105,4985384.4325,2,喜山期|海西期,"{""喜山期"": 1357, ""海西期"": 1754}",0.7427905939580026,0.0,0.5,1.0,0.5349767078853009,True,0,M04737,50,T057,"POLYGON ((15415126.94 4986944.148, 15418126.94 4986944.148, 15418126.94 4983944.148, 15415126.94 4983944.148, 15415126.94 4986944.148))"
15419438.105,4985384.4325,2,喜山期|海西期,"{""喜山期"": 1406, ""海西期"": 1815}",0.7482385010277052,0.0,0.5,1.0,0.5368834753596968,True,0,M04738,46,T053,"POLYGON ((15418126.94 4986944.148, 15421126.94 4986944.148, 15421126.94 4983944.148, 15418126.94 4983944.148, 15418126.94 4986944.148))"
15422438.105,4985384.4325,2,喜山期|海西期,"{""喜山期"": 1455, ""海西期"": 1876}",0.7514046548117206,0.0,0.5,1.0,0.5379916291841021,True,0,M04739,46,T053,"POLYGON ((15421126.94 4986944.148, 15424126.94 4986944.148, 15424126.94 4983944.148, 15421126.94 4983944.148, 15421126.94 4986944.148))"
15425438.105,4985384.4325,2,喜山期|海西期,"{""喜山期"": 1504, ""海西期"": 1937}",0.7550400979625262,0.0,0.5,1.0,0.5392640342868842,True,0,M04740,46,T053,"POLYGON ((15424126.94 4986944.148, 15427126.94 4986944.148, 15427126.94 4983944.148, 15424126.94 4983944.148, 15424126.94 4986944.148))"
15428438.105,4985384.4325,2,喜山期|海西期,"{""喜山期"": 1553, ""海西期"": 1998}",0.7579386683674216,0.0,0.5,1.0,0.5402785339285976,True,0,M04741,46,T053,"POLYGON ((15427126.94 4986944.148, 15430126.94 4986944.148, 15430126.94 4983944.148, 15427126.94 4983944.148, 15427126.94 4986944.148))"
15431438.105,4985384.4325,2,喜山期|海西期,"{""喜山期"": 1602, ""海西期"": 2059}",0.75929235823254,0.0,0.5,1.0,0.540752325381389,True,0,M04742,49,T056,"POLYGON ((15430126.94 4986944.148, 15433126.94 4986944.148, 15433126.94 4983944.148, 15430126.94 4983944.148, 15430126.94 4986944.148))"
15434438.105,4985384.4325,2,喜山期|海西期,"{""喜山期"": 1651, ""海西期"": 2120}",0.7603523505305956,0.0,0.5,1.0,0.5411233226857084,True,0,M04743,49,T056,"POLYGON ((15433126.94 4986944.148, 15436126.94 4986944.148, 15436126.94 4983944.148, 15433126.94 4983944.148, 15433126.94 4986944.148))"
15437438.105,4985384.4325,2,喜山期|海西期,"{""喜山期"": 1700, ""海西期"": 2181}",0.7618385611947942,0.0,0.5,1.0,0.541643496418178,True,0,M04744,49,T056,"POLYGON ((15436126.94 4986944.148, 15439126.94 4986944.148, 15439126.94 4983944.148, 15436126.94 4983944.148, 15436126.94 4986944.148))"
15440438.105,4985384.4325,2,喜山期|海西期,"{""喜山期"": 1749, ""海西期"": 2242}",0.8465703963397558,0.0,0.5,1.0,0.5712996387189145,True,0,M04745,49,T056,"POLYGON ((15439126.94 4986944.148, 15442126.94 4986944.148, 15442126.94 4983944.148, 15439126.94 4983944.148, 15439126.94 4986944.148))"
15443438.105,4985384.4325,2,喜山期|海西期,"{""喜山期"": 1798, ""海西期"": 2303}",0.8427515097233815,0.0,0.5,0.5,0.4949630284031835,True,0,M04746,51,T058,"POLYGON ((15442126.94 4986944.148, 15445126.94 4986944.148, 15445126.94 4983944.148, 15442126.94 4983944.148, 15442126.94 4986944.148))"
15446438.105,4985384.4325,2,喜山期|海西期,"{""喜山期"": 1847, ""海西期"": 2364}",0.8352955086481735,0.0,0.5,0.5,0.4923534280268607,True,0,M04747,51,T058,"POLYGON ((15445126.94 4986944.148, 15448126.94 4986944.148, 15448126.94 4983944.148, 15445126.94 4983944.148, 15445126.94 4986944.148))"
15449438.105,4985384.4325,2,喜山期|海西期,"{""喜山期"": 1896, ""海西期"": 2425}",0.742569145644248,0.0,0.5,0.5,0.4598992009754868,True,0,M04748,47,T054,"POLYGON ((15448126.94 4986944.148, 15451126.94 4986944.148, 15451126.94 4983944.148, 15448126.94 4983944.148, 15448126.94 4986944.148))"
15452438.105,4985384.4325,2,喜山期|海西期,"{""喜山期"": 1945, ""海西期"": 2486}",0.7293087440150012,0.0,0.5,0.5,0.4552580604052504,True,0,M04749,47,T054,"POLYGON ((15451126.94 4986944.148, 15454126.94 4986944.148, 15454126.94 4983944.148, 15451126.94 4983944.148, 15451126.94 4986944.148))"
15455438.105,4985384.4325,2,喜山期|海西期,"{""喜山期"": 1994, ""海西期"": 2547}",0.7150197219321475,0.0,0.5,0.5,0.4502569026762516,True,0,M04750,45,T052,"POLYGON ((15454126.94 4986944.148, 15457126.94 4986944.148, 15457126.94 4983944.148, 15454126.94 4983944.148, 15454126.94 4986944.148))"
15458438.105,4985384.4325,2,喜山期|海西期,"{""喜山期"": 2043, ""海西期"": 2608}",0.6930721745418601,0.0,0.5,0.5,0.442575261089651,True,0,M04751,45,T052,"POLYGON ((15457126.94 4986944.148, 15460126.94 4986944.148, 15460126.94 4983944.148, 15457126.94 4983944.148, 15457126.94 4986944.148))"
15464438.105,4985384.4325,2,喜山期|海西期,"{""喜山期"": 2141, ""海西期"": 2730}",0.7521220463734257,0.0,0.5,0.5,0.463242716230699,True,0,M04753,45,T052,"POLYGON ((15463126.94 4986944.148, 15466126.94 4986944.148, 15466126.94 4983944.148, 15463126.94 4983944.148, 15463126.94 4986944.148))"
15401438.105,4982384.4325,2,喜山期|海西期,"{""喜山期"": 1113, ""海西期"": 1450}",0.6809938403345719,0.0,0.5,0.5,0.43834784411710015,True,0,M04848,48,T055,"POLYGON ((15400126.94 4983944.148, 15403126.94 4983944.148, 15403126.94 4980944.148, 15400126.94 4980944.148, 15400126.94 4983944.148))"
15404438.105,4982384.4325,2,喜山期|海西期,"{""喜山期"": 1162, ""海西期"": 1511}",0.6905881929847442,0.0,0.5,0.5,0.44170586754466046,True,0,M04849,48,T055,"POLYGON ((15403126.94 4983944.148, 15406126.94 4983944.148, 15406126.94 4980944.148, 15403126.94 4980944.148, 15403126.94 4983944.148))"
15407438.105,4982384.4325,2,喜山期|海西期,"{""喜山期"": 1211, ""海西期"": 1572}",0.7011530881345387,0.0,0.5,0.5,0.44540358084708853,True,0,M04850,50,T057,"POLYGON ((15406126.94 4983944.148, 15409126.94 4983944.148, 15409126.94 4980944.148, 15406126.94 4980944.148, 15406126.94 4983944.148))"
15410438.105,4982384.4325,2,喜山期|海西期,"{""喜山期"": 1260, ""海西期"": 1633}",0.710399564982396,0.0,0.5,0.5,0.4486398477438386,True,0,M04851,50,T057,"POLYGON ((15409126.94 4983944.148, 15412126.94 4983944.148, 15412126.94 4980944.148, 15409126.94 4980944.148, 15409126.94 4983944.148))"
15413438.105,4982384.4325,2,喜山期|海西期,"{""喜山期"": 1309, ""海西期"": 1694}",0.7167938502231445,0.0,0.5,0.5,0.45087784757810057,True,0,M04852,50,T057,"POLYGON ((15412126.94 4983944.148, 15415126.94 4983944.148, 15415126.94 4980944.148, 15412126.94 4980944.148, 15412126.94 4983944.148))"
15416438.105,4982384.4325,2,喜山期|海西期,"{""喜山期"": 1358, ""海西期"": 1755}",0.7291895240423131,0.0,0.5,1.0,0.5302163334148096,True,0,M04853,50,T057,"POLYGON ((15415126.94 4983944.148, 15418126.94 4983944.148, 15418126.94 4980944.148, 15415126.94 4980944.148, 15415126.94 4983944.148))"
15419438.105,4982384.4325,2,喜山期|海西期,"{""喜山期"": 1407, ""海西期"": 1816}",0.7374426519997449,0.0,0.5,1.0,0.5331049281999107,True,0,M04854,50,T057,"POLYGON ((15418126.94 4983944.148, 15421126.94 4983944.148, 15421126.94 4980944.148, 15418126.94 4980944.148, 15418126.94 4983944.148))"
15422438.105,4982384.4325,2,喜山期|海西期,"{""喜山期"": 1456, ""海西期"": 1877}",0.7418449818031364,0.0,0.5,1.0,0.5346457436310977,True,0,M04855,46,T053,"POLYGON ((15421126.94 4983944.148, 15424126.94 4983944.148, 15424126.94 4980944.148, 15421126.94 4980944.148, 15421126.94 4983944.148))"
15425438.105,4982384.4325,2,喜山期|海西期,"{""喜山期"": 1505, ""海西期"": 1938}",0.7467727290679363,0.0,0.5,1.0,0.5363704551737777,True,0,M04856,46,T053,"POLYGON ((15424126.94 4983944.148, 15427126.94 4983944.148, 15427126.94 4980944.148, 15424126.94 4980944.148, 15424126.94 4983944.148))"
15428438.105,4982384.4325,2,喜山期|海西期,"{""喜山期"": 1554, ""海西期"": 1999}",0.7487810493964041,0.0,0.5,1.0,0.5370733672887414,True,0,M04857,49,T056,"POLYGON ((15427126.94 4983944.148, 15430126.94 4983944.148, 15430126.94 4980944.148, 15427126.94 4980944.148, 15427126.94 4983944.148))"
15431438.105,4982384.4325,2,喜山期|海西期,"{""喜山期"": 1603, ""海西期"": 2060}",0.7515673636120627,0.0,0.5,1.0,0.538048577264222,True,0,M04858,49,T056,"POLYGON ((15430126.94 4983944.148, 15433126.94 4983944.148, 15433126.94 4980944.148, 15430126.94 4980944.148, 15430126.94 4983944.148))"
15434438.105,4982384.4325,2,喜山期|海西期,"{""喜山期"": 1652, ""海西期"": 2121}",0.7541702865905286,0.0,0.5,1.0,0.538959600306685,True,0,M04859,49,T056,"POLYGON ((15433126.94 4983944.148, 15436126.94 4983944.148, 15436126.94 4980944.148, 15433126.94 4980944.148, 15433126.94 4983944.148))"
15437438.105,4982384.4325,2,喜山期|海西期,"{""喜山期"": 1701, ""海西期"": 2182}",0.7570460506046205,0.0,0.5,0.5,0.46496611771161717,True,0,M04860,49,T056,"POLYGON ((15436126.94 4983944.148, 15439126.94 4983944.148, 15439126.94 4980944.148, 15436126.94 4980944.148, 15436126.94 4983944.148))"
15440438.105,4982384.4325,2,喜山期|海西期,"{""喜山期"": 1750, ""海西期"": 2243}",0.8377651099924621,0.0,0.5,0.5,0.49321778849736175,True,0,M04861,51,T058,"POLYGON ((15439126.94 4983944.148, 15442126.94 4983944.148, 15442126.94 4980944.148, 15439126.94 4980944.148, 15439126.94 4983944.148))"
15443438.105,4982384.4325,2,喜山期|海西期,"{""喜山期"": 1799, ""海西期"": 2304}",0.8368814929197721,0.0,0.5,0.5,0.49290852252192024,True,0,M04862,51,T058,"POLYGON ((15442126.94 4983944.148, 15445126.94 4983944.148, 15445126.94 4980944.148, 15442126.94 4980944.148, 15442126.94 4983944.148))"
15446438.105,4982384.4325,2,喜山期|海西期,"{""喜山期"": 1848, ""海西期"": 2365}",0.8212296061871027,0.0,0.5,0.5,0.48743036216548596,True,0,M04863,51,T058,"POLYGON ((15445126.94 4983944.148, 15448126.94 4983944.148, 15448126.94 4980944.148, 15445126.94 4980944.148, 15445126.94 4983944.148))"
15449438.105,4982384.4325,2,喜山期|海西期,"{""喜山期"": 1897, ""海西期"": 2426}",0.6872859668720883,0.0,0.5,0.5,0.4405500884052309,True,0,M04864,51,T058,"POLYGON ((15448126.94 4983944.148, 15451126.94 4983944.148, 15451126.94 4980944.148, 15448126.94 4980944.148, 15448126.94 4983944.148))"
15410438.105,4979384.4325,2,喜山期|海西期,"{""喜山期"": 1261, ""海西期"": 1634}",0.6922369383546987,0.0,0.5,0.5,0.4422829284241446,True,0,M04967,50,T057,"POLYGON ((15409126.94 4980944.148, 15412126.94 4980944.148, 15412126.94 4977944.148, 15409126.94 4977944.148, 15409126.94 4980944.148))"
15413438.105,4979384.4325,2,喜山期|海西期,"{""喜山期"": 1310, ""海西期"": 1695}",0.6993680963413574,0.0,0.5,0.5,0.4447788337194751,True,0,M04968,50,T057,"POLYGON ((15412126.94 4980944.148, 15415126.94 4980944.148, 15415126.94 4977944.148, 15412126.94 4977944.148, 15412126.94 4980944.148))"
15416438.105,4979384.4325,2,喜山期|海西期,"{""喜山期"": 1359, ""海西期"": 1756}",0.7105817723764021,0.0,0.5,0.8333333333333333,0.4987036203317407,True,0,M04969,50,T057,"POLYGON ((15415126.94 4980944.148, 15418126.94 4980944.148, 15418126.94 4977944.148, 15415126.94 4977944.148, 15415126.94 4980944.148))"
15419438.105,4979384.4325,2,喜山期|海西期,"{""喜山期"": 1408, ""海西期"": 1817}",0.7195848301737156,0.0,0.5,1.0,0.5268546905608005,True,0,M04970,52,T059,"POLYGON ((15418126.94 4980944.148, 15421126.94 4980944.148, 15421126.94 4977944.148, 15418126.94 4977944.148, 15418126.94 4980944.148))"
15422438.105,4979384.4325,2,喜山期|海西期,"{""喜山期"": 1457, ""海西期"": 1878}",0.7242227795901852,0.0,0.5,1.0,0.5284779728565648,True,0,M04971,52,T059,"POLYGON ((15421126.94 4980944.148, 15424126.94 4980944.148, 15424126.94 4977944.148, 15421126.94 4977944.148, 15421126.94 4980944.148))"
15425438.105,4979384.4325,2,喜山期|海西期,"{""喜山期"": 1506, ""海西期"": 1939}",0.7288046009120368,0.0,0.5,1.0,0.5300816103192129,True,0,M04972,52,T059,"POLYGON ((15424126.94 4980944.148, 15427126.94 4980944.148, 15427126.94 4977944.148, 15424126.94 4977944.148, 15424126.94 4980944.148))"
15428438.105,4979384.4325,2,喜山期|海西期,"{""喜山期"": 1555, ""海西期"": 2000}",0.7321763604024549,0.0,0.5,0.5,0.45626172614085925,True,0,M04973,52,T059,"POLYGON ((15427126.94 4980944.148, 15430126.94 4980944.148, 15430126.94 4977944.148, 15427126.94 4977944.148, 15427126.94 4980944.148))"
15431438.105,4979384.4325,2,喜山期|海西期,"{""喜山期"": 1604, ""海西期"": 2061}",0.7320582546351191,0.0,0.5,0.5,0.4562203891222917,True,0,M04974,49,T056,"POLYGON ((15430126.94 4980944.148, 15433126.94 4980944.148, 15433126.94 4977944.148, 15430126.94 4977944.148, 15430126.94 4980944.148))"
15434438.105,4979384.4325,2,喜山期|海西期,"{""喜山期"": 1653, ""海西期"": 2122}",0.7324544590945867,0.0,0.5,0.5,0.45635906068310533,True,0,M04975,49,T056,"POLYGON ((15433126.94 4980944.148, 15436126.94 4980944.148, 15436126.94 4977944.148, 15433126.94 4977944.148, 15433126.94 4980944.148))"
15437438.105,4979384.4325,2,喜山期|海西期,"{""喜山期"": 1702, ""海西期"": 2183}",0.7310832204951707,0.0,0.5,0.5,0.45587912717330975,True,0,M04976,49,T056,"POLYGON ((15436126.94 4980944.148, 15439126.94 4980944.148, 15439126.94 4977944.148, 15436126.94 4977944.148, 15436126.94 4980944.148))"
15440438.105,4979384.4325,2,喜山期|海西期,"{""喜山期"": 1751, ""海西期"": 2244}",0.7307797736312758,0.0,0.5,0.5,0.4557729207709465,True,0,M04977,49,T056,"POLYGON ((15439126.94 4980944.148, 15442126.94 4980944.148, 15442126.94 4977944.148, 15439126.94 4977944.148, 15439126.94 4980944.148))"
15443438.105,4979384.4325,2,喜山期|海西期,"{""喜山期"": 1800, ""海西期"": 2305}",0.8075327320205805,0.0,0.5,0.5,0.4826364562072032,True,0,M04978,51,T058,"POLYGON ((15442126.94 4980944.148, 15445126.94 4980944.148, 15445126.94 4977944.148, 15442126.94 4977944.148, 15442126.94 4980944.148))"
15446438.105,4979384.4325,2,喜山期|海西期,"{""喜山期"": 1849, ""海西期"": 2366}",0.7045513100020722,0.0,0.5,0.5,0.4465929585007253,True,0,M04979,51,T058,"POLYGON ((15445126.94 4980944.148, 15448126.94 4980944.148, 15448126.94 4977944.148, 15445126.94 4977944.148, 15445126.94 4980944.148))"
15419438.105,4976384.4325,2,喜山期|海西期,"{""喜山期"": 1409, ""海西期"": 1818}",0.7073413498418772,0.0,0.5,0.5,0.447569472444657,True,0,M05086,52,T059,"POLYGON ((15418126.94 4977944.148, 15421126.94 4977944.148, 15421126.94 4974944.148, 15418126.94 4974944.148, 15418126.94 4977944.148))"
15422438.105,4976384.4325,2,喜山期|海西期,"{""喜山期"": 1458, ""海西期"": 1879}",0.7096603245501122,0.0,0.5,0.5,0.44838111359253924,True,0,M05087,52,T059,"POLYGON ((15421126.94 4977944.148, 15424126.94 4977944.148, 15424126.94 4974944.148, 15421126.94 4974944.148, 15421126.94 4977944.148))"
15425438.105,4976384.4325,2,喜山期|海西期,"{""喜山期"": 1507, ""海西期"": 1940}",0.7116575376439749,0.0,0.5,0.5,0.4490801381753912,True,0,M05088,52,T059,"POLYGON ((15424126.94 4977944.148, 15427126.94 4977944.148, 15427126.94 4974944.148, 15424126.94 4974944.148, 15424126.94 4977944.148))"
15428438.105,4976384.4325,2,喜山期|海西期,"{""喜山期"": 1556, ""海西期"": 2001}",0.7128075716620571,0.0,0.5,0.5,0.44948265008172,True,0,M05089,52,T059,"POLYGON ((15427126.94 4977944.148, 15430126.94 4977944.148, 15430126.94 4974944.148, 15427126.94 4974944.148, 15427126.94 4977944.148))"
15431438.105,4976384.4325,2,喜山期|海西期,"{""喜山期"": 1605, ""海西期"": 2062}",0.7112307273562384,0.0,0.5,0.5,0.4489307545746834,True,0,M05090,52,T059,"POLYGON ((15430126.94 4977944.148, 15433126.94 4977944.148, 15433126.94 4974944.148, 15430126.94 4974944.148, 15430126.94 4977944.148))"
15434438.105,4976384.4325,2,喜山期|海西期,"{""喜山期"": 1654, ""海西期"": 2123}",0.7073068442948756,0.0,0.5,0.5,0.44755739550320645,True,0,M05091,49,T056,"POLYGON ((15433126.94 4977944.148, 15436126.94 4977944.148, 15436126.94 4974944.148, 15433126.94 4974944.148, 15433126.94 4977944.148))"
15437438.105,4976384.4325,2,喜山期|海西期,"{""喜山期"": 1703, ""海西期"": 2184}",0.7030781564318449,0.0,0.5,0.5,0.4460773547511457,True,0,M05092,49,T056,"POLYGON ((15436126.94 4977944.148, 15439126.94 4977944.148, 15439126.94 4974944.148, 15436126.94 4974944.148, 15436126.94 4977944.148))"
15440438.105,4976384.4325,2,喜山期|海西期,"{""喜山期"": 1752, ""海西期"": 2245}",0.7021912141525568,0.0,0.5,0.5,0.44576692495339487,True,0,M05093,51,T058,"POLYGON ((15439126.94 4977944.148, 15442126.94 4977944.148, 15442126.94 4974944.148, 15439126.94 4974944.148, 15439126.94 4977944.148))"
15443438.105,4976384.4325,2,喜山期|海西期,"{""喜山期"": 1801, ""海西期"": 2306}",0.7082931597640152,0.0,0.5,0.5,0.4479026059174053,True,0,M05094,51,T058,"POLYGON ((15442126.94 4977944.148, 15445126.94 4977944.148, 15445126.94 4974944.148, 15442126.94 4974944.148, 15442126.94 4977944.148))"
15446438.105,4976384.4325,2,喜山期|海西期,"{""喜山期"": 1850, ""海西期"": 2367}",0.6757871587236259,0.0,0.5,0.5,0.4365255055532691,True,0,M05095,51,T058,"POLYGON ((15445126.94 4977944.148, 15448126.94 4977944.148, 15448126.94 4974944.148, 15445126.94 4974944.148, 15445126.94 4977944.148))"
15419438.105,4973384.4325,2,喜山期|海西期,"{""喜山期"": 1410, ""海西期"": 1819}",0.6878452979589051,0.0,0.5,0.5,0.4407458542856168,True,0,M05202,52,T059,"POLYGON ((15418126.94 4974944.148, 15421126.94 4974944.148, 15421126.94 4971944.148, 15418126.94 4971944.148, 15418126.94 4974944.148))"
15422438.105,4973384.4325,2,喜山期|海西期,"{""喜山期"": 1459, ""海西期"": 1880}",0.6887185912226285,0.0,0.5,0.5,0.44105150692791995,True,0,M05203,52,T059,"POLYGON ((15421126.94 4974944.148, 15424126.94 4974944.148, 15424126.94 4971944.148, 15421126.94 4971944.148, 15421126.94 4974944.148))"
15425438.105,4973384.4325,2,喜山期|海西期,"{""喜山期"": 1508, ""海西期"": 1941}",0.6891186954008288,0.0,0.5,0.5,0.44119154339029004,True,0,M05204,52,T059,"POLYGON ((15424126.94 4974944.148, 15427126.94 4974944.148, 15427126.94 4971944.148, 15424126.94 4971944.148, 15424126.94 4974944.148))"
15428438.105,4973384.4325,2,喜山期|海西期,"{""喜山期"": 1557, ""海西期"": 2002}",0.6874073804365635,0.0,0.5,0.5,0.4405925831527972,True,0,M05205,52,T059,"POLYGON ((15427126.94 4974944.148, 15430126.94 4974944.148, 15430126.94 4971944.148, 15427126.94 4971944.148, 15427126.94 4974944.148))"
15431438.105,4973384.4325,2,喜山期|海西期,"{""喜山期"": 1606, ""海西期"": 2063}",0.682858880818527,0.0,0.5,0.5,0.4390006082864844,True,0,M05206,52,T059,"POLYGON ((15430126.94 4974944.148, 15433126.94 4974944.148, 15433126.94 4971944.148, 15430126.94 4971944.148, 15430126.94 4974944.148))"
15443438.105,4973384.4325,2,喜山期|海西期,"{""喜山期"": 1802, ""海西期"": 2307}",0.679801849521195,0.0,0.5,0.5,0.43793064733241827,True,0,M05210,51,T058,"POLYGON ((15442126.94 4974944.148, 15445126.94 4974944.148, 15445126.94 4971944.148, 15442126.94 4971944.148, 15442126.94 4974944.148))"
